ticker,side,quantity,fill_price,gross_value,fee_usd,cash_delta,cash_after,shares_after,date,signal_date,reason,target_weight,fill_mode
CHTR,BUY,12.0,397.739990234375,4772.8798828125,11.93219970703125,-4784.812082519531,95215.18791748046,12.0,2019-07-01,2019-06-28,target_rebalance,0.050632770181615,next_close
PYPL,BUY,44.0,114.04234313964844,5017.863098144531,12.544657745361329,-5030.4077558898925,90184.78016159058,44.0,2019-07-01,2019-06-28,target_rebalance,0.0506647833129939,next_close
STE,BUY,37.0,140.67189025878906,5204.859939575195,13.01214984893799,-5217.872089424133,84966.90807216645,37.0,2019-07-01,2019-06-28,target_rebalance,0.0529308435797392,next_close
BRKR,BUY,112.0,49.25894546508789,5517.001892089844,13.792504730224609,-5530.794396820068,79436.11367534638,112.0,2019-07-01,2019-06-28,target_rebalance,0.0551796288455115,next_close
MA,BUY,21.0,256.4799499511719,5386.078948974609,13.465197372436524,-5399.544146347046,74036.56952899933,21.0,2019-07-01,2019-06-28,target_rebalance,0.0560181492990433,next_close
TT,BUY,62.0,90.05274200439453,5583.270004272461,13.958175010681153,-5597.228179283142,68439.34134971618,62.0,2019-07-01,2019-06-28,target_rebalance,0.0563891014905111,next_close
SE,BUY,184.0,34.27000045776367,6305.680084228516,15.764200210571289,-6321.444284439087,62117.897065277095,184.0,2019-07-01,2019-06-28,target_rebalance,0.0630967921428971,next_close
CDNS,BUY,86.0,73.3499984741211,6308.099868774414,15.770249671936035,-6323.87011844635,55794.026946830745,86.0,2019-07-01,2019-06-28,target_rebalance,0.0637415923036715,next_close
TWLO,BUY,46.0,136.86000061035156,6295.560028076172,15.73890007019043,-6311.298928146362,49482.728018684385,46.0,2019-07-01,2019-06-28,target_rebalance,0.0640652216154601,next_close
RGEN,BUY,79.0,86.05000305175781,6797.950241088867,16.994875602722168,-6814.94511669159,42667.782901992796,79.0,2019-07-01,2019-06-28,target_rebalance,0.0683469760404108,next_close
HEI,BUY,53.0,131.7604522705078,6983.303970336914,17.458259925842285,-7000.762230262756,35667.02067173004,53.0,2019-07-01,2019-06-28,target_rebalance,0.0704831298174079,next_close
PAYC,BUY,33.0,221.28439331054688,7302.384979248047,18.25596244812012,-7320.640941696167,28346.37973003387,33.0,2019-07-01,2019-06-28,target_rebalance,0.0734981132266347,next_close
NOW,BUY,132.0,56.70199966430664,7484.663955688477,18.711659889221192,-7503.375615577697,20843.004114456173,132.0,2019-07-01,2019-06-28,target_rebalance,0.0752437356346335,next_close
ROKU,BUY,86.0,91.37000274658203,7857.820236206055,19.644550590515138,-7877.46478679657,12965.539327659604,86.0,2019-07-01,2019-06-28,target_rebalance,0.0790362028468091,next_close
MELI,BUY,14.0,619.3099975585938,8670.339965820312,21.67584991455078,-8692.015815734863,4273.523511924741,14.0,2019-07-01,2019-06-28,target_rebalance,0.0906729596626606,next_close
BRKR,SELL,112.0,45.58406066894531,5105.414794921875,12.763536987304688,5092.65125793457,9366.17476985931,0.0,2019-08-01,2019-07-31,target_exit,,next_close
CHTR,SELL,12.0,384.3800048828125,4612.56005859375,11.531400146484375,4601.028658447266,13967.203428306577,0.0,2019-08-01,2019-07-31,target_exit,,next_close
NOW,SELL,132.0,54.79999923706055,7233.599899291992,18.08399974822998,7215.515899543762,21182.71932785034,0.0,2019-08-01,2019-07-31,target_exit,,next_close
PYPL,SELL,44.0,109.84866333007812,4833.3411865234375,12.083352966308594,4821.257833557129,26003.97716140747,0.0,2019-08-01,2019-07-31,target_exit,,next_close
ROKU,SELL,86.0,100.84500122070312,8672.670104980469,21.681675262451172,8650.988429718018,34654.96559112549,0.0,2019-08-01,2019-07-31,target_exit,,next_close
STE,SELL,37.0,139.92108154296875,5177.080017089844,12.94270004272461,5164.137317047119,39819.10290817261,0.0,2019-08-01,2019-07-31,target_exit,,next_close
TT,SELL,62.0,85.84949493408203,5322.668685913086,13.306671714782714,5309.362014198303,45128.46492237091,0.0,2019-08-01,2019-07-31,target_exit,,next_close
SE,SELL,4.0,35.290000915527344,141.16000366210938,0.3529000091552734,140.8071036529541,45269.272026023864,180.0,2019-08-01,2019-07-31,target_rebalance,0.0627990973788055,next_close
RGEN,SELL,7.0,95.51000213623047,668.5700149536133,1.6714250373840331,666.8985899162293,45936.17061594009,72.0,2019-08-01,2019-07-31,target_rebalance,0.0671968039901471,next_close
TWLO,SELL,8.0,137.8300018310547,1102.6400146484375,2.756600036621094,1099.8834146118163,47036.05403055191,38.0,2019-08-01,2019-07-31,target_rebalance,0.0511279536242629,next_close
HEI,BUY,5.0,136.98123168945312,684.9061584472656,1.7122653961181642,-686.6184238433838,46349.435606708525,58.0,2019-08-01,2019-07-31,target_rebalance,0.0790916652907239,next_close
CDNS,BUY,10.0,73.04000091552734,730.4000091552734,1.8260000228881836,-732.2260091781616,45617.20959753036,96.0,2019-08-01,2019-07-31,target_rebalance,0.0697526615969045,next_close
PAYC,BUY,5.0,231.89044189453125,1159.4522094726562,2.8986305236816405,-1162.350839996338,44454.85875753402,38.0,2019-08-01,2019-07-31,target_rebalance,0.0890172079464719,next_close
MA,BUY,6.0,263.9049377441406,1583.4296264648438,3.9585740661621096,-1587.3882005310059,42867.47055700301,27.0,2019-08-01,2019-07-31,target_rebalance,0.0725611010641808,next_close
OLED,BUY,23.0,196.6540985107422,4523.04426574707,11.307610664367676,-4534.351876411438,38333.11868059158,23.0,2019-08-01,2019-07-31,target_rebalance,0.0463953767129905,next_close
EW,BUY,65.0,71.69000244140625,4659.850158691406,11.649625396728515,-4671.499784088135,33661.618896503445,65.0,2019-08-01,2019-07-31,target_rebalance,0.0464227042793033,next_close
MKTX,BUY,16.0,316.46807861328125,5063.4892578125,12.658723144531251,-5076.147980957031,28585.470915546415,16.0,2019-08-01,2019-07-31,target_rebalance,0.0526012646706696,next_close
EPAM,BUY,30.0,193.74000549316406,5812.200164794922,14.530500411987305,-5826.730665206909,22758.740250339506,30.0,2019-08-01,2019-07-31,target_rebalance,0.0581824484048849,next_close
V,BUY,35.0,170.4923858642578,5967.233505249023,14.918083763122558,-5982.151589012146,16776.58866132736,35.0,2019-08-01,2019-07-31,target_rebalance,0.0600328219366318,next_close
PODD,BUY,52.0,122.55999755859375,6373.119873046875,15.932799682617189,-6389.052672729492,10387.535988597869,52.0,2019-08-01,2019-07-31,target_rebalance,0.0639166391547243,next_close
SNPS,BUY,50.0,132.52000427246094,6626.000213623047,16.565000534057617,-6642.5652141571045,3744.970774440764,50.0,2019-08-01,2019-07-31,target_rebalance,0.0667372277829404,next_close
CDNS,SELL,96.0,68.13999938964844,6541.43994140625,16.353599853515625,6525.086341552735,10270.057115993499,0.0,2019-09-03,2019-08-30,target_exit,,next_close
EPAM,SELL,30.0,188.27000427246094,5648.100128173828,14.12025032043457,5633.979877853393,15904.036993846892,0.0,2019-09-03,2019-08-30,target_exit,,next_close
MELI,SELL,14.0,581.0,8134.0,20.335,8113.665,24017.70199384689,0.0,2019-09-03,2019-08-30,target_exit,,next_close
OLED,SELL,23.0,188.9732208251953,4346.384078979492,10.86596019744873,4335.5181187820435,28353.220112628936,0.0,2019-09-03,2019-08-30,target_exit,,next_close
RGEN,SELL,72.0,90.45999908447266,6513.119934082031,16.28279983520508,6496.837134246826,34850.05724687576,0.0,2019-09-03,2019-08-30,target_exit,,next_close
SE,SELL,180.0,30.8799991607666,5558.399848937988,13.895999622344972,5544.5038493156435,40394.561096191406,0.0,2019-09-03,2019-08-30,target_exit,,next_close
SNPS,SELL,50.0,139.27000427246094,6963.500213623047,17.408750534057617,6946.091463088989,47340.652559280396,0.0,2019-09-03,2019-08-30,target_exit,,next_close
TWLO,SELL,38.0,129.6999969482422,4928.599884033203,12.321499710083009,4916.27838432312,52256.93094360352,0.0,2019-09-03,2019-08-30,target_exit,,next_close
V,SELL,35.0,170.76699829101562,5976.844940185547,14.942112350463868,5961.902827835083,58218.8337714386,0.0,2019-09-03,2019-08-30,target_exit,,next_close
MA,SELL,1.0,269.63226318359375,269.63226318359375,0.6740806579589844,268.95818252563475,58487.79195396423,26.0,2019-09-03,2019-08-30,target_rebalance,0.0674699859539135,next_close
PAYC,SELL,3.0,238.11953735351562,714.3586120605469,1.7858965301513672,712.5727155303955,59200.36466949463,35.0,2019-09-03,2019-08-30,target_rebalance,0.0813311607716477,next_close
HEI,SELL,20.0,140.951416015625,2819.0283203125,7.0475708007812505,2811.980749511719,62012.34541900635,38.0,2019-09-03,2019-08-30,target_rebalance,0.0522706482954559,next_close
PODD,SELL,18.0,167.9499969482422,3023.0999450683594,7.5577498626708985,3015.5421952056886,65027.887614212035,34.0,2019-09-03,2019-08-30,target_rebalance,0.0552891545196041,next_close
MKTX,BUY,6.0,374.5086669921875,2247.052001953125,5.6176300048828125,-2252.669631958008,62775.21798225403,22.0,2019-09-03,2019-08-30,target_rebalance,0.0826593442560463,next_close
EW,BUY,54.0,72.87000274658203,3934.9801483154297,9.837450370788574,-3944.8175986862184,58830.40038356781,119.0,2019-09-03,2019-08-30,target_rebalance,0.0854791700590944,next_close
HUBS,BUY,26.0,197.83999633789062,5143.839904785156,12.85959976196289,-5156.699504547119,53673.70087902069,26.0,2019-09-03,2019-08-30,target_rebalance,0.0512494293638556,next_close
RGLD,BUY,41.0,126.48912048339844,5186.053939819336,12.96513484954834,-5199.019074668884,48474.68180435181,41.0,2019-09-03,2019-08-30,target_rebalance,0.0515887162850088,next_close
PG,BUY,53.0,102.34181213378906,5424.11604309082,13.56029010772705,-5437.676333198548,43037.00547115326,53.0,2019-09-03,2019-08-30,target_rebalance,0.0539950676357277,next_close
ROKU,BUY,37.0,156.8800048828125,5804.5601806640625,14.511400451660156,-5819.071581115722,37217.93389003754,37.0,2019-09-03,2019-08-30,target_rebalance,0.0568123468279358,next_close
AMT,BUY,33.0,195.95114135742188,6466.387664794922,16.165969161987306,-6482.553633956909,30735.38025608063,33.0,2019-09-03,2019-08-30,target_rebalance,0.06360169528175,next_close
EL,BUY,36.0,182.6626739501953,6575.856262207031,16.43964065551758,-6592.295902862549,24143.08435321808,36.0,2019-09-03,2019-08-30,target_rebalance,0.0643965904715049,next_close
BFAM,BUY,40.0,163.36000061035156,6534.4000244140625,16.336000061035158,-6550.736024475098,17592.348328742984,40.0,2019-09-03,2019-08-30,target_rebalance,0.064814934267638,next_close
RNG,BUY,48.0,140.3240203857422,6735.552978515625,16.838882446289062,-6752.391860961914,10839.95646778107,48.0,2019-09-03,2019-08-30,target_rebalance,0.0664247057475849,next_close
SBAC,BUY,30.0,242.78665161132812,7283.599548339844,18.20899887084961,-7301.808547210693,3538.147920570377,30.0,2019-09-03,2019-08-30,target_rebalance,0.0726170502632317,next_close
AMT,SELL,33.0,182.76840209960938,6031.357269287109,15.078393173217775,6016.278876113892,9554.426796684269,0.0,2019-10-01,2019-09-30,target_exit,,next_close
BFAM,SELL,40.0,151.8300018310547,6073.2000732421875,15.183000183105468,6058.017073059082,15612.44386974335,0.0,2019-10-01,2019-09-30,target_exit,,next_close
HEI,SELL,38.0,119.00623321533203,4522.236862182617,11.305592155456543,4510.93127002716,20123.375139770513,0.0,2019-10-01,2019-09-30,target_exit,,next_close
HUBS,SELL,26.0,150.75999450683594,3919.7598571777344,9.799399642944335,3909.96045753479,24033.335597305304,0.0,2019-10-01,2019-09-30,target_exit,,next_close
MA,SELL,26.0,260.8053283691406,6780.938537597656,16.95234634399414,6763.986191253662,30797.321788558966,0.0,2019-10-01,2019-09-30,target_exit,,next_close
MKTX,SELL,22.0,302.7009582519531,6659.421081542969,16.648552703857423,6642.772528839111,37440.09431739808,0.0,2019-10-01,2019-09-30,target_exit,,next_close
PAYC,SELL,35.0,202.70431518554688,7094.651031494141,17.73662757873535,7076.914403915405,44517.00872131348,0.0,2019-10-01,2019-09-30,target_exit,,next_close
RGLD,SELL,41.0,114.8603744506836,4709.275352478027,11.773188381195068,4697.5021640968325,49214.51088541032,0.0,2019-10-01,2019-09-30,target_exit,,next_close
RNG,SELL,48.0,123.18096160888672,5912.6861572265625,14.781715393066406,5897.904441833496,55112.41532724381,0.0,2019-10-01,2019-09-30,target_exit,,next_close
ROKU,SELL,37.0,102.4000015258789,3788.8000564575195,9.472000141143798,3779.3280563163758,58891.74338356019,0.0,2019-10-01,2019-09-30,target_exit,,next_close
SBAC,SELL,30.0,216.49630737304688,6494.889221191406,16.237223052978514,6478.651998138428,65370.39538169862,0.0,2019-10-01,2019-09-30,target_exit,,next_close
EL,SELL,9.0,180.611572265625,1625.504150390625,4.063760375976562,1621.4403900146485,66991.83577171326,27.0,2019-10-01,2019-09-30,target_rebalance,0.0514235538024581,next_close
EW,SELL,50.0,71.70333099365234,3585.166549682617,8.962916374206543,3576.2036333084106,70568.03940502167,69.0,2019-10-01,2019-09-30,target_rebalance,0.0537928847860617,next_close
PODD,BUY,8.0,162.8300018310547,1302.6400146484375,3.256600036621094,-1305.8966146850587,69262.14279033661,42.0,2019-10-01,2019-09-30,target_rebalance,0.0760096472915726,next_close
WRB,BUY,167.0,27.459823608398438,4585.790542602539,11.464476356506347,-4597.255018959046,64664.887771377566,167.0,2019-10-01,2019-09-30,target_rebalance,0.0502902004041432,next_close
CTAS,BUY,76.0,61.103633880615234,4643.876174926758,11.609690437316894,-4655.485865364075,60009.40190601349,76.0,2019-10-01,2019-09-30,target_rebalance,0.0513286253332514,next_close
SO,BUY,98.0,47.820640563964844,4686.422775268555,11.716056938171388,-4698.138832206726,55311.26307380676,98.0,2019-10-01,2019-09-30,target_rebalance,0.0517406154255562,next_close
LRCX,BUY,249.0,21.328521728515625,5310.801910400391,13.277004776000977,-5324.078915176392,49987.18415863037,249.0,2019-10-01,2019-09-30,target_rebalance,0.0582190942780073,next_close
ENTG,BUY,127.0,45.6153564453125,5793.1502685546875,14.482875671386719,-5807.633144226074,44179.55101440429,127.0,2019-10-01,2019-09-30,target_rebalance,0.0638038174636451,next_close
CPRT,BUY,295.0,19.88249969482422,5865.3374099731445,14.663343524932861,-5880.000753498078,38299.55026090622,295.0,2019-10-01,2019-09-30,target_rebalance,0.0641569337315517,next_close
NEE,BUY,122.0,49.0515251159668,5984.286064147949,14.960715160369872,-5999.246779308319,32300.303481597897,122.0,2019-10-01,2019-09-30,target_rebalance,0.0655076625323181,next_close
BLD,BUY,74.0,94.80000305175781,7015.200225830078,17.538000564575196,-7032.738226394653,25267.565255203244,74.0,2019-10-01,2019-09-30,target_rebalance,0.0770911404683546,next_close
MLM,BUY,28.0,255.9987030029297,7167.963684082031,17.919909210205077,-7185.883593292237,18081.681661911007,28.0,2019-10-01,2019-09-30,target_rebalance,0.0808968178535218,next_close
DG,BUY,51.0,144.71493530273438,7380.461700439453,18.451154251098632,-7398.912854690552,10682.768807220455,51.0,2019-10-01,2019-09-30,target_rebalance,0.0812147808427402,next_close
TER,BUY,136.0,56.52928161621094,7687.9822998046875,19.21995574951172,-7707.202255554199,2975.5665516662557,136.0,2019-10-01,2019-09-30,target_rebalance,0.0842665336798359,next_close
CTAS,SELL,76.0,62.61729049682617,4758.914077758789,11.897285194396973,4747.016792564392,7722.5833442306475,0.0,2019-11-01,2019-10-31,target_exit,,next_close
EL,SELL,27.0,170.84161376953125,4612.723571777344,11.53180892944336,4601.1917628479005,12323.775107078549,0.0,2019-11-01,2019-10-31,target_exit,,next_close
ENTG,SELL,127.0,47.02419662475586,5972.072971343994,14.930182428359986,5957.142788915634,18280.917895994182,0.0,2019-11-01,2019-10-31,target_exit,,next_close
EW,SELL,69.0,78.913330078125,5445.019775390625,13.612549438476563,5431.407225952148,23712.32512194633,0.0,2019-11-01,2019-10-31,target_exit,,next_close
MLM,SELL,28.0,251.5193634033203,7042.542175292969,17.606355438232423,7024.935819854736,30737.26094180107,0.0,2019-11-01,2019-10-31,target_exit,,next_close
NEE,SELL,122.0,49.82948684692383,6079.197395324707,15.197993488311768,6063.999401836395,36801.26034363746,0.0,2019-11-01,2019-10-31,target_exit,,next_close
PG,SELL,53.0,105.12574768066406,5571.664627075195,13.929161567687988,5557.735465507507,42358.995809144966,0.0,2019-11-01,2019-10-31,target_exit,,next_close
PODD,SELL,42.0,146.47999572753906,6152.159820556641,15.380399551391601,6136.779421005249,48495.77523015022,0.0,2019-11-01,2019-10-31,target_exit,,next_close
SO,SELL,98.0,48.11430740356445,4715.202125549316,11.788005313873292,4703.414120235443,53199.18935038566,0.0,2019-11-01,2019-10-31,target_exit,,next_close
TER,SELL,136.0,60.69286346435547,8254.229431152344,20.63557357788086,8233.593857574462,61432.78320796012,0.0,2019-11-01,2019-10-31,target_exit,,next_close
WRB,SELL,167.0,26.82651710510254,4480.028356552124,11.20007089138031,4468.828285660744,65901.61149362086,0.0,2019-11-01,2019-10-31,target_exit,,next_close
DG,SELL,9.0,145.78736877441406,1312.0863189697266,3.2802157974243165,1308.8061031723023,67210.41759679317,42.0,2019-11-01,2019-10-31,target_rebalance,0.0638693226437244,next_close
BLD,SELL,22.0,110.2699966430664,2425.939926147461,6.064849815368652,2419.8750763320922,69630.29267312525,52.0,2019-11-01,2019-10-31,target_rebalance,0.0603876031252161,next_close
CPRT,BUY,122.0,20.727500915527344,2528.755111694336,6.32188777923584,-2535.076999473572,67095.21567365168,417.0,2019-11-01,2019-10-31,target_rebalance,0.0920092102606974,next_close
LRCX,BUY,103.0,25.76012420654297,2653.292793273926,6.633231983184815,-2659.9260252571107,64435.289648394566,352.0,2019-11-01,2019-10-31,target_rebalance,0.0965080901983036,next_close
CRUS,BUY,63.0,72.43000030517578,4563.090019226074,11.407725048065187,-4574.497744274139,59860.79190412043,63.0,2019-11-01,2019-10-31,target_rebalance,0.0487278489351761,next_close
MA,BUY,17.0,268.9380798339844,4571.947357177734,11.429868392944336,-4583.377225570679,55277.41467854975,17.0,2019-11-01,2019-10-31,target_rebalance,0.0491216689292556,next_close
RMD,BUY,34.0,138.9565887451172,4724.524017333984,11.811310043334961,-4736.335327377319,50541.07935117243,34.0,2019-11-01,2019-10-31,target_rebalance,0.0508980231340348,next_close
LPX,BUY,187.0,27.048643112182617,5058.096261978149,12.645240654945374,-5070.741502633095,45470.33784853934,187.0,2019-11-01,2019-10-31,target_rebalance,0.0540666374683957,next_close
AZO,BUY,4.0,1156.280029296875,4625.1201171875,11.56280029296875,-4636.682917480469,40833.654931058874,4.0,2019-11-01,2019-10-31,target_rebalance,0.0554446885650878,next_close
KLAC,BUY,343.0,15.929218292236328,5463.721874237061,13.659304685592652,-5477.381178922653,35356.27375213622,343.0,2019-11-01,2019-10-31,target_rebalance,0.058219764272357,next_close
HD,BUY,27.0,201.11358642578125,5430.066833496094,13.575167083740235,-5443.642000579834,29912.631751556386,27.0,2019-11-01,2019-10-31,target_rebalance,0.0594155176975816,next_close
TAL,BUY,133.0,42.75,5685.75,14.214375,-5699.964375,24212.667376556386,133.0,2019-11-01,2019-10-31,target_rebalance,0.0604886138738762,next_close
COST,BUY,23.0,269.9421691894531,6208.669891357422,15.521674728393554,-6224.191566085816,17988.47581047057,23.0,2019-11-01,2019-10-31,target_rebalance,0.0685916454853303,next_close
AMD,BUY,202.0,34.88999938964844,7047.779876708984,17.619449691772463,-7065.399326400757,10923.076484069812,202.0,2019-11-01,2019-10-31,target_rebalance,0.0752376744232845,next_close
ROKU,BUY,49.0,146.5,7178.5,17.94625,-7196.44625,3726.630234069812,49.0,2019-11-01,2019-10-31,target_rebalance,0.0770136909876781,next_close
AMD,SELL,202.0,38.72999954223633,7823.459907531738,19.558649768829348,7803.901257762909,11530.53149183272,0.0,2019-12-02,2019-11-29,target_exit,,next_close
AZO,SELL,4.0,1177.6500244140625,4710.60009765625,11.776500244140625,4698.823597412109,16229.35508924483,0.0,2019-12-02,2019-11-29,target_exit,,next_close
BLD,SELL,52.0,107.69999694824219,5600.399841308594,14.000999603271485,5586.398841705322,21815.75393095015,0.0,2019-12-02,2019-11-29,target_exit,,next_close
COST,SELL,23.0,271.12738037109375,6235.929748535156,15.58982437133789,6220.339924163818,28036.09385511397,0.0,2019-12-02,2019-11-29,target_exit,,next_close
DG,SELL,42.0,141.0280303955078,5923.177276611328,14.80794319152832,5908.3693334198,33944.46318853377,0.0,2019-12-02,2019-11-29,target_exit,,next_close
HD,SELL,27.0,184.40350341796875,4978.894592285156,12.44723648071289,4966.447355804444,38910.910544338214,0.0,2019-12-02,2019-11-29,target_exit,,next_close
KLAC,SELL,343.0,14.951678276062012,5128.42564868927,12.821064121723175,5115.604584567547,44026.51512890576,0.0,2019-12-02,2019-11-29,target_exit,,next_close
LPX,SELL,187.0,26.399330139160156,4936.674736022949,12.341686840057374,4924.333049182892,48950.84817808865,0.0,2019-12-02,2019-11-29,target_exit,,next_close
RMD,SELL,34.0,140.82623291015625,4788.0919189453125,11.970229797363281,4776.121689147949,53726.9698672366,0.0,2019-12-02,2019-11-29,target_exit,,next_close
TAL,SELL,133.0,44.689998626708984,5943.769817352295,14.859424543380738,5928.910392808914,59655.88026004552,0.0,2019-12-02,2019-11-29,target_exit,,next_close
ROKU,SELL,5.0,136.07000732421875,680.3500366210938,1.7008750915527344,678.6491615295411,60334.529421575055,44.0,2019-12-02,2019-11-29,target_rebalance,0.0637058331680704,next_close
CPRT,SELL,90.0,21.989999771118164,1979.0999794006348,4.9477499485015874,1974.1522294521333,62308.68165102719,327.0,2019-12-02,2019-11-29,target_rebalance,0.0769759867877918,next_close
MA,BUY,3.0,276.0891418457031,828.2674255371094,2.0706685638427733,-830.3380941009522,61478.34355692624,20.0,2019-12-02,2019-11-29,target_rebalance,0.0601404203344445,next_close
CRUS,BUY,30.0,70.86000061035156,2125.800018310547,5.314500045776367,-2131.114518356323,59347.229038569916,93.0,2019-12-02,2019-11-29,target_rebalance,0.0713109312779795,next_close
PODD,BUY,22.0,181.89999389648438,4001.7998657226562,10.00449966430664,-4011.8043653869627,55335.424673182955,22.0,2019-12-02,2019-11-29,target_rebalance,0.0432034357530727,next_close
JBL,BUY,109.0,37.55632781982422,4093.63973236084,10.2340993309021,-4103.8738316917415,51231.55084149121,109.0,2019-12-02,2019-11-29,target_rebalance,0.0440361912062699,next_close
BIO,BUY,12.0,371.67999267578125,4460.159912109375,11.150399780273437,-4471.310311889649,46760.240529601564,12.0,2019-12-02,2019-11-29,target_rebalance,0.0498373946870175,next_close
DXCM,BUY,88.0,55.97999954223633,4926.239959716797,12.315599899291993,-4938.555559616088,41821.68496998548,88.0,2019-12-02,2019-11-29,target_rebalance,0.0534327417535049,next_close
BLDR,BUY,207.0,25.139999389648438,5203.979873657227,13.009949684143066,-5216.98982334137,36604.69514664411,207.0,2019-12-02,2019-11-29,target_rebalance,0.055997444099826,next_close
RH,BUY,26.0,199.25999450683594,5180.759857177734,12.951899642944337,-5193.711756820679,31410.983389823432,26.0,2019-12-02,2019-11-29,target_rebalance,0.0572128915638685,next_close
LULU,BUY,27.0,225.52999877929688,6089.309967041016,15.22327491760254,-6104.533241958618,25306.450147864813,27.0,2019-12-02,2019-11-29,target_rebalance,0.0675033449887542,next_close
PCTY,BUY,53.0,117.68000030517578,6237.040016174316,15.59260004043579,-6252.6326162147525,19053.81753165006,53.0,2019-12-02,2019-11-29,target_rebalance,0.06805482073686,next_close
AAPL,BUY,120.0,63.6181640625,7634.1796875,19.08544921875,-7653.26513671875,11400.55239493131,120.0,2019-12-02,2019-11-29,target_rebalance,0.0823919286956927,next_close
RNG,BUY,47.0,164.93231201171875,7751.818664550781,19.379546661376953,-7771.198211212159,3629.3541837191515,47.0,2019-12-02,2019-11-29,target_rebalance,0.0838648680087462,next_close
BIO,SELL,12.0,372.1600036621094,4465.9200439453125,11.16480010986328,4454.75524383545,8084.109427554601,0.0,2020-01-02,2019-12-31,target_exit,,next_close
BLDR,SELL,207.0,25.40999984741211,5259.869968414307,13.149674921035768,5246.720293493271,13330.829721047872,0.0,2020-01-02,2019-12-31,target_exit,,next_close
DXCM,SELL,88.0,54.845001220703125,4826.360107421875,12.065900268554687,4814.294207153321,18145.123928201192,0.0,2020-01-02,2019-12-31,target_exit,,next_close
JBL,SELL,109.0,40.7718391418457,4444.130466461182,11.110326166152955,4433.020140295029,22578.14406849622,0.0,2020-01-02,2019-12-31,target_exit,,next_close
LULU,SELL,27.0,233.4199981689453,6302.339950561523,15.75584987640381,6286.58410068512,28864.72816918134,0.0,2020-01-02,2019-12-31,target_exit,,next_close
MA,SELL,20.0,292.3960266113281,5847.9205322265625,14.619801330566407,5833.300730895996,34698.028900077334,0.0,2020-01-02,2019-12-31,target_exit,,next_close
PCTY,SELL,53.0,126.77999877929688,6719.339935302734,16.798349838256836,6702.541585464478,41400.570485541815,0.0,2020-01-02,2019-12-31,target_exit,,next_close
PODD,SELL,22.0,169.77000427246094,3734.9400939941406,9.337350234985351,3725.602743759155,45126.17322930097,0.0,2020-01-02,2019-12-31,target_exit,,next_close
ROKU,SELL,44.0,137.10000610351562,6032.4002685546875,15.081000671386718,6017.319267883301,51143.49249718427,0.0,2020-01-02,2019-12-31,target_exit,,next_close
RH,SELL,2.0,211.5,423.0,1.0575,421.9425,51565.43499718427,24.0,2020-01-02,2019-12-31,target_rebalance,0.0501500473713117,next_close
AAPL,SELL,17.0,72.3338623046875,1229.6756591796875,3.0741891479492187,1226.6014700317382,52792.03646721601,103.0,2020-01-02,2019-12-31,target_rebalance,0.074811224021774,next_close
RNG,SELL,19.0,172.6168212890625,3279.7196044921875,8.199299011230469,3271.520305480957,56063.55677269696,28.0,2020-01-02,2019-12-31,target_rebalance,0.0486540816603745,next_close
CPRT,BUY,29.0,23.3700008392334,677.7300243377686,1.6943250608444214,-679.424349398613,55384.132423298346,356.0,2020-01-02,2019-12-31,target_rebalance,0.0843367625029321,next_close
LRCX,BUY,28.0,27.696218490600586,775.4941177368164,1.938735294342041,-777.4328530311584,54606.699570267185,380.0,2020-01-02,2019-12-31,target_rebalance,0.106615850344991,next_close
CRUS,BUY,20.0,85.0,1700.0,4.25,-1704.25,52902.449570267185,113.0,2020-01-02,2019-12-31,target_rebalance,0.098127781479123,next_close
AMAT,BUY,82.0,58.6265869140625,4807.380126953125,12.018450317382813,-4819.398577270508,48083.05099299668,82.0,2020-01-02,2019-12-31,target_rebalance,0.0487683517577695,next_close
TGT,BUY,45.0,105.47500610351562,4746.375274658203,11.865938186645508,-4758.241212844849,43324.80978015183,45.0,2020-01-02,2019-12-31,target_rebalance,0.0489686469411313,next_close
SWKS,BUY,47.0,103.2007827758789,4850.436790466309,12.126091976165771,-4862.562882442475,38462.24689770935,47.0,2020-01-02,2019-12-31,target_rebalance,0.0495143744048376,next_close
MU,BUY,94.0,54.021141052246094,5077.987258911133,12.694968147277832,-5090.682227058411,33371.56467065094,94.0,2020-01-02,2019-12-31,target_rebalance,0.0514629157956652,next_close
QRVO,BUY,45.0,115.95999908447266,5218.1999588012695,13.045499897003173,-5231.245458698273,28140.319211952672,45.0,2020-01-02,2019-12-31,target_rebalance,0.0538988726387654,next_close
MCO,BUY,24.0,228.88417053222656,5493.2200927734375,13.733050231933595,-5506.953143005371,22633.3660689473,24.0,2020-01-02,2019-12-31,target_rebalance,0.057876189933495,next_close
PFGC,BUY,110.0,51.59000015258789,5674.900016784668,14.18725004196167,-5689.087266826629,16944.278802120672,110.0,2020-01-02,2019-12-31,target_rebalance,0.057876189933495,next_close
AMD,BUY,129.0,49.099998474121094,6333.899803161621,15.834749507904053,-6349.734552669525,10594.544249451148,129.0,2020-01-02,2019-12-31,target_rebalance,0.0643043980949397,next_close
TER,BUY,108.0,67.88063049316406,7331.108093261719,18.327770233154297,-7349.435863494873,3245.108385956275,108.0,2020-01-02,2019-12-31,target_rebalance,0.0746343131193944,next_close
AAPL,SELL,103.0,74.3351821899414,7656.523765563965,19.141309413909912,7637.382456150055,10882.49084210633,0.0,2020-02-03,2020-01-31,target_exit,,next_close
AMAT,SELL,82.0,56.2890625,4615.703125,11.5392578125,4604.1638671875,15486.65470929383,0.0,2020-02-03,2020-01-31,target_exit,,next_close
CRUS,SELL,113.0,77.19000244140625,8722.470275878906,21.806175689697266,8700.66410018921,24187.31880948304,0.0,2020-02-03,2020-01-31,target_exit,,next_close
MU,SELL,94.0,52.4509391784668,4930.388282775879,12.325970706939698,4918.062312068939,29105.381121551978,0.0,2020-02-03,2020-01-31,target_exit,,next_close
QRVO,SELL,45.0,107.55999755859375,4840.199890136719,12.100499725341797,4828.099390411377,33933.48051196335,0.0,2020-02-03,2020-01-31,target_exit,,next_close
RH,SELL,24.0,208.6199951171875,5006.8798828125,12.517199707031251,4994.362683105469,38927.843195068825,0.0,2020-02-03,2020-01-31,target_exit,,next_close
SWKS,SELL,47.0,97.56869506835938,4585.728668212891,11.464321670532227,4574.264346542358,43502.107541611185,0.0,2020-02-03,2020-01-31,target_exit,,next_close
TER,SELL,108.0,66.04918670654297,7133.312164306641,17.8332804107666,7115.478883895874,50617.58642550706,0.0,2020-02-03,2020-01-31,target_exit,,next_close
TGT,SELL,45.0,94.13018035888672,4235.858116149902,10.589645290374756,4225.268470859528,54842.85489636659,0.0,2020-02-03,2020-01-31,target_exit,,next_close
MCO,SELL,1.0,247.14984130859375,247.14984130859375,0.6178746032714844,246.53196670532228,55089.38686307191,23.0,2020-02-03,2020-01-31,target_rebalance,0.0554510699948982,next_close
PFGC,SELL,10.0,52.36000061035156,523.6000061035156,1.309000015258789,522.2910060882568,55611.677869160165,100.0,2020-02-03,2020-01-31,target_rebalance,0.0531831305599752,next_close
LRCX,SELL,91.0,28.67710304260254,2609.616376876831,6.5240409421920775,2603.092335934639,58214.77020509481,289.0,2020-02-03,2020-01-31,target_rebalance,0.0842654438300039,next_close
AMD,BUY,9.0,48.02000045776367,432.18000411987305,1.0804500102996826,-433.2604541301727,57781.50975096464,138.0,2020-02-03,2020-01-31,target_rebalance,0.0674677918528004,next_close
CPRT,BUY,49.0,25.200000762939453,1234.8000373840332,3.087000093460083,-1237.8870374774933,56543.622713487144,405.0,2020-02-03,2020-01-31,target_rebalance,0.1039992919915481,next_close
SHOP,BUY,94.0,46.93899917602539,4412.265922546387,11.030664806365968,-4423.296587352753,52120.326126134394,94.0,2020-02-03,2020-01-31,target_rebalance,0.0452906455789439,next_close
RMD,BUY,29.0,154.18019104003906,4471.225540161133,11.178063850402832,-4482.403604011535,47637.922522122855,29.0,2020-02-03,2020-01-31,target_rebalance,0.0457277059720708,next_close
RNG,BUY,22.0,205.07901000976562,4511.738220214844,11.27934555053711,-4523.017565765381,43114.90495635747,50.0,2020-02-03,2020-01-31,target_rebalance,0.1051172220057692,next_close
MSCI,BUY,16.0,273.6690368652344,4378.70458984375,10.946761474609374,-4389.651351318359,38725.25360503911,16.0,2020-02-03,2020-01-31,target_rebalance,0.0468572527813298,next_close
NVDA,BUY,788.0,5.974245071411133,4707.705116271973,11.769262790679932,-4719.474379062653,34005.77922597646,788.0,2020-02-03,2020-01-31,target_rebalance,0.0478884298491211,next_close
ADBE,BUY,14.0,358.0,5012.0,12.530000000000001,-5024.53,28981.249225976462,14.0,2020-02-03,2020-01-31,target_rebalance,0.0515713924777843,next_close
TSLA,BUY,102.0,52.0,5304.0,13.26,-5317.26,23663.98922597646,102.0,2020-02-03,2020-01-31,target_rebalance,0.0541322809215196,next_close
DXCM,BUY,91.0,59.272499084472656,5393.797416687012,13.48449354171753,-5407.281910228729,18256.70731574773,91.0,2020-02-03,2020-01-31,target_rebalance,0.0551800264739768,next_close
FICO,BUY,15.0,415.8299865722656,6237.449798583984,15.593624496459961,-6253.043423080444,12003.663892667288,15.0,2020-02-03,2020-01-31,target_rebalance,0.0651596814258621,next_close
PCTY,BUY,60.0,144.1199951171875,8647.19970703125,21.617999267578124,-8668.817706298829,3334.846186368459,60.0,2020-02-03,2020-01-31,target_rebalance,0.0887086342843958,next_close
CPRT,SELL,405.0,21.672500610351562,8777.362747192383,21.943406867980958,8755.419340324403,12090.265526692861,0.0,2020-03-02,2020-02-28,target_exit,,next_close
FICO,SELL,15.0,387.05999755859375,5805.899963378906,14.514749908447266,5791.385213470459,17881.65074016332,0.0,2020-03-02,2020-02-28,target_exit,,next_close
MCO,SELL,23.0,246.24624633789062,5663.663665771484,14.159159164428711,5649.504506607056,23531.155246770377,0.0,2020-03-02,2020-02-28,target_exit,,next_close
PCTY,SELL,60.0,133.22000122070312,7993.2000732421875,19.98300018310547,7973.217073059082,31504.37231982946,0.0,2020-03-02,2020-02-28,target_exit,,next_close
PFGC,SELL,100.0,43.209999084472656,4320.999908447266,10.802499771118164,4310.1974086761475,35814.56972850561,0.0,2020-03-02,2020-02-28,target_exit,,next_close
RMD,SELL,29.0,159.839599609375,4635.348388671875,11.588370971679687,4623.760017700195,40438.3297462058,0.0,2020-03-02,2020-02-28,target_exit,,next_close
SHOP,SELL,94.0,48.84000015258789,4590.960014343262,11.477400035858155,4579.482614307403,45017.812360513206,0.0,2020-03-02,2020-02-28,target_exit,,next_close
DXCM,SELL,7.0,71.43250274658203,500.0275192260742,1.2500687980651857,498.77745042800905,45516.589810941216,84.0,2020-03-02,2020-02-28,target_rebalance,0.0605757761459586,next_close
LRCX,SELL,39.0,27.92307472229004,1088.9999141693115,2.722499785423279,1086.2774143838883,46602.867225325106,250.0,2020-03-02,2020-02-28,target_rebalance,0.0708024763023077,next_close
RNG,SELL,11.0,239.09605407714844,2630.056594848633,6.5751414871215825,2623.4814533615113,49226.34867868662,39.0,2020-03-02,2020-02-28,target_rebalance,0.0929257964134454,next_close
AMD,BUY,6.0,47.459999084472656,284.75999450683594,0.7118999862670898,-285.47189449310304,48940.87678419352,144.0,2020-03-02,2020-02-28,target_rebalance,0.0695174318794134,next_close
MSCI,BUY,7.0,295.6705322265625,2069.6937255859375,5.174234313964844,-2074.8679598999024,46866.00882429362,23.0,2020-03-02,2020-02-28,target_rebalance,0.0696486896871161,next_close
TSLA,BUY,52.0,49.574668884277344,2577.882781982422,6.444706954956055,-2584.327488937378,44281.68133535624,154.0,2020-03-02,2020-02-28,target_rebalance,0.0780284530605516,next_close
NVDA,BUY,394.0,6.875746250152588,2709.0440225601196,6.772610056400299,-2715.81663261652,41565.86470273972,1182.0,2020-03-02,2020-02-28,target_rebalance,0.0826469382235119,next_close
Z,BUY,86.0,54.400001525878906,4678.400131225586,11.696000328063965,-4690.09613155365,36875.76857118607,86.0,2020-03-02,2020-02-28,target_rebalance,0.0475815317309661,next_close
TYL,BUY,14.0,331.6600036621094,4643.240051269531,11.60810012817383,-4654.848151397705,32220.920419788363,14.0,2020-03-02,2020-02-28,target_rebalance,0.0500272065282426,next_close
JD,BUY,144.0,37.9381103515625,5463.087890625,13.657719726562501,-5476.745610351562,26744.1748094368,144.0,2020-03-02,2020-02-28,target_rebalance,0.0555706282605077,next_close
GPN,BUY,30.0,182.1016082763672,5463.048248291016,13.65762062072754,-5476.705868911743,21267.468940525057,30.0,2020-03-02,2020-02-28,target_rebalance,0.0558054748167087,next_close
AMAT,BUY,98.0,56.88246154785156,5574.481231689453,13.936203079223633,-5588.417434768677,15679.05150575638,98.0,2020-03-02,2020-02-28,target_rebalance,0.0572547152981539,next_close
CHTR,BUY,11.0,497.1300048828125,5468.4300537109375,13.671075134277345,-5482.101128845215,10196.950376911165,11.0,2020-03-02,2020-02-28,target_rebalance,0.0590545968843248,next_close
NOW,BUY,95.0,68.87999725341797,6543.599739074707,16.35899934768677,-6559.958738422394,3636.991638488771,95.0,2020-03-02,2020-02-28,target_rebalance,0.0668217683702137,next_close
AMAT,SELL,98.0,40.941001892089844,4012.2181854248047,10.030545463562012,4002.187639961243,7639.179278450014,0.0,2020-04-01,2020-03-31,target_exit,,next_close
CHTR,SELL,11.0,424.0299987792969,4664.329986572266,11.660824966430665,4652.669161605835,12291.848440055848,0.0,2020-04-01,2020-03-31,target_exit,,next_close
GPN,SELL,30.0,126.13455200195312,3784.0365600585938,9.460091400146485,3774.576468658447,16066.424908714296,0.0,2020-04-01,2020-03-31,target_exit,,next_close
MSCI,SELL,23.0,254.20565795898438,5846.730133056641,14.616825332641602,5832.113307723999,21898.538216438297,0.0,2020-04-01,2020-03-31,target_exit,,next_close
TYL,SELL,14.0,291.5799865722656,4082.1198120117188,10.205299530029297,4071.9145124816896,25970.452728919987,0.0,2020-04-01,2020-03-31,target_exit,,next_close
Z,SELL,86.0,31.440000534057617,2703.840045928955,6.759600114822388,2697.080445814133,28667.53317473412,0.0,2020-04-01,2020-03-31,target_exit,,next_close
AMD,SELL,5.0,43.65999984741211,218.29999923706055,0.5457499980926513,217.7542492389679,28885.287423973088,139.0,2020-04-01,2020-03-31,target_rebalance,0.0750584377200131,next_close
NOW,SELL,9.0,54.61399841308594,491.52598571777344,1.2288149642944337,490.297170753479,29375.584594726566,86.0,2020-04-01,2020-03-31,target_rebalance,0.0581609991027349,next_close
NVDA,SELL,87.0,6.045971393585205,525.9995112419128,1.314998778104782,524.684512463808,29900.269107190376,1095.0,2020-04-01,2020-03-31,target_rebalance,0.0823113353113435,next_close
DXCM,SELL,11.0,63.70249938964844,700.7274932861328,1.751818733215332,698.9756745529174,30599.24478174329,73.0,2020-04-01,2020-03-31,target_rebalance,0.0573650612818677,next_close
LRCX,SELL,53.0,20.888591766357422,1107.0953636169434,2.7677384090423582,1104.327625207901,31703.572406951193,197.0,2020-04-01,2020-03-31,target_rebalance,0.050945505913435,next_close
RNG,SELL,11.0,209.97274780273438,2309.700225830078,5.774250564575196,2303.925975265503,34007.4983822167,28.0,2020-04-01,2020-03-31,target_rebalance,0.0729989075731051,next_close
TSLA,BUY,18.0,32.104000091552734,577.8720016479492,1.444680004119873,-579.3166816520691,33428.18170056463,172.0,2020-04-01,2020-03-31,target_rebalance,0.068882993327731,next_close
JD,BUY,23.0,35.84406661987305,824.4135322570801,2.0610338306427,-826.4745660877228,32601.707134476907,167.0,2020-04-01,2020-03-31,target_rebalance,0.0744978193486226,next_close
VEEV,BUY,29.0,153.50999450683594,4451.789840698242,11.129474601745606,-4462.919315299988,28138.78781917692,29.0,2020-04-01,2020-03-31,target_rebalance,0.0558641599104976,next_close
MSFT,BUY,32.0,144.17803955078125,4613.697265625,11.5342431640625,-4625.231508789063,23513.556310387856,32.0,2020-04-01,2020-03-31,target_rebalance,0.05808495923624,next_close
RGEN,BUY,53.0,94.33000183105469,4999.490097045898,12.498725242614746,-5011.988822288513,18501.567488099343,53.0,2020-04-01,2020-03-31,target_rebalance,0.0622229455606048,next_close
MRNA,BUY,173.0,29.670000076293945,5132.9100131988525,12.832275032997131,-5145.74228823185,13355.825199867493,173.0,2020-04-01,2020-03-31,target_rebalance,0.0642053913031954,next_close
DOCU,BUY,58.0,92.08999633789062,5341.219787597656,13.353049468994142,-5354.57283706665,8001.252362800843,58.0,2020-04-01,2020-03-31,target_rebalance,0.0669106074791706,next_close
VRTX,BUY,25.0,225.47999572753906,5636.999893188477,14.092499732971191,-5651.092392921448,2350.1599698793952,25.0,2020-04-01,2020-03-31,target_rebalance,0.0710100453838896,next_close
ADBE,SELL,14.0,343.8399963378906,4813.759948730469,12.034399871826173,4801.7255488586425,7151.885518738038,0.0,2020-05-01,2020-04-30,target_exit,,next_close
DOCU,SELL,58.0,103.5199966430664,6004.159805297852,15.010399513244629,5989.149405784607,13141.034924522644,0.0,2020-05-01,2020-04-30,target_exit,,next_close
JD,SELL,167.0,36.255863189697266,6054.729152679443,15.136822881698608,6039.592329797745,19180.62725432039,0.0,2020-05-01,2020-04-30,target_exit,,next_close
LRCX,SELL,197.0,21.98198699951172,4330.451438903809,10.826128597259522,4319.625310306549,23500.25256462694,0.0,2020-05-01,2020-04-30,target_exit,,next_close
MSFT,SELL,32.0,165.4668426513672,5294.93896484375,13.237347412109376,5281.70161743164,28781.95418205858,0.0,2020-05-01,2020-04-30,target_exit,,next_close
NOW,SELL,86.0,67.9020004272461,5839.572036743164,14.59893009185791,5824.973106651306,34606.927288709885,0.0,2020-05-01,2020-04-30,target_exit,,next_close
TSLA,SELL,172.0,46.75466537475586,8041.802444458008,20.10450611114502,8021.697938346862,42628.62522705675,0.0,2020-05-01,2020-04-30,target_exit,,next_close
NVDA,SELL,28.0,7.033691883087158,196.94337272644043,0.49235843181610106,196.45101429462431,42825.07624135137,1067.0,2020-05-01,2020-04-30,target_rebalance,0.078434319009811,next_close
AMD,SELL,7.0,49.880001068115234,349.16000747680664,0.8729000186920166,348.28710745811463,43173.363348809486,132.0,2020-05-01,2020-04-30,target_rebalance,0.0688133174746948,next_close
RGEN,SELL,4.0,112.91000366210938,451.6400146484375,1.1291000366210937,450.5109146118164,43623.874263421305,49.0,2020-05-01,2020-04-30,target_rebalance,0.0570664389615487,next_close
VRTX,SELL,4.0,254.89999389648438,1019.5999755859375,2.548999938964844,1017.0509756469727,44640.925239068274,21.0,2020-05-01,2020-04-30,target_rebalance,0.0545635416040582,next_close
MRNA,SELL,39.0,47.93000030517578,1869.2700119018555,4.673175029754638,1864.5968368721008,46505.522075940375,134.0,2020-05-01,2020-04-30,target_rebalance,0.0668483695253105,next_close
DXCM,BUY,7.0,85.37999725341797,597.6599807739258,1.4941499519348145,-599.1541307258606,45906.367945214515,80.0,2020-05-01,2020-04-30,target_rebalance,0.0721802291292763,next_close
VEEV,BUY,5.0,187.77000427246094,938.8500213623047,2.3471250534057617,-941.1971464157104,44965.170798798805,34.0,2020-05-01,2020-04-30,target_rebalance,0.0685188618042468,next_close
DG,BUY,33.0,158.40821838378906,5227.471206665039,13.068678016662599,-5240.539884681702,39724.6309141171,33.0,2020-05-01,2020-04-30,target_rebalance,0.0550520977830758,next_close
MSCI,BUY,18.0,299.80291748046875,5396.4525146484375,13.491131286621094,-5409.943645935058,34314.68726818204,18.0,2020-05-01,2020-04-30,target_rebalance,0.0569897689707596,next_close
BIO,BUY,12.0,431.7900085449219,5181.4801025390625,12.953700256347657,-5194.43380279541,29120.253465386628,12.0,2020-05-01,2020-04-30,target_rebalance,0.0576816542745811,next_close
CHTR,BUY,11.0,509.6400146484375,5606.0401611328125,14.015100402832031,-5620.055261535645,23500.19820385098,11.0,2020-05-01,2020-04-30,target_rebalance,0.0622005678124437,next_close
CNC,BUY,97.0,64.97000122070312,6302.090118408203,15.755225296020509,-6317.8453437042235,17182.35286014676,97.0,2020-05-01,2020-04-30,target_rebalance,0.0661859449279739,next_close
AMZN,BUY,57.0,114.302001953125,6515.214111328125,16.28803527832031,-6531.502146606445,10650.850713540312,57.0,2020-05-01,2020-04-30,target_rebalance,0.0690240294924863,next_close
SE,BUY,130.0,54.779998779296875,7121.399841308594,17.803499603271487,-7139.203340911865,3511.6473726284476,130.0,2020-05-01,2020-04-30,target_rebalance,0.0744403091921837,next_close
AMZN,SELL,57.0,123.552001953125,7042.464111328125,17.606160278320313,7024.857951049805,10536.505323678251,0.0,2020-06-01,2020-05-29,target_exit,,next_close
BIO,SELL,12.0,492.4200134277344,5909.0401611328125,14.772600402832031,5894.267560729981,16430.77288440823,0.0,2020-06-01,2020-05-29,target_exit,,next_close
CHTR,SELL,11.0,541.2999877929688,5954.299865722656,14.88574966430664,5939.4141160583495,22370.18700046658,0.0,2020-06-01,2020-05-29,target_exit,,next_close
CNC,SELL,97.0,65.69999694824219,6372.899703979492,15.932249259948732,6356.967454719544,28727.154455186123,0.0,2020-06-01,2020-05-29,target_exit,,next_close
DG,SELL,33.0,175.34783935546875,5786.478698730469,14.466196746826173,5772.012501983642,34499.166957169764,0.0,2020-06-01,2020-05-29,target_exit,,next_close
MRNA,SELL,134.0,62.18000030517578,8332.120040893555,20.83030010223389,8311.28974079132,42810.45669796108,0.0,2020-06-01,2020-05-29,target_exit,,next_close
MSCI,SELL,18.0,314.89971923828125,5668.1949462890625,14.170487365722657,5654.02445892334,48464.48115688442,0.0,2020-06-01,2020-05-29,target_exit,,next_close
RGEN,SELL,49.0,129.9600067138672,6368.040328979492,15.920100822448731,6352.120228157043,54816.60138504147,0.0,2020-06-01,2020-05-29,target_exit,,next_close
RNG,SELL,28.0,278.4353942871094,7796.1910400390625,19.490477600097655,7776.700562438965,62593.30194748043,0.0,2020-06-01,2020-05-29,target_exit,,next_close
DXCM,SELL,3.0,94.67500305175781,284.02500915527344,0.7100625228881836,283.3149466323853,62876.61689411282,77.0,2020-06-01,2020-05-29,target_rebalance,0.0655905947584721,next_close
VEEV,SELL,5.0,218.9600067138672,1094.800033569336,2.73700008392334,1092.0630334854127,63968.679927598234,29.0,2020-06-01,2020-05-29,target_rebalance,0.0562326630078312,next_close
SE,SELL,29.0,82.47000122070312,2391.6300354003906,5.979075088500977,2385.65096031189,66354.33088791012,101.0,2020-06-01,2020-05-29,target_rebalance,0.0747938430189685,next_close
AMD,BUY,1.0,53.630001068115234,53.630001068115234,0.1340750026702881,-53.76407607078552,66300.56681183934,133.0,2020-06-01,2020-05-29,target_rebalance,0.0644118273853484,next_close
NVDA,BUY,39.0,8.761646270751953,341.7042045593262,0.8542605113983155,-342.5584650707245,65958.0083467686,1106.0,2020-06-01,2020-05-29,target_rebalance,0.0875477801962102,next_close
VRTX,BUY,2.0,286.6400146484375,573.280029296875,1.4332000732421875,-574.7132293701172,65383.29511739849,23.0,2020-06-01,2020-05-29,target_rebalance,0.0600378025166548,next_close
CIEN,BUY,106.0,56.0,5936.0,14.84,-5950.84,59432.455117398495,106.0,2020-06-01,2020-05-29,target_rebalance,0.0538020790437318,next_close
TYL,BUY,16.0,375.8500061035156,6013.60009765625,15.034000244140625,-6028.634097900391,53403.82101949811,16.0,2020-06-01,2020-05-29,target_rebalance,0.0547305644374439,next_close
WST,BUY,29.0,208.93582153320312,6059.138824462891,15.147847061157227,-6074.286671524048,47329.53434797406,29.0,2020-06-01,2020-05-29,target_rebalance,0.055629383416164,next_close
INTC,BUY,113.0,55.14466857910156,6231.347549438477,15.578368873596192,-6246.925918312073,41082.60842966199,113.0,2020-06-01,2020-05-29,target_rebalance,0.0566872578446548,next_close
AAPL,BUY,84.0,77.90602111816406,6544.105773925781,16.360264434814454,-6560.466038360596,34522.14239130139,84.0,2020-06-01,2020-05-29,target_rebalance,0.0592202428892708,next_close
ADBE,BUY,17.0,389.67999267578125,6624.559875488281,16.561399688720705,-6641.121275177002,27881.021116124393,17.0,2020-06-01,2020-05-29,target_rebalance,0.0617293410207552,next_close
NOW,BUY,101.0,76.67400360107422,7744.074363708496,19.36018590927124,-7763.4345496177675,20117.586566506627,101.0,2020-06-01,2020-05-29,target_rebalance,0.0703702491516357,next_close
PDD,BUY,122.0,65.76000213623047,8022.720260620117,20.056800651550294,-8042.777061271668,12074.80950523496,122.0,2020-06-01,2020-05-29,target_rebalance,0.0728446194352176,next_close
DOCU,BUY,57.0,147.22000122070312,8391.540069580078,20.978850173950196,-8412.518919754028,3662.2905854809324,57.0,2020-06-01,2020-05-29,target_rebalance,0.0763717518776403,next_close
AAPL,SELL,84.0,88.13536071777344,7403.370300292969,18.50842575073242,7384.861874542236,11047.152460023168,0.0,2020-07-01,2020-06-30,target_exit,,next_close
ADBE,SELL,17.0,439.80999755859375,7476.769958496094,18.691924896240234,7458.078033599853,18505.23049362302,0.0,2020-07-01,2020-06-30,target_exit,,next_close
AMD,SELL,133.0,52.58000183105469,6993.140243530273,17.482850608825682,6975.657392921447,25480.887886544468,0.0,2020-07-01,2020-06-30,target_exit,,next_close
CIEN,SELL,106.0,53.59000015258789,5680.540016174316,14.201350040435791,5666.338666133881,31147.22655267835,0.0,2020-07-01,2020-06-30,target_exit,,next_close
INTC,SELL,113.0,52.42576599121094,5924.111557006836,14.81027889251709,5909.301278114319,37056.527830792664,0.0,2020-07-01,2020-06-30,target_exit,,next_close
TYL,SELL,16.0,350.32000732421875,5605.1201171875,14.01280029296875,5591.107316894531,42647.63514768719,0.0,2020-07-01,2020-06-30,target_exit,,next_close
VEEV,SELL,29.0,242.22000122070312,7024.380035400391,17.560950088500977,7006.8190853118895,49654.45423299908,0.0,2020-07-01,2020-06-30,target_exit,,next_close
NOW,SELL,2.0,83.35800170898438,166.71600341796875,0.4167900085449219,166.29921340942383,49820.753446408504,99.0,2020-07-01,2020-06-30,target_rebalance,0.0678486352463035,next_close
NVDA,SELL,81.0,9.486056327819824,768.3705625534058,1.9209264063835145,766.4496361470223,50587.20308255553,1025.0,2020-07-01,2020-06-30,target_rebalance,0.0799958033063814,next_close
PDD,SELL,17.0,85.44999694824219,1452.6499481201172,3.631624870300293,1449.0183232498168,52036.22140580534,105.0,2020-07-01,2020-06-30,target_rebalance,0.0734981554893852,next_close
DOCU,SELL,13.0,178.9600067138672,2326.4800872802734,5.816200218200684,2320.6638870620727,54356.88529286742,44.0,2020-07-01,2020-06-30,target_rebalance,0.0646874324708034,next_close
SE,SELL,35.0,114.45999908447266,4006.099967956543,10.015249919891358,3996.084718036652,58352.97001090407,66.0,2020-07-01,2020-06-30,target_rebalance,0.0619930404109718,next_close
DXCM,BUY,1.0,100.05249786376953,100.05249786376953,0.2501312446594238,-100.30262910842896,58252.66738179564,78.0,2020-07-01,2020-06-30,target_rebalance,0.0644074222700681,next_close
WST,BUY,1.0,221.59170532226562,221.59170532226562,0.553979263305664,-222.1456845855713,58030.52169721007,30.0,2020-07-01,2020-06-30,target_rebalance,0.0548421098283567,next_close
VRTX,BUY,1.0,286.2799987792969,286.2799987792969,0.7156999969482422,-286.9956987762451,57743.525998433826,24.0,2020-07-01,2020-06-30,target_rebalance,0.0570767252811222,next_close
XYZ,BUY,55.0,115.9000015258789,6374.50008392334,15.93625020980835,-6390.436334133148,51353.08966430068,55.0,2020-07-01,2020-06-30,target_rebalance,0.0529415370660647,next_close
MELI,BUY,6.0,977.1400146484375,5862.840087890625,14.657100219726562,-5877.497188110352,45475.59247619033,6.0,2020-07-01,2020-06-30,target_rebalance,0.0545475325154886,next_close
TSLA,BUY,92.0,74.64199829101562,6867.0638427734375,17.167659606933594,-6884.231502380371,38591.36097380996,92.0,2020-07-01,2020-06-30,target_rebalance,0.0568137208900838,next_close
ETSY,BUY,69.0,111.20999908447266,7673.489936828613,19.183724842071534,-7692.673661670685,30898.68731213928,69.0,2020-07-01,2020-06-30,target_rebalance,0.0639686333359387,next_close
TWLO,BUY,36.0,227.77000427246094,8199.720153808594,20.499300384521487,-8220.219454193115,22678.46785794616,36.0,2020-07-01,2020-06-30,target_rebalance,0.0690431849220874,next_close
MRNA,BUY,138.0,61.59000015258789,8499.420021057129,21.248550052642823,-8520.668571109773,14157.799286836389,138.0,2020-07-01,2020-06-30,target_rebalance,0.0703316445958072,next_close
ZM,BUY,36.0,259.1300048828125,9328.68017578125,23.321700439453124,-9352.001876220704,4805.797410615685,36.0,2020-07-01,2020-06-30,target_rebalance,0.0780044223711364,next_close
ETSY,SELL,69.0,126.62000274658203,8736.78018951416,21.8419504737854,8714.938239040375,13520.73564965606,0.0,2020-08-03,2020-07-31,target_exit,,next_close
NOW,SELL,99.0,87.99199676513672,8711.207679748535,21.77801919937134,8689.429660549164,22210.165310205222,0.0,2020-08-03,2020-07-31,target_exit,,next_close
VRTX,SELL,24.0,279.5199890136719,6708.479736328125,16.771199340820313,6691.708536987305,28901.873847192528,0.0,2020-08-03,2020-07-31,target_exit,,next_close
XYZ,SELL,55.0,134.8000030517578,7414.00016784668,18.5350004196167,7395.465167427063,36297.33901461959,0.0,2020-08-03,2020-07-31,target_exit,,next_close
TSLA,SELL,14.0,99.0,1386.0,3.465,1382.535,37679.87401461959,78.0,2020-08-03,2020-07-31,target_rebalance,0.0545467091089051,next_close
MRNA,SELL,57.0,77.9800033569336,4444.860191345215,11.112150478363038,4433.748040866852,42113.62205548644,81.0,2020-08-03,2020-07-31,target_rebalance,0.0447793760037655,next_close
PDD,BUY,1.0,96.02999877929688,96.02999877929688,0.2400749969482422,-96.27007377624511,42017.3519817102,106.0,2020-08-03,2020-07-31,target_rebalance,0.0727129335278777,next_close
DXCM,BUY,1.0,110.9175033569336,110.9175033569336,0.277293758392334,-111.19479711532593,41906.15718459487,79.0,2020-08-03,2020-07-31,target_rebalance,0.0626531096289094,next_close
DOCU,BUY,2.0,226.27999877929688,452.55999755859375,1.1313999938964845,-453.69139755249023,41452.46578704238,46.0,2020-08-03,2020-07-31,target_rebalance,0.0743858608718517,next_close
NVDA,BUY,75.0,10.959481239318848,821.9610929489136,2.054902732372284,-824.0159956812859,40628.4497913611,1100.0,2020-08-03,2020-07-31,target_rebalance,0.0861346313338905,next_close
ZM,BUY,3.0,268.0,804.0,2.0100000000000002,-806.01,39822.439791361096,39.0,2020-08-03,2020-07-31,target_rebalance,0.0756530425257598,next_close
WST,BUY,3.0,274.595947265625,823.787841796875,2.0594696044921874,-825.8473114013672,38996.59247995973,33.0,2020-08-03,2020-07-31,target_rebalance,0.0657433422963045,next_close
SE,BUY,16.0,132.75,2124.0,5.3100000000000005,-2129.31,36867.28247995973,82.0,2020-08-03,2020-07-31,target_rebalance,0.0782979531869534,next_close
SAM,BUY,8.0,817.8200073242188,6542.56005859375,16.356400146484376,-6558.916458740235,30308.366021219495,8.0,2020-08-03,2020-07-31,target_rebalance,0.0490601855348531,next_close
TAL,BUY,86.0,80.97000122070312,6963.420104980469,17.408550262451172,-6980.82865524292,23327.537365976576,86.0,2020-08-03,2020-07-31,target_rebalance,0.0499962042310401,next_close
VEEV,BUY,32.0,268.05999755859375,8577.919921875,21.444799804687502,-8599.364721679687,14728.172644296888,32.0,2020-08-03,2020-07-31,target_rebalance,0.0626882069517302,next_close
AMD,BUY,115.0,77.66999816894531,8932.049789428711,22.33012447357178,-8954.379913902283,5773.792730394605,115.0,2020-08-03,2020-07-31,target_rebalance,0.0642422186202036,next_close
DXCM,SELL,79.0,105.54750061035156,8338.252548217773,20.845631370544435,8317.406916847229,14091.199647241834,0.0,2020-09-01,2020-08-31,target_exit,,next_close
MELI,SELL,6.0,1209.260009765625,7255.56005859375,18.138900146484374,7237.421158447266,21328.6208056891,0.0,2020-09-01,2020-08-31,target_exit,,next_close
MRNA,SELL,81.0,63.31999969482422,5128.919975280762,12.822299938201905,5116.09767534256,26444.71848103166,0.0,2020-09-01,2020-08-31,target_exit,,next_close
TAL,SELL,86.0,78.19999694824219,6725.199737548828,16.81299934387207,6708.386738204956,33153.10521923662,0.0,2020-09-01,2020-08-31,target_exit,,next_close
TWLO,SELL,36.0,273.239990234375,9836.6396484375,24.59159912109375,9812.048049316407,42965.153268553026,0.0,2020-09-01,2020-08-31,target_exit,,next_close
WST,SELL,33.0,277.6608581542969,9162.808319091797,22.907020797729494,9139.901298294068,52105.054566847095,0.0,2020-09-01,2020-08-31,target_exit,,next_close
PDD,SELL,3.0,91.36000061035156,274.0800018310547,0.6852000045776367,273.3948018264771,52378.44936867357,103.0,2020-09-01,2020-08-31,target_rebalance,0.0585976700465074,next_close
SE,SELL,4.0,161.8000030517578,647.2000122070312,1.6180000305175781,645.5820121765137,53024.03138085009,78.0,2020-09-01,2020-08-31,target_rebalance,0.0781942921353984,next_close
TSLA,SELL,6.0,158.35000610351562,950.1000366210938,2.3752500915527346,947.724786529541,53971.75616737963,72.0,2020-09-01,2020-08-31,target_rebalance,0.0708869795611125,next_close
NVDA,SELL,178.0,13.761387825012207,2449.527032852173,6.123817582130433,2443.4032152700424,56415.159382649676,922.0,2020-09-01,2020-08-31,target_rebalance,0.0793784334819564,next_close
ZM,SELL,13.0,457.69000244140625,5949.970031738281,14.874925079345703,5935.095106658936,62350.25448930861,26.0,2020-09-01,2020-08-31,target_rebalance,0.0736347486633535,next_close
AMD,BUY,4.0,92.18000030517578,368.7200012207031,0.9218000030517578,-369.6418012237549,61980.61268808485,119.0,2020-09-01,2020-08-31,target_rebalance,0.0689136739287311,next_close
DOCU,BUY,3.0,268.79998779296875,806.3999633789062,2.0159999084472657,-808.4159632873535,61172.1967247975,49.0,2020-09-01,2020-08-31,target_rebalance,0.0839687311794722,next_close
SAM,BUY,4.0,880.489990234375,3521.9599609375,8.80489990234375,-3530.7648608398435,57641.43186395765,12.0,2020-09-01,2020-08-31,target_rebalance,0.0673887777385447,next_close
CHWY,BUY,116.0,69.43000030517578,8053.880035400391,20.134700088500978,-8074.014735488891,49567.41712846876,116.0,2020-09-01,2020-08-31,target_rebalance,0.0504207385528949,next_close
CRM,BUY,29.0,276.46697998046875,8017.542419433594,20.043856048583987,-8037.586275482177,41529.83085298658,29.0,2020-09-01,2020-08-31,target_rebalance,0.0518147523945551,next_close
ODFL,BUY,83.0,99.3202133178711,8243.5777053833,20.608944263458252,-8264.18664964676,33265.64420333982,83.0,2020-09-01,2020-08-31,target_rebalance,0.0518147523945551,next_close
XYZ,BUY,51.0,166.66000366210938,8499.660186767578,21.249150466918945,-8520.909337234498,24744.734866105322,51.0,2020-09-01,2020-08-31,target_rebalance,0.0539414144905768,next_close
META,BUY,31.0,292.8681945800781,9078.914031982422,22.697285079956057,-9101.611317062378,15643.123549042944,31.0,2020-09-01,2020-08-31,target_rebalance,0.0584406638839857,next_close
ADBE,BUY,18.0,527.9500122070312,9503.100219726562,23.757750549316405,-9526.85797027588,6116.265578767065,18.0,2020-09-01,2020-08-31,target_rebalance,0.0621859921162976,next_close
ADBE,SELL,18.0,499.510009765625,8991.18017578125,22.477950439453124,8968.702225341796,15084.967804108861,0.0,2020-10-01,2020-09-30,target_exit,,next_close
CHWY,SELL,116.0,58.93000030517578,6835.880035400391,17.089700088500976,6818.79033531189,21903.758139420752,0.0,2020-10-01,2020-09-30,target_exit,,next_close
CRM,SELL,29.0,249.13975524902344,7225.05290222168,18.0626322555542,7206.990269966125,29110.748409386877,0.0,2020-10-01,2020-09-30,target_exit,,next_close
META,SELL,31.0,264.30889892578125,8193.575866699219,20.483939666748046,8173.09192703247,37283.84033641935,0.0,2020-10-01,2020-09-30,target_exit,,next_close
ODFL,SELL,83.0,88.92739868164062,7380.974090576172,18.45243522644043,7362.521655349731,44646.36199176908,0.0,2020-10-01,2020-09-30,target_exit,,next_close
PDD,SELL,103.0,74.43000030517578,7666.2900314331055,19.165725078582764,7647.124306354523,52293.48629812361,0.0,2020-10-01,2020-09-30,target_exit,,next_close
VEEV,SELL,32.0,277.0400085449219,8865.2802734375,22.16320068359375,8843.117072753907,61136.603370877514,0.0,2020-10-01,2020-09-30,target_exit,,next_close
TSLA,SELL,3.0,149.3866729736328,448.16001892089844,1.1204000473022462,447.03961887359617,61583.64298975111,69.0,2020-10-01,2020-09-30,target_rebalance,0.0681636908212033,next_close
NVDA,SELL,129.0,13.555777549743652,1748.6953039169312,4.371738259792328,1744.3235656571387,63327.96655540825,793.0,2020-10-01,2020-09-30,target_rebalance,0.0718734161981751,next_close
ZM,SELL,3.0,482.989990234375,1448.969970703125,3.6224249267578124,1445.3475457763673,64773.314101184624,23.0,2020-10-01,2020-09-30,target_rebalance,0.0720734952055817,next_close
DOCU,SELL,9.0,222.25999450683594,2000.3399505615234,5.000849876403809,1995.3391006851195,66768.65320186975,40.0,2020-10-01,2020-09-30,target_rebalance,0.058595064204073,next_close
XYZ,BUY,2.0,168.49000549316406,336.9800109863281,0.8424500274658203,-337.82246101379394,66430.83074085595,53.0,2020-10-01,2020-09-30,target_rebalance,0.0602310844816776,next_close
AMD,BUY,13.0,84.86000061035156,1103.1800079345703,2.757950019836426,-1105.9379579544068,65324.892782901545,132.0,2020-10-01,2020-09-30,target_rebalance,0.0753944702275967,next_close
SE,BUY,9.0,160.0,1440.0,3.6,-1443.6,63881.292782901546,87.0,2020-10-01,2020-09-30,target_rebalance,0.0938510015337595,next_close
BIO,BUY,13.0,520.8099975585938,6770.529968261719,16.9263249206543,-6787.456293182373,57093.83648971917,13.0,2020-10-01,2020-09-30,target_rebalance,0.0487567084476227,next_close
MELI,BUY,6.0,1115.3399658203125,6692.039794921875,16.730099487304688,-6708.76989440918,50385.06659530999,6.0,2020-10-01,2020-09-30,target_rebalance,0.0513257095539276,next_close
MRNA,BUY,113.0,70.02999877929688,7913.389862060547,19.783474655151366,-7933.1733367156985,42451.89325859429,113.0,2020-10-01,2020-09-30,target_rebalance,0.0532010904565582,next_close
JD,BUY,115.0,68.84058380126953,7916.667137145996,19.791667842864992,-7936.458804988861,34515.43445360543,115.0,2020-10-01,2020-09-30,target_rebalance,0.0534077131557355,next_close
TAL,BUY,114.0,76.73999786376953,8748.359756469727,21.870899391174316,-8770.230655860902,25745.203797744525,114.0,2020-10-01,2020-09-30,target_rebalance,0.0588480767555339,next_close
ETSY,BUY,71.0,131.69000244140625,9349.990173339844,23.37497543334961,-9373.365148773193,16371.838648971332,71.0,2020-10-01,2020-09-30,target_rebalance,0.0628581695430691,next_close
DDOG,BUY,108.0,103.51000213623047,11179.08023071289,27.94770057678223,-11207.027931289673,5164.810717681659,108.0,2020-10-01,2020-09-30,target_rebalance,0.0751898303810468,next_close
AMD,SELL,132.0,74.69999694824219,9860.399597167969,24.650998992919924,9835.748598175049,15000.559315856708,0.0,2020-11-02,2020-10-30,target_exit,,next_close
BIO,SELL,13.0,591.02001953125,7683.26025390625,19.208150634765627,7664.052103271484,22664.611419128192,0.0,2020-11-02,2020-10-30,target_exit,,next_close
DDOG,SELL,108.0,88.33000183105469,9539.640197753906,23.849100494384768,9515.791097259522,32180.402516387716,0.0,2020-11-02,2020-10-30,target_exit,,next_close
ETSY,SELL,71.0,126.44000244140625,8977.240173339844,22.44310043334961,8954.797072906495,41135.19958929421,0.0,2020-11-02,2020-10-30,target_exit,,next_close
JD,SELL,115.0,72.12621307373047,8294.514503479004,20.73628625869751,8273.778217220306,49408.977806514515,0.0,2020-11-02,2020-10-30,target_exit,,next_close
MRNA,SELL,113.0,67.11000061035156,7583.430068969727,18.958575172424318,7564.471493797302,56973.44930031182,0.0,2020-11-02,2020-10-30,target_exit,,next_close
TAL,SELL,114.0,66.33999633789062,7562.759582519531,18.90689895629883,7543.852683563233,64517.30198387505,0.0,2020-11-02,2020-10-30,target_exit,,next_close
TSLA,SELL,69.0,133.50332641601562,9211.729522705078,23.029323806762697,9188.700198898316,73706.00218277336,0.0,2020-11-02,2020-10-30,target_exit,,next_close
XYZ,SELL,53.0,155.22999572753906,8227.18977355957,20.567974433898925,8206.62179912567,81912.62398189903,0.0,2020-11-02,2020-10-30,target_exit,,next_close
DOCU,SELL,3.0,201.55999755859375,604.6799926757812,1.5116999816894532,603.1682926940917,82515.79227459311,37.0,2020-11-02,2020-10-30,target_rebalance,0.0509431625168632,next_close
SAM,SELL,3.0,1038.739990234375,3116.219970703125,7.790549926757813,3108.4294207763674,85624.22169536949,9.0,2020-11-02,2020-10-30,target_rebalance,0.0600505523872248,next_close
SE,SELL,37.0,159.6699981689453,5907.789932250977,14.769474830627441,5893.020457420349,91517.24215278984,50.0,2020-11-02,2020-10-30,target_rebalance,0.0551725446045216,next_close
NVDA,BUY,158.0,12.526488304138184,1979.185152053833,4.9479628801345825,-1984.1331149339676,89533.10903785587,951.0,2020-11-02,2020-10-30,target_rebalance,0.0827539748398618,next_close
ZM,BUY,8.0,453.0,3624.0,9.06,-3633.06,85900.04903785588,31.0,2020-11-02,2020-10-30,target_rebalance,0.0999372149906687,next_close
MELI,BUY,5.0,1215.8599853515625,6079.2999267578125,15.198249816894531,-6094.498176574707,79805.55086128117,11.0,2020-11-02,2020-10-30,target_rebalance,0.0952514355450579,next_close
GOOGL,BUY,84.0,80.50218200683594,6762.183288574219,16.90545822143555,-6779.0887467956545,73026.46211448552,84.0,2020-11-02,2020-10-30,target_rebalance,0.0473693437178485,next_close
VEEV,BUY,25.0,268.0400085449219,6701.000213623047,16.752500534057617,-6717.7527141571045,66308.70940032841,25.0,2020-11-02,2020-10-30,target_rebalance,0.0480122552334626,next_close
DAR,BUY,170.0,43.84000015258789,7452.800025939941,18.632000064849855,-7471.432026004792,58837.277374323625,170.0,2020-11-02,2020-10-30,target_rebalance,0.051960728653383,next_close
PWR,BUY,122.0,65.79310607910156,8026.758941650391,20.066897354125977,-8046.825839004517,50790.45153531911,122.0,2020-11-02,2020-10-30,target_rebalance,0.0557999693672855,next_close
GOOG,BUY,104.0,80.59095764160156,8381.459594726562,20.953648986816408,-8402.41324371338,42388.03829160573,104.0,2020-11-02,2020-10-30,target_rebalance,0.0582435991399215,next_close
RGEN,BUY,50.0,170.13999938964844,8506.999969482422,21.267499923706055,-8528.267469406128,33859.7708221996,50.0,2020-11-02,2020-10-30,target_rebalance,0.0592630126809691,next_close
ALGN,BUY,18.0,458.44000244140625,8251.920043945312,20.629800109863282,-8272.549844055176,25587.220978144425,18.0,2020-11-02,2020-10-30,target_rebalance,0.0601192797663078,next_close
MPWR,BUY,33.0,303.0055236816406,9999.18228149414,24.997955703735354,-10024.180237197876,15563.04074094655,33.0,2020-11-02,2020-10-30,target_rebalance,0.0703148154701103,next_close
PCTY,BUY,59.0,180.55999755859375,10653.039855957031,26.63259963989258,-10679.672455596923,4883.368285349627,59.0,2020-11-02,2020-10-30,target_rebalance,0.074808111086513,next_close
ALGN,SELL,18.0,500.1000061035156,9001.800109863281,22.504500274658202,8979.295609588624,13862.66389493825,0.0,2020-12-01,2020-11-30,target_exit,,next_close
DAR,SELL,170.0,47.849998474121094,8134.499740600586,20.336249351501465,8114.1634912490845,21976.827386187335,0.0,2020-12-01,2020-11-30,target_exit,,next_close
GOOGL,SELL,84.0,88.97901153564453,7474.236968994141,18.685592422485353,7455.551376571655,29432.37876275899,0.0,2020-12-01,2020-11-30,target_exit,,next_close
MPWR,SELL,33.0,307.3690490722656,10143.178619384766,25.357946548461914,10117.820672836304,39550.19943559529,0.0,2020-12-01,2020-11-30,target_exit,,next_close
PCTY,SELL,59.0,199.5399932861328,11772.859603881836,29.43214900970459,11743.427454872131,51293.62689046742,0.0,2020-12-01,2020-11-30,target_exit,,next_close
PWR,SELL,122.0,69.2684097290039,8450.745986938477,21.12686496734619,8429.61912197113,59723.246012438554,0.0,2020-12-01,2020-11-30,target_exit,,next_close
RGEN,SELL,50.0,193.86000061035156,9693.000030517578,24.232500076293945,9668.767530441284,69392.01354287984,0.0,2020-12-01,2020-11-30,target_exit,,next_close
SAM,SELL,9.0,966.530029296875,8698.770263671875,21.746925659179688,8677.023338012696,78069.03688089253,0.0,2020-12-01,2020-11-30,target_exit,,next_close
SE,SELL,50.0,177.3800048828125,8869.000244140625,22.172500610351562,8846.827743530273,86915.8646244228,0.0,2020-12-01,2020-11-30,target_exit,,next_close
VEEV,SELL,25.0,284.20001220703125,7105.000305175781,17.762500762939453,7087.237804412842,94003.10242883564,0.0,2020-12-01,2020-11-30,target_exit,,next_close
GOOG,SELL,9.0,89.1192626953125,802.0733642578125,2.0051834106445314,800.0681808471679,94803.17060968281,95.0,2020-12-01,2020-11-30,target_rebalance,0.0548191067117165,next_close
NVDA,SELL,130.0,13.332244873046875,1733.1918334960938,4.332979583740235,1728.8588539123534,96532.02946359517,821.0,2020-12-01,2020-11-30,target_rebalance,0.071330489655775,next_close
MELI,SELL,3.0,1521.6600341796875,4564.9801025390625,11.412450256347656,4553.567652282715,101085.59711587788,8.0,2020-12-01,2020-11-30,target_rebalance,0.0697160078968675,next_close
ZM,BUY,4.0,406.30999755859375,1625.239990234375,4.063099975585938,-1629.3030902099608,99456.29402566793,35.0,2020-12-01,2020-11-30,target_rebalance,0.0943910336793701,next_close
DOCU,BUY,14.0,215.7100067138672,3019.9400939941406,7.549850234985351,-3027.489944229126,96428.80408143881,51.0,2020-12-01,2020-11-30,target_rebalance,0.0723917150990144,next_close
TWLO,BUY,22.0,313.5799865722656,6898.759704589844,17.24689926147461,-6916.006603851319,89512.79747758749,22.0,2020-12-01,2020-11-30,target_rebalance,0.0466416308411988,next_close
TER,BUY,66.0,112.72772216796875,7440.0296630859375,18.600074157714843,-7458.629737243652,82054.16774034384,66.0,2020-12-01,2020-11-30,target_rebalance,0.0486786847435472,next_close
DDOG,BUY,81.0,95.66999816894531,7749.26985168457,19.373174629211427,-7768.643026313782,74285.52471403005,81.0,2020-12-01,2020-11-30,target_rebalance,0.0510463671028883,next_close
Z,BUY,75.0,107.19000244140625,8039.250183105469,20.098125457763672,-8059.348308563232,66226.17640546682,75.0,2020-12-01,2020-11-30,target_rebalance,0.0526236176157885,next_close
TSLA,BUY,41.0,194.9199981689453,7991.719924926758,19.979299812316896,-8011.699224739074,58214.47718072774,41.0,2020-12-01,2020-11-30,target_rebalance,0.0533069284208648,next_close
AAPL,BUY,73.0,119.24051666259766,8704.557716369629,21.761394290924073,-8726.319110660554,49488.15807006719,73.0,2020-12-01,2020-11-30,target_rebalance,0.0574654587005686,next_close
PDD,BUY,76.0,136.5399932861328,10377.039489746094,25.942598724365237,-10402.982088470459,39085.17598159673,76.0,2020-12-01,2020-11-30,target_rebalance,0.0684525243343789,next_close
CHWY,BUY,140.0,75.33999633789062,10547.599487304688,26.368998718261718,-10573.96848602295,28511.20749557378,140.0,2020-12-01,2020-11-30,target_rebalance,0.0688971403739459,next_close
ROKU,BUY,38.0,285.7099914550781,10856.979675292969,27.142449188232423,-10884.1221244812,17627.08537109258,38.0,2020-12-01,2020-11-30,target_rebalance,0.0721256741082497,next_close
LRCX,BUY,306.0,44.084144592285156,13489.748245239258,33.724370613098145,-13523.472615852355,4103.612755240225,306.0,2020-12-01,2020-11-30,target_rebalance,0.0881136207158249,next_close
CHWY,SELL,140.0,88.9000015258789,12446.000213623047,31.115000534057618,12414.88521308899,16518.497968329215,0.0,2021-01-04,2020-12-31,target_exit,,next_close
DDOG,SELL,81.0,91.2300033569336,7389.630271911621,18.47407567977905,7371.156196231842,23889.654164561056,0.0,2021-01-04,2020-12-31,target_exit,,next_close
DOCU,SELL,51.0,222.41000366210938,11342.910186767578,28.357275466918946,11314.55291130066,35204.20707586172,0.0,2021-01-04,2020-12-31,target_exit,,next_close
GOOG,SELL,95.0,85.65679168701172,8137.395210266113,20.343488025665284,8117.051722240448,43321.258798102164,0.0,2021-01-04,2020-12-31,target_exit,,next_close
LRCX,SELL,306.0,45.17715072631836,13824.208122253418,34.560520305633545,13789.647601947785,57110.90640004995,0.0,2021-01-04,2020-12-31,target_exit,,next_close
NVDA,SELL,821.0,13.060794830322266,10722.91255569458,26.80728138923645,10696.105274305344,67807.0116743553,0.0,2021-01-04,2020-12-31,target_exit,,next_close
TER,SELL,66.0,116.71317291259766,7703.069412231445,19.257673530578614,7683.811738700867,75490.82341305616,0.0,2021-01-04,2020-12-31,target_exit,,next_close
TSLA,SELL,41.0,243.2566680908203,9973.523391723633,24.933808479309082,9948.589583244324,85439.41299630048,0.0,2021-01-04,2020-12-31,target_exit,,next_close
ZM,SELL,35.0,359.9800109863281,12599.300384521484,31.49825096130371,12567.80213356018,98007.21512986066,0.0,2021-01-04,2020-12-31,target_exit,,next_close
PDD,SELL,3.0,166.77999877929688,500.3399963378906,1.2508499908447266,499.0891463470459,98506.30427620771,73.0,2021-01-04,2020-12-31,target_rebalance,0.0745089011024961,next_close
ROKU,BUY,5.0,317.8999938964844,1589.4999694824219,3.973749923706055,-1593.4737194061279,96912.83055680158,43.0,2021-01-04,2020-12-31,target_rebalance,0.0848290030695098,next_close
Z,BUY,13.0,130.77000427246094,1700.0100555419922,4.250025138854981,-1704.260080680847,95208.57047612073,88.0,2021-01-04,2020-12-31,target_rebalance,0.0712650748134527,next_close
AAPL,BUY,16.0,125.74083709716797,2011.8533935546875,5.029633483886719,-2016.8830270385743,93191.68744908215,89.0,2021-01-04,2020-12-31,target_rebalance,0.0693534311902953,next_close
TWLO,BUY,7.0,334.5899963378906,2342.1299743652344,5.855324935913086,-2347.9852993011473,90843.702149781,29.0,2021-01-04,2020-12-31,target_rebalance,0.0610396602035519,next_close
MELI,BUY,1.0,1640.0,1640.0,4.1,-1644.1,89199.602149781,9.0,2021-01-04,2020-12-31,target_rebalance,0.0970204771213605,next_close
LAD,BUY,25.0,274.276123046875,6856.903076171875,17.142257690429688,-6874.045333862305,82325.5568159187,25.0,2021-01-04,2020-12-31,target_rebalance,0.043490658909577,next_close
AMAT,BUY,85.0,82.98385620117188,7053.627777099609,17.634069442749023,-7071.261846542358,75254.29496937634,85.0,2021-01-04,2020-12-31,target_rebalance,0.0435185062973122,next_close
MU,BUY,97.0,72.22001647949219,7005.341598510742,17.513353996276855,-7022.854952507019,68231.44001686931,97.0,2021-01-04,2020-12-31,target_rebalance,0.043574227810553,next_close
ZS,BUY,40.0,196.08999633789062,7843.599853515625,19.608999633789065,-7863.208853149414,60368.231163719895,40.0,2021-01-04,2020-12-31,target_rebalance,0.0488826333123977,next_close
XYZ,BUY,40.0,221.16000366210938,8846.400146484375,22.116000366210937,-8868.516146850587,51499.715016869304,40.0,2021-01-04,2020-12-31,target_rebalance,0.0555923876355196,next_close
TTWO,BUY,49.0,201.85000610351562,9890.650299072266,24.726625747680664,-9915.376924819946,41584.33809204936,49.0,2021-01-04,2020-12-31,target_rebalance,0.0619335172325319,next_close
SE,BUY,51.0,196.05999755859375,9999.059875488281,24.997649688720703,-10024.057525177002,31560.280566872356,51.0,2021-01-04,2020-12-31,target_rebalance,0.062533031517505,next_close
ZG,BUY,86.0,136.50999450683594,11739.85952758789,29.349648818969726,-11769.209176406861,19791.071390465495,86.0,2021-01-04,2020-12-31,target_rebalance,0.0729861316101321,next_close
SAM,BUY,13.0,952.280029296875,12379.640380859375,30.949100952148438,-12410.589481811523,7380.481908653972,13.0,2021-01-04,2020-12-31,target_rebalance,0.0794723581738045,next_close
MU,SELL,97.0,78.44232940673828,7608.905952453613,19.022264881134035,7589.883687572479,14970.365596226451,0.0,2021-02-01,2021-01-29,target_exit,,next_close
SAM,SELL,13.0,974.6500244140625,12670.450317382812,31.676125793457032,12638.774191589355,27609.139787815806,0.0,2021-02-01,2021-01-29,target_exit,,next_close
TTWO,SELL,49.0,200.94000244140625,9846.060119628906,24.615150299072265,9821.444969329834,37430.58475714564,0.0,2021-02-01,2021-01-29,target_exit,,next_close
XYZ,SELL,3.0,221.94000244140625,665.8200073242188,1.6645500183105468,664.1554573059082,38094.74021445155,37.0,2021-02-01,2021-01-29,target_rebalance,0.0455421580763243,next_close
TWLO,SELL,2.0,371.54998779296875,743.0999755859375,1.8577499389648438,741.2422256469727,38835.98244009852,27.0,2021-02-01,2021-01-29,target_rebalance,0.0556556460251497,next_close
AAPL,SELL,8.0,130.33673095703125,1042.69384765625,2.606734619140625,1040.0871130371095,39876.06955313563,81.0,2021-02-01,2021-01-29,target_rebalance,0.0593290148914296,next_close
ROKU,SELL,8.0,416.20001220703125,3329.60009765625,8.324000244140626,3321.2760974121093,43197.345650547744,35.0,2021-02-01,2021-01-29,target_rebalance,0.0801844406035479,next_close
MELI,SELL,2.0,1896.7900390625,3793.580078125,9.4839501953125,3784.0961279296876,46981.441778477434,7.0,2021-02-01,2021-01-29,target_rebalance,0.0653534653124979,next_close
ZG,BUY,3.0,146.3300018310547,438.99000549316406,1.0974750137329101,-440.08748050689695,46541.35429797054,89.0,2021-02-01,2021-01-29,target_rebalance,0.0740849777419253,next_close
LAD,BUY,2.0,324.2505187988281,648.5010375976562,1.6212525939941407,-650.1222901916503,45891.23200777889,27.0,2021-02-01,2021-01-29,target_rebalance,0.0500466735170117,next_close
ZS,BUY,8.0,204.47000122070312,1635.760009765625,4.089400024414062,-1639.849409790039,44251.38259798885,48.0,2021-02-01,2021-01-29,target_rebalance,0.0558477413026059,next_close
Z,BUY,14.0,137.0500030517578,1918.7000427246094,4.7967501068115235,-1923.4967928314209,42327.88580515743,102.0,2021-02-01,2021-01-29,target_rebalance,0.0789223907638508,next_close
AMAT,BUY,23.0,96.68232727050781,2223.6935272216797,5.559233818054199,-2229.2527610397337,40098.6330441177,108.0,2021-02-01,2021-01-29,target_rebalance,0.0593290148914296,next_close
SE,BUY,17.0,233.52999877929688,3970.009979248047,9.925024948120118,-3979.935004196167,36118.69803992153,68.0,2021-02-01,2021-01-29,target_rebalance,0.0905188038786367,next_close
PDD,BUY,24.0,173.9600067138672,4175.0401611328125,10.43760040283203,-4185.477761535644,31933.22027838589,97.0,2021-02-01,2021-01-29,target_rebalance,0.0958158588475041,next_close
ESTC,BUY,57.0,151.5500030517578,8638.350173950195,21.595875434875488,-8659.946049385071,23273.274229000817,57.0,2021-02-01,2021-01-29,target_rebalance,0.0487807696374001,next_close
UI,BUY,29.0,303.1731872558594,8792.022430419922,21.980056076049806,-8814.002486495972,14459.271742504845,29.0,2021-02-01,2021-01-29,target_rebalance,0.0501984565021958,next_close
QCOM,BUY,74.0,143.62608337402344,10628.330169677734,26.570825424194336,-10654.900995101929,3804.370747402916,74.0,2021-02-01,2021-01-29,target_rebalance,0.0603905880084897,next_close
AAPL,SELL,81.0,124.35232543945312,10072.538360595703,25.18134590148926,10047.357014694215,13851.72776209713,0.0,2021-03-01,2021-02-26,target_exit,,next_close
ESTC,SELL,57.0,144.85000610351562,8256.45034790039,20.641125869750976,8235.809222030639,22087.53698412777,0.0,2021-03-01,2021-02-26,target_exit,,next_close
LAD,SELL,27.0,365.9072570800781,9879.49594116211,24.698739852905273,9854.797201309204,31942.334185436976,0.0,2021-03-01,2021-02-26,target_exit,,next_close
MELI,SELL,7.0,1713.280029296875,11992.960205078125,29.982400512695314,11962.97780456543,43905.3119900024,0.0,2021-03-01,2021-02-26,target_exit,,next_close
QCOM,SELL,74.0,123.9906005859375,9175.304443359375,22.93826110839844,9152.366182250977,53057.67817225338,0.0,2021-03-01,2021-02-26,target_exit,,next_close
ROKU,SELL,35.0,420.30999755859375,14710.849914550781,36.77712478637695,14674.072789764405,67731.75096201779,0.0,2021-03-01,2021-02-26,target_exit,,next_close
TWLO,SELL,27.0,415.7799987792969,11226.059967041016,28.06514991760254,11197.994817123414,78929.7457791412,0.0,2021-03-01,2021-02-26,target_exit,,next_close
UI,SELL,29.0,320.52490234375,9295.22216796875,23.238055419921874,9271.984112548827,88201.72989169003,0.0,2021-03-01,2021-02-26,target_exit,,next_close
XYZ,SELL,37.0,241.0,8917.0,22.2925,8894.7075,97096.43739169004,0.0,2021-03-01,2021-02-26,target_exit,,next_close
ZS,SELL,48.0,210.16000366210938,10087.68017578125,25.219200439453125,10062.460975341797,107158.89836703183,0.0,2021-03-01,2021-02-26,target_exit,,next_close
PDD,SELL,20.0,186.14999389648438,3722.9998779296875,9.30749969482422,3713.692378234863,110872.59074526669,77.0,2021-03-01,2021-02-26,target_rebalance,0.0757938551807447,next_close
SE,SELL,16.0,248.50999450683594,3976.159912109375,9.940399780273438,3966.2195123291017,114838.81025759579,52.0,2021-03-01,2021-02-26,target_rebalance,0.0687825911741283,next_close
ZG,SELL,34.0,175.85000610351562,5978.900207519531,14.947250518798828,5963.952957000733,120802.76321459652,55.0,2021-03-01,2021-02-26,target_rebalance,0.0507804371190368,next_close
Z,SELL,40.0,167.0,6680.0,16.7,6663.3,127466.06321459652,62.0,2021-03-01,2021-02-26,target_rebalance,0.0546134004955088,next_close
AMAT,BUY,3.0,117.00273895263672,351.00821685791016,0.8775205421447754,-351.88573740005495,127114.17747719647,111.0,2021-03-01,2021-02-26,target_rebalance,0.0695448198755751,next_close
LSCC,BUY,183.0,51.279998779296875,9384.239776611328,23.46059944152832,-9407.700376052857,117706.47710114361,183.0,2021-03-01,2021-02-26,target_rebalance,0.0500985162034556,next_close
LRCX,BUY,169.0,56.5928840637207,9564.197406768799,23.910493516922,-9588.10790028572,108118.3692008579,169.0,2021-03-01,2021-02-26,target_rebalance,0.0511543369123844,next_close
ALGN,BUY,17.0,565.1099853515625,9606.869750976562,24.017174377441407,-9630.886925354003,98487.48227550389,17.0,2021-03-01,2021-02-26,target_rebalance,0.0532990081453962,next_close
ENPH,BUY,56.0,186.4499969482422,10441.199829101562,26.102999572753905,-10467.302828674316,88020.17944682957,56.0,2021-03-01,2021-02-26,target_rebalance,0.056009110193311,next_close
ZBRA,BUY,21.0,511.4800109863281,10741.08023071289,26.852700576782226,-10767.932931289673,77252.2465155399,21.0,2021-03-01,2021-02-26,target_rebalance,0.0580525299946892,next_close
RGEN,BUY,50.0,221.72999572753906,11086.499786376953,27.716249465942383,-11114.216035842896,66138.030479697,50.0,2021-03-01,2021-02-26,target_rebalance,0.0600987213289999,next_close
WBD,BUY,193.0,58.18000030517578,11228.740058898926,28.071850147247314,-11256.811909046173,54881.21857065083,193.0,2021-03-01,2021-02-26,target_rebalance,0.0601325606984471,next_close
MU,BUY,156.0,92.41822052001953,14417.242401123047,36.04310600280762,-14453.285507125855,40427.93306352498,156.0,2021-03-01,2021-02-26,target_rebalance,0.0773981155885916,next_close
MRNA,BUY,98.0,157.39999389648438,15425.199401855469,38.56299850463867,-15463.762400360107,24964.17066316487,98.0,2021-03-01,2021-02-26,target_rebalance,0.082708144107228,next_close
ETSY,BUY,77.0,244.5800018310547,18832.66014099121,47.08165035247803,-18879.741791343688,6084.428871821183,77.0,2021-03-01,2021-02-26,target_rebalance,0.1015338529825028,next_close
ALGN,SELL,17.0,545.0499877929688,9265.849792480469,23.164624481201173,9242.685167999267,15327.11403982045,0.0,2021-04-01,2021-03-31,target_exit,,next_close
ENPH,SELL,56.0,162.69000244140625,9110.64013671875,22.776600341796875,9087.863536376954,24414.9775761974,0.0,2021-04-01,2021-03-31,target_exit,,next_close
ETSY,SELL,77.0,208.1999969482422,16031.399765014648,40.07849941253662,15991.321265602111,40406.298841799515,0.0,2021-04-01,2021-03-31,target_exit,,next_close
LSCC,SELL,183.0,48.68000030517578,8908.440055847168,22.27110013961792,8886.16895570755,49292.467797507066,0.0,2021-04-01,2021-03-31,target_exit,,next_close
MRNA,SELL,98.0,132.5500030517578,12989.900299072266,32.474750747680666,12957.425548324585,62249.89334583165,0.0,2021-04-01,2021-03-31,target_exit,,next_close
PDD,SELL,77.0,143.92999267578125,11082.609436035156,27.70652359008789,11054.902912445068,73304.79625827672,0.0,2021-04-01,2021-03-31,target_exit,,next_close
RGEN,SELL,50.0,195.44000244140625,9772.000122070312,24.43000030517578,9747.570121765137,83052.36638004186,0.0,2021-04-01,2021-03-31,target_exit,,next_close
SE,SELL,52.0,236.4499969482422,12295.399841308594,30.738499603271485,12264.661341705323,95317.02772174717,0.0,2021-04-01,2021-03-31,target_exit,,next_close
WBD,SELL,193.0,43.310001373291016,8358.830265045166,20.897075662612917,8337.933189382553,103654.96091112973,0.0,2021-04-01,2021-03-31,target_exit,,next_close
Z,SELL,62.0,133.41000366210938,8271.420227050781,20.678550567626953,8250.741676483154,111905.70258761289,0.0,2021-04-01,2021-03-31,target_exit,,next_close
ZG,SELL,55.0,135.4199981689453,7448.099899291992,18.62024974822998,7429.479649543762,119335.18223715665,0.0,2021-04-01,2021-03-31,target_exit,,next_close
ZBRA,SELL,2.0,491.7799987792969,983.5599975585938,2.4588999938964844,981.1010975646973,120316.28333472135,19.0,2021-04-01,2021-03-31,target_rebalance,0.0551118031890325,next_close
MU,SELL,49.0,90.12628936767578,4416.188179016113,11.040470447540283,4405.147708568573,124721.43104328992,107.0,2021-04-01,2021-03-31,target_rebalance,0.0565391240490749,next_close
AMAT,BUY,19.0,135.44566345214844,2573.4676055908203,6.433669013977051,-2579.9012746047974,122141.52976868513,130.0,2021-04-01,2021-03-31,target_rebalance,0.1042297676768787,next_close
LRCX,BUY,44.0,60.566226959228516,2664.9139862060547,6.662284965515137,-2671.5762711715697,119469.95349751356,213.0,2021-04-01,2021-03-31,target_rebalance,0.0765214433867115,next_close
CARR,BUY,213.0,39.07865524291992,8323.753566741943,20.80938391685486,-8344.562950658797,111125.39054685476,213.0,2021-04-01,2021-03-31,target_rebalance,0.0492726471250515,next_close
YETI,BUY,118.0,73.77999877929688,8706.039855957031,21.76509963989258,-8727.804955596925,102397.58559125784,118.0,2021-04-01,2021-03-31,target_rebalance,0.0515435627185541,next_close
AMKR,BUY,409.0,22.9161434173584,9372.702657699585,23.431756644248964,-9396.134414343835,93001.45117691401,409.0,2021-04-01,2021-03-31,target_rebalance,0.0555745089519522,next_close
LPX,BUY,180.0,52.99152755737305,9538.474960327148,23.846187400817872,-9562.321147727966,83439.13002918604,180.0,2021-04-01,2021-03-31,target_rebalance,0.0567062758397897,next_close
LOW,BUY,55.0,173.4977264404297,9542.374954223633,23.855937385559084,-9566.230891609192,73872.89913757685,55.0,2021-04-01,2021-03-31,target_rebalance,0.0570748782285183,next_close
WSM,BUY,120.0,82.51468658447266,9901.762390136719,24.754405975341797,-9926.51679611206,63946.38234146479,120.0,2021-04-01,2021-03-31,target_rebalance,0.058969913237239,next_close
SITE,BUY,57.0,173.63999938964844,9897.479965209961,24.7436999130249,-9922.223665122985,54024.15867634181,57.0,2021-04-01,2021-03-31,target_rebalance,0.0590381654459229,next_close
DAR,BUY,144.0,73.4000015258789,10569.600219726562,26.424000549316407,-10596.024220275878,43428.134456065935,144.0,2021-04-01,2021-03-31,target_rebalance,0.0627824050328948,next_close
PWR,BUY,128.0,88.36300659179688,11310.46484375,28.276162109375,-11338.741005859374,32089.39345020656,128.0,2021-04-01,2021-03-31,target_rebalance,0.0670412944979407,next_close
ON,BUY,305.0,42.88999938964844,13081.449813842773,32.70362453460693,-13114.15343837738,18975.24001182918,305.0,2021-04-01,2021-03-31,target_rebalance,0.0775352196141928,next_close
SAM,BUY,11.0,1184.6800537109375,13031.480590820312,32.578701477050785,-13064.059292297363,5911.180719531818,11.0,2021-04-01,2021-03-31,target_rebalance,0.0820589910062456,next_close
AMKR,SELL,409.0,18.605371475219727,7609.596933364868,19.02399233341217,7590.572941031456,13501.753660563274,0.0,2021-05-03,2021-04-30,target_exit,,next_close
CARR,SELL,213.0,40.528011322021484,8632.466411590576,21.58116602897644,8610.8852455616,22112.638906124874,0.0,2021-05-03,2021-04-30,target_exit,,next_close
DAR,SELL,144.0,70.88999938964844,10208.159912109375,25.520399780273436,10182.639512329102,32295.278418453978,0.0,2021-05-03,2021-04-30,target_exit,,next_close
LOW,SELL,55.0,181.17648315429688,9964.706573486328,24.911766433715822,9939.794807052613,42235.07322550659,0.0,2021-05-03,2021-04-30,target_exit,,next_close
LRCX,SELL,213.0,58.476314544677734,12455.454998016357,31.138637495040893,12424.316360521316,54659.3895860279,0.0,2021-05-03,2021-04-30,target_exit,,next_close
MU,SELL,107.0,82.91889953613281,8872.322250366211,22.18080562591553,8850.141444740295,63509.531030768194,0.0,2021-05-03,2021-04-30,target_exit,,next_close
ON,SELL,305.0,37.56999969482422,11458.849906921387,28.647124767303467,11430.202782154083,74939.73381292228,0.0,2021-05-03,2021-04-30,target_exit,,next_close
SAM,SELL,11.0,1191.0799560546875,13101.879516601562,32.754698791503905,13069.124817810058,88008.85863073234,0.0,2021-05-03,2021-04-30,target_exit,,next_close
WSM,SELL,120.0,79.73934173583984,9568.721008300781,23.921802520751953,9544.79920578003,97553.65783651237,0.0,2021-05-03,2021-04-30,target_exit,,next_close
ZBRA,SELL,19.0,479.04998779296875,9101.949768066406,22.754874420166015,9079.19489364624,106632.85273015861,0.0,2021-05-03,2021-04-30,target_exit,,next_close
LPX,SELL,16.0,62.5492057800293,1000.7872924804688,2.5019682312011717,998.2853242492675,107631.13805440789,164.0,2021-05-03,2021-04-30,target_rebalance,0.0609639721372227,next_close
AMAT,SELL,18.0,127.14775085449219,2288.6595153808594,5.721648788452149,2282.9378665924073,109914.07592100029,112.0,2021-05-03,2021-04-30,target_rebalance,0.0844029737675739,next_close
SITE,SELL,13.0,184.02000427246094,2392.260055541992,5.980650138854981,2386.2794054031374,112300.35532640343,44.0,2021-05-03,2021-04-30,target_rebalance,0.0477714513068779,next_close
PWR,BUY,8.0,96.3653564453125,770.9228515625,1.92730712890625,-772.8501586914062,111527.50516771202,136.0,2021-05-03,2021-04-30,target_rebalance,0.0783495060884811,next_close
YETI,BUY,43.0,87.16999816894531,3748.3099212646484,9.370774803161622,-3757.68069606781,107769.82447164421,161.0,2021-05-03,2021-04-30,target_rebalance,0.0841775360661651,next_close
TRMB,BUY,96.0,81.19999694824219,7795.19970703125,19.487999267578125,-7814.687706298828,99955.13676534538,96.0,2021-05-03,2021-04-30,target_rebalance,0.046758583216646,next_close
INSP,BUY,33.0,235.47999572753906,7770.839859008789,19.427099647521974,-7790.266958656311,92164.86980668906,33.0,2021-05-03,2021-04-30,target_rebalance,0.0475454315984392,next_close
SE,BUY,33.0,254.6199951171875,8402.459838867188,21.00614959716797,-8423.465988464355,83741.4038182247,33.0,2021-05-03,2021-04-30,target_rebalance,0.0502350116965463,next_close
XYZ,BUY,38.0,243.67999267578125,9259.839721679688,23.14959930419922,-9282.989320983887,74458.41449724081,38.0,2021-05-03,2021-04-30,target_rebalance,0.0552870630064628,next_close
TSLA,BUY,41.0,228.3000030517578,9360.30012512207,23.400750312805176,-9383.700875434875,65074.71362180593,41.0,2021-05-03,2021-04-30,target_rebalance,0.0563879607067394,next_close
CROX,BUY,99.0,98.12999725341797,9714.869728088379,24.28717432022095,-9739.1569024086,55335.55671939733,99.0,2021-05-03,2021-04-30,target_rebalance,0.0580908441890051,next_close
PYPL,BUY,43.0,256.86541748046875,11045.212951660156,27.61303237915039,-11072.825984039308,44262.730735358025,43.0,2021-05-03,2021-04-30,target_rebalance,0.0660506717073713,next_close
EXPE,BUY,66.0,172.67811584472656,11396.755645751953,28.491889114379884,-11425.247534866334,32837.48320049169,66.0,2021-05-03,2021-04-30,target_rebalance,0.0688401162563143,next_close
TREX,BUY,108.0,108.44999694824219,11712.599670410156,29.28149917602539,-11741.881169586182,21095.60203090551,108.0,2021-05-03,2021-04-30,target_rebalance,0.0702393218691111,next_close
RH,BUY,22.0,699.0499877929688,15379.099731445312,38.447749328613284,-15417.547480773927,5678.054550131583,22.0,2021-05-03,2021-04-30,target_rebalance,0.0948995563870428,next_close
EXPE,SELL,66.0,175.13763427734375,11559.083862304688,28.89770965576172,11530.186152648927,17208.24070278051,0.0,2021-06-01,2021-05-28,target_exit,,next_close
INSP,SELL,33.0,184.75999450683594,6097.079818725586,15.242699546813965,6081.837119178772,23290.077821959283,0.0,2021-06-01,2021-05-28,target_exit,,next_close
PYPL,SELL,43.0,257.0438537597656,11052.885711669922,27.632214279174804,11025.253497390748,34315.33131935003,0.0,2021-06-01,2021-05-28,target_exit,,next_close
SE,SELL,33.0,257.5400085449219,8498.820281982422,21.247050704956056,8477.573231277465,42792.90455062749,0.0,2021-06-01,2021-05-28,target_exit,,next_close
SITE,SELL,44.0,172.1199951171875,7573.27978515625,18.933199462890624,7554.346585693359,50347.251136320854,0.0,2021-06-01,2021-05-28,target_exit,,next_close
TREX,SELL,108.0,96.55000305175781,10427.400329589844,26.06850082397461,10401.33182876587,60748.58296508672,0.0,2021-06-01,2021-05-28,target_exit,,next_close
TRMB,SELL,96.0,78.43000030517578,7529.280029296875,18.823200073242187,7510.456829223633,68259.03979431036,0.0,2021-06-01,2021-05-28,target_exit,,next_close
TSLA,SELL,41.0,207.96665954589844,8526.633041381836,21.31658260345459,8505.316458778381,76764.35625308874,0.0,2021-06-01,2021-05-28,target_exit,,next_close
XYZ,SELL,38.0,221.9499969482422,8434.099884033203,21.08524971008301,8413.01463432312,85177.37088741186,0.0,2021-06-01,2021-05-28,target_exit,,next_close
CROX,SELL,9.0,103.12999725341797,928.1699752807617,2.320424938201904,925.8495503425598,86103.22043775443,90.0,2021-06-01,2021-05-28,target_rebalance,0.0573019077937837,next_close
PWR,SELL,50.0,95.64147186279297,4782.073593139648,11.955183982849121,4770.118409156799,90873.33884691123,86.0,2021-06-01,2021-05-28,target_rebalance,0.0505193366603256,next_close
YETI,BUY,6.0,88.0,528.0,1.32,-529.32,90344.01884691122,167.0,2021-06-01,2021-05-28,target_rebalance,0.0911707425536231,next_close
AMAT,BUY,5.0,132.50900268554688,662.5450134277344,1.656362533569336,-664.2013759613037,89679.81747094991,117.0,2021-06-01,2021-05-28,target_rebalance,0.0962957363077423,next_close
LPX,BUY,12.0,64.3935546875,772.72265625,1.931806640625,-774.654462890625,88905.16300805929,176.0,2021-06-01,2021-05-28,target_rebalance,0.0700675784499983,next_close
EPAM,BUY,16.0,478.5899963378906,7657.43994140625,19.143599853515624,-7676.583541259765,81228.57946679952,16.0,2021-06-01,2021-05-28,target_rebalance,0.0499152719858551,next_close
CP,BUY,102.0,79.17204284667969,8075.548370361328,20.18887092590332,-8095.737241287232,73132.84222551229,102.0,2021-06-01,2021-05-28,target_rebalance,0.0500738841261002,next_close
MRNA,BUY,44.0,184.66000366210938,8125.0401611328125,20.312600402832032,-8145.352761535644,64987.48946397664,44.0,2021-06-01,2021-05-28,target_rebalance,0.0505193366603255,next_close
CRL,BUY,26.0,332.8999938964844,8655.399841308594,21.638499603271484,-8677.038340911866,56310.45112306478,26.0,2021-06-01,2021-05-28,target_rebalance,0.0539560571577106,next_close
MGM,BUY,209.0,43.366363525390625,9063.56997680664,22.6589249420166,-9086.228901748656,47224.22222131612,209.0,2021-06-01,2021-05-28,target_rebalance,0.0561530265203263,next_close
CRWD,BUY,42.0,222.07000732421875,9326.940307617188,23.31735076904297,-9350.25765838623,37873.96456292989,42.0,2021-06-01,2021-05-28,target_rebalance,0.0585997194258292,next_close
CZR,BUY,91.0,109.55000305175781,9969.050277709961,24.922625694274902,-9993.972903404236,27879.991659525655,91.0,2021-06-01,2021-05-28,target_rebalance,0.0621905533561822,next_close
ONTO,BUY,140.0,72.05999755859375,10088.399658203125,25.220999145507815,-10113.620657348632,17766.371002177024,140.0,2021-06-01,2021-05-28,target_rebalance,0.0626158472535477,next_close
NVDA,BUY,708.0,16.204723358154297,11472.944137573242,28.682360343933105,-11501.626497917176,6264.744504259848,708.0,2021-06-01,2021-05-28,target_rebalance,0.0708584451508073,next_close
CP,SELL,102.0,73.90528869628906,7538.339447021484,18.84584861755371,7519.49359840393,13784.238102663778,0.0,2021-07-01,2021-06-30,target_exit,,next_close
CZR,SELL,91.0,102.9000015258789,9363.90013885498,23.40975034713745,9340.490388507844,23124.72849117162,0.0,2021-07-01,2021-06-30,target_exit,,next_close
EPAM,SELL,16.0,510.239990234375,8163.83984375,20.409599609375,8143.430244140625,31268.158735312245,0.0,2021-07-01,2021-06-30,target_exit,,next_close
LPX,SELL,176.0,56.55118942260742,9953.009338378906,24.882523345947266,9928.12681503296,41196.2855503452,0.0,2021-07-01,2021-06-30,target_exit,,next_close
MGM,SELL,209.0,43.49925231933594,9091.343734741211,22.72835933685303,9068.615375404357,50264.900925749556,0.0,2021-07-01,2021-06-30,target_exit,,next_close
MRNA,SELL,44.0,235.11000061035156,10344.840026855469,25.862100067138673,10318.97792678833,60583.878852537884,0.0,2021-07-01,2021-06-30,target_exit,,next_close
ONTO,SELL,140.0,72.0,10080.0,25.2,10054.8,70638.67885253788,0.0,2021-07-01,2021-06-30,target_exit,,next_close
PWR,SELL,86.0,90.0587387084961,7745.051528930664,19.36262882232666,7725.688900108337,78364.36775264621,0.0,2021-07-01,2021-06-30,target_exit,,next_close
CRWD,SELL,9.0,251.16000366210938,2260.4400329589844,5.651100082397461,2254.788932876587,80619.1566855228,33.0,2021-07-01,2021-06-30,target_rebalance,0.0478538546761161,next_close
YETI,SELL,32.0,93.1500015258789,2980.800048828125,7.452000122070313,2973.3480487060547,83592.50473422886,135.0,2021-07-01,2021-06-30,target_rebalance,0.0736351760377559,next_close
RH,SELL,6.0,690.5399780273438,4143.2398681640625,10.358099670410157,4132.881768493652,87725.38650272251,16.0,2021-07-01,2021-06-30,target_rebalance,0.062296935822398,next_close
AMAT,BUY,6.0,132.2597198486328,793.5583190917969,1.9838957977294922,-795.5422148895263,86929.84428783298,123.0,2021-07-01,2021-06-30,target_rebalance,0.0964156563352211,next_close
NVDA,BUY,43.0,20.142330169677734,866.1201972961426,2.1653004932403563,-868.2854977893829,86061.5587900436,751.0,2021-07-01,2021-06-30,target_rebalance,0.0893013407118055,next_close
CRL,BUY,7.0,372.6400146484375,2608.4801025390625,6.521200256347656,-2615.00130279541,83446.55748724818,33.0,2021-07-01,2021-06-30,target_rebalance,0.0729137720840103,next_close
CROX,BUY,38.0,117.0,4446.0,11.115,-4457.115,78989.44248724818,128.0,2021-07-01,2021-06-30,target_rebalance,0.0886955887972591,next_close
ENTG,BUY,69.0,116.25948333740234,8021.904350280762,20.054760875701906,-8041.959111156463,70947.48337609171,69.0,2021-07-01,2021-06-30,target_rebalance,0.0477151479239085,next_close
PYPL,BUY,29.0,286.5185852050781,8309.038970947266,20.772597427368165,-8329.811568374635,62617.67180771707,29.0,2021-07-01,2021-06-30,target_rebalance,0.0497602531626835,next_close
IDXX,BUY,13.0,638.9500122070312,8306.350158691406,20.765875396728514,-8327.116034088134,54290.55577362894,13.0,2021-07-01,2021-06-30,target_rebalance,0.0506417033689763,next_close
CARR,BUY,192.0,45.579742431640625,8751.310546875,21.8782763671875,-8773.188823242188,45517.36695038676,192.0,2021-07-01,2021-06-30,target_rebalance,0.0518482709287453,next_close
TSLA,BUY,39.0,225.97332763671875,8812.959777832031,22.03239944458008,-8834.992177276612,36682.37477311015,39.0,2021-07-01,2021-06-30,target_rebalance,0.052311652139139,next_close
NET,BUY,94.0,104.38999938964844,9812.659942626953,24.531649856567384,-9837.191592483521,26845.183180626627,94.0,2021-07-01,2021-06-30,target_rebalance,0.0584004638500068,next_close
FUTU,BUY,68.0,154.8949737548828,10532.858215332031,26.332145538330078,-10559.190360870361,16285.992819756266,68.0,2021-07-01,2021-06-30,target_rebalance,0.0629002155759617,next_close
ROKU,BUY,25.0,435.6700134277344,10891.75033569336,27.2293758392334,-10918.979711532593,5367.013108223673,25.0,2021-07-01,2021-06-30,target_rebalance,0.0653099685860119,next_close
ENTG,SELL,69.0,119.0965576171875,8217.662475585938,20.544156188964845,8197.118319396972,13564.131427620645,0.0,2021-08-02,2021-07-30,target_exit,,next_close
FUTU,SELL,68.0,107.01012420654297,7276.688446044922,18.191721115112305,7258.49672492981,20822.628152550453,0.0,2021-08-02,2021-07-30,target_exit,,next_close
PYPL,SELL,29.0,268.66326904296875,7791.234802246094,19.478087005615233,7771.756715240478,28594.38486779093,0.0,2021-08-02,2021-07-30,target_exit,,next_close
RH,SELL,16.0,657.77001953125,10524.3203125,26.310800781250002,10498.00951171875,39092.39437950968,0.0,2021-08-02,2021-07-30,target_exit,,next_close
TSLA,SELL,39.0,236.55667114257812,9225.710174560547,23.064275436401367,9202.645899124145,48295.04027863382,0.0,2021-08-02,2021-07-30,target_exit,,next_close
CARR,SELL,1.0,51.05866241455078,51.05866241455078,0.12764665603637695,50.931015758514405,48345.97129439234,191.0,2021-08-02,2021-07-30,target_rebalance,0.0562836693840526,next_close
CRL,SELL,3.0,405.6000061035156,1216.8000183105469,3.0420000457763674,1213.7580182647705,49559.72931265711,30.0,2021-08-02,2021-07-30,target_rebalance,0.0704228857656982,next_close
CROX,SELL,12.0,136.63999938964844,1639.6799926757812,4.099199981689453,1635.5807926940918,51195.3101053512,116.0,2021-08-02,2021-07-30,target_rebalance,0.0914527751351593,next_close
ROKU,SELL,5.0,421.3699951171875,2106.8499755859375,5.267124938964844,2101.5828506469725,53296.89295599817,20.0,2021-08-02,2021-07-30,target_rebalance,0.047252699238998,next_close
AMAT,SELL,26.0,136.15223693847656,3539.9581604003906,8.849895401000976,3531.1082649993896,56828.00122099756,97.0,2021-08-02,2021-07-30,target_rebalance,0.0758990464237614,next_close
NVDA,SELL,263.0,19.681922912597656,5176.345726013184,12.94086431503296,5163.404861698151,61991.406082695714,488.0,2021-08-02,2021-07-30,target_rebalance,0.0556167442939174,next_close
YETI,BUY,3.0,97.61000061035156,292.8300018310547,0.7320750045776367,-293.5620768356323,61697.84400586008,138.0,2021-08-02,2021-07-30,target_rebalance,0.078211418179419,next_close
CRWD,BUY,12.0,253.91000366210938,3046.9200439453125,7.617300109863281,-3054.5373440551757,58643.306661804905,45.0,2021-08-02,2021-07-30,target_rebalance,0.0669302128453041,next_close
NET,BUY,33.0,118.58999633789062,3913.4698791503906,9.783674697875977,-3923.2535538482666,54720.053107956635,127.0,2021-08-02,2021-07-30,target_rebalance,0.0876939932933834,next_close
EPAM,BUY,15.0,558.4000244140625,8376.000366210938,20.940000915527346,-8396.940367126464,46323.11274083017,15.0,2021-08-02,2021-07-30,target_rebalance,0.0492798492891589,next_close
ALGN,BUY,12.0,700.0,8400.0,21.0,-8421.0,37902.11274083017,12.0,2021-08-02,2021-07-30,target_rebalance,0.0521366961999839,next_close
AN,BUY,81.0,120.2300033569336,9738.630271911621,24.346575679779054,-9762.9768475914,28139.135893238767,81.0,2021-08-02,2021-07-30,target_rebalance,0.0571076009962694,next_close
FTNT,BUY,179.0,56.92399978637695,10189.395961761475,25.47348990440369,-10214.869451665878,17924.266441572887,179.0,2021-08-02,2021-07-30,target_rebalance,0.0592404041517879,next_close
HUBS,BUY,20.0,596.0,11920.0,29.8,-11949.8,5974.466441572888,20.0,2021-08-02,2021-07-30,target_rebalance,0.0708316024601017,next_close
AMAT,SELL,97.0,128.1890106201172,12434.334030151367,31.08583507537842,12403.248195075988,18377.714636648874,0.0,2021-09-01,2021-08-31,target_exit,,next_close
AN,SELL,81.0,108.20999908447266,8765.009925842285,21.912524814605714,8743.097401027679,27120.81203767655,0.0,2021-09-01,2021-08-31,target_exit,,next_close
IDXX,SELL,13.0,676.9000244140625,8799.700317382812,21.999250793457033,8777.701066589356,35898.513104265905,0.0,2021-09-01,2021-08-31,target_exit,,next_close
NVDA,SELL,488.0,22.367591857910156,10915.384826660156,27.288462066650393,10888.096364593506,46786.60946885941,0.0,2021-09-01,2021-08-31,target_exit,,next_close
ROKU,SELL,20.0,368.1000061035156,7362.0001220703125,18.405000305175783,7343.595121765136,54130.20459062455,0.0,2021-09-01,2021-08-31,target_exit,,next_close
CRWD,SELL,2.0,269.9700012207031,539.9400024414062,1.3498500061035157,538.5901524353027,54668.79474305985,43.0,2021-09-01,2021-08-31,target_rebalance,0.064609962031254,next_close
YETI,SELL,23.0,100.11000061035156,2302.530014038086,5.756325035095215,2296.7736890029905,56965.56843206284,115.0,2021-09-01,2021-08-31,target_rebalance,0.0640652307129968,next_close
CROX,SELL,17.0,143.36000061035156,2437.1200103759766,6.092800025939941,2431.0272103500365,59396.59564241288,99.0,2021-09-01,2021-08-31,target_rebalance,0.0790582085344365,next_close
NET,SELL,21.0,126.86000061035156,2664.060012817383,6.6601500320434575,2657.3998627853393,62053.99550519822,106.0,2021-09-01,2021-08-31,target_rebalance,0.0745746901810275,next_close
CRL,SELL,6.0,443.7900085449219,2662.7400512695312,6.656850128173828,2656.083201141357,64710.07870633958,24.0,2021-09-01,2021-08-31,target_rebalance,0.0583636583359849,next_close
ALGN,BUY,1.0,718.719970703125,718.719970703125,1.7967999267578125,-720.5167706298828,63989.561935709695,13.0,2021-09-01,2021-08-31,target_rebalance,0.0550232084137196,next_close
FTNT,BUY,27.0,61.694000244140625,1665.7380065917969,4.164345016479492,-1669.9023516082764,62319.65958410142,206.0,2021-09-01,2021-08-31,target_rebalance,0.07105920213207,next_close
CARR,BUY,46.0,54.125362396240234,2489.766670227051,6.224416675567627,-2495.9910869026185,59823.6684971988,237.0,2021-09-01,2021-08-31,target_rebalance,0.0716328361492145,next_close
DDOG,BUY,73.0,135.77000427246094,9911.210311889648,24.77802577972412,-9935.988337669372,49887.680159529424,73.0,2021-09-01,2021-08-31,target_rebalance,0.0559675784769015,next_close
RGEN,BUY,35.0,285.8699951171875,10005.449829101562,25.01362457275391,-10030.463453674316,39857.216705855106,35.0,2021-09-01,2021-08-31,target_rebalance,0.0561031444337036,next_close
GTLS,BUY,53.0,193.5399932861328,10257.619644165039,25.6440491104126,-10283.263693275452,29573.953012579652,53.0,2021-09-01,2021-08-31,target_rebalance,0.058121790405004,next_close
BILL,BUY,37.0,277.1300048828125,10253.810180664062,25.634525451660156,-10279.444706115723,19294.50830646393,37.0,2021-09-01,2021-08-31,target_rebalance,0.0584328557017783,next_close
DHR,BUY,44.0,284.00927734375,12496.408203125,31.2410205078125,-12527.649223632812,6766.859082831117,44.0,2021-09-01,2021-08-31,target_rebalance,0.0696918892418378,next_close
ALGN,SELL,13.0,662.0599975585938,8606.779968261719,21.516949920654298,8585.263018341064,15352.122101172181,0.0,2021-10-01,2021-09-30,target_exit,,next_close
CARR,SELL,237.0,49.048484802246094,11624.490898132324,29.061227245330812,11595.429670886993,26947.551772059174,0.0,2021-10-01,2021-09-30,target_exit,,next_close
CRL,SELL,24.0,416.69000244140625,10000.56005859375,25.001400146484375,9975.558658447266,36923.11043050644,0.0,2021-10-01,2021-09-30,target_exit,,next_close
CROX,SELL,99.0,141.1300048828125,13971.870483398438,34.9296762084961,13936.940807189942,50860.051237696374,0.0,2021-10-01,2021-09-30,target_exit,,next_close
CRWD,SELL,43.0,249.27000427246094,10718.61018371582,26.79652545928955,10691.813658256531,61551.86489595291,0.0,2021-10-01,2021-09-30,target_exit,,next_close
DDOG,SELL,73.0,144.69000244140625,10562.370178222656,26.40592544555664,10535.9642527771,72087.82914873,0.0,2021-10-01,2021-09-30,target_exit,,next_close
DHR,SELL,44.0,262.2742004394531,11540.064819335938,28.850162048339843,11511.214657287597,83599.0438060176,0.0,2021-10-01,2021-09-30,target_exit,,next_close
EPAM,SELL,15.0,575.4400024414062,8631.600036621094,21.579000091552736,8610.02103652954,92209.06484254713,0.0,2021-10-01,2021-09-30,target_exit,,next_close
YETI,SELL,115.0,85.9800033569336,9887.700386047363,24.71925096511841,9862.981135082246,102072.04597762937,0.0,2021-10-01,2021-09-30,target_exit,,next_close
GTLS,SELL,13.0,199.11000061035156,2588.4300079345703,6.471075019836426,2581.958932914734,104654.0049105441,40.0,2021-10-01,2021-09-30,target_rebalance,0.0465613114969005,next_close
FTNT,SELL,43.0,59.599998474121094,2562.799934387207,6.406999835968017,2556.392934551239,107210.39784509534,163.0,2021-10-01,2021-09-30,target_rebalance,0.0565303243544977,next_close
NET,SELL,29.0,114.9800033569336,3334.420097351074,8.336050243377686,3326.0840471076967,110536.48189220304,77.0,2021-10-01,2021-09-30,target_rebalance,0.0512005138885447,next_close
HUBS,BUY,3.0,684.22998046875,2052.68994140625,5.1317248535156255,-2057.8216662597656,108478.66022594327,23.0,2021-10-01,2021-09-30,target_rebalance,0.0949101483714905,next_close
RGEN,BUY,9.0,281.6000061035156,2534.4000549316406,6.336000137329101,-2540.7360550689696,105937.9241708743,44.0,2021-10-01,2021-09-30,target_rebalance,0.072807100353142,next_close
BILL,BUY,20.0,277.1300048828125,5542.60009765625,13.856500244140625,-5556.456597900391,100381.46757297391,57.0,2021-10-01,2021-09-30,target_rebalance,0.0935856288264445,next_close
INTU,BUY,14.0,526.7904052734375,7375.065673828125,18.437664184570313,-7393.503338012695,92987.96423496121,14.0,2021-10-01,2021-09-30,target_rebalance,0.0461595980953977,next_close
MRNA,BUY,23.0,341.0899963378906,7845.069915771484,19.612674789428713,-7864.682590560913,85123.2816444003,23.0,2021-10-01,2021-09-30,target_rebalance,0.0462347867862304,next_close
ZS,BUY,32.0,263.1600036621094,8421.1201171875,21.05280029296875,-8442.17291748047,76681.10872691983,32.0,2021-10-01,2021-09-30,target_rebalance,0.0504905911010341,next_close
DKS,BUY,81.0,109.14860534667969,8841.037033081055,22.102592582702638,-8863.139625663758,67817.96910125608,81.0,2021-10-01,2021-09-30,target_rebalance,0.0518888274483495,next_close
MDB,BUY,23.0,474.510009765625,10913.730224609375,27.28432556152344,-10941.014550170898,56876.95455108518,23.0,2021-10-01,2021-09-30,target_rebalance,0.0652131615538698,next_close
PCTY,BUY,41.0,285.010009765625,11685.410400390625,29.213526000976564,-11714.623926391601,45162.33062469358,41.0,2021-10-01,2021-09-30,target_rebalance,0.06926441075047,next_close
AN,BUY,102.0,119.41999816894531,12180.839813232422,30.452099533081054,-12211.291912765502,32951.03871192808,102.0,2021-10-01,2021-09-30,target_rebalance,0.0713358134625836,next_close
TSLA,BUY,50.0,258.40667724609375,12920.333862304688,32.30083465576172,-12952.63469696045,19998.40401496763,50.0,2021-10-01,2021-09-30,target_rebalance,0.0760196144176224,next_close
PANW,BUY,163.0,81.08499908447266,13216.854850769043,33.04213712692261,-13249.896987895965,6748.507027071664,163.0,2021-10-01,2021-09-30,target_rebalance,0.0777981690934218,next_close
AN,SELL,102.0,123.37999725341797,12584.759719848633,31.46189929962158,12553.29782054901,19301.804847620675,0.0,2021-11-01,2021-10-29,target_exit,,next_close
DKS,SELL,81.0,108.34154510498047,8775.665153503418,21.939162883758545,8753.72599061966,28055.530838240335,0.0,2021-11-01,2021-10-29,target_exit,,next_close
GTLS,SELL,40.0,182.0,7280.0,18.2,7261.8,35317.330838240334,0.0,2021-11-01,2021-10-29,target_exit,,next_close
MRNA,SELL,23.0,337.1700134277344,7754.910308837891,19.38727577209473,7735.523033065796,43052.85387130613,0.0,2021-11-01,2021-10-29,target_exit,,next_close
PCTY,SELL,41.0,305.75,12535.75,31.339375,12504.410625,55557.26449630613,0.0,2021-11-01,2021-10-29,target_exit,,next_close
RGEN,SELL,44.0,304.4700012207031,13396.680053710938,33.491700134277345,13363.188353576661,68920.4528498828,0.0,2021-11-01,2021-10-29,target_exit,,next_close
TSLA,SELL,50.0,402.86334228515625,20143.167114257812,50.35791778564453,20092.809196472168,89013.26204635497,0.0,2021-11-01,2021-10-29,target_exit,,next_close
NET,SELL,2.0,194.25999450683594,388.5199890136719,0.9712999725341797,387.5486890411377,89400.81073539611,75.0,2021-11-01,2021-10-29,target_rebalance,0.0744859690194118,next_close
BILL,SELL,11.0,299.75,3297.25,8.243125000000001,3289.006875,92689.81761039612,46.0,2021-11-01,2021-10-29,target_rebalance,0.0701201728012462,next_close
HUBS,SELL,4.0,803.6699829101562,3214.679931640625,8.036699829101563,3206.6432318115235,95896.46084220764,19.0,2021-11-01,2021-10-29,target_rebalance,0.0748746541793841,next_close
PANW,BUY,14.0,84.71833038330078,1186.056625366211,2.9651415634155276,-1189.0217669296264,94707.43907527802,177.0,2021-11-01,2021-10-29,target_rebalance,0.0777559185829099,next_close
ZS,BUY,6.0,318.67999267578125,1912.0799560546875,4.780199890136719,-1916.8601559448243,92790.57891933319,38.0,2021-11-01,2021-10-29,target_rebalance,0.0640134484814976,next_close
FTNT,BUY,48.0,64.8219985961914,3111.4559326171875,7.778639831542969,-3119.2345724487304,89671.34434688446,211.0,2021-11-01,2021-10-29,target_rebalance,0.0707492969785831,next_close
MDB,BUY,9.0,498.2699890136719,4484.429901123047,11.211074752807617,-4495.640975875855,85175.70337100861,32.0,2021-11-01,2021-10-29,target_rebalance,0.0839905012495349,next_close
INTU,BUY,8.0,590.3335571289062,4722.66845703125,11.806671142578125,-4734.475128173828,80441.22824283478,22.0,2021-11-01,2021-10-29,target_rebalance,0.0679712622539631,next_close
NVDA,BUY,348.0,25.742511749267578,8958.394088745117,22.395985221862794,-8980.79007396698,71460.4381688678,348.0,2021-11-01,2021-10-29,target_rebalance,0.046336103950914,next_close
GTM,BUY,134.0,68.36000061035156,9160.24008178711,22.900600204467775,-9183.140681991577,62277.29748687622,134.0,2021-11-01,2021-10-29,target_rebalance,0.0475688543905122,next_close
PWR,BUY,78.0,120.10746002197266,9368.381881713867,23.420954704284668,-9391.802836418152,52885.494650458066,78.0,2021-11-01,2021-10-29,target_rebalance,0.0483996790172682,next_close
SAIA,BUY,31.0,328.1199951171875,10171.719848632812,25.429299621582032,-10197.149148254395,42688.34550220367,31.0,2021-11-01,2021-10-29,target_rebalance,0.0535082547887699,next_close
EPAM,BUY,16.0,659.6500244140625,10554.400390625,26.3860009765625,-10580.786391601563,32107.55911060211,16.0,2021-11-01,2021-10-29,target_rebalance,0.0565948458947886,next_close
DDOG,BUY,70.0,165.1999969482422,11563.999786376953,28.909999465942384,-11592.909785842896,20514.649324759215,70.0,2021-11-01,2021-10-29,target_rebalance,0.0604654452077346,next_close
CRWD,BUY,52.0,269.1700134277344,13996.840698242188,34.99210174560547,-14031.832799987793,6482.816524771422,52.0,2021-11-01,2021-10-29,target_rebalance,0.073165593203481,next_close
CRWD,SELL,52.0,201.5,10478.0,26.195,10451.805,16934.62152477142,0.0,2021-12-01,2021-11-30,target_exit,,next_close
EPAM,SELL,16.0,595.010009765625,9520.16015625,23.800400390625,9496.359755859376,26430.981280630796,0.0,2021-12-01,2021-11-30,target_exit,,next_close
FTNT,SELL,211.0,61.051998138427734,12881.971607208252,32.20492901802063,12849.766678190232,39280.747958821026,0.0,2021-12-01,2021-11-30,target_exit,,next_close
GTM,SELL,134.0,59.33000183105469,7950.220245361328,19.87555061340332,7930.344694747925,47211.09265356895,0.0,2021-12-01,2021-11-30,target_exit,,next_close
PWR,SELL,78.0,109.71296691894531,8557.611419677734,21.394028549194335,8536.21739112854,55747.31004469749,0.0,2021-12-01,2021-11-30,target_exit,,next_close
BILL,SELL,1.0,252.02000427246094,252.02000427246094,0.6300500106811524,251.3899542617798,55998.69999895927,45.0,2021-12-01,2021-11-30,target_rebalance,0.0612971338486317,next_close
PANW,SELL,18.0,88.02666473388672,1584.479965209961,3.9611999130249025,1580.518765296936,57579.218764256206,159.0,2021-12-01,2021-11-30,target_rebalance,0.0760717745360196,next_close
HUBS,SELL,2.0,765.6400146484375,1531.280029296875,3.8282000732421877,1527.4518292236328,59106.67059347984,17.0,2021-12-01,2021-11-30,target_rebalance,0.0693122006970649,next_close
MDB,SELL,10.0,456.8900146484375,4568.900146484375,11.422250366210937,4557.477896118164,63664.148489598,22.0,2021-12-01,2021-11-30,target_rebalance,0.0532787418929313,next_close
NVDA,BUY,9.0,31.33600616455078,282.02405548095703,0.7050601387023926,-282.7291156196594,63381.419373978344,357.0,2021-12-01,2021-11-30,target_rebalance,0.0612347488808782,next_close
ZS,BUY,1.0,318.2099914550781,318.2099914550781,0.7955249786376953,-319.0055164337158,63062.41385754463,39.0,2021-12-01,2021-11-30,target_rebalance,0.0685842146153284,next_close
SAIA,BUY,2.0,316.1499938964844,632.2999877929688,1.5807499694824219,-633.8807377624512,62428.53311978217,33.0,2021-12-01,2021-11-30,target_rebalance,0.0576707659073235,next_close
DDOG,BUY,15.0,164.52999877929688,2467.949981689453,6.169874954223633,-2474.119856643677,59954.41326313849,85.0,2021-12-01,2021-11-30,target_rebalance,0.0771180815733094,next_close
NET,BUY,19.0,164.2100067138672,3119.9901275634766,7.799975318908691,-3127.7901028823853,56826.62316025611,94.0,2021-12-01,2021-11-30,target_rebalance,0.0851196296274192,next_close
HLI,BUY,95.0,97.40000915527344,9253.000869750977,23.132502174377443,-9276.133371925354,47550.48978833076,95.0,2021-12-01,2021-11-30,target_rebalance,0.0506078747908618,next_close
COST,BUY,19.0,503.7268371582031,9570.80990600586,23.92702476501465,-9594.736930770874,37955.752857559884,19.0,2021-12-01,2021-11-30,target_rebalance,0.0548020658411028,next_close
LNG,BUY,106.0,97.34809875488281,10318.898468017578,25.797246170043945,-10344.695714187623,27611.05714337226,106.0,2021-12-01,2021-11-30,target_rebalance,0.0569166613561436,next_close
MSFT,BUY,33.0,317.9637451171875,10492.803588867188,26.232008972167968,-10519.035597839356,17092.021545532905,33.0,2021-12-01,2021-11-30,target_rebalance,0.057852489471191,next_close
AZO,BUY,6.0,1806.8299560546875,10840.979736328125,27.102449340820314,-10868.082185668945,6223.93935986396,6.0,2021-12-01,2021-11-30,target_rebalance,0.0646169507215442,next_close
BILL,SELL,45.0,233.5399932861328,10509.299697875977,26.273249244689943,10483.026448631286,16706.965808495246,0.0,2022-01-03,2021-12-31,target_exit,,next_close
DDOG,SELL,85.0,163.8300018310547,13925.550155639648,34.813875389099124,13890.736280250549,30597.702088745795,0.0,2022-01-03,2021-12-31,target_exit,,next_close
HLI,SELL,95.0,96.30347442626953,9148.830070495605,22.872075176239015,9125.957995319366,39723.66008406516,0.0,2022-01-03,2021-12-31,target_exit,,next_close
HUBS,SELL,17.0,607.5900268554688,10329.030456542969,25.822576141357423,10303.207880401611,50026.86796446677,0.0,2022-01-03,2021-12-31,target_exit,,next_close
INTU,SELL,22.0,612.3058471679688,13470.728637695312,33.676821594238284,13437.051816101075,63463.91978056785,0.0,2022-01-03,2021-12-31,target_exit,,next_close
LNG,SELL,106.0,98.02719116210938,10390.882263183594,25.977205657958987,10364.905057525635,73828.82483809348,0.0,2022-01-03,2021-12-31,target_exit,,next_close
MDB,SELL,22.0,487.55999755859375,10726.319946289062,26.815799865722656,10699.50414642334,84528.32898451682,0.0,2022-01-03,2021-12-31,target_exit,,next_close
MSFT,SELL,33.0,322.4624328613281,10641.260284423828,26.60315071105957,10614.657133712768,95142.98611822959,0.0,2022-01-03,2021-12-31,target_exit,,next_close
NET,SELL,94.0,126.16000366210938,11859.040344238281,29.647600860595702,11829.392743377686,106972.37886160727,0.0,2022-01-03,2021-12-31,target_exit,,next_close
PANW,SELL,159.0,90.70166778564453,14421.56517791748,36.0539129447937,14385.511264972687,121357.89012657996,0.0,2022-01-03,2021-12-31,target_exit,,next_close
ZS,SELL,39.0,301.8299865722656,11771.36947631836,29.4284236907959,11741.941052627564,133099.83117920754,0.0,2022-01-03,2021-12-31,target_exit,,next_close
NVDA,SELL,17.0,30.026142120361328,510.4444160461426,1.2761110401153564,509.1683050060272,133608.99948421356,340.0,2022-01-03,2021-12-31,target_rebalance,0.0576091939909421,next_close
SAIA,BUY,7.0,314.7699890136719,2203.389923095703,5.508474807739258,-2208.8983979034424,131400.1010863101,40.0,2022-01-03,2021-12-31,target_rebalance,0.0723242905538833,next_close
COST,BUY,7.0,538.7796630859375,3771.4576416015625,9.428644104003906,-3780.8862857055665,127619.21480060455,26.0,2022-01-03,2021-12-31,target_rebalance,0.0806197468280283,next_close
BLDR,BUY,112.0,83.48999786376953,9350.879760742188,23.37719940185547,-9374.256960144043,118244.9578404605,112.0,2022-01-03,2021-12-31,target_rebalance,0.0530020560748327,next_close
KLAC,BUY,232.0,41.59673309326172,9650.442077636719,24.126105194091796,-9674.56818283081,108570.38965762968,232.0,2022-01-03,2021-12-31,target_rebalance,0.0547192547495744,next_close
COR,BUY,77.0,126.89015197753906,9770.541702270508,24.42635425567627,-9794.968056526184,98775.4216011035,77.0,2022-01-03,2021-12-31,target_rebalance,0.0553299649580103,next_close
MLM,BUY,22.0,427.05120849609375,9395.126586914062,23.487816467285157,-9418.614403381347,89356.80719772216,22.0,2022-01-03,2021-12-31,target_rebalance,0.0555235249237668,next_close
VVV,BUY,280.0,36.5775032043457,10241.700897216797,25.604252243041994,-10267.305149459839,79089.50204826232,280.0,2022-01-03,2021-12-31,target_rebalance,0.0580375442840225,next_close
ON,BUY,150.0,70.16999816894531,10525.499725341797,26.313749313354492,-10551.813474655151,68537.68857360717,150.0,2022-01-03,2021-12-31,target_rebalance,0.0595994326202895,next_close
TW,BUY,120.0,94.65404510498047,11358.485412597656,28.39621353149414,-11386.88162612915,57150.80694747802,120.0,2022-01-03,2021-12-31,target_rebalance,0.0644095280297765,next_close
ANET,BUY,322.0,35.560001373291016,11450.320442199707,28.625801105499267,-11478.946243305207,45671.86070417281,322.0,2022-01-03,2021-12-31,target_rebalance,0.0648973122868784,next_close
EXP,BUY,76.0,160.9480743408203,12232.053649902344,30.58013412475586,-12262.633784027099,33409.22692014571,76.0,2022-01-03,2021-12-31,target_rebalance,0.070130141535001,next_close
FDS,BUY,27.0,453.5391540527344,12245.557159423828,30.61389289855957,-12276.171052322388,21133.05586782332,27.0,2022-01-03,2021-12-31,target_rebalance,0.0708212987106524,next_close
AVGO,BUY,226.0,61.31608963012695,13857.436256408691,34.64359064102173,-13892.079847049714,7240.976020773607,226.0,2022-01-03,2021-12-31,target_rebalance,0.078686142150102,next_close
ANET,SELL,322.0,31.075000762939453,10006.150245666504,25.01537561416626,9981.134870052338,17222.110890825945,0.0,2022-02-01,2022-01-31,target_exit,,next_close
BLDR,SELL,112.0,70.0999984741211,7851.1998291015625,19.627999572753907,7831.571829528809,25053.682720354755,0.0,2022-02-01,2022-01-31,target_exit,,next_close
COR,SELL,77.0,131.71243286132812,10141.857330322266,25.354643325805664,10116.50268699646,35170.185407351215,0.0,2022-02-01,2022-01-31,target_exit,,next_close
EXP,SELL,76.0,143.7356719970703,10923.911071777344,27.30977767944336,10896.6012940979,46066.78670144911,0.0,2022-02-01,2022-01-31,target_exit,,next_close
FDS,SELL,27.0,401.4320373535156,10838.665008544922,27.096662521362305,10811.56834602356,56878.35504747267,0.0,2022-02-01,2022-01-31,target_exit,,next_close
KLAC,SELL,232.0,37.09757614135742,8606.637664794922,21.516594161987307,8585.121070632935,65463.47611810561,0.0,2022-02-01,2022-01-31,target_exit,,next_close
MLM,SELL,22.0,379.9209899902344,8358.261779785156,20.895654449462892,8337.366125335693,73800.84224344131,0.0,2022-02-01,2022-01-31,target_exit,,next_close
NVDA,SELL,340.0,24.56041145324707,8350.539894104004,20.87634973526001,8329.663544368745,82130.50578781005,0.0,2022-02-01,2022-01-31,target_exit,,next_close
ON,SELL,150.0,59.650001525878906,8947.500228881836,22.36875057220459,8925.131478309631,91055.63726611968,0.0,2022-02-01,2022-01-31,target_exit,,next_close
SAIA,SELL,40.0,299.7200012207031,11988.800048828125,29.972000122070312,11958.828048706055,103014.46531482573,0.0,2022-02-01,2022-01-31,target_exit,,next_close
TW,SELL,120.0,82.84068298339844,9940.881958007812,24.852204895019533,9916.029753112793,112930.49506793852,0.0,2022-02-01,2022-01-31,target_exit,,next_close
VVV,SELL,280.0,32.90597152709961,9213.67202758789,23.03418006896973,9190.637847518921,122121.13291545745,0.0,2022-02-01,2022-01-31,target_exit,,next_close
AZO,SELL,1.0,2011.5699462890625,2011.5699462890625,5.028924865722656,2006.5410214233398,124127.67393688079,5.0,2022-02-01,2022-01-31,target_rebalance,0.0621396580030467,next_close
COST,SELL,7.0,483.3528747558594,3383.4701232910156,8.458675308227539,3375.011447982788,127502.68538486358,19.0,2022-02-01,2022-01-31,target_rebalance,0.0551646914683548,next_close
AVGO,SELL,116.0,54.78995132446289,6355.634353637695,15.88908588409424,6339.745267753601,133842.4306526172,110.0,2022-02-01,2022-01-31,target_rebalance,0.0377624893309072,next_close
PG,BUY,32.0,143.17909240722656,4581.73095703125,11.454327392578126,-4593.185284423828,129249.24536819335,32.0,2022-02-01,2022-01-31,target_rebalance,0.0290814938576553,next_close
QCOM,BUY,33.0,160.35025024414062,5291.558258056641,13.228895645141602,-5304.787153701782,123944.45821449158,33.0,2022-02-01,2022-01-31,target_rebalance,0.0342026539125452,next_close
BRO,BUY,98.0,64.59040069580078,6329.859268188477,15.824648170471193,-6345.6839163589475,117598.77429813263,98.0,2022-02-01,2022-01-31,target_rebalance,0.0399349686800035,next_close
MCK,BUY,25.0,251.1763458251953,6279.408645629883,15.698521614074707,-6295.1071672439575,111303.66713088867,25.0,2022-02-01,2022-01-31,target_rebalance,0.0400659386998291,next_close
PANW,BUY,83.0,85.47666931152344,7094.563552856445,17.736408882141113,-7112.299961738587,104191.3671691501,83.0,2022-02-01,2022-01-31,target_rebalance,0.0447387870070012,next_close
MSFT,BUY,27.0,297.4263610839844,8030.511749267578,20.076279373168944,-8050.588028640747,96140.77914050934,27.0,2022-02-01,2022-01-31,target_rebalance,0.0510901123058614,next_close
MU,BUY,129.0,79.63299560546875,10272.656433105469,25.681641082763672,-10298.338074188232,85842.44106632112,129.0,2022-02-01,2022-01-31,target_rebalance,0.0646956192378417,next_close
AAPL,BUY,60.0,170.70521545410156,10242.312927246094,25.605782318115235,-10267.918709564208,75574.5223567569,60.0,2022-02-01,2022-01-31,target_rebalance,0.0650570077498002,next_close
GOOGL,BUY,78.0,136.43418884277344,10641.866729736328,26.60466682434082,-10668.47139656067,64906.05096019623,78.0,2022-02-01,2022-01-31,target_rebalance,0.0671333143660573,next_close
MA,BUY,28.0,382.2545166015625,10703.12646484375,26.757816162109375,-10729.88428100586,54176.16667919037,28.0,2022-02-01,2022-01-31,target_rebalance,0.0678137152330368,next_close
V,BUY,49.0,224.53219604492188,11002.077606201172,27.50519401550293,-11029.582800216675,43146.583878973695,49.0,2022-02-01,2022-01-31,target_rebalance,0.0694146584494593,next_close
GOOG,BUY,83.0,136.6734619140625,11343.897338867188,28.35974334716797,-11372.257082214355,31774.326796759342,83.0,2022-02-01,2022-01-31,target_rebalance,0.0717048916985998,next_close
AVGO,SELL,110.0,52.70085906982422,5797.094497680664,14.49273624420166,5782.601761436463,37556.9285581958,0.0,2022-03-01,2022-02-28,target_exit,,next_close
GOOG,SELL,83.0,132.99542236328125,11038.620056152344,27.59655014038086,11011.023506011963,48567.95206420777,0.0,2022-03-01,2022-02-28,target_exit,,next_close
GOOGL,SELL,78.0,132.88319396972656,10364.889129638672,25.91222282409668,10338.976906814576,58906.928971022346,0.0,2022-03-01,2022-02-28,target_exit,,next_close
MCK,SELL,25.0,266.12896728515625,6653.224182128906,16.633060455322266,6636.591121673584,65543.52009269592,0.0,2022-03-01,2022-02-28,target_exit,,next_close
PG,SELL,32.0,137.41571044921875,4397.302734375,10.9932568359375,4386.309477539063,69929.82957023499,0.0,2022-03-01,2022-02-28,target_exit,,next_close
QCOM,SELL,33.0,148.18344116210938,4890.053558349609,12.225133895874023,4877.828424453735,74807.65799468872,0.0,2022-03-01,2022-02-28,target_exit,,next_close
V,SELL,49.0,202.25868225097656,9910.675430297852,24.77668857574463,9885.898741722107,84693.55673641083,0.0,2022-03-01,2022-02-28,target_exit,,next_close
PANW,SELL,2.0,96.125,192.25,0.480625,191.769375,84885.32611141083,81.0,2022-03-01,2022-02-28,target_rebalance,0.0497194303301213,next_close
MSFT,SELL,2.0,284.7108154296875,569.421630859375,1.4235540771484376,567.9980767822266,85453.32418819306,25.0,2022-03-01,2022-02-28,target_rebalance,0.0450406098768552,next_close
MU,SELL,16.0,84.335693359375,1349.37109375,3.373427734375,1345.997666015625,86799.32185420868,113.0,2022-03-01,2022-02-28,target_rebalance,0.0613579691185721,next_close
COST,SELL,3.0,497.9108581542969,1493.7325744628906,3.734331436157227,1489.9982430267335,88289.32009723541,16.0,2022-03-01,2022-02-28,target_rebalance,0.0513507057404689,next_close
BRO,BUY,26.0,64.8823471069336,1686.9410247802734,4.217352561950683,-1691.1583773422242,86598.16171989319,124.0,2022-03-01,2022-02-28,target_rebalance,0.0519309350995201,next_close
MA,BUY,13.0,335.8644714355469,4366.238128662109,10.915595321655273,-4377.153723983764,82221.00799590943,41.0,2022-03-01,2022-02-28,target_rebalance,0.0907563138318244,next_close
AAPL,BUY,31.0,159.75364685058594,4952.363052368164,12.38090763092041,-4964.743959999085,77256.26403591034,91.0,2022-03-01,2022-02-28,target_rebalance,0.094147636959305,next_close
VRTX,BUY,25.0,230.69000244140625,5767.250061035156,14.41812515258789,-5781.668186187744,71474.5958497226,25.0,2022-03-01,2022-02-28,target_rebalance,0.0373050070151394,next_close
EW,BUY,52.0,111.61000061035156,5803.720031738281,14.509300079345703,-5818.229331817627,65656.36651790497,52.0,2022-03-01,2022-02-28,target_rebalance,0.0374869190053577,next_close
SYK,BUY,23.0,251.22996520996094,5778.289199829102,14.445722999572753,-5792.734922828674,59863.631595076295,23.0,2022-03-01,2022-02-28,target_rebalance,0.0377736746428719,next_close
BSX,BUY,147.0,43.36000061035156,6373.92008972168,15.9348002243042,-6389.854889945984,53473.77670513031,147.0,2022-03-01,2022-02-28,target_rebalance,0.0411090137368296,next_close
COO,BUY,67.0,102.79817199707031,6887.477523803711,17.21869380950928,-6904.69621761322,46569.08048751709,67.0,2022-03-01,2022-02-28,target_rebalance,0.0445003549236759,next_close
TSLA,BUY,24.0,288.1233215332031,6914.959716796875,17.287399291992188,-6932.247116088867,39636.83337142822,24.0,2022-03-01,2022-02-28,target_rebalance,0.0458139480328293,next_close
ORLY,BUY,228.0,43.768001556396484,9979.104354858398,24.947760887145996,-10004.052115745544,29632.781255682676,228.0,2022-03-01,2022-02-28,target_rebalance,0.0643563565681844,next_close
AZO,SELL,5.0,1974.510009765625,9872.550048828125,24.681375122070314,9847.868673706054,39480.64992938873,0.0,2022-04-01,2022-03-31,target_exit,,next_close
BRO,SELL,124.0,70.4031982421875,8729.99658203125,21.824991455078127,8708.171590576172,48188.821519964906,0.0,2022-04-01,2022-03-31,target_exit,,next_close
BSX,SELL,147.0,44.9900016784668,6613.530246734619,16.53382561683655,6596.996421117783,54785.817941082685,0.0,2022-04-01,2022-03-31,target_exit,,next_close
COO,SELL,67.0,107.07706451416016,7174.1633224487305,17.935408306121825,7156.227914142609,61942.0458552253,0.0,2022-04-01,2022-03-31,target_exit,,next_close
EW,SELL,52.0,123.06999969482422,6399.639984130859,15.999099960327149,6383.640884170532,68325.68673939582,0.0,2022-04-01,2022-03-31,target_exit,,next_close
MU,SELL,113.0,74.48057556152344,8416.305038452148,21.04076259613037,8395.264275856018,76720.95101525183,0.0,2022-04-01,2022-03-31,target_exit,,next_close
ORLY,SELL,228.0,44.49533462524414,10144.936294555664,25.36234073638916,10119.573953819276,86840.5249690711,0.0,2022-04-01,2022-03-31,target_exit,,next_close
SYK,SELL,23.0,258.03814697265625,5934.877380371094,14.837193450927735,5920.040186920166,92760.56515599127,0.0,2022-04-01,2022-03-31,target_exit,,next_close
TSLA,SELL,24.0,361.5299987792969,8676.719970703125,21.691799926757813,8655.028170776368,101415.59332676763,0.0,2022-04-01,2022-03-31,target_exit,,next_close
VRTX,SELL,25.0,266.1499938964844,6653.749847412109,16.634374618530273,6637.115472793579,108052.70879956121,0.0,2022-04-01,2022-03-31,target_exit,,next_close
MA,SELL,1.0,354.86700439453125,354.86700439453125,0.8871675109863282,353.9798368835449,108406.68863644476,40.0,2022-04-01,2022-03-31,target_rebalance,0.0872520355693291,next_close
COST,SELL,1.0,548.0324096679688,548.0324096679688,1.370081024169922,546.6623286437988,108953.35096508855,15.0,2022-04-01,2022-03-31,target_rebalance,0.0489427405246323,next_close
PANW,SELL,15.0,101.85166931152344,1527.7750396728516,3.819437599182129,1523.9556020736695,110477.30656716222,66.0,2022-04-01,2022-03-31,target_rebalance,0.0411747799801279,next_close
AAPL,SELL,27.0,170.6290283203125,4606.9837646484375,11.517459411621093,4595.466305236816,115072.77287239903,64.0,2022-04-01,2022-03-31,target_rebalance,0.066954576451807,next_close
MSFT,BUY,8.0,298.6784973144531,2389.427978515625,5.973569946289063,-2395.401548461914,112677.37132393711,33.0,2022-04-01,2022-03-31,target_rebalance,0.060871088704969,next_close
DLTR,BUY,41.0,159.42999267578125,6536.629699707031,16.341574249267577,-6552.971273956299,106124.40004998082,41.0,2022-04-01,2022-03-31,target_rebalance,0.0411444486515215,next_close
CP,BUY,88.0,75.85079193115234,6674.869689941406,16.687174224853514,-6691.556864166259,99432.84318581456,88.0,2022-04-01,2022-03-31,target_rebalance,0.0412962170533177,next_close
TDY,BUY,15.0,474.29998779296875,7114.499816894531,17.78624954223633,-7132.286066436767,92300.5571193778,15.0,2022-04-01,2022-03-31,target_rebalance,0.045085945571774,next_close
GOOGL,BUY,53.0,138.91868591308594,7362.690353393555,18.406725883483887,-7381.097079277039,84919.46004010076,53.0,2022-04-01,2022-03-31,target_rebalance,0.0454676911585597,next_close
HSIC,BUY,82.0,89.33999633789062,7325.879699707031,18.31469924926758,-7344.194398956299,77575.26564114446,82.0,2022-04-01,2022-03-31,target_rebalance,0.0455952973155337,next_close
FCN,BUY,53.0,159.52000427246094,8454.56022644043,21.136400566101074,-8475.696627006531,69099.56901413793,53.0,2022-04-01,2022-03-31,target_rebalance,0.0522719335275354,next_close
NVDA,BUY,321.0,26.632415771484375,8549.005462646484,21.37251365661621,-8570.3779763031,60529.19103783483,321.0,2022-04-01,2022-03-31,target_rebalance,0.052648605266426,next_close
TMUS,BUY,69.0,125.04499053955078,8628.104347229004,21.57026086807251,-8649.674608097077,51879.516429737756,69.0,2022-04-01,2022-03-31,target_rebalance,0.0535788963955795,next_close
AKAM,BUY,75.0,120.51000213623047,9038.250160217285,22.595625400543213,-9060.845785617828,42818.67064411993,75.0,2022-04-01,2022-03-31,target_rebalance,0.0559933215616779,next_close
GOOG,BUY,71.0,139.47032165527344,9902.392837524414,24.755982093811035,-9927.148819618225,32891.5218245017,71.0,2022-04-01,2022-03-31,target_rebalance,0.0617224222672087,next_close
AAPL,SELL,64.0,154.62429809570312,9895.955078125,24.7398876953125,9871.215190429688,42762.737014931394,0.0,2022-05-02,2022-04-29,target_exit,,next_close
AKAM,SELL,75.0,112.30999755859375,8423.249816894531,21.058124542236328,8402.191692352295,51164.92870728369,0.0,2022-05-02,2022-04-29,target_exit,,next_close
CP,SELL,88.0,69.70124053955078,6133.709167480469,15.334272918701172,6118.374894561767,57283.30360184546,0.0,2022-05-02,2022-04-29,target_exit,,next_close
GOOG,SELL,71.0,116.1330795288086,8245.44864654541,20.613621616363528,8224.835024929047,65508.138626774504,0.0,2022-05-02,2022-04-29,target_exit,,next_close
GOOGL,SELL,53.0,115.55831909179688,6124.590911865234,15.311477279663086,6109.279434585571,71617.41806136008,0.0,2022-05-02,2022-04-29,target_exit,,next_close
MSFT,SELL,33.0,274.5946350097656,9061.622955322266,22.654057388305663,9038.96889793396,80656.38695929403,0.0,2022-05-02,2022-04-29,target_exit,,next_close
NVDA,SELL,321.0,19.47480583190918,6251.412672042847,15.628531680107118,6235.78414036274,86892.17109965677,0.0,2022-05-02,2022-04-29,target_exit,,next_close
PANW,SELL,66.0,95.32499694824219,6291.449798583984,15.728624496459961,6275.721174087525,93167.89227374429,0.0,2022-05-02,2022-04-29,target_exit,,next_close
TDY,SELL,15.0,428.4599914550781,6426.899871826172,16.06724967956543,6410.832622146607,99578.7248958909,0.0,2022-05-02,2022-04-29,target_exit,,next_close
TMUS,SELL,69.0,120.87556457519531,8340.413955688477,20.851034889221193,8319.562920799255,107898.28781669016,0.0,2022-05-02,2022-04-29,target_exit,,next_close
FCN,SELL,6.0,155.77000427246094,934.6200256347656,2.336550064086914,932.2834755706787,108830.57129226084,47.0,2022-05-02,2022-04-29,target_rebalance,0.0482217712337924,next_close
COST,BUY,1.0,504.4622497558594,504.4622497558594,1.2611556243896485,-505.723405380249,108324.84788688058,16.0,2022-05-02,2022-04-29,target_rebalance,0.0564373862009024,next_close
MA,BUY,3.0,350.546142578125,1051.638427734375,2.6290960693359375,-1054.267523803711,107270.58036307688,43.0,2022-05-02,2022-04-29,target_rebalance,0.1018524776444861,next_close
HSIC,BUY,19.0,80.44999694824219,1528.5499420166016,3.821374855041504,-1532.371316871643,105738.20904620523,101.0,2022-05-02,2022-04-29,target_rebalance,0.0541926574232861,next_close
DLTR,BUY,12.0,163.3800048828125,1960.56005859375,4.9014001464843755,-1965.4614587402343,103772.747587465,53.0,2022-05-02,2022-04-29,target_rebalance,0.0573980431635076,next_close
DG,BUY,27.0,219.639404296875,5930.263916015625,14.825659790039063,-5945.089575805664,97827.65801165934,27.0,2022-05-02,2022-04-29,target_rebalance,0.0406520684983256,next_close
ROP,BUY,14.0,447.75445556640625,6268.5623779296875,15.671405944824219,-6284.233783874512,91543.42422778482,14.0,2022-05-02,2022-04-29,target_rebalance,0.0431241790996926,next_close
POST,BUY,89.0,73.18000030517578,6513.0200271606445,16.28255006790161,-6529.302577228546,85014.12165055628,89.0,2022-05-02,2022-04-29,target_rebalance,0.0432791695102121,next_close
MOH,BUY,21.0,306.45001220703125,6435.450256347656,16.08862564086914,-6451.538881988526,78562.58276856775,21.0,2022-05-02,2022-04-29,target_rebalance,0.0440896013623316,next_close
NOC,BUY,16.0,409.6676025390625,6554.681640625,16.3867041015625,-6571.068344726563,71991.51442384119,16.0,2022-05-02,2022-04-29,target_rebalance,0.0454464287996196,next_close
HEI,BUY,49.0,139.98561096191406,6859.294937133789,17.148237342834474,-6876.443174476623,65115.07124936456,49.0,2022-05-02,2022-04-29,target_rebalance,0.0457330182251897,next_close
KO,BUY,124.0,55.98329162597656,6941.928161621094,17.354820404052735,-6959.282982025146,58155.78826733942,124.0,2022-05-02,2022-04-29,target_rebalance,0.0462768115228254,next_close
FCX,BUY,199.0,37.914573669433594,7545.000160217285,18.86250040054321,-7563.862660617829,50591.92560672159,199.0,2022-05-02,2022-04-29,target_rebalance,0.0501733548230151,next_close
CB,BUY,42.0,194.17947387695312,8155.537902832031,20.38884475708008,-8175.926747589111,42415.99885913248,42.0,2022-05-02,2022-04-29,target_rebalance,0.0541926574232861,next_close
VRTX,BUY,39.0,261.9599914550781,10216.439666748047,25.54109916687012,-10241.980765914917,32174.018093217564,39.0,2022-05-02,2022-04-29,target_rebalance,0.0689303750695268,next_close
CB,SELL,42.0,197.46360778808594,8293.47152709961,20.733678817749023,8272.73784828186,40446.755941499425,0.0,2022-06-01,2022-05-31,target_exit,,next_close
COST,SELL,16.0,435.8336181640625,6973.337890625,17.4333447265625,6955.904545898437,47402.660487397865,0.0,2022-06-01,2022-05-31,target_exit,,next_close
DG,SELL,27.0,203.5037841796875,5494.6021728515625,13.736505432128906,5480.8656674194335,52883.5261548173,0.0,2022-06-01,2022-05-31,target_exit,,next_close
FCX,SELL,199.0,37.4050178527832,7443.598552703857,18.608996381759646,7424.989556322098,60308.5157111394,0.0,2022-06-01,2022-05-31,target_exit,,next_close
KO,SELL,124.0,55.65679931640625,6901.443115234375,17.253607788085937,6884.189507446289,67192.70521858569,0.0,2022-06-01,2022-05-31,target_exit,,next_close
MOH,SELL,21.0,287.3800048828125,6034.9801025390625,15.087450256347656,6019.892652282715,73212.5978708684,0.0,2022-06-01,2022-05-31,target_exit,,next_close
NOC,SELL,16.0,435.2166442871094,6963.46630859375,17.408665771484376,6946.057642822266,80158.65551369067,0.0,2022-06-01,2022-05-31,target_exit,,next_close
ROP,SELL,14.0,420.0184326171875,5880.258056640625,14.700645141601562,5865.557411499023,86024.2129251897,0.0,2022-06-01,2022-05-31,target_exit,,next_close
POST,SELL,14.0,81.18000030517578,1136.520004272461,2.8413000106811523,1133.6787042617798,87157.89162945148,75.0,2022-06-01,2022-05-31,target_rebalance,0.039996174331603,next_close
DLTR,SELL,13.0,161.00999450683594,2093.129928588867,5.232824821472168,2087.897103767395,89245.78873321887,40.0,2022-06-01,2022-05-31,target_rebalance,0.0422750652313011,next_close
HSIC,SELL,35.0,84.27999877929688,2949.7999572753906,7.374499893188477,2942.4254573822022,92188.21419060107,66.0,2022-06-01,2022-05-31,target_rebalance,0.0363818783132832,next_close
FCN,BUY,2.0,167.52999877929688,335.05999755859375,0.8376499938964844,-335.89764755249024,91852.31654304858,49.0,2022-06-01,2022-05-31,target_rebalance,0.054616571273547,next_close
VRTX,BUY,2.0,269.4100036621094,538.8200073242188,1.347050018310547,-540.1670573425293,91312.14948570605,41.0,2022-06-01,2022-05-31,target_rebalance,0.0737627614381802,next_close
HEI,BUY,12.0,142.634521484375,1711.6142578125,4.27903564453125,-1715.8932934570312,89596.25619224901,61.0,2022-06-01,2022-05-31,target_rebalance,0.0581962542762693,next_close
PEP,BUY,33.0,144.9979248046875,4784.9315185546875,11.96232879638672,-4796.893847351074,84799.36234489793,33.0,2022-06-01,2022-05-31,target_rebalance,0.0324431659670165,next_close
AZO,BUY,2.0,2035.1099853515625,4070.219970703125,10.175549926757812,-4080.395520629883,80718.96682426805,2.0,2022-06-01,2022-05-31,target_rebalance,0.035138035125715,next_close
AMGN,BUY,26.0,223.67410278320312,5815.526672363281,14.538816680908203,-5830.065489044189,74888.90133522385,26.0,2022-06-01,2022-05-31,target_rebalance,0.0386106607402147,next_close
EA,BUY,48.0,136.4466552734375,6549.439453125,16.3735986328125,-6565.813051757813,68323.08828346604,48.0,2022-06-01,2022-05-31,target_rebalance,0.0436097238637267,next_close
LNG,BUY,51.0,134.5719451904297,6863.169204711914,17.157923011779786,-6880.327127723694,61442.76115574235,51.0,2022-06-01,2022-05-31,target_rebalance,0.0460173319885358,next_close
TMUS,BUY,66.0,128.6789093017578,8492.808013916016,21.23202003479004,-8514.040033950805,52928.72112179155,66.0,2022-06-01,2022-05-31,target_rebalance,0.0564898807298489,next_close
CNC,BUY,109.0,81.20999908447266,8851.88990020752,22.1297247505188,-8874.019624958039,44054.701496833506,109.0,2022-06-01,2022-05-31,target_rebalance,0.0592923143239974,next_close
MNST,BUY,290.0,44.025001525878906,12767.250442504883,31.918126106262207,-12799.168568611145,31255.53292822236,290.0,2022-06-01,2022-05-31,target_rebalance,0.0848711520976243,next_close
AZO,SELL,2.0,2159.81005859375,4319.6201171875,10.79905029296875,4308.821066894531,35564.35399511689,0.0,2022-07-01,2022-06-30,target_exit,,next_close
EA,SELL,48.0,120.18060302734375,5768.6689453125,14.42167236328125,5754.247272949218,41318.60126806611,0.0,2022-07-01,2022-06-30,target_exit,,next_close
HEI,SELL,61.0,132.78773498535156,8100.051834106445,20.250129585266112,8079.801704521179,49398.40297258729,0.0,2022-07-01,2022-06-30,target_exit,,next_close
HSIC,SELL,66.0,77.11000061035156,5089.260040283203,12.723150100708008,5076.536890182495,54474.93986276978,0.0,2022-07-01,2022-06-30,target_exit,,next_close
MNST,SELL,17.0,47.29499816894531,804.0149688720703,2.010037422180176,802.0049314498901,55276.94479421967,273.0,2022-07-01,2022-06-30,target_rebalance,0.0858758109481427,next_close
MA,SELL,27.0,310.7112731933594,8389.204376220703,20.97301094055176,8368.231365280151,63645.176159499824,16.0,2022-07-01,2022-06-30,target_rebalance,0.0314087376379496,next_close
POST,BUY,4.0,84.37000274658203,337.4800109863281,0.8437000274658203,-338.32371101379397,63306.85244848603,79.0,2022-07-01,2022-06-30,target_rebalance,0.0449037606868173,next_close
VRTX,BUY,2.0,287.32000732421875,574.6400146484375,1.4366000366210938,-576.0766146850586,62730.77583380097,43.0,2022-07-01,2022-06-30,target_rebalance,0.0825182758934206,next_close
FCN,BUY,5.0,183.72999572753906,918.6499786376953,2.2966249465942385,-920.9466035842895,61809.82923021668,54.0,2022-07-01,2022-06-30,target_rebalance,0.0664470517719209,next_close
AMGN,BUY,5.0,216.72787475585938,1083.6393737792969,2.7090984344482423,-1086.348472213745,60723.48075800294,31.0,2022-07-01,2022-06-30,target_rebalance,0.0451700427511941,next_close
LNG,BUY,10.0,126.8521957397461,1268.521957397461,3.1713048934936525,-1271.6932622909546,59451.787495711986,61.0,2022-07-01,2022-06-30,target_rebalance,0.0517969729445873,next_close
CNC,BUY,15.0,86.20999908447266,1293.1499862670898,3.2328749656677247,-1296.3828612327575,58155.40463447923,124.0,2022-07-01,2022-06-30,target_rebalance,0.0716109120819752,next_close
TMUS,BUY,10.0,130.83056640625,1308.3056640625,3.2707641601562503,-1311.5764282226562,56843.82820625657,76.0,2022-07-01,2022-06-30,target_rebalance,0.0667348664880055,next_close
PEP,BUY,9.0,148.54965209960938,1336.9468688964844,3.342367172241211,-1340.2892360687256,55503.538970187845,42.0,2022-07-01,2022-06-30,target_rebalance,0.0421982744148047,next_close
DLTR,BUY,15.0,156.27000427246094,2344.050064086914,5.860125160217286,-2349.9101892471313,53153.628780940715,55.0,2022-07-01,2022-06-30,target_rebalance,0.0576323094092051,next_close
JAZZ,BUY,30.0,158.5800018310547,4757.400054931641,11.893500137329102,-4769.29355506897,48384.33522587174,30.0,2022-07-01,2022-06-30,target_rebalance,0.0322168863010633,next_close
KO,BUY,101.0,57.2232780456543,5779.551082611084,14.44887770652771,-5793.999960317612,42590.33526555413,101.0,2022-07-01,2022-06-30,target_rebalance,0.0388040591408632,next_close
UTHR,BUY,24.0,238.0,5712.0,14.280000000000001,-5726.28,36864.05526555413,24.0,2022-07-01,2022-06-30,target_rebalance,0.0392723411672127,next_close
NOC,BUY,14.0,455.9532470703125,6383.345458984375,15.958363647460938,-6399.303822631836,30464.751442922297,14.0,2022-07-01,2022-06-30,target_rebalance,0.0434096983628372,next_close
AMGN,SELL,31.0,216.80731201171875,6721.026672363281,16.802566680908203,6704.224105682373,37168.97554860467,0.0,2022-08-01,2022-07-29,target_exit,,next_close
JAZZ,SELL,30.0,151.0399932861328,4531.199798583984,11.327999496459961,4519.871799087525,41688.84734769219,0.0,2022-08-01,2022-07-29,target_exit,,next_close
KO,SELL,101.0,57.347713470458984,5792.119060516357,14.480297651290893,5777.638762865066,47466.48611055726,0.0,2022-08-01,2022-07-29,target_exit,,next_close
NOC,SELL,14.0,445.8849182128906,6242.388854980469,15.605972137451172,6226.782882843017,53693.268993400285,0.0,2022-08-01,2022-07-29,target_exit,,next_close
PEP,SELL,42.0,155.17953491210938,6517.540466308594,16.293851165771486,6501.2466151428225,60194.51560854311,0.0,2022-08-01,2022-07-29,target_exit,,next_close
POST,SELL,79.0,88.30000305175781,6975.700241088867,17.43925060272217,6958.260990486145,67152.77659902925,0.0,2022-08-01,2022-07-29,target_exit,,next_close
UTHR,SELL,24.0,225.3000030517578,5407.2000732421875,13.51800018310547,5393.682073059082,72546.45867208834,0.0,2022-08-01,2022-07-29,target_exit,,next_close
CNC,SELL,9.0,92.25,830.25,2.075625,828.174375,73374.63304708834,115.0,2022-08-01,2022-07-29,target_rebalance,0.0695950525752717,next_close
DLTR,SELL,7.0,166.69000244140625,1166.8300170898438,2.9170750427246093,1163.912942047119,74538.54598913545,48.0,2022-08-01,2022-07-29,target_rebalance,0.0523779089615505,next_close
MNST,SELL,30.0,49.244998931884766,1477.349967956543,3.6933749198913577,1473.6565930366517,76012.2025821721,243.0,2022-08-01,2022-07-29,target_rebalance,0.0786393889510602,next_close
FCN,SELL,9.0,161.17999267578125,1450.6199340820312,3.6265498352050782,1446.9933842468263,77459.19596641893,45.0,2022-08-01,2022-07-29,target_rebalance,0.0471024506353616,next_close
VRTX,SELL,11.0,273.8299865722656,3012.129852294922,7.530324630737304,3004.5995276641847,80463.79549408313,32.0,2022-08-01,2022-07-29,target_rebalance,0.056526352860932,next_close
LNG,SELL,24.0,141.29188537597656,3391.0052490234375,8.477513122558594,3382.5277359008787,83846.323229984,37.0,2022-08-01,2022-07-29,target_rebalance,0.0341078905761397,next_close
TMUS,SELL,32.0,137.50550842285156,4400.17626953125,11.000440673828125,4389.175828857422,88235.49905884142,44.0,2022-08-01,2022-07-29,target_rebalance,0.0390221542716548,next_close
MA,BUY,13.0,342.77178955078125,4456.033264160156,11.14008316040039,-4467.173347320557,83768.32571152087,29.0,2022-08-01,2022-07-29,target_rebalance,0.0664207135717601,next_close
V,BUY,25.0,204.96266174316406,5124.066543579102,12.810166358947754,-5136.876709938049,78631.44900158282,25.0,2022-08-01,2022-07-29,target_rebalance,0.0349721516705902,next_close
HEI,BUY,37.0,156.23611450195312,5780.736236572266,14.451840591430665,-5795.188077163696,72836.26092441913,37.0,2022-08-01,2022-07-29,target_rebalance,0.0391303050024739,next_close
WAT,BUY,17.0,365.54998779296875,6214.349792480469,15.535874481201173,-6229.88566696167,66606.37525745746,17.0,2022-08-01,2022-07-29,target_rebalance,0.0416311667124161,next_close
HUM,BUY,15.0,455.6241149902344,6834.361724853516,17.08590431213379,-6851.447629165649,59754.927628291814,15.0,2022-08-01,2022-07-29,target_rebalance,0.0460985720172813,next_close
AON,BUY,30.0,273.0113830566406,8190.341491699219,20.475853729248048,-8210.817345428466,51544.110282863345,30.0,2022-08-01,2022-07-29,target_rebalance,0.055716298087628,next_close
DHR,BUY,37.0,250.3997802734375,9264.791870117188,23.16197967529297,-9287.95384979248,42256.156433070864,37.0,2022-08-01,2022-07-29,target_rebalance,0.0625313281821553,next_close
ORLY,BUY,244.0,47.26599884033203,11532.903717041016,28.83225929260254,-11561.735976333619,30694.420456737244,244.0,2022-08-01,2022-07-29,target_rebalance,0.0761282659237239,next_close
AON,SELL,30.0,273.4398498535156,8203.195495605469,20.507988739013673,8182.687506866455,38877.107963603696,0.0,2022-09-01,2022-08-31,target_exit,,next_close
DHR,SELL,37.0,238.1885528564453,8812.976455688477,22.03244113922119,8790.944014549255,47668.05197815295,0.0,2022-09-01,2022-08-31,target_exit,,next_close
DLTR,SELL,48.0,137.3800048828125,6594.240234375,16.4856005859375,6577.754633789063,54245.80661194201,0.0,2022-09-01,2022-08-31,target_exit,,next_close
LNG,SELL,37.0,151.0336456298828,5588.244888305664,13.97061222076416,5574.2742760849,59820.08088802691,0.0,2022-09-01,2022-08-31,target_exit,,next_close
MA,SELL,29.0,318.04229736328125,9223.226623535156,23.05806655883789,9200.168556976318,69020.24944500322,0.0,2022-09-01,2022-08-31,target_exit,,next_close
V,SELL,25.0,194.4163055419922,4860.407638549805,12.151019096374512,4848.25661945343,73868.50606445665,0.0,2022-09-01,2022-08-31,target_exit,,next_close
WAT,SELL,17.0,300.3500061035156,5105.950103759766,12.764875259399414,5093.185228500366,78961.69129295702,0.0,2022-09-01,2022-08-31,target_exit,,next_close
FCN,SELL,1.0,160.7899932861328,160.7899932861328,0.40197498321533204,160.3880183029175,79122.07931125993,44.0,2022-09-01,2022-08-31,target_rebalance,0.0475990939397781,next_close
VRTX,SELL,1.0,290.20001220703125,290.20001220703125,0.7255000305175782,289.47451217651366,79411.55382343645,31.0,2022-09-01,2022-08-31,target_rebalance,0.0609308605514423,next_close
HEI,SELL,2.0,151.7816162109375,303.563232421875,0.7589080810546875,302.8043243408203,79714.35814777727,35.0,2022-09-01,2022-08-31,target_rebalance,0.035723659387017,next_close
HUM,SELL,3.0,467.4697265625,1402.4091796875,3.50602294921875,1398.9031567382813,81113.26130451554,12.0,2022-09-01,2022-08-31,target_rebalance,0.0379792024024936,next_close
CNC,SELL,18.0,91.23999786376953,1642.3199615478516,4.105799903869629,1638.214161643982,82751.47546615952,97.0,2022-09-01,2022-08-31,target_rebalance,0.0598869473637831,next_close
MNST,BUY,9.0,44.5,400.5,1.00125,-401.50125,82349.97421615952,252.0,2022-09-01,2022-08-31,target_rebalance,0.0764535920811878,next_close
TMUS,BUY,4.0,137.6298370361328,550.5193481445312,1.376298370361328,-551.8956465148926,81798.07856964463,48.0,2022-09-01,2022-08-31,target_rebalance,0.045190181074928,next_close
ORLY,BUY,23.0,47.097999572753906,1083.2539901733398,2.7081349754333495,-1085.962125148773,80712.11644449586,267.0,2022-09-01,2022-08-31,target_rebalance,0.085598120269741,next_close
ANET,BUY,182.0,29.31999969482422,5336.239944458008,13.34059986114502,-5349.580544319153,75362.5359001767,182.0,2022-09-01,2022-08-31,target_rebalance,0.036449813458208,next_close
MOH,BUY,16.0,341.1199951171875,5457.919921875,13.6447998046875,-5471.564721679688,69890.97117849701,16.0,2022-09-01,2022-08-31,target_rebalance,0.0378689180254102,next_close
CTAS,BUY,64.0,98.47246551513672,6302.23779296875,15.755594482421875,-6317.993387451172,63572.97779104584,64.0,2022-09-01,2022-08-31,target_rebalance,0.0429024467272821,next_close
ELV,BUY,13.0,461.3507385253906,5997.559600830078,14.993899002075196,-6012.553499832154,57560.42429121369,13.0,2022-09-01,2022-08-31,target_rebalance,0.0429904667692427,next_close
CDNS,BUY,43.0,170.0399932861328,7311.719711303711,18.279299278259277,-7329.999010581971,50230.42528063172,43.0,2022-09-01,2022-08-31,target_rebalance,0.0500072150501944,next_close
ULTA,BUY,23.0,424.25,9757.75,24.394375,-9782.144375,40448.28090563172,23.0,2022-09-01,2022-08-31,target_rebalance,0.0691593739600197,next_close
MCK,BUY,29.0,357.33514404296875,10362.719177246094,25.906797943115237,-10388.625975189208,30059.654930442513,29.0,2022-09-01,2022-08-31,target_rebalance,0.0712601089392714,next_close
ANET,SELL,182.0,28.957500457763672,5270.265083312988,13.175662708282472,5257.089420604706,35316.74435104722,0.0,2022-10-03,2022-09-30,target_exit,,next_close
CNC,SELL,97.0,80.0,7760.0,19.400000000000002,7740.6,43057.34435104722,0.0,2022-10-03,2022-09-30,target_exit,,next_close
CTAS,SELL,64.0,96.85356140136719,6198.6279296875,15.496569824218751,6183.131359863281,49240.475710910505,0.0,2022-10-03,2022-09-30,target_exit,,next_close
ELV,SELL,13.0,443.5937805175781,5766.719146728516,14.41679786682129,5752.302348861695,54992.7780597722,0.0,2022-10-03,2022-09-30,target_exit,,next_close
HEI,SELL,35.0,147.18760681152344,5151.56623840332,12.878915596008301,5138.687322807312,60131.46538257951,0.0,2022-10-03,2022-09-30,target_exit,,next_close
MNST,SELL,252.0,44.53499984741211,11222.819961547852,28.05704990386963,11194.762911643982,71326.22829422349,0.0,2022-10-03,2022-09-30,target_exit,,next_close
ORLY,SELL,15.0,47.87933349609375,718.1900024414062,1.7954750061035156,716.3945274353027,72042.62282165879,252.0,2022-10-03,2022-09-30,target_rebalance,0.0831831274027354,next_close
FCN,BUY,1.0,166.9199981689453,166.9199981689453,0.4172999954223633,-167.33729816436767,71875.28552349443,45.0,2022-10-03,2022-09-30,target_rebalance,0.0525112571866298,next_close
VRTX,BUY,1.0,297.42999267578125,297.42999267578125,0.7435749816894531,-298.1735676574707,71577.11195583695,32.0,2022-10-03,2022-09-30,target_rebalance,0.066888264149834,next_close
HUM,BUY,1.0,480.2737121582031,480.2737121582031,1.2006842803955078,-481.47439643859866,71095.63755939835,13.0,2022-10-03,2022-09-30,target_rebalance,0.044761395038814,next_close
TMUS,BUY,16.0,132.8292236328125,2125.267578125,5.3131689453125,-2130.5807470703126,68965.05681232804,64.0,2022-10-03,2022-09-30,target_rebalance,0.0587370790140293,next_close
MCK,BUY,6.0,340.5501708984375,2043.301025390625,5.1082525634765625,-2048.4092779541015,66916.64753437394,35.0,2022-10-03,2022-09-30,target_rebalance,0.0829306407527904,next_close
ULTA,BUY,6.0,404.75,2428.5,6.07125,-2434.57125,64482.07628437394,29.0,2022-10-03,2022-09-30,target_rebalance,0.0818887129610268,next_close
MOH,BUY,8.0,339.3299865722656,2714.639892578125,6.786599731445313,-2721.42649230957,61760.649792064374,24.0,2022-10-03,2022-09-30,target_rebalance,0.0575000274762266,next_close
DHR,BUY,17.0,233.99868774414062,3977.9776916503906,9.944944229125976,-3987.9226358795167,57772.72715618486,17.0,2022-10-03,2022-09-30,target_rebalance,0.0285557481215071,next_close
UNH,BUY,9.0,480.0222473144531,4320.200225830078,10.800500564575195,-4331.000726394654,53441.72642979021,9.0,2022-10-03,2022-09-30,target_rebalance,0.0305674582986533,next_close
CLH,BUY,40.0,115.02999877929688,4601.199951171875,11.502999877929687,-4612.702951049805,48829.023478740404,40.0,2022-10-03,2022-09-30,target_rebalance,0.0322306183216576,next_close
UTHR,BUY,24.0,213.92999267578125,5134.31982421875,12.835799560546874,-5147.155623779297,43681.86785496111,24.0,2022-10-03,2022-09-30,target_rebalance,0.0365453624975357,next_close
RSG,BUY,50.0,133.52362060546875,6676.1810302734375,16.690452575683594,-6692.871482849121,36988.996372111986,50.0,2022-10-03,2022-09-30,target_rebalance,0.0461757915720384,next_close
CSGP,BUY,95.0,71.98999786376953,6839.0497970581055,17.097624492645263,-6856.147421550751,30132.848950561234,95.0,2022-10-03,2022-09-30,target_rebalance,0.0473667211538752,next_close
CDNS,SELL,43.0,150.92999267578125,6489.989685058594,16.224974212646483,6473.764710845947,36606.61366140718,0.0,2022-11-01,2022-10-31,target_exit,,next_close
CLH,SELL,40.0,121.47000122070312,4858.800048828125,12.147000122070313,4846.6530487060545,41453.26671011323,0.0,2022-11-01,2022-10-31,target_exit,,next_close
CSGP,SELL,95.0,81.19000244140625,7713.050231933594,19.282625579833987,7693.76760635376,49147.03431646699,0.0,2022-11-01,2022-10-31,target_exit,,next_close
DHR,SELL,17.0,222.70745849609375,3786.0267944335938,9.465066986083984,3776.56172744751,52923.5960439145,0.0,2022-11-01,2022-10-31,target_exit,,next_close
FCN,SELL,45.0,153.4199981689453,6903.899917602539,17.25974979400635,6886.640167808533,59810.23621172303,0.0,2022-11-01,2022-10-31,target_exit,,next_close
HUM,SELL,13.0,533.125732421875,6930.634521484375,17.326586303710936,6913.307935180664,66723.54414690369,0.0,2022-11-01,2022-10-31,target_exit,,next_close
MOH,SELL,24.0,355.9700012207031,8543.280029296875,21.358200073242188,8521.921829223633,75245.46597612732,0.0,2022-11-01,2022-10-31,target_exit,,next_close
UNH,SELL,9.0,509.63311767578125,4586.698059082031,11.466745147705078,4575.231313934326,79820.69729006165,0.0,2022-11-01,2022-10-31,target_exit,,next_close
UTHR,SELL,24.0,228.38999938964844,5481.3599853515625,13.703399963378907,5467.656585388184,85288.35387544983,0.0,2022-11-01,2022-10-31,target_exit,,next_close
VRTX,SELL,1.0,314.20001220703125,314.20001220703125,0.7855000305175781,313.41451217651365,85601.76838762635,31.0,2022-11-01,2022-10-31,target_rebalance,0.0633798505906542,next_close
RSG,SELL,10.0,125.74031829833984,1257.4031829833984,3.143507957458496,1254.25967502594,86856.02806265229,40.0,2022-11-01,2022-10-31,target_rebalance,0.0334496985411869,next_close
ULTA,SELL,3.0,422.0,1266.0,3.165,1262.835,88118.8630626523,26.0,2022-11-01,2022-10-31,target_rebalance,0.0704600889553103,next_close
TMUS,SELL,15.0,145.62445068359375,2184.3667602539062,5.460916900634766,2178.9058433532714,90297.76890600557,49.0,2022-11-01,2022-10-31,target_rebalance,0.0467967578083868,next_close
ORLY,SELL,58.0,55.599998474121094,3224.7999114990234,8.061999778747559,3216.737911720276,93514.50681772585,194.0,2022-11-01,2022-10-31,target_rebalance,0.071486382297075,next_close
DLTR,BUY,38.0,158.1199951171875,6008.559814453125,15.021399536132813,-6023.581213989258,87490.9256037366,38.0,2022-11-01,2022-10-31,target_rebalance,0.0402016067519777,next_close
CW,BUY,39.0,165.97657775878906,6473.086532592773,16.182716331481934,-6489.269248924255,81001.65635481234,39.0,2022-11-01,2022-10-31,target_rebalance,0.0434652760832025,next_close
LULU,BUY,19.0,330.3599853515625,6276.8397216796875,15.69209930419922,-6292.531820983887,74709.12453382845,19.0,2022-11-01,2022-10-31,target_rebalance,0.0439254321206809,next_close
HEI,BUY,41.0,160.9297637939453,6598.120315551758,16.495300788879394,-6614.615616340638,68094.50891748781,41.0,2022-11-01,2022-10-31,target_rebalance,0.0444170027660802,next_close
ORCL,BUY,90.0,73.84564971923828,6646.108474731445,16.615271186828615,-6662.723745918274,61431.785171569536,90.0,2022-11-01,2022-10-31,target_rebalance,0.044591151354064,next_close
CTAS,BUY,70.0,103.48137664794922,7243.696365356445,18.109240913391115,-7261.805606269836,54169.9795652997,70.0,2022-11-01,2022-10-31,target_rebalance,0.0485692489467556,next_close
V,BUY,40.0,201.02215576171875,8040.88623046875,20.102215576171876,-8060.988446044922,46108.99111925477,40.0,2022-11-01,2022-10-31,target_rebalance,0.0541804352812241,next_close
MNST,BUY,173.0,47.17499923706055,8161.274868011475,20.403187170028687,-8181.678055181504,37927.31306407327,173.0,2022-11-01,2022-10-31,target_rebalance,0.0545975611260807,next_close
AZO,BUY,3.0,2535.0,7605.0,19.0125,-7624.0125,30303.30056407327,3.0,2022-11-01,2022-10-31,target_rebalance,0.0550162865095923,next_close
CW,SELL,39.0,176.762939453125,6893.754638671875,17.234386596679688,6876.5202520751955,37179.820816148465,0.0,2022-12-01,2022-11-30,target_exit,,next_close
DLTR,SELL,38.0,149.72000122070312,5689.360046386719,14.223400115966797,5675.136646270752,42854.95746241922,0.0,2022-12-01,2022-11-30,target_exit,,next_close
LULU,SELL,19.0,381.82000732421875,7254.580139160156,18.13645034790039,7236.4436888122555,50091.401151231476,0.0,2022-12-01,2022-11-30,target_exit,,next_close
MNST,SELL,173.0,51.625,8931.125,22.3278125,8908.7971875,59000.198338731476,0.0,2022-12-01,2022-11-30,target_exit,,next_close
ORCL,SELL,90.0,80.54931640625,7249.4384765625,18.12359619140625,7231.314880371094,66231.51321910258,0.0,2022-12-01,2022-11-30,target_exit,,next_close
RSG,SELL,40.0,133.95498657226562,5358.199462890625,13.395498657226563,5344.803964233399,71576.31718333598,0.0,2022-12-01,2022-11-30,target_exit,,next_close
TMUS,SELL,49.0,145.1750030517578,7113.575149536133,17.783937873840333,7095.791211662293,78672.10839499827,0.0,2022-12-01,2022-11-30,target_exit,,next_close
ULTA,SELL,26.0,472.5299987792969,12285.779968261719,30.714449920654296,12255.065518341064,90927.17391333933,0.0,2022-12-01,2022-11-30,target_exit,,next_close
VRTX,SELL,31.0,320.760009765625,9943.560302734375,24.858900756835936,9918.70140197754,100845.87531531687,0.0,2022-12-01,2022-11-30,target_exit,,next_close
CTAS,SELL,6.0,112.03043365478516,672.1826019287109,1.6804565048217774,670.5021454238891,101516.37746074075,64.0,2022-12-01,2022-11-30,target_rebalance,0.0456847366530151,next_close
ORLY,SELL,17.0,57.14533233642578,971.4706497192383,2.4286766242980957,969.0419730949402,102485.41943383569,177.0,2022-12-01,2022-11-30,target_rebalance,0.0647642298453079,next_close
MCK,SELL,10.0,373.4696350097656,3734.6963500976562,9.336740875244141,3725.359609222412,106210.77904305811,25.0,2022-12-01,2022-11-30,target_rebalance,0.0589312540800019,next_close
HEI,BUY,11.0,163.1619873046875,1794.7818603515625,4.486954650878906,-1799.2688150024414,104411.51022805566,52.0,2022-12-01,2022-11-30,target_rebalance,0.0554536669865076,next_close
V,BUY,18.0,211.27586364746094,3802.965545654297,9.507413864135742,-3812.4729595184326,100599.03726853723,58.0,2022-12-01,2022-11-30,target_rebalance,0.0795608328280853,next_close
COST,BUY,11.0,482.232177734375,5304.553955078125,13.261384887695312,-5317.81533996582,95281.22192857141,11.0,2022-12-01,2022-11-30,target_rebalance,0.0359714257645379,next_close
SBUX,BUY,63.0,94.94779205322266,5981.710899353027,14.954277248382569,-5996.66517660141,89284.55675197,63.0,2022-12-01,2022-11-30,target_rebalance,0.0385397862278392,next_close
KLAC,BUY,159.0,37.84257888793945,6016.970043182373,15.042425107955934,-6032.012468290329,83252.54428367967,159.0,2022-12-01,2022-11-30,target_rebalance,0.0387825771760544,next_close
LNG,BUY,37.0,169.51853942871094,6272.185958862305,15.680464897155762,-6287.86642375946,76964.67785992021,37.0,2022-12-01,2022-11-30,target_rebalance,0.0408632121895617,next_close
POST,BUY,68.0,94.08999633789062,6398.1197509765625,15.995299377441407,-6414.115050354004,70550.56280956621,68.0,2022-12-01,2022-11-30,target_rebalance,0.0411410270585424,next_close
ISRG,BUY,25.0,274.489990234375,6862.249755859375,17.155624389648438,-6879.405380249023,63671.15742931719,25.0,2022-12-01,2022-11-30,target_rebalance,0.0453627307020126,next_close
LRCX,BUY,159.0,44.63270568847656,7096.600204467773,17.741500511169434,-7114.341704978943,56556.815724338245,159.0,2022-12-01,2022-11-30,target_rebalance,0.0457727541071013,next_close
MA,BUY,22.0,353.3736267089844,7774.219787597656,19.43554946899414,-7793.655337066651,48763.16038727159,22.0,2022-12-01,2022-11-30,target_rebalance,0.0503431769412414,next_close
REGN,BUY,19.0,755.004150390625,14345.078857421875,35.86269714355469,-14380.94155456543,34382.21883270616,19.0,2022-12-01,2022-11-30,target_rebalance,0.0950729567471965,next_close
COST,SELL,11.0,433.8232727050781,4772.055999755859,11.930139999389649,4760.12585975647,39142.34469246263,0.0,2023-01-03,2022-12-30,target_exit,,next_close
LNG,SELL,37.0,135.71719360351562,5021.536163330078,12.553840408325195,5008.982322921753,44151.327015384384,0.0,2023-01-03,2022-12-30,target_exit,,next_close
LRCX,SELL,159.0,40.07489013671875,6371.907531738281,15.929768829345704,6355.977762908936,50507.30477829332,0.0,2023-01-03,2022-12-30,target_exit,,next_close
SBUX,SELL,63.0,92.61473846435547,5834.7285232543945,14.586821308135987,5820.141701946259,56327.44648023958,0.0,2023-01-03,2022-12-30,target_exit,,next_close
HEI,SELL,5.0,151.50259399414062,757.5129699707031,1.8937824249267579,755.6191875457764,57083.065667785355,47.0,2023-01-03,2022-12-30,target_rebalance,0.0477842370840419,next_close
ORLY,SELL,23.0,56.04800033569336,1289.1040077209473,3.222760019302368,1285.881247701645,58368.946915487,154.0,2023-01-03,2022-12-30,target_rebalance,0.0578218854479165,next_close
CTAS,SELL,14.0,108.7696762084961,1522.7754669189453,3.8069386672973633,1518.968528251648,59887.91544373865,50.0,2023-01-03,2022-12-30,target_rebalance,0.0358792845669669,next_close
REGN,SELL,8.0,714.5680541992188,5716.54443359375,14.291361083984375,5702.253072509766,65590.16851624842,11.0,2023-01-03,2022-12-30,target_rebalance,0.0486177683270133,next_close
KLAC,BUY,13.0,36.46923828125,474.10009765625,1.185250244140625,-475.2853479003906,65114.88316834803,172.0,2023-01-03,2022-12-30,target_rebalance,0.0421513196304897,next_close
V,BUY,4.0,201.9193572998047,807.6774291992188,2.019193572998047,-809.6966227722168,64305.186545575816,62.0,2023-01-03,2022-12-30,target_rebalance,0.0841575438694702,next_close
POST,BUY,9.0,89.95999908447266,809.6399917602539,2.024099979400635,-811.6640917396545,63493.52245383616,77.0,2023-01-03,2022-12-30,target_rebalance,0.0465929713108418,next_close
MCK,BUY,3.0,368.1684265136719,1104.5052795410156,2.761263198852539,-1107.266542739868,62386.25591109629,28.0,2023-01-03,2022-12-30,target_rebalance,0.0695925719688268,next_close
ISRG,BUY,5.0,265.6300048828125,1328.1500244140625,3.3203750610351563,-1331.4703994750976,61054.785511621194,30.0,2023-01-03,2022-12-30,target_rebalance,0.05412957735029,next_close
MA,BUY,9.0,339.6617736816406,3056.9559631347656,7.642389907836915,-3064.5983530426024,57990.18715857859,31.0,2023-01-03,2022-12-30,target_rebalance,0.0720246331558088,next_close
AZO,BUY,1.0,2431.06005859375,2431.06005859375,6.077650146484375,-2437.1377087402343,55553.049449838356,4.0,2023-01-03,2022-12-30,target_rebalance,0.0724403452575311,next_close
JBL,BUY,81.0,66.62831115722656,5396.893203735352,13.49223300933838,-5410.38543674469,50142.664013093665,81.0,2023-01-03,2022-12-30,target_rebalance,0.0362799248481216,next_close
ORCL,BUY,71.0,80.17583465576172,5692.484260559082,14.231210651397705,-5706.715471210479,44435.94854188318,71.0,2023-01-03,2022-12-30,target_rebalance,0.0385922369851678,next_close
PG,BUY,41.0,138.48110961914062,5677.725494384766,14.194313735961915,-5691.919808120728,38744.028733762454,41.0,2023-01-03,2022-12-30,target_rebalance,0.0389521823621493,next_close
AVGO,BUY,155.0,52.808143615722656,8185.262260437012,20.46315565109253,-8205.725416088104,30538.30331767435,155.0,2023-01-03,2022-12-30,target_rebalance,0.0549835178353635,next_close
AZO,SELL,4.0,2495.679931640625,9982.7197265625,24.95679931640625,9957.762927246094,40496.06624492044,0.0,2023-02-01,2023-01-31,target_exit,,next_close
CTAS,SELL,50.0,108.13256072998047,5406.628036499023,13.516570091247559,5393.111466407776,45889.177711328215,0.0,2023-02-01,2023-01-31,target_exit,,next_close
HEI,SELL,47.0,169.850830078125,7982.989013671875,19.957472534179686,7963.031541137695,53852.20925246591,0.0,2023-02-01,2023-01-31,target_exit,,next_close
ISRG,SELL,30.0,251.19000244140625,7535.7000732421875,18.83925018310547,7516.860823059082,61369.07007552499,0.0,2023-02-01,2023-01-31,target_exit,,next_close
JBL,SELL,81.0,79.33312225341797,6425.9829025268555,16.06495725631714,6409.917945270538,67778.98802079553,0.0,2023-02-01,2023-01-31,target_exit,,next_close
KLAC,SELL,172.0,39.686614990234375,6826.0977783203125,17.065244445800783,6809.0325338745115,74588.02055467005,0.0,2023-02-01,2023-01-31,target_exit,,next_close
MA,SELL,31.0,366.97491455078125,11376.222351074219,28.440555877685547,11347.781795196533,85935.80234986657,0.0,2023-02-01,2023-01-31,target_exit,,next_close
MCK,SELL,28.0,364.8735656738281,10216.459838867188,25.54114959716797,10190.91868927002,96126.7210391366,0.0,2023-02-01,2023-01-31,target_exit,,next_close
ORCL,SELL,71.0,86.56121826171875,6145.846496582031,15.364616241455078,6130.481880340576,102257.20291947717,0.0,2023-02-01,2023-01-31,target_exit,,next_close
ORLY,SELL,154.0,53.86199951171875,8294.747924804688,20.73686981201172,8274.011054992676,110531.21397446985,0.0,2023-02-01,2023-01-31,target_exit,,next_close
PG,SELL,41.0,131.64566040039062,5397.472076416016,13.49368019104004,5383.978396224976,115915.19237069483,0.0,2023-02-01,2023-01-31,target_exit,,next_close
POST,SELL,77.0,95.16000366210938,7327.320281982422,18.318300704956055,7309.001981277466,123224.1943519723,0.0,2023-02-01,2023-01-31,target_exit,,next_close
REGN,SELL,11.0,751.7907104492188,8269.697814941406,20.674244537353516,8249.023570404053,131473.21792237635,0.0,2023-02-01,2023-01-31,target_exit,,next_close
V,SELL,31.0,224.80918884277344,6969.084854125977,17.422712135314942,6951.662141990661,138424.88006436703,31.0,2023-02-01,2023-01-31,target_rebalance,0.044604779975067,next_close
AVGO,BUY,72.0,57.5090446472168,4140.651214599609,10.351628036499024,-4151.002842636109,134273.87722173092,227.0,2023-02-01,2023-01-31,target_rebalance,0.0848764476160566,next_close
SWKS,BUY,67.0,100.7826156616211,6752.435249328613,16.881088123321533,-6769.3163374519345,127504.56088427898,67.0,2023-02-01,2023-01-31,target_rebalance,0.0439827847560625,next_close
BEN,BUY,260.0,26.89827537536621,6993.551597595215,17.48387899398804,-7011.0354765892025,120493.52540768978,260.0,2023-02-01,2023-01-31,target_rebalance,0.0453278935094485,next_close
AMG,BUY,42.0,176.2508544921875,7402.535888671875,18.506339721679687,-7421.042228393555,113072.48317929622,42.0,2023-02-01,2023-01-31,target_rebalance,0.0484785055745533,next_close
COO,BUY,84.0,89.13807678222656,7487.598449707031,18.71899612426758,-7506.317445831299,105566.16573346492,84.0,2023-02-01,2023-01-31,target_rebalance,0.0490810291220433,next_close
ADI,BUY,48.0,166.65513610839844,7999.446533203125,19.998616333007813,-8019.445149536133,97546.72058392879,48.0,2023-02-01,2023-01-31,target_rebalance,0.0519420081488796,next_close
FICO,BUY,13.0,682.6799926757812,8874.839904785156,22.18709976196289,-8897.027004547119,88649.69357938168,13.0,2023-02-01,2023-01-31,target_rebalance,0.0582906645990162,next_close
AMAT,BUY,82.0,115.55587005615234,9475.581344604492,23.68895336151123,-9499.270297966003,79150.42328141569,82.0,2023-02-01,2023-01-31,target_rebalance,0.0614612393266889,next_close
QRVO,BUY,84.0,113.52999877929688,9536.519897460938,23.841299743652343,-9560.36119720459,69590.0620842111,84.0,2023-02-01,2023-01-31,target_rebalance,0.0619695313543676,next_close
ALGM,BUY,288.0,39.68000030517578,11427.840087890625,28.569600219726563,-11456.409688110352,58133.65239610074,288.0,2023-02-01,2023-01-31,target_rebalance,0.0740522526638894,next_close
LRCX,BUY,233.0,51.291603088378906,11950.943519592285,29.877358798980712,-11980.820878391265,46152.83151770948,233.0,2023-02-01,2023-01-31,target_rebalance,0.077557205219781,next_close
VVV,BUY,347.0,36.630001068115234,12710.610370635986,31.776525926589965,-12742.386896562577,33410.444621146904,347.0,2023-02-01,2023-01-31,target_rebalance,0.0824435481837452,next_close
EL,BUY,52.0,263.92852783203125,13724.283447265625,34.310708618164064,-13758.59415588379,19651.850465263116,52.0,2023-02-01,2023-01-31,target_rebalance,0.0899165353838378,next_close
TPR,BUY,346.0,42.75010681152344,14791.53695678711,36.978842391967774,-14828.515799179077,4823.33466608404,346.0,2023-02-01,2023-01-31,target_rebalance,0.0960155745665622,next_close
ADI,SELL,48.0,173.612548828125,8333.40234375,20.833505859375002,8312.568837890625,13135.903503974665,0.0,2023-03-01,2023-02-28,target_exit,,next_close
ALGM,SELL,288.0,43.77000045776367,12605.760131835938,31.514400329589844,12574.245731506348,25710.14923548101,0.0,2023-03-01,2023-02-28,target_exit,,next_close
AMG,SELL,42.0,160.90269470214844,6757.913177490234,16.894782943725588,6741.018394546509,32451.16763002752,0.0,2023-03-01,2023-02-28,target_exit,,next_close
BEN,SELL,260.0,24.452980041503906,6357.774810791016,15.89443702697754,6341.880373764038,38793.04800379156,0.0,2023-03-01,2023-02-28,target_exit,,next_close
COO,SELL,84.0,80.88372039794922,6794.232513427734,16.985581283569335,6777.246932144165,45570.29493593573,0.0,2023-03-01,2023-02-28,target_exit,,next_close
EL,SELL,52.0,231.68966674804688,12047.862670898438,30.119656677246095,12017.74301422119,57588.03795015692,0.0,2023-03-01,2023-02-28,target_exit,,next_close
FICO,SELL,13.0,682.7899780273438,8876.269714355469,22.190674285888672,8854.07904006958,66442.1169902265,0.0,2023-03-01,2023-02-28,target_exit,,next_close
LRCX,SELL,233.0,47.48627471923828,11064.30200958252,27.6607550239563,11036.641254558563,77478.75824478506,0.0,2023-03-01,2023-02-28,target_exit,,next_close
QRVO,SELL,84.0,100.44999694824219,8437.799743652344,21.09449935913086,8416.705244293213,85895.46348907828,0.0,2023-03-01,2023-02-28,target_exit,,next_close
SWKS,SELL,67.0,100.1962661743164,6713.149833679199,16.782874584197998,6696.366959095001,92591.83044817328,0.0,2023-03-01,2023-02-28,target_exit,,next_close
V,SELL,31.0,213.01638793945312,6603.508026123047,16.50877006530762,6586.999256057739,99178.82970423102,0.0,2023-03-01,2023-02-28,target_exit,,next_close
VVV,SELL,347.0,34.369998931884766,11926.389629364014,29.815974073410036,11896.573655290604,111075.40335952162,0.0,2023-03-01,2023-02-28,target_exit,,next_close
AVGO,SELL,20.0,56.633182525634766,1132.6636505126953,2.8316591262817385,1129.8319913864136,112205.23535090803,207.0,2023-03-01,2023-02-28,target_rebalance,0.0796460941018805,next_close
AMAT,SELL,18.0,114.12328338623047,2054.2191009521484,5.135547752380371,2049.083553199768,114254.3189041078,64.0,2023-03-01,2023-02-28,target_rebalance,0.0489725027365141,next_close
TPR,SELL,152.0,39.659854888916016,6028.297943115234,15.070744857788085,6013.227198257447,120267.54610236525,194.0,2023-03-01,2023-02-28,target_rebalance,0.0523255799195657,next_close
BRBR,BUY,232.0,31.010000228881836,7194.320053100586,17.985800132751464,-7212.305853233337,113055.24024913191,232.0,2023-03-01,2023-02-28,target_rebalance,0.0490695380122673,next_close
URI,BUY,16.0,452.5914611816406,7241.46337890625,18.103658447265627,-7259.567037353516,105795.6732117784,16.0,2023-03-01,2023-02-28,target_rebalance,0.049312546371717,next_close
CHDN,BUY,67.0,121.556640625,8144.294921875,20.3607373046875,-8164.655659179687,97631.01755259871,67.0,2023-03-01,2023-02-28,target_rebalance,0.0555311834115385,next_close
VNT,BUY,311.0,26.47428321838379,8233.502080917358,20.583755202293396,-8254.085836119652,89376.93171647907,311.0,2023-03-01,2023-02-28,target_rebalance,0.0560487729097565,next_close
ACLS,BUY,63.0,132.24000549316406,8331.120346069336,20.82780086517334,-8351.94814693451,81024.98356954457,63.0,2023-03-01,2023-02-28,target_rebalance,0.0571959212266117,next_close
LSCC,BUY,103.0,85.56999969482422,8813.709968566895,22.034274921417236,-8835.744243488312,72189.23932605625,103.0,2023-03-01,2023-02-28,target_rebalance,0.0599535574004642,next_close
BLD,BUY,48.0,205.97999572753906,9887.039794921875,24.71759948730469,-9911.75739440918,62277.481931647075,48.0,2023-03-01,2023-02-28,target_rebalance,0.0683865867321166,next_close
MPWR,BUY,21.0,474.5705871582031,9965.982330322266,24.914955825805663,-9990.89728614807,52286.584645499,21.0,2023-03-01,2023-02-28,target_rebalance,0.0685586103599658,next_close
SCCO,BUY,163.0,65.15301513671875,10619.941467285156,26.54985366821289,-10646.49132095337,41640.09332454563,163.0,2023-03-01,2023-02-28,target_rebalance,0.0725157720507367,next_close
BLDR,BUY,125.0,85.76000213623047,10720.000267028809,26.80000066757202,-10746.80026769638,30893.293056849252,125.0,2023-03-01,2023-02-28,target_rebalance,0.0730478334065474,next_close
BKNG,BUY,131.0,99.96923828125,13095.97021484375,32.73992553710938,-13128.71014038086,17764.582916468393,131.0,2023-03-01,2023-02-28,target_rebalance,0.0891926581450303,next_close
MGM,BUY,298.0,44.380001068115234,13225.24031829834,33.063100795745854,-13258.303419094085,4506.2794973743075,298.0,2023-03-01,2023-02-28,target_rebalance,0.0902428432152867,next_close
ACLS,SELL,63.0,132.4199981689453,8342.459884643555,20.856149711608886,8321.603734931945,12827.883232306252,0.0,2023-04-03,2023-03-31,target_exit,,next_close
BLD,SELL,48.0,204.38999938964844,9810.719970703125,24.526799926757814,9786.193170776367,22614.076403082618,0.0,2023-04-03,2023-03-31,target_exit,,next_close
BLDR,SELL,125.0,90.16000366210938,11270.000457763672,28.17500114440918,11241.825456619263,33855.90185970188,0.0,2023-04-03,2023-03-31,target_exit,,next_close
BRBR,SELL,232.0,33.900001525878906,7864.800354003906,19.662000885009768,7845.138353118897,41701.04021282078,0.0,2023-04-03,2023-03-31,target_exit,,next_close
CHDN,SELL,67.0,126.72419738769531,8490.521224975586,21.226303062438966,8469.294921913148,50170.33513473393,0.0,2023-04-03,2023-03-31,target_exit,,next_close
SCCO,SELL,163.0,66.08560943603516,10771.95433807373,26.929885845184327,10745.024452228547,60915.35958696247,0.0,2023-04-03,2023-03-31,target_exit,,next_close
TPR,SELL,194.0,39.605220794677734,7683.4128341674805,19.208532085418703,7664.204302082062,68579.56388904453,0.0,2023-04-03,2023-03-31,target_exit,,next_close
URI,SELL,16.0,376.4210205078125,6022.736328125,15.0568408203125,6007.679487304687,74587.24337634922,0.0,2023-04-03,2023-03-31,target_exit,,next_close
VNT,SELL,311.0,26.969682693481445,8387.57131767273,20.968928294181826,8366.602389378548,82953.84576572776,0.0,2023-04-03,2023-03-31,target_exit,,next_close
MGM,SELL,40.0,44.25,1770.0,4.425,1765.575,84719.42076572776,258.0,2023-04-03,2023-03-31,target_rebalance,0.0757344366513448,next_close
BKNG,SELL,32.0,104.3901138305664,3340.483642578125,8.351209106445312,3332.1324334716796,88051.55319919944,99.0,2023-04-03,2023-03-31,target_rebalance,0.0686961143393239,next_close
AVGO,SELL,56.0,61.739986419677734,3457.439239501953,8.643598098754882,3448.7956414031983,91500.34884060263,151.0,2023-04-03,2023-03-31,target_rebalance,0.061836634355389,next_close
LSCC,BUY,13.0,95.44999694824219,1240.8499603271484,3.1021249008178713,-1243.9520852279663,90256.39675537466,116.0,2023-04-03,2023-03-31,target_rebalance,0.073867867549371,next_close
AMAT,BUY,33.0,119.04792785644531,3928.5816192626953,9.821454048156738,-3938.403073310852,86317.99368206381,97.0,2023-04-03,2023-03-31,target_rebalance,0.0775629688898549,next_close
MANH,BUY,48.0,156.63999938964844,7518.719970703125,18.796799926757814,-7537.516770629883,78780.47691143393,48.0,2023-04-03,2023-03-31,target_rebalance,0.0501813347874345,next_close
BYD,BUY,126.0,62.342811584472656,7855.194259643555,19.637985649108888,-7874.832245292663,70905.64466614126,126.0,2023-04-03,2023-03-31,target_rebalance,0.0524756156350855,next_close
ADI,BUY,42.0,186.09939575195312,7816.174621582031,19.54043655395508,-7835.7150581359865,63069.92960800527,42.0,2023-04-03,2023-03-31,target_rebalance,0.0530825574691644,next_close
ON,BUY,109.0,81.13999938964844,8844.25993347168,22.1106498336792,-8866.37058330536,54203.55902469991,109.0,2023-04-03,2023-03-31,target_rebalance,0.0590225608046026,next_close
LRCX,BUY,180.0,50.62831497192383,9113.096694946289,22.782741737365722,-9135.879436683656,45067.67958801625,180.0,2023-04-03,2023-03-31,target_rebalance,0.0609637858848498,next_close
ANET,BUY,222.0,41.935001373291016,9309.570304870605,23.273925762176514,-9332.844230632782,35734.835357383476,222.0,2023-04-03,2023-03-31,target_rebalance,0.0620009841416773,next_close
CDNS,BUY,45.0,211.38999938964844,9512.54997253418,23.78137493133545,-9536.331347465515,26198.50400991796,45.0,2023-04-03,2023-03-31,target_rebalance,0.0645483270653327,next_close
AAPL,BUY,64.0,163.6462860107422,10473.3623046875,26.18340576171875,-10499.545710449218,15698.958299468743,64.0,2023-04-03,2023-03-31,target_rebalance,0.0707305836579763,next_close
FSLR,BUY,52.0,208.49000549316406,10841.480285644531,27.10370071411133,-10868.583986358643,4830.3743131101,52.0,2023-04-03,2023-03-31,target_rebalance,0.0723203161295925,next_close
ADI,SELL,42.0,173.07208251953125,7269.0274658203125,18.17256866455078,7250.854897155762,12081.229210265861,0.0,2023-05-01,2023-04-28,target_exit,,next_close
AMAT,SELL,97.0,109.92858123779297,10663.072380065918,26.657680950164796,10636.414699115754,22717.643909381615,0.0,2023-05-01,2023-04-28,target_exit,,next_close
ANET,SELL,222.0,40.040000915527344,8888.88020324707,22.222200508117677,8866.658002738952,31584.301912120565,0.0,2023-05-01,2023-04-28,target_exit,,next_close
BKNG,SELL,99.0,105.40458679199219,10435.054092407227,26.087635231018066,10408.966457176208,41993.26836929677,0.0,2023-05-01,2023-04-28,target_exit,,next_close
CDNS,SELL,45.0,210.64999389648438,9479.249725341797,23.698124313354494,9455.551601028443,51448.81997032521,0.0,2023-05-01,2023-04-28,target_exit,,next_close
FSLR,SELL,52.0,180.85000610351562,9404.200317382812,23.51050079345703,9380.689816589356,60829.50978691457,0.0,2023-05-01,2023-04-28,target_exit,,next_close
LRCX,SELL,180.0,50.853538513183594,9153.636932373047,22.884092330932617,9130.752840042114,69960.26262695668,0.0,2023-05-01,2023-04-28,target_exit,,next_close
LSCC,SELL,116.0,81.63999938964844,9470.239929199219,23.67559982299805,9446.56432937622,79406.82695633291,0.0,2023-05-01,2023-04-28,target_exit,,next_close
MPWR,SELL,21.0,461.0834045410156,9682.751495361328,24.206878738403322,9658.544616622925,89065.37157295583,0.0,2023-05-01,2023-04-28,target_exit,,next_close
ON,SELL,109.0,78.33000183105469,8537.970199584961,21.344925498962404,8516.625274085998,97581.99684704182,0.0,2023-05-01,2023-04-28,target_exit,,next_close
MANH,SELL,2.0,169.16000366210938,338.32000732421875,0.8458000183105469,337.4742073059082,97919.47105434773,46.0,2023-05-01,2023-04-28,target_rebalance,0.0527238586097816,next_close
AVGO,SELL,11.0,61.30561447143555,674.361759185791,1.6859043979644777,672.6758547878266,98592.14690913555,140.0,2023-05-01,2023-04-28,target_rebalance,0.0584856962740855,next_close
MGM,SELL,74.0,46.040000915527344,3406.9600677490234,8.517400169372559,3398.442667579651,101990.58957671521,184.0,2023-05-01,2023-04-28,target_rebalance,0.0579240795886116,next_close
AAPL,BUY,2.0,167.01434326171875,334.0286865234375,0.8350717163085938,-334.8637582397461,101655.72581847546,66.0,2023-05-01,2023-04-28,target_rebalance,0.0760153916126483,next_close
BYD,BUY,42.0,69.00303649902344,2898.1275329589844,7.245318832397461,-2905.372851791382,98750.35296668408,168.0,2023-05-01,2023-04-28,target_rebalance,0.0797177739142942,next_close
BLD,BUY,34.0,222.07000732421875,7550.3802490234375,18.875950622558594,-7569.256199645996,91181.09676703808,34.0,2023-05-01,2023-04-28,target_rebalance,0.0530450591886237,next_close
YUM,BUY,59.0,133.62496948242188,7883.873199462891,19.709682998657225,-7903.582882461548,83277.51388457653,59.0,2023-05-01,2023-04-28,target_rebalance,0.054014513498015,next_close
OC,BUY,83.0,100.29866790771484,8324.789436340332,20.81197359085083,-8345.601409931183,74931.91247464535,83.0,2023-05-01,2023-04-28,target_rebalance,0.0575884101490752,next_close
SSD,BUY,74.0,123.36106872558594,9128.71908569336,22.821797714233398,-9151.540883407593,65780.37159123775,74.0,2023-05-01,2023-04-28,target_rebalance,0.0631346509509348,next_close
WST,BUY,25.0,363.0672912597656,9076.68228149414,22.69170570373535,-9099.373987197876,56680.997604039876,25.0,2023-05-01,2023-04-28,target_rebalance,0.0636034528755309,next_close
ROL,BUY,246.0,39.569786071777344,9734.167373657227,24.335418434143065,-9758.502792091369,46922.494811948505,246.0,2023-05-01,2023-04-28,target_rebalance,0.0666929339672099,next_close
ORLY,BUY,157.0,61.973331451416016,9729.813037872314,24.324532594680786,-9754.137570466995,37168.35724148151,157.0,2023-05-01,2023-04-28,target_rebalance,0.0667530650891125,next_close
SYK,BUY,34.0,291.29254150390625,9903.946411132812,24.759866027832032,-9928.706277160645,27239.65096432087,34.0,2023-05-01,2023-04-28,target_rebalance,0.0683868473829988,next_close
ISRG,BUY,35.0,303.0199890136719,10605.699615478516,26.51424903869629,-10632.213864517213,16607.437099803657,35.0,2023-05-01,2023-04-28,target_rebalance,0.0733751767741035,next_close
LULU,BUY,29.0,384.989990234375,11164.709716796875,27.911774291992188,-11192.621491088867,5414.815608714791,29.0,2023-05-01,2023-04-28,target_rebalance,0.0785390901249737,next_close
BLD,SELL,34.0,206.60000610351562,7024.400207519531,17.561000518798828,7006.839207000732,12421.654815715523,0.0,2023-06-01,2023-05-31,target_exit,,next_close
BYD,SELL,168.0,62.27505874633789,10462.209869384766,26.155524673461915,10436.054344711303,22857.709160426828,0.0,2023-06-01,2023-05-31,target_exit,,next_close
LULU,SELL,29.0,328.3500061035156,9522.150177001953,23.805375442504882,9498.344801559448,32356.053961986276,0.0,2023-06-01,2023-05-31,target_exit,,next_close
MGM,SELL,184.0,39.119998931884766,7198.079803466797,17.995199508666992,7180.08460395813,39536.138565944406,0.0,2023-06-01,2023-05-31,target_exit,,next_close
OC,SELL,83.0,102.70968627929688,8524.90396118164,21.312259902954104,8503.591701278687,48039.730267223094,0.0,2023-06-01,2023-05-31,target_exit,,next_close
ORLY,SELL,157.0,59.685333251953125,9370.59732055664,23.426493301391602,9347.17082725525,57386.901094478344,0.0,2023-06-01,2023-05-31,target_exit,,next_close
ROL,SELL,246.0,38.68373489379883,9516.198783874512,23.79049695968628,9492.408286914826,66879.30938139316,0.0,2023-06-01,2023-05-31,target_exit,,next_close
SSD,SELL,74.0,117.84371948242188,8720.435241699219,21.80108810424805,8698.63415359497,75577.94353498814,0.0,2023-06-01,2023-05-31,target_exit,,next_close
SYK,SELL,34.0,270.5837097167969,9199.846130371094,22.999615325927735,9176.846515045167,84754.7900500333,0.0,2023-06-01,2023-05-31,target_exit,,next_close
WST,SELL,25.0,338.67303466796875,8466.825866699219,21.167064666748047,8445.65880203247,93200.44885206578,0.0,2023-06-01,2023-05-31,target_exit,,next_close
YUM,SELL,59.0,124.82855987548828,7364.885032653809,18.41221258163452,7346.472820072174,100546.92167213795,0.0,2023-06-01,2023-05-31,target_exit,,next_close
AVGO,SELL,3.0,75.9124984741211,227.73749542236328,0.5693437385559083,227.16815168380737,100774.08982382176,137.0,2023-06-01,2023-05-31,target_rebalance,0.072878056711014,next_close
MANH,SELL,3.0,183.42999267578125,550.2899780273438,1.3757249450683593,548.9142530822754,101323.00407690404,43.0,2023-06-01,2023-05-31,target_rebalance,0.0543797113916033,next_close
AAPL,SELL,13.0,177.6001739501953,2308.802261352539,5.772005653381348,2303.030255699158,103626.03433260319,53.0,2023-06-01,2023-05-31,target_rebalance,0.065982059556781,next_close
ISRG,BUY,1.0,310.5400085449219,310.5400085449219,0.7763500213623047,-311.3163585662842,103314.7179740369,36.0,2023-06-01,2023-05-31,target_rebalance,0.0803746774649111,next_close
AKAM,BUY,79.0,91.44999694824219,7224.549758911133,18.06137439727783,-7242.611133308411,96072.10684072849,79.0,2023-06-01,2023-05-31,target_rebalance,0.0512927509509781,next_close
AMAT,BUY,59.0,131.56146240234375,7762.126281738281,19.405315704345703,-7781.531597442627,88290.57524328586,59.0,2023-06-01,2023-05-31,target_rebalance,0.055018605960064,next_close
ONTO,BUY,74.0,106.73999786376953,7898.759841918945,19.746899604797363,-7918.506741523743,80372.06850176211,74.0,2023-06-01,2023-05-31,target_rebalance,0.0558762695126475,next_close
ENTG,BUY,79.0,108.61248016357422,8580.385932922363,21.45096483230591,-8601.836897754669,71770.23160400745,79.0,2023-06-01,2023-05-31,target_rebalance,0.0604878305631318,next_close
ELF,BUY,81.0,106.54000091552734,8629.740074157715,21.574350185394287,-8651.314424343109,63118.91717966434,81.0,2023-06-01,2023-05-31,target_rebalance,0.0611052641093137,next_close
FTNT,BUY,129.0,68.63999938964844,8854.559921264648,22.13639980316162,-8876.69632106781,54242.220858596535,129.0,2023-06-01,2023-05-31,target_rebalance,0.0625201822473275,next_close
VRSK,BUY,42.0,215.11459350585938,9034.812927246094,22.587032318115234,-9057.399959564209,45184.820899032326,42.0,2023-06-01,2023-05-31,target_rebalance,0.0636637768362481,next_close
MU,BUY,144.0,68.20858001708984,9822.035522460938,24.555088806152344,-9846.59061126709,35338.23028776524,144.0,2023-06-01,2023-05-31,target_rebalance,0.0695372174943099,next_close
ADBE,BUY,23.0,426.75,9815.25,24.538125,-9839.788125,25498.44216276524,23.0,2023-06-01,2023-05-31,target_rebalance,0.0700785366391107,next_close
GOOG,BUY,83.0,123.28305053710938,10232.493194580078,25.581232986450196,-10258.074427566527,15240.367735198713,83.0,2023-06-01,2023-05-31,target_rebalance,0.0728166145750906,next_close
GOOGL,BUY,85.0,122.6325912475586,10423.77025604248,26.059425640106202,-10449.829681682586,4790.538053516128,85.0,2023-06-01,2023-05-31,target_rebalance,0.073988445987468,next_close
AKAM,SELL,79.0,91.31999969482422,7214.279975891113,18.035699939727785,7196.244275951385,11986.782329467513,0.0,2023-07-03,2023-06-30,target_exit,,next_close
AMAT,SELL,59.0,141.94349670410156,8374.666305541992,20.936665763854982,8353.729639778137,20340.51196924565,0.0,2023-07-03,2023-06-30,target_exit,,next_close
ELF,SELL,81.0,113.25,9173.25,22.933125,9150.316875,29490.82884424565,0.0,2023-07-03,2023-06-30,target_exit,,next_close
FTNT,SELL,129.0,74.66000366210938,9631.14047241211,24.077851181030272,9607.06262123108,39097.89146547673,0.0,2023-07-03,2023-06-30,target_exit,,next_close
MU,SELL,144.0,63.08479690551758,9084.210754394531,22.71052688598633,9061.500227508544,48159.39169298527,0.0,2023-07-03,2023-06-30,target_exit,,next_close
ONTO,SELL,74.0,115.69000244140625,8561.060180664062,21.402650451660158,8539.657530212402,56699.049223197675,0.0,2023-07-03,2023-06-30,target_exit,,next_close
MANH,SELL,1.0,197.00999450683594,197.00999450683594,0.49252498626708985,196.51746952056885,56895.56669271825,42.0,2023-07-03,2023-06-30,target_rebalance,0.0553348878579483,next_close
VRSK,SELL,3.0,217.92994689941406,653.7898406982422,1.6344746017456055,652.1553660964966,57547.72205881475,39.0,2023-07-03,2023-06-30,target_rebalance,0.05677263642105,next_close
GOOGL,SELL,6.0,118.84616088867188,713.0769653320312,1.782692413330078,711.2942729187012,58259.016331733445,79.0,2023-07-03,2023-06-30,target_rebalance,0.0630008139347102,next_close
GOOG,SELL,10.0,119.50634002685547,1195.0634002685547,2.9876585006713867,1192.0757417678833,59451.09207350133,73.0,2023-07-03,2023-06-30,target_rebalance,0.0589071305099646,next_close
ADBE,SELL,3.0,485.2099914550781,1455.6299743652344,3.639074935913086,1451.9908994293212,60903.08297293065,20.0,2023-07-03,2023-06-30,target_rebalance,0.0647124339798438,next_close
ISRG,SELL,7.0,336.0299987792969,2352.209991455078,5.880524978637696,2346.3294664764403,63249.41243940709,29.0,2023-07-03,2023-06-30,target_rebalance,0.0636473486659162,next_close
AVGO,SELL,32.0,84.67269897460938,2709.5263671875,6.77381591796875,2702.752551269531,65952.16499067663,105.0,2023-07-03,2023-06-30,target_rebalance,0.0599319544451935,next_close
AAPL,BUY,1.0,189.79916381835938,189.79916381835938,0.47449790954589843,-190.27366172790528,65761.89132894872,54.0,2023-07-03,2023-06-30,target_rebalance,0.0705421506840965,next_close
ENTG,BUY,54.0,108.79044342041016,5874.683944702148,14.686709861755372,-5889.370654563903,59872.520674384825,133.0,2023-07-03,2023-06-30,target_rebalance,0.0981961737272958,next_close
WMS,BUY,73.0,111.55752563476562,8143.699371337891,20.359248428344728,-8164.058619766235,51708.46205461859,73.0,2023-07-03,2023-06-30,target_rebalance,0.0551153324127277,next_close
ON,BUY,88.0,96.83000183105469,8521.040161132812,21.30260040283203,-8542.342761535645,43166.11929308294,88.0,2023-07-03,2023-06-30,target_rebalance,0.0582851999546299,next_close
MSA,BUY,54.0,163.73703002929688,8841.799621582031,22.104499053955077,-8863.904120635987,34302.21517244696,54.0,2023-07-03,2023-06-30,target_rebalance,0.060046369318467,next_close
ACLS,BUY,49.0,181.74000549316406,8905.260269165039,22.263150672912598,-8927.523419837951,25374.691752609007,49.0,2023-07-03,2023-06-30,target_rebalance,0.061081013102159,next_close
OC,BUY,73.0,124.43729400634766,9083.922462463379,22.709806156158447,-9106.632268619538,16268.05948398947,73.0,2023-07-03,2023-06-30,target_rebalance,0.0620081159065017,next_close
LPX,BUY,169.0,71.68280792236328,12114.394538879395,30.285986347198488,-12144.680525226593,4123.378958762876,169.0,2023-07-03,2023-06-30,target_rebalance,0.082418439079495,next_close
AAPL,SELL,54.0,192.90562438964844,10416.903717041016,26.04225929260254,10390.861457748413,14514.24041651129,0.0,2023-08-01,2023-07-31,target_exit,,next_close
ISRG,SELL,29.0,323.95001220703125,9394.550354003906,23.486375885009767,9371.063978118897,23885.304394630184,0.0,2023-08-01,2023-07-31,target_exit,,next_close
MANH,SELL,42.0,191.58999633789062,8046.779846191406,20.116949615478514,8026.662896575927,31911.96729120611,0.0,2023-08-01,2023-07-31,target_exit,,next_close
MSA,SELL,54.0,173.57305908203125,9372.945190429688,23.43236297607422,9349.512827453613,41261.480118659725,0.0,2023-08-01,2023-07-31,target_exit,,next_close
OC,SELL,73.0,134.00787353515625,9782.574768066406,24.456436920166016,9758.118331146241,51019.59844980597,0.0,2023-08-01,2023-07-31,target_exit,,next_close
WMS,SELL,2.0,124.24639129638672,248.49278259277344,0.6212319564819336,247.87155063629152,51267.47000044226,71.0,2023-08-01,2023-07-31,target_rebalance,0.0568702768310937,next_close
GOOGL,SELL,3.0,130.393798828125,391.181396484375,0.9779534912109376,390.20344299316406,51657.67344343543,76.0,2023-08-01,2023-07-31,target_rebalance,0.0637009384156464,next_close
VRSK,SELL,2.0,224.51190185546875,449.0238037109375,1.1225595092773437,447.9012442016602,52105.57468763709,37.0,2023-08-01,2023-07-31,target_rebalance,0.0533364303973276,next_close
ACLS,SELL,4.0,196.2100067138672,784.8400268554688,1.962100067138672,782.8779267883301,52888.45261442542,45.0,2023-08-01,2023-07-31,target_rebalance,0.0561112016784812,next_close
LPX,SELL,52.0,73.46070098876953,3819.9564514160156,9.54989112854004,3810.4065602874757,56698.859174712896,117.0,2023-08-01,2023-07-31,target_rebalance,0.0553572264909011,next_close
AVGO,BUY,18.0,88.88102722167969,1599.8584899902344,3.999646224975586,-1603.85813621521,55095.001038497685,123.0,2023-08-01,2023-07-31,target_rebalance,0.0709796488414576,next_close
ADBE,BUY,5.0,549.0999755859375,2745.4998779296875,6.863749694824219,-2752.3636276245115,52342.637410873176,25.0,2023-08-01,2023-07-31,target_rebalance,0.0899041424292116,next_close
ON,BUY,41.0,108.08999633789062,4431.689849853516,11.07922462463379,-4442.769074478149,47899.868336395026,129.0,2023-08-01,2023-07-31,target_rebalance,0.0907268240334674,next_close
MPWR,BUY,15.0,538.8809814453125,8083.2147216796875,20.20803680419922,-8103.422758483886,39796.44557791114,15.0,2023-08-01,2023-07-31,target_rebalance,0.0527584755590024,next_close
FTNT,BUY,105.0,78.02999877929688,8193.149871826172,20.48287467956543,-8213.632746505737,31582.8128314054,105.0,2023-08-01,2023-07-31,target_rebalance,0.0531784941077545,next_close
CARR,BUY,145.0,57.61696243286133,8354.459552764893,20.88614888191223,-8375.345701646806,23207.467129758596,145.0,2023-08-01,2023-07-31,target_rebalance,0.0542889659581902,next_close
AMAT,BUY,57.0,148.929931640625,8489.006103515625,21.222515258789063,-8510.228618774414,14697.238510984182,57.0,2023-08-01,2023-07-31,target_rebalance,0.0551963238951357,next_close
PAYC,BUY,27.0,361.93060302734375,9772.126281738281,24.430315704345702,-9796.556597442626,4900.681913541555,27.0,2023-08-01,2023-07-31,target_rebalance,0.0645675096424462,next_close
ACLS,SELL,45.0,192.89999389648438,8680.499725341797,21.70124931335449,8658.798476028442,13559.480389569997,0.0,2023-09-01,2023-08-31,target_exit,,next_close
AMAT,SELL,57.0,150.58291625976562,8583.22622680664,21.4580655670166,8561.768161239625,22121.24855080962,0.0,2023-09-01,2023-08-31,target_exit,,next_close
ENTG,SELL,133.0,101.4278564453125,13489.904907226562,33.72476226806641,13456.180144958496,35577.42869576812,0.0,2023-09-01,2023-08-31,target_exit,,next_close
FTNT,SELL,105.0,60.869998931884766,6391.3498878479,15.978374719619751,6375.371513128281,41952.8002088964,0.0,2023-09-01,2023-08-31,target_exit,,next_close
LPX,SELL,117.0,62.00764846801758,7254.894870758057,18.13723717689514,7236.757633581162,49189.55784247756,0.0,2023-09-01,2023-08-31,target_exit,,next_close
MPWR,SELL,15.0,514.0370483398438,7710.555725097656,19.27638931274414,7691.279335784912,56880.837178262474,0.0,2023-09-01,2023-08-31,target_exit,,next_close
ON,SELL,129.0,99.4000015258789,12822.600196838379,32.05650049209595,12790.543696346283,69671.38087460876,0.0,2023-09-01,2023-08-31,target_exit,,next_close
PAYC,SELL,27.0,289.1113586425781,7806.006683349609,19.515016708374024,7786.4916666412355,77457.87254124999,0.0,2023-09-01,2023-08-31,target_exit,,next_close
VRSK,SELL,37.0,237.8521728515625,8800.530395507812,22.001325988769533,8778.529069519043,86236.40161076904,0.0,2023-09-01,2023-08-31,target_exit,,next_close
ADBE,SELL,2.0,563.2100219726562,1126.4200439453125,2.8160501098632813,1123.6039938354493,87360.00560460449,23.0,2023-09-01,2023-08-31,target_rebalance,0.0868868426889015,next_close
AVGO,SELL,18.0,84.29399108886719,1517.2918395996094,3.7932295989990235,1513.4986100006104,88873.5042146051,105.0,2023-09-01,2023-08-31,target_rebalance,0.0593965184362725,next_close
GOOG,SELL,19.0,135.60443115234375,2576.4841918945312,6.441210479736328,2570.042981414795,91443.54719601989,54.0,2023-09-01,2023-08-31,target_rebalance,0.0493946520150793,next_close
GOOGL,SELL,23.0,134.46762084960938,3092.7552795410156,7.731888198852539,3085.023391342163,94528.57058736206,53.0,2023-09-01,2023-08-31,target_rebalance,0.0477580808711528,next_close
WMS,BUY,25.0,128.5574951171875,3213.9373779296875,8.034843444824219,-3221.9722213745117,91306.59836598755,96.0,2023-09-01,2023-08-31,target_rebalance,0.0842396651701514,next_close
CARR,BUY,80.0,55.82486343383789,4465.989074707031,11.164972686767578,-4477.1540473937985,86829.44431859376,225.0,2023-09-01,2023-08-31,target_rebalance,0.0851175074572101,next_close
EQT,BUY,168.0,42.524253845214844,7144.074645996094,17.860186614990234,-7161.934832611084,79667.50948598268,168.0,2023-09-01,2023-08-31,target_rebalance,0.0482665476724994,next_close
FTV,BUY,125.0,58.90309524536133,7362.886905670166,18.407217264175415,-7381.294122934341,72286.21536304834,125.0,2023-09-01,2023-08-31,target_rebalance,0.0497563271298523,next_close
WEX,BUY,39.0,200.47000122070312,7818.330047607422,19.545825119018556,-7837.87587272644,64448.339490321894,39.0,2023-09-01,2023-08-31,target_rebalance,0.0538218268175903,next_close
TT,BUY,41.0,200.09230041503906,8203.784317016602,20.509460792541503,-8224.293777809144,56224.04571251275,41.0,2023-09-01,2023-08-31,target_rebalance,0.0567129122396181,next_close
CHTR,BUY,22.0,422.32000732421875,9291.040161132812,23.22760040283203,-9314.267761535644,46909.777950977106,22.0,2023-09-01,2023-08-31,target_rebalance,0.0652458655932409,next_close
RBA,BUY,162.0,60.74264144897461,9840.307914733887,24.600769786834718,-9864.908684520722,37044.869266456386,162.0,2023-09-01,2023-08-31,target_rebalance,0.0666162893010376,next_close
ITT,BUY,105.0,100.86297607421875,10590.612487792969,26.47653121948242,-10617.089019012452,26427.780247443934,105.0,2023-09-01,2023-08-31,target_rebalance,0.0717423131528339,next_close
BLD,BUY,35.0,296.55999755859375,10379.599914550781,25.948999786376955,-10405.548914337158,16022.231333106776,35.0,2023-09-01,2023-08-31,target_rebalance,0.0719911482165376,next_close
ANET,BUY,219.0,49.34000015258789,10805.460033416748,27.013650083541872,-10832.47368350029,5189.757649606487,219.0,2023-09-01,2023-08-31,target_rebalance,0.0730535032380219,next_close
ADBE,SELL,23.0,521.1300048828125,11985.990112304688,29.96497528076172,11956.025137023926,17145.782786630414,0.0,2023-10-02,2023-09-29,target_exit,,next_close
AVGO,SELL,105.0,81.10369873046875,8515.888366699219,21.28972091674805,8494.598645782471,25640.381432412883,0.0,2023-10-02,2023-09-29,target_exit,,next_close
BLD,SELL,35.0,248.0399932861328,8681.399765014648,21.703499412536623,8659.696265602111,34300.077698015,0.0,2023-10-02,2023-09-29,target_exit,,next_close
EQT,SELL,168.0,37.590980529785156,6315.284729003906,15.788211822509766,6299.4965171813965,40599.57421519639,0.0,2023-10-02,2023-09-29,target_exit,,next_close
FTV,SELL,125.0,54.937461853027344,6867.182731628418,17.167956829071045,6850.014774799347,47449.58898999574,0.0,2023-10-02,2023-09-29,target_exit,,next_close
ITT,SELL,105.0,94.2883529663086,9900.277061462402,24.750692653656007,9875.526368808747,57325.11535880448,0.0,2023-10-02,2023-09-29,target_exit,,next_close
RBA,SELL,162.0,60.8497200012207,9857.654640197754,24.644136600494384,9833.01050359726,67158.12586240174,0.0,2023-10-02,2023-09-29,target_exit,,next_close
WEX,SELL,39.0,186.75999450683594,7283.639785766602,18.209099464416504,7265.430686302185,74423.55654870393,0.0,2023-10-02,2023-09-29,target_exit,,next_close
WMS,SELL,96.0,112.53836822509766,10803.683349609375,27.009208374023437,10776.674141235351,85200.23068993929,0.0,2023-10-02,2023-09-29,target_exit,,next_close
CHTR,SELL,4.0,438.5,1754.0,4.385,1749.615,86949.84568993929,18.0,2023-10-02,2023-09-29,target_rebalance,0.0551827887352841,next_close
CARR,SELL,80.0,52.56825637817383,4205.460510253906,10.513651275634766,4194.946858978272,91144.79254891757,145.0,2023-10-02,2023-09-29,target_rebalance,0.0547198263445953,next_close
TT,BUY,3.0,193.1408233642578,579.4224700927734,1.4485561752319336,-580.8710262680054,90563.92152264956,44.0,2023-10-02,2023-09-29,target_rebalance,0.0613787705364352,next_close
ANET,BUY,61.0,46.95249938964844,2864.1024627685547,7.1602561569213865,-2871.2627189254763,87692.65880372409,280.0,2023-10-02,2023-09-29,target_rebalance,0.094786315780564,next_close
GOOG,BUY,26.0,133.9886474609375,3483.704833984375,8.709262084960939,-3492.4140960693358,84200.24470765475,80.0,2023-10-02,2023-09-29,target_rebalance,0.0770568678409584,next_close
GOOGL,BUY,31.0,132.9907684326172,4122.713821411133,10.306784553527832,-4133.020605964661,80067.2241016901,84.0,2023-10-02,2023-09-29,target_rebalance,0.0803191533882023,next_close
WSM,BUY,84.0,73.7767105102539,6197.243682861328,15.49310920715332,-6212.736792068481,73854.48730962162,84.0,2023-10-02,2023-09-29,target_rebalance,0.0446563142513095,next_close
AMGN,BUY,27.0,244.8389434814453,6610.651473999023,16.526628684997558,-6627.178102684021,67227.3092069376,27.0,2023-10-02,2023-09-29,target_rebalance,0.0476734369130871,next_close
HLI,BUY,70.0,101.17306518554688,7082.114562988281,17.705286407470705,-7099.819849395752,60127.48935754185,70.0,2023-10-02,2023-09-29,target_rebalance,0.0513346282974442,next_close
CORT,BUY,278.0,26.290000915527344,7308.620254516602,18.271550636291504,-7326.891805152893,52800.59755238895,278.0,2023-10-02,2023-09-29,target_rebalance,0.0525851215322986,next_close
RYAN,BUY,161.0,46.40642547607422,7471.434501647949,18.678586254119875,-7490.113087902069,45310.48446448688,161.0,2023-10-02,2023-09-29,target_rebalance,0.053952556199484,next_close
FANG,BUY,60.0,135.3086700439453,8118.520202636719,20.2963005065918,-8138.816503143311,37171.66796134357,60.0,2023-10-02,2023-09-29,target_rebalance,0.0589566960585865,next_close
MELI,BUY,6.0,1259.4100341796875,7556.460205078125,18.89115051269531,-7575.35135559082,29596.31660575275,6.0,2023-10-02,2023-09-29,target_rebalance,0.0590633085070859,next_close
INTU,BUY,22.0,507.94683837890625,11174.830444335938,27.937076110839843,-11202.767520446778,18393.54908530597,22.0,2023-10-02,2023-09-29,target_rebalance,0.083142108007766,next_close
AKAM,BUY,124.0,106.83000183105469,13246.920227050781,33.117300567626955,-13280.037527618408,5113.511557687563,124.0,2023-10-02,2023-09-29,target_rebalance,0.0951921076068983,next_close
AMGN,SELL,27.0,239.8099822998047,6474.869522094727,16.187173805236817,6458.68234828949,11572.193905977052,0.0,2023-11-01,2023-10-31,target_exit,,next_close
CARR,SELL,145.0,48.036048889160156,6965.227088928223,17.41306772232056,6947.8140212059025,18520.007927182953,0.0,2023-11-01,2023-10-31,target_exit,,next_close
CHTR,SELL,18.0,406.510009765625,7317.18017578125,18.292950439453126,7298.887225341797,25818.89515252475,0.0,2023-11-01,2023-10-31,target_exit,,next_close
CORT,SELL,278.0,28.09000015258789,7809.020042419434,19.522550106048584,7789.497492313385,33608.39264483814,0.0,2023-11-01,2023-10-31,target_exit,,next_close
FANG,SELL,60.0,143.60552978515625,8616.331787109375,21.540829467773438,8594.790957641602,42203.18360247974,0.0,2023-11-01,2023-10-31,target_exit,,next_close
GOOG,SELL,80.0,126.455078125,10116.40625,25.291015625,10091.115234375,52294.29883685474,0.0,2023-11-01,2023-10-31,target_exit,,next_close
GOOGL,SELL,84.0,125.33859252929688,10528.441772460938,26.321104431152346,10502.120668029786,62796.41950488452,0.0,2023-11-01,2023-10-31,target_exit,,next_close
HLI,SELL,70.0,97.7696304321289,6843.874130249023,17.10968532562256,6826.764444923401,69623.18394980792,0.0,2023-11-01,2023-10-31,target_exit,,next_close
INTU,SELL,22.0,480.69769287109375,10575.349243164062,26.438373107910156,10548.910870056152,80172.09481986407,0.0,2023-11-01,2023-10-31,target_exit,,next_close
RYAN,SELL,161.0,42.034515380859375,6767.556976318359,16.918892440795897,6750.638083877563,86922.73290374163,0.0,2023-11-01,2023-10-31,target_exit,,next_close
TT,SELL,44.0,208.1552734375,9158.83203125,22.897080078125,9135.934951171876,96058.66785491351,0.0,2023-11-01,2023-10-31,target_exit,,next_close
ANET,SELL,139.0,52.709999084472656,7326.689872741699,18.31672468185425,7308.373148059845,103367.04100297336,141.0,2023-11-01,2023-10-31,target_rebalance,0.0538536542701927,next_close
WSM,BUY,18.0,71.94637298583984,1295.0347137451172,3.2375867843627932,-1298.27230052948,102068.76870244388,102.0,2023-11-01,2023-10-31,target_rebalance,0.0537087538399001,next_close
AKAM,BUY,33.0,103.88999938964844,3428.3699798583984,8.570924949645997,-3436.9409048080443,98631.82779763584,157.0,2023-11-01,2023-10-31,target_rebalance,0.1190696734197145,next_close
MELI,BUY,2.0,1300.010009765625,2600.02001953125,6.500050048828125,-2606.520069580078,96025.30772805576,8.0,2023-11-01,2023-10-31,target_rebalance,0.0847667500454021,next_close
INTC,BUY,157.0,36.67658233642578,5758.223426818848,14.39555856704712,-5772.618985385895,90252.68874266987,157.0,2023-11-01,2023-10-31,target_rebalance,0.0419395388632398,next_close
MSFT,BUY,17.0,338.7865905761719,5759.372039794922,14.398430099487305,-5773.770469894409,84478.91827277545,17.0,2023-11-01,2023-10-31,target_rebalance,0.0424524850769367,next_close
CDNS,BUY,23.0,244.8800048828125,5632.2401123046875,14.080600280761718,-5646.32071258545,78832.59756019,23.0,2023-11-01,2023-10-31,target_rebalance,0.0426671402557176,next_close
LNG,BUY,38.0,164.1234588623047,6236.691436767578,15.591728591918946,-6252.283165359497,72580.31439483051,38.0,2023-11-01,2023-10-31,target_rebalance,0.0459970782960431,next_close
AMZN,BUY,46.0,137.0,6302.0,15.755,-6317.755,66262.5593948305,46.0,2023-11-01,2023-10-31,target_rebalance,0.0463997613716412,next_close
UEC,BUY,1115.0,5.800000190734863,6467.000212669373,16.167500531673433,-6483.167713201046,59779.39168162946,1115.0,2023-11-01,2023-10-31,target_rebalance,0.0470296711952097,next_close
NTNX,BUY,198.0,36.540000915527344,7234.920181274414,18.087300453186035,-7253.0074817276,52526.38419990186,198.0,2023-11-01,2023-10-31,target_rebalance,0.0526521527356844,next_close
MPC,BUY,51.0,146.69406127929688,7481.397125244141,18.70349281311035,-7500.100618057251,45026.28358184461,51.0,2023-11-01,2023-10-31,target_rebalance,0.0549710834357467,next_close
CHRD,BUY,74.0,141.9427947998047,10503.766815185547,26.259417037963868,-10530.02623222351,34496.2573496211,74.0,2023-11-01,2023-10-31,target_rebalance,0.0765391818263194,next_close
CW,BUY,60.0,199.10830688476562,11946.498413085938,29.866246032714844,-11976.364659118652,22519.892690502445,60.0,2023-11-01,2023-10-31,target_rebalance,0.0879530753682515,next_close
RBA,BUY,257.0,63.99392318725586,16446.438259124756,41.11609564781189,-16487.55435477257,6032.338335729877,257.0,2023-11-01,2023-10-31,target_rebalance,0.12,next_close
AKAM,SELL,157.0,116.02999877929688,18216.70980834961,45.54177452087402,18171.168033828737,24203.506369558614,0.0,2023-12-01,2023-11-30,target_exit,,next_close
AMZN,SELL,46.0,147.02999877929688,6763.379943847656,16.90844985961914,6746.471493988037,30949.97786354665,0.0,2023-12-01,2023-11-30,target_exit,,next_close
ANET,SELL,141.0,54.15999984741211,7636.559978485107,19.091399946212768,7617.468578538895,38567.446442085544,0.0,2023-12-01,2023-11-30,target_exit,,next_close
CDNS,SELL,23.0,270.3500061035156,6218.050140380859,15.54512535095215,6202.505015029908,44769.95145711545,0.0,2023-12-01,2023-11-30,target_exit,,next_close
CHRD,SELL,74.0,141.2003936767578,10448.829132080078,26.122072830200196,10422.707059249879,55192.65851636533,0.0,2023-12-01,2023-11-30,target_exit,,next_close
CW,SELL,60.0,217.843994140625,13070.6396484375,32.67659912109375,13037.963049316406,68230.62156568174,0.0,2023-12-01,2023-11-30,target_exit,,next_close
INTC,SELL,157.0,43.16194152832031,6776.424819946289,16.941062049865725,6759.483757896423,74990.10532357816,0.0,2023-12-01,2023-11-30,target_exit,,next_close
MELI,SELL,8.0,1652.010009765625,13216.080078125,33.0402001953125,13183.039877929688,88173.14520150784,0.0,2023-12-01,2023-11-30,target_exit,,next_close
MPC,SELL,51.0,143.89991760253906,7338.895797729492,18.34723949432373,7320.5485582351685,95493.69375974301,0.0,2023-12-01,2023-11-30,target_exit,,next_close
RBA,SELL,257.0,65.01130676269531,16707.905838012695,41.76976459503174,16666.136073417663,112159.82983316068,0.0,2023-12-01,2023-11-30,target_exit,,next_close
UEC,SELL,1115.0,6.539999961853027,7292.0999574661255,18.230249893665313,7273.86970757246,119433.69954073314,0.0,2023-12-01,2023-11-30,target_exit,,next_close
WSM,SELL,102.0,94.22694396972656,9611.14828491211,24.027870712280276,9587.12041419983,129020.81995493297,0.0,2023-12-01,2023-11-30,target_exit,,next_close
NTNX,SELL,22.0,44.779998779296875,985.1599731445312,2.4628999328613284,982.6970732116699,130003.51702814465,176.0,2023-12-01,2023-11-30,target_rebalance,0.0520639575281821,next_close
LNG,BUY,1.0,177.21290588378906,177.21290588378906,0.44303226470947266,-177.65593814849854,129825.86108999615,39.0,2023-12-01,2023-11-30,target_rebalance,0.0464102297688106,next_close
GEN,BUY,322.0,21.289514541625977,6855.223682403564,17.13805920600891,-6872.361741609573,122953.49934838657,322.0,2023-12-01,2023-11-30,target_rebalance,0.0455474738158,next_close
COR,BUY,35.0,199.94058227539062,6997.920379638672,17.494800949096682,-7015.415180587768,115938.0841677988,35.0,2023-12-01,2023-11-30,target_rebalance,0.0473297744979665,next_close
QCOM,BUY,63.0,123.12991333007812,7757.184539794922,19.392961349487305,-7776.577501144409,108161.5066666544,63.0,2023-12-01,2023-11-30,target_rebalance,0.0515549123637114,next_close
PANW,BUY,53.0,148.0800018310547,7848.240097045898,19.620600242614746,-7867.860697288514,100293.64596936588,53.0,2023-12-01,2023-11-30,target_rebalance,0.0523705942391365,next_close
WTW,BUY,34.0,238.0564422607422,8093.919036865234,20.234797592163087,-8114.153834457397,92179.49213490849,34.0,2023-12-01,2023-11-30,target_rebalance,0.0545947058036543,next_close
FICO,BUY,7.0,1127.7099609375,7893.9697265625,19.73492431640625,-7913.704650878906,84265.78748402958,7.0,2023-12-01,2023-11-30,target_rebalance,0.0586396492412534,next_close
CPRT,BUY,189.0,50.130001068115234,9474.57020187378,23.686425504684447,-9498.256627378463,74767.53085665112,189.0,2023-12-01,2023-11-30,target_rebalance,0.0629985500640781,next_close
NTAP,BUY,112.0,86.93141174316406,9736.318115234375,24.34079528808594,-9760.658910522461,65006.87194612866,112.0,2023-12-01,2023-11-30,target_rebalance,0.0646381164981475,next_close
MORN,BUY,36.0,279.4606628417969,10060.583862304688,25.15145965576172,-10085.735321960448,54921.13662416821,36.0,2023-12-01,2023-11-30,target_rebalance,0.0672532509797523,next_close
PTC,BUY,73.0,159.41000366210938,11636.930267333984,29.09232566833496,-11666.022593002319,43255.1140311659,73.0,2023-12-01,2023-11-30,target_rebalance,0.0777040080569405,next_close
MSFT,BUY,32.0,367.3721618652344,11755.9091796875,29.389772949218752,-11785.298952636718,31469.81507852918,49.0,2023-12-01,2023-11-30,target_rebalance,0.12,next_close
EA,BUY,90.0,136.1348419189453,12252.135772705078,30.630339431762696,-12282.76611213684,19187.04896639234,90.0,2023-12-01,2023-11-30,target_rebalance,0.0820069013115456,next_close
CTAS,BUY,95.0,136.63546752929688,12980.369415283203,32.45092353820801,-13012.820338821411,6174.228627570928,95.0,2023-12-01,2023-11-30,target_rebalance,0.0868878758310206,next_close
COR,SELL,35.0,204.3001251220703,7150.504379272461,17.87626094818115,7132.62811832428,13306.85674589521,0.0,2024-01-02,2023-12-29,target_exit,,next_close
CPRT,SELL,189.0,47.5099983215332,8979.389682769775,22.448474206924438,8956.94120856285,22263.79795445806,0.0,2024-01-02,2023-12-29,target_exit,,next_close
EA,SELL,90.0,134.1781768798828,12076.035919189453,30.190089797973634,12045.84582939148,34309.64378384954,0.0,2024-01-02,2023-12-29,target_exit,,next_close
LNG,SELL,39.0,165.3082733154297,6447.022659301758,16.117556648254396,6430.9051026535035,40740.54888650304,0.0,2024-01-02,2023-12-29,target_exit,,next_close
MORN,SELL,36.0,272.87469482421875,9823.489013671875,24.558722534179687,9798.930291137694,50539.47917764074,0.0,2024-01-02,2023-12-29,target_exit,,next_close
NTAP,SELL,112.0,82.10293579101562,9195.52880859375,22.988822021484374,9172.539986572265,59712.019164213,0.0,2024-01-02,2023-12-29,target_exit,,next_close
NTNX,SELL,176.0,45.849998474121094,8069.5997314453125,20.17399932861328,8049.425732116699,67761.4448963297,0.0,2024-01-02,2023-12-29,target_exit,,next_close
PANW,SELL,53.0,144.4600067138672,7656.380355834961,19.1409508895874,7637.239404945373,75398.68430127508,0.0,2024-01-02,2023-12-29,target_exit,,next_close
WTW,SELL,34.0,233.5799560546875,7941.718505859375,19.854296264648436,7921.864209594726,83320.5485108698,0.0,2024-01-02,2023-12-29,target_exit,,next_close
CTAS,SELL,13.0,144.87396240234375,1883.3615112304688,4.708403778076172,1878.6531074523925,85199.2016183222,82.0,2024-01-02,2023-12-29,target_rebalance,0.0787254336613733,next_close
MSFT,SELL,24.0,363.801513671875,8731.236328125,21.8280908203125,8709.408237304688,93908.60985562688,25.0,2024-01-02,2023-12-29,target_rebalance,0.0589284732395779,next_close
GEN,BUY,51.0,21.718353271484375,1107.6360168457031,2.7690900421142577,-1110.4051068878173,92798.20474873907,373.0,2024-01-02,2023-12-29,target_rebalance,0.0539483934719391,next_close
QCOM,BUY,28.0,133.15728759765625,3728.404052734375,9.321010131835937,-3737.725062866211,89060.47968587285,91.0,2024-01-02,2023-12-29,target_rebalance,0.0807396490981632,next_close
PTC,BUY,23.0,168.6300048828125,3878.4901123046875,9.69622528076172,-3888.186337585449,85172.2933482874,96.0,2024-01-02,2023-12-29,target_rebalance,0.1080996044495389,next_close
FICO,BUY,3.0,1131.1600341796875,3393.4801025390625,8.483700256347657,-3401.96380279541,81770.329545492,10.0,2024-01-02,2023-12-29,target_rebalance,0.0818490358553102,next_close
AMD,BUY,46.0,138.5800018310547,6374.680084228516,15.93670021057129,-6390.616784439087,75379.71276105291,46.0,2024-01-02,2023-12-29,target_rebalance,0.0423931458634008,next_close
LRCX,BUY,97.0,73.3626708984375,7116.1790771484375,17.790447692871094,-7133.969524841308,68245.74323621161,97.0,2024-01-02,2023-12-29,target_rebalance,0.0475244918377441,next_close
V,BUY,28.0,254.0428466796875,7113.19970703125,17.782999267578127,-7130.982706298828,61114.76052991278,28.0,2024-01-02,2023-12-29,target_rebalance,0.048853120557006,next_close
COF,BUY,58.0,127.2938461303711,7383.043075561523,18.45760768890381,-7401.500683250427,53713.25984666235,58.0,2024-01-02,2023-12-29,target_rebalance,0.0498616125556926,next_close
TOL,BUY,76.0,98.81769561767578,7510.144866943359,18.7753621673584,-7528.920229110718,46184.33961755164,76.0,2024-01-02,2023-12-29,target_rebalance,0.0500065239229153,next_close
WDAY,BUY,33.0,268.2799987792969,8853.239959716797,22.13309989929199,-8875.37305961609,37308.96655793555,33.0,2024-01-02,2023-12-29,target_rebalance,0.059033468271307,next_close
A,BUY,66.0,136.38229370117188,9001.231384277344,22.50307846069336,-9023.734462738037,28285.232095197513,66.0,2024-01-02,2023-12-29,target_rebalance,0.0604069079542664,next_close
INTU,BUY,17.0,593.3030395507812,10086.151672363281,25.215379180908204,-10111.36705154419,18173.86504365332,17.0,2024-01-02,2023-12-29,target_rebalance,0.0679047424157801,next_close
AVGO,BUY,116.0,105.91425323486328,12286.05337524414,30.715133438110353,-12316.768508682251,5857.09653497107,116.0,2024-01-02,2023-12-29,target_rebalance,0.0817253968459846,next_close
A,SELL,66.0,130.77960205078125,8631.453735351562,21.578634338378908,8609.875101013184,14466.971635984253,0.0,2024-02-01,2024-01-31,target_exit,,next_close
AMD,SELL,46.0,170.47999572753906,7842.079803466797,19.605199508666992,7822.47460395813,22289.446239942383,0.0,2024-02-01,2024-01-31,target_exit,,next_close
COF,SELL,58.0,129.65452575683594,7519.962493896484,18.79990623474121,7501.162587661744,29790.608827604126,0.0,2024-02-01,2024-01-31,target_exit,,next_close
CTAS,SELL,82.0,151.14707946777344,12394.060516357422,30.985151290893555,12363.075365066528,42153.684192670655,0.0,2024-02-01,2024-01-31,target_exit,,next_close
FICO,SELL,10.0,1243.1700439453125,12431.700439453125,31.079251098632813,12400.621188354493,54554.305381025144,0.0,2024-02-01,2024-01-31,target_exit,,next_close
QCOM,SELL,91.0,133.99290466308594,12193.35432434082,30.483385810852052,12162.870938529968,66717.17631955512,0.0,2024-02-01,2024-01-31,target_exit,,next_close
V,SELL,28.0,271.88385009765625,7612.747802734375,19.03186950683594,7593.715933227539,74310.89225278265,0.0,2024-02-01,2024-01-31,target_exit,,next_close
LRCX,SELL,3.0,81.48025512695312,244.44076538085938,0.6111019134521485,243.82966346740722,74554.72191625006,94.0,2024-02-01,2024-01-31,target_rebalance,0.0477976787839969,next_close
MSFT,SELL,2.0,396.08428955078125,792.1685791015625,1.9804214477539064,790.1881576538086,75344.91007390387,23.0,2024-02-01,2024-01-31,target_rebalance,0.0551282988454499,next_close
WDAY,SELL,4.0,294.0,1176.0,2.94,1173.06,76517.97007390387,29.0,2024-02-01,2024-01-31,target_rebalance,0.053494763593487,next_close
AVGO,SELL,13.0,117.10012817382812,1522.3016662597656,3.805754165649414,1518.4959120941162,78036.46598599799,103.0,2024-02-01,2024-01-31,target_rebalance,0.0751519214513322,next_close
PTC,SELL,23.0,179.39999389648438,4126.199859619141,10.315499649047851,4115.884359970093,82152.35034596808,73.0,2024-02-01,2024-01-31,target_rebalance,0.0815430358530147,next_close
TOL,BUY,1.0,99.26497650146484,99.26497650146484,0.2481624412536621,-99.51313894271851,82052.83720702537,77.0,2024-02-01,2024-01-31,target_rebalance,0.0485420830895285,next_close
GEN,BUY,298.0,22.795217514038086,6792.97481918335,16.982437047958374,-6809.957256231308,75242.87995079406,671.0,2024-02-01,2024-01-31,target_rebalance,0.0961564896613257,next_close
HUBS,BUY,12.0,612.969970703125,7355.6396484375,18.38909912109375,-7374.028747558594,67868.85120323546,12.0,2024-02-01,2024-01-31,target_rebalance,0.0480947502665444,next_close
UBER,BUY,116.0,66.7300033569336,7740.680389404297,19.35170097351074,-7760.032090377807,60108.81911285766,116.0,2024-02-01,2024-01-31,target_rebalance,0.0487914960796411,next_close
TPR,BUY,224.0,38.026092529296875,8517.8447265625,21.29461181640625,-8539.139338378905,51569.679774478755,224.0,2024-02-01,2024-01-31,target_rebalance,0.0535470748125536,next_close
KKR,BUY,98.0,86.77751159667969,8504.19613647461,21.260490341186525,-8525.456626815796,43044.22314766296,98.0,2024-02-01,2024-01-31,target_rebalance,0.0536517739439828,next_close
MA,BUY,24.0,454.9031066894531,10917.674560546875,27.294186401367188,-10944.968746948241,32099.25440071472,24.0,2024-02-01,2024-01-31,target_rebalance,0.0703346940905497,next_close
URI,BUY,18.0,631.1546020507812,11360.782836914062,28.40195709228516,-11389.184794006347,20710.06960670837,18.0,2024-02-01,2024-01-31,target_rebalance,0.0749041765404103,next_close
ISRG,BUY,40.0,383.8299865722656,15353.199462890625,38.382998657226565,-15391.582461547852,5318.487145160518,40.0,2024-02-01,2024-01-31,target_rebalance,0.0977052468655281,next_close
GEN,SELL,671.0,20.926185607910156,14041.470542907715,35.103676357269286,14006.366866550445,19324.854011710962,0.0,2024-03-01,2024-02-29,target_exit,,next_close
HUBS,SELL,12.0,633.7999877929688,7605.599853515625,19.013999633789062,7586.585853881836,26911.439865592798,0.0,2024-03-01,2024-02-29,target_exit,,next_close
INTU,SELL,17.0,655.962646484375,11151.364990234375,27.87841247558594,11123.48657775879,38034.926443351585,0.0,2024-03-01,2024-02-29,target_exit,,next_close
ISRG,SELL,40.0,397.8999938964844,15915.999755859375,39.789999389648436,15876.209756469727,53911.13619982131,0.0,2024-03-01,2024-02-29,target_exit,,next_close
KKR,SELL,98.0,97.55744171142578,9560.629287719727,23.901573219299316,9536.727714500426,63447.86391432174,0.0,2024-03-01,2024-02-29,target_exit,,next_close
MSFT,SELL,23.0,408.3346252441406,9391.696380615234,23.479240951538085,9368.217139663697,72816.08105398543,0.0,2024-03-01,2024-02-29,target_exit,,next_close
PTC,SELL,73.0,187.75999450683594,13706.479598999023,34.26619899749756,13672.213400001527,86488.29445398695,0.0,2024-03-01,2024-02-29,target_exit,,next_close
TOL,SELL,77.0,114.87738800048828,8845.558876037598,22.113897190093994,8823.444978847503,95311.73943283445,0.0,2024-03-01,2024-02-29,target_exit,,next_close
TPR,SELL,224.0,44.867374420166016,10050.291870117188,25.12572967529297,10025.166140441894,105336.90557327635,0.0,2024-03-01,2024-02-29,target_exit,,next_close
UBER,SELL,116.0,81.02999877929688,9399.479858398438,23.498699645996094,9375.981158752442,114712.8867320288,0.0,2024-03-01,2024-02-29,target_exit,,next_close
WDAY,SELL,29.0,291.9200134277344,8465.680389404297,21.16420097351074,8444.516188430785,123157.40292045959,0.0,2024-03-01,2024-02-29,target_exit,,next_close
MA,SELL,5.0,470.4080505371094,2352.040252685547,5.8801006317138675,2346.160152053833,125503.56307251343,19.0,2024-03-01,2024-02-29,target_rebalance,0.0505999793973887,next_close
LRCX,BUY,23.0,96.09990692138672,2210.2978591918945,5.525744647979736,-2215.823603839874,123287.73946867355,117.0,2024-03-01,2024-02-29,target_rebalance,0.0663320709848404,next_close
URI,BUY,3.0,686.845458984375,2060.536376953125,5.151340942382813,-2065.687717895508,121222.05175077805,21.0,2024-03-01,2024-02-29,target_rebalance,0.0883280328064984,next_close
AVGO,BUY,24.0,136.5347137451172,3276.8331298828125,8.19208282470703,-3285.0252127075196,117937.02653807052,127.0,2024-03-01,2024-02-29,target_rebalance,0.1022996727018151,next_close
CP,BUY,89.0,84.9870834350586,7563.850425720215,18.909626064300536,-7582.760051784516,110354.26648628601,89.0,2024-03-01,2024-02-29,target_rebalance,0.0446724858216426,next_close
FICO,BUY,5.0,1295.199951171875,6475.999755859375,16.189999389648438,-6492.189755249024,103862.07673103698,5.0,2024-03-01,2024-02-29,target_rebalance,0.0447576066518328,next_close
AMAT,BUY,38.0,206.38906860351562,7842.784606933594,19.606961517333986,-7862.3915684509275,95999.68516258606,38.0,2024-03-01,2024-02-29,target_rebalance,0.0463469558542513,next_close
MAS,BUY,107.0,74.617431640625,7984.065185546875,19.960162963867187,-8004.025348510742,87995.65981407532,107.0,2024-03-01,2024-02-29,target_rebalance,0.0471738837051868,next_close
AAON,BUY,106.0,82.42292022705078,8736.829544067383,21.84207386016846,-8758.671617927552,79236.98819614777,106.0,2024-03-01,2024-02-29,target_rebalance,0.0515095215460372,next_close
MLM,BUY,16.0,582.616943359375,9321.87109375,23.304677734375,-9345.175771484375,69891.8124246634,16.0,2024-03-01,2024-02-29,target_rebalance,0.0570407348689659,next_close
ANET,BUY,141.0,71.93499755859375,10142.834655761719,25.357086639404297,-10168.191742401123,59723.62068226228,141.0,2024-03-01,2024-02-29,target_rebalance,0.0597152050222943,next_close
BLD,BUY,27.0,410.6099853515625,11086.469604492188,27.716174011230468,-11114.185778503417,48609.43490375886,27.0,2024-03-01,2024-02-29,target_rebalance,0.0675296820751125,next_close
REGN,BUY,12.0,974.7689819335938,11697.227783203125,29.243069458007813,-11726.470852661132,36882.96405109773,12.0,2024-03-01,2024-02-29,target_rebalance,0.0695849019865832,next_close
NVDA,BUY,172.0,82.13301086425781,14126.877868652344,35.31719467163086,-14162.195063323974,22720.768987773758,172.0,2024-03-01,2024-02-29,target_rebalance,0.0834329470441082,next_close
AWI,BUY,129.0,118.74082946777344,15317.567001342773,38.29391750335694,-15355.86091884613,7364.908068927627,129.0,2024-03-01,2024-02-29,target_rebalance,0.0906763195334415,next_close
AVGO,SELL,127.0,132.3230743408203,16805.03044128418,42.01257610321045,16763.01786518097,24127.925934108596,0.0,2024-04-01,2024-03-28,target_exit,,next_close
BLD,SELL,27.0,438.3500061035156,11835.450164794922,29.588625411987305,11805.861539382935,35933.78747349153,0.0,2024-04-01,2024-03-28,target_exit,,next_close
CP,SELL,89.0,86.71208190917969,7717.375289916992,19.29343822479248,7698.0818516922,43631.86932518373,0.0,2024-04-01,2024-03-28,target_exit,,next_close
FICO,SELL,5.0,1254.3699951171875,6271.8499755859375,15.679624938964844,6256.170350646973,49888.0396758307,0.0,2024-04-01,2024-03-28,target_exit,,next_close
MAS,SELL,107.0,74.7039794921875,7993.3258056640625,19.983314514160156,7973.342491149902,57861.382166980606,0.0,2024-04-01,2024-03-28,target_exit,,next_close
REGN,SELL,12.0,961.3697509765625,11536.43701171875,28.841092529296876,11507.595919189453,69368.97808617006,0.0,2024-04-01,2024-03-28,target_exit,,next_close
URI,SELL,21.0,696.2178955078125,14620.575805664062,36.55143951416016,14584.024366149903,83953.00245231995,0.0,2024-04-01,2024-03-28,target_exit,,next_close
AAON,SELL,4.0,87.18125915527344,348.72503662109375,0.8718125915527344,347.853224029541,84300.8556763495,102.0,2024-04-01,2024-03-28,target_rebalance,0.0511958570139694,next_close
LRCX,SELL,6.0,96.33226776123047,577.9936065673828,1.444984016418457,576.5486225509644,84877.40429890047,111.0,2024-04-01,2024-03-28,target_rebalance,0.0617642707118012,next_close
AWI,SELL,36.0,120.99898529052734,4355.963470458984,10.889908676147462,4345.073561782837,89222.4778606833,93.0,2024-04-01,2024-03-28,target_rebalance,0.0651896059014793,next_close
ANET,BUY,3.0,74.9375,224.8125,0.56203125,-225.37453125,88997.1033294333,144.0,2024-04-01,2024-03-28,target_rebalance,0.0626942776510463,next_close
NVDA,BUY,8.0,90.20690155029297,721.6552124023438,1.8041380310058595,-723.4593504333496,88273.64397899996,180.0,2024-04-01,2024-03-28,target_rebalance,0.0942294843795148,next_close
MA,BUY,2.0,472.1549377441406,944.3098754882812,2.3607746887207033,-946.6706501770019,87326.97332882296,21.0,2024-04-01,2024-03-28,target_rebalance,0.0600862664654538,next_close
MLM,BUY,4.0,596.9071044921875,2387.62841796875,5.969071044921875,-2393.5974890136717,84933.37583980929,20.0,2024-04-01,2024-03-28,target_rebalance,0.0726127565704963,next_close
AMAT,BUY,35.0,204.85772705078125,7170.020446777344,17.92505111694336,-7187.945497894287,77745.43034191501,73.0,2024-04-01,2024-03-28,target_rebalance,0.0869698995075439,next_close
HUBB,BUY,22.0,405.28814697265625,8916.339233398438,22.290848083496094,-8938.630081481933,68806.80026043308,22.0,2024-04-01,2024-03-28,target_rebalance,0.052092919945283,next_close
WING,BUY,24.0,364.059814453125,8737.435546875,21.8435888671875,-8759.279135742188,60047.521124690895,24.0,2024-04-01,2024-03-28,target_rebalance,0.0526952903092931,next_close
MSA,BUY,50.0,185.8062744140625,9290.313720703125,23.225784301757812,-9313.539505004883,50733.98161968601,50.0,2024-04-01,2024-03-28,target_rebalance,0.0548308555650769,next_close
RYAN,BUY,183.0,53.128639221191406,9722.540977478027,24.30635244369507,-9746.847329921722,40987.13428976429,183.0,2024-04-01,2024-03-28,target_rebalance,0.056382229778016,next_close
DPZ,BUY,21.0,476.0407409667969,9996.855560302734,24.992138900756835,-10021.847699203492,30965.286590560798,21.0,2024-04-01,2024-03-28,target_rebalance,0.0593894646276125,next_close
WM,BUY,55.0,205.8452606201172,11321.489334106445,28.303723335266113,-11349.793057441711,19615.493533119086,55.0,2024-04-01,2024-03-28,target_rebalance,0.0664838004320594,next_close
CROX,BUY,86.0,145.75,12534.5,31.33625,-12565.83625,7049.657283119086,86.0,2024-04-01,2024-03-28,target_rebalance,0.0733830211413534,next_close
ANET,SELL,144.0,63.8025016784668,9187.560241699219,22.96890060424805,9164.59134109497,16214.248624214057,0.0,2024-05-01,2024-04-30,target_exit,,next_close
AWI,SELL,93.0,112.04483795166016,10420.169929504395,26.050424823760988,10394.119504680633,26608.36812889469,0.0,2024-05-01,2024-04-30,target_exit,,next_close
CROX,SELL,86.0,123.55000305175781,10625.300262451172,26.56325065612793,10598.737011795043,37207.10514068973,0.0,2024-05-01,2024-04-30,target_exit,,next_close
DPZ,SELL,21.0,497.72625732421875,10452.251403808594,26.130628509521486,10426.120775299072,47633.225915988805,0.0,2024-05-01,2024-04-30,target_exit,,next_close
HUBB,SELL,22.0,362.9895935058594,7985.771057128906,19.964427642822265,7965.806629486084,55599.03254547489,0.0,2024-05-01,2024-04-30,target_exit,,next_close
LRCX,SELL,111.0,85.17711639404297,9454.65991973877,23.636649799346923,9431.023269939422,65030.05581541431,0.0,2024-05-01,2024-04-30,target_exit,,next_close
MA,SELL,21.0,436.90350341796875,9174.973571777344,22.93743392944336,9152.036137847901,74182.0919532622,0.0,2024-05-01,2024-04-30,target_exit,,next_close
MSA,SELL,50.0,177.9232635498047,8896.163177490234,22.240407943725586,8873.922769546509,83056.01472280872,0.0,2024-05-01,2024-04-30,target_exit,,next_close
RYAN,SELL,183.0,51.36487579345703,9399.772270202637,23.49943067550659,9376.27283952713,92432.28756233584,0.0,2024-05-01,2024-04-30,target_exit,,next_close
WING,SELL,24.0,380.0753173828125,9121.8076171875,22.80451904296875,9099.00309814453,101531.29066048037,0.0,2024-05-01,2024-04-30,target_exit,,next_close
WM,SELL,55.0,199.89932250976562,10994.46273803711,27.486156845092776,10966.976581192017,112498.2672416724,0.0,2024-05-01,2024-04-30,target_exit,,next_close
AMAT,SELL,15.0,190.42767333984375,2856.4151000976562,7.1410377502441404,2849.274062347412,115347.5413040198,58.0,2024-05-01,2024-04-30,target_rebalance,0.0678191662507143,next_close
MLM,SELL,7.0,583.515625,4084.609375,10.2115234375,4074.3978515625,119421.93915558231,13.0,2024-05-01,2024-04-30,target_rebalance,0.0453141490944468,next_close
NVDA,BUY,1.0,82.89752960205078,82.89752960205078,0.20724382400512695,-83.10477342605591,119338.83438215626,181.0,2024-05-01,2024-04-30,target_rebalance,0.0928180956958027,next_close
AAON,BUY,38.0,93.6123275756836,3557.2684478759766,8.893171119689942,-3566.1616189956667,115772.67276316059,140.0,2024-05-01,2024-04-30,target_rebalance,0.0811670478156157,next_close
UTHR,BUY,29.0,255.13999938964844,7399.059982299805,18.497649955749512,-7417.557632255554,108355.11513090503,29.0,2024-05-01,2024-04-30,target_rebalance,0.046821288416519,next_close
TT,BUY,24.0,309.0481872558594,7417.156494140625,18.54289123535156,-7435.699385375977,100919.41574552906,24.0,2024-05-01,2024-04-30,target_rebalance,0.0471692392007474,next_close
SCCO,BUY,74.0,103.41075897216797,7652.39616394043,19.130990409851076,-7671.52715435028,93247.88859117878,74.0,2024-05-01,2024-04-30,target_rebalance,0.0476935805838293,next_close
GOOGL,BUY,47.0,162.41978454589844,7633.729873657227,19.084324684143066,-7652.81419834137,85595.07439283741,47.0,2024-05-01,2024-04-30,target_rebalance,0.0477812525884625,next_close
FANG,BUY,54.0,183.44790649414062,9906.186950683594,24.765467376708983,-9930.952418060302,75664.12197477711,54.0,2024-05-01,2024-04-30,target_rebalance,0.0615945746820932,next_close
HEI,BUY,48.0,207.71942138671875,9970.5322265625,24.92633056640625,-9995.458557128906,65668.6634176482,48.0,2024-05-01,2024-04-30,target_rebalance,0.0618437938274952,next_close
FSLR,BUY,57.0,177.5800018310547,10122.060104370117,25.305150260925295,-10147.365254631042,55521.29816301716,57.0,2024-05-01,2024-04-30,target_rebalance,0.0627451489825671,next_close
WFRD,BUY,98.0,115.59553527832031,11328.36245727539,28.320906143188477,-11356.683363418579,44164.61479959858,98.0,2024-05-01,2024-04-30,target_rebalance,0.0698191586980059,next_close
CMG,BUY,198.0,62.77320098876953,12429.093795776367,31.07273448944092,-12460.166530265808,31704.448269332774,198.0,2024-05-01,2024-04-30,target_rebalance,0.0764921032076766,next_close
FCX,BUY,257.0,48.637611389160156,12499.86612701416,31.249665317535403,-12531.115792331695,19173.33247700108,257.0,2024-05-01,2024-04-30,target_rebalance,0.0771037039975738,next_close
EBAY,BUY,276.0,49.295166015625,13605.4658203125,34.01366455078125,-13639.479484863281,5533.852992137799,276.0,2024-05-01,2024-04-30,target_rebalance,0.0838176969584495,next_close
AAON,SELL,140.0,73.30835723876953,10263.170013427734,25.657925033569338,10237.512088394165,15771.365080531965,0.0,2024-06-03,2024-05-31,target_exit,,next_close
AMAT,SELL,58.0,210.65972900390625,12218.264282226562,30.545660705566405,12187.718621520997,27959.08370205296,0.0,2024-06-03,2024-05-31,target_exit,,next_close
CMG,SELL,198.0,61.52939987182617,12182.821174621582,30.457052936553957,12152.364121685028,40111.44782373799,0.0,2024-06-03,2024-05-31,target_exit,,next_close
EBAY,SELL,276.0,52.020301818847656,14357.603302001953,35.894008255004884,14321.709293746948,54433.15711748494,0.0,2024-06-03,2024-05-31,target_exit,,next_close
FANG,SELL,54.0,180.25631713867188,9733.841125488281,24.334602813720704,9709.506522674561,64142.6636401595,0.0,2024-06-03,2024-05-31,target_exit,,next_close
FCX,SELL,257.0,50.71330261230469,13033.318771362305,32.583296928405765,13000.735474433899,77143.3991145934,0.0,2024-06-03,2024-05-31,target_exit,,next_close
MLM,SELL,13.0,557.1273803710938,7242.655944824219,18.106639862060547,7224.549304962158,84367.94841955556,0.0,2024-06-03,2024-05-31,target_exit,,next_close
SCCO,SELL,74.0,103.93152618408203,7690.93293762207,19.227332344055178,7671.705605278015,92039.65402483357,0.0,2024-06-03,2024-05-31,target_exit,,next_close
TT,SELL,24.0,315.4453430175781,7570.688232421875,18.92672058105469,7551.76151184082,99591.41553667438,0.0,2024-06-03,2024-05-31,target_exit,,next_close
WFRD,SELL,98.0,111.41327667236328,10918.501113891602,27.296252784729006,10891.204861106873,110482.62039778125,0.0,2024-06-03,2024-05-31,target_exit,,next_close
HEI,SELL,7.0,222.10513305664062,1554.7359313964844,3.886839828491211,1550.8490915679931,112033.46948934924,41.0,2024-06-03,2024-05-31,target_rebalance,0.051951437780431,next_close
FSLR,SELL,19.0,272.7200012207031,5181.680023193359,12.9542000579834,5168.725823135376,117202.19531248462,38.0,2024-06-03,2024-05-31,target_rebalance,0.0581479172732358,next_close
NVDA,SELL,66.0,114.80133056640625,7576.8878173828125,18.942219543457032,7557.945597839355,124760.14091032397,115.0,2024-06-03,2024-05-31,target_rebalance,0.0760308750448478,next_close
UTHR,BUY,13.0,276.260009765625,3591.380126953125,8.978450317382812,-3600.358577270508,121159.78233305346,42.0,2024-06-03,2024-05-31,target_rebalance,0.0673875663677287,next_close
GOOGL,BUY,47.0,171.64797973632812,8067.455047607422,20.168637619018554,-8087.62368522644,113072.15864782702,94.0,2024-06-03,2024-05-31,target_rebalance,0.0937867757700021,next_close
CW,BUY,30.0,280.2826843261719,8408.480529785156,21.02120132446289,-8429.50173110962,104642.6569167174,30.0,2024-06-03,2024-05-31,target_rebalance,0.0494026463880587,next_close
QCOM,BUY,45.0,197.32315063476562,8879.541778564453,22.198854446411133,-8901.740633010864,95740.91628370654,45.0,2024-06-03,2024-05-31,target_rebalance,0.0513319810927309,next_close
TPL,BUY,46.0,193.7203826904297,8911.137603759766,22.277844009399413,-8933.415447769165,86807.50083593738,46.0,2024-06-03,2024-05-31,target_rebalance,0.0519992421834974,next_close
TKO,BUY,88.0,105.99101257324219,9327.209106445312,23.31802276611328,-9350.527129211427,77456.97370672596,88.0,2024-06-03,2024-05-31,target_rebalance,0.0538807614930582,next_close
VST,BUY,101.0,92.0071792602539,9292.725105285645,23.231812763214112,-9315.956918048858,68141.0167886771,101.0,2024-06-03,2024-05-31,target_rebalance,0.0539781510104574,next_close
CRUS,BUY,84.0,114.61000061035156,9627.240051269531,24.06810012817383,-9651.308151397705,58489.708637279386,84.0,2024-06-03,2024-05-31,target_rebalance,0.0559444079937912,next_close
CROX,BUY,64.0,153.92999267578125,9851.51953125,24.628798828125,-9876.148330078126,48613.56030720126,64.0,2024-06-03,2024-05-31,target_rebalance,0.0574924506465968,next_close
RGLD,BUY,94.0,125.97245788574219,11841.411041259766,29.603527603149416,-11871.014568862915,36742.54573833835,94.0,2024-06-03,2024-05-31,target_rebalance,0.0684806153079273,next_close
TER,BUY,107.0,140.0085906982422,14980.919204711914,37.45229801177979,-15018.371502723694,21724.174235614653,107.0,2024-06-03,2024-05-31,target_rebalance,0.0871034366265609,next_close
GOOG,BUY,93.0,172.89564514160156,16079.294998168945,40.19823749542236,-16119.493235664368,5604.680999950286,93.0,2024-06-03,2024-05-31,target_rebalance,0.0930817350210752,next_close
CROX,SELL,64.0,147.75,9456.0,23.64,9432.36,15037.040999950286,0.0,2024-07-01,2024-06-28,target_exit,,next_close
CW,SELL,30.0,269.8260498046875,8094.781494140625,20.236953735351562,8074.544540405273,23111.58554035556,0.0,2024-07-01,2024-06-28,target_exit,,next_close
FSLR,SELL,38.0,222.7100067138672,8462.980255126953,21.157450637817384,8441.822804489137,31553.408344844698,0.0,2024-07-01,2024-06-28,target_exit,,next_close
QCOM,SELL,45.0,191.6883544921875,8625.975952148438,21.564939880371096,8604.411012268067,40157.81935711276,0.0,2024-07-01,2024-06-28,target_exit,,next_close
RGLD,SELL,94.0,122.44628143310547,11509.950454711914,28.774876136779785,11481.175578575134,51638.99493568789,0.0,2024-07-01,2024-06-28,target_exit,,next_close
TPL,SELL,46.0,238.9414825439453,10991.308197021484,27.478270492553712,10963.829926528932,62602.824862216825,0.0,2024-07-01,2024-06-28,target_exit,,next_close
VST,SELL,101.0,86.40005493164062,8726.405548095703,21.816013870239257,8704.589534225464,71307.41439644228,0.0,2024-07-01,2024-06-28,target_exit,,next_close
TKO,SELL,2.0,105.39335632324219,210.78671264648438,0.5269667816162109,210.25974586486817,71517.67414230715,86.0,2024-07-01,2024-06-28,target_rebalance,0.0505575171148915,next_close
UTHR,SELL,1.0,319.010009765625,319.010009765625,0.7975250244140625,318.2124847412109,71835.88662704836,41.0,2024-07-01,2024-06-28,target_rebalance,0.0728648757619186,next_close
TER,SELL,7.0,146.71017456054688,1026.9712219238281,2.5674280548095703,1024.4037938690185,72860.29042091737,100.0,2024-07-01,2024-06-28,target_rebalance,0.0819273331190239,next_close
GOOGL,SELL,14.0,181.58982849121094,2542.257598876953,6.355643997192383,2535.9019548797605,75396.19237579714,80.0,2024-07-01,2024-06-28,target_rebalance,0.081356064343389,next_close
GOOG,SELL,16.0,183.08575439453125,2929.3720703125,7.32343017578125,2922.048640136719,78318.24101593386,77.0,2024-07-01,2024-06-28,target_rebalance,0.0789223834098675,next_close
NVDA,SELL,24.0,124.09546661376953,2978.2911987304688,7.445727996826172,2970.8454707336427,81289.08648666751,91.0,2024-07-01,2024-06-28,target_rebalance,0.0630719108938445,next_close
HEI,BUY,6.0,220.3267059326172,1321.9602355957031,3.3049005889892578,-1325.2651361846924,79963.82135048282,47.0,2024-07-01,2024-06-28,target_rebalance,0.0586338225600152,next_close
CRUS,BUY,13.0,127.29000091552734,1654.7700119018555,4.1369250297546385,-1658.90693693161,78304.9144135512,97.0,2024-07-01,2024-06-28,target_rebalance,0.0699796911300226,next_close
AMAT,BUY,35.0,233.4752197265625,8171.6326904296875,20.42908172607422,-8192.061772155761,70112.85264139544,35.0,2024-07-01,2024-06-28,target_rebalance,0.0465493668707981,next_close
AVGO,BUY,57.0,161.3060302734375,9194.443725585938,22.986109313964842,-9217.429834899902,60895.42280649554,57.0,2024-07-01,2024-06-28,target_rebalance,0.052006310292823,next_close
ADI,BUY,42.0,218.44430541992188,9174.660827636719,22.936652069091796,-9197.59747970581,51697.82532678973,42.0,2024-07-01,2024-06-28,target_rebalance,0.0522345329931389,next_close
HALO,BUY,215.0,52.02000045776367,11184.30009841919,27.960750246047976,-11212.260848665237,40485.56447812449,215.0,2024-07-01,2024-06-28,target_rebalance,0.0629213663566181,next_close
VRSK,BUY,43.0,264.15765380859375,11358.779113769531,28.39694778442383,-11387.176061553955,29098.38841657054,43.0,2024-07-01,2024-06-28,target_rebalance,0.0644856674527367,next_close
AAPL,BUY,54.0,214.88853454589844,11603.980865478516,29.00995216369629,-11632.990817642212,17465.397598928328,54.0,2024-07-01,2024-06-28,target_rebalance,0.0653005636486674,next_close
OLED,BUY,60.0,202.81134033203125,12168.680419921875,30.42170104980469,-12199.10212097168,5266.295477956648,60.0,2024-07-01,2024-06-28,target_rebalance,0.0691885940522442,next_close
ADI,SELL,42.0,212.37158203125,8919.6064453125,22.29901611328125,8897.307429199218,14163.602907155866,0.0,2024-08-01,2024-07-31,target_exit,,next_close
AMAT,SELL,35.0,193.04656982421875,6756.629943847656,16.89157485961914,6739.738368988037,20903.341276143903,0.0,2024-08-01,2024-07-31,target_exit,,next_close
AVGO,SELL,57.0,144.53445434570312,8238.463897705078,20.596159744262696,8217.867737960816,29121.20901410472,0.0,2024-08-01,2024-07-31,target_exit,,next_close
GOOG,SELL,77.0,171.13735961914062,13177.576690673828,32.94394172668457,13144.632748947144,42265.84176305187,0.0,2024-08-01,2024-07-31,target_exit,,next_close
GOOGL,SELL,80.0,169.4534149169922,13556.273193359375,33.890682983398435,13522.382510375977,55788.22427342784,0.0,2024-08-01,2024-07-31,target_exit,,next_close
HEI,SELL,47.0,240.68238830566406,11312.072250366211,28.280180625915527,11283.792069740295,67072.01634316813,0.0,2024-08-01,2024-07-31,target_exit,,next_close
NVDA,SELL,91.0,109.03028869628906,9921.756271362305,24.804390678405763,9896.951880683899,76968.96822385203,0.0,2024-08-01,2024-07-31,target_exit,,next_close
TER,SELL,100.0,120.86687469482422,12086.687469482422,30.216718673706055,12056.470750808716,89025.43897466075,0.0,2024-08-01,2024-07-31,target_exit,,next_close
TKO,SELL,86.0,107.19612121582031,9218.866424560547,23.047166061401366,9195.819258499145,98221.2582331599,0.0,2024-08-01,2024-07-31,target_exit,,next_close
VRSK,SELL,43.0,257.5169982910156,11073.230926513672,27.68307731628418,11045.547849197388,109266.80608235729,0.0,2024-08-01,2024-07-31,target_exit,,next_close
OLED,SELL,6.0,206.75848388671875,1240.5509033203125,3.1013772583007815,1237.4495260620117,110504.2556084193,54.0,2024-08-01,2024-07-31,target_rebalance,0.0643604800347188,next_close
CRUS,SELL,33.0,121.12999725341797,3997.289909362793,9.993224773406983,3987.296684589386,114491.55229300869,64.0,2024-08-01,2024-07-31,target_rebalance,0.0448597438705751,next_close
AAPL,BUY,12.0,216.48471069335938,2597.8165283203125,6.494541320800781,-2604.311069641113,111887.24122336757,66.0,2024-08-01,2024-07-31,target_rebalance,0.0839521302071984,next_close
HALO,BUY,55.0,55.04999923706055,3027.74995803833,7.569374895095826,-3035.319332933426,108851.92189043414,270.0,2024-08-01,2024-07-31,target_rebalance,0.0874791214176056,next_close
ADT,BUY,1154.0,6.681215286254883,7710.122440338135,19.275306100845338,-7729.39774643898,101122.52414399516,1154.0,2024-08-01,2024-07-31,target_rebalance,0.0452860313589457,next_close
LNG,BUY,43.0,176.36875915527344,7583.856643676758,18.959641609191895,-7602.81628528595,93519.70785870921,43.0,2024-08-01,2024-07-31,target_rebalance,0.0452860313589457,next_close
EA,BUY,53.0,147.05662536621094,7794.00114440918,19.48500286102295,-7813.486147270202,85706.22171143901,53.0,2024-08-01,2024-07-31,target_rebalance,0.0461838738315452,next_close
RGLD,BUY,60.0,135.14678955078125,8108.807373046875,20.272018432617188,-8129.079391479492,77577.14231995952,60.0,2024-08-01,2024-07-31,target_rebalance,0.048126057030006,next_close
SPGI,BUY,17.0,482.94775390625,8210.11181640625,20.525279541015625,-8230.637095947266,69346.50522401225,17.0,2024-08-01,2024-07-31,target_rebalance,0.0482863685647706,next_close
ORCL,BUY,74.0,135.0205535888672,9991.520965576172,24.97880241394043,-10016.499767990112,59330.00545602213,74.0,2024-08-01,2024-07-31,target_rebalance,0.0592339574744752,next_close
TRU,BUY,135.0,86.6925277709961,11703.491249084473,29.258728122711183,-11732.749977207184,47597.25547881495,135.0,2024-08-01,2024-07-31,target_rebalance,0.0691226385085954,next_close
VRTX,BUY,25.0,505.7799987792969,12644.499969482422,31.611249923706055,-12676.111219406128,34921.14425940882,25.0,2024-08-01,2024-07-31,target_rebalance,0.0743033250426986,next_close
CORT,BUY,358.0,37.939998626708984,13582.519508361816,33.95629877090454,-13616.475807132721,21304.6684522761,358.0,2024-08-01,2024-07-31,target_rebalance,0.0797742841616897,next_close
TPL,BUY,59.0,271.29547119140625,16006.432800292969,40.016082000732425,-16046.448882293702,5258.219569982397,59.0,2024-08-01,2024-07-31,target_rebalance,0.0955108761261864,next_close
AAPL,SELL,66.0,221.1125030517578,14593.425201416016,36.48356300354004,14556.941638412476,19815.16120839487,0.0,2024-09-03,2024-08-30,target_exit,,next_close
ADT,SELL,1154.0,6.728331089019775,7764.494076728821,19.41123519182205,7745.082841536999,27560.24404993187,0.0,2024-09-03,2024-08-30,target_exit,,next_close
CRUS,SELL,64.0,137.47000122070312,8798.080078125,21.9952001953125,8776.084877929687,36336.328927861556,0.0,2024-09-03,2024-08-30,target_exit,,next_close
EA,SELL,53.0,145.09100341796875,7689.823181152344,19.22455795288086,7670.598623199463,44006.92755106102,0.0,2024-09-03,2024-08-30,target_exit,,next_close
LNG,SELL,43.0,179.86386108398438,7734.146026611328,19.335365066528322,7714.8106615448,51721.738212605815,0.0,2024-09-03,2024-08-30,target_exit,,next_close
OLED,SELL,54.0,177.34933471679688,9576.864074707031,23.94216018676758,9552.921914520264,61274.66012712608,0.0,2024-09-03,2024-08-30,target_exit,,next_close
RGLD,SELL,60.0,132.72975158691406,7963.785095214844,19.90946273803711,7943.8756324768065,69218.53575960289,0.0,2024-09-03,2024-08-30,target_exit,,next_close
VRTX,SELL,25.0,475.70001220703125,11892.500305175781,29.731250762939453,11862.769054412842,81081.30481401573,0.0,2024-09-03,2024-08-30,target_exit,,next_close
HALO,SELL,14.0,61.220001220703125,857.0800170898438,2.1427000427246092,854.9373170471191,81936.24213106286,256.0,2024-09-03,2024-08-30,target_rebalance,0.0913565942121098,next_close
TPL,SELL,4.0,269.0304870605469,1076.1219482421875,2.690304870605469,1073.4316433715821,83009.67377443444,55.0,2024-09-03,2024-08-30,target_rebalance,0.085879477709983,next_close
TRU,SELL,21.0,93.62998962402344,1966.2297821044922,4.915574455261231,1961.3142076492309,84970.98798208368,114.0,2024-09-03,2024-08-30,target_rebalance,0.0619862357210516,next_close
CORT,SELL,66.0,34.2599983215332,2261.1598892211914,5.652899723052979,2255.5069894981384,87226.49497158182,292.0,2024-09-03,2024-08-30,target_rebalance,0.0582191234684726,next_close
UTHR,BUY,2.0,352.3999938964844,704.7999877929688,1.761999969482422,-706.5619877624512,86519.93298381937,43.0,2024-09-03,2024-08-30,target_rebalance,0.0898350253080592,next_close
ORCL,BUY,7.0,136.9745330810547,958.8217315673828,2.397054328918457,-961.2187858963013,85558.71419792307,81.0,2024-09-03,2024-08-30,target_rebalance,0.0653534774167703,next_close
SPGI,BUY,5.0,503.8177490234375,2519.0887451171875,6.297721862792969,-2525.3864669799805,83033.32773094309,22.0,2024-09-03,2024-08-30,target_rebalance,0.0661831899112545,next_close
GILD,BUY,106.0,75.24960327148438,7976.457946777344,19.94114486694336,-7996.399091644287,75036.9286392988,106.0,2024-09-03,2024-08-30,target_rebalance,0.0465730953876282,next_close
EFX,BUY,26.0,297.9732971191406,7747.305725097656,19.36826431274414,-7766.6739894104,67270.2546498884,26.0,2024-09-03,2024-08-30,target_rebalance,0.0467041026235994,next_close
AVGO,BUY,54.0,150.20687866210938,8111.171447753906,20.277928619384767,-8131.449376373291,59138.805273515114,54.0,2024-09-03,2024-08-30,target_rebalance,0.0475380879820534,next_close
ROIV,BUY,733.0,11.770000457763672,8627.410335540771,21.56852583885193,-8648.978861379623,50489.82641213549,733.0,2024-09-03,2024-08-30,target_rebalance,0.0503108495891999,next_close
ALLE,BUY,64.0,133.9510498046875,8572.8671875,21.43216796875,-8594.29935546875,41895.52705666674,64.0,2024-09-03,2024-08-30,target_rebalance,0.0503562155468496,next_close
REGN,BUY,9.0,1159.235595703125,10433.120361328125,26.08280090332031,-10459.203162231446,31436.323894435292,9.0,2024-09-03,2024-08-30,target_rebalance,0.0631495587143776,next_close
ADBE,BUY,21.0,571.0399780273438,11991.839538574219,29.979598846435547,-12021.819137420654,19414.504757014638,21.0,2024-09-03,2024-08-30,target_rebalance,0.0707325633794961,next_close
AAON,BUY,146.0,88.57730102539062,12932.285949707031,32.33071487426758,-12964.6166645813,6449.888092433339,146.0,2024-09-03,2024-08-30,target_rebalance,0.0758224030290944,next_close
ADBE,SELL,21.0,502.79998779296875,10558.799743652344,26.39699935913086,10532.402744293213,16982.29083672655,0.0,2024-10-01,2024-09-30,target_exit,,next_close
AVGO,SELL,54.0,165.1802215576172,8919.731964111328,22.29932991027832,8897.43263420105,25879.7234709276,0.0,2024-10-01,2024-09-30,target_exit,,next_close
EFX,SELL,26.0,285.7747497558594,7430.143493652344,18.57535873413086,7411.568134918213,33291.291605845814,0.0,2024-10-01,2024-09-30,target_exit,,next_close
HALO,SELL,256.0,56.63999938964844,14499.83984375,36.249599609375004,14463.590244140625,47754.88184998644,0.0,2024-10-01,2024-09-30,target_exit,,next_close
ORCL,SELL,81.0,164.1337890625,13294.8369140625,33.23709228515625,13261.599821777343,61016.48167176379,0.0,2024-10-01,2024-09-30,target_exit,,next_close
REGN,SELL,9.0,1038.333984375,9345.005859375,23.3625146484375,9321.643344726563,70338.12501649035,0.0,2024-10-01,2024-09-30,target_exit,,next_close
ROIV,SELL,733.0,11.369999885559082,8334.209916114807,20.835524790287018,8313.37439132452,78651.49940781487,0.0,2024-10-01,2024-09-30,target_exit,,next_close
TPL,SELL,55.0,301.80767822265625,16599.422302246094,41.498555755615236,16557.92374649048,95209.42315430535,0.0,2024-10-01,2024-09-30,target_exit,,next_close
SPGI,SELL,1.0,505.2182922363281,505.2182922363281,1.2630457305908203,503.9552465057373,95713.37840081108,21.0,2024-10-01,2024-09-30,target_rebalance,0.0562947045176225,next_close
AAON,SELL,41.0,105.84590911865234,4339.682273864746,10.849205684661866,4328.833068180084,100042.21146899117,105.0,2024-10-01,2024-09-30,target_rebalance,0.0611652404097075,next_close
UTHR,SELL,18.0,357.8299865722656,6440.939758300781,16.102349395751954,6424.837408905029,106467.0488778962,25.0,2024-10-01,2024-09-30,target_rebalance,0.048223991937172,next_close
GILD,BUY,11.0,79.99352264404297,879.9287490844727,2.1998218727111816,-882.1285709571838,105584.92030693902,117.0,2024-10-01,2024-09-30,target_rebalance,0.0521813313391196,next_close
CORT,BUY,59.0,46.75,2758.25,6.895625,-2765.145625,102819.77468193902,351.0,2024-10-01,2024-09-30,target_rebalance,0.0912884793651545,next_close
ALLE,BUY,56.0,142.21856689453125,7964.23974609375,19.910599365234376,-7984.150345458985,94835.62433648003,120.0,2024-10-01,2024-09-30,target_rebalance,0.0955079262386324,next_close
CW,BUY,26.0,335.802978515625,8730.87744140625,21.827193603515624,-8752.704635009766,86082.91970147027,26.0,2024-10-01,2024-09-30,target_rebalance,0.0488951598167073,next_close
WAT,BUY,24.0,358.3299865722656,8599.919677734375,21.49979919433594,-8621.419476928711,77461.50022454155,24.0,2024-10-01,2024-09-30,target_rebalance,0.0492099588370386,next_close
GL,BUY,87.0,102.1692886352539,8888.72811126709,22.221820278167726,-8910.949931545258,68550.5502929963,87.0,2024-10-01,2024-09-30,target_rebalance,0.0493902975181467,next_close
TRU,BUY,87.0,102.41276550292969,8909.910598754883,22.274776496887206,-8932.18537525177,59618.364917744526,201.0,2024-10-01,2024-09-30,target_rebalance,0.114779025311334,next_close
HEI,BUY,36.0,261.96697998046875,9430.811279296875,23.57702819824219,-9454.388307495117,50163.97661024941,36.0,2024-10-01,2024-09-30,target_rebalance,0.0528327192730074,next_close
AEE,BUY,119.0,83.22651672363281,9903.955490112305,24.759888725280764,-9928.715378837585,40235.26123141182,119.0,2024-10-01,2024-09-30,target_rebalance,0.0551920885062961,next_close
VST,BUY,87.0,121.51941680908203,10572.189262390137,26.430473155975342,-10598.619735546112,29636.64149586571,87.0,2024-10-01,2024-09-30,target_rebalance,0.0590249348475199,next_close
MELI,BUY,5.0,2066.1201171875,10330.6005859375,25.82650146484375,-10356.427087402344,19280.21440846337,5.0,2024-10-01,2024-09-30,target_rebalance,0.0649895522042945,next_close
SBAC,BUY,54.0,233.65260314941406,12617.24057006836,31.5431014251709,-12648.783671493531,6631.430736969838,54.0,2024-10-01,2024-09-30,target_rebalance,0.0710245898782461,next_close
AAON,SELL,105.0,112.66732788085938,11830.069427490234,29.575173568725585,11800.494253921508,18431.924990891348,0.0,2024-11-01,2024-10-31,target_exit,,next_close
AEE,SELL,119.0,81.68563079833984,9720.590065002441,24.301475162506105,9696.288589839935,28128.21358073128,0.0,2024-11-01,2024-10-31,target_exit,,next_close
ALLE,SELL,120.0,137.1761474609375,16461.1376953125,41.152844238281254,16419.98485107422,44548.198431805504,0.0,2024-11-01,2024-10-31,target_exit,,next_close
CORT,SELL,351.0,47.619998931884766,16714.619625091553,41.78654906272888,16672.833076028823,61221.03150783433,0.0,2024-11-01,2024-10-31,target_exit,,next_close
CW,SELL,26.0,347.6738586425781,9039.520324707031,22.59880081176758,9016.921523895264,70237.95303172959,0.0,2024-11-01,2024-10-31,target_exit,,next_close
HEI,SELL,36.0,245.56654357910156,8840.395568847656,22.10098892211914,8818.294579925538,79056.24761165513,0.0,2024-11-01,2024-10-31,target_exit,,next_close
MELI,SELL,5.0,2054.89990234375,10274.49951171875,25.686248779296875,10248.813262939453,89305.06087459458,0.0,2024-11-01,2024-10-31,target_exit,,next_close
SBAC,SELL,54.0,217.23411560058594,11730.64224243164,29.326605606079102,11701.315636825562,101006.37651142014,0.0,2024-11-01,2024-10-31,target_exit,,next_close
SPGI,SELL,21.0,476.7035217285156,10010.773956298828,25.02693489074707,9985.74702140808,110992.12353282822,0.0,2024-11-01,2024-10-31,target_exit,,next_close
TRU,SELL,201.0,98.89765930175781,19878.42951965332,49.6960737991333,19828.733445854188,130820.85697868241,0.0,2024-11-01,2024-10-31,target_exit,,next_close
UTHR,SELL,25.0,374.0199890136719,9350.499725341797,23.376249313354492,9327.123476028442,140147.98045471084,0.0,2024-11-01,2024-10-31,target_exit,,next_close
WAT,SELL,24.0,387.2099914550781,9293.039794921875,23.23259948730469,9269.80719543457,149417.78765014542,0.0,2024-11-01,2024-10-31,target_exit,,next_close
GL,BUY,16.0,102.70978546142578,1643.3565673828125,4.108391418457031,-1647.4649588012696,147770.32269134413,103.0,2024-11-01,2024-10-31,target_rebalance,0.0597448780797501,next_close
GILD,BUY,40.0,85.3016586303711,3412.0663452148438,8.530165863037109,-3420.5965110778807,144349.72618026624,157.0,2024-11-01,2024-10-31,target_rebalance,0.0752060236755201,next_close
VST,BUY,34.0,118.50498962402344,4029.169647216797,10.072924118041993,-4039.242571334839,140310.4836089314,121.0,2024-11-01,2024-10-31,target_rebalance,0.0802847455128588,next_close
TW,BUY,69.0,126.00643920898438,8694.444305419922,21.736110763549807,-8716.180416183472,131594.30319274793,69.0,2024-11-01,2024-10-31,target_rebalance,0.0493153156371035,next_close
BKNG,BUY,49.0,187.35183715820312,9180.240020751953,22.950600051879885,-9203.190620803833,122391.1125719441,49.0,2024-11-01,2024-10-31,target_rebalance,0.052112139478286,next_close
APO,BUY,68.0,137.50596618652344,9350.405700683594,23.376014251708984,-9373.781714935303,113017.3308570088,68.0,2024-11-01,2024-10-31,target_rebalance,0.0526807605699684,next_close
KVUE,BUY,447.0,21.135787963867188,9447.697219848633,23.619243049621584,-9471.316462898254,103546.01439411055,447.0,2024-11-01,2024-10-31,target_rebalance,0.0529185966585083,next_close
CEG,BUY,37.0,255.52015686035156,9454.245803833008,23.63561450958252,-9477.881418342591,94068.13297576796,37.0,2024-11-01,2024-10-31,target_rebalance,0.0529662281562403,next_close
HLI,BUY,58.0,167.11044311523438,9692.405700683594,24.231014251708984,-9716.636714935303,84351.49626083266,58.0,2024-11-01,2024-10-31,target_rebalance,0.0551804392871985,next_close
DBX,BUY,405.0,25.979999542236328,10521.899814605713,26.304749536514283,-10548.204564142226,73803.29169669043,405.0,2024-11-01,2024-10-31,target_rebalance,0.058938035219384,next_close
ADSK,BUY,39.0,286.57000732421875,11176.230285644531,27.94057571411133,-11204.170861358643,62599.120835331785,39.0,2024-11-01,2024-10-31,target_rebalance,0.0637567872132763,next_close
CSCO,BUY,213.0,53.526729583740234,11401.19340133667,28.502983503341675,-11429.696384840012,51169.42445049177,213.0,2024-11-01,2024-10-31,target_rebalance,0.0640184069106702,next_close
ORCL,BUY,77.0,167.3173828125,12883.4384765625,32.20859619140625,-12915.647072753905,38253.77737773787,77.0,2024-11-01,2024-10-31,target_rebalance,0.0727288858200147,next_close
NVDA,BUY,103.0,135.1887664794922,13924.442947387695,34.81110736846924,-13959.254054756164,24294.523322981702,103.0,2024-11-01,2024-10-31,target_rebalance,0.0784187392715279,next_close
TPL,BUY,46.0,387.0614318847656,17804.82586669922,44.512064666748046,-17849.337931365968,6445.185391615734,46.0,2024-11-01,2024-10-31,target_rebalance,0.1017300185096925,next_close
ADSK,SELL,39.0,296.6499938964844,11569.34976196289,28.92337440490723,11540.426387557984,17985.61177917372,0.0,2024-12-02,2024-11-29,target_exit,,next_close
APO,SELL,68.0,168.54624938964844,11461.144958496094,28.652862396240234,11432.492096099853,29418.103875273573,0.0,2024-12-02,2024-11-29,target_exit,,next_close
BKNG,SELL,49.0,206.09727478027344,10098.766464233398,25.246916160583496,10073.519548072814,39491.62342334639,0.0,2024-12-02,2024-11-29,target_exit,,next_close
CEG,SELL,37.0,247.47286987304688,9156.496185302734,22.891240463256835,9133.604944839477,48625.22836818587,0.0,2024-12-02,2024-11-29,target_exit,,next_close
DBX,SELL,405.0,28.3700008392334,11489.850339889526,28.724625849723818,11461.125714039803,60086.35408222567,0.0,2024-12-02,2024-11-29,target_exit,,next_close
GILD,SELL,157.0,89.599609375,14067.138671875,35.1678466796875,14031.970825195312,74118.32490742099,0.0,2024-12-02,2024-11-29,target_exit,,next_close
GL,SELL,103.0,108.65396118164062,11191.358001708984,27.97839500427246,11163.379606704711,85281.7045141257,0.0,2024-12-02,2024-11-29,target_exit,,next_close
KVUE,SELL,447.0,22.755727767944336,10171.810312271118,25.429525780677796,10146.380786490441,95428.08530061613,0.0,2024-12-02,2024-11-29,target_exit,,next_close
NVDA,SELL,103.0,138.41372680664062,14256.613861083984,35.641534652709964,14220.972326431274,109649.05762704741,0.0,2024-12-02,2024-11-29,target_exit,,next_close
TPL,SELL,46.0,495.735107421875,22803.81494140625,57.009537353515626,22746.805404052735,132395.86303110013,0.0,2024-12-02,2024-11-29,target_exit,,next_close
VST,SELL,121.0,152.81399536132812,18490.493438720703,46.226233596801755,18444.267205123902,150840.13023622404,0.0,2024-12-02,2024-11-29,target_exit,,next_close
HLI,SELL,1.0,182.93801879882812,182.93801879882812,0.45734504699707035,182.48067375183106,151022.61090997586,57.0,2024-12-02,2024-11-29,target_rebalance,0.0526009945898549,next_close
TW,BUY,1.0,133.63169860839844,133.63169860839844,0.3340792465209961,-133.96577785491942,150888.64513212093,70.0,2024-12-02,2024-11-29,target_rebalance,0.0480918700697435,next_close
CSCO,BUY,25.0,57.31700134277344,1432.925033569336,3.58231258392334,-1436.5073461532593,149452.13778596767,238.0,2024-12-02,2024-11-29,target_rebalance,0.0694126034980997,next_close
ORCL,BUY,47.0,178.52633666992188,8390.737823486328,20.976844558715822,-8411.714668045044,141040.42311792262,124.0,2024-12-02,2024-11-29,target_rebalance,0.1133120948026794,next_close
DAL,BUY,143.0,62.32246017456055,8912.111804962158,22.280279512405397,-8934.392084474564,132106.03103344806,143.0,2024-12-02,2024-11-29,target_rebalance,0.0454998565933231,next_close
PCTY,BUY,45.0,209.4600067138672,9425.700302124023,23.56425075531006,-9449.264552879333,122656.76648056872,45.0,2024-12-02,2024-11-29,target_rebalance,0.0479647970346934,next_close
FDS,BUY,20.0,479.023193359375,9580.4638671875,23.95115966796875,-9604.41502685547,113052.35145371326,20.0,2024-12-02,2024-11-29,target_rebalance,0.0487297568133226,next_close
RJF,BUY,60.0,163.62759399414062,9817.655639648438,24.544139099121093,-9842.19977874756,103210.1516749657,60.0,2024-12-02,2024-11-29,target_rebalance,0.0502778316625474,next_close
GWRE,BUY,50.0,200.8699951171875,10043.499755859375,25.108749389648438,-10068.608505249023,93141.54316971668,50.0,2024-12-02,2024-11-29,target_rebalance,0.051674220168092,next_close
ATO,BUY,75.0,143.6733856201172,10775.503921508789,26.938759803771973,-10802.442681312561,82339.10048840412,75.0,2024-12-02,2024-11-29,target_rebalance,0.0551580469883559,next_close
UAL,BUY,117.0,97.44000244140625,11400.480285644531,28.501200714111327,-11428.981486358643,70910.11900204548,117.0,2024-12-02,2024-11-29,target_rebalance,0.0583346207077759,next_close
FICO,BUY,5.0,2332.110107421875,11660.550537109375,29.15137634277344,-11689.701913452149,59220.417088593334,5.0,2024-12-02,2024-11-29,target_rebalance,0.0670399151009896,next_close
RYAN,BUY,215.0,72.93268585205078,15680.527458190918,39.20131864547729,-15719.728776836395,43500.68831175694,215.0,2024-12-02,2024-11-29,target_rebalance,0.0798612261814518,next_close
BRBR,BUY,226.0,77.62000274658203,17542.12062072754,43.85530155181885,-17585.97592227936,25914.71238947758,226.0,2024-12-02,2024-11-29,target_rebalance,0.0893009693765184,next_close
FFIV,BUY,72.0,252.13999938964844,18154.079956054688,45.38519989013672,-18199.465155944825,7715.247233532755,72.0,2024-12-02,2024-11-29,target_rebalance,0.0927411964125518,next_close
ATO,SELL,75.0,133.74119567871094,10030.58967590332,25.0764741897583,10005.513201713562,17720.760435246317,0.0,2025-01-02,2024-12-31,target_exit,,next_close
DAL,SELL,143.0,58.05690002441406,8302.136703491211,20.75534175872803,8281.381361732483,26002.1417969788,0.0,2025-01-02,2024-12-31,target_exit,,next_close
FDS,SELL,20.0,466.33978271484375,9326.795654296875,23.316989135742187,9303.478665161132,35305.62046213994,0.0,2025-01-02,2024-12-31,target_exit,,next_close
FICO,SELL,5.0,1995.9200439453125,9979.600219726562,24.949000549316406,9954.651219177245,45260.27168131719,0.0,2025-01-02,2024-12-31,target_exit,,next_close
GWRE,SELL,50.0,169.5,8475.0,21.1875,8453.8125,53714.08418131719,0.0,2025-01-02,2024-12-31,target_exit,,next_close
HLI,SELL,57.0,167.87991333007812,9569.155059814453,23.922887649536133,9545.232172164917,63259.31635348211,0.0,2025-01-02,2024-12-31,target_exit,,next_close
ORCL,SELL,124.0,163.39080810546875,20260.460205078125,50.65115051269532,20209.80905456543,83469.12540804753,0.0,2025-01-02,2024-12-31,target_exit,,next_close
RJF,SELL,60.0,152.406005859375,9144.3603515625,22.86090087890625,9121.499450683594,92590.62485873113,0.0,2025-01-02,2024-12-31,target_exit,,next_close
RYAN,SELL,215.0,61.693328857421875,13264.065704345703,33.160164260864256,13230.90554008484,105821.53039881597,0.0,2025-01-02,2024-12-31,target_exit,,next_close
TW,SELL,70.0,130.50157165527344,9135.11001586914,22.837775039672852,9112.272240829469,114933.80263964544,0.0,2025-01-02,2024-12-31,target_exit,,next_close
UAL,SELL,117.0,95.43000030517578,11165.310035705566,27.913275089263916,11137.396760616302,126071.19940026174,0.0,2025-01-02,2024-12-31,target_exit,,next_close
BRBR,SELL,54.0,74.58999633789062,4027.8598022460938,10.069649505615235,4017.7901527404783,130088.98955300222,172.0,2025-01-02,2024-12-31,target_rebalance,0.0695491083059171,next_close
FFIV,SELL,27.0,251.75,6797.25,16.993125,6780.256875,136869.24642800223,45.0,2025-01-02,2024-12-31,target_rebalance,0.0604105708043371,next_close
CSCO,BUY,8.0,56.99872589111328,455.98980712890625,1.1399745178222656,-457.12978164672853,136412.11664635548,246.0,2025-01-02,2024-12-31,target_rebalance,0.0765610358409587,next_close
PCTY,BUY,23.0,195.07000732421875,4486.610168457031,11.216525421142578,-4497.8266938781735,131914.28995247732,68.0,2025-01-02,2024-12-31,target_rebalance,0.0727554205124455,next_close
TKO,BUY,55.0,139.84190368652344,7691.304702758789,19.228261756896973,-7710.532964515686,124203.75698796163,55.0,2025-01-02,2024-12-31,target_rebalance,0.042358237885172,next_close
DIS,BUY,74.0,109.60782623291016,8110.979141235352,20.27744785308838,-8131.25658908844,116072.50039887319,74.0,2025-01-02,2024-12-31,target_rebalance,0.0447472403672487,next_close
TPR,BUY,139.0,64.23130798339844,8928.151809692383,22.320379524230958,-8950.472189216614,107122.02820965658,139.0,2025-01-02,2024-12-31,target_rebalance,0.0487059559215011,next_close
GDDY,BUY,48.0,198.91000366210938,9547.68017578125,23.869200439453124,-9571.549376220702,97550.47883343587,48.0,2025-01-02,2024-12-31,target_rebalance,0.0520894841082407,next_close
GRMN,BUY,54.0,199.633056640625,10780.18505859375,26.950462646484375,-10807.135521240234,86743.34331219565,54.0,2025-01-02,2024-12-31,target_rebalance,0.0598491047049376,next_close
GOOG,BUY,63.0,189.64291381835938,11947.50357055664,29.868758926391603,-11977.372329483032,74765.97098271262,63.0,2025-01-02,2024-12-31,target_rebalance,0.065875239906298,next_close
DECK,BUY,59.0,204.5399932861328,12067.859603881836,30.16964900970459,-12098.02925289154,62667.94172982108,59.0,2025-01-02,2024-12-31,target_rebalance,0.0664150477917831,next_close
GOOGL,BUY,66.0,188.44570922851562,12437.416809082031,31.09354202270508,-12468.510351104736,50199.43137871635,66.0,2025-01-02,2024-12-31,target_rebalance,0.0686462898230631,next_close
V,BUY,43.0,310.8957214355469,13368.516021728516,33.42129005432129,-13401.937311782836,36797.49406693351,43.0,2025-01-02,2024-12-31,target_rebalance,0.0731161374052941,next_close
AAPL,BUY,59.0,242.30194091796875,14295.814514160156,35.73953628540039,-14331.554050445557,22465.940016487955,59.0,2025-01-02,2024-12-31,target_rebalance,0.0784200514977788,next_close
DBX,BUY,561.0,29.559999465942383,16583.159700393677,41.45789925098419,-16624.617599644662,5841.3224168432935,561.0,2025-01-02,2024-12-31,target_rebalance,0.0905010751250237,next_close
AAPL,SELL,59.0,226.56248474121094,13367.186599731445,33.417966499328614,13333.768633232117,19175.09105007541,0.0,2025-02-03,2025-01-31,target_exit,,next_close
DECK,SELL,59.0,170.6300048828125,10067.170288085938,25.167925720214843,10042.002362365723,29217.093412441136,0.0,2025-02-03,2025-01-31,target_exit,,next_close
GDDY,SELL,48.0,212.72999572753906,10211.039794921875,25.527599487304688,10185.51219543457,39402.60560787571,0.0,2025-02-03,2025-01-31,target_exit,,next_close
V,SELL,43.0,341.965576171875,14704.519775390625,36.76129943847656,14667.758475952149,54070.36408382786,0.0,2025-02-03,2025-01-31,target_exit,,next_close
DIS,SELL,6.0,112.75304412841797,676.5182647705078,1.6912956619262696,674.8269691085816,54745.19105293644,68.0,2025-02-03,2025-01-31,target_rebalance,0.0398640934814546,next_close
DBX,SELL,35.0,31.950000762939453,1118.2500267028809,2.7956250667572022,1115.4544016361237,55860.645454572565,526.0,2025-02-03,2025-01-31,target_rebalance,0.0877310999079691,next_close
BRBR,SELL,27.0,78.25,2112.75,5.281875,2107.468125,57968.113579572564,145.0,2025-02-03,2025-01-31,target_rebalance,0.0592013988778444,next_close
PCTY,SELL,21.0,206.3800048828125,4333.9801025390625,10.834950256347657,4323.145152282715,62291.258731855276,47.0,2025-02-03,2025-01-31,target_rebalance,0.0504928602168725,next_close
CSCO,SELL,93.0,59.27091598510742,5512.19518661499,13.780487966537477,5498.414698648453,67789.67343050372,153.0,2025-02-03,2025-01-31,target_rebalance,0.0471108483252071,next_close
GOOGL,BUY,3.0,200.18438720703125,600.5531616210938,1.5013829040527344,-602.0545445251465,67187.61888597858,69.0,2025-02-03,2025-01-31,target_rebalance,0.0726167832342551,next_close
FFIV,BUY,3.0,295.19000244140625,885.5700073242188,2.213925018310547,-887.7839323425293,66299.83495363605,48.0,2025-02-03,2025-01-31,target_rebalance,0.0754864098993618,next_close
GOOG,BUY,5.0,201.59072875976562,1007.9536437988281,2.5198841094970703,-1010.4735279083252,65289.36142572772,68.0,2025-02-03,2025-01-31,target_rebalance,0.0726441110290022,next_close
GRMN,BUY,14.0,210.3101043701172,2944.3414611816406,7.360853652954102,-2951.7023148345947,62337.659110893124,68.0,2025-02-03,2025-01-31,target_rebalance,0.0750690897189262,next_close
TPR,BUY,58.0,71.96295928955078,4173.851638793945,10.434629096984864,-4184.2862678909305,58153.372843002195,197.0,2025-02-03,2025-01-31,target_rebalance,0.0744314454591217,next_close
AVGO,BUY,36.0,215.32843017578125,7751.823486328125,19.379558715820313,-7771.203045043945,50382.16979795825,36.0,2025-02-03,2025-01-31,target_rebalance,0.0412938993317233,next_close
MA,BUY,14.0,559.7505493164062,7836.5076904296875,19.591269226074218,-7856.098959655762,42526.07083830249,14.0,2025-02-03,2025-01-31,target_rebalance,0.0426860231066278,next_close
TKO,BUY,59.0,153.87213134765625,9078.455749511719,22.696139373779296,-9101.151888885499,33424.91894941699,114.0,2025-02-03,2025-01-31,target_rebalance,0.0923557514319247,next_close
KEYS,BUY,63.0,176.32000732421875,11108.160461425781,27.770401153564453,-11135.930862579346,22288.988086837646,63.0,2025-02-03,2025-01-31,target_rebalance,0.058316524318408,next_close
APP,BUY,42.0,365.44000244140625,15348.480102539062,38.371200256347656,-15386.85130279541,6902.136784042235,42.0,2025-02-03,2025-01-31,target_rebalance,0.0806996616613008,next_close
APP,SELL,42.0,337.3399963378906,14168.279846191406,35.42069961547852,14132.859146575927,21034.995930618163,0.0,2025-03-03,2025-02-28,target_exit,,next_close
BRBR,SELL,145.0,71.55999755859375,10376.199645996094,25.940499114990235,10350.259146881104,31385.255077499267,0.0,2025-03-03,2025-02-28,target_exit,,next_close
DBX,SELL,526.0,25.899999618530273,13623.399799346924,34.05849949836731,13589.341299848556,44974.59637734782,0.0,2025-03-03,2025-02-28,target_exit,,next_close
DIS,SELL,68.0,111.55628204345703,7585.827178955078,18.964567947387696,7566.86261100769,52541.45898835551,0.0,2025-03-03,2025-02-28,target_exit,,next_close
GOOG,SELL,68.0,167.78668212890625,11409.494384765625,28.523735961914063,11380.970648803712,63922.42963715922,0.0,2025-03-03,2025-02-28,target_exit,,next_close
GOOGL,SELL,69.0,166.1422119140625,11463.812622070312,28.659531555175782,11435.153090515138,75357.58272767437,0.0,2025-03-03,2025-02-28,target_exit,,next_close
GRMN,SELL,68.0,220.7821807861328,15013.188293457031,37.53297073364258,14975.655322723389,90333.23805039775,0.0,2025-03-03,2025-02-28,target_exit,,next_close
KEYS,SELL,63.0,155.88999938964844,9821.069961547852,24.55267490386963,9796.517286643983,100129.75533704173,0.0,2025-03-03,2025-02-28,target_exit,,next_close
PCTY,SELL,47.0,204.9499969482422,9632.649856567383,24.081624641418458,9608.568231925965,109738.3235689677,0.0,2025-03-03,2025-02-28,target_exit,,next_close
TKO,SELL,114.0,144.7995147705078,16507.14468383789,41.267861709594726,16465.876822128295,126204.20039109599,0.0,2025-03-03,2025-02-28,target_exit,,next_close
TPR,SELL,197.0,82.29790496826172,16212.687278747559,40.531718196868894,16172.15556055069,142376.3559516467,0.0,2025-03-03,2025-02-28,target_exit,,next_close
FFIV,SELL,8.0,284.1499938964844,2273.199951171875,5.682999877929688,2267.516951293945,144643.87290294064,40.0,2025-03-03,2025-02-28,target_rebalance,0.0626505379334493,next_close
CSCO,BUY,42.0,61.640193939208984,2588.8881454467773,6.472220363616944,-2595.3603658103943,142048.51253713024,195.0,2025-03-03,2025-02-28,target_rebalance,0.0669553827461066,next_close
MA,BUY,6.0,570.638916015625,3423.83349609375,8.559583740234375,-3432.3930798339843,138616.11945729627,20.0,2025-03-03,2025-02-28,target_rebalance,0.0647567640435248,next_close
AVGO,BUY,22.0,185.30328369140625,4076.6722412109375,10.191680603027343,-4086.8639218139647,134529.2555354823,58.0,2025-03-03,2025-02-28,target_rebalance,0.0606339187095735,next_close
NI,BUY,203.0,39.87405776977539,8094.433727264404,20.236084318161012,-8114.669811582566,126414.58572389974,203.0,2025-03-03,2025-02-28,target_rebalance,0.0450250491317383,next_close
ORLY,BUY,103.0,91.732666015625,9448.464599609375,23.621161499023437,-9472.0857611084,116942.49996279133,103.0,2025-03-03,2025-02-28,target_rebalance,0.0526417273155826,next_close
ABT,BUY,73.0,136.779296875,9984.888671875,24.962221679687502,-10009.850893554687,106932.64906923665,73.0,2025-03-03,2025-02-28,target_rebalance,0.0554612118588902,next_close
EXC,BUY,241.0,42.61811447143555,10270.965587615967,25.677413969039918,-10296.643001585007,96636.00606765164,241.0,2025-03-03,2025-02-28,target_rebalance,0.0570977709808813,next_close
WH,BUY,101.0,103.00711822509766,10403.718940734863,26.00929735183716,-10429.7282380867,86206.27782956495,101.0,2025-03-03,2025-02-28,target_rebalance,0.0583004996788093,next_close
CME,BUY,48.0,244.92227172851562,11756.26904296875,29.390672607421877,-11785.659715576172,74420.61811398878,48.0,2025-03-03,2025-02-28,target_rebalance,0.0662948082095933,next_close
FTNT,BUY,119.0,106.54000091552734,12678.260108947754,31.695650272369384,-12709.955759220124,61710.662354768654,119.0,2025-03-03,2025-02-28,target_rebalance,0.0704845104949059,next_close
TMUS,BUY,48.0,266.7991943359375,12806.361328125,32.0159033203125,-12838.377231445313,48872.28512332334,48.0,2025-03-03,2025-02-28,target_rebalance,0.0713437987479657,next_close
GL,BUY,102.0,127.2441635131836,12978.904678344727,32.44726169586182,-13011.351940040588,35860.93318328275,102.0,2025-03-03,2025-02-28,target_rebalance,0.0724476905861313,next_close
ETR,BUY,161.0,85.07991790771484,13697.86678314209,34.24466695785522,-13732.111450099945,22128.821733182805,161.0,2025-03-03,2025-02-28,target_rebalance,0.0765164932177321,next_close
VRSN,BUY,68.0,236.5711212158203,16086.836242675781,40.21709060668945,-16127.05333328247,6001.768399900335,68.0,2025-03-03,2025-02-28,target_rebalance,0.0893898363451154,next_close
ABT,SELL,73.0,128.45860290527344,9377.478012084961,23.443695030212403,9354.03431705475,15355.802716955084,0.0,2025-04-01,2025-03-31,target_exit,,next_close
AVGO,SELL,58.0,167.16554260253906,9695.601470947266,24.239003677368164,9671.362467269897,25027.16518422498,0.0,2025-04-01,2025-03-31,target_exit,,next_close
CME,SELL,48.0,251.26913452148438,12060.91845703125,30.152296142578127,12030.766160888672,37057.931345113655,0.0,2025-04-01,2025-03-31,target_exit,,next_close
CSCO,SELL,195.0,60.00888442993164,11701.73246383667,29.254331159591676,11672.478132677079,48730.40947779073,0.0,2025-04-01,2025-03-31,target_exit,,next_close
FFIV,SELL,40.0,268.5799865722656,10743.199462890625,26.857998657226563,10716.3414642334,59446.750942024126,0.0,2025-04-01,2025-03-31,target_exit,,next_close
FTNT,SELL,119.0,96.66999816894531,11503.729782104492,28.759324455261233,11474.970457649231,70921.72139967336,0.0,2025-04-01,2025-03-31,target_exit,,next_close
MA,SELL,20.0,544.425537109375,10888.5107421875,27.22127685546875,10861.28946533203,81783.01086500539,0.0,2025-04-01,2025-03-31,target_exit,,next_close
NI,SELL,203.0,39.071353912353516,7931.484844207764,19.828712110519408,7911.656132097244,89694.66699710263,0.0,2025-04-01,2025-03-31,target_exit,,next_close
TMUS,SELL,48.0,262.60400390625,12604.9921875,31.512480468750002,12573.47970703125,102268.14670413388,0.0,2025-04-01,2025-03-31,target_exit,,next_close
WH,SELL,101.0,88.6596450805664,8954.624153137207,22.38656038284302,8932.237592754364,111200.38429688824,0.0,2025-04-01,2025-03-31,target_exit,,next_close
ETR,SELL,24.0,82.92122650146484,1990.1094360351562,4.975273590087891,1985.1341624450683,113185.51845933331,137.0,2025-04-01,2025-03-31,target_rebalance,0.0643855991205187,next_close
ORLY,BUY,3.0,95.45333099365234,286.35999298095703,0.7158999824523926,-287.07589296340944,112898.44256636991,106.0,2025-04-01,2025-03-31,target_rebalance,0.0579132512277825,next_close
VRSN,BUY,2.0,251.169677734375,502.33935546875,1.255848388671875,-503.5952038574219,112394.84736251249,70.0,2025-04-01,2025-03-31,target_rebalance,0.1005696208413093,next_close
GL,BUY,10.0,130.7471160888672,1307.4711608886719,3.26867790222168,-1310.7398387908936,111084.1075237216,112.0,2025-04-01,2025-03-31,target_rebalance,0.0836176169106447,next_close
EXC,BUY,36.0,43.92870330810547,1581.4333190917969,3.9535832977294922,-1585.3869023895263,109498.72062133208,277.0,2025-04-01,2025-03-31,target_rebalance,0.0695975757043116,next_close
RSG,BUY,38.0,240.5001220703125,9139.004638671875,22.847511596679688,-9161.852150268554,100336.86847106353,38.0,2025-04-01,2025-03-31,target_rebalance,0.0530312669538685,next_close
CBOE,BUY,41.0,223.39508056640625,9159.198303222656,22.89799575805664,-9182.096298980712,91154.77217208281,41.0,2025-04-01,2025-03-31,target_rebalance,0.0531677695150582,next_close
ED,BUY,90.0,105.61988067626953,9505.789260864258,23.764473152160644,-9529.55373401642,81625.2184380664,90.0,2025-04-01,2025-03-31,target_rebalance,0.0544041879581228,next_close
TPL,BUY,21.0,447.497314453125,9397.443603515625,23.49360900878906,-9420.937212524414,72204.28122554198,21.0,2025-04-01,2025-03-31,target_rebalance,0.0551528606429578,next_close
EVRG,BUY,150.0,65.94725036621094,9892.08755493164,24.7302188873291,-9916.81777381897,62287.463451723015,150.0,2025-04-01,2025-03-31,target_rebalance,0.0564964669326574,next_close
RYAN,BUY,142.0,72.83192443847656,10342.133270263672,25.85533317565918,-10367.988603439331,51919.47484828369,142.0,2025-04-01,2025-03-31,target_rebalance,0.0590593112916533,next_close
WEC,BUY,102.0,104.43609619140625,10652.481811523438,26.631204528808595,-10679.113016052246,41240.36183223144,102.0,2025-04-01,2025-03-31,target_rebalance,0.060945608252259,next_close
LNG,BUY,48.0,228.22669982910156,10954.881591796875,27.387203979492188,-10982.268795776366,30258.093036455077,48.0,2025-04-01,2025-03-31,target_rebalance,0.0624759949616761,next_close
AM,BUY,655.0,17.179548263549805,11252.604112625122,28.131510281562807,-11280.735622906685,18977.357413548394,655.0,2025-04-01,2025-03-31,target_rebalance,0.0642353761219446,next_close
RGLD,BUY,80.0,162.39675903320312,12991.74072265625,32.47935180664062,-13024.22007446289,5953.137339085504,80.0,2025-04-01,2025-03-31,target_rebalance,0.0749474935652348,next_close
AM,SELL,655.0,16.079355239868164,10531.977682113647,26.329944205284118,10505.647737908363,16458.785076993867,0.0,2025-05-01,2025-04-30,target_exit,,next_close
CBOE,SELL,41.0,219.59307861328125,9003.316223144531,22.50829055786133,8980.80793258667,25439.593009580538,0.0,2025-05-01,2025-04-30,target_exit,,next_close
ETR,SELL,137.0,80.7044448852539,11056.508949279785,27.641272373199463,11028.867676906586,36468.460686487124,0.0,2025-05-01,2025-04-30,target_exit,,next_close
GL,SELL,112.0,116.7247314453125,13073.169921875,32.6829248046875,13040.486997070313,49508.94768355744,0.0,2025-05-01,2025-04-30,target_exit,,next_close
LNG,SELL,48.0,227.77210998535156,10933.061279296875,27.332653198242188,10905.728626098633,60414.676309656075,0.0,2025-05-01,2025-04-30,target_exit,,next_close
ORLY,SELL,106.0,93.84532928466797,9947.604904174805,24.869012260437014,9922.735891914368,70337.41220157045,0.0,2025-05-01,2025-04-30,target_exit,,next_close
RYAN,SELL,142.0,63.95118713378906,9081.068572998047,22.70267143249512,9058.365901565552,79395.778103136,0.0,2025-05-01,2025-04-30,target_exit,,next_close
TPL,SELL,21.0,432.04638671875,9072.97412109375,22.682435302734376,9050.291685791015,88446.06978892702,0.0,2025-05-01,2025-04-30,target_exit,,next_close
RGLD,SELL,4.0,176.53494262695312,706.1397705078125,1.7653494262695313,704.374421081543,89150.44421000857,76.0,2025-05-01,2025-04-30,target_rebalance,0.0771365811341663,next_close
EXC,SELL,33.0,44.57921600341797,1471.114128112793,3.6777853202819824,1467.436342792511,90617.88055280109,244.0,2025-05-01,2025-04-30,target_rebalance,0.0623712065634494,next_close
VRSN,SELL,18.0,275.5202941894531,4959.365295410156,12.398413238525391,4946.9668821716305,95564.84743497272,52.0,2025-05-01,2025-04-30,target_rebalance,0.0820787303831456,next_close
ED,BUY,2.0,108.01902770996094,216.03805541992188,0.5400951385498047,-216.5781505584717,95348.26928441424,92.0,2025-05-01,2025-04-30,target_rebalance,0.0573371830422794,next_close
WEC,BUY,4.0,104.34020233154297,417.3608093261719,1.0434020233154297,-418.4042113494873,94929.86507306475,106.0,2025-05-01,2025-04-30,target_rebalance,0.0638793572118946,next_close
RSG,BUY,3.0,246.70201110839844,740.1060333251953,1.8502650833129883,-741.9562984085082,94187.90877465624,41.0,2025-05-01,2025-04-30,target_rebalance,0.0586054869689966,next_close
NTES,BUY,88.0,103.65933227539062,9122.021240234375,22.805053100585937,-9144.826293334962,85043.08248132128,88.0,2025-05-01,2025-04-30,target_rebalance,0.0530779161707791,next_close
DLTR,BUY,118.0,81.2699966430664,9589.859603881836,23.974649009704592,-9613.83425289154,75429.24822842974,118.0,2025-05-01,2025-04-30,target_rebalance,0.0552157868689936,next_close
MELI,BUY,4.0,2294.52001953125,9178.080078125,22.945200195312502,-9201.025278320312,66228.22295010943,4.0,2025-05-01,2025-04-30,target_rebalance,0.0564605364646924,next_close
ATO,BUY,63.0,155.8134307861328,9816.246139526367,24.54061534881592,-9840.786754875184,56387.436195234244,63.0,2025-05-01,2025-04-30,target_rebalance,0.0573078526850421,next_close
MNST,BUY,170.0,59.52000045776367,10118.400077819824,25.29600019454956,-10143.696078014375,46243.74011721987,170.0,2025-05-01,2025-04-30,target_rebalance,0.0583092944455427,next_close
ROL,BUY,206.0,55.219078063964844,11375.130081176758,28.437825202941895,-11403.5679063797,34840.172210840174,206.0,2025-05-01,2025-04-30,target_rebalance,0.0654681996407178,next_close
EXEL,BUY,354.0,38.88999938964844,13767.059783935547,34.41764945983887,-13801.477433395386,21038.694777444787,354.0,2025-05-01,2025-04-30,target_rebalance,0.0792604891941384,next_close
CNP,BUY,402.0,37.523128509521484,15084.297660827637,37.71074415206909,-15122.008404979706,5916.686372465081,402.0,2025-05-01,2025-04-30,target_rebalance,0.0868852039841027,next_close
ATO,SELL,63.0,151.26116943359375,9529.453674316406,23.823634185791015,9505.630040130614,15422.316412595696,0.0,2025-06-02,2025-05-30,target_exit,,next_close
CNP,SELL,402.0,36.62554931640625,14723.470825195312,36.80867706298828,14686.662148132324,30108.97856072802,0.0,2025-06-02,2025-05-30,target_exit,,next_close
ED,SELL,92.0,100.51948547363281,9247.792663574219,23.11948165893555,9224.673181915283,39333.651742643306,0.0,2025-06-02,2025-05-30,target_exit,,next_close
EVRG,SELL,150.0,64.19921875,9629.8828125,24.07470703125,9605.80810546875,48939.459848112056,0.0,2025-06-02,2025-05-30,target_exit,,next_close
EXC,SELL,244.0,42.265018463134766,10312.664505004883,25.78166126251221,10286.88284374237,59226.34269185443,0.0,2025-06-02,2025-05-30,target_exit,,next_close
EXEL,SELL,354.0,42.880001068115234,15179.520378112793,37.94880094528198,15141.571577167511,74367.91426902195,0.0,2025-06-02,2025-05-30,target_exit,,next_close
MNST,SELL,170.0,63.83000183105469,10851.100311279297,27.127750778198244,10823.972560501099,85191.88682952305,0.0,2025-06-02,2025-05-30,target_exit,,next_close
ROL,SELL,206.0,57.85929870605469,11919.015533447266,29.797538833618166,11889.217994613648,97081.1048241367,0.0,2025-06-02,2025-05-30,target_exit,,next_close
RSG,SELL,41.0,255.26800537109375,10465.988220214844,26.16497055053711,10439.823249664307,107520.928073801,0.0,2025-06-02,2025-05-30,target_exit,,next_close
WEC,SELL,106.0,103.7385482788086,10996.286117553711,27.49071529388428,10968.795402259826,118489.72347606083,0.0,2025-06-02,2025-05-30,target_exit,,next_close
VRSN,SELL,3.0,272.1823425292969,816.5470275878906,2.0413675689697266,814.5056600189209,119304.22913607975,49.0,2025-06-02,2025-05-30,target_rebalance,0.0737251892230483,next_close
RGLD,SELL,12.0,185.09007263183594,2221.0808715820312,5.552702178955078,2215.5281694030764,121519.75730548282,64.0,2025-06-02,2025-05-30,target_rebalance,0.0658800744483787,next_close
NTES,BUY,6.0,120.2638931274414,721.5833587646484,1.803958396911621,-723.3873171615601,120796.36998832127,94.0,2025-06-02,2025-05-30,target_rebalance,0.0638444708713012,next_close
DLTR,BUY,32.0,91.23999786376953,2919.679931640625,7.299199829101562,-2926.979131469727,117869.39085685155,150.0,2025-06-02,2025-05-30,target_rebalance,0.0771987658559123,next_close
BKNG,BUY,39.0,219.31988525390625,8553.475524902344,21.38368881225586,-8574.859213714599,109294.53164313694,39.0,2025-06-02,2025-05-30,target_rebalance,0.0483154883457312,next_close
IDXX,BUY,17.0,514.7999877929688,8751.599792480469,21.878999481201173,-8773.47879196167,100521.05285117528,17.0,2025-06-02,2025-05-30,target_rebalance,0.0492641199679914,next_close
NXT,BUY,178.0,55.290000915527344,9841.620162963867,24.60405040740967,-9866.224213371277,90654.828637804,178.0,2025-06-02,2025-05-30,target_rebalance,0.0553178055351229,next_close
EQT,BUY,178.0,56.003807067871094,9968.677658081055,24.921694145202636,-9993.599352226258,80661.22928557775,178.0,2025-06-02,2025-05-30,target_rebalance,0.0561062397567747,next_close
APH,BUY,119.0,89.7248306274414,10677.254844665527,26.69313711166382,-10703.947981777192,69957.28130380056,119.0,2025-06-02,2025-05-30,target_rebalance,0.0602491699742175,next_close
CW,BUY,26.0,442.2976989746094,11499.740173339844,28.74935043334961,-11528.489523773193,58428.791780027364,26.0,2025-06-02,2025-05-30,target_rebalance,0.0664323968295812,next_close
EBAY,BUY,162.0,73.585205078125,11920.80322265625,29.802008056640627,-11950.60523071289,46478.18654931447,162.0,2025-06-02,2025-05-30,target_rebalance,0.066863574907836,next_close
CEG,BUY,40.0,311.7908935546875,12471.6357421875,31.17908935546875,-12502.814831542968,33975.3717177715,40.0,2025-06-02,2025-05-30,target_rebalance,0.0706483061000598,next_close
AVGO,BUY,51.0,246.71102905273438,12582.262481689453,31.455656204223633,-12613.718137893677,21361.653579877824,51.0,2025-06-02,2025-05-30,target_rebalance,0.0717944518948187,next_close
THC,BUY,76.0,170.1199951171875,12929.11962890625,32.322799072265624,-12961.442427978516,8400.211151899308,76.0,2025-06-02,2025-05-30,target_rebalance,0.0728209904619021,next_close
DLTR,SELL,150.0,101.5,15225.0,38.0625,15186.9375,23587.148651899308,0.0,2025-07-01,2025-06-30,target_exit,,next_close
EBAY,SELL,162.0,75.13530731201172,12171.919784545898,30.42979946136475,12141.489985084534,35728.638636983844,0.0,2025-07-01,2025-06-30,target_exit,,next_close
EQT,SELL,178.0,55.07469177246094,9803.295135498047,24.508237838745117,9778.786897659302,45507.425534643146,0.0,2025-07-01,2025-06-30,target_exit,,next_close
RGLD,SELL,64.0,176.0789337158203,11269.0517578125,28.17262939453125,11240.879128417968,56748.30466306111,0.0,2025-07-01,2025-06-30,target_exit,,next_close
NXT,SELL,15.0,57.52000045776367,862.8000068664551,2.157000017166138,860.6430068492889,57608.947669910405,163.0,2025-07-01,2025-06-30,target_rebalance,0.0505515121995808,next_close
CW,SELL,2.0,475.8794860839844,951.7589721679688,2.379397430419922,949.3795747375489,58558.32724464795,24.0,2025-07-01,2025-06-30,target_rebalance,0.0607936476185846,next_close
VRSN,SELL,10.0,285.53662109375,2855.3662109375,7.13841552734375,2848.2277954101564,61406.55504005811,39.0,2025-07-01,2025-06-30,target_rebalance,0.0595515198277816,next_close
THC,SELL,20.0,177.42999267578125,3548.599853515625,8.871499633789062,3539.728353881836,64946.28339393995,56.0,2025-07-01,2025-06-30,target_rebalance,0.0536695138084048,next_close
APH,BUY,4.0,96.8765869140625,387.50634765625,0.968765869140625,-388.4751135253906,64557.80828041456,123.0,2025-07-01,2025-06-30,target_rebalance,0.0647167323115924,next_close
IDXX,BUY,1.0,542.6500244140625,542.6500244140625,1.3566250610351562,-544.0066494750977,64013.80163093946,18.0,2025-07-01,2025-06-30,target_rebalance,0.054326266567918,next_close
BKNG,BUY,8.0,227.3069610595703,1818.4556884765625,4.546139221191407,-1823.001827697754,62190.7998032417,47.0,2025-07-01,2025-06-30,target_rebalance,0.0583506557693139,next_close
CEG,BUY,9.0,306.3096923828125,2756.7872314453125,6.8919680786132815,-2763.679199523926,59427.120603717776,49.0,2025-07-01,2025-06-30,target_rebalance,0.0825804406531485,next_close
NTES,BUY,27.0,131.5679168701172,3552.333755493164,8.88083438873291,-3561.214589881897,55865.90601383588,121.0,2025-07-01,2025-06-30,target_rebalance,0.0863448981566699,next_close
MCHP,BUY,132.0,69.7870101928711,9211.885345458984,23.02971336364746,-9234.915058822631,46630.99095501324,132.0,2025-07-01,2025-06-30,target_rebalance,0.050049697786401,next_close
HEI,BUY,36.0,321.3928527832031,11570.142700195312,28.92535675048828,-11599.0680569458,35031.922898067445,36.0,2025-07-01,2025-06-30,target_rebalance,0.0639699495906204,next_close
NVDA,BUY,77.0,153.09609985351562,11788.399688720703,29.47099922180176,-11817.870687942504,23214.05221012494,77.0,2025-07-01,2025-06-30,target_rebalance,0.0647167323115924,next_close
VST,BUY,85.0,184.39198303222656,15673.318557739258,39.18329639434815,-15712.501854133607,7501.550355991334,85.0,2025-07-01,2025-06-30,target_rebalance,0.0856542108137174,next_close
APH,SELL,123.0,103.76010131835938,12762.492462158203,31.90623115539551,12730.586231002808,20232.136586994144,0.0,2025-08-01,2025-07-31,target_exit,,next_close
BKNG,SELL,47.0,213.6448974609375,10041.310180664062,25.103275451660156,10016.206905212402,30248.343492206546,0.0,2025-08-01,2025-07-31,target_exit,,next_close
IDXX,SELL,18.0,535.5399780273438,9639.719604492188,24.09929901123047,9615.620305480958,39863.9637976875,0.0,2025-08-01,2025-07-31,target_exit,,next_close
MCHP,SELL,132.0,64.60751342773438,8528.191772460938,21.320479431152343,8506.871293029784,48370.835090717286,0.0,2025-08-01,2025-07-31,target_exit,,next_close
MELI,SELL,4.0,2375.919921875,9503.6796875,23.759199218750002,9479.92048828125,57850.755578998534,0.0,2025-08-01,2025-07-31,target_exit,,next_close
NXT,SELL,163.0,56.56999969482422,9220.909950256348,23.05227487564087,9197.857675380706,67048.61325437925,0.0,2025-08-01,2025-07-31,target_exit,,next_close
THC,SELL,56.0,158.08999633789062,8853.039794921875,22.132599487304688,8830.90719543457,75879.52044981382,0.0,2025-08-01,2025-07-31,target_exit,,next_close
VRSN,SELL,39.0,262.11724853515625,10222.572692871094,25.556431732177735,10197.016261138917,86076.53671095273,0.0,2025-08-01,2025-07-31,target_exit,,next_close
CW,SELL,1.0,492.80279541015625,492.80279541015625,1.2320069885253906,491.5707884216309,86568.10749937435,23.0,2025-08-01,2025-07-31,target_rebalance,0.0603855746286967,next_close
VST,SELL,22.0,207.25418090820312,4559.591979980469,11.398979949951173,4548.193000030517,91116.30049940487,63.0,2025-08-01,2025-07-31,target_rebalance,0.0697836135468664,next_close
NTES,SELL,45.0,124.27594757080078,5592.417640686035,13.981044101715089,5578.43659658432,96694.73709598919,76.0,2025-08-01,2025-07-31,target_rebalance,0.0502074175618157,next_close
CEG,SELL,18.0,338.9878845214844,6101.781921386719,15.254454803466798,6086.527466583252,102781.26456257244,31.0,2025-08-01,2025-07-31,target_rebalance,0.0556612625102196,next_close
HEI,BUY,3.0,324.9715270996094,974.9145812988281,2.4372864532470704,-977.3518677520752,101803.91269482036,39.0,2025-08-01,2025-07-31,target_rebalance,0.0694139561818638,next_close
AVGO,BUY,7.0,286.9940185546875,2008.9581298828125,5.022395324707031,-2013.9805252075196,99789.93216961285,58.0,2025-08-01,2025-07-31,target_rebalance,0.0890993766076059,next_close
NVDA,BUY,20.0,173.4889373779297,3469.7787475585938,8.674446868896485,-3478.4531944274904,96311.47897518535,97.0,2025-08-01,2025-07-31,target_rebalance,0.0907477589194074,next_close
AWI,BUY,46.0,187.1148681640625,8607.283935546875,21.51820983886719,-8628.802145385742,87682.67682979962,46.0,2025-08-01,2025-07-31,target_rebalance,0.0464872619231656,next_close
VRT,BUY,66.0,141.4342041015625,9334.657470703125,23.336643676757813,-9357.994114379882,78324.68271541974,66.0,2025-08-01,2025-07-31,target_rebalance,0.0500626146543903,next_close
LVS,BUY,199.0,51.23307418823242,10195.381763458252,25.48845440864563,-10220.870217866897,68103.81249755283,199.0,2025-08-01,2025-07-31,target_rebalance,0.0547243594977964,next_close
EBAY,BUY,116.0,90.5770492553711,10506.937713623047,26.267344284057618,-10533.205057907104,57570.607439645726,116.0,2025-08-01,2025-07-31,target_rebalance,0.0562988068513598,next_close
COIN,BUY,36.0,314.69000244140625,11328.840087890625,28.322100219726565,-11357.162188110351,46213.44525153538,36.0,2025-08-01,2025-07-31,target_rebalance,0.0610229200208596,next_close
ANET,BUY,106.0,117.56999969482422,12462.419967651367,31.156049919128417,-12493.576017570496,33719.869233964884,106.0,2025-08-01,2025-07-31,target_rebalance,0.0669653633268316,next_close
MSFT,BUY,25.0,519.956787109375,12998.919677734375,32.49729919433594,-13031.416976928711,20688.452257036173,25.0,2025-08-01,2025-07-31,target_rebalance,0.0700686333699645,next_close
ORCL,BUY,60.0,242.50633239746094,14550.379943847656,36.37594985961914,-14586.755893707275,6101.696363328898,60.0,2025-08-01,2025-07-31,target_rebalance,0.0790710803991558,next_close
AWI,SELL,46.0,193.63075256347656,8907.014617919922,22.267536544799807,8884.747081375122,14986.44344470402,0.0,2025-09-02,2025-08-29,target_exit,,next_close
CEG,SELL,31.0,305.9519348144531,9484.509979248047,23.711274948120117,9460.798704299927,24447.24214900395,0.0,2025-09-02,2025-08-29,target_exit,,next_close
COIN,SELL,36.0,303.55999755859375,10928.159912109375,27.320399780273437,10900.839512329101,35348.08166133305,0.0,2025-09-02,2025-08-29,target_exit,,next_close
CW,SELL,23.0,481.59051513671875,11076.581848144531,27.691454620361327,11048.89039352417,46396.97205485722,0.0,2025-09-02,2025-08-29,target_exit,,next_close
HEI,SELL,39.0,315.7948913574219,12316.000762939453,30.790001907348632,12285.210761032104,58682.182815889326,0.0,2025-09-02,2025-08-29,target_exit,,next_close
LVS,SELL,199.0,56.15766143798828,11175.374626159668,27.938436565399172,11147.43618959427,69829.61900548359,0.0,2025-09-02,2025-08-29,target_exit,,next_close
MSFT,SELL,25.0,501.9410705566406,12548.526763916016,31.37131690979004,12517.155447006226,82346.77445248982,0.0,2025-09-02,2025-08-29,target_exit,,next_close
NTES,SELL,76.0,133.0371856689453,10110.826110839844,25.27706527709961,10085.549045562744,92432.32349805256,0.0,2025-09-02,2025-08-29,target_exit,,next_close
ORCL,SELL,60.0,223.53602600097656,13412.161560058594,33.53040390014648,13378.631156158448,105810.954654211,0.0,2025-09-02,2025-08-29,target_exit,,next_close
VRT,SELL,66.0,123.87355041503906,8175.654327392578,20.439135818481446,8155.215191574097,113966.1698457851,0.0,2025-09-02,2025-08-29,target_exit,,next_close
VST,SELL,63.0,185.0992431640625,11661.252319335938,29.153130798339845,11632.099188537597,125598.2690343227,0.0,2025-09-02,2025-08-29,target_exit,,next_close
ANET,SELL,5.0,135.8699951171875,679.3499755859375,1.6983749389648437,677.6516006469726,126275.92063496968,101.0,2025-09-02,2025-08-29,target_rebalance,0.0743142262219054,next_close
EBAY,SELL,8.0,89.0287094116211,712.2296752929688,1.780574188232422,710.4491011047363,126986.36973607441,108.0,2025-09-02,2025-08-29,target_rebalance,0.0520674901531676,next_close
NVDA,SELL,20.0,170.55284118652344,3411.0568237304688,8.527642059326173,3402.5291816711424,130388.89891774555,77.0,2025-09-02,2025-08-29,target_rebalance,0.0705331447541181,next_close
AVGO,SELL,12.0,296.5392761230469,3558.4713134765625,8.896178283691407,3549.575135192871,133938.47405293843,46.0,2025-09-02,2025-08-29,target_rebalance,0.0738435350926818,next_close
BLD,BUY,20.0,417.5199890136719,8350.399780273438,20.875999450683594,-8371.275779724121,125567.19827321431,20.0,2025-09-02,2025-08-29,target_rebalance,0.0474162478127091,next_close
HUM,BUY,28.0,306.3707275390625,8578.38037109375,21.445950927734376,-8599.826322021485,116967.37195119282,28.0,2025-09-02,2025-08-29,target_rebalance,0.0474633315288558,next_close
NEU,BUY,11.0,815.0354614257812,8965.390075683594,22.413475189208985,-8987.803550872803,107979.56840032001,11.0,2025-09-02,2025-08-29,target_rebalance,0.0516244954993623,next_close
HALO,BUY,138.0,73.33999633789062,10120.919494628906,25.302298736572265,-10146.22179336548,97833.34660695454,138.0,2025-09-02,2025-08-29,target_rebalance,0.0550437923046177,next_close
MLI,BUY,115.0,94.6719741821289,10887.277030944824,27.21819257736206,-10914.495223522186,86918.85138343235,115.0,2025-09-02,2025-08-29,target_rebalance,0.0595445966081589,next_close
LRCX,BUY,115.0,96.49594116210938,11097.033233642578,27.742583084106446,-11124.775816726684,75794.07556670567,115.0,2025-09-02,2025-08-29,target_rebalance,0.0606574937373164,next_close
GOOG,BUY,59.0,211.38636779785156,12471.795700073242,31.179489250183106,-12502.975189323426,63291.10037738224,59.0,2025-09-02,2025-08-29,target_rebalance,0.0687362866254676,next_close
MEDP,BUY,26.0,473.3399963378906,12306.839904785156,30.767099761962893,-12337.607004547119,50953.49337283512,26.0,2025-09-02,2025-08-29,target_rebalance,0.0691335848694452,next_close
GOOGL,BUY,60.0,210.74879455566406,12644.927673339844,31.61231918334961,-12676.539992523194,38276.95338031193,60.0,2025-09-02,2025-08-29,target_rebalance,0.0693326633262316,next_close
URI,BUY,13.0,952.6448974609375,12384.383666992188,30.96095916748047,-12415.344626159667,25861.608754152257,13.0,2025-09-02,2025-08-29,target_rebalance,0.0716571038257672,next_close
WDC,BUY,222.0,81.68862915039062,18134.87567138672,45.3371891784668,-18180.212860565185,7681.395893587072,222.0,2025-09-02,2025-08-29,target_rebalance,0.0986320076401948,next_close
AVGO,SELL,46.0,332.0567626953125,15274.611083984375,38.18652770996094,15236.424556274414,22917.820449861487,0.0,2025-10-01,2025-09-30,target_exit,,next_close
BLD,SELL,20.0,394.20001220703125,7884.000244140625,19.710000610351564,7864.290243530273,30782.11069339176,0.0,2025-10-01,2025-09-30,target_exit,,next_close
EBAY,SELL,108.0,86.74085235595703,9368.01205444336,23.420030136108398,9344.59202430725,40126.70271769901,0.0,2025-10-01,2025-09-30,target_exit,,next_close
HALO,SELL,138.0,74.94000244140625,10341.720336914062,25.854300842285156,10315.866036071777,50442.568753770785,0.0,2025-10-01,2025-09-30,target_exit,,next_close
HUM,SELL,28.0,244.68492126464844,6851.177795410156,17.12794448852539,6834.04985092163,57276.61860469241,0.0,2025-10-01,2025-09-30,target_exit,,next_close
NEU,SELL,11.0,828.7390747070312,9116.129821777344,22.79032455444336,9093.3394972229,66369.95810191531,0.0,2025-10-01,2025-09-30,target_exit,,next_close
LRCX,SELL,2.0,142.28448486328125,284.5689697265625,0.7114224243164062,283.8575473022461,66653.81564921756,113.0,2025-10-01,2025-09-30,target_rebalance,0.0771980122564155,next_close
URI,SELL,1.0,956.7683715820312,956.7683715820312,2.391920928955078,954.3764506530762,67608.19209987063,12.0,2025-10-01,2025-09-30,target_rebalance,0.0545632437184794,next_close
GOOGL,SELL,4.0,244.42176818847656,977.6870727539062,2.4442176818847656,975.2428550720215,68583.43495494266,56.0,2025-10-01,2025-09-30,target_rebalance,0.0650282475806501,next_close
ANET,SELL,8.0,149.27000427246094,1194.1600341796875,2.9854000854492186,1191.1746340942382,69774.60958903689,93.0,2025-10-01,2025-09-30,target_rebalance,0.0666316635693528,next_close
GOOG,SELL,5.0,245.05966186523438,1225.2983093261719,3.0632457733154297,1222.2350635528564,70996.84465258975,54.0,2025-10-01,2025-09-30,target_rebalance,0.0630728392407113,next_close
WDC,SELL,99.0,130.38865661621094,12908.477005004883,32.27119251251221,12876.205812492371,83873.05046508211,123.0,2025-10-01,2025-09-30,target_rebalance,0.0764107645721322,next_close
MLI,BUY,15.0,99.15155029296875,1487.2732543945312,3.718183135986328,-1490.9914375305175,82382.05902755159,130.0,2025-10-01,2025-09-30,target_rebalance,0.0623614436293294,next_close
NVDA,BUY,10.0,187.00149536132812,1870.0149536132812,4.675037384033203,-1874.6899909973145,80507.36903655427,87.0,2025-10-01,2025-09-30,target_rebalance,0.0786570898197563,next_close
GTLS,BUY,49.0,200.47999572753906,9823.519790649414,24.558799476623534,-9848.078590126037,70659.29044642823,49.0,2025-10-01,2025-09-30,target_rebalance,0.0472610130764755,next_close
TER,BUY,79.0,140.90127563476562,11131.200775146484,27.828001937866212,-11159.02877708435,59500.26166934388,79.0,2025-10-01,2025-09-30,target_rebalance,0.0538489689560749,next_close
EA,BUY,58.0,201.06097412109375,11661.536499023438,29.153841247558596,-11690.690340270996,47809.57132907289,58.0,2025-10-01,2025-09-30,target_rebalance,0.056329060609138,next_close
UTHR,BUY,28.0,438.17999267578125,12269.039794921875,30.672599487304687,-12299.71239440918,35509.85893466371,28.0,2025-10-01,2025-09-30,target_rebalance,0.0589201351419729,next_close
UI,BUY,21.0,671.7725830078125,14107.224243164062,35.26806060791016,-14142.492303771973,21367.366630891738,21.0,2025-10-01,2025-09-30,target_rebalance,0.0688794283924881,next_close
FSLR,BUY,68.0,224.82000732421875,15287.760498046875,38.21940124511719,-15325.979899291991,6041.386731599747,68.0,2025-10-01,2025-09-30,target_rebalance,0.0737951656116417,next_close
FSLR,SELL,68.0,265.7099914550781,18068.279418945312,45.17069854736328,18023.108720397948,24064.495451997696,0.0,2025-11-03,2025-10-31,target_exit,,next_close
GTLS,SELL,49.0,199.36000061035156,9768.640029907227,24.421600074768065,9744.21842983246,33808.713881830154,0.0,2025-11-03,2025-10-31,target_exit,,next_close
MEDP,SELL,26.0,594.02001953125,15444.5205078125,38.61130126953125,15405.909206542969,49214.62308837312,0.0,2025-11-03,2025-10-31,target_exit,,next_close
MLI,SELL,130.0,107.13725280761719,13927.842864990234,34.819607162475585,13893.02325782776,63107.646346200876,0.0,2025-11-03,2025-10-31,target_exit,,next_close
TER,SELL,79.0,182.78627014160156,14440.115341186523,36.10028835296631,14404.015052833558,77511.66139903443,0.0,2025-11-03,2025-10-31,target_exit,,next_close
URI,SELL,12.0,851.9324340820312,10223.189208984375,25.55797302246094,10197.631235961913,87709.29263499635,0.0,2025-11-03,2025-10-31,target_exit,,next_close
UTHR,SELL,28.0,438.6600036621094,12282.480102539062,30.706200256347657,12251.773902282715,99961.06653727907,0.0,2025-11-03,2025-10-31,target_exit,,next_close
LRCX,SELL,6.0,160.66917419433594,964.0150451660156,2.410037612915039,961.6050075531006,100922.67154483216,107.0,2025-11-03,2025-10-31,target_rebalance,0.0748270992692524,next_close
UI,SELL,1.0,771.2310180664062,771.2310180664062,1.9280775451660157,769.3029405212402,101691.9744853534,20.0,2025-11-03,2025-10-31,target_rebalance,0.0654691805968528,next_close
NVDA,SELL,15.0,206.61647033691406,3099.247055053711,7.7481176376342775,3091.498937416077,104783.47342276949,72.0,2025-11-03,2025-10-31,target_rebalance,0.0642870307768203,next_close
WDC,SELL,43.0,157.77638244628906,6784.38444519043,16.960961112976076,6767.423484077453,111550.89690684695,80.0,2025-11-03,2025-10-31,target_rebalance,0.0544544737926582,next_close
EA,BUY,10.0,199.32589721679688,1993.2589721679688,4.983147430419922,-1998.2421195983886,109552.65478724855,68.0,2025-11-03,2025-10-31,target_rebalance,0.0593289188238271,next_close
ANET,BUY,14.0,157.58999633789062,2206.2599487304688,5.515649871826172,-2211.775598602295,107340.87918864626,107.0,2025-11-03,2025-10-31,target_rebalance,0.0738846594890795,next_close
GOOGL,BUY,11.0,283.16595458984375,3114.8255004882812,7.787063751220703,-3122.612564239502,104218.26662440675,67.0,2025-11-03,2025-10-31,target_rebalance,0.0832640930700194,next_close
GOOG,BUY,12.0,283.564208984375,3402.7705078125,8.50692626953125,-3411.277434082031,100806.98919032472,66.0,2025-11-03,2025-10-31,target_rebalance,0.0822981028084059,next_close
CRS,BUY,31.0,310.4067077636719,9622.607940673828,24.05651985168457,-9646.664460525513,91160.3247297992,31.0,2025-11-03,2025-10-31,target_rebalance,0.0420307531781503,next_close
NVT,BUY,102.0,111.98353576660156,11422.32064819336,28.5558016204834,-11450.876449813843,79709.44827998536,102.0,2025-11-03,2025-10-31,target_rebalance,0.0501200053066325,next_close
NXT,BUY,118.0,101.5,11977.0,29.9425,-12006.9425,67702.50577998535,118.0,2025-11-03,2025-10-31,target_rebalance,0.0524229196252424,next_close
CW,BUY,22.0,601.1116333007812,13224.455932617188,33.06113983154297,-13257.51707244873,54444.98870753662,22.0,2025-11-03,2025-10-31,target_rebalance,0.0588248878145098,next_close
CRUS,BUY,110.0,131.24000549316406,14436.400604248047,36.09100151062012,-14472.491605758667,39972.49710177795,110.0,2025-11-03,2025-10-31,target_rebalance,0.0635629921230685,next_close
AAPL,BUY,54.0,268.2909851074219,14487.713195800781,36.219282989501956,-14523.932478790282,25448.564622987673,54.0,2025-11-03,2025-10-31,target_rebalance,0.0643371156214141,next_close
MU,BUY,79.0,234.50669860839844,18526.029190063477,46.31507297515869,-18572.344263038634,6876.2203599490385,79.0,2025-11-03,2025-10-31,target_rebalance,0.0808877677040661,next_close
ANET,SELL,107.0,128.11000061035156,13707.770065307617,34.26942516326904,13673.500640144348,20549.721000093385,0.0,2025-12-01,2025-11-28,target_exit,,next_close
CRUS,SELL,110.0,118.4000015258789,13024.00016784668,32.5600004196167,12991.440167427063,33541.16116752045,0.0,2025-12-01,2025-11-28,target_exit,,next_close
CW,SELL,22.0,545.6760864257812,12004.873901367188,30.01218475341797,11974.86171661377,45516.02288413422,0.0,2025-12-01,2025-11-28,target_exit,,next_close
NVDA,SELL,72.0,179.69082641601562,12937.739501953125,32.344348754882816,12905.395153198242,58421.41803733246,0.0,2025-12-01,2025-11-28,target_exit,,next_close
NVT,SELL,102.0,105.31594848632812,10742.226745605469,26.85556686401367,10715.371178741456,69136.78921607391,0.0,2025-12-01,2025-11-28,target_exit,,next_close
UI,SELL,20.0,563.5680541992188,11271.361083984375,28.178402709960938,11243.182681274415,80379.97189734833,0.0,2025-12-01,2025-11-28,target_exit,,next_close
NXT,SELL,13.0,87.44000244140625,1136.7200317382812,2.841800079345703,1133.8782316589356,81513.85012900726,105.0,2025-12-01,2025-11-28,target_rebalance,0.0416925435664088,next_close
MU,SELL,17.0,240.26197814941406,4084.453628540039,10.211134071350099,4074.242494468689,85588.09262347595,62.0,2025-12-01,2025-11-28,target_rebalance,0.0675076492574376,next_close
GOOG,BUY,2.0,314.5035400390625,629.007080078125,1.5725177001953126,-630.5795977783204,84957.51302569763,68.0,2025-12-01,2025-11-28,target_rebalance,0.0980258184778914,next_close
LRCX,BUY,9.0,154.24200439453125,1388.1780395507812,3.470445098876953,-1391.6484846496583,83565.86454104797,116.0,2025-12-01,2025-11-28,target_rebalance,0.0813808788696563,next_close
EA,BUY,12.0,202.04818725585938,2424.5782470703125,6.061445617675782,-2430.6396926879884,81135.22484835998,80.0,2025-12-01,2025-11-28,target_rebalance,0.0738485996228976,next_close
WDC,BUY,17.0,163.28787231445312,2775.893829345703,6.939734573364258,-2782.8335639190673,78352.39128444092,97.0,2025-12-01,2025-11-28,target_rebalance,0.0724120177962966,next_close
CRS,BUY,11.0,316.2206115722656,3478.426727294922,8.696066818237306,-3487.122794113159,74865.26849032775,42.0,2025-12-01,2025-11-28,target_rebalance,0.0614034062109455,next_close
AAPL,BUY,19.0,282.57501220703125,5368.925231933594,13.422313079833984,-5382.347545013427,69482.92094531433,73.0,2025-12-01,2025-11-28,target_rebalance,0.0944304980883402,next_close
ADI,BUY,31.0,264.0198974609375,8184.6168212890625,20.461542053222658,-8205.078363342285,61277.84258197204,31.0,2025-12-01,2025-11-28,target_rebalance,0.0377850675865202,next_close
ROIV,BUY,450.0,20.219999313354492,9098.999691009521,22.747499227523804,-9121.747190237045,52156.095391735,450.0,2025-12-01,2025-11-28,target_rebalance,0.0414758825515746,next_close
CSCO,BUY,135.0,75.2276382446289,10155.731163024902,25.389327907562258,-10181.120490932464,41974.97490080253,135.0,2025-12-01,2025-11-28,target_rebalance,0.0464976881475297,next_close
MDT,BUY,101.0,101.75489807128906,10277.244705200195,25.693111763000488,-10302.937816963196,31672.037083839336,101.0,2025-12-01,2025-11-28,target_rebalance,0.0468524319302443,next_close
RBC,BUY,24.0,441.760009765625,10602.240234375,26.5056005859375,-10628.745834960937,21043.2912488784,24.0,2025-12-01,2025-11-28,target_rebalance,0.0498898166794743,next_close
APP,BUY,21.0,623.5900268554688,13095.390563964844,32.73847640991211,-13128.129040374755,7915.162208503643,21.0,2025-12-01,2025-11-28,target_rebalance,0.0598575317942681,next_close
APP,SELL,21.0,618.3200073242188,12984.720153808594,32.46180038452148,12952.258353424073,20867.420561927716,0.0,2026-01-02,2025-12-31,target_exit,,next_close
EA,SELL,80.0,204.02386474609375,16321.9091796875,40.80477294921875,16281.10440673828,37148.524968665995,0.0,2026-01-02,2025-12-31,target_exit,,next_close
MDT,SELL,101.0,95.27214050292969,9622.486190795898,24.056215476989745,9598.429975318908,46746.95494398491,0.0,2026-01-02,2025-12-31,target_exit,,next_close
NXT,SELL,105.0,92.77999877929688,9741.899871826172,24.35474967956543,9717.545122146606,56464.50006613151,0.0,2026-01-02,2025-12-31,target_exit,,next_close
ROIV,SELL,450.0,21.93000030517578,9868.500137329102,24.671250343322754,9843.828886985779,66308.32895311729,0.0,2026-01-02,2025-12-31,target_exit,,next_close
RBC,SELL,2.0,458.7900085449219,917.5800170898438,2.2939500427246093,915.2860670471191,67223.6150201644,22.0,2026-01-02,2025-12-31,target_rebalance,0.0418108060304499,next_close
MU,SELL,11.0,315.2875671386719,3468.1632385253906,8.670408096313476,3459.492830429077,70683.10785059349,51.0,2026-01-02,2025-12-31,target_rebalance,0.0681452592987435,next_close
LRCX,SELL,23.0,184.70843505859375,4248.294006347656,10.62073501586914,4237.673271331787,74920.78112192528,93.0,2026-01-02,2025-12-31,target_rebalance,0.0736161870868293,next_close
CRS,SELL,14.0,337.9879150390625,4731.830810546875,11.829577026367188,4720.001233520507,79640.78235544579,28.0,2026-01-02,2025-12-31,target_rebalance,0.0402593931737502,next_close
WDC,SELL,26.0,187.56129455566406,4876.593658447266,12.191484146118164,4864.402174301147,84505.18452974694,71.0,2026-01-02,2025-12-31,target_rebalance,0.056792610073945,next_close
AAPL,SELL,19.0,270.5074462890625,5139.6414794921875,12.849103698730469,5126.792375793457,89631.9769055404,54.0,2026-01-02,2025-12-31,target_rebalance,0.0626184012963474,next_close
CSCO,BUY,33.0,75.63018798828125,2495.7962036132812,6.239490509033203,-2502.0356941223145,87129.94121141809,168.0,2026-01-02,2025-12-31,target_rebalance,0.0551868413435965,next_close
GOOG,BUY,11.0,314.9084777832031,3463.9932556152344,8.659983139038086,-3472.6532387542725,83657.28797266382,79.0,2026-01-02,2025-12-31,target_rebalance,0.1086609925814684,next_close
GOOGL,BUY,14.0,314.74029541015625,4406.3641357421875,11.01591033935547,-4417.380046081543,79239.90792658228,81.0,2026-01-02,2025-12-31,target_rebalance,0.1103291592465299,next_close
ADI,BUY,23.0,272.14013671875,6259.22314453125,15.648057861328125,-6274.871202392578,72965.0367241897,54.0,2026-01-02,2025-12-31,target_rebalance,0.0638372816836165,next_close
EXPE,BUY,31.0,281.7293395996094,8733.60952758789,21.834023818969726,-8755.443551406861,64209.59317278284,31.0,2026-01-02,2025-12-31,target_rebalance,0.0388327750115951,next_close
WBS,BUY,158.0,63.12270736694336,9973.38776397705,24.933469409942628,-9998.321233386994,54211.27193939585,158.0,2026-01-02,2025-12-31,target_rebalance,0.0432099836698568,next_close
COO,BUY,169.0,81.11000061035156,13707.590103149414,34.268975257873535,-13741.859078407288,40469.41286098856,169.0,2026-01-02,2025-12-31,target_rebalance,0.0591972544751873,next_close
KEYS,BUY,81.0,206.58999633789062,16733.78970336914,41.83447425842285,-16775.624177627564,23693.788683360995,81.0,2026-01-02,2025-12-31,target_rebalance,0.0726984110998216,next_close
AMAT,BUY,64.0,268.20166015625,17164.90625,42.912265625,-17207.818515625,6485.970167735995,64.0,2026-01-02,2025-12-31,target_rebalance,0.0748046439282618,next_close
AAPL,SELL,54.0,269.50927734375,14553.5009765625,36.38375244140625,14517.117224121093,21003.087391857087,0.0,2026-02-02,2026-01-30,target_exit,,next_close
CRS,SELL,28.0,311.1846618652344,8713.170532226562,21.782926330566408,8691.387605895996,29694.47499775308,0.0,2026-02-02,2026-01-30,target_exit,,next_close
EXPE,SELL,31.0,275.4862060546875,8540.072387695312,21.35018096923828,8518.722206726074,38213.197204479155,0.0,2026-02-02,2026-01-30,target_exit,,next_close
RBC,SELL,22.0,507.1300048828125,11156.860107421875,27.892150268554687,11128.96795715332,49342.165161632474,0.0,2026-02-02,2026-01-30,target_exit,,next_close
GOOG,SELL,7.0,344.44989013671875,2411.1492309570312,6.027873077392578,2405.1213578796387,51747.28651951211,72.0,2026-02-02,2026-01-30,target_rebalance,0.0948706142056784,next_close
AMAT,SELL,8.0,327.5837097167969,2620.669677734375,6.551674194335938,2614.118003540039,54361.40452305215,56.0,2026-02-02,2026-01-30,target_rebalance,0.0694865492698095,next_close
MU,SELL,6.0,437.61614990234375,2625.6968994140625,6.564242248535156,2619.1326571655272,56980.53718021768,45.0,2026-02-02,2026-01-30,target_rebalance,0.0740884676196219,next_close
CSCO,SELL,50.0,80.20539093017578,4010.269546508789,10.025673866271973,4000.243872642517,60980.7810528602,118.0,2026-02-02,2026-01-30,target_rebalance,0.0361295680401625,next_close
GOOGL,SELL,11.0,343.2431945800781,3775.6751403808594,9.439187850952148,3766.235952529907,64747.01700539011,70.0,2026-02-02,2026-01-30,target_rebalance,0.0908442805701472,next_close
LRCX,SELL,18.0,237.04879760742188,4266.878356933594,10.667195892333984,4256.211161041259,69003.22816643136,75.0,2026-02-02,2026-01-30,target_rebalance,0.0676085378593638,next_close
WDC,SELL,17.0,270.03033447265625,4590.515686035156,11.47628921508789,4579.039396820069,73582.26756325143,54.0,2026-02-02,2026-01-30,target_rebalance,0.0549613283603779,next_close
COO,BUY,2.0,80.6500015258789,161.3000030517578,0.40325000762939456,-161.7032530593872,73420.56431019204,171.0,2026-02-02,2026-01-30,target_rebalance,0.0530313767583011,next_close
KEYS,BUY,1.0,223.25999450683594,223.25999450683594,0.5581499862670899,-223.81814449310303,73196.74616569895,82.0,2026-02-02,2026-01-30,target_rebalance,0.0701349331001202,next_close
WBS,BUY,53.0,65.27888488769531,3459.7808990478516,8.64945224761963,-3468.430351295471,69728.31581440348,211.0,2026-02-02,2026-01-30,target_rebalance,0.0528793388956747,next_close
ADI,BUY,23.0,315.00811767578125,7245.186706542969,18.112966766357424,-7263.299673309326,62465.01614109416,77.0,2026-02-02,2026-01-30,target_rebalance,0.0936535474128169,next_close
NXT,BUY,78.0,115.5999984741211,9016.799880981445,22.541999702453612,-9039.341880683898,53425.67426041026,78.0,2026-02-02,2026-01-30,target_rebalance,0.0348670318654972,next_close
CNQ,BUY,279.0,36.17146301269531,10091.838180541992,25.22959545135498,-10117.067775993348,43308.606484416916,279.0,2026-02-02,2026-01-30,target_rebalance,0.038703430362401,next_close
SLB,BUY,364.0,47.519161224365234,17296.974685668945,43.242436714172364,-17340.217122383117,25968.3893620338,364.0,2026-02-02,2026-01-30,target_rebalance,0.0663384061944507,next_close
PH,BUY,19.0,948.0860595703125,18013.635131835938,45.03408782958984,-18058.669219665528,7909.720142368271,19.0,2026-02-02,2026-01-30,target_rebalance,0.0724025894855762,next_close
CNQ,SELL,279.0,43.950801849365234,12262.2737159729,30.655684289932253,12231.618031682969,20141.33817405124,0.0,2026-03-02,2026-02-27,target_exit,,next_close
COO,SELL,171.0,83.91999816894531,14350.319686889648,35.87579921722412,14314.443887672423,34455.782061723665,0.0,2026-03-02,2026-02-27,target_exit,,next_close
CSCO,SELL,118.0,78.9919662475586,9321.052017211914,23.302630043029787,9297.749387168884,43753.53144889255,0.0,2026-03-02,2026-02-27,target_exit,,next_close
GOOG,SELL,72.0,305.9601745605469,22029.132568359375,55.07283142089844,21974.059736938478,65727.59118583103,0.0,2026-03-02,2026-02-27,target_exit,,next_close
GOOGL,SELL,70.0,306.12152099609375,21428.506469726562,53.571266174316406,21374.935203552246,87102.52638938327,0.0,2026-03-02,2026-02-27,target_exit,,next_close
KEYS,SELL,82.0,313.2699890136719,25688.139099121094,64.22034774780273,25623.91875137329,112726.44514075656,0.0,2026-03-02,2026-02-27,target_exit,,next_close
NXT,SELL,78.0,103.72000122070312,8090.160095214844,20.22540023803711,8069.934694976807,120796.37983573337,0.0,2026-03-02,2026-02-27,target_exit,,next_close
PH,SELL,19.0,1009.1290283203125,19173.451538085938,47.93362884521485,19125.517909240723,139921.8977449741,0.0,2026-03-02,2026-02-27,target_exit,,next_close
WBS,SELL,211.0,71.00828552246094,14982.748245239258,37.45687061309815,14945.29137462616,154867.18911960025,0.0,2026-03-02,2026-02-27,target_exit,,next_close
WDC,SELL,54.0,269.8804016113281,14573.541687011719,36.433854217529294,14537.107832794189,169404.29695239445,0.0,2026-03-02,2026-02-27,target_exit,,next_close
AMAT,SELL,4.0,371.7178955078125,1486.87158203125,3.717178955078125,1483.1544030761718,170887.4513554706,52.0,2026-03-02,2026-02-27,target_rebalance,0.0707622302509978,next_close
ADI,SELL,12.0,350.3503723144531,4204.2044677734375,10.510511169433594,4193.693956604004,175081.1453120746,65.0,2026-03-02,2026-02-27,target_rebalance,0.082669853083487,next_close
MU,BUY,1.0,412.4967346191406,412.4967346191406,1.0312418365478515,-413.5279764556885,174667.6173356189,46.0,2026-03-02,2026-02-27,target_rebalance,0.0708598052768146,next_close
LRCX,BUY,5.0,230.56114196777344,1152.8057098388672,2.882014274597168,-1155.6877241134644,173511.92961150545,80.0,2026-03-02,2026-02-27,target_rebalance,0.0686325882251638,next_close
SLB,BUY,65.0,51.00259017944336,3315.1683616638184,8.287920904159545,-3323.4562825679777,170188.47332893746,429.0,2026-03-02,2026-02-27,target_rebalance,0.0806094086343815,next_close
ODFL,BUY,70.0,207.1976318359375,14503.834228515625,36.259585571289065,-14540.093814086915,155648.37951485053,70.0,2026-03-02,2026-02-27,target_rebalance,0.0537824278454513,next_close
CRS,BUY,36.0,408.3092956542969,14699.134643554688,36.74783660888672,-14735.882480163575,140912.49703468697,36.0,2026-03-02,2026-02-27,target_rebalance,0.0548363318692022,next_close
KGC,BUY,409.0,36.69376754760742,15007.750926971436,37.51937731742859,-15045.270304288864,125867.2267303981,409.0,2026-03-02,2026-02-27,target_rebalance,0.0552665034462442,next_close
PR,BUY,822.0,18.475915908813477,15187.202877044678,37.968007192611694,-15225.17088423729,110642.05584616082,822.0,2026-03-02,2026-02-27,target_rebalance,0.0559582737963539,next_close
SCCO,BUY,71.0,215.55323791503906,15304.279891967773,38.26069972991944,-15342.540591697692,95299.51525446313,71.0,2026-03-02,2026-02-27,target_rebalance,0.0570039966142311,next_close
EIX,BUY,211.0,73.53209686279297,15515.272438049316,38.78818109512329,-15554.06061914444,79745.45463531869,211.0,2026-03-02,2026-02-27,target_rebalance,0.057266939936084,next_close
TRGP,BUY,68.0,238.41262817382812,16212.058715820312,40.530146789550784,-16252.588862609864,63492.86577270883,68.0,2026-03-02,2026-02-27,target_rebalance,0.0598698220509583,next_close
AM,BUY,757.0,22.674192428588867,17164.363668441772,42.91090917110443,-17207.274577612876,46285.591195095956,757.0,2026-03-02,2026-02-27,target_rebalance,0.0632047698960705,next_close
KMI,BUY,522.0,33.57954025268555,17528.520011901855,43.82130002975464,-17572.34131193161,28713.249883164346,522.0,2026-03-02,2026-02-27,target_rebalance,0.0646261857886043,next_close
RGLD,BUY,66.0,303.7432556152344,20047.05487060547,50.117637176513675,-20097.172507781983,8616.077375382363,66.0,2026-03-02,2026-02-27,target_rebalance,0.0746508632859548,next_close
ADI,SELL,65.0,319.70428466796875,20780.77850341797,51.95194625854492,20728.826557159424,29344.903932541787,0.0,2026-04-01,2026-03-31,target_exit,,next_close
AMAT,SELL,52.0,353.3606872558594,18374.755737304688,45.93688934326172,18328.818847961425,47673.722780503216,0.0,2026-04-01,2026-03-31,target_exit,,next_close
CRS,SELL,36.0,404.1312561035156,14548.725219726562,36.37181304931641,14512.353406677246,62186.076187180464,0.0,2026-04-01,2026-03-31,target_exit,,next_close
KGC,SELL,409.0,31.975248336791992,13077.876569747925,32.694691424369815,13045.181878323556,75231.25806550402,0.0,2026-04-01,2026-03-31,target_exit,,next_close
LRCX,SELL,80.0,221.8537139892578,17748.297119140625,44.37074279785156,17703.926376342773,92935.1844418468,0.0,2026-04-01,2026-03-31,target_exit,,next_close
MU,SELL,46.0,367.8500061035156,16921.10028076172,42.302750701904294,16878.797530059815,109813.98197190661,0.0,2026-04-01,2026-03-31,target_exit,,next_close
RGLD,SELL,66.0,263.875,17415.75,43.539375,17372.210625,127186.19259690662,0.0,2026-04-01,2026-03-31,target_exit,,next_close
SCCO,SELL,71.0,175.2693634033203,12444.124801635742,31.110312004089355,12413.014489631652,139599.20708653828,0.0,2026-04-01,2026-03-31,target_exit,,next_close
KMI,SELL,21.0,32.57879638671875,684.1547241210938,1.7103868103027344,682.4443373107911,140281.65142384908,501.0,2026-04-01,2026-03-31,target_rebalance,0.0633116413060187,next_close
SLB,SELL,100.0,49.76905822753906,4976.905822753906,12.442264556884766,4964.4635581970215,145246.1149820461,329.0,2026-04-01,2026-03-31,target_rebalance,0.0634391491421766,next_close
AM,BUY,9.0,22.31789779663086,200.86108016967773,0.5021527004241944,-201.36323287010194,145044.751749176,766.0,2026-04-01,2026-03-31,target_rebalance,0.0664725088557597,next_close
ODFL,BUY,10.0,199.37728881835938,1993.7728881835938,4.984432220458984,-1998.7573204040527,143045.99442877196,80.0,2026-04-01,2026-03-31,target_rebalance,0.0621382745945042,next_close
EIX,BUY,30.0,72.7021255493164,2181.063766479492,5.45265941619873,-2186.516425895691,140859.47800287628,241.0,2026-04-01,2026-03-31,target_rebalance,0.0682471124934851,next_close
PR,BUY,239.0,20.425609588623047,4881.720691680908,12.204301729202271,-4893.924993410111,135965.55300946615,1061.0,2026-04-01,2026-03-31,target_rebalance,0.0841648524488158,next_close
ETR,BUY,125.0,112.9635009765625,14120.437622070312,35.30109405517578,-14155.738716125488,121809.81429334066,125.0,2026-04-01,2026-03-31,target_rebalance,0.0551202549167842,next_close
CNQ,BUY,323.0,46.560001373291016,15038.880443572998,37.597201108932495,-15076.47764468193,106733.33664865873,323.0,2026-04-01,2026-03-31,target_rebalance,0.0585613911840407,next_close
RPRX,BUY,321.0,48.276611328125,15496.792236328125,38.74198059082031,-15535.534216918946,91197.80243173978,321.0,2026-04-01,2026-03-31,target_rebalance,0.0603521327201746,next_close
MTDR,BUY,261.0,60.25065231323242,15725.420253753662,39.31355063438416,-15764.733804388046,75433.06862735173,261.0,2026-04-01,2026-03-31,target_rebalance,0.0610697220500371,next_close
UTHR,BUY,28.0,570.27001953125,15967.560546875,39.9189013671875,-16007.479448242188,59425.58917910955,28.0,2026-04-01,2026-03-31,target_rebalance,0.0621067143006346,next_close
TPL,BUY,36.0,438.52947998046875,15787.061279296875,39.46765319824219,-15826.528932495117,43599.060246614434,36.0,2026-04-01,2026-03-31,target_rebalance,0.0629616561458631,next_close
VZ,BUY,336.0,48.65814208984375,16349.1357421875,40.87283935546875,-16390.00858154297,27209.051665071464,336.0,2026-04-01,2026-03-31,target_rebalance,0.0636306514016061,next_close
SU,BUY,293.0,64.51195526123047,18902.002891540527,47.25500722885132,-18949.257898769378,8259.793766302086,293.0,2026-04-01,2026-03-31,target_rebalance,0.0735737373174121,next_close
AM,SELL,766.0,21.700000762939453,16622.20058441162,41.55550146102905,16580.645082950592,24840.438849252678,0.0,2026-05-01,2026-04-30,target_exit,,next_close
CNQ,SELL,323.0,46.959999084472656,15168.079704284668,37.92019926071167,15130.159505023956,39970.59835427663,0.0,2026-05-01,2026-04-30,target_exit,,next_close
EIX,SELL,241.0,69.87999725341797,16841.07933807373,42.10269834518433,16798.976639728546,56769.574994005176,0.0,2026-05-01,2026-04-30,target_exit,,next_close
ETR,SELL,125.0,116.43000030517578,14553.750038146973,36.38437509536743,14517.365663051605,71286.94065705678,0.0,2026-05-01,2026-04-30,target_exit,,next_close
KMI,SELL,501.0,32.231998443603516,16148.231220245361,40.3705780506134,16107.860642194748,87394.80129925153,0.0,2026-05-01,2026-04-30,target_exit,,next_close
TPL,SELL,36.0,432.9579772949219,15586.487182617188,38.96621795654297,15547.520964660645,102942.32226391218,0.0,2026-05-01,2026-04-30,target_exit,,next_close
VZ,SELL,336.0,48.11000061035156,16164.960205078125,40.412400512695314,16124.547804565429,119066.87006847761,0.0,2026-05-01,2026-04-30,target_exit,,next_close
ODFL,SELL,4.0,205.54945373535156,822.1978149414062,2.055494537353516,820.1423204040527,119887.01238888166,76.0,2026-05-01,2026-04-30,target_rebalance,0.0591048009129276,next_close
SU,SELL,42.0,67.10475158691406,2818.3995666503906,7.045998916625977,2811.3535677337645,122698.36595661542,251.0,2026-05-01,2026-04-30,target_rebalance,0.0640373171647404,next_close
PR,SELL,172.0,21.91291046142578,3769.0205993652344,9.422551498413085,3759.598047866821,126457.96400448224,889.0,2026-05-01,2026-04-30,target_rebalance,0.0742371226571236,next_close
RPRX,BUY,7.0,49.252296447753906,344.76607513427734,0.8619151878356934,-345.627990322113,126112.33601416013,328.0,2026-05-01,2026-04-30,target_rebalance,0.0616638492258694,next_close
SLB,BUY,25.0,56.62311935424805,1415.5779838562012,3.538944959640503,-1419.1169288158417,124693.21908534429,354.0,2026-05-01,2026-04-30,target_rebalance,0.0764460053148093,next_close
CSCO,BUY,157.0,91.8499984741211,14420.449760437012,36.05112440109253,-14456.500884838104,110236.71820050618,157.0,2026-05-01,2026-04-30,target_rebalance,0.0551453560942145,next_close
MU,BUY,26.0,542.2100219726562,14097.460571289062,35.243651428222655,-14132.704222717286,96104.01397778888,26.0,2026-05-01,2026-04-30,target_rebalance,0.0553957635446164,next_close
VRT,BUY,47.0,328.24169921875,15427.35986328125,38.56839965820313,-15465.928262939453,80638.08571484943,47.0,2026-05-01,2026-04-30,target_rebalance,0.0592199447812473,next_close
QSR,BUY,204.0,80.02999877929688,16326.119750976562,40.815299377441406,-16366.935050354004,64271.15066449542,204.0,2026-05-01,2026-04-30,target_rebalance,0.0624007433715902,next_close
EQIX,BUY,15.0,1079.68994140625,16195.34912109375,40.488372802734375,-16235.837493896484,48035.313170598936,15.0,2026-05-01,2026-04-30,target_rebalance,0.0646376871824419,next_close
AMAT,BUY,47.0,388.5968933105469,18264.053985595703,45.66013496398926,-18309.714120559693,29725.599050039244,47.0,2026-05-01,2026-04-30,target_rebalance,0.0701984245141328,next_close
ADI,BUY,51.0,396.6036682128906,20226.787078857422,50.56696769714355,-20277.354046554567,9448.245003484677,51.0,2026-05-01,2026-04-30,target_rebalance,0.077694485026063,next_close
