rebalance_date,ticker,weight,raw_score,portfolio_sleeve_label,portfolio_sleeve_role,portfolio_selection_path,period_forward_return,weighted_forward_return,target_n,entry_signal_breakdown,regime_state,regime_state_score,engine_version,Name,sector,concentrated_score,concentrated_selection_source,raw_period_forward_return,risk_adjusted_forward_return,raw_weighted_forward_return,position_risk_action,position_risk_reason,position_risk_hard_stop,position_risk_enabled,weighting_mode,rebalance_action,active_rebalance_interval_months,next_scheduled_rebalance_date,portfolio_monster_early_score,portfolio_risk_entry_block_score,portfolio_defensive_rotation_action,target_stock_names,portfolio_mode,source_journal
2019-04-30,FDS,0.2919266136256996,1.458359216418232,concentrated_alpha,concentrated_alpha,preferred_final_label,0.0126717672790499,0.0036992261104259,4,"{""breakout_setup_quality_score"": 0.0, ""broken_momentum_penalty"": 0.0, ""entry_quality_score"": 0.0, ""explosion_entry_score"": 0.0, ""explosion_exit_score"": 0.0, ""explosion_net_score"": 0.0, ""h1_oversold_value_score"": 0.0, ""h6_dynamic_leader_score"": 0.0, ""portfolio_hold_policy_exit_risk"": 0.0, ""portfolio_monster_early_score"": 0.5324675430355703, ""portfolio_risk_entry_block_score"": 0.1083333333333333, ""relative_strength_composite"": 0.0, ""rs_acceleration_score"": 0.0, ""selection_confirmation_score"": 0.0, ""stage2_overext_penalty"": 0.0, ""theme_phase_multiplier_max"": 0.0, ""theme_phase_multiplier_primary"": 0.0}",balanced,0,2026-05-07-style-regime-router,FACTSET RESEARCH SYSTEMS INC,Financials,0.5983412822060665,preferred_final_label,0.0126717672790499,0.0126717672790499,0.0036992261104259,hold,hold,-0.08,True,score_power,initial_rebalance,1,2019-05-31,0.5324675430355703,0.1083333333333333,neutral,4,concentrated_alpha,concentrated_champion
2019-04-30,NOW,0.2478653566933078,4.879236533179213,concentrated_alpha,concentrated_alpha,monster_extreme_early,-0.040855147987449,-0.0101265758286669,4,"{""breakout_setup_quality_score"": 0.0, ""broken_momentum_penalty"": 0.0, ""entry_quality_score"": 0.0, ""explosion_entry_score"": 0.0, ""explosion_exit_score"": 0.0, ""explosion_net_score"": 0.0, ""h1_oversold_value_score"": 0.0, ""h6_dynamic_leader_score"": 0.0, ""portfolio_hold_policy_exit_risk"": 0.0, ""portfolio_monster_early_score"": 0.6209911670227842, ""portfolio_risk_entry_block_score"": 0.1083333333333333, ""relative_strength_composite"": 0.0, ""rs_acceleration_score"": 0.0, ""selection_confirmation_score"": 0.0, ""stage2_overext_penalty"": 0.0, ""theme_phase_multiplier_max"": 0.0, ""theme_phase_multiplier_primary"": 0.0}",balanced,0,2026-05-07-style-regime-router,SERVICENOW INC,Information Technology,0.5756945455414275,monster_extreme_early,-0.040855147987449,-0.040855147987449,-0.0101265758286669,hold,hold,-0.08,True,score_power,initial_rebalance,1,2019-05-31,0.6209911670227842,0.1083333333333333,promote_monster_early,4,concentrated_alpha,concentrated_champion
2019-04-30,VICI,0.2406995352362486,1.3079327724494247,concentrated_alpha,concentrated_alpha,preferred_final_label,-0.0271335811158502,-0.0065310403638802,4,"{""breakout_setup_quality_score"": 0.0, ""broken_momentum_penalty"": 0.0, ""entry_quality_score"": 0.0, ""explosion_entry_score"": 0.0, ""explosion_exit_score"": 0.0, ""explosion_net_score"": 0.0, ""h1_oversold_value_score"": 0.0, ""h6_dynamic_leader_score"": 0.0, ""portfolio_hold_policy_exit_risk"": 0.0, ""portfolio_monster_early_score"": 0.4890806922396836, ""portfolio_risk_entry_block_score"": 0.146875, ""relative_strength_composite"": 0.0, ""rs_acceleration_score"": 0.0, ""selection_confirmation_score"": 0.0, ""stage2_overext_penalty"": 0.0, ""theme_phase_multiplier_max"": 0.0, ""theme_phase_multiplier_primary"": 0.0}",balanced,0,2026-05-07-style-regime-router,VICI PPTYS INC,Real Estate,0.5718262835547184,preferred_final_label,-0.0271335811158502,-0.0271335811158502,-0.0065310403638802,hold,hold,-0.08,True,score_power,initial_rebalance,1,2019-05-31,0.4890806922396836,0.146875,neutral,4,concentrated_alpha,concentrated_champion
2019-04-30,MKTX,0.2195084944447438,1.13513451211,concentrated_alpha,concentrated_alpha,preferred_final_label,0.0677302327301503,0.0148673614149874,4,"{""breakout_setup_quality_score"": 0.0, ""broken_momentum_penalty"": 0.0, ""entry_quality_score"": 0.0, ""explosion_entry_score"": 0.0, ""explosion_exit_score"": 0.0, ""explosion_net_score"": 0.0, ""h1_oversold_value_score"": 0.0, ""h6_dynamic_leader_score"": 0.0, ""portfolio_hold_policy_exit_risk"": 0.0, ""portfolio_monster_early_score"": 0.5280436343364465, ""portfolio_risk_entry_block_score"": 0.1083333333333333, ""relative_strength_composite"": 0.0, ""rs_acceleration_score"": 0.0, ""selection_confirmation_score"": 0.0, ""stage2_overext_penalty"": 0.0, ""theme_phase_multiplier_max"": 0.0, ""theme_phase_multiplier_primary"": 0.0}",balanced,0,2026-05-07-style-regime-router,MARKETAXESS HOLDINGS INC,Financials,0.5600369370474603,preferred_final_label,0.0677302327301503,0.0677302327301503,0.0148673614149874,hold,hold,-0.08,True,score_power,initial_rebalance,1,2019-05-31,0.5280436343364465,0.1083333333333333,neutral,4,concentrated_alpha,concentrated_champion
2019-05-31,MA,0.4969221731846105,5.620849058273551,concentrated_alpha,concentrated_alpha,preferred_final_label,0.0722394965829713,0.0358974076317723,4,"{""breakout_setup_quality_score"": 0.0, ""broken_momentum_penalty"": 0.0, ""entry_quality_score"": 0.0, ""explosion_entry_score"": 0.0, ""explosion_exit_score"": 0.0, ""explosion_net_score"": 0.0, ""h1_oversold_value_score"": 0.0, ""h6_dynamic_leader_score"": 0.0, ""portfolio_hold_policy_exit_risk"": 0.0, ""portfolio_monster_early_score"": 0.5644467865600666, ""portfolio_risk_entry_block_score"": 0.1333333333333333, ""relative_strength_composite"": 0.0, ""rs_acceleration_score"": 0.0, ""selection_confirmation_score"": 0.0, ""stage2_overext_penalty"": 0.0, ""theme_phase_multiplier_max"": 0.0, ""theme_phase_multiplier_primary"": 0.0}",risk_off_alert,0,2026-05-07-style-regime-router,MASTERCARD INC CLASS A,Financials,0.7816706152127617,preferred_final_label,0.0722394965829713,0.0722394965829713,0.0358974076317723,hold,hold,-0.08,True,score_power,rebalance,1,2019-06-28,0.5644467865600666,0.1333333333333333,neutral,4,concentrated_alpha,concentrated_champion
2019-05-31,PEG,0.1884421739317933,2.9336615068898912,concentrated_alpha,concentrated_alpha,preferred_final_label,0.0056199546849147,0.0010590364782234,4,"{""breakout_setup_quality_score"": 0.0, ""broken_momentum_penalty"": 0.0, ""entry_quality_score"": 0.0, ""explosion_entry_score"": 0.0, ""explosion_exit_score"": 0.0, ""explosion_net_score"": 0.0, ""h1_oversold_value_score"": 0.0, ""h6_dynamic_leader_score"": 0.0, ""portfolio_hold_policy_exit_risk"": 0.0, ""portfolio_monster_early_score"": 0.4155384702013226, ""portfolio_risk_entry_block_score"": 0.1604166666666666, ""relative_strength_composite"": 0.0, ""rs_acceleration_score"": 0.0, ""selection_confirmation_score"": 0.0, ""stage2_overext_penalty"": 0.0, ""theme_phase_multiplier_max"": 0.0, ""theme_phase_multiplier_primary"": 0.0}",risk_off_alert,0,2026-05-07-style-regime-router,PUBLIC SERVICE ENTERPRISE GROUP IN,Utilities,0.6075243003154617,preferred_final_label,0.0056199546849147,0.0056199546849147,0.0010590364782234,hold,hold,-0.08,True,score_power,rebalance,1,2019-06-28,0.4155384702013226,0.1604166666666666,neutral,4,concentrated_alpha,concentrated_champion
2019-05-31,TSCO,0.1634752885472837,1.738970771353563,concentrated_alpha,concentrated_alpha,preferred_final_label,0.091550270849213,0.014966206943657,4,"{""breakout_setup_quality_score"": 0.0, ""broken_momentum_penalty"": 0.0, ""entry_quality_score"": 0.0, ""explosion_entry_score"": 0.0, ""explosion_exit_score"": 0.0, ""explosion_net_score"": 0.0, ""h1_oversold_value_score"": 0.0, ""h6_dynamic_leader_score"": 0.0, ""portfolio_hold_policy_exit_risk"": 0.0, ""portfolio_monster_early_score"": 0.4918796792501145, ""portfolio_risk_entry_block_score"": 0.1333333333333333, ""relative_strength_composite"": 0.0, ""rs_acceleration_score"": 0.0, ""selection_confirmation_score"": 0.0, ""stage2_overext_penalty"": 0.0, ""theme_phase_multiplier_max"": 0.0, ""theme_phase_multiplier_primary"": 0.0}",risk_off_alert,0,2026-05-07-style-regime-router,TRACTOR SUPPLY,Consumer Discretionary,0.5883762852710659,preferred_final_label,0.091550270849213,0.091550270849213,0.014966206943657,hold,hold,-0.08,True,score_power,rebalance,1,2019-06-28,0.4918796792501145,0.1333333333333333,neutral,4,concentrated_alpha,concentrated_champion
2019-05-31,ORLY,0.1511603643363123,3.0677463923842927,concentrated_alpha,concentrated_alpha,preferred_final_label,0.004064687196297,0.0006144195975054,4,"{""breakout_setup_quality_score"": 0.0, ""broken_momentum_penalty"": 0.0, ""entry_quality_score"": 0.0, ""explosion_entry_score"": 0.0, ""explosion_exit_score"": 0.0, ""explosion_net_score"": 0.0, ""h1_oversold_value_score"": 0.0, ""h6_dynamic_leader_score"": 0.0, ""portfolio_hold_policy_exit_risk"": 0.0, ""portfolio_monster_early_score"": 0.3463431928187321, ""portfolio_risk_entry_block_score"": 0.146875, ""relative_strength_composite"": 0.0, ""rs_acceleration_score"": 0.0, ""selection_confirmation_score"": 0.0, ""stage2_overext_penalty"": 0.0, ""theme_phase_multiplier_max"": 0.0, ""theme_phase_multiplier_primary"": 0.0}",risk_off_alert,0,2026-05-07-style-regime-router,OREILLY AUTOMOTIVE INC,Consumer Discretionary,0.5783919987442576,preferred_final_label,0.004064687196297,0.004064687196297,0.0006144195975054,hold,hold,-0.08,True,score_power,rebalance,1,2019-06-28,0.3463431928187321,0.146875,neutral,4,concentrated_alpha,concentrated_champion
2019-06-28,MA,0.4351913835326553,5.948855251625312,concentrated_alpha,concentrated_alpha,preferred_final_label,0.0158249993692494,0.006886903369907,4,"{""breakout_setup_quality_score"": 0.0, ""broken_momentum_penalty"": 0.0, ""entry_quality_score"": 0.0, ""explosion_entry_score"": 0.0, ""explosion_exit_score"": 0.0, ""explosion_net_score"": 0.0, ""h1_oversold_value_score"": 0.0, ""h6_dynamic_leader_score"": 0.0, ""portfolio_hold_policy_exit_risk"": 0.0, ""portfolio_monster_early_score"": 0.5770071266385579, ""portfolio_risk_entry_block_score"": 0.1333333333333333, ""relative_strength_composite"": 0.0, ""rs_acceleration_score"": 0.0, ""selection_confirmation_score"": 0.0, ""stage2_overext_penalty"": 0.0, ""theme_phase_multiplier_max"": 0.0, ""theme_phase_multiplier_primary"": 0.0}",balanced,0,2026-05-07-style-regime-router,MASTERCARD INC CLASS A,Financials,0.7690237854973703,preferred_final_label,0.0158249993692494,0.0158249993692494,0.006886903369907,hold,hold,-0.08,True,score_power,rebalance,1,2019-07-31,0.5770071266385579,0.1333333333333333,neutral,4,concentrated_alpha,concentrated_champion
2019-06-28,VEEV,0.2658409999081961,3.721282627194996,concentrated_alpha,concentrated_alpha,preferred_final_label,-0.0006037365515909,-0.000160497928556,4,"{""breakout_setup_quality_score"": 0.0, ""broken_momentum_penalty"": 0.0, ""entry_quality_score"": 0.0, ""explosion_entry_score"": 0.0, ""explosion_exit_score"": 0.0, ""explosion_net_score"": 0.0, ""h1_oversold_value_score"": 0.0, ""h6_dynamic_leader_score"": 0.0, ""portfolio_hold_policy_exit_risk"": 0.0, ""portfolio_monster_early_score"": 0.5233649276496418, ""portfolio_risk_entry_block_score"": 0.2416666666666667, ""relative_strength_composite"": 0.0, ""rs_acceleration_score"": 0.0, ""selection_confirmation_score"": 0.0, ""stage2_overext_penalty"": 0.0, ""theme_phase_multiplier_max"": 0.0, ""theme_phase_multiplier_primary"": 0.0}",balanced,0,2026-05-07-style-regime-router,VEEVA SYSTEMS INC CLASS A,Health Care,0.675176336477421,preferred_final_label,-0.0006037365515909,-0.0006037365515909,-0.000160497928556,hold,hold,-0.08,True,score_power,rebalance,1,2019-07-31,0.5233649276496418,0.2416666666666667,neutral,4,concentrated_alpha,concentrated_champion
2019-06-28,TSCO,0.1516282564773248,1.8863865461653844,concentrated_alpha,concentrated_alpha,preferred_final_label,-0.0080962051371353,-0.0012276134690265,4,"{""breakout_setup_quality_score"": 0.0, ""broken_momentum_penalty"": 0.0, ""entry_quality_score"": 0.0, ""explosion_entry_score"": 0.0, ""explosion_exit_score"": 0.0, ""explosion_net_score"": 0.0, ""h1_oversold_value_score"": 0.0, ""h6_dynamic_leader_score"": 0.0, ""portfolio_hold_policy_exit_risk"": 0.0, ""portfolio_monster_early_score"": 0.5301439585553819, ""portfolio_risk_entry_block_score"": 0.1333333333333333, ""relative_strength_composite"": 0.0, ""rs_acceleration_score"": 0.0, ""selection_confirmation_score"": 0.0, ""stage2_overext_penalty"": 0.0, ""theme_phase_multiplier_max"": 0.0, ""theme_phase_multiplier_primary"": 0.0}",balanced,0,2026-05-07-style-regime-router,TRACTOR SUPPLY,Consumer Discretionary,0.5929804222587738,preferred_final_label,-0.0080962051371353,-0.0080962051371353,-0.0012276134690265,hold,hold,-0.08,True,score_power,rebalance,1,2019-07-31,0.5301439585553819,0.1333333333333333,neutral,4,concentrated_alpha,concentrated_champion
2019-06-28,AVGO,0.1473393600818237,3.415085709424088,concentrated_alpha,concentrated_alpha,preferred_final_label,-0.0416004727547296,-0.0061293870347832,4,"{""breakout_setup_quality_score"": 0.0, ""broken_momentum_penalty"": 0.0, ""entry_quality_score"": 0.0, ""explosion_entry_score"": 0.0, ""explosion_exit_score"": 0.0, ""explosion_net_score"": 0.0, ""h1_oversold_value_score"": 0.0, ""h6_dynamic_leader_score"": 0.0, ""portfolio_hold_policy_exit_risk"": 0.0, ""portfolio_monster_early_score"": 0.4062282761392644, ""portfolio_risk_entry_block_score"": 0.1604166666666666, ""relative_strength_composite"": 0.0, ""rs_acceleration_score"": 0.0, ""selection_confirmation_score"": 0.0, ""stage2_overext_penalty"": 0.0, ""theme_phase_multiplier_max"": 0.0, ""theme_phase_multiplier_primary"": 0.0}",balanced,0,2026-05-07-style-regime-router,BROADCOM INC,Information Technology,0.589367902135457,preferred_final_label,-0.0416004727547296,-0.0416004727547296,-0.0061293870347832,hold,hold,-0.08,True,score_power,rebalance,1,2019-07-31,0.4062282761392644,0.1604166666666666,neutral,4,concentrated_alpha,concentrated_champion
2019-07-31,V,0.4905086644344623,5.849943832797697,concentrated_alpha,concentrated_alpha,preferred_final_label,0.0088757408445323,0.0043536277875179,4,"{""breakout_setup_quality_score"": 0.0, ""broken_momentum_penalty"": 0.0, ""entry_quality_score"": 0.0, ""explosion_entry_score"": 0.0, ""explosion_exit_score"": 0.0, ""explosion_net_score"": 0.0, ""h1_oversold_value_score"": 0.0, ""h6_dynamic_leader_score"": 0.0, ""portfolio_hold_policy_exit_risk"": 0.0, ""portfolio_monster_early_score"": 0.5705811594517888, ""portfolio_risk_entry_block_score"": 0.1333333333333333, ""relative_strength_composite"": 0.0, ""rs_acceleration_score"": 0.0, ""selection_confirmation_score"": 0.0, ""stage2_overext_penalty"": 0.0, ""theme_phase_multiplier_max"": 0.0, ""theme_phase_multiplier_primary"": 0.0}",balanced,0,2026-05-07-style-regime-router,VISA INC CLASS A,Financials,0.7582642147326225,preferred_final_label,0.0088757408445323,0.0088757408445323,0.0043536277875179,hold,hold,-0.08,True,score_power,rebalance,1,2019-08-30,0.5705811594517888,0.1333333333333333,neutral,4,concentrated_alpha,concentrated_champion
2019-07-31,TSCO,0.1777934007023155,1.837349808171005,concentrated_alpha,concentrated_alpha,preferred_final_label,-0.0732886427329247,-0.0130302370243437,4,"{""breakout_setup_quality_score"": 0.0, ""broken_momentum_penalty"": 0.0, ""entry_quality_score"": 0.0, ""explosion_entry_score"": 0.0, ""explosion_exit_score"": 0.0, ""explosion_net_score"": 0.0, ""h1_oversold_value_score"": 0.0, ""h6_dynamic_leader_score"": 0.0, ""portfolio_hold_policy_exit_risk"": 0.0, ""portfolio_monster_early_score"": 0.4980443008787887, ""portfolio_risk_entry_block_score"": 0.1333333333333333, ""relative_strength_composite"": 0.0, ""rs_acceleration_score"": 0.0, ""selection_confirmation_score"": 0.0, ""stage2_overext_penalty"": 0.0, ""theme_phase_multiplier_max"": 0.0, ""theme_phase_multiplier_primary"": 0.0}",balanced,0,2026-05-07-style-regime-router,TRACTOR SUPPLY,Consumer Discretionary,0.5841463484080953,preferred_final_label,-0.0732886427329247,-0.0732886427329247,-0.0130302370243437,hold,hold,-0.08,True,score_power,rebalance,1,2019-08-30,0.4980443008787887,0.1333333333333333,neutral,4,concentrated_alpha,concentrated_champion
2019-07-31,CBRE,0.17156109723704,2.200057297585436,concentrated_alpha,concentrated_alpha,preferred_final_label,-0.0340186858845648,-0.0058362830769181,4,"{""breakout_setup_quality_score"": 0.0, ""broken_momentum_penalty"": 0.0, ""entry_quality_score"": 0.0, ""explosion_entry_score"": 0.0, ""explosion_exit_score"": 0.0, ""explosion_net_score"": 0.0, ""h1_oversold_value_score"": 0.0, ""h6_dynamic_leader_score"": 0.0, ""portfolio_hold_policy_exit_risk"": 0.0, ""portfolio_monster_early_score"": 0.4997219321546302, ""portfolio_risk_entry_block_score"": 0.0, ""relative_strength_composite"": 0.0, ""rs_acceleration_score"": 0.0, ""selection_confirmation_score"": 0.0, ""stage2_overext_penalty"": 0.0, ""theme_phase_multiplier_max"": 0.0, ""theme_phase_multiplier_primary"": 0.0}",balanced,0,2026-05-07-style-regime-router,CBRE GROUP INC CLASS A,Real Estate,0.5794882132247261,preferred_final_label,-0.0340186858845648,-0.0340186858845648,-0.0058362830769181,hold,hold,-0.08,True,score_power,rebalance,1,2019-08-30,0.4997219321546302,0.0,neutral,4,concentrated_alpha,concentrated_champion
2019-07-31,WRB,0.1601368376261823,2.0840020435282938,concentrated_alpha,concentrated_alpha,preferred_final_label,0.0273318469289254,0.004376835533681,4,"{""breakout_setup_quality_score"": 0.0, ""broken_momentum_penalty"": 0.0, ""entry_quality_score"": 0.0, ""explosion_entry_score"": 0.0, ""explosion_exit_score"": 0.0, ""explosion_net_score"": 0.0, ""h1_oversold_value_score"": 0.0, ""h6_dynamic_leader_score"": 0.0, ""portfolio_hold_policy_exit_risk"": 0.0, ""portfolio_monster_early_score"": 0.5256558224303465, ""portfolio_risk_entry_block_score"": 0.1333333333333333, ""relative_strength_composite"": 0.0, ""rs_acceleration_score"": 0.0, ""selection_confirmation_score"": 0.0, ""stage2_overext_penalty"": 0.0, ""theme_phase_multiplier_max"": 0.0, ""theme_phase_multiplier_primary"": 0.0}",balanced,0,2026-05-07-style-regime-router,WR BERKLEY CORP,Financials,0.5707242510929745,preferred_final_label,0.0273318469289254,0.0273318469289254,0.004376835533681,hold,hold,-0.08,True,score_power,rebalance,1,2019-08-30,0.5256558224303465,0.1333333333333333,neutral,4,concentrated_alpha,concentrated_champion
2019-08-30,V,0.384496065399277,5.545652545424309,concentrated_alpha,concentrated_alpha,preferred_final_label,-0.0415463103550117,-0.0159743928633592,4,"{""breakout_setup_quality_score"": 0.0, ""broken_momentum_penalty"": 0.0, ""entry_quality_score"": 0.0, ""explosion_entry_score"": 0.0, ""explosion_exit_score"": 0.0, ""explosion_net_score"": 0.0, ""h1_oversold_value_score"": 0.0, ""h6_dynamic_leader_score"": 0.0, ""portfolio_hold_policy_exit_risk"": 0.0, ""portfolio_monster_early_score"": 0.5523773526228711, ""portfolio_risk_entry_block_score"": 0.1333333333333333, ""relative_strength_composite"": 0.0, ""rs_acceleration_score"": 0.0, ""selection_confirmation_score"": 0.0, ""stage2_overext_penalty"": 0.0, ""theme_phase_multiplier_max"": 0.0, ""theme_phase_multiplier_primary"": 0.0}",balanced,0,2026-05-07-style-regime-router,VISA INC CLASS A,Financials,0.7691821091408242,preferred_final_label,-0.0415463103550117,-0.0415463103550117,-0.0159743928633592,hold,hold,-0.08,True,score_power,rebalance,1,2019-09-30,0.5523773526228711,0.1333333333333333,neutral,4,concentrated_alpha,concentrated_champion
2019-08-30,BKNG,0.2487606948733281,4.108498631004629,concentrated_alpha,concentrated_alpha,preferred_final_label,0.010446892942479,0.0025987763476383,4,"{""breakout_setup_quality_score"": 0.0, ""broken_momentum_penalty"": 0.0, ""entry_quality_score"": 0.0, ""explosion_entry_score"": 0.0, ""explosion_exit_score"": 0.0, ""explosion_net_score"": 0.0, ""h1_oversold_value_score"": 0.0, ""h6_dynamic_leader_score"": 0.0, ""portfolio_hold_policy_exit_risk"": 0.0, ""portfolio_monster_early_score"": 0.4730127230986443, ""portfolio_risk_entry_block_score"": 0.0, ""relative_strength_composite"": 0.0, ""rs_acceleration_score"": 0.0, ""selection_confirmation_score"": 0.0, ""stage2_overext_penalty"": 0.0, ""theme_phase_multiplier_max"": 0.0, ""theme_phase_multiplier_primary"": 0.0}",balanced,0,2026-05-07-style-regime-router,BOOKING HOLDINGS INC,Consumer Discretionary,0.6930167632207591,preferred_final_label,0.010446892942479,0.010446892942479,0.0025987763476383,hold,hold,-0.08,True,score_power,rebalance,1,2019-09-30,0.4730127230986443,0.0,neutral,4,concentrated_alpha,concentrated_champion
2019-08-30,AEP,0.2081743818296912,3.9913947193252897,concentrated_alpha,concentrated_alpha,preferred_final_label,0.0232404893628623,0.0048380745065333,4,"{""breakout_setup_quality_score"": 0.0, ""broken_momentum_penalty"": 0.0, ""entry_quality_score"": 0.0, ""explosion_entry_score"": 0.0, ""explosion_exit_score"": 0.0, ""explosion_net_score"": 0.0, ""h1_oversold_value_score"": 0.0, ""h6_dynamic_leader_score"": 0.0, ""portfolio_hold_policy_exit_risk"": 0.0, ""portfolio_monster_early_score"": 0.5359055714785114, ""portfolio_risk_entry_block_score"": 0.146875, ""relative_strength_composite"": 0.0, ""rs_acceleration_score"": 0.0, ""selection_confirmation_score"": 0.0, ""stage2_overext_penalty"": 0.0, ""theme_phase_multiplier_max"": 0.0, ""theme_phase_multiplier_primary"": 0.0}",balanced,0,2026-05-07-style-regime-router,AMERICAN ELECTRIC POWER INC,Utilities,0.6663360163388404,preferred_final_label,0.0232404893628623,0.0232404893628623,0.0048380745065333,hold,hold,-0.08,True,score_power,rebalance,1,2019-09-30,0.5359055714785114,0.146875,neutral,4,concentrated_alpha,concentrated_champion
2019-08-30,LRCX,0.1585688578977036,2.404705415422435,concentrated_alpha,concentrated_alpha,preferred_final_label,0.1098123591667981,0.0174128203761316,4,"{""breakout_setup_quality_score"": 0.0, ""broken_momentum_penalty"": 0.0, ""entry_quality_score"": 0.0, ""explosion_entry_score"": 0.0, ""explosion_exit_score"": 0.0, ""explosion_net_score"": 0.0, ""h1_oversold_value_score"": 0.0, ""h6_dynamic_leader_score"": 0.0, ""portfolio_hold_policy_exit_risk"": 0.0, ""portfolio_monster_early_score"": 0.52794289616162, ""portfolio_risk_entry_block_score"": 0.0, ""relative_strength_composite"": 0.0, ""rs_acceleration_score"": 0.0, ""selection_confirmation_score"": 0.0, ""stage2_overext_penalty"": 0.0, ""theme_phase_multiplier_max"": 0.0, ""theme_phase_multiplier_primary"": 0.0}",balanced,0,2026-05-07-style-regime-router,LAM RESEARCH CORP,Information Technology,0.6298887371719919,preferred_final_label,0.1098123591667981,0.1098123591667981,0.0174128203761316,hold,hold,-0.08,True,score_power,rebalance,1,2019-09-30,0.52794289616162,0.0,neutral,4,concentrated_alpha,concentrated_champion
2019-09-30,BKNG,0.3000636575036272,4.365638125522812,concentrated_alpha,concentrated_alpha,preferred_final_label,0.023581275750554,0.0070758838503128,4,"{""breakout_setup_quality_score"": 0.0, ""broken_momentum_penalty"": 0.0, ""entry_quality_score"": 0.0, ""explosion_entry_score"": 0.0, ""explosion_exit_score"": 0.0, ""explosion_net_score"": 0.0, ""h1_oversold_value_score"": 0.0, ""h6_dynamic_leader_score"": 0.0, ""portfolio_hold_policy_exit_risk"": 0.0, ""portfolio_monster_early_score"": 0.4635652496800623, ""portfolio_risk_entry_block_score"": 0.0, ""relative_strength_composite"": 0.0, ""rs_acceleration_score"": 0.0, ""selection_confirmation_score"": 0.0, ""stage2_overext_penalty"": 0.0, ""theme_phase_multiplier_max"": 0.0, ""theme_phase_multiplier_primary"": 0.0}",balanced,0,2026-05-07-style-regime-router,BOOKING HOLDINGS INC,Consumer Discretionary,0.6821710969462379,preferred_final_label,0.023581275750554,0.023581275750554,0.0070758838503128,hold,hold,-0.08,True,score_power,rebalance,1,2019-10-31,0.4635652496800623,0.0,neutral,4,concentrated_alpha,concentrated_champion
2019-09-30,AEP,0.2936020402045104,4.265070816559232,concentrated_alpha,concentrated_alpha,preferred_final_label,0.0147849913348578,0.0043409036203202,4,"{""breakout_setup_quality_score"": 0.0, ""broken_momentum_penalty"": 0.0, ""entry_quality_score"": 0.0, ""explosion_entry_score"": 0.0, ""explosion_exit_score"": 0.0, ""explosion_net_score"": 0.0, ""h1_oversold_value_score"": 0.0, ""h6_dynamic_leader_score"": 0.0, ""portfolio_hold_policy_exit_risk"": 0.0, ""portfolio_monster_early_score"": 0.5558110642047909, ""portfolio_risk_entry_block_score"": 0.1333333333333333, ""relative_strength_composite"": 0.0, ""rs_acceleration_score"": 0.0, ""selection_confirmation_score"": 0.0, ""stage2_overext_penalty"": 0.0, ""theme_phase_multiplier_max"": 0.0, ""theme_phase_multiplier_primary"": 0.0}",balanced,0,2026-05-07-style-regime-router,AMERICAN ELECTRIC POWER INC,Utilities,0.6788262163820543,preferred_final_label,0.0147849913348578,0.0147849913348578,0.0043409036203202,hold,hold,-0.08,True,score_power,rebalance,1,2019-10-31,0.5558110642047909,0.1333333333333333,neutral,4,concentrated_alpha,concentrated_champion
2019-09-30,LRCX,0.2098887665221197,2.963573497389136,concentrated_alpha,concentrated_alpha,preferred_final_label,0.175193419392899,0.0367711306991679,4,"{""breakout_setup_quality_score"": 0.0, ""broken_momentum_penalty"": 0.0, ""entry_quality_score"": 0.0, ""explosion_entry_score"": 0.0, ""explosion_exit_score"": 0.0, ""explosion_net_score"": 0.0, ""h1_oversold_value_score"": 0.0, ""h6_dynamic_leader_score"": 0.0, ""portfolio_hold_policy_exit_risk"": 0.0, ""portfolio_monster_early_score"": 0.549849809526013, ""portfolio_risk_entry_block_score"": 0.2416666666666667, ""relative_strength_composite"": 0.0, ""rs_acceleration_score"": 0.0, ""selection_confirmation_score"": 0.0, ""stage2_overext_penalty"": 0.0, ""theme_phase_multiplier_max"": 0.0, ""theme_phase_multiplier_primary"": 0.0}",balanced,0,2026-05-07-style-regime-router,LAM RESEARCH CORP,Information Technology,0.6316069752120639,preferred_final_label,0.175193419392899,0.175193419392899,0.0367711306991679,hold,hold,-0.08,True,score_power,rebalance,1,2019-10-31,0.549849809526013,0.2416666666666667,neutral,4,concentrated_alpha,concentrated_champion
2019-09-30,DUK,0.1964455357697427,3.621141941606388,concentrated_alpha,concentrated_alpha,preferred_final_label,-0.0132885375497107,-0.0026104738785492,4,"{""breakout_setup_quality_score"": 0.0, ""broken_momentum_penalty"": 0.0, ""entry_quality_score"": 0.0, ""explosion_entry_score"": 0.0, ""explosion_exit_score"": 0.0, ""explosion_net_score"": 0.0, ""h1_oversold_value_score"": 0.0, ""h6_dynamic_leader_score"": 0.0, ""portfolio_hold_policy_exit_risk"": 0.0, ""portfolio_monster_early_score"": 0.5167532582454837, ""portfolio_risk_entry_block_score"": 0.0, ""relative_strength_composite"": 0.0, ""rs_acceleration_score"": 0.0, ""selection_confirmation_score"": 0.0, ""stage2_overext_penalty"": 0.0, ""theme_phase_multiplier_max"": 0.0, ""theme_phase_multiplier_primary"": 0.0}",balanced,0,2026-05-07-style-regime-router,DUKE ENERGY CORP,Utilities,0.6231944712138449,preferred_final_label,-0.0132885375497107,-0.0132885375497107,-0.0026104738785492,hold,hold,-0.08,True,score_power,rebalance,1,2019-10-31,0.5167532582454837,0.0,neutral,4,concentrated_alpha,concentrated_champion
2019-10-31,V,0.3348648713763162,6.2177301193881,concentrated_alpha,concentrated_alpha,preferred_final_label,0.0245298998407141,0.0082142017550346,4,"{""breakout_setup_quality_score"": 0.0, ""broken_momentum_penalty"": 0.0, ""entry_quality_score"": 0.0, ""explosion_entry_score"": 0.0, ""explosion_exit_score"": 0.0, ""explosion_net_score"": 0.0, ""h1_oversold_value_score"": 0.0, ""h6_dynamic_leader_score"": 0.0, ""portfolio_hold_policy_exit_risk"": 0.0, ""portfolio_monster_early_score"": 0.5004698698410446, ""portfolio_risk_entry_block_score"": 0.146875, ""relative_strength_composite"": 0.0, ""rs_acceleration_score"": 0.0, ""selection_confirmation_score"": 0.0, ""stage2_overext_penalty"": 0.0, ""theme_phase_multiplier_max"": 0.0, ""theme_phase_multiplier_primary"": 0.0}",growth_reentry_alert,0,2026-05-07-style-regime-router,VISA INC CLASS A,Financials,0.750399060516977,preferred_final_label,0.0245298998407141,0.0245298998407141,0.0082142017550346,hold,hold,-0.08,True,score_power,rebalance,1,2019-11-29,0.5004698698410446,0.146875,neutral,4,concentrated_alpha,concentrated_champion
2019-10-31,BKNG,0.3240510607957808,5.017865372746647,concentrated_alpha,concentrated_alpha,preferred_final_label,-0.0619731746199316,-0.020082472976471,4,"{""breakout_setup_quality_score"": 0.0, ""broken_momentum_penalty"": 0.0, ""entry_quality_score"": 0.0, ""explosion_entry_score"": 0.0, ""explosion_exit_score"": 0.0, ""explosion_net_score"": 0.0, ""h1_oversold_value_score"": 0.0, ""h6_dynamic_leader_score"": 0.0, ""portfolio_hold_policy_exit_risk"": 0.0, ""portfolio_monster_early_score"": 0.5155250938433845, ""portfolio_risk_entry_block_score"": 0.0, ""relative_strength_composite"": 0.0, ""rs_acceleration_score"": 0.0, ""selection_confirmation_score"": 0.0, ""stage2_overext_penalty"": 0.0, ""theme_phase_multiplier_max"": 0.0, ""theme_phase_multiplier_primary"": 0.0}",growth_reentry_alert,0,2026-05-07-style-regime-router,BOOKING HOLDINGS INC,Consumer Discretionary,0.7444786782170545,preferred_final_label,-0.0619731746199316,-0.0619731746199316,-0.020082472976471,hold,hold,-0.08,True,score_power,rebalance,1,2019-11-29,0.5155250938433845,0.0,neutral,4,concentrated_alpha,concentrated_champion
2019-10-31,ORLY,0.1828473478978688,3.271216194514829,concentrated_alpha,concentrated_alpha,preferred_final_label,0.0124448911896002,0.0022755153488959,4,"{""breakout_setup_quality_score"": 0.0, ""broken_momentum_penalty"": 0.0, ""entry_quality_score"": 0.0, ""explosion_entry_score"": 0.0, ""explosion_exit_score"": 0.0, ""explosion_net_score"": 0.0, ""h1_oversold_value_score"": 0.0, ""h6_dynamic_leader_score"": 0.0, ""portfolio_hold_policy_exit_risk"": 0.0, ""portfolio_monster_early_score"": 0.5481216934697376, ""portfolio_risk_entry_block_score"": 0.0, ""relative_strength_composite"": 0.0, ""rs_acceleration_score"": 0.0, ""selection_confirmation_score"": 0.0, ""stage2_overext_penalty"": 0.0, ""theme_phase_multiplier_max"": 0.0, ""theme_phase_multiplier_primary"": 0.0}",growth_reentry_alert,0,2026-05-07-style-regime-router,OREILLY AUTOMOTIVE INC,Consumer Discretionary,0.6554566006726674,preferred_final_label,0.0124448911896002,0.0124448911896002,0.0022755153488959,hold,hold,-0.08,True,score_power,rebalance,1,2019-11-29,0.5481216934697376,0.0,neutral,4,concentrated_alpha,concentrated_champion
2019-10-31,CBRE,0.1582367199300341,2.595160230615625,concentrated_alpha,concentrated_alpha,preferred_final_label,0.0599702841744034,0.0094895010610296,4,"{""breakout_setup_quality_score"": 0.0, ""broken_momentum_penalty"": 0.0, ""entry_quality_score"": 0.0, ""explosion_entry_score"": 0.0, ""explosion_exit_score"": 0.0, ""explosion_net_score"": 0.0, ""h1_oversold_value_score"": 0.0, ""h6_dynamic_leader_score"": 0.0, ""portfolio_hold_policy_exit_risk"": 0.0, ""portfolio_monster_early_score"": 0.5240691466448, ""portfolio_risk_entry_block_score"": 0.146875, ""relative_strength_composite"": 0.0, ""rs_acceleration_score"": 0.0, ""selection_confirmation_score"": 0.0, ""stage2_overext_penalty"": 0.0, ""theme_phase_multiplier_max"": 0.0, ""theme_phase_multiplier_primary"": 0.0}",growth_reentry_alert,0,2026-05-07-style-regime-router,CBRE GROUP INC CLASS A,Real Estate,0.6367175952962791,preferred_final_label,0.0599702841744034,0.0599702841744034,0.0094895010610296,hold,hold,-0.08,True,score_power,rebalance,1,2019-11-29,0.5240691466448,0.146875,neutral,4,concentrated_alpha,concentrated_champion
2019-11-29,MA,0.3691326829807368,6.313045847876769,concentrated_alpha,concentrated_alpha,preferred_final_label,0.0339651520111368,0.0125376476897195,4,"{""breakout_setup_quality_score"": 0.0, ""broken_momentum_penalty"": 0.0, ""entry_quality_score"": 0.0, ""explosion_entry_score"": 0.0, ""explosion_exit_score"": 0.0, ""explosion_net_score"": 0.0, ""h1_oversold_value_score"": 0.0, ""h6_dynamic_leader_score"": 0.0, ""portfolio_hold_policy_exit_risk"": 0.0, ""portfolio_monster_early_score"": 0.5302448816193744, ""portfolio_risk_entry_block_score"": 0.146875, ""relative_strength_composite"": 0.0, ""rs_acceleration_score"": 0.0, ""selection_confirmation_score"": 0.0, ""stage2_overext_penalty"": 0.0, ""theme_phase_multiplier_max"": 0.0, ""theme_phase_multiplier_primary"": 0.0}",balanced,0,2026-05-07-style-regime-router,MASTERCARD INC CLASS A,Financials,0.766785017005567,preferred_final_label,0.0339651520111368,0.0339651520111368,0.0125376476897195,hold,hold,-0.08,True,score_power,rebalance,1,2019-12-31,0.5302448816193744,0.146875,neutral,4,concentrated_alpha,concentrated_champion
2019-11-29,CPRT,0.3155160599288408,3.8429052021451264,concentrated_alpha,concentrated_alpha,preferred_final_label,0.0306720930462645,0.0096775379477281,4,"{""breakout_setup_quality_score"": 0.0, ""broken_momentum_penalty"": 0.0, ""entry_quality_score"": 0.0, ""explosion_entry_score"": 0.0, ""explosion_exit_score"": 0.0, ""explosion_net_score"": 0.0, ""h1_oversold_value_score"": 0.0, ""h6_dynamic_leader_score"": 0.0, ""portfolio_hold_policy_exit_risk"": 0.0, ""portfolio_monster_early_score"": 0.555052481871765, ""portfolio_risk_entry_block_score"": 0.1333333333333333, ""relative_strength_composite"": 0.0, ""rs_acceleration_score"": 0.0, ""selection_confirmation_score"": 0.0, ""stage2_overext_penalty"": 0.0, ""theme_phase_multiplier_max"": 0.0, ""theme_phase_multiplier_primary"": 0.0}",balanced,0,2026-05-07-style-regime-router,COPART INC,Industrials,0.7370970959432328,preferred_final_label,0.0306720930462645,0.0306720930462645,0.0096775379477281,hold,hold,-0.08,True,score_power,rebalance,1,2019-12-31,0.555052481871765,0.1333333333333333,neutral,4,concentrated_alpha,concentrated_champion
2019-11-29,BIO,0.1662473747492985,2.0788820426108168,concentrated_alpha,concentrated_alpha,preferred_final_label,0.0072276951996093,0.0012015853524231,4,"{""breakout_setup_quality_score"": 0.0, ""broken_momentum_penalty"": 0.0, ""entry_quality_score"": 0.0, ""explosion_entry_score"": 0.0, ""explosion_exit_score"": 0.0, ""explosion_net_score"": 0.0, ""h1_oversold_value_score"": 0.0, ""h6_dynamic_leader_score"": 0.0, ""portfolio_hold_policy_exit_risk"": 0.0, ""portfolio_monster_early_score"": 0.5944922539759298, ""portfolio_risk_entry_block_score"": 0.1333333333333333, ""relative_strength_composite"": 0.0, ""rs_acceleration_score"": 0.0, ""selection_confirmation_score"": 0.0, ""stage2_overext_penalty"": 0.0, ""theme_phase_multiplier_max"": 0.0, ""theme_phase_multiplier_primary"": 0.0}",balanced,0,2026-05-07-style-regime-router,BIO RAD LABORATORIES INC CLASS A,Health Care,0.6374092668403541,preferred_final_label,0.0072276951996093,0.0072276951996093,0.0012015853524231,hold,hold,-0.08,True,score_power,rebalance,1,2019-12-31,0.5944922539759298,0.1333333333333333,promote_monster_early,4,concentrated_alpha,concentrated_champion
2019-11-29,PANW,0.1491038823411238,3.8749321878171217,concentrated_alpha,concentrated_alpha,preferred_final_label,0.0235211544451217,0.0035070954449128,4,"{""breakout_setup_quality_score"": 0.0, ""broken_momentum_penalty"": 0.0, ""entry_quality_score"": 0.0, ""explosion_entry_score"": 0.0, ""explosion_exit_score"": 0.0, ""explosion_net_score"": 0.0, ""h1_oversold_value_score"": 0.0, ""h6_dynamic_leader_score"": 0.0, ""portfolio_hold_policy_exit_risk"": 0.0, ""portfolio_monster_early_score"": 0.3991630097067858, ""portfolio_risk_entry_block_score"": 0.0135416666666666, ""relative_strength_composite"": 0.0, ""rs_acceleration_score"": 0.0, ""selection_confirmation_score"": 0.0, ""stage2_overext_penalty"": 0.0, ""theme_phase_multiplier_max"": 0.0, ""theme_phase_multiplier_primary"": 0.0}",balanced,0,2026-05-07-style-regime-router,PALO ALTO NETWORKS INC,Information Technology,0.6234281081219386,preferred_final_label,0.0235211544451217,0.0235211544451217,0.0035070954449128,hold,hold,-0.08,True,score_power,rebalance,1,2019-12-31,0.3991630097067858,0.0135416666666666,neutral,4,concentrated_alpha,concentrated_champion
2019-12-31,MA,0.3770590499169456,5.7071945717240204,concentrated_alpha,concentrated_alpha,preferred_final_label,0.0624556307633141,0.0235494607975788,4,"{""breakout_setup_quality_score"": 0.0, ""broken_momentum_penalty"": 0.0, ""entry_quality_score"": 0.0, ""explosion_entry_score"": 0.0, ""explosion_exit_score"": 0.0, ""explosion_net_score"": 0.0, ""h1_oversold_value_score"": 0.0, ""h6_dynamic_leader_score"": 0.0, ""portfolio_hold_policy_exit_risk"": 0.0, ""portfolio_monster_early_score"": 0.5241992596407491, ""portfolio_risk_entry_block_score"": 0.1333333333333333, ""relative_strength_composite"": 0.0, ""rs_acceleration_score"": 0.0, ""selection_confirmation_score"": 0.0, ""stage2_overext_penalty"": 0.0, ""theme_phase_multiplier_max"": 0.0, ""theme_phase_multiplier_primary"": 0.0}",balanced,0,2026-05-07-style-regime-router,MASTERCARD INC CLASS A,Financials,0.7901698616869436,preferred_final_label,0.0624556307633141,0.0624556307633141,0.0235494607975788,hold,hold,-0.08,True,score_power,rebalance,1,2020-01-31,0.5241992596407491,0.1333333333333333,neutral,4,concentrated_alpha,concentrated_champion
2019-12-31,CPRT,0.2947164150443171,3.67064283769758,concentrated_alpha,concentrated_alpha,preferred_final_label,0.1181618735455423,0.0348242437662621,4,"{""breakout_setup_quality_score"": 0.0, ""broken_momentum_penalty"": 0.0, ""entry_quality_score"": 0.0, ""explosion_entry_score"": 0.0, ""explosion_exit_score"": 0.0, ""explosion_net_score"": 0.0, ""h1_oversold_value_score"": 0.0, ""h6_dynamic_leader_score"": 0.0, ""portfolio_hold_policy_exit_risk"": 0.0, ""portfolio_monster_early_score"": 0.5809773401454874, ""portfolio_risk_entry_block_score"": 0.1333333333333333, ""relative_strength_composite"": 0.0, ""rs_acceleration_score"": 0.0, ""selection_confirmation_score"": 0.0, ""stage2_overext_penalty"": 0.0, ""theme_phase_multiplier_max"": 0.0, ""theme_phase_multiplier_primary"": 0.0}",balanced,0,2026-05-07-style-regime-router,COPART INC,Industrials,0.7403664452005736,preferred_final_label,0.1181618735455423,0.1181618735455423,0.0348242437662621,hold,hold,-0.08,True,score_power,rebalance,1,2020-01-31,0.5809773401454874,0.1333333333333333,promote_monster_early,4,concentrated_alpha,concentrated_champion
2019-12-31,LRCX,0.2005813395093883,2.74873990794452,concentrated_alpha,concentrated_alpha,monster_extreme_early,0.0142675005247812,0.0028617943667115,4,"{""breakout_setup_quality_score"": 0.0, ""broken_momentum_penalty"": 0.0, ""entry_quality_score"": 0.0, ""explosion_entry_score"": 0.0, ""explosion_exit_score"": 0.0, ""explosion_net_score"": 0.0, ""h1_oversold_value_score"": 0.0, ""h6_dynamic_leader_score"": 0.0, ""portfolio_hold_policy_exit_risk"": 0.0, ""portfolio_monster_early_score"": 0.6483750585028076, ""portfolio_risk_entry_block_score"": 0.2416666666666667, ""relative_strength_composite"": 0.0, ""rs_acceleration_score"": 0.0, ""selection_confirmation_score"": 0.0, ""stage2_overext_penalty"": 0.0, ""theme_phase_multiplier_max"": 0.0, ""theme_phase_multiplier_primary"": 0.0}",balanced,0,2026-05-07-style-regime-router,LAM RESEARCH CORP,Information Technology,0.6738800905135539,monster_extreme_early,0.0142675005247812,0.0142675005247812,0.0028617943667115,hold,hold,-0.08,True,score_power,rebalance,1,2020-01-31,0.6483750585028076,0.2416666666666667,promote_monster_early,4,concentrated_alpha,concentrated_champion
2019-12-31,AVGO,0.1276431955293489,3.608082380425808,concentrated_alpha,concentrated_alpha,preferred_final_label,-0.0428723758653537,-0.005472367055389,4,"{""breakout_setup_quality_score"": 0.0, ""broken_momentum_penalty"": 0.0, ""entry_quality_score"": 0.0, ""explosion_entry_score"": 0.0, ""explosion_exit_score"": 0.0, ""explosion_net_score"": 0.0, ""h1_oversold_value_score"": 0.0, ""h6_dynamic_leader_score"": 0.0, ""portfolio_hold_policy_exit_risk"": 0.0, ""portfolio_monster_early_score"": 0.4963054874952409, ""portfolio_risk_entry_block_score"": 0.0135416666666666, ""relative_strength_composite"": 0.0, ""rs_acceleration_score"": 0.0, ""selection_confirmation_score"": 0.0, ""stage2_overext_penalty"": 0.0, ""theme_phase_multiplier_max"": 0.0, ""theme_phase_multiplier_primary"": 0.0}",balanced,0,2026-05-07-style-regime-router,BROADCOM INC,Information Technology,0.6104891496614431,preferred_final_label,-0.0428723758653537,-0.0428723758653537,-0.005472367055389,hold,hold,-0.08,True,score_power,rebalance,1,2020-01-31,0.4963054874952409,0.0135416666666666,neutral,4,concentrated_alpha,concentrated_champion
2020-01-31,MA,0.3843218764076762,6.305617065329768,concentrated_alpha,concentrated_alpha,preferred_final_label,-0.0624530608259622,-0.0240020775240365,4,"{""breakout_setup_quality_score"": 0.0, ""broken_momentum_penalty"": 0.0, ""entry_quality_score"": 0.0, ""explosion_entry_score"": 0.0, ""explosion_exit_score"": 0.0, ""explosion_net_score"": 0.0, ""h1_oversold_value_score"": 0.0, ""h6_dynamic_leader_score"": 0.0, ""portfolio_hold_policy_exit_risk"": 0.0, ""portfolio_monster_early_score"": 0.5241036738304862, ""portfolio_risk_entry_block_score"": 0.1333333333333333, ""relative_strength_composite"": 0.0, ""rs_acceleration_score"": 0.0, ""selection_confirmation_score"": 0.0, ""stage2_overext_penalty"": 0.0, ""theme_phase_multiplier_max"": 0.0, ""theme_phase_multiplier_primary"": 0.0}",balanced,0,2026-05-07-style-regime-router,MASTERCARD INC CLASS A,Financials,0.7747331120800143,preferred_final_label,-0.0624530608259622,-0.0624530608259622,-0.0240020775240365,hold,hold,-0.08,True,score_power,rebalance,1,2020-02-28,0.5241036738304862,0.1333333333333333,neutral,4,concentrated_alpha,concentrated_champion
2020-01-31,CPRT,0.2564574171009276,3.144521704778904,concentrated_alpha,concentrated_alpha,preferred_final_label,-0.08,-0.0205165933680742,4,"{""breakout_setup_quality_score"": 0.0, ""broken_momentum_penalty"": 0.0, ""entry_quality_score"": 0.0, ""explosion_entry_score"": 0.0, ""explosion_exit_score"": 0.0, ""explosion_net_score"": 0.0, ""h1_oversold_value_score"": 0.0, ""h6_dynamic_leader_score"": 0.0, ""portfolio_hold_policy_exit_risk"": 0.0, ""portfolio_monster_early_score"": 0.578720446140463, ""portfolio_risk_entry_block_score"": 0.2416666666666667, ""relative_strength_composite"": 0.0, ""rs_acceleration_score"": 0.0, ""selection_confirmation_score"": 0.0, ""stage2_overext_penalty"": 0.0, ""theme_phase_multiplier_max"": 0.0, ""theme_phase_multiplier_primary"": 0.0}",balanced,0,2026-05-07-style-regime-router,COPART INC,Industrials,0.6977687976321609,preferred_final_label,-0.1769079720307284,-0.08,-0.0453693615715637,risk_exit,hard_stop,-0.08,True,score_power,rebalance,1,2020-02-28,0.578720446140463,0.2416666666666667,neutral,4,concentrated_alpha,concentrated_champion
2020-01-31,LRCX,0.2232480218517852,3.569684217798569,concentrated_alpha,concentrated_alpha,preferred_final_label,-0.0112002878771161,-0.0025004421127367,4,"{""breakout_setup_quality_score"": 0.0, ""broken_momentum_penalty"": 0.0, ""entry_quality_score"": 0.0, ""explosion_entry_score"": 0.0, ""explosion_exit_score"": 0.0, ""explosion_net_score"": 0.0, ""h1_oversold_value_score"": 0.0, ""h6_dynamic_leader_score"": 0.0, ""portfolio_hold_policy_exit_risk"": 0.0, ""portfolio_monster_early_score"": 0.5836795539899939, ""portfolio_risk_entry_block_score"": 0.2416666666666667, ""relative_strength_composite"": 0.0, ""rs_acceleration_score"": 0.0, ""selection_confirmation_score"": 0.0, ""stage2_overext_penalty"": 0.0, ""theme_phase_multiplier_max"": 0.0, ""theme_phase_multiplier_primary"": 0.0}",balanced,0,2026-05-07-style-regime-router,LAM RESEARCH CORP,Information Technology,0.6747684995146374,preferred_final_label,-0.0112002878771161,-0.0112002878771161,-0.0025004421127367,hold,hold,-0.08,True,score_power,rebalance,1,2020-02-28,0.5836795539899939,0.2416666666666667,promote_monster_early,4,concentrated_alpha,concentrated_champion
2020-01-31,JD,0.1359726846396107,2.132461020047677,concentrated_alpha,concentrated_alpha,preferred_final_label,0.0889474553455949,0.0120944242952024,4,"{""breakout_setup_quality_score"": 0.0, ""broken_momentum_penalty"": 0.0, ""entry_quality_score"": 0.0, ""explosion_entry_score"": 0.0, ""explosion_exit_score"": 0.0, ""explosion_net_score"": 0.0, ""h1_oversold_value_score"": 0.0, ""h6_dynamic_leader_score"": 0.0, ""portfolio_hold_policy_exit_risk"": 0.0, ""portfolio_monster_early_score"": 0.5037656169384742, ""portfolio_risk_entry_block_score"": 0.0, ""relative_strength_composite"": 0.0, ""rs_acceleration_score"": 0.0, ""selection_confirmation_score"": 0.0, ""stage2_overext_penalty"": 0.0, ""theme_phase_multiplier_max"": 0.0, ""theme_phase_multiplier_primary"": 0.0}",balanced,0,2026-05-07-style-regime-router,JD.com,Internet,0.604430851770619,preferred_final_label,0.0889474553455949,0.0889474553455949,0.0120944242952024,hold,hold,-0.08,True,score_power,rebalance,1,2020-02-28,0.5037656169384742,0.0,neutral,4,concentrated_alpha,concentrated_champion
2020-02-28,MA,0.3685414140527646,6.428012163914939,concentrated_alpha,concentrated_alpha,preferred_final_label,-0.08,-0.0294833131242211,4,"{""breakout_setup_quality_score"": 0.0, ""broken_momentum_penalty"": 0.0, ""entry_quality_score"": 0.0, ""explosion_entry_score"": 0.0, ""explosion_exit_score"": 0.0, ""explosion_net_score"": 0.0, ""h1_oversold_value_score"": 0.0, ""h6_dynamic_leader_score"": 0.0, ""portfolio_hold_policy_exit_risk"": 0.0, ""portfolio_monster_early_score"": 0.4049589958157613, ""portfolio_risk_entry_block_score"": 0.146875, ""relative_strength_composite"": 0.0, ""rs_acceleration_score"": 0.0, ""selection_confirmation_score"": 0.0, ""stage2_overext_penalty"": 0.0, ""theme_phase_multiplier_max"": 0.0, ""theme_phase_multiplier_primary"": 0.0}",risk_off_alert,0,2026-05-07-style-regime-router,MASTERCARD INC CLASS A,Financials,0.7649072205766481,preferred_final_label,-0.2273411304795635,-0.08,-0.0837846216992923,risk_exit,hard_stop,-0.08,True,score_power,rebalance,1,2020-03-31,0.4049589958157613,0.146875,neutral,4,concentrated_alpha,concentrated_champion
2020-02-28,RNG,0.2537667949741166,3.999418615981196,concentrated_alpha,concentrated_alpha,preferred_final_label,-0.08,-0.0203013435979293,4,"{""breakout_setup_quality_score"": 0.0, ""broken_momentum_penalty"": 0.0, ""entry_quality_score"": 0.0, ""explosion_entry_score"": 0.0, ""explosion_exit_score"": 0.0, ""explosion_net_score"": 0.0, ""h1_oversold_value_score"": 0.0, ""h6_dynamic_leader_score"": 0.0, ""portfolio_hold_policy_exit_risk"": 0.0, ""portfolio_monster_early_score"": 0.570411008839942, ""portfolio_risk_entry_block_score"": 0.2416666666666667, ""relative_strength_composite"": 0.0, ""rs_acceleration_score"": 0.0, ""selection_confirmation_score"": 0.0, ""stage2_overext_penalty"": 0.0, ""theme_phase_multiplier_max"": 0.0, ""theme_phase_multiplier_primary"": 0.0}",risk_off_alert,0,2026-05-07-style-regime-router,RINGCENTRAL INC CLASS A,Information Technology,0.7030585287574305,preferred_final_label,-0.140091771932145,-0.08,-0.0355506399654653,risk_exit,hard_stop,-0.08,True,score_power,rebalance,1,2020-03-31,0.570411008839942,0.2416666666666667,neutral,4,concentrated_alpha,concentrated_champion
2020-02-28,LRCX,0.2032637051089628,3.609359134661864,concentrated_alpha,concentrated_alpha,preferred_final_label,-0.08,-0.016261096408717,4,"{""breakout_setup_quality_score"": 0.0, ""broken_momentum_penalty"": 0.0, ""entry_quality_score"": 0.0, ""explosion_entry_score"": 0.0, ""explosion_exit_score"": 0.0, ""explosion_net_score"": 0.0, ""h1_oversold_value_score"": 0.0, ""h6_dynamic_leader_score"": 0.0, ""portfolio_hold_policy_exit_risk"": 0.0, ""portfolio_monster_early_score"": 0.4755653435421233, ""portfolio_risk_entry_block_score"": 0.146875, ""relative_strength_composite"": 0.0, ""rs_acceleration_score"": 0.0, ""selection_confirmation_score"": 0.0, ""stage2_overext_penalty"": 0.0, ""theme_phase_multiplier_max"": 0.0, ""theme_phase_multiplier_primary"": 0.0}",risk_off_alert,0,2026-05-07-style-regime-router,LAM RESEARCH CORP,Information Technology,0.6713899841488165,preferred_final_label,-0.2235588784019243,-0.08,-0.0454414059339792,risk_exit,hard_stop,-0.08,True,score_power,rebalance,1,2020-03-31,0.4755653435421233,0.146875,neutral,4,concentrated_alpha,concentrated_champion
2020-02-28,NVDA,0.174428085864156,2.70241272876772,concentrated_alpha,concentrated_alpha,preferred_final_label,-0.0767425731046658,-0.0133860601309369,4,"{""breakout_setup_quality_score"": 0.0, ""broken_momentum_penalty"": 0.0, ""entry_quality_score"": 0.0, ""explosion_entry_score"": 0.0, ""explosion_exit_score"": 0.0, ""explosion_net_score"": 0.0, ""h1_oversold_value_score"": 0.0, ""h6_dynamic_leader_score"": 0.0, ""portfolio_hold_policy_exit_risk"": 0.0, ""portfolio_monster_early_score"": 0.5658692660402878, ""portfolio_risk_entry_block_score"": 0.2416666666666667, ""relative_strength_composite"": 0.0, ""rs_acceleration_score"": 0.0, ""selection_confirmation_score"": 0.0, ""stage2_overext_penalty"": 0.0, ""theme_phase_multiplier_max"": 0.0, ""theme_phase_multiplier_primary"": 0.0}",risk_off_alert,0,2026-05-07-style-regime-router,NVIDIA CORP,Information Technology,0.6515155653629139,preferred_final_label,-0.0767425731046658,-0.0767425731046658,-0.0133860601309369,hold,hold,-0.08,True,score_power,rebalance,1,2020-03-31,0.5658692660402878,0.2416666666666667,neutral,4,concentrated_alpha,concentrated_champion
2020-03-31,MA,0.3559566067143743,5.5976264139970535,concentrated_alpha,concentrated_alpha,preferred_final_label,0.1653050714206076,0.0588414322955568,4,"{""breakout_setup_quality_score"": 0.0, ""broken_momentum_penalty"": 0.0, ""entry_quality_score"": 0.0, ""explosion_entry_score"": 0.0, ""explosion_exit_score"": 0.0, ""explosion_net_score"": 0.0, ""h1_oversold_value_score"": 0.0, ""h6_dynamic_leader_score"": 0.0, ""portfolio_hold_policy_exit_risk"": 0.0, ""portfolio_monster_early_score"": 0.3060565216394619, ""portfolio_risk_entry_block_score"": 0.2927083333333333, ""relative_strength_composite"": 0.0, ""rs_acceleration_score"": 0.0, ""selection_confirmation_score"": 0.0, ""stage2_overext_penalty"": 0.0, ""theme_phase_multiplier_max"": 0.0, ""theme_phase_multiplier_primary"": 0.0}",systemic_alert,0,2026-05-07-style-regime-router,MASTERCARD INC CLASS A,Financials,0.7775734081750116,preferred_final_label,0.1653050714206076,0.1653050714206076,0.0588414322955568,hold,hold,-0.08,True,score_power,rebalance,1,2020-04-30,0.3060565216394619,0.2927083333333333,neutral,4,concentrated_alpha,concentrated_champion
2020-03-31,VEEV,0.2611511126125602,3.5279505295278963,concentrated_alpha,concentrated_alpha,preferred_final_label,0.2598776657969881,0.0678673415660385,4,"{""breakout_setup_quality_score"": 0.0, ""broken_momentum_penalty"": 0.0, ""entry_quality_score"": 0.0, ""explosion_entry_score"": 0.0, ""explosion_exit_score"": 0.0, ""explosion_net_score"": 0.0, ""h1_oversold_value_score"": 0.0, ""h6_dynamic_leader_score"": 0.0, ""portfolio_hold_policy_exit_risk"": 0.0, ""portfolio_monster_early_score"": 0.4814950386172749, ""portfolio_risk_entry_block_score"": 0.0135416666666666, ""relative_strength_composite"": 0.0, ""rs_acceleration_score"": 0.0, ""selection_confirmation_score"": 0.0, ""stage2_overext_penalty"": 0.0, ""theme_phase_multiplier_max"": 0.0, ""theme_phase_multiplier_primary"": 0.0}",systemic_alert,0,2026-05-07-style-regime-router,VEEVA SYSTEMS INC CLASS A,Health Care,0.7186836118693789,preferred_final_label,0.2598776657969881,0.2598776657969881,0.0678673415660385,hold,hold,-0.08,True,score_power,rebalance,1,2020-04-30,0.4814950386172749,0.0135416666666666,neutral,4,concentrated_alpha,concentrated_champion
2020-03-31,JD,0.2508656728397757,3.583547181549762,concentrated_alpha,concentrated_alpha,preferred_final_label,0.0518668035798901,0.0130116005781176,4,"{""breakout_setup_quality_score"": 0.0, ""broken_momentum_penalty"": 0.0, ""entry_quality_score"": 0.0, ""explosion_entry_score"": 0.0, ""explosion_exit_score"": 0.0, ""explosion_net_score"": 0.0, ""h1_oversold_value_score"": 0.0, ""h6_dynamic_leader_score"": 0.0, ""portfolio_hold_policy_exit_risk"": 0.0, ""portfolio_monster_early_score"": 0.5694787263190275, ""portfolio_risk_entry_block_score"": 0.0, ""relative_strength_composite"": 0.0, ""rs_acceleration_score"": 0.0, ""selection_confirmation_score"": 0.0, ""stage2_overext_penalty"": 0.0, ""theme_phase_multiplier_max"": 0.0, ""theme_phase_multiplier_primary"": 0.0}",systemic_alert,0,2026-05-07-style-regime-router,JD.com,Internet,0.7116900736248014,preferred_final_label,0.0518668035798901,0.0518668035798901,0.0130116005781176,hold,hold,-0.08,True,score_power,rebalance,1,2020-04-30,0.5694787263190275,0.0,neutral,4,concentrated_alpha,concentrated_champion
2020-03-31,NOW,0.1320266078332896,6.643205306912432,concentrated_alpha,concentrated_alpha,preferred_final_label,0.2467291322957181,0.0325748103906546,4,"{""breakout_setup_quality_score"": 0.0, ""broken_momentum_penalty"": 0.0, ""entry_quality_score"": 0.0, ""explosion_entry_score"": 0.0, ""explosion_exit_score"": 0.0, ""explosion_net_score"": 0.0, ""h1_oversold_value_score"": 0.0, ""h6_dynamic_leader_score"": 0.0, ""portfolio_hold_policy_exit_risk"": 0.0, ""portfolio_monster_early_score"": 0.4210862037817429, ""portfolio_risk_entry_block_score"": 0.0135416666666666, ""relative_strength_composite"": 0.0, ""rs_acceleration_score"": 0.0, ""selection_confirmation_score"": 0.0, ""stage2_overext_penalty"": 0.0, ""theme_phase_multiplier_max"": 0.0, ""theme_phase_multiplier_primary"": 0.0}",systemic_alert,0,2026-05-07-style-regime-router,SERVICENOW INC,Information Technology,0.6170784709751655,preferred_final_label,0.2467291322957181,0.2467291322957181,0.0325748103906546,hold,hold,-0.08,True,score_power,rebalance,1,2020-04-30,0.4210862037817429,0.0135416666666666,neutral,4,concentrated_alpha,concentrated_champion
2020-04-30,BIO,0.3268986305364009,2.85105521709315,concentrated_alpha,concentrated_alpha,preferred_final_label,0.1318181949408559,0.0430911874059461,4,"{""breakout_setup_quality_score"": 0.0, ""broken_momentum_penalty"": 0.0, ""entry_quality_score"": 0.0, ""explosion_entry_score"": 0.0, ""explosion_exit_score"": 0.0, ""explosion_net_score"": 0.0, ""h1_oversold_value_score"": 0.0, ""h6_dynamic_leader_score"": 0.0, ""portfolio_hold_policy_exit_risk"": 0.0, ""portfolio_monster_early_score"": 0.5791800006114737, ""portfolio_risk_entry_block_score"": 0.0, ""relative_strength_composite"": 0.0, ""rs_acceleration_score"": 0.0, ""selection_confirmation_score"": 0.0, ""stage2_overext_penalty"": 0.0, ""theme_phase_multiplier_max"": 0.0, ""theme_phase_multiplier_primary"": 0.0}",balanced,0,2026-05-07-style-regime-router,BIO RAD LABORATORIES INC CLASS A,Health Care,0.6836540807103315,preferred_final_label,0.1318181949408559,0.1318181949408559,0.0430911874059461,hold,hold,-0.08,True,score_power,rebalance,1,2020-05-29,0.5791800006114737,0.0,neutral,4,concentrated_alpha,concentrated_champion
2020-04-30,NVDA,0.3134831681329139,3.663940647819073,concentrated_alpha,concentrated_alpha,preferred_final_label,0.2425882149670699,0.0760473221795854,4,"{""breakout_setup_quality_score"": 0.0, ""broken_momentum_penalty"": 0.0, ""entry_quality_score"": 0.0, ""explosion_entry_score"": 0.0, ""explosion_exit_score"": 0.0, ""explosion_net_score"": 0.0, ""h1_oversold_value_score"": 0.0, ""h6_dynamic_leader_score"": 0.0, ""portfolio_hold_policy_exit_risk"": 0.0, ""portfolio_monster_early_score"": 0.5453694341221262, ""portfolio_risk_entry_block_score"": 0.2416666666666667, ""relative_strength_composite"": 0.0, ""rs_acceleration_score"": 0.0, ""selection_confirmation_score"": 0.0, ""stage2_overext_penalty"": 0.0, ""theme_phase_multiplier_max"": 0.0, ""theme_phase_multiplier_primary"": 0.0}",balanced,0,2026-05-07-style-regime-router,NVIDIA CORP,Information Technology,0.6762880127522194,preferred_final_label,0.2425882149670699,0.2425882149670699,0.0760473221795854,hold,hold,-0.08,True,score_power,rebalance,1,2020-05-29,0.5453694341221262,0.2416666666666667,neutral,4,concentrated_alpha,concentrated_champion
2020-04-30,AMZN,0.1977362056270301,6.3625941503394685,concentrated_alpha,concentrated_alpha,monster_extreme_early,0.0475864888929751,0.0094095717528097,4,"{""breakout_setup_quality_score"": 0.0, ""broken_momentum_penalty"": 0.0, ""entry_quality_score"": 0.0, ""explosion_entry_score"": 0.0, ""explosion_exit_score"": 0.0, ""explosion_net_score"": 0.0, ""h1_oversold_value_score"": 0.0, ""h6_dynamic_leader_score"": 0.0, ""portfolio_hold_policy_exit_risk"": 0.0, ""portfolio_monster_early_score"": 0.6444848705557641, ""portfolio_risk_entry_block_score"": 0.1083333333333333, ""relative_strength_composite"": 0.0, ""rs_acceleration_score"": 0.0, ""selection_confirmation_score"": 0.0, ""stage2_overext_penalty"": 0.0, ""theme_phase_multiplier_max"": 0.0, ""theme_phase_multiplier_primary"": 0.0}",balanced,0,2026-05-07-style-regime-router,AMAZON.COM INC,Consumer Discretionary,0.6046951597213757,monster_extreme_early,0.0475864888929751,0.0475864888929751,0.0094095717528097,hold,hold,-0.08,True,score_power,rebalance,1,2020-05-29,0.6444848705557641,0.1083333333333333,promote_monster_early,4,concentrated_alpha,concentrated_champion
2020-04-30,SE,0.1618819957036549,1.423677461964305,concentrated_alpha,concentrated_alpha,monster_extreme_early,0.4859900303958253,0.0786730360125561,4,"{""breakout_setup_quality_score"": 0.0, ""broken_momentum_penalty"": 0.0, ""entry_quality_score"": 0.0, ""explosion_entry_score"": 0.0, ""explosion_exit_score"": 0.0, ""explosion_net_score"": 0.0, ""h1_oversold_value_score"": 0.0, ""h6_dynamic_leader_score"": 0.0, ""portfolio_hold_policy_exit_risk"": 0.0, ""portfolio_monster_early_score"": 0.6301096512458829, ""portfolio_risk_entry_block_score"": 0.2416666666666667, ""relative_strength_composite"": 0.0, ""rs_acceleration_score"": 0.0, ""selection_confirmation_score"": 0.0, ""stage2_overext_penalty"": 0.0, ""theme_phase_multiplier_max"": 0.0, ""theme_phase_multiplier_primary"": 0.0}",balanced,0,2026-05-07-style-regime-router,Sea Limited,Internet,0.5783932848493962,monster_extreme_early,0.4859900303958253,0.4859900303958253,0.0786730360125561,hold,hold,-0.08,True,score_power,rebalance,1,2020-05-29,0.6301096512458829,0.2416666666666667,promote_monster_early,4,concentrated_alpha,concentrated_champion
2020-05-29,NVDA,0.3385767756972611,3.8840997044953953,concentrated_alpha,concentrated_alpha,preferred_final_label,0.0783226273671131,0.0265182226380952,4,"{""breakout_setup_quality_score"": 0.0, ""broken_momentum_penalty"": 0.0, ""entry_quality_score"": 0.0, ""explosion_entry_score"": 0.0, ""explosion_exit_score"": 0.0, ""explosion_net_score"": 0.0, ""h1_oversold_value_score"": 0.0, ""h6_dynamic_leader_score"": 0.0, ""portfolio_hold_policy_exit_risk"": 0.0, ""portfolio_monster_early_score"": 0.5889812434642436, ""portfolio_risk_entry_block_score"": 0.2416666666666667, ""relative_strength_composite"": 0.0, ""rs_acceleration_score"": 0.0, ""selection_confirmation_score"": 0.0, ""stage2_overext_penalty"": 0.0, ""theme_phase_multiplier_max"": 0.0, ""theme_phase_multiplier_primary"": 0.0}",balanced,0,2026-05-07-style-regime-router,NVIDIA CORP,Information Technology,0.7436562891905261,preferred_final_label,0.0783226273671131,0.0783226273671131,0.0265182226380952,hold,hold,-0.08,True,score_power,rebalance,1,2020-06-30,0.5889812434642436,0.2416666666666667,promote_monster_early,4,concentrated_alpha,concentrated_champion
2020-05-29,VEEV,0.260686299443481,2.925656599920634,concentrated_alpha,concentrated_alpha,preferred_final_label,0.0845486798203423,0.0220406824651967,4,"{""breakout_setup_quality_score"": 0.0, ""broken_momentum_penalty"": 0.0, ""entry_quality_score"": 0.0, ""explosion_entry_score"": 0.0, ""explosion_exit_score"": 0.0, ""explosion_net_score"": 0.0, ""h1_oversold_value_score"": 0.0, ""h6_dynamic_leader_score"": 0.0, ""portfolio_hold_policy_exit_risk"": 0.0, ""portfolio_monster_early_score"": 0.5909744080044301, ""portfolio_risk_entry_block_score"": 0.1083333333333333, ""relative_strength_composite"": 0.0, ""rs_acceleration_score"": 0.0, ""selection_confirmation_score"": 0.0, ""stage2_overext_penalty"": 0.0, ""theme_phase_multiplier_max"": 0.0, ""theme_phase_multiplier_primary"": 0.0}",balanced,0,2026-05-07-style-regime-router,VEEVA SYSTEMS INC CLASS A,Health Care,0.7022542555867471,preferred_final_label,0.0845486798203423,0.0845486798203423,0.0220406824651967,hold,hold,-0.08,True,score_power,rebalance,1,2020-06-30,0.5909744080044301,0.1083333333333333,promote_monster_early,4,concentrated_alpha,concentrated_champion
2020-05-29,V,0.21538211799328,5.441413337924887,concentrated_alpha,concentrated_alpha,preferred_final_label,-0.0044166431981645,-0.0009512659664413,4,"{""breakout_setup_quality_score"": 0.0, ""broken_momentum_penalty"": 0.0, ""entry_quality_score"": 0.0, ""explosion_entry_score"": 0.0, ""explosion_exit_score"": 0.0, ""explosion_net_score"": 0.0, ""h1_oversold_value_score"": 0.0, ""h6_dynamic_leader_score"": 0.0, ""portfolio_hold_policy_exit_risk"": 0.0, ""portfolio_monster_early_score"": 0.4743954724604484, ""portfolio_risk_entry_block_score"": 0.0, ""relative_strength_composite"": 0.0, ""rs_acceleration_score"": 0.0, ""selection_confirmation_score"": 0.0, ""stage2_overext_penalty"": 0.0, ""theme_phase_multiplier_max"": 0.0, ""theme_phase_multiplier_primary"": 0.0}",balanced,0,2026-05-07-style-regime-router,VISA INC CLASS A,Financials,0.675263192663292,preferred_final_label,-0.0044166431981645,-0.0044166431981645,-0.0009512659664413,hold,hold,-0.08,True,score_power,rebalance,1,2020-06-30,0.4743954724604484,0.0,neutral,4,concentrated_alpha,concentrated_champion
2020-05-29,NOW,0.1853548068659779,6.119419416865615,concentrated_alpha,concentrated_alpha,preferred_final_label,0.0527709357836847,0.0097813466103218,4,"{""breakout_setup_quality_score"": 0.0, ""broken_momentum_penalty"": 0.0, ""entry_quality_score"": 0.0, ""explosion_entry_score"": 0.0, ""explosion_exit_score"": 0.0, ""explosion_net_score"": 0.0, ""h1_oversold_value_score"": 0.0, ""h6_dynamic_leader_score"": 0.0, ""portfolio_hold_policy_exit_risk"": 0.0, ""portfolio_monster_early_score"": 0.6050084348548356, ""portfolio_risk_entry_block_score"": 0.2416666666666667, ""relative_strength_composite"": 0.0, ""rs_acceleration_score"": 0.0, ""selection_confirmation_score"": 0.0, ""stage2_overext_penalty"": 0.0, ""theme_phase_multiplier_max"": 0.0, ""theme_phase_multiplier_primary"": 0.0}",balanced,0,2026-05-07-style-regime-router,SERVICENOW INC,Information Technology,0.6557730379417769,preferred_final_label,0.0527709357836847,0.0527709357836847,0.0097813466103218,hold,hold,-0.08,True,score_power,rebalance,1,2020-06-30,0.6050084348548356,0.2416666666666667,promote_monster_early,4,concentrated_alpha,concentrated_champion
2020-06-30,NVDA,0.4768235589064579,4.468647172742571,concentrated_alpha,concentrated_alpha,preferred_final_label,0.1272747086140158,0.0606875795201174,4,"{""breakout_setup_quality_score"": 0.0, ""broken_momentum_penalty"": 0.0, ""entry_quality_score"": 0.0, ""explosion_entry_score"": 0.0, ""explosion_exit_score"": 0.0, ""explosion_net_score"": 0.0, ""h1_oversold_value_score"": 0.0, ""h6_dynamic_leader_score"": 0.0, ""portfolio_hold_policy_exit_risk"": 0.0, ""portfolio_monster_early_score"": 0.5932960920510483, ""portfolio_risk_entry_block_score"": 0.2416666666666667, ""relative_strength_composite"": 0.0, ""rs_acceleration_score"": 0.0, ""selection_confirmation_score"": 0.0, ""stage2_overext_penalty"": 0.0, ""theme_phase_multiplier_max"": 0.0, ""theme_phase_multiplier_primary"": 0.0}",balanced,0,2026-05-07-style-regime-router,NVIDIA CORP,Information Technology,0.7734949569845604,preferred_final_label,0.1272747086140158,0.1272747086140158,0.0606875795201174,hold,hold,-0.08,True,score_power,rebalance,1,2020-07-31,0.5932960920510483,0.2416666666666667,promote_monster_early,4,concentrated_alpha,concentrated_champion
2020-06-30,NOW,0.2937089344047529,6.054507957123423,concentrated_alpha,concentrated_alpha,monster_extreme_early,0.0945780161521918,0.0277784083421757,4,"{""breakout_setup_quality_score"": 0.0, ""broken_momentum_penalty"": 0.0, ""entry_quality_score"": 0.0, ""explosion_entry_score"": 0.0, ""explosion_exit_score"": 0.0, ""explosion_net_score"": 0.0, ""h1_oversold_value_score"": 0.0, ""h6_dynamic_leader_score"": 0.0, ""portfolio_hold_policy_exit_risk"": 0.0, ""portfolio_monster_early_score"": 0.6345482652335126, ""portfolio_risk_entry_block_score"": 0.2416666666666667, ""relative_strength_composite"": 0.0, ""rs_acceleration_score"": 0.0, ""selection_confirmation_score"": 0.0, ""stage2_overext_penalty"": 0.0, ""theme_phase_multiplier_max"": 0.0, ""theme_phase_multiplier_primary"": 0.0}",balanced,0,2026-05-07-style-regime-router,SERVICENOW INC,Information Technology,0.6592055514552475,monster_extreme_early,0.0945780161521918,0.0945780161521918,0.0277784083421757,hold,hold,-0.08,True,score_power,rebalance,1,2020-07-31,0.6345482652335126,0.2416666666666667,promote_monster_early,4,concentrated_alpha,concentrated_champion
2020-06-30,ETSY,0.1238443654350471,2.595661984999733,concentrated_alpha,concentrated_alpha,monster_extreme_early,0.1469194312796209,0.0181951437369026,4,"{""breakout_setup_quality_score"": 0.0, ""broken_momentum_penalty"": 0.0, ""entry_quality_score"": 0.0, ""explosion_entry_score"": 0.0, ""explosion_exit_score"": 0.0, ""explosion_net_score"": 0.0, ""h1_oversold_value_score"": 0.0, ""h6_dynamic_leader_score"": 0.0, ""portfolio_hold_policy_exit_risk"": 0.0, ""portfolio_monster_early_score"": 0.6252940572634043, ""portfolio_risk_entry_block_score"": 0.325, ""relative_strength_composite"": 0.0, ""rs_acceleration_score"": 0.0, ""selection_confirmation_score"": 0.0, ""stage2_overext_penalty"": 0.0, ""theme_phase_multiplier_max"": 0.0, ""theme_phase_multiplier_primary"": 0.0}",balanced,0,2026-05-07-style-regime-router,ETSY INC,Consumer Discretionary,0.5130243287047235,monster_extreme_early,0.1469194312796209,0.1469194312796209,0.0181951437369026,hold,hold,-0.08,True,score_power,rebalance,1,2020-07-31,0.6252940572634043,0.325,promote_monster_early,4,concentrated_alpha,concentrated_champion
2020-06-30,MELI,0.1056231412537419,2.474091020773664,concentrated_alpha,concentrated_alpha,monster_extreme_early,0.1421218174968275,0.0150113528047059,4,"{""breakout_setup_quality_score"": 0.0, ""broken_momentum_penalty"": 0.0, ""entry_quality_score"": 0.0, ""explosion_entry_score"": 0.0, ""explosion_exit_score"": 0.0, ""explosion_net_score"": 0.0, ""h1_oversold_value_score"": 0.0, ""h6_dynamic_leader_score"": 0.0, ""portfolio_hold_policy_exit_risk"": 0.0, ""portfolio_monster_early_score"": 0.6322297752655622, ""portfolio_risk_entry_block_score"": 0.1083333333333333, ""relative_strength_composite"": 0.0, ""rs_acceleration_score"": 0.0, ""selection_confirmation_score"": 0.0, ""stage2_overext_penalty"": 0.0, ""theme_phase_multiplier_max"": 0.0, ""theme_phase_multiplier_primary"": 0.0}",balanced,0,2026-05-07-style-regime-router,MercadoLibre,Internet,0.4923178840209555,monster_extreme_early,0.1421218174968275,0.1421218174968275,0.0150113528047059,hold,hold,-0.08,True,score_power,rebalance,1,2020-07-31,0.6322297752655622,0.1083333333333333,promote_monster_early,4,concentrated_alpha,concentrated_champion
2020-07-31,NVDA,0.3804828720401274,3.8518371048402806,concentrated_alpha,concentrated_alpha,preferred_final_label,0.2563739805702008,0.0975459084437098,4,"{""breakout_setup_quality_score"": 0.0, ""broken_momentum_penalty"": 0.0, ""entry_quality_score"": 0.0, ""explosion_entry_score"": 0.0, ""explosion_exit_score"": 0.0, ""explosion_net_score"": 0.0, ""h1_oversold_value_score"": 0.0, ""h6_dynamic_leader_score"": 0.0, ""portfolio_hold_policy_exit_risk"": 0.0, ""portfolio_monster_early_score"": 0.5840855419374232, ""portfolio_risk_entry_block_score"": 0.2416666666666667, ""relative_strength_composite"": 0.0, ""rs_acceleration_score"": 0.0, ""selection_confirmation_score"": 0.0, ""stage2_overext_penalty"": 0.0, ""theme_phase_multiplier_max"": 0.0, ""theme_phase_multiplier_primary"": 0.0}",balanced,0,2026-05-07-style-regime-router,NVIDIA CORP,Information Technology,0.7156383764160978,preferred_final_label,0.2563739805702008,0.2563739805702008,0.0975459084437098,hold,hold,-0.08,True,score_power,rebalance,1,2020-08-31,0.5840855419374232,0.2416666666666667,promote_monster_early,4,concentrated_alpha,concentrated_champion
2020-07-31,MA,0.2470513081400028,3.951225345858357,concentrated_alpha,concentrated_alpha,preferred_final_label,0.1501929436220452,0.0371053631952239,4,"{""breakout_setup_quality_score"": 0.0, ""broken_momentum_penalty"": 0.0, ""entry_quality_score"": 0.0, ""explosion_entry_score"": 0.0, ""explosion_exit_score"": 0.0, ""explosion_net_score"": 0.0, ""h1_oversold_value_score"": 0.0, ""h6_dynamic_leader_score"": 0.0, ""portfolio_hold_policy_exit_risk"": 0.0, ""portfolio_monster_early_score"": 0.4001346652973009, ""portfolio_risk_entry_block_score"": 0.1604166666666666, ""relative_strength_composite"": 0.0, ""rs_acceleration_score"": 0.0, ""selection_confirmation_score"": 0.0, ""stage2_overext_penalty"": 0.0, ""theme_phase_multiplier_max"": 0.0, ""theme_phase_multiplier_primary"": 0.0}",balanced,0,2026-05-07-style-regime-router,MASTERCARD INC CLASS A,Financials,0.6446751427185321,preferred_final_label,0.1501929436220452,0.1501929436220452,0.0371053631952239,hold,hold,-0.08,True,score_power,rebalance,1,2020-08-31,0.4001346652973009,0.1604166666666666,neutral,4,concentrated_alpha,concentrated_champion
2020-07-31,MNST,0.1943686275738306,2.944433205425025,concentrated_alpha,concentrated_alpha,preferred_final_label,0.0646841552925445,0.0125725704899844,4,"{""breakout_setup_quality_score"": 0.0, ""broken_momentum_penalty"": 0.0, ""entry_quality_score"": 0.0, ""explosion_entry_score"": 0.0, ""explosion_exit_score"": 0.0, ""explosion_net_score"": 0.0, ""h1_oversold_value_score"": 0.0, ""h6_dynamic_leader_score"": 0.0, ""portfolio_hold_policy_exit_risk"": 0.0, ""portfolio_monster_early_score"": 0.5041800792056841, ""portfolio_risk_entry_block_score"": 0.0, ""relative_strength_composite"": 0.0, ""rs_acceleration_score"": 0.0, ""selection_confirmation_score"": 0.0, ""stage2_overext_penalty"": 0.0, ""theme_phase_multiplier_max"": 0.0, ""theme_phase_multiplier_primary"": 0.0}",balanced,0,2026-05-07-style-regime-router,MONSTER BEVERAGE CORP,Consumer Staples,0.6114003168296613,preferred_final_label,0.0646841552925445,0.0646841552925445,0.0125725704899844,hold,hold,-0.08,True,score_power,rebalance,1,2020-08-31,0.5041800792056841,0.0,neutral,4,concentrated_alpha,concentrated_champion
2020-07-31,CTAS,0.178097192246039,1.6026714765644865,concentrated_alpha,concentrated_alpha,preferred_final_label,0.1017167399507512,0.0181154657896493,4,"{""breakout_setup_quality_score"": 0.0, ""broken_momentum_penalty"": 0.0, ""entry_quality_score"": 0.0, ""explosion_entry_score"": 0.0, ""explosion_exit_score"": 0.0, ""explosion_net_score"": 0.0, ""h1_oversold_value_score"": 0.0, ""h6_dynamic_leader_score"": 0.0, ""portfolio_hold_policy_exit_risk"": 0.0, ""portfolio_monster_early_score"": 0.4798474858657984, ""portfolio_risk_entry_block_score"": 0.0135416666666666, ""relative_strength_composite"": 0.0, ""rs_acceleration_score"": 0.0, ""selection_confirmation_score"": 0.0, ""stage2_overext_penalty"": 0.0, ""theme_phase_multiplier_max"": 0.0, ""theme_phase_multiplier_primary"": 0.0}",balanced,0,2026-05-07-style-regime-router,CINTAS CORP,Industrials,0.6002295547046789,preferred_final_label,0.1017167399507512,0.1017167399507512,0.0181154657896493,hold,hold,-0.08,True,score_power,rebalance,1,2020-08-31,0.4798474858657984,0.0135416666666666,neutral,4,concentrated_alpha,concentrated_champion
2020-08-31,MA,0.4135364985321707,4.283312414702969,concentrated_alpha,concentrated_alpha,preferred_final_label,-0.0432473921414765,-0.0178843751168339,4,"{""breakout_setup_quality_score"": 0.0, ""broken_momentum_penalty"": 0.0, ""entry_quality_score"": 0.0, ""explosion_entry_score"": 0.0, ""explosion_exit_score"": 0.0, ""explosion_net_score"": 0.0, ""h1_oversold_value_score"": 0.0, ""h6_dynamic_leader_score"": 0.0, ""portfolio_hold_policy_exit_risk"": 0.0, ""portfolio_monster_early_score"": 0.4645484067590285, ""portfolio_risk_entry_block_score"": 0.0135416666666666, ""relative_strength_composite"": 0.0, ""rs_acceleration_score"": 0.0, ""selection_confirmation_score"": 0.0, ""stage2_overext_penalty"": 0.0, ""theme_phase_multiplier_max"": 0.0, ""theme_phase_multiplier_primary"": 0.0}",balanced,0,2026-05-07-style-regime-router,MASTERCARD INC CLASS A,Financials,0.7267597901885915,preferred_final_label,-0.0432473921414765,-0.0432473921414765,-0.0178843751168339,hold,hold,-0.08,True,score_power,rebalance,1,2020-09-30,0.4645484067590285,0.0135416666666666,neutral,4,concentrated_alpha,concentrated_champion
2020-08-31,META,0.2886335273682364,5.056430629675675,concentrated_alpha,concentrated_alpha,monster_extreme_early,-0.08,-0.0230906821894589,4,"{""breakout_setup_quality_score"": 0.0, ""broken_momentum_penalty"": 0.0, ""entry_quality_score"": 0.0, ""explosion_entry_score"": 0.0, ""explosion_exit_score"": 0.0, ""explosion_net_score"": 0.0, ""h1_oversold_value_score"": 0.0, ""h6_dynamic_leader_score"": 0.0, ""portfolio_hold_policy_exit_risk"": 0.0, ""portfolio_monster_early_score"": 0.6371670731054206, ""portfolio_risk_entry_block_score"": 0.1083333333333333, ""relative_strength_composite"": 0.0, ""rs_acceleration_score"": 0.0, ""selection_confirmation_score"": 0.0, ""stage2_overext_penalty"": 0.0, ""theme_phase_multiplier_max"": 0.0, ""theme_phase_multiplier_primary"": 0.0}",balanced,0,2026-05-07-style-regime-router,META PLATFORMS INC CLASS A,Communication,0.6558892805616459,monster_extreme_early,-0.0996232728397672,-0.08,-0.0287546166477102,risk_exit,hard_stop,-0.08,True,score_power,rebalance,1,2020-09-30,0.6371670731054206,0.1083333333333333,promote_monster_early,4,concentrated_alpha,concentrated_champion
2020-08-31,SE,0.1584824933805715,3.464309341640652,concentrated_alpha,concentrated_alpha,monster_extreme_early,0.0019145057919618,0.0003034156515016,4,"{""breakout_setup_quality_score"": 0.0, ""broken_momentum_penalty"": 0.0, ""entry_quality_score"": 0.0, ""explosion_entry_score"": 0.0, ""explosion_exit_score"": 0.0, ""explosion_net_score"": 0.0, ""h1_oversold_value_score"": 0.0, ""h6_dynamic_leader_score"": 0.0, ""portfolio_hold_policy_exit_risk"": 0.0, ""portfolio_monster_early_score"": 0.6355673443102373, ""portfolio_risk_entry_block_score"": 0.2416666666666667, ""relative_strength_composite"": 0.0, ""rs_acceleration_score"": 0.0, ""selection_confirmation_score"": 0.0, ""stage2_overext_penalty"": 0.0, ""theme_phase_multiplier_max"": 0.0, ""theme_phase_multiplier_primary"": 0.0}",balanced,0,2026-05-07-style-regime-router,Sea Limited,Internet,0.5626999236079733,monster_extreme_early,0.0019145057919618,0.0019145057919618,0.0003034156515016,hold,hold,-0.08,True,score_power,rebalance,1,2020-09-30,0.6355673443102373,0.2416666666666667,promote_monster_early,4,concentrated_alpha,concentrated_champion
2020-08-31,JD,0.1393474807190214,3.792819642428749,concentrated_alpha,concentrated_alpha,monster_extreme_early,-0.0093091749897498,-0.0012972100823941,4,"{""breakout_setup_quality_score"": 0.0, ""broken_momentum_penalty"": 0.0, ""entry_quality_score"": 0.0, ""explosion_entry_score"": 0.0, ""explosion_exit_score"": 0.0, ""explosion_net_score"": 0.0, ""h1_oversold_value_score"": 0.0, ""h6_dynamic_leader_score"": 0.0, ""portfolio_hold_policy_exit_risk"": 0.0, ""portfolio_monster_early_score"": 0.6276671407021663, ""portfolio_risk_entry_block_score"": 0.2416666666666667, ""relative_strength_composite"": 0.0, ""rs_acceleration_score"": 0.0, ""selection_confirmation_score"": 0.0, ""stage2_overext_penalty"": 0.0, ""theme_phase_multiplier_max"": 0.0, ""theme_phase_multiplier_primary"": 0.0}",balanced,0,2026-05-07-style-regime-router,JD.com,Internet,0.5460870624295625,monster_extreme_early,-0.0093091749897498,-0.0093091749897498,-0.0012972100823941,hold,hold,-0.08,True,score_power,rebalance,1,2020-09-30,0.6276671407021663,0.2416666666666667,promote_monster_early,4,concentrated_alpha,concentrated_champion
2020-09-30,BIO,0.3656861088149817,3.2443539976010776,concentrated_alpha,concentrated_alpha,preferred_final_label,0.1460159040083777,0.0533959877619255,4,"{""breakout_setup_quality_score"": 0.0, ""broken_momentum_penalty"": 0.0, ""entry_quality_score"": 0.0, ""explosion_entry_score"": 0.0, ""explosion_exit_score"": 0.0, ""explosion_net_score"": 0.0, ""h1_oversold_value_score"": 0.0, ""h6_dynamic_leader_score"": 0.0, ""portfolio_hold_policy_exit_risk"": 0.0, ""portfolio_monster_early_score"": 0.5339150396090245, ""portfolio_risk_entry_block_score"": 0.1333333333333333, ""relative_strength_composite"": 0.0, ""rs_acceleration_score"": 0.0, ""selection_confirmation_score"": 0.0, ""stage2_overext_penalty"": 0.0, ""theme_phase_multiplier_max"": 0.0, ""theme_phase_multiplier_primary"": 0.0}",balanced,0,2026-05-07-style-regime-router,BIO RAD LABORATORIES INC CLASS A,Health Care,0.7245842021802213,preferred_final_label,0.1460159040083777,0.1460159040083777,0.0533959877619255,hold,hold,-0.08,True,score_power,rebalance,1,2020-10-30,0.5339150396090245,0.1333333333333333,neutral,4,concentrated_alpha,concentrated_champion
2020-09-30,CPRT,0.2461488381615977,2.303082622347452,concentrated_alpha,concentrated_alpha,preferred_final_label,0.0538707968003679,0.0132602340432501,4,"{""breakout_setup_quality_score"": 0.0, ""broken_momentum_penalty"": 0.0, ""entry_quality_score"": 0.0, ""explosion_entry_score"": 0.0, ""explosion_exit_score"": 0.0, ""explosion_net_score"": 0.0, ""h1_oversold_value_score"": 0.0, ""h6_dynamic_leader_score"": 0.0, ""portfolio_hold_policy_exit_risk"": 0.0, ""portfolio_monster_early_score"": 0.49674579159148, ""portfolio_risk_entry_block_score"": 0.0135416666666666, ""relative_strength_composite"": 0.0, ""rs_acceleration_score"": 0.0, ""selection_confirmation_score"": 0.0, ""stage2_overext_penalty"": 0.0, ""theme_phase_multiplier_max"": 0.0, ""theme_phase_multiplier_primary"": 0.0}",balanced,0,2026-05-07-style-regime-router,COPART INC,Industrials,0.6606651219022255,preferred_final_label,0.0538707968003679,0.0538707968003679,0.0132602340432501,hold,hold,-0.08,True,score_power,rebalance,1,2020-10-30,0.49674579159148,0.0135416666666666,neutral,4,concentrated_alpha,concentrated_champion
2020-09-30,DDOG,0.2077941828433728,2.389263471746109,concentrated_alpha,concentrated_alpha,preferred_final_label,-0.08,-0.0166235346274698,4,"{""breakout_setup_quality_score"": 0.0, ""broken_momentum_penalty"": 0.0, ""entry_quality_score"": 0.0, ""explosion_entry_score"": 0.0, ""explosion_exit_score"": 0.0, ""explosion_net_score"": 0.0, ""h1_oversold_value_score"": 0.0, ""h6_dynamic_leader_score"": 0.0, ""portfolio_hold_policy_exit_risk"": 0.0, ""portfolio_monster_early_score"": 0.5981437018503625, ""portfolio_risk_entry_block_score"": 0.2416666666666667, ""relative_strength_composite"": 0.0, ""rs_acceleration_score"": 0.0, ""selection_confirmation_score"": 0.0, ""stage2_overext_penalty"": 0.0, ""theme_phase_multiplier_max"": 0.0, ""theme_phase_multiplier_primary"": 0.0}",balanced,0,2026-05-07-style-regime-router,DATADOG INC CLASS A,Information Technology,0.6369487738787316,preferred_final_label,-0.0951395198348085,-0.08,-0.0197694387801848,risk_exit,hard_stop,-0.08,True,score_power,rebalance,1,2020-10-30,0.5981437018503625,0.2416666666666667,promote_monster_early,4,concentrated_alpha,concentrated_champion
2020-09-30,NOW,0.1803708701800477,5.132758155154107,concentrated_alpha,concentrated_alpha,preferred_final_label,0.0155420370592973,0.002803330748756,4,"{""breakout_setup_quality_score"": 0.0, ""broken_momentum_penalty"": 0.0, ""entry_quality_score"": 0.0, ""explosion_entry_score"": 0.0, ""explosion_exit_score"": 0.0, ""explosion_net_score"": 0.0, ""h1_oversold_value_score"": 0.0, ""h6_dynamic_leader_score"": 0.0, ""portfolio_hold_policy_exit_risk"": 0.0, ""portfolio_monster_early_score"": 0.5580586556315894, ""portfolio_risk_entry_block_score"": 0.2416666666666667, ""relative_strength_composite"": 0.0, ""rs_acceleration_score"": 0.0, ""selection_confirmation_score"": 0.0, ""stage2_overext_penalty"": 0.0, ""theme_phase_multiplier_max"": 0.0, ""theme_phase_multiplier_primary"": 0.0}",balanced,0,2026-05-07-style-regime-router,SERVICENOW INC,Information Technology,0.6186161353409154,preferred_final_label,0.0155420370592973,0.0155420370592973,0.002803330748756,hold,hold,-0.08,True,score_power,rebalance,1,2020-10-30,0.5580586556315894,0.2416666666666667,neutral,4,concentrated_alpha,concentrated_champion
2020-10-30,CPRT,0.2785803136003262,2.5185633598382817,concentrated_alpha,concentrated_alpha,preferred_final_label,0.0366398428794738,0.0102071389196305,4,"{""breakout_setup_quality_score"": 0.0, ""broken_momentum_penalty"": 0.0, ""entry_quality_score"": 0.0, ""explosion_entry_score"": 0.0, ""explosion_exit_score"": 0.0, ""explosion_net_score"": 0.0, ""h1_oversold_value_score"": 0.0, ""h6_dynamic_leader_score"": 0.0, ""portfolio_hold_policy_exit_risk"": 0.0, ""portfolio_monster_early_score"": 0.5109881669709969, ""portfolio_risk_entry_block_score"": 0.0, ""relative_strength_composite"": 0.0, ""rs_acceleration_score"": 0.0, ""selection_confirmation_score"": 0.0, ""stage2_overext_penalty"": 0.0, ""theme_phase_multiplier_max"": 0.0, ""theme_phase_multiplier_primary"": 0.0}",risk_off_alert,0,2026-05-07-style-regime-router,COPART INC,Industrials,0.6963903923277404,preferred_final_label,0.0366398428794738,0.0366398428794738,0.0102071389196305,hold,hold,-0.08,True,score_power,rebalance,1,2020-11-30,0.5109881669709969,0.0,neutral,4,concentrated_alpha,concentrated_champion
2020-10-30,GOOG,0.2545356572590805,5.755946018578376,concentrated_alpha,concentrated_alpha,preferred_final_label,0.0898006439540894,0.0228574659311428,4,"{""breakout_setup_quality_score"": 0.0, ""broken_momentum_penalty"": 0.0, ""entry_quality_score"": 0.0, ""explosion_entry_score"": 0.0, ""explosion_exit_score"": 0.0, ""explosion_net_score"": 0.0, ""h1_oversold_value_score"": 0.0, ""h6_dynamic_leader_score"": 0.0, ""portfolio_hold_policy_exit_risk"": 0.0, ""portfolio_monster_early_score"": 0.5972941803036422, ""portfolio_risk_entry_block_score"": 0.0, ""relative_strength_composite"": 0.0, ""rs_acceleration_score"": 0.0, ""selection_confirmation_score"": 0.0, ""stage2_overext_penalty"": 0.0, ""theme_phase_multiplier_max"": 0.0, ""theme_phase_multiplier_primary"": 0.0}",risk_off_alert,0,2026-05-07-style-regime-router,ALPHABET INC CLASS C,Communication,0.6840661916468751,preferred_final_label,0.0898006439540894,0.0898006439540894,0.0228574659311428,hold,hold,-0.08,True,score_power,rebalance,1,2020-11-30,0.5972941803036422,0.0,promote_monster_early,4,concentrated_alpha,concentrated_champion
2020-10-30,CBRE,0.2436455869416462,2.8569636733996147,concentrated_alpha,concentrated_alpha,preferred_final_label,0.2164443248068062,0.0527357045577426,4,"{""breakout_setup_quality_score"": 0.0, ""broken_momentum_penalty"": 0.0, ""entry_quality_score"": 0.0, ""explosion_entry_score"": 0.0, ""explosion_exit_score"": 0.0, ""explosion_net_score"": 0.0, ""h1_oversold_value_score"": 0.0, ""h6_dynamic_leader_score"": 0.0, ""portfolio_hold_policy_exit_risk"": 0.0, ""portfolio_monster_early_score"": 0.4106576438057447, ""portfolio_risk_entry_block_score"": 0.2302083333333333, ""relative_strength_composite"": 0.0, ""rs_acceleration_score"": 0.0, ""selection_confirmation_score"": 0.0, ""stage2_overext_penalty"": 0.0, ""theme_phase_multiplier_max"": 0.0, ""theme_phase_multiplier_primary"": 0.0}",risk_off_alert,0,2026-05-07-style-regime-router,CBRE GROUP INC CLASS A,Real Estate,0.6782931663299412,preferred_final_label,0.2164443248068062,0.2164443248068062,0.0527357045577426,hold,hold,-0.08,True,score_power,rebalance,1,2020-11-30,0.4106576438057447,0.2302083333333333,neutral,4,concentrated_alpha,concentrated_champion
2020-10-30,XPO,0.223238442198947,2.278379620783125,concentrated_alpha,concentrated_alpha,preferred_final_label,0.1984444805568035,0.04430043670248,4,"{""breakout_setup_quality_score"": 0.0, ""broken_momentum_penalty"": 0.0, ""entry_quality_score"": 0.0, ""explosion_entry_score"": 0.0, ""explosion_exit_score"": 0.0, ""explosion_net_score"": 0.0, ""h1_oversold_value_score"": 0.0, ""h6_dynamic_leader_score"": 0.0, ""portfolio_hold_policy_exit_risk"": 0.0, ""portfolio_monster_early_score"": 0.5000235879044004, ""portfolio_risk_entry_block_score"": 0.2166666666666666, ""relative_strength_composite"": 0.0, ""rs_acceleration_score"": 0.0, ""selection_confirmation_score"": 0.0, ""stage2_overext_penalty"": 0.0, ""theme_phase_multiplier_max"": 0.0, ""theme_phase_multiplier_primary"": 0.0}",risk_off_alert,0,2026-05-07-style-regime-router,XPO INC,Industrials,0.6671162488588033,preferred_final_label,0.1984444805568035,0.1984444805568035,0.04430043670248,hold,hold,-0.08,True,score_power,rebalance,1,2020-11-30,0.5000235879044004,0.2166666666666666,neutral,4,concentrated_alpha,concentrated_champion
2020-11-30,LRCX,0.3580295838872925,3.0383664371492447,concentrated_alpha,concentrated_alpha,preferred_final_label,0.0419838181861256,0.0150314489551783,4,"{""breakout_setup_quality_score"": 0.0, ""broken_momentum_penalty"": 0.0, ""entry_quality_score"": 0.0, ""explosion_entry_score"": 0.0, ""explosion_exit_score"": 0.0, ""explosion_net_score"": 0.0, ""h1_oversold_value_score"": 0.0, ""h6_dynamic_leader_score"": 0.0, ""portfolio_hold_policy_exit_risk"": 0.0, ""portfolio_monster_early_score"": 0.5942845870329125, ""portfolio_risk_entry_block_score"": 0.2416666666666667, ""relative_strength_composite"": 0.0, ""rs_acceleration_score"": 0.0, ""selection_confirmation_score"": 0.0, ""stage2_overext_penalty"": 0.0, ""theme_phase_multiplier_max"": 0.0, ""theme_phase_multiplier_primary"": 0.0}",growth_reentry_alert,0,2026-05-07-style-regime-router,LAM RESEARCH CORP,Information Technology,0.7024796434328586,preferred_final_label,0.0419838181861256,0.0419838181861256,0.0150314489551783,hold,hold,-0.08,True,score_power,rebalance,1,2020-12-31,0.5942845870329125,0.2416666666666667,promote_monster_early,4,concentrated_alpha,concentrated_champion
2020-11-30,CPRT,0.2871271131794046,2.896402703458234,concentrated_alpha,concentrated_alpha,preferred_final_label,0.1021551592596645,0.0293315159746098,4,"{""breakout_setup_quality_score"": 0.0, ""broken_momentum_penalty"": 0.0, ""entry_quality_score"": 0.0, ""explosion_entry_score"": 0.0, ""explosion_exit_score"": 0.0, ""explosion_net_score"": 0.0, ""h1_oversold_value_score"": 0.0, ""h6_dynamic_leader_score"": 0.0, ""portfolio_hold_policy_exit_risk"": 0.0, ""portfolio_monster_early_score"": 0.4768841922846428, ""portfolio_risk_entry_block_score"": 0.1333333333333333, ""relative_strength_composite"": 0.0, ""rs_acceleration_score"": 0.0, ""selection_confirmation_score"": 0.0, ""stage2_overext_penalty"": 0.0, ""theme_phase_multiplier_max"": 0.0, ""theme_phase_multiplier_primary"": 0.0}",growth_reentry_alert,0,2026-05-07-style-regime-router,COPART INC,Industrials,0.6635225391019473,preferred_final_label,0.1021551592596645,0.1021551592596645,0.0293315159746098,hold,hold,-0.08,True,score_power,rebalance,1,2020-12-31,0.4768841922846428,0.1333333333333333,neutral,4,concentrated_alpha,concentrated_champion
2020-11-30,GOOG,0.1939079203542455,6.277298008744263,concentrated_alpha,concentrated_alpha,preferred_final_label,-0.0094848877510813,-0.0018391948586056,4,"{""breakout_setup_quality_score"": 0.0, ""broken_momentum_penalty"": 0.0, ""entry_quality_score"": 0.0, ""explosion_entry_score"": 0.0, ""explosion_exit_score"": 0.0, ""explosion_net_score"": 0.0, ""h1_oversold_value_score"": 0.0, ""h6_dynamic_leader_score"": 0.0, ""portfolio_hold_policy_exit_risk"": 0.0, ""portfolio_monster_early_score"": 0.6099159743343409, ""portfolio_risk_entry_block_score"": 0.1333333333333333, ""relative_strength_composite"": 0.0, ""rs_acceleration_score"": 0.0, ""selection_confirmation_score"": 0.0, ""stage2_overext_penalty"": 0.0, ""theme_phase_multiplier_max"": 0.0, ""theme_phase_multiplier_primary"": 0.0}",growth_reentry_alert,0,2026-05-07-style-regime-router,ALPHABET INC CLASS C,Communication,0.6040133210690775,preferred_final_label,-0.0094848877510813,-0.0094848877510813,-0.0018391948586056,hold,hold,-0.08,True,score_power,rebalance,1,2020-12-31,0.6099159743343409,0.1333333333333333,promote_monster_early,4,concentrated_alpha,concentrated_champion
2020-11-30,TECH,0.1609353825790574,1.37029133481079,concentrated_alpha,concentrated_alpha,preferred_final_label,0.0349719731841389,0.0056282278839339,4,"{""breakout_setup_quality_score"": 0.0, ""broken_momentum_penalty"": 0.0, ""entry_quality_score"": 0.0, ""explosion_entry_score"": 0.0, ""explosion_exit_score"": 0.0, ""explosion_net_score"": 0.0, ""h1_oversold_value_score"": 0.0, ""h6_dynamic_leader_score"": 0.0, ""portfolio_hold_policy_exit_risk"": 0.0, ""portfolio_monster_early_score"": 0.4985482701219504, ""portfolio_risk_entry_block_score"": 0.1333333333333333, ""relative_strength_composite"": 0.0, ""rs_acceleration_score"": 0.0, ""selection_confirmation_score"": 0.0, ""stage2_overext_penalty"": 0.0, ""theme_phase_multiplier_max"": 0.0, ""theme_phase_multiplier_primary"": 0.0}",growth_reentry_alert,0,2026-05-07-style-regime-router,BIO TECHNE CORP,Health Care,0.5795956876850298,preferred_final_label,0.0349719731841389,0.0349719731841389,0.0056282278839339,hold,hold,-0.08,True,score_power,rebalance,1,2020-12-31,0.4985482701219504,0.1333333333333333,neutral,4,concentrated_alpha,concentrated_champion
2020-12-31,LRCX,0.3348354397797959,3.819600232600417,concentrated_alpha,concentrated_alpha,preferred_final_label,0.0269790445114403,0.0090335402338268,4,"{""breakout_setup_quality_score"": 0.0, ""broken_momentum_penalty"": 0.0, ""entry_quality_score"": 0.0, ""explosion_entry_score"": 0.0, ""explosion_exit_score"": 0.0, ""explosion_net_score"": 0.0, ""h1_oversold_value_score"": 0.0, ""h6_dynamic_leader_score"": 0.0, ""portfolio_hold_policy_exit_risk"": 0.0, ""portfolio_monster_early_score"": 0.5182366658855453, ""portfolio_risk_entry_block_score"": 0.2416666666666667, ""relative_strength_composite"": 0.0, ""rs_acceleration_score"": 0.0, ""selection_confirmation_score"": 0.0, ""stage2_overext_penalty"": 0.0, ""theme_phase_multiplier_max"": 0.0, ""theme_phase_multiplier_primary"": 0.0}",balanced,0,2026-05-07-style-regime-router,LAM RESEARCH CORP,Information Technology,0.7440902099704616,preferred_final_label,0.0269790445114403,0.0269790445114403,0.0090335402338268,hold,hold,-0.08,True,score_power,rebalance,1,2021-01-29,0.5182366658855453,0.2416666666666667,neutral,4,concentrated_alpha,concentrated_champion
2020-12-31,TWLO,0.2764349158370874,4.157409735383845,concentrated_alpha,concentrated_alpha,preferred_final_label,0.0737463126843658,0.0203860557401982,4,"{""breakout_setup_quality_score"": 0.0, ""broken_momentum_penalty"": 0.0, ""entry_quality_score"": 0.0, ""explosion_entry_score"": 0.0, ""explosion_exit_score"": 0.0, ""explosion_net_score"": 0.0, ""h1_oversold_value_score"": 0.0, ""h6_dynamic_leader_score"": 0.0, ""portfolio_hold_policy_exit_risk"": 0.0, ""portfolio_monster_early_score"": 0.4828160682639308, ""portfolio_risk_entry_block_score"": 0.2416666666666667, ""relative_strength_composite"": 0.0, ""rs_acceleration_score"": 0.0, ""selection_confirmation_score"": 0.0, ""stage2_overext_penalty"": 0.0, ""theme_phase_multiplier_max"": 0.0, ""theme_phase_multiplier_primary"": 0.0}",balanced,0,2026-05-07-style-regime-router,TWILIO INC CLASS A,Information Technology,0.7120616271410488,preferred_final_label,0.0737463126843658,0.0737463126843658,0.0203860557401982,hold,hold,-0.08,True,score_power,rebalance,1,2021-01-29,0.4828160682639308,0.2416666666666667,neutral,4,concentrated_alpha,concentrated_champion
2020-12-31,CPRT,0.2183690378140611,2.509070410433181,concentrated_alpha,concentrated_alpha,preferred_final_label,-0.08,-0.0174695230251248,4,"{""breakout_setup_quality_score"": 0.0, ""broken_momentum_penalty"": 0.0, ""entry_quality_score"": 0.0, ""explosion_entry_score"": 0.0, ""explosion_exit_score"": 0.0, ""explosion_net_score"": 0.0, ""h1_oversold_value_score"": 0.0, ""h6_dynamic_leader_score"": 0.0, ""portfolio_hold_policy_exit_risk"": 0.0, ""portfolio_monster_early_score"": 0.550042606898431, ""portfolio_risk_entry_block_score"": 0.2416666666666667, ""relative_strength_composite"": 0.0, ""rs_acceleration_score"": 0.0, ""selection_confirmation_score"": 0.0, ""stage2_overext_penalty"": 0.0, ""theme_phase_multiplier_max"": 0.0, ""theme_phase_multiplier_primary"": 0.0}",balanced,0,2026-05-07-style-regime-router,COPART INC,Industrials,0.6766458863233681,preferred_final_label,-0.1387563400508009,-0.08,-0.030300088467494,risk_exit,hard_stop,-0.08,True,score_power,rebalance,1,2021-01-29,0.550042606898431,0.2416666666666667,neutral,4,concentrated_alpha,concentrated_champion
2020-12-31,PANW,0.1703606065690556,3.243369905322189,concentrated_alpha,concentrated_alpha,preferred_final_label,-0.0013787783166242,-0.0002348895103443,4,"{""breakout_setup_quality_score"": 0.0, ""broken_momentum_penalty"": 0.0, ""entry_quality_score"": 0.0, ""explosion_entry_score"": 0.0, ""explosion_exit_score"": 0.0, ""explosion_net_score"": 0.0, ""h1_oversold_value_score"": 0.0, ""h6_dynamic_leader_score"": 0.0, ""portfolio_hold_policy_exit_risk"": 0.0, ""portfolio_monster_early_score"": 0.4813751984628276, ""portfolio_risk_entry_block_score"": 0.1083333333333333, ""relative_strength_composite"": 0.0, ""rs_acceleration_score"": 0.0, ""selection_confirmation_score"": 0.0, ""stage2_overext_penalty"": 0.0, ""theme_phase_multiplier_max"": 0.0, ""theme_phase_multiplier_primary"": 0.0}",balanced,0,2026-05-07-style-regime-router,PALO ALTO NETWORKS INC,Information Technology,0.6436038434875956,preferred_final_label,-0.0013787783166242,-0.0013787783166242,-0.0002348895103443,hold,hold,-0.08,True,score_power,rebalance,1,2021-01-29,0.4813751984628276,0.1083333333333333,neutral,4,concentrated_alpha,concentrated_champion
2021-01-29,NVDA,0.3195473911270881,4.479298548622644,concentrated_alpha,concentrated_alpha,preferred_final_label,0.0629536059382089,0.0201166605395974,4,"{""breakout_setup_quality_score"": 0.0, ""broken_momentum_penalty"": 0.0, ""entry_quality_score"": 0.0, ""explosion_entry_score"": 0.0, ""explosion_exit_score"": 0.0, ""explosion_net_score"": 0.0, ""h1_oversold_value_score"": 0.0, ""h6_dynamic_leader_score"": 0.0, ""portfolio_hold_policy_exit_risk"": 0.0, ""portfolio_monster_early_score"": 0.3482408313313428, ""portfolio_risk_entry_block_score"": 0.1604166666666666, ""relative_strength_composite"": 0.0, ""rs_acceleration_score"": 0.0, ""selection_confirmation_score"": 0.0, ""stage2_overext_penalty"": 0.0, ""theme_phase_multiplier_max"": 0.0, ""theme_phase_multiplier_primary"": 0.0}",risk_off_alert,0,2026-05-07-style-regime-router,NVIDIA CORP,Information Technology,0.6857410129090338,preferred_final_label,0.0629536059382089,0.0629536059382089,0.0201166605395974,hold,hold,-0.08,True,score_power,rebalance,1,2021-02-26,0.3482408313313428,0.1604166666666666,neutral,4,concentrated_alpha,concentrated_champion
2021-01-29,AMAT,0.2577620837998783,4.927583027102166,concentrated_alpha,concentrated_alpha,preferred_final_label,0.2232743045121246,0.0575516499900138,4,"{""breakout_setup_quality_score"": 0.0, ""broken_momentum_penalty"": 0.0, ""entry_quality_score"": 0.0, ""explosion_entry_score"": 0.0, ""explosion_exit_score"": 0.0, ""explosion_net_score"": 0.0, ""h1_oversold_value_score"": 0.0, ""h6_dynamic_leader_score"": 0.0, ""portfolio_hold_policy_exit_risk"": 0.0, ""portfolio_monster_early_score"": 0.5222014834829585, ""portfolio_risk_entry_block_score"": 0.1083333333333333, ""relative_strength_composite"": 0.0, ""rs_acceleration_score"": 0.0, ""selection_confirmation_score"": 0.0, ""stage2_overext_penalty"": 0.0, ""theme_phase_multiplier_max"": 0.0, ""theme_phase_multiplier_primary"": 0.0}",risk_off_alert,0,2026-05-07-style-regime-router,APPLIED MATERIAL INC,Information Technology,0.6515278274336214,preferred_final_label,0.2232743045121246,0.2232743045121246,0.0575516499900138,hold,hold,-0.08,True,score_power,rebalance,1,2021-02-26,0.5222014834829585,0.1083333333333333,neutral,4,concentrated_alpha,concentrated_champion
2021-01-29,GOOG,0.2456495872426489,5.899482680685772,concentrated_alpha,concentrated_alpha,preferred_final_label,0.1094912821067162,0.0268964882561832,4,"{""breakout_setup_quality_score"": 0.0, ""broken_momentum_penalty"": 0.0, ""entry_quality_score"": 0.0, ""explosion_entry_score"": 0.0, ""explosion_exit_score"": 0.0, ""explosion_net_score"": 0.0, ""h1_oversold_value_score"": 0.0, ""h6_dynamic_leader_score"": 0.0, ""portfolio_hold_policy_exit_risk"": 0.0, ""portfolio_monster_early_score"": 0.5900661945091978, ""portfolio_risk_entry_block_score"": 0.1333333333333333, ""relative_strength_composite"": 0.0, ""rs_acceleration_score"": 0.0, ""selection_confirmation_score"": 0.0, ""stage2_overext_penalty"": 0.0, ""theme_phase_multiplier_max"": 0.0, ""theme_phase_multiplier_primary"": 0.0}",risk_off_alert,0,2026-05-07-style-regime-router,ALPHABET INC CLASS C,Communication,0.644354979538549,preferred_final_label,0.1094912821067162,0.1094912821067162,0.0268964882561832,hold,hold,-0.08,True,score_power,rebalance,1,2021-02-26,0.5900661945091978,0.1333333333333333,promote_monster_early,4,concentrated_alpha,concentrated_champion
2021-01-29,TECH,0.1770409378303845,1.3943034704570525,concentrated_alpha,concentrated_alpha,preferred_final_label,0.1183680015356998,0.0209559820009886,4,"{""breakout_setup_quality_score"": 0.0, ""broken_momentum_penalty"": 0.0, ""entry_quality_score"": 0.0, ""explosion_entry_score"": 0.0, ""explosion_exit_score"": 0.0, ""explosion_net_score"": 0.0, ""h1_oversold_value_score"": 0.0, ""h6_dynamic_leader_score"": 0.0, ""portfolio_hold_policy_exit_risk"": 0.0, ""portfolio_monster_early_score"": 0.4829079070072729, ""portfolio_risk_entry_block_score"": 0.1333333333333333, ""relative_strength_composite"": 0.0, ""rs_acceleration_score"": 0.0, ""selection_confirmation_score"": 0.0, ""stage2_overext_penalty"": 0.0, ""theme_phase_multiplier_max"": 0.0, ""theme_phase_multiplier_primary"": 0.0}",risk_off_alert,0,2026-05-07-style-regime-router,BIO TECHNE CORP,Health Care,0.5998713363682096,preferred_final_label,0.1183680015356998,0.1183680015356998,0.0209559820009886,hold,hold,-0.08,True,score_power,rebalance,1,2021-02-26,0.4829079070072729,0.1333333333333333,neutral,4,concentrated_alpha,concentrated_champion
2021-02-26,LRCX,0.329917856630373,3.735745303993826,concentrated_alpha,concentrated_alpha,preferred_final_label,0.0627065454930049,0.0206880090857471,4,"{""breakout_setup_quality_score"": 0.0, ""broken_momentum_penalty"": 0.0, ""entry_quality_score"": 0.0, ""explosion_entry_score"": 0.0, ""explosion_exit_score"": 0.0, ""explosion_net_score"": 0.0, ""h1_oversold_value_score"": 0.0, ""h6_dynamic_leader_score"": 0.0, ""portfolio_hold_policy_exit_risk"": 0.0, ""portfolio_monster_early_score"": 0.5634003227381192, ""portfolio_risk_entry_block_score"": 0.2416666666666667, ""relative_strength_composite"": 0.0, ""rs_acceleration_score"": 0.0, ""selection_confirmation_score"": 0.0, ""stage2_overext_penalty"": 0.0, ""theme_phase_multiplier_max"": 0.0, ""theme_phase_multiplier_primary"": 0.0}",risk_off_alert,0,2026-05-07-style-regime-router,LAM RESEARCH CORP,Information Technology,0.6918881290643702,preferred_final_label,0.0627065454930049,0.0627065454930049,0.0206880090857471,hold,hold,-0.08,True,score_power,rebalance,1,2021-03-31,0.5634003227381192,0.2416666666666667,neutral,4,concentrated_alpha,concentrated_champion
2021-02-26,DXCM,0.2513570196810939,3.671557054306591,concentrated_alpha,concentrated_alpha,preferred_final_label,-0.08,-0.0201085615744875,4,"{""breakout_setup_quality_score"": 0.0, ""broken_momentum_penalty"": 0.0, ""entry_quality_score"": 0.0, ""explosion_entry_score"": 0.0, ""explosion_exit_score"": 0.0, ""explosion_net_score"": 0.0, ""h1_oversold_value_score"": 0.0, ""h6_dynamic_leader_score"": 0.0, ""portfolio_hold_policy_exit_risk"": 0.0, ""portfolio_monster_early_score"": 0.4195549132462994, ""portfolio_risk_entry_block_score"": 0.0270833333333333, ""relative_strength_composite"": 0.0, ""rs_acceleration_score"": 0.0, ""selection_confirmation_score"": 0.0, ""stage2_overext_penalty"": 0.0, ""theme_phase_multiplier_max"": 0.0, ""theme_phase_multiplier_primary"": 0.0}",risk_off_alert,0,2026-05-07-style-regime-router,DEXCOM INC,Health Care,0.6510389395860614,preferred_final_label,-0.0948800969367561,-0.08,-0.0238487783930763,risk_exit,hard_stop,-0.08,True,score_power,rebalance,1,2021-03-31,0.4195549132462994,0.0270833333333333,neutral,4,concentrated_alpha,concentrated_champion
2021-02-26,NVDA,0.2189641065206197,5.632234476721265,concentrated_alpha,concentrated_alpha,preferred_final_label,-0.021482060597518,-0.0047038002049573,4,"{""breakout_setup_quality_score"": 0.0, ""broken_momentum_penalty"": 0.0, ""entry_quality_score"": 0.0, ""explosion_entry_score"": 0.0, ""explosion_exit_score"": 0.0, ""explosion_net_score"": 0.0, ""h1_oversold_value_score"": 0.0, ""h6_dynamic_leader_score"": 0.0, ""portfolio_hold_policy_exit_risk"": 0.0, ""portfolio_monster_early_score"": 0.5369386486728699, ""portfolio_risk_entry_block_score"": 0.1333333333333333, ""relative_strength_composite"": 0.0, ""rs_acceleration_score"": 0.0, ""selection_confirmation_score"": 0.0, ""stage2_overext_penalty"": 0.0, ""theme_phase_multiplier_max"": 0.0, ""theme_phase_multiplier_primary"": 0.0}",risk_off_alert,0,2026-05-07-style-regime-router,NVIDIA CORP,Information Technology,0.6323458804604181,preferred_final_label,-0.021482060597518,-0.021482060597518,-0.0047038002049573,hold,hold,-0.08,True,score_power,rebalance,1,2021-03-31,0.5369386486728699,0.1333333333333333,neutral,4,concentrated_alpha,concentrated_champion
2021-02-26,SAM,0.1997610171679134,2.616988226056215,concentrated_alpha,concentrated_alpha,preferred_final_label,0.1689113532063659,0.0337419037277123,4,"{""breakout_setup_quality_score"": 0.0, ""broken_momentum_penalty"": 0.0, ""entry_quality_score"": 0.0, ""explosion_entry_score"": 0.0, ""explosion_exit_score"": 0.0, ""explosion_net_score"": 0.0, ""h1_oversold_value_score"": 0.0, ""h6_dynamic_leader_score"": 0.0, ""portfolio_hold_policy_exit_risk"": 0.0, ""portfolio_monster_early_score"": 0.4704509152130139, ""portfolio_risk_entry_block_score"": 0.1333333333333333, ""relative_strength_composite"": 0.0, ""rs_acceleration_score"": 0.0, ""selection_confirmation_score"": 0.0, ""stage2_overext_penalty"": 0.0, ""theme_phase_multiplier_max"": 0.0, ""theme_phase_multiplier_primary"": 0.0}",risk_off_alert,0,2026-05-07-style-regime-router,BOSTON BEER INC CLASS A,Consumer Staples,0.6206052748222619,preferred_final_label,0.1689113532063659,0.1689113532063659,0.0337419037277123,hold,hold,-0.08,True,score_power,rebalance,1,2021-03-31,0.4704509152130139,0.1333333333333333,neutral,4,concentrated_alpha,concentrated_champion
2021-03-31,LRCX,0.4085300677712495,4.230698628772945,concentrated_alpha,concentrated_alpha,preferred_final_label,0.0295141728446997,0.0120574270324575,4,"{""breakout_setup_quality_score"": 0.0, ""broken_momentum_penalty"": 0.0, ""entry_quality_score"": 0.0, ""explosion_entry_score"": 0.0, ""explosion_exit_score"": 0.0, ""explosion_net_score"": 0.0, ""h1_oversold_value_score"": 0.0, ""h6_dynamic_leader_score"": 0.0, ""portfolio_hold_policy_exit_risk"": 0.0, ""portfolio_monster_early_score"": 0.5578498867896572, ""portfolio_risk_entry_block_score"": 0.2416666666666667, ""relative_strength_composite"": 0.0, ""rs_acceleration_score"": 0.0, ""selection_confirmation_score"": 0.0, ""stage2_overext_penalty"": 0.0, ""theme_phase_multiplier_max"": 0.0, ""theme_phase_multiplier_primary"": 0.0}",growth_reentry_alert,0,2026-05-07-style-regime-router,LAM RESEARCH CORP,Information Technology,0.7407048931369875,preferred_final_label,0.0295141728446997,0.0295141728446997,0.0120574270324575,hold,hold,-0.08,True,score_power,rebalance,1,2021-04-30,0.5578498867896572,0.2416666666666667,neutral,4,concentrated_alpha,concentrated_champion
2021-03-31,GOOGL,0.212214162526964,5.161319394509501,concentrated_alpha,concentrated_alpha,preferred_final_label,0.1303190480586307,0.0276555476450734,4,"{""breakout_setup_quality_score"": 0.0, ""broken_momentum_penalty"": 0.0, ""entry_quality_score"": 0.0, ""explosion_entry_score"": 0.0, ""explosion_exit_score"": 0.0, ""explosion_net_score"": 0.0, ""h1_oversold_value_score"": 0.0, ""h6_dynamic_leader_score"": 0.0, ""portfolio_hold_policy_exit_risk"": 0.0, ""portfolio_monster_early_score"": 0.4935166259520754, ""portfolio_risk_entry_block_score"": 0.0, ""relative_strength_composite"": 0.0, ""rs_acceleration_score"": 0.0, ""selection_confirmation_score"": 0.0, ""stage2_overext_penalty"": 0.0, ""theme_phase_multiplier_max"": 0.0, ""theme_phase_multiplier_primary"": 0.0}",growth_reentry_alert,0,2026-05-07-style-regime-router,ALPHABET INC CLASS A,Communication,0.6321800176106201,preferred_final_label,0.1303190480586307,0.1303190480586307,0.0276555476450734,hold,hold,-0.08,True,score_power,rebalance,1,2021-04-30,0.4935166259520754,0.0,neutral,4,concentrated_alpha,concentrated_champion
2021-03-31,ORLY,0.2101802390279513,2.182971674061608,concentrated_alpha,concentrated_alpha,preferred_final_label,0.0892644126259813,0.0187616155824184,4,"{""breakout_setup_quality_score"": 0.0, ""broken_momentum_penalty"": 0.0, ""entry_quality_score"": 0.0, ""explosion_entry_score"": 0.0, ""explosion_exit_score"": 0.0, ""explosion_net_score"": 0.0, ""h1_oversold_value_score"": 0.0, ""h6_dynamic_leader_score"": 0.0, ""portfolio_hold_policy_exit_risk"": 0.0, ""portfolio_monster_early_score"": 0.541087396731345, ""portfolio_risk_entry_block_score"": 0.0, ""relative_strength_composite"": 0.0, ""rs_acceleration_score"": 0.0, ""selection_confirmation_score"": 0.0, ""stage2_overext_penalty"": 0.0, ""theme_phase_multiplier_max"": 0.0, ""theme_phase_multiplier_primary"": 0.0}",growth_reentry_alert,0,2026-05-07-style-regime-router,OREILLY AUTOMOTIVE INC,Consumer Discretionary,0.6308345866191999,preferred_final_label,0.0892644126259813,0.0892644126259813,0.0187616155824184,hold,hold,-0.08,True,score_power,rebalance,1,2021-04-30,0.541087396731345,0.0,neutral,4,concentrated_alpha,concentrated_champion
2021-03-31,AMAT,0.169075530673835,4.744345723288959,concentrated_alpha,concentrated_alpha,preferred_final_label,-0.0281599207089888,-0.0047611535376054,4,"{""breakout_setup_quality_score"": 0.0, ""broken_momentum_penalty"": 0.0, ""entry_quality_score"": 0.0, ""explosion_entry_score"": 0.0, ""explosion_exit_score"": 0.0, ""explosion_net_score"": 0.0, ""h1_oversold_value_score"": 0.0, ""h6_dynamic_leader_score"": 0.0, ""portfolio_hold_policy_exit_risk"": 0.0, ""portfolio_monster_early_score"": 0.5904192429838102, ""portfolio_risk_entry_block_score"": 0.1083333333333333, ""relative_strength_composite"": 0.0, ""rs_acceleration_score"": 0.0, ""selection_confirmation_score"": 0.0, ""stage2_overext_penalty"": 0.0, ""theme_phase_multiplier_max"": 0.0, ""theme_phase_multiplier_primary"": 0.0}",growth_reentry_alert,0,2026-05-07-style-regime-router,APPLIED MATERIAL INC,Information Technology,0.6020969779351388,preferred_final_label,-0.0281599207089888,-0.0281599207089888,-0.0047611535376054,hold,hold,-0.08,True,score_power,rebalance,1,2021-04-30,0.5904192429838102,0.1083333333333333,promote_monster_early,4,concentrated_alpha,concentrated_champion
2021-04-30,NVDA,0.428218219648325,6.227443334597085,concentrated_alpha,concentrated_alpha,preferred_final_label,0.0757025645023548,0.0324172173940108,4,"{""breakout_setup_quality_score"": 0.0, ""broken_momentum_penalty"": 0.0, ""entry_quality_score"": 0.0, ""explosion_entry_score"": 0.0, ""explosion_exit_score"": 0.0, ""explosion_net_score"": 0.0, ""h1_oversold_value_score"": 0.0, ""h6_dynamic_leader_score"": 0.0, ""portfolio_hold_policy_exit_risk"": 0.0, ""portfolio_monster_early_score"": 0.4998971871666147, ""portfolio_risk_entry_block_score"": 0.1333333333333333, ""relative_strength_composite"": 0.0, ""rs_acceleration_score"": 0.0, ""selection_confirmation_score"": 0.0, ""stage2_overext_penalty"": 0.0, ""theme_phase_multiplier_max"": 0.0, ""theme_phase_multiplier_primary"": 0.0}",balanced,0,2026-05-07-style-regime-router,NVIDIA CORP,Information Technology,0.7939473045618308,preferred_final_label,0.0757025645023548,0.0757025645023548,0.0324172173940108,hold,hold,-0.08,True,score_power,rebalance,1,2021-05-28,0.4998971871666147,0.1333333333333333,neutral,4,concentrated_alpha,concentrated_champion
2021-04-30,GOOG,0.2219543685920137,5.898506974549972,concentrated_alpha,concentrated_alpha,preferred_final_label,0.0080241889458574,0.0017810037909408,4,"{""breakout_setup_quality_score"": 0.0, ""broken_momentum_penalty"": 0.0, ""entry_quality_score"": 0.0, ""explosion_entry_score"": 0.0, ""explosion_exit_score"": 0.0, ""explosion_net_score"": 0.0, ""h1_oversold_value_score"": 0.0, ""h6_dynamic_leader_score"": 0.0, ""portfolio_hold_policy_exit_risk"": 0.0, ""portfolio_monster_early_score"": 0.5450653678819831, ""portfolio_risk_entry_block_score"": 0.1083333333333333, ""relative_strength_composite"": 0.0, ""rs_acceleration_score"": 0.0, ""selection_confirmation_score"": 0.0, ""stage2_overext_penalty"": 0.0, ""theme_phase_multiplier_max"": 0.0, ""theme_phase_multiplier_primary"": 0.0}",balanced,0,2026-05-07-style-regime-router,ALPHABET INC CLASS C,Communication,0.6721472485080507,preferred_final_label,0.0080241889458574,0.0080241889458574,0.0017810037909408,hold,hold,-0.08,True,score_power,rebalance,1,2021-05-28,0.5450653678819831,0.1083333333333333,neutral,4,concentrated_alpha,concentrated_champion
2021-04-30,ORLY,0.2083337259204781,2.763905079509369,concentrated_alpha,concentrated_alpha,preferred_final_label,-0.0325167022709645,-0.0067743257387569,4,"{""breakout_setup_quality_score"": 0.0, ""broken_momentum_penalty"": 0.0, ""entry_quality_score"": 0.0, ""explosion_entry_score"": 0.0, ""explosion_exit_score"": 0.0, ""explosion_net_score"": 0.0, ""h1_oversold_value_score"": 0.0, ""h6_dynamic_leader_score"": 0.0, ""portfolio_hold_policy_exit_risk"": 0.0, ""portfolio_monster_early_score"": 0.5488210984141803, ""portfolio_risk_entry_block_score"": 0.0, ""relative_strength_composite"": 0.0, ""rs_acceleration_score"": 0.0, ""selection_confirmation_score"": 0.0, ""stage2_overext_penalty"": 0.0, ""theme_phase_multiplier_max"": 0.0, ""theme_phase_multiplier_primary"": 0.0}",balanced,0,2026-05-07-style-regime-router,OREILLY AUTOMOTIVE INC,Consumer Discretionary,0.6623877201003012,preferred_final_label,-0.0325167022709645,-0.0325167022709645,-0.0067743257387569,hold,hold,-0.08,True,score_power,rebalance,1,2021-05-28,0.5488210984141803,0.0,neutral,4,concentrated_alpha,concentrated_champion
2021-04-30,WSM,0.1414936858391829,2.2359975877431677,concentrated_alpha,concentrated_alpha,preferred_final_label,0.0020290114885148,0.00028709231412,4,"{""breakout_setup_quality_score"": 0.0, ""broken_momentum_penalty"": 0.0, ""entry_quality_score"": 0.0, ""explosion_entry_score"": 0.0, ""explosion_exit_score"": 0.0, ""explosion_net_score"": 0.0, ""h1_oversold_value_score"": 0.0, ""h6_dynamic_leader_score"": 0.0, ""portfolio_hold_policy_exit_risk"": 0.0, ""portfolio_monster_early_score"": 0.5103648145782694, ""portfolio_risk_entry_block_score"": 0.2416666666666667, ""relative_strength_composite"": 0.0, ""rs_acceleration_score"": 0.0, ""selection_confirmation_score"": 0.0, ""stage2_overext_penalty"": 0.0, ""theme_phase_multiplier_max"": 0.0, ""theme_phase_multiplier_primary"": 0.0}",balanced,0,2026-05-07-style-regime-router,WILLIAMS SONOMA INC,Consumer Discretionary,0.6090326420713694,preferred_final_label,0.0020290114885148,0.0020290114885148,0.00028709231412,hold,hold,-0.08,True,score_power,rebalance,1,2021-05-28,0.5103648145782694,0.2416666666666667,neutral,4,concentrated_alpha,concentrated_champion
2021-05-28,CRWD,0.3090432057571523,5.056821818079425,concentrated_alpha,concentrated_alpha,preferred_final_label,0.1244008637009308,0.0384452417170942,4,"{""breakout_setup_quality_score"": 0.0, ""broken_momentum_penalty"": 0.0, ""entry_quality_score"": 0.0, ""explosion_entry_score"": 0.0, ""explosion_exit_score"": 0.0, ""explosion_net_score"": 0.0, ""h1_oversold_value_score"": 0.0, ""h6_dynamic_leader_score"": 0.0, ""portfolio_hold_policy_exit_risk"": 0.0, ""portfolio_monster_early_score"": 0.4264804332702517, ""portfolio_risk_entry_block_score"": 0.26875, ""relative_strength_composite"": 0.0, ""rs_acceleration_score"": 0.0, ""selection_confirmation_score"": 0.0, ""stage2_overext_penalty"": 0.0, ""theme_phase_multiplier_max"": 0.0, ""theme_phase_multiplier_primary"": 0.0}",balanced,0,2026-05-07-style-regime-router,CROWDSTRIKE HOLDINGS INC CLASS A,Information Technology,0.6578179653116338,preferred_final_label,0.1244008637009308,0.1244008637009308,0.0384452417170942,hold,hold,-0.08,True,score_power,rebalance,1,2021-06-30,0.4264804332702517,0.26875,neutral,4,concentrated_alpha,concentrated_champion
2021-05-28,NVDA,0.2360779747387668,5.939086047959109,concentrated_alpha,concentrated_alpha,preferred_final_label,0.237222440569593,0.056002993332257,4,"{""breakout_setup_quality_score"": 0.0, ""broken_momentum_penalty"": 0.0, ""entry_quality_score"": 0.0, ""explosion_entry_score"": 0.0, ""explosion_exit_score"": 0.0, ""explosion_net_score"": 0.0, ""h1_oversold_value_score"": 0.0, ""h6_dynamic_leader_score"": 0.0, ""portfolio_hold_policy_exit_risk"": 0.0, ""portfolio_monster_early_score"": 0.560174032767664, ""portfolio_risk_entry_block_score"": 0.1333333333333333, ""relative_strength_composite"": 0.0, ""rs_acceleration_score"": 0.0, ""selection_confirmation_score"": 0.0, ""stage2_overext_penalty"": 0.0, ""theme_phase_multiplier_max"": 0.0, ""theme_phase_multiplier_primary"": 0.0}",balanced,0,2026-05-07-style-regime-router,NVIDIA CORP,Information Technology,0.6207309556393538,preferred_final_label,0.237222440569593,0.237222440569593,0.056002993332257,hold,hold,-0.08,True,score_power,rebalance,1,2021-06-30,0.560174032767664,0.1333333333333333,neutral,4,concentrated_alpha,concentrated_champion
2021-05-28,NDAQ,0.2319820980247374,2.387768318915021,concentrated_alpha,concentrated_alpha,preferred_final_label,0.0609976800401017,0.0141503697903444,4,"{""breakout_setup_quality_score"": 0.0, ""broken_momentum_penalty"": 0.0, ""entry_quality_score"": 0.0, ""explosion_entry_score"": 0.0, ""explosion_exit_score"": 0.0, ""explosion_net_score"": 0.0, ""h1_oversold_value_score"": 0.0, ""h6_dynamic_leader_score"": 0.0, ""portfolio_hold_policy_exit_risk"": 0.0, ""portfolio_monster_early_score"": 0.5760737864502736, ""portfolio_risk_entry_block_score"": 0.0, ""relative_strength_composite"": 0.0, ""rs_acceleration_score"": 0.0, ""selection_confirmation_score"": 0.0, ""stage2_overext_penalty"": 0.0, ""theme_phase_multiplier_max"": 0.0, ""theme_phase_multiplier_primary"": 0.0}",balanced,0,2026-05-07-style-regime-router,NASDAQ INC,Financials,0.6184892767306491,preferred_final_label,0.0609976800401017,0.0609976800401017,0.0141503697903444,hold,hold,-0.08,True,score_power,rebalance,1,2021-06-30,0.5760737864502736,0.0,neutral,4,concentrated_alpha,concentrated_champion
2021-05-28,GOOG,0.2228967214793435,6.157433579746969,concentrated_alpha,concentrated_alpha,preferred_final_label,0.0309640936501505,0.0069017949581979,4,"{""breakout_setup_quality_score"": 0.0, ""broken_momentum_penalty"": 0.0, ""entry_quality_score"": 0.0, ""explosion_entry_score"": 0.0, ""explosion_exit_score"": 0.0, ""explosion_net_score"": 0.0, ""h1_oversold_value_score"": 0.0, ""h6_dynamic_leader_score"": 0.0, ""portfolio_hold_policy_exit_risk"": 0.0, ""portfolio_monster_early_score"": 0.5401878567087728, ""portfolio_risk_entry_block_score"": 0.2416666666666667, ""relative_strength_composite"": 0.0, ""rs_acceleration_score"": 0.0, ""selection_confirmation_score"": 0.0, ""stage2_overext_penalty"": 0.0, ""theme_phase_multiplier_max"": 0.0, ""theme_phase_multiplier_primary"": 0.0}",balanced,0,2026-05-07-style-regime-router,ALPHABET INC CLASS C,Communication,0.6134451045326408,preferred_final_label,0.0309640936501505,0.0309640936501505,0.0069017949581979,hold,hold,-0.08,True,score_power,rebalance,1,2021-06-30,0.5401878567087728,0.2416666666666667,neutral,4,concentrated_alpha,concentrated_champion
2021-06-30,ABT,0.296433293628059,4.7023638534770695,concentrated_alpha,concentrated_alpha,preferred_final_label,0.054948339323446,0.0162885172050412,4,"{""breakout_setup_quality_score"": 0.0, ""broken_momentum_penalty"": 0.0, ""entry_quality_score"": 0.0, ""explosion_entry_score"": 0.0, ""explosion_exit_score"": 0.0, ""explosion_net_score"": 0.0, ""h1_oversold_value_score"": 0.0, ""h6_dynamic_leader_score"": 0.0, ""portfolio_hold_policy_exit_risk"": 0.0, ""portfolio_monster_early_score"": 0.3935267527652982, ""portfolio_risk_entry_block_score"": 0.1604166666666666, ""relative_strength_composite"": 0.0, ""rs_acceleration_score"": 0.0, ""selection_confirmation_score"": 0.0, ""stage2_overext_penalty"": 0.0, ""theme_phase_multiplier_max"": 0.0, ""theme_phase_multiplier_primary"": 0.0}",balanced,0,2026-05-07-style-regime-router,ABBOTT LABORATORIES,Health Care,0.6632986054199839,preferred_final_label,0.054948339323446,0.054948339323446,0.0162885172050412,hold,hold,-0.08,True,score_power,rebalance,1,2021-07-30,0.3935267527652982,0.1604166666666666,neutral,4,concentrated_alpha,concentrated_champion
2021-06-30,NOW,0.2361644737958388,5.88503091131121,concentrated_alpha,concentrated_alpha,preferred_final_label,0.0786972745842891,0.0185855004413652,4,"{""breakout_setup_quality_score"": 0.0, ""broken_momentum_penalty"": 0.0, ""entry_quality_score"": 0.0, ""explosion_entry_score"": 0.0, ""explosion_exit_score"": 0.0, ""explosion_net_score"": 0.0, ""h1_oversold_value_score"": 0.0, ""h6_dynamic_leader_score"": 0.0, ""portfolio_hold_policy_exit_risk"": 0.0, ""portfolio_monster_early_score"": 0.4551844415789918, ""portfolio_risk_entry_block_score"": 0.0, ""relative_strength_composite"": 0.0, ""rs_acceleration_score"": 0.0, ""selection_confirmation_score"": 0.0, ""stage2_overext_penalty"": 0.0, ""theme_phase_multiplier_max"": 0.0, ""theme_phase_multiplier_primary"": 0.0}",balanced,0,2026-05-07-style-regime-router,SERVICENOW INC,Information Technology,0.632948327814777,preferred_final_label,0.0786972745842891,0.0786972745842891,0.0185855004413652,hold,hold,-0.08,True,score_power,rebalance,1,2021-07-30,0.4551844415789918,0.0,neutral,4,concentrated_alpha,concentrated_champion
2021-06-30,NVDA,0.2352848037773764,5.7524443232204,concentrated_alpha,concentrated_alpha,preferred_final_label,-0.0211180326491137,-0.0049687521680109,4,"{""breakout_setup_quality_score"": 0.0, ""broken_momentum_penalty"": 0.0, ""entry_quality_score"": 0.0, ""explosion_entry_score"": 0.0, ""explosion_exit_score"": 0.0, ""explosion_net_score"": 0.0, ""h1_oversold_value_score"": 0.0, ""h6_dynamic_leader_score"": 0.0, ""portfolio_hold_policy_exit_risk"": 0.0, ""portfolio_monster_early_score"": 0.5724226724191167, ""portfolio_risk_entry_block_score"": 0.1083333333333333, ""relative_strength_composite"": 0.0, ""rs_acceleration_score"": 0.0, ""selection_confirmation_score"": 0.0, ""stage2_overext_penalty"": 0.0, ""theme_phase_multiplier_max"": 0.0, ""theme_phase_multiplier_primary"": 0.0}",balanced,0,2026-05-07-style-regime-router,NVIDIA CORP,Information Technology,0.6324782458089295,preferred_final_label,-0.0211180326491137,-0.0211180326491137,-0.0049687521680109,hold,hold,-0.08,True,score_power,rebalance,1,2021-07-30,0.5724226724191167,0.1083333333333333,neutral,4,concentrated_alpha,concentrated_champion
2021-06-30,GOOGL,0.2321174287987258,6.318764010078974,concentrated_alpha,concentrated_alpha,preferred_final_label,0.1100185137487381,0.0255372145316143,4,"{""breakout_setup_quality_score"": 0.0, ""broken_momentum_penalty"": 0.0, ""entry_quality_score"": 0.0, ""explosion_entry_score"": 0.0, ""explosion_exit_score"": 0.0, ""explosion_net_score"": 0.0, ""h1_oversold_value_score"": 0.0, ""h6_dynamic_leader_score"": 0.0, ""portfolio_hold_policy_exit_risk"": 0.0, ""portfolio_monster_early_score"": 0.5480983610946342, ""portfolio_risk_entry_block_score"": 0.0, ""relative_strength_composite"": 0.0, ""rs_acceleration_score"": 0.0, ""selection_confirmation_score"": 0.0, ""stage2_overext_penalty"": 0.0, ""theme_phase_multiplier_max"": 0.0, ""theme_phase_multiplier_primary"": 0.0}",balanced,0,2026-05-07-style-regime-router,ALPHABET INC CLASS A,Communication,0.6307783288030009,preferred_final_label,0.1100185137487381,0.1100185137487381,0.0255372145316143,hold,hold,-0.08,True,score_power,rebalance,1,2021-07-30,0.5480983610946342,0.0,neutral,4,concentrated_alpha,concentrated_champion
2021-07-30,MA,0.4429151183741642,5.324624180023275,concentrated_alpha,concentrated_alpha,preferred_final_label,-0.08,-0.0354332094699331,4,"{""breakout_setup_quality_score"": 0.0, ""broken_momentum_penalty"": 0.0, ""entry_quality_score"": 0.0, ""explosion_entry_score"": 0.0, ""explosion_exit_score"": 0.0, ""explosion_net_score"": 0.0, ""h1_oversold_value_score"": 0.0, ""h6_dynamic_leader_score"": 0.0, ""portfolio_hold_policy_exit_risk"": 0.0, ""portfolio_monster_early_score"": 0.5275504377766196, ""portfolio_risk_entry_block_score"": 0.0135416666666666, ""relative_strength_composite"": 0.0, ""rs_acceleration_score"": 0.0, ""selection_confirmation_score"": 0.0, ""stage2_overext_penalty"": 0.0, ""theme_phase_multiplier_max"": 0.0, ""theme_phase_multiplier_primary"": 0.0}",balanced,0,2026-05-07-style-regime-router,MASTERCARD INC CLASS A,Financials,0.7772300119224913,preferred_final_label,-0.1076804802248933,-0.08,-0.0476933126453954,risk_exit,hard_stop,-0.08,True,score_power,rebalance,1,2021-08-31,0.5275504377766196,0.0135416666666666,neutral,4,concentrated_alpha,concentrated_champion
2021-07-30,DXCM,0.188506195236619,2.9656142889687573,concentrated_alpha,concentrated_alpha,preferred_final_label,0.0284422009381799,0.0053615310830116,4,"{""breakout_setup_quality_score"": 0.0, ""broken_momentum_penalty"": 0.0, ""entry_quality_score"": 0.0, ""explosion_entry_score"": 0.0, ""explosion_exit_score"": 0.0, ""explosion_net_score"": 0.0, ""h1_oversold_value_score"": 0.0, ""h6_dynamic_leader_score"": 0.0, ""portfolio_hold_policy_exit_risk"": 0.0, ""portfolio_monster_early_score"": 0.5495043068374892, ""portfolio_risk_entry_block_score"": 0.1083333333333333, ""relative_strength_composite"": 0.0, ""rs_acceleration_score"": 0.0, ""selection_confirmation_score"": 0.0, ""stage2_overext_penalty"": 0.0, ""theme_phase_multiplier_max"": 0.0, ""theme_phase_multiplier_primary"": 0.0}",balanced,0,2026-05-07-style-regime-router,DEXCOM INC,Health Care,0.6417513222393465,preferred_final_label,0.0284422009381799,0.0284422009381799,0.0053615310830116,hold,hold,-0.08,True,score_power,rebalance,1,2021-08-31,0.5495043068374892,0.1083333333333333,neutral,4,concentrated_alpha,concentrated_champion
2021-07-30,ABT,0.1863314972423053,3.3764838951864493,concentrated_alpha,concentrated_alpha,preferred_final_label,0.0347323604211249,0.0064717327200275,4,"{""breakout_setup_quality_score"": 0.0, ""broken_momentum_penalty"": 0.0, ""entry_quality_score"": 0.0, ""explosion_entry_score"": 0.0, ""explosion_exit_score"": 0.0, ""explosion_net_score"": 0.0, ""h1_oversold_value_score"": 0.0, ""h6_dynamic_leader_score"": 0.0, ""portfolio_hold_policy_exit_risk"": 0.0, ""portfolio_monster_early_score"": 0.4371813127085265, ""portfolio_risk_entry_block_score"": 0.0270833333333333, ""relative_strength_composite"": 0.0, ""rs_acceleration_score"": 0.0, ""selection_confirmation_score"": 0.0, ""stage2_overext_penalty"": 0.0, ""theme_phase_multiplier_max"": 0.0, ""theme_phase_multiplier_primary"": 0.0}",balanced,0,2026-05-07-style-regime-router,ABBOTT LABORATORIES,Health Care,0.6402804540861748,preferred_final_label,0.0347323604211249,0.0347323604211249,0.0064717327200275,hold,hold,-0.08,True,score_power,rebalance,1,2021-08-31,0.4371813127085265,0.0270833333333333,neutral,4,concentrated_alpha,concentrated_champion
2021-07-30,GOOGL,0.1822471891469114,6.336412354252282,concentrated_alpha,concentrated_alpha,preferred_final_label,0.0731438776736237,0.0133302661093234,4,"{""breakout_setup_quality_score"": 0.0, ""broken_momentum_penalty"": 0.0, ""entry_quality_score"": 0.0, ""explosion_entry_score"": 0.0, ""explosion_exit_score"": 0.0, ""explosion_net_score"": 0.0, ""h1_oversold_value_score"": 0.0, ""h6_dynamic_leader_score"": 0.0, ""portfolio_hold_policy_exit_risk"": 0.0, ""portfolio_monster_early_score"": 0.5398953544570311, ""portfolio_risk_entry_block_score"": 0.2416666666666667, ""relative_strength_composite"": 0.0, ""rs_acceleration_score"": 0.0, ""selection_confirmation_score"": 0.0, ""stage2_overext_penalty"": 0.0, ""theme_phase_multiplier_max"": 0.0, ""theme_phase_multiplier_primary"": 0.0}",balanced,0,2026-05-07-style-regime-router,ALPHABET INC CLASS A,Communication,0.6374946238732968,preferred_final_label,0.0731438776736237,0.0731438776736237,0.0133302661093234,hold,hold,-0.08,True,score_power,rebalance,1,2021-08-31,0.5398953544570311,0.2416666666666667,neutral,4,concentrated_alpha,concentrated_champion
2021-08-31,LRCX,0.2875921616420994,5.536388864459142,concentrated_alpha,concentrated_alpha,preferred_final_label,-0.0582588617335411,-0.0167547919807572,4,"{""breakout_setup_quality_score"": 0.0, ""broken_momentum_penalty"": 0.0, ""entry_quality_score"": 0.0, ""explosion_entry_score"": 0.0, ""explosion_exit_score"": 0.0, ""explosion_net_score"": 0.0, ""h1_oversold_value_score"": 0.0, ""h6_dynamic_leader_score"": 0.0, ""portfolio_hold_policy_exit_risk"": 0.0, ""portfolio_monster_early_score"": 0.3558834695985131, ""portfolio_risk_entry_block_score"": 0.1739583333333333, ""relative_strength_composite"": 0.0, ""rs_acceleration_score"": 0.0, ""selection_confirmation_score"": 0.0, ""stage2_overext_penalty"": 0.0, ""theme_phase_multiplier_max"": 0.0, ""theme_phase_multiplier_primary"": 0.0}",balanced,0,2026-05-07-style-regime-router,LAM RESEARCH CORP,Information Technology,0.6693613377211192,preferred_final_label,-0.0582588617335411,-0.0582588617335411,-0.0167547919807572,hold,hold,-0.08,True,score_power,rebalance,1,2021-09-30,0.3558834695985131,0.1739583333333333,neutral,4,concentrated_alpha,concentrated_champion
2021-08-31,GOOGL,0.2390566465435159,5.601326410606928,concentrated_alpha,concentrated_alpha,preferred_final_label,-0.0727758017923827,-0.0173975391260026,4,"{""breakout_setup_quality_score"": 0.0, ""broken_momentum_penalty"": 0.0, ""entry_quality_score"": 0.0, ""explosion_entry_score"": 0.0, ""explosion_exit_score"": 0.0, ""explosion_net_score"": 0.0, ""h1_oversold_value_score"": 0.0, ""h6_dynamic_leader_score"": 0.0, ""portfolio_hold_policy_exit_risk"": 0.0, ""portfolio_monster_early_score"": 0.5542041652718984, ""portfolio_risk_entry_block_score"": 0.1083333333333333, ""relative_strength_composite"": 0.0, ""rs_acceleration_score"": 0.0, ""selection_confirmation_score"": 0.0, ""stage2_overext_penalty"": 0.0, ""theme_phase_multiplier_max"": 0.0, ""theme_phase_multiplier_primary"": 0.0}",balanced,0,2026-05-07-style-regime-router,ALPHABET INC CLASS A,Communication,0.6450011472326024,preferred_final_label,-0.0727758017923827,-0.0727758017923827,-0.0173975391260026,hold,hold,-0.08,True,score_power,rebalance,1,2021-09-30,0.5542041652718984,0.1083333333333333,neutral,4,concentrated_alpha,concentrated_champion
2021-08-31,HUBS,0.2372968773094245,4.101469315278743,concentrated_alpha,concentrated_alpha,preferred_final_label,-0.0140730140853102,-0.0033394822967756,4,"{""breakout_setup_quality_score"": 0.0, ""broken_momentum_penalty"": 0.0, ""entry_quality_score"": 0.0, ""explosion_entry_score"": 0.0, ""explosion_exit_score"": 0.0, ""explosion_net_score"": 0.0, ""h1_oversold_value_score"": 0.0, ""h6_dynamic_leader_score"": 0.0, ""portfolio_hold_policy_exit_risk"": 0.0, ""portfolio_monster_early_score"": 0.5371285932634344, ""portfolio_risk_entry_block_score"": 0.1083333333333333, ""relative_strength_composite"": 0.0, ""rs_acceleration_score"": 0.0, ""selection_confirmation_score"": 0.0, ""stage2_overext_penalty"": 0.0, ""theme_phase_multiplier_max"": 0.0, ""theme_phase_multiplier_primary"": 0.0}",balanced,0,2026-05-07-style-regime-router,HUBSPOT INC,Information Technology,0.6440734402831165,preferred_final_label,-0.0140730140853102,-0.0140730140853102,-0.0033394822967756,hold,hold,-0.08,True,score_power,rebalance,1,2021-09-30,0.5371285932634344,0.1083333333333333,neutral,4,concentrated_alpha,concentrated_champion
2021-08-31,DXCM,0.2360543145049602,2.9106644940018582,concentrated_alpha,concentrated_alpha,preferred_final_label,0.0369994205160275,0.0087338728469916,4,"{""breakout_setup_quality_score"": 0.0, ""broken_momentum_penalty"": 0.0, ""entry_quality_score"": 0.0, ""explosion_entry_score"": 0.0, ""explosion_exit_score"": 0.0, ""explosion_net_score"": 0.0, ""h1_oversold_value_score"": 0.0, ""h6_dynamic_leader_score"": 0.0, ""portfolio_hold_policy_exit_risk"": 0.0, ""portfolio_monster_early_score"": 0.5832660097780823, ""portfolio_risk_entry_block_score"": 0.1083333333333333, ""relative_strength_composite"": 0.0, ""rs_acceleration_score"": 0.0, ""selection_confirmation_score"": 0.0, ""stage2_overext_penalty"": 0.0, ""theme_phase_multiplier_max"": 0.0, ""theme_phase_multiplier_primary"": 0.0}",balanced,0,2026-05-07-style-regime-router,DEXCOM INC,Health Care,0.6434163182560985,preferred_final_label,0.0369994205160275,0.0369994205160275,0.0087338728469916,hold,hold,-0.08,True,score_power,rebalance,1,2021-09-30,0.5832660097780823,0.1083333333333333,promote_monster_early,4,concentrated_alpha,concentrated_champion
2021-09-30,MA,0.2876334813684291,4.957995054762833,concentrated_alpha,concentrated_alpha,preferred_final_label,-0.0404663798193146,-0.0116394857058066,4,"{""breakout_setup_quality_score"": 0.0, ""broken_momentum_penalty"": 0.0, ""entry_quality_score"": 0.0, ""explosion_entry_score"": 0.0, ""explosion_exit_score"": 0.0, ""explosion_net_score"": 0.0, ""h1_oversold_value_score"": 0.0, ""h6_dynamic_leader_score"": 0.0, ""portfolio_hold_policy_exit_risk"": 0.0, ""portfolio_monster_early_score"": 0.2985312557639729, ""portfolio_risk_entry_block_score"": 0.1864583333333333, ""relative_strength_composite"": 0.0, ""rs_acceleration_score"": 0.0, ""selection_confirmation_score"": 0.0, ""stage2_overext_penalty"": 0.0, ""theme_phase_multiplier_max"": 0.0, ""theme_phase_multiplier_primary"": 0.0}",risk_off_alert,0,2026-05-07-style-regime-router,MASTERCARD INC CLASS A,Financials,0.7065509165007464,preferred_final_label,-0.0404663798193146,-0.0404663798193146,-0.0116394857058066,hold,hold,-0.08,True,score_power,rebalance,1,2021-10-29,0.2985312557639729,0.1864583333333333,neutral,4,concentrated_alpha,concentrated_champion
2021-09-30,PANW,0.252062019514819,3.750768802336325,concentrated_alpha,concentrated_alpha,preferred_final_label,0.0623894362551724,0.0157260072988698,4,"{""breakout_setup_quality_score"": 0.0, ""broken_momentum_penalty"": 0.0, ""entry_quality_score"": 0.0, ""explosion_entry_score"": 0.0, ""explosion_exit_score"": 0.0, ""explosion_net_score"": 0.0, ""h1_oversold_value_score"": 0.0, ""h6_dynamic_leader_score"": 0.0, ""portfolio_hold_policy_exit_risk"": 0.0, ""portfolio_monster_early_score"": 0.5403269141669234, ""portfolio_risk_entry_block_score"": 0.1083333333333333, ""relative_strength_composite"": 0.0, ""rs_acceleration_score"": 0.0, ""selection_confirmation_score"": 0.0, ""stage2_overext_penalty"": 0.0, ""theme_phase_multiplier_max"": 0.0, ""theme_phase_multiplier_primary"": 0.0}",risk_off_alert,0,2026-05-07-style-regime-router,PALO ALTO NETWORKS INC,Information Technology,0.6886352730689098,preferred_final_label,0.0623894362551724,0.0623894362551724,0.0157260072988698,hold,hold,-0.08,True,score_power,rebalance,1,2021-10-29,0.5403269141669234,0.1083333333333333,neutral,4,concentrated_alpha,concentrated_champion
2021-09-30,CPRT,0.2317907888484718,3.446607949828823,concentrated_alpha,concentrated_alpha,preferred_final_label,0.1172675883773326,0.0271815468163398,4,"{""breakout_setup_quality_score"": 0.0, ""broken_momentum_penalty"": 0.0, ""entry_quality_score"": 0.0, ""explosion_entry_score"": 0.0, ""explosion_exit_score"": 0.0, ""explosion_net_score"": 0.0, ""h1_oversold_value_score"": 0.0, ""h6_dynamic_leader_score"": 0.0, ""portfolio_hold_policy_exit_risk"": 0.0, ""portfolio_monster_early_score"": 0.4427769471073899, ""portfolio_risk_entry_block_score"": 0.0135416666666666, ""relative_strength_composite"": 0.0, ""rs_acceleration_score"": 0.0, ""selection_confirmation_score"": 0.0, ""stage2_overext_penalty"": 0.0, ""theme_phase_multiplier_max"": 0.0, ""theme_phase_multiplier_primary"": 0.0}",risk_off_alert,0,2026-05-07-style-regime-router,COPART INC,Industrials,0.6778560437582091,preferred_final_label,0.1172675883773326,0.1172675883773326,0.0271815468163398,hold,hold,-0.08,True,score_power,rebalance,1,2021-10-29,0.4427769471073899,0.0135416666666666,neutral,4,concentrated_alpha,concentrated_champion
2021-09-30,GTM,0.2285137102682801,4.112341032199243,concentrated_alpha,concentrated_alpha,preferred_final_label,0.1228945086202175,0.028083080136403,4,"{""breakout_setup_quality_score"": 0.0, ""broken_momentum_penalty"": 0.0, ""entry_quality_score"": 0.0, ""explosion_entry_score"": 0.0, ""explosion_exit_score"": 0.0, ""explosion_net_score"": 0.0, ""h1_oversold_value_score"": 0.0, ""h6_dynamic_leader_score"": 0.0, ""portfolio_hold_policy_exit_risk"": 0.0, ""portfolio_monster_early_score"": 0.4568945199620401, ""portfolio_risk_entry_block_score"": 0.0135416666666666, ""relative_strength_composite"": 0.0, ""rs_acceleration_score"": 0.0, ""selection_confirmation_score"": 0.0, ""stage2_overext_penalty"": 0.0, ""theme_phase_multiplier_max"": 0.0, ""theme_phase_multiplier_primary"": 0.0}",risk_off_alert,0,2026-05-07-style-regime-router,ZOOMINFO TECHNOLOGIES INC,Communication,0.6760698199364763,preferred_final_label,0.1228945086202175,0.1228945086202175,0.028083080136403,hold,hold,-0.08,True,score_power,rebalance,1,2021-10-29,0.4568945199620401,0.0135416666666666,neutral,4,concentrated_alpha,concentrated_champion
2021-10-29,CPRT,0.2791481111324499,3.177212746864547,concentrated_alpha,concentrated_alpha,preferred_final_label,-0.0524154643284801,-0.0146316778614255,4,"{""breakout_setup_quality_score"": 0.0, ""broken_momentum_penalty"": 0.0, ""entry_quality_score"": 0.0, ""explosion_entry_score"": 0.0, ""explosion_exit_score"": 0.0, ""explosion_net_score"": 0.0, ""h1_oversold_value_score"": 0.0, ""h6_dynamic_leader_score"": 0.0, ""portfolio_hold_policy_exit_risk"": 0.0, ""portfolio_monster_early_score"": 0.5515003171811111, ""portfolio_risk_entry_block_score"": 0.0, ""relative_strength_composite"": 0.0, ""rs_acceleration_score"": 0.0, ""selection_confirmation_score"": 0.0, ""stage2_overext_penalty"": 0.0, ""theme_phase_multiplier_max"": 0.0, ""theme_phase_multiplier_primary"": 0.0}",growth_reentry_alert,0,2026-05-07-style-regime-router,COPART INC,Industrials,0.6733264181756637,preferred_final_label,-0.0524154643284801,-0.0524154643284801,-0.0146316778614255,hold,hold,-0.08,True,score_power,rebalance,1,2021-11-30,0.5515003171811111,0.0,neutral,4,concentrated_alpha,concentrated_champion
2021-10-29,MDB,0.2569705927088911,4.208641154375846,concentrated_alpha,concentrated_alpha,preferred_final_label,-0.0382957348002007,-0.0098408776698301,4,"{""breakout_setup_quality_score"": 0.0, ""broken_momentum_penalty"": 0.0, ""entry_quality_score"": 0.0, ""explosion_entry_score"": 0.0, ""explosion_exit_score"": 0.0, ""explosion_net_score"": 0.0, ""h1_oversold_value_score"": 0.0, ""h6_dynamic_leader_score"": 0.0, ""portfolio_hold_policy_exit_risk"": 0.0, ""portfolio_monster_early_score"": 0.5597263211752793, ""portfolio_risk_entry_block_score"": 0.325, ""relative_strength_composite"": 0.0, ""rs_acceleration_score"": 0.0, ""selection_confirmation_score"": 0.0, ""stage2_overext_penalty"": 0.0, ""theme_phase_multiplier_max"": 0.0, ""theme_phase_multiplier_primary"": 0.0}",growth_reentry_alert,0,2026-05-07-style-regime-router,MONGODB INC CLASS A,Information Technology,0.6616262446189429,preferred_final_label,-0.0382957348002007,-0.0382957348002007,-0.0098408776698301,hold,hold,-0.08,True,score_power,rebalance,1,2021-11-30,0.5597263211752793,0.325,neutral,4,concentrated_alpha,concentrated_champion
2021-10-29,GTM,0.254365744838465,3.4453874803694453,concentrated_alpha,concentrated_alpha,preferred_final_label,-0.08,-0.0203492595870772,4,"{""breakout_setup_quality_score"": 0.0, ""broken_momentum_penalty"": 0.0, ""entry_quality_score"": 0.0, ""explosion_entry_score"": 0.0, ""explosion_exit_score"": 0.0, ""explosion_net_score"": 0.0, ""h1_oversold_value_score"": 0.0, ""h6_dynamic_leader_score"": 0.0, ""portfolio_hold_policy_exit_risk"": 0.0, ""portfolio_monster_early_score"": 0.5677356130758703, ""portfolio_risk_entry_block_score"": 0.2166666666666666, ""relative_strength_composite"": 0.0, ""rs_acceleration_score"": 0.0, ""selection_confirmation_score"": 0.0, ""stage2_overext_penalty"": 0.0, ""theme_phase_multiplier_max"": 0.0, ""theme_phase_multiplier_primary"": 0.0}",growth_reentry_alert,0,2026-05-07-style-regime-router,ZOOMINFO TECHNOLOGIES INC,Communication,0.6602193961448337,preferred_final_label,-0.0833758423139225,-0.08,-0.0212079582317153,risk_exit,hard_stop,-0.08,True,score_power,rebalance,1,2021-11-30,0.5677356130758703,0.2166666666666666,neutral,4,concentrated_alpha,concentrated_champion
2021-10-29,PANW,0.2095155513201937,3.708866473186097,concentrated_alpha,concentrated_alpha,preferred_final_label,0.0763941948632658,0.0160057718544394,4,"{""breakout_setup_quality_score"": 0.0, ""broken_momentum_penalty"": 0.0, ""entry_quality_score"": 0.0, ""explosion_entry_score"": 0.0, ""explosion_exit_score"": 0.0, ""explosion_net_score"": 0.0, ""h1_oversold_value_score"": 0.0, ""h6_dynamic_leader_score"": 0.0, ""portfolio_hold_policy_exit_risk"": 0.0, ""portfolio_monster_early_score"": 0.5244793405353793, ""portfolio_risk_entry_block_score"": 0.2416666666666667, ""relative_strength_composite"": 0.0, ""rs_acceleration_score"": 0.0, ""selection_confirmation_score"": 0.0, ""stage2_overext_penalty"": 0.0, ""theme_phase_multiplier_max"": 0.0, ""theme_phase_multiplier_primary"": 0.0}",growth_reentry_alert,0,2026-05-07-style-regime-router,PALO ALTO NETWORKS INC,Information Technology,0.6347577178857455,preferred_final_label,0.0763941948632658,0.0763941948632658,0.0160057718544394,hold,hold,-0.08,True,score_power,rebalance,1,2021-11-30,0.5244793405353793,0.2416666666666667,neutral,4,concentrated_alpha,concentrated_champion
2021-11-30,PANW,0.2818004204287999,3.299699956090362,concentrated_alpha,concentrated_alpha,preferred_final_label,0.0162508562607395,0.0045794981266043,4,"{""breakout_setup_quality_score"": 0.0, ""broken_momentum_penalty"": 0.0, ""entry_quality_score"": 0.0, ""explosion_entry_score"": 0.0, ""explosion_exit_score"": 0.0, ""explosion_net_score"": 0.0, ""h1_oversold_value_score"": 0.0, ""h6_dynamic_leader_score"": 0.0, ""portfolio_hold_policy_exit_risk"": 0.0, ""portfolio_monster_early_score"": 0.5130737756428604, ""portfolio_risk_entry_block_score"": 0.2416666666666667, ""relative_strength_composite"": 0.0, ""rs_acceleration_score"": 0.0, ""selection_confirmation_score"": 0.0, ""stage2_overext_penalty"": 0.0, ""theme_phase_multiplier_max"": 0.0, ""theme_phase_multiplier_primary"": 0.0}",balanced,0,2026-05-07-style-regime-router,PALO ALTO NETWORKS INC,Information Technology,0.6199417449563428,preferred_final_label,0.0162508562607395,0.0162508562607395,0.0045794981266043,hold,hold,-0.08,True,score_power,rebalance,1,2021-12-31,0.5130737756428604,0.2416666666666667,neutral,4,concentrated_alpha,concentrated_champion
2021-11-30,LRCX,0.2447983877657694,5.121042577647961,concentrated_alpha,concentrated_alpha,preferred_final_label,0.0433270440875483,0.0106063905392882,4,"{""breakout_setup_quality_score"": 0.0, ""broken_momentum_penalty"": 0.0, ""entry_quality_score"": 0.0, ""explosion_entry_score"": 0.0, ""explosion_exit_score"": 0.0, ""explosion_net_score"": 0.0, ""h1_oversold_value_score"": 0.0, ""h6_dynamic_leader_score"": 0.0, ""portfolio_hold_policy_exit_risk"": 0.0, ""portfolio_monster_early_score"": 0.5683666836438542, ""portfolio_risk_entry_block_score"": 0.0, ""relative_strength_composite"": 0.0, ""rs_acceleration_score"": 0.0, ""selection_confirmation_score"": 0.0, ""stage2_overext_penalty"": 0.0, ""theme_phase_multiplier_max"": 0.0, ""theme_phase_multiplier_primary"": 0.0}",balanced,0,2026-05-07-style-regime-router,LAM RESEARCH CORP,Information Technology,0.6013141460541787,preferred_final_label,0.0433270440875483,0.0433270440875483,0.0106063905392882,hold,hold,-0.08,True,score_power,rebalance,1,2021-12-31,0.5683666836438542,0.0,neutral,4,concentrated_alpha,concentrated_champion
2021-11-30,ORLY,0.2389542260427136,2.2036615138575995,concentrated_alpha,concentrated_alpha,preferred_final_label,0.0954997662762244,0.0228200727377952,4,"{""breakout_setup_quality_score"": 0.0, ""broken_momentum_penalty"": 0.0, ""entry_quality_score"": 0.0, ""explosion_entry_score"": 0.0, ""explosion_exit_score"": 0.0, ""explosion_net_score"": 0.0, ""h1_oversold_value_score"": 0.0, ""h6_dynamic_leader_score"": 0.0, ""portfolio_hold_policy_exit_risk"": 0.0, ""portfolio_monster_early_score"": 0.4568065038193957, ""portfolio_risk_entry_block_score"": 0.0, ""relative_strength_composite"": 0.0, ""rs_acceleration_score"": 0.0, ""selection_confirmation_score"": 0.0, ""stage2_overext_penalty"": 0.0, ""theme_phase_multiplier_max"": 0.0, ""theme_phase_multiplier_primary"": 0.0}",balanced,0,2026-05-07-style-regime-router,OREILLY AUTOMOTIVE INC,Consumer Discretionary,0.5982463874046011,preferred_final_label,0.0954997662762244,0.0954997662762244,0.0228200727377952,hold,hold,-0.08,True,score_power,rebalance,1,2021-12-31,0.4568065038193957,0.0,neutral,4,concentrated_alpha,concentrated_champion
2021-11-30,EXP,0.234446965762717,1.5406461648333971,concentrated_alpha,concentrated_alpha,preferred_final_label,0.0633782763566161,0.0148588445870796,4,"{""breakout_setup_quality_score"": 0.0, ""broken_momentum_penalty"": 0.0, ""entry_quality_score"": 0.0, ""explosion_entry_score"": 0.0, ""explosion_exit_score"": 0.0, ""explosion_net_score"": 0.0, ""h1_oversold_value_score"": 0.0, ""h6_dynamic_leader_score"": 0.0, ""portfolio_hold_policy_exit_risk"": 0.0, ""portfolio_monster_early_score"": 0.5360897149464046, ""portfolio_risk_entry_block_score"": 0.1604166666666666, ""relative_strength_composite"": 0.0, ""rs_acceleration_score"": 0.0, ""selection_confirmation_score"": 0.0, ""stage2_overext_penalty"": 0.0, ""theme_phase_multiplier_max"": 0.0, ""theme_phase_multiplier_primary"": 0.0}",balanced,0,2026-05-07-style-regime-router,EAGLE MATERIALS INC,Materials,0.5958546935460916,preferred_final_label,0.0633782763566161,0.0633782763566161,0.0148588445870796,hold,hold,-0.08,True,score_power,rebalance,1,2021-12-31,0.5360897149464046,0.1604166666666666,neutral,4,concentrated_alpha,concentrated_champion
2021-12-31,V,0.3286423173918757,4.8999274243341535,concentrated_alpha,concentrated_alpha,preferred_final_label,0.0431224365374713,0.0141718574752586,4,"{""breakout_setup_quality_score"": 0.0, ""broken_momentum_penalty"": 0.0, ""entry_quality_score"": 0.0, ""explosion_entry_score"": 0.0, ""explosion_exit_score"": 0.0, ""explosion_net_score"": 0.0, ""h1_oversold_value_score"": 0.0, ""h6_dynamic_leader_score"": 0.0, ""portfolio_hold_policy_exit_risk"": 0.0, ""portfolio_monster_early_score"": 0.3152864677317986, ""portfolio_risk_entry_block_score"": 0.2010416666666666, ""relative_strength_composite"": 0.0, ""rs_acceleration_score"": 0.0, ""selection_confirmation_score"": 0.0, ""stage2_overext_penalty"": 0.0, ""theme_phase_multiplier_max"": 0.0, ""theme_phase_multiplier_primary"": 0.0}",balanced,0,2026-05-07-style-regime-router,VISA INC CLASS A,Financials,0.6789259774540316,preferred_final_label,0.0431224365374713,0.0431224365374713,0.0141718574752586,hold,hold,-0.08,True,score_power,rebalance,1,2022-01-31,0.3152864677317986,0.2010416666666666,neutral,4,concentrated_alpha,concentrated_champion
2021-12-31,COO,0.2533419675547292,2.5576020441704497,concentrated_alpha,concentrated_alpha,preferred_final_label,-0.0728701752063514,-0.0184610735628349,4,"{""breakout_setup_quality_score"": 0.0, ""broken_momentum_penalty"": 0.0, ""entry_quality_score"": 0.0, ""explosion_entry_score"": 0.0, ""explosion_exit_score"": 0.0, ""explosion_net_score"": 0.0, ""h1_oversold_value_score"": 0.0, ""h6_dynamic_leader_score"": 0.0, ""portfolio_hold_policy_exit_risk"": 0.0, ""portfolio_monster_early_score"": 0.4126467774735327, ""portfolio_risk_entry_block_score"": 0.1543229166666666, ""relative_strength_composite"": 0.0, ""rs_acceleration_score"": 0.0, ""selection_confirmation_score"": 0.0, ""stage2_overext_penalty"": 0.0, ""theme_phase_multiplier_max"": 0.0, ""theme_phase_multiplier_primary"": 0.0}",balanced,0,2026-05-07-style-regime-router,COOPER INC,Health Care,0.6387960385041729,preferred_final_label,-0.0728701752063514,-0.0728701752063514,-0.0184610735628349,hold,hold,-0.08,True,score_power,rebalance,1,2022-01-31,0.4126467774735327,0.1543229166666666,neutral,4,concentrated_alpha,concentrated_champion
2021-12-31,EXP,0.2281594815845629,1.9195848379192155,concentrated_alpha,concentrated_alpha,preferred_final_label,-0.08,-0.018252758526765,4,"{""breakout_setup_quality_score"": 0.0, ""broken_momentum_penalty"": 0.0, ""entry_quality_score"": 0.0, ""explosion_entry_score"": 0.0, ""explosion_exit_score"": 0.0, ""explosion_net_score"": 0.0, ""h1_oversold_value_score"": 0.0, ""h6_dynamic_leader_score"": 0.0, ""portfolio_hold_policy_exit_risk"": 0.0, ""portfolio_monster_early_score"": 0.5939008565167261, ""portfolio_risk_entry_block_score"": 0.1333333333333333, ""relative_strength_composite"": 0.0, ""rs_acceleration_score"": 0.0, ""selection_confirmation_score"": 0.0, ""stage2_overext_penalty"": 0.0, ""theme_phase_multiplier_max"": 0.0, ""theme_phase_multiplier_primary"": 0.0}",balanced,0,2026-05-07-style-regime-router,EAGLE MATERIALS INC,Materials,0.6240674535488249,preferred_final_label,-0.1153362395606951,-0.08,-0.0263150566260811,risk_exit,hard_stop,-0.08,True,score_power,rebalance,1,2022-01-31,0.5939008565167261,0.1333333333333333,promote_monster_early,4,concentrated_alpha,concentrated_champion
2021-12-31,PANW,0.1898562334688321,3.249959179171311,concentrated_alpha,concentrated_alpha,preferred_final_label,-0.0726667447038799,-0.0137962344479198,4,"{""breakout_setup_quality_score"": 0.0, ""broken_momentum_penalty"": 0.0, ""entry_quality_score"": 0.0, ""explosion_entry_score"": 0.0, ""explosion_exit_score"": 0.0, ""explosion_net_score"": 0.0, ""h1_oversold_value_score"": 0.0, ""h6_dynamic_leader_score"": 0.0, ""portfolio_hold_policy_exit_risk"": 0.0, ""portfolio_monster_early_score"": 0.4771483242038502, ""portfolio_risk_entry_block_score"": 0.2416666666666667, ""relative_strength_composite"": 0.0, ""rs_acceleration_score"": 0.0, ""selection_confirmation_score"": 0.0, ""stage2_overext_penalty"": 0.0, ""theme_phase_multiplier_max"": 0.0, ""theme_phase_multiplier_primary"": 0.0}",balanced,0,2026-05-07-style-regime-router,PALO ALTO NETWORKS INC,Information Technology,0.6000067053690034,preferred_final_label,-0.0726667447038799,-0.0726667447038799,-0.0137962344479198,hold,hold,-0.08,True,score_power,rebalance,1,2022-01-31,0.4771483242038502,0.2416666666666667,neutral,4,concentrated_alpha,concentrated_champion
2022-01-31,LRCX,0.3063452323770284,4.613872731833864,concentrated_alpha,concentrated_alpha,preferred_final_label,-0.0541355527016115,-0.016584168472234,4,"{""breakout_setup_quality_score"": 0.0, ""broken_momentum_penalty"": 0.0, ""entry_quality_score"": 0.0, ""explosion_entry_score"": 0.0, ""explosion_exit_score"": 0.0, ""explosion_net_score"": 0.0, ""h1_oversold_value_score"": 0.0, ""h6_dynamic_leader_score"": 0.0, ""portfolio_hold_policy_exit_risk"": 0.0, ""portfolio_monster_early_score"": 0.2885832527864773, ""portfolio_risk_entry_block_score"": 0.159375, ""relative_strength_composite"": 0.0, ""rs_acceleration_score"": 0.0, ""selection_confirmation_score"": 0.0, ""stage2_overext_penalty"": 0.0, ""theme_phase_multiplier_max"": 0.0, ""theme_phase_multiplier_primary"": 0.0}",balanced,0,2026-05-07-style-regime-router,LAM RESEARCH CORP,Information Technology,0.6558201316996531,preferred_final_label,-0.0541355527016115,-0.0541355527016115,-0.016584168472234,hold,hold,-0.08,True,score_power,rebalance,1,2022-02-28,0.2885832527864773,0.159375,neutral,4,concentrated_alpha,concentrated_champion
2022-01-31,COO,0.2471084112763697,2.618221630402973,concentrated_alpha,concentrated_alpha,preferred_final_label,0.0279393552585835,0.0069040496900346,4,"{""breakout_setup_quality_score"": 0.0, ""broken_momentum_penalty"": 0.0, ""entry_quality_score"": 0.0, ""explosion_entry_score"": 0.0, ""explosion_exit_score"": 0.0, ""explosion_net_score"": 0.0, ""h1_oversold_value_score"": 0.0, ""h6_dynamic_leader_score"": 0.0, ""portfolio_hold_policy_exit_risk"": 0.0, ""portfolio_monster_early_score"": 0.2912169080839887, ""portfolio_risk_entry_block_score"": 0.1729166666666667, ""relative_strength_composite"": 0.0, ""rs_acceleration_score"": 0.0, ""selection_confirmation_score"": 0.0, ""stage2_overext_penalty"": 0.0, ""theme_phase_multiplier_max"": 0.0, ""theme_phase_multiplier_primary"": 0.0}",balanced,0,2026-05-07-style-regime-router,COOPER INC,Health Care,0.6243612101440743,preferred_final_label,0.0279393552585835,0.0279393552585835,0.0069040496900346,hold,hold,-0.08,True,score_power,rebalance,1,2022-02-28,0.2912169080839887,0.1729166666666667,neutral,4,concentrated_alpha,concentrated_champion
2022-01-31,COR,0.2457694487182931,1.5976667918691685,concentrated_alpha,concentrated_alpha,preferred_final_label,0.0512314784051888,0.0125911322046663,4,"{""breakout_setup_quality_score"": 0.0, ""broken_momentum_penalty"": 0.0, ""entry_quality_score"": 0.0, ""explosion_entry_score"": 0.0, ""explosion_exit_score"": 0.0, ""explosion_net_score"": 0.0, ""h1_oversold_value_score"": 0.0, ""h6_dynamic_leader_score"": 0.0, ""portfolio_hold_policy_exit_risk"": 0.0, ""portfolio_monster_early_score"": 0.5261710292398185, ""portfolio_risk_entry_block_score"": 0.0, ""relative_strength_composite"": 0.0, ""rs_acceleration_score"": 0.0, ""selection_confirmation_score"": 0.0, ""stage2_overext_penalty"": 0.0, ""theme_phase_multiplier_max"": 0.0, ""theme_phase_multiplier_primary"": 0.0}",balanced,0,2026-05-07-style-regime-router,CENCORA INC,Health Care,0.6236087780548432,preferred_final_label,0.0512314784051888,0.0512314784051888,0.0125911322046663,hold,hold,-0.08,True,score_power,rebalance,1,2022-02-28,0.5261710292398185,0.0,neutral,4,concentrated_alpha,concentrated_champion
2022-01-31,AVGO,0.2007769076283087,5.209018574058153,concentrated_alpha,concentrated_alpha,preferred_final_label,-0.0018434160183411,-0.000370115367635,4,"{""breakout_setup_quality_score"": 0.0, ""broken_momentum_penalty"": 0.0, ""entry_quality_score"": 0.0, ""explosion_entry_score"": 0.0, ""explosion_exit_score"": 0.0, ""explosion_net_score"": 0.0, ""h1_oversold_value_score"": 0.0, ""h6_dynamic_leader_score"": 0.0, ""portfolio_hold_policy_exit_risk"": 0.0, ""portfolio_monster_early_score"": 0.3871494773569915, ""portfolio_risk_entry_block_score"": 0.0135416666666666, ""relative_strength_composite"": 0.0, ""rs_acceleration_score"": 0.0, ""selection_confirmation_score"": 0.0, ""stage2_overext_penalty"": 0.0, ""theme_phase_multiplier_max"": 0.0, ""theme_phase_multiplier_primary"": 0.0}",balanced,0,2026-05-07-style-regime-router,BROADCOM INC,Information Technology,0.5970120261408208,preferred_final_label,-0.0018434160183411,-0.0018434160183411,-0.000370115367635,hold,hold,-0.08,True,score_power,rebalance,1,2022-02-28,0.3871494773569915,0.0135416666666666,neutral,4,concentrated_alpha,concentrated_champion
2022-02-28,MA,0.3956788783417618,5.461726828450014,concentrated_alpha,concentrated_alpha,preferred_final_label,0.0038282942308298,0.0015147751672169,4,"{""breakout_setup_quality_score"": 0.0, ""broken_momentum_penalty"": 0.0, ""entry_quality_score"": 0.0, ""explosion_entry_score"": 0.0, ""explosion_exit_score"": 0.0, ""explosion_net_score"": 0.0, ""h1_oversold_value_score"": 0.0, ""h6_dynamic_leader_score"": 0.0, ""portfolio_hold_policy_exit_risk"": 0.0, ""portfolio_monster_early_score"": 0.389334143495204, ""portfolio_risk_entry_block_score"": 0.0270833333333333, ""relative_strength_composite"": 0.0, ""rs_acceleration_score"": 0.0, ""selection_confirmation_score"": 0.0, ""stage2_overext_penalty"": 0.0, ""theme_phase_multiplier_max"": 0.0, ""theme_phase_multiplier_primary"": 0.0}",balanced,0,2026-05-07-style-regime-router,MASTERCARD INC CLASS A,Financials,0.7732956827404112,preferred_final_label,0.0038282942308298,0.0038282942308298,0.0015147751672169,hold,hold,-0.08,True,score_power,rebalance,1,2022-03-31,0.389334143495204,0.0270833333333333,neutral,4,concentrated_alpha,concentrated_champion
2022-02-28,ORLY,0.3177939815867849,4.034260207529448,concentrated_alpha,concentrated_alpha,preferred_final_label,0.0633129182028982,0.0201204643615774,4,"{""breakout_setup_quality_score"": 0.0, ""broken_momentum_penalty"": 0.0, ""entry_quality_score"": 0.0, ""explosion_entry_score"": 0.0, ""explosion_exit_score"": 0.0, ""explosion_net_score"": 0.0, ""h1_oversold_value_score"": 0.0, ""h6_dynamic_leader_score"": 0.0, ""portfolio_hold_policy_exit_risk"": 0.0, ""portfolio_monster_early_score"": 0.4304301062272001, ""portfolio_risk_entry_block_score"": 0.146875, ""relative_strength_composite"": 0.0, ""rs_acceleration_score"": 0.0, ""selection_confirmation_score"": 0.0, ""stage2_overext_penalty"": 0.0, ""theme_phase_multiplier_max"": 0.0, ""theme_phase_multiplier_primary"": 0.0}",balanced,0,2026-05-07-style-regime-router,OREILLY AUTOMOTIVE INC,Consumer Discretionary,0.7161269863278736,preferred_final_label,0.0633129182028982,0.0633129182028982,0.0201204643615774,hold,hold,-0.08,True,score_power,rebalance,1,2022-03-31,0.4304301062272001,0.146875,neutral,4,concentrated_alpha,concentrated_champion
2022-02-28,AVGO,0.2049887506201888,5.189491642731264,concentrated_alpha,concentrated_alpha,preferred_final_label,0.087504329071306,0.0179374030901848,4,"{""breakout_setup_quality_score"": 0.0, ""broken_momentum_penalty"": 0.0, ""entry_quality_score"": 0.0, ""explosion_entry_score"": 0.0, ""explosion_exit_score"": 0.0, ""explosion_net_score"": 0.0, ""h1_oversold_value_score"": 0.0, ""h6_dynamic_leader_score"": 0.0, ""portfolio_hold_policy_exit_risk"": 0.0, ""portfolio_monster_early_score"": 0.414024833772775, ""portfolio_risk_entry_block_score"": 0.0135416666666666, ""relative_strength_composite"": 0.0, ""rs_acceleration_score"": 0.0, ""selection_confirmation_score"": 0.0, ""stage2_overext_penalty"": 0.0, ""theme_phase_multiplier_max"": 0.0, ""theme_phase_multiplier_primary"": 0.0}",balanced,0,2026-05-07-style-regime-router,BROADCOM INC,Information Technology,0.6189674373830173,preferred_final_label,0.087504329071306,0.087504329071306,0.0179374030901848,hold,hold,-0.08,True,score_power,rebalance,1,2022-03-31,0.414024833772775,0.0135416666666666,neutral,4,concentrated_alpha,concentrated_champion
2022-02-28,WMB,0.0815383894512644,2.133450994387489,concentrated_alpha,concentrated_alpha,monster_extreme_early,0.0773024402353355,0.0063031164774418,4,"{""breakout_setup_quality_score"": 0.0, ""broken_momentum_penalty"": 0.0, ""entry_quality_score"": 0.0, ""explosion_entry_score"": 0.0, ""explosion_exit_score"": 0.0, ""explosion_net_score"": 0.0, ""h1_oversold_value_score"": 0.0, ""h6_dynamic_leader_score"": 0.0, ""portfolio_hold_policy_exit_risk"": 0.0, ""portfolio_monster_early_score"": 0.6458045731346904, ""portfolio_risk_entry_block_score"": 0.1333333333333333, ""relative_strength_composite"": 0.0, ""rs_acceleration_score"": 0.0, ""selection_confirmation_score"": 0.0, ""stage2_overext_penalty"": 0.0, ""theme_phase_multiplier_max"": 0.0, ""theme_phase_multiplier_primary"": 0.0}",balanced,0,2026-05-07-style-regime-router,WILLIAMS INC,Energy,0.4725762794093289,monster_extreme_early,0.0773024402353355,0.0773024402353355,0.0063031164774418,hold,hold,-0.08,True,score_power,rebalance,1,2022-03-31,0.6458045731346904,0.1333333333333333,promote_monster_early,4,concentrated_alpha,concentrated_champion
2022-03-31,ORLY,0.3127361431461238,3.27439425179353,concentrated_alpha,concentrated_alpha,preferred_final_label,-0.08,-0.0250188914516899,4,"{""breakout_setup_quality_score"": 0.0, ""broken_momentum_penalty"": 0.0, ""entry_quality_score"": 0.0, ""explosion_entry_score"": 0.0, ""explosion_exit_score"": 0.0, ""explosion_net_score"": 0.0, ""h1_oversold_value_score"": 0.0, ""h6_dynamic_leader_score"": 0.0, ""portfolio_hold_policy_exit_risk"": 0.0, ""portfolio_monster_early_score"": 0.4614748548769304, ""portfolio_risk_entry_block_score"": 0.146875, ""relative_strength_composite"": 0.0, ""rs_acceleration_score"": 0.0, ""selection_confirmation_score"": 0.0, ""stage2_overext_penalty"": 0.0, ""theme_phase_multiplier_max"": 0.0, ""theme_phase_multiplier_primary"": 0.0}",growth_reentry_alert,0,2026-05-07-style-regime-router,OREILLY AUTOMOTIVE INC,Consumer Discretionary,0.6285139890481364,preferred_final_label,-0.1237634588516161,-0.08,-0.0387053067836784,risk_exit,hard_stop,-0.08,True,score_power,rebalance,1,2022-04-29,0.4614748548769304,0.146875,neutral,4,concentrated_alpha,concentrated_champion
2022-03-31,AVGO,0.2642667864094135,5.310374040796037,concentrated_alpha,concentrated_alpha,preferred_final_label,-0.08,-0.021141342912753,4,"{""breakout_setup_quality_score"": 0.0, ""broken_momentum_penalty"": 0.0, ""entry_quality_score"": 0.0, ""explosion_entry_score"": 0.0, ""explosion_exit_score"": 0.0, ""explosion_net_score"": 0.0, ""h1_oversold_value_score"": 0.0, ""h6_dynamic_leader_score"": 0.0, ""portfolio_hold_policy_exit_risk"": 0.0, ""portfolio_monster_early_score"": 0.4867500039924643, ""portfolio_risk_entry_block_score"": 0.146875, ""relative_strength_composite"": 0.0, ""rs_acceleration_score"": 0.0, ""selection_confirmation_score"": 0.0, ""stage2_overext_penalty"": 0.0, ""theme_phase_multiplier_max"": 0.0, ""theme_phase_multiplier_primary"": 0.0}",growth_reentry_alert,0,2026-05-07-style-regime-router,BROADCOM INC,Information Technology,0.6030823225476666,preferred_final_label,-0.1180168294418825,-0.08,-0.0311879282588341,risk_exit,hard_stop,-0.08,True,score_power,rebalance,1,2022-04-29,0.4867500039924643,0.146875,neutral,4,concentrated_alpha,concentrated_champion
2022-03-31,NI,0.2259250170437607,1.384911647993841,concentrated_alpha,concentrated_alpha,preferred_final_label,-0.0715686494112692,-0.0161691483380399,4,"{""breakout_setup_quality_score"": 0.0, ""broken_momentum_penalty"": 0.0, ""entry_quality_score"": 0.0, ""explosion_entry_score"": 0.0, ""explosion_exit_score"": 0.0, ""explosion_net_score"": 0.0, ""h1_oversold_value_score"": 0.0, ""h6_dynamic_leader_score"": 0.0, ""portfolio_hold_policy_exit_risk"": 0.0, ""portfolio_monster_early_score"": 0.5713645829829374, ""portfolio_risk_entry_block_score"": 0.1083333333333333, ""relative_strength_composite"": 0.0, ""rs_acceleration_score"": 0.0, ""selection_confirmation_score"": 0.0, ""stage2_overext_penalty"": 0.0, ""theme_phase_multiplier_max"": 0.0, ""theme_phase_multiplier_primary"": 0.0}",growth_reentry_alert,0,2026-05-07-style-regime-router,NISOURCE INC,Utilities,0.5812583145923648,preferred_final_label,-0.0715686494112692,-0.0715686494112692,-0.0161691483380399,hold,hold,-0.08,True,score_power,rebalance,1,2022-04-29,0.5713645829829374,0.1083333333333333,neutral,4,concentrated_alpha,concentrated_champion
2022-03-31,FCX,0.197072053400702,4.350032833855659,concentrated_alpha,concentrated_alpha,monster_extreme_early,-0.08,-0.0157657642720561,4,"{""breakout_setup_quality_score"": 0.0, ""broken_momentum_penalty"": 0.0, ""entry_quality_score"": 0.0, ""explosion_entry_score"": 0.0, ""explosion_exit_score"": 0.0, ""explosion_net_score"": 0.0, ""h1_oversold_value_score"": 0.0, ""h6_dynamic_leader_score"": 0.0, ""portfolio_hold_policy_exit_risk"": 0.0, ""portfolio_monster_early_score"": 0.6222780807446492, ""portfolio_risk_entry_block_score"": 0.2416666666666667, ""relative_strength_composite"": 0.0, ""rs_acceleration_score"": 0.0, ""selection_confirmation_score"": 0.0, ""stage2_overext_penalty"": 0.0, ""theme_phase_multiplier_max"": 0.0, ""theme_phase_multiplier_primary"": 0.0}",growth_reentry_alert,0,2026-05-07-style-regime-router,FREEPORT MCMORAN INC,Materials,0.5635821815626276,monster_extreme_early,-0.1967684455109942,-0.08,-0.0387775616013157,risk_exit,hard_stop,-0.08,True,score_power,rebalance,1,2022-04-29,0.6222780807446492,0.2416666666666667,promote_monster_early,4,concentrated_alpha,concentrated_champion
2022-04-29,BLDR,0.3687997339228954,3.5115993404364003,concentrated_alpha,concentrated_alpha,preferred_final_label,0.0657596576435959,0.0242521442418188,4,"{""breakout_setup_quality_score"": 0.0, ""broken_momentum_penalty"": 0.0, ""entry_quality_score"": 0.0, ""explosion_entry_score"": 0.0, ""explosion_exit_score"": 0.0, ""explosion_net_score"": 0.0, ""h1_oversold_value_score"": 0.0, ""h6_dynamic_leader_score"": 0.0, ""portfolio_hold_policy_exit_risk"": 0.0, ""portfolio_monster_early_score"": 0.2886873028147764, ""portfolio_risk_entry_block_score"": 0.2927083333333333, ""relative_strength_composite"": 0.0, ""rs_acceleration_score"": 0.0, ""selection_confirmation_score"": 0.0, ""stage2_overext_penalty"": 0.0, ""theme_phase_multiplier_max"": 0.0, ""theme_phase_multiplier_primary"": 0.0}",risk_off_alert,0,2026-05-07-style-regime-router,BUILDERS FIRSTSOURCE INC,Industrials,0.6685257897855771,preferred_final_label,0.0657596576435959,0.0657596576435959,0.0242521442418188,hold,hold,-0.08,True,score_power,rebalance,1,2022-05-31,0.2886873028147764,0.2927083333333333,neutral,4,concentrated_alpha,concentrated_champion
2022-04-29,NOW,0.2215569696670252,4.665993772299473,concentrated_alpha,concentrated_alpha,preferred_final_label,0.0344434949244252,0.0076311963601972,4,"{""breakout_setup_quality_score"": 0.0, ""broken_momentum_penalty"": 0.0, ""entry_quality_score"": 0.0, ""explosion_entry_score"": 0.0, ""explosion_exit_score"": 0.0, ""explosion_net_score"": 0.0, ""h1_oversold_value_score"": 0.0, ""h6_dynamic_leader_score"": 0.0, ""portfolio_hold_policy_exit_risk"": 0.0, ""portfolio_monster_early_score"": 0.1970742524733873, ""portfolio_risk_entry_block_score"": 0.3197916666666667, ""relative_strength_composite"": 0.0, ""rs_acceleration_score"": 0.0, ""selection_confirmation_score"": 0.0, ""stage2_overext_penalty"": 0.0, ""theme_phase_multiplier_max"": 0.0, ""theme_phase_multiplier_primary"": 0.0}",risk_off_alert,0,2026-05-07-style-regime-router,SERVICENOW INC,Information Technology,0.5901459843555468,preferred_final_label,0.0344434949244252,0.0344434949244252,0.0076311963601972,hold,hold,-0.08,True,score_power,rebalance,1,2022-05-31,0.1970742524733873,0.3197916666666667,neutral,4,concentrated_alpha,concentrated_champion
2022-04-29,FDS,0.2198362409469868,2.293059861891284,concentrated_alpha,concentrated_alpha,preferred_final_label,-0.08,-0.0175868992757589,4,"{""breakout_setup_quality_score"": 0.0, ""broken_momentum_penalty"": 0.0, ""entry_quality_score"": 0.0, ""explosion_entry_score"": 0.0, ""explosion_exit_score"": 0.0, ""explosion_net_score"": 0.0, ""h1_oversold_value_score"": 0.0, ""h6_dynamic_leader_score"": 0.0, ""portfolio_hold_policy_exit_risk"": 0.0, ""portfolio_monster_early_score"": 0.2821605279492121, ""portfolio_risk_entry_block_score"": 0.2927083333333333, ""relative_strength_composite"": 0.0, ""rs_acceleration_score"": 0.0, ""selection_confirmation_score"": 0.0, ""stage2_overext_penalty"": 0.0, ""theme_phase_multiplier_max"": 0.0, ""theme_phase_multiplier_primary"": 0.0}",risk_off_alert,0,2026-05-07-style-regime-router,FACTSET RESEARCH SYSTEMS INC,Financials,0.5890950653577177,preferred_final_label,-0.0804870153622544,-0.08,-0.0176939629022804,risk_exit,hard_stop,-0.08,True,score_power,rebalance,1,2022-05-31,0.2821605279492121,0.2927083333333333,neutral,4,concentrated_alpha,concentrated_champion
2022-04-29,AVGO,0.1898070554630924,4.852769142188278,concentrated_alpha,concentrated_alpha,preferred_final_label,0.0546362837352363,0.0103703521372312,4,"{""breakout_setup_quality_score"": 0.0, ""broken_momentum_penalty"": 0.0, ""entry_quality_score"": 0.0, ""explosion_entry_score"": 0.0, ""explosion_exit_score"": 0.0, ""explosion_net_score"": 0.0, ""h1_oversold_value_score"": 0.0, ""h6_dynamic_leader_score"": 0.0, ""portfolio_hold_policy_exit_risk"": 0.0, ""portfolio_monster_early_score"": 0.3374239647733243, ""portfolio_risk_entry_block_score"": 0.1739583333333333, ""relative_strength_composite"": 0.0, ""rs_acceleration_score"": 0.0, ""selection_confirmation_score"": 0.0, ""stage2_overext_penalty"": 0.0, ""theme_phase_multiplier_max"": 0.0, ""theme_phase_multiplier_primary"": 0.0}",risk_off_alert,0,2026-05-07-style-regime-router,BROADCOM INC,Information Technology,0.5700447673752163,preferred_final_label,0.0546362837352363,0.0546362837352363,0.0103703521372312,hold,hold,-0.08,True,score_power,rebalance,1,2022-05-31,0.3374239647733243,0.1739583333333333,neutral,4,concentrated_alpha,concentrated_champion
2022-05-31,ETR,0.3340518420765782,3.2340022183084445,concentrated_alpha,concentrated_alpha,preferred_final_label,-0.0642353438564555,-0.0214579349416713,4,"{""breakout_setup_quality_score"": 0.0, ""broken_momentum_penalty"": 0.0, ""entry_quality_score"": 0.0, ""explosion_entry_score"": 0.0, ""explosion_exit_score"": 0.0, ""explosion_net_score"": 0.0, ""h1_oversold_value_score"": 0.0, ""h6_dynamic_leader_score"": 0.0, ""portfolio_hold_policy_exit_risk"": 0.0, ""portfolio_monster_early_score"": 0.5601172096522937, ""portfolio_risk_entry_block_score"": 0.0, ""relative_strength_composite"": 0.0, ""rs_acceleration_score"": 0.0, ""selection_confirmation_score"": 0.0, ""stage2_overext_penalty"": 0.0, ""theme_phase_multiplier_max"": 0.0, ""theme_phase_multiplier_primary"": 0.0}",balanced,0,2026-05-07-style-regime-router,ENTERGY CORP,Utilities,0.6854312718843821,preferred_final_label,-0.0642353438564555,-0.0642353438564555,-0.0214579349416713,hold,hold,-0.08,True,score_power,rebalance,1,2022-06-30,0.5601172096522937,0.0,neutral,4,concentrated_alpha,concentrated_champion
2022-05-31,AEE,0.3231329438888178,3.04198264168409,concentrated_alpha,concentrated_alpha,preferred_final_label,-0.0421919611974038,-0.0136336126301598,4,"{""breakout_setup_quality_score"": 0.0, ""broken_momentum_penalty"": 0.0, ""entry_quality_score"": 0.0, ""explosion_entry_score"": 0.0, ""explosion_exit_score"": 0.0, ""explosion_net_score"": 0.0, ""h1_oversold_value_score"": 0.0, ""h6_dynamic_leader_score"": 0.0, ""portfolio_hold_policy_exit_risk"": 0.0, ""portfolio_monster_early_score"": 0.5526070276913415, ""portfolio_risk_entry_block_score"": 0.0, ""relative_strength_composite"": 0.0, ""rs_acceleration_score"": 0.0, ""selection_confirmation_score"": 0.0, ""stage2_overext_penalty"": 0.0, ""theme_phase_multiplier_max"": 0.0, ""theme_phase_multiplier_primary"": 0.0}",balanced,0,2026-05-07-style-regime-router,AMEREN CORP,Utilities,0.6789939439980057,preferred_final_label,-0.0421919611974038,-0.0421919611974038,-0.0136336126301598,hold,hold,-0.08,True,score_power,rebalance,1,2022-06-30,0.5526070276913415,0.0,neutral,4,concentrated_alpha,concentrated_champion
2022-05-31,NFG,0.2059985908727493,1.8364687986039776,concentrated_alpha,concentrated_alpha,monster_extreme_early,-0.08,-0.0164798872698199,4,"{""breakout_setup_quality_score"": 0.0, ""broken_momentum_penalty"": 0.0, ""entry_quality_score"": 0.0, ""explosion_entry_score"": 0.0, ""explosion_exit_score"": 0.0, ""explosion_net_score"": 0.0, ""h1_oversold_value_score"": 0.0, ""h6_dynamic_leader_score"": 0.0, ""portfolio_hold_policy_exit_risk"": 0.0, ""portfolio_monster_early_score"": 0.6269548088659961, ""portfolio_risk_entry_block_score"": 0.1333333333333333, ""relative_strength_composite"": 0.0, ""rs_acceleration_score"": 0.0, ""selection_confirmation_score"": 0.0, ""stage2_overext_penalty"": 0.0, ""theme_phase_multiplier_max"": 0.0, ""theme_phase_multiplier_primary"": 0.0}",balanced,0,2026-05-07-style-regime-router,NATIONAL FUEL GAS,Utilities,0.6015533576886711,monster_extreme_early,-0.094611411785164,-0.08,-0.0194898175082252,risk_exit,hard_stop,-0.08,True,score_power,rebalance,1,2022-06-30,0.6269548088659961,0.1333333333333333,promote_monster_early,4,concentrated_alpha,concentrated_champion
2022-05-31,VLO,0.1368166231618546,4.094278579585421,concentrated_alpha,concentrated_alpha,monster_extreme_early,-0.08,-0.0109453298529483,4,"{""breakout_setup_quality_score"": 0.0, ""broken_momentum_penalty"": 0.0, ""entry_quality_score"": 0.0, ""explosion_entry_score"": 0.0, ""explosion_exit_score"": 0.0, ""explosion_net_score"": 0.0, ""h1_oversold_value_score"": 0.0, ""h6_dynamic_leader_score"": 0.0, ""portfolio_hold_policy_exit_risk"": 0.0, ""portfolio_monster_early_score"": 0.6344246462302112, ""portfolio_risk_entry_block_score"": 0.2416666666666667, ""relative_strength_composite"": 0.0, ""rs_acceleration_score"": 0.0, ""selection_confirmation_score"": 0.0, ""stage2_overext_penalty"": 0.0, ""theme_phase_multiplier_max"": 0.0, ""theme_phase_multiplier_primary"": 0.0}",balanced,0,2026-05-07-style-regime-router,VALERO ENERGY CORP,Energy,0.5447905529497526,monster_extreme_early,-0.1729455417437126,-0.08,-0.0236618250122723,risk_exit,hard_stop,-0.08,True,score_power,rebalance,1,2022-06-30,0.6344246462302112,0.2416666666666667,promote_monster_early,4,concentrated_alpha,concentrated_champion
2022-06-30,NOW,0.2970646313787049,4.7274539886572695,concentrated_alpha,concentrated_alpha,preferred_final_label,-0.0756743471187361,-0.0224801720316515,4,"{""breakout_setup_quality_score"": 0.0, ""broken_momentum_penalty"": 0.0, ""entry_quality_score"": 0.0, ""explosion_entry_score"": 0.0, ""explosion_exit_score"": 0.0, ""explosion_net_score"": 0.0, ""h1_oversold_value_score"": 0.0, ""h6_dynamic_leader_score"": 0.0, ""portfolio_hold_policy_exit_risk"": 0.0, ""portfolio_monster_early_score"": 0.2840755263898103, ""portfolio_risk_entry_block_score"": 0.159375, ""relative_strength_composite"": 0.0, ""rs_acceleration_score"": 0.0, ""selection_confirmation_score"": 0.0, ""stage2_overext_penalty"": 0.0, ""theme_phase_multiplier_max"": 0.0, ""theme_phase_multiplier_primary"": 0.0}",balanced,0,2026-05-07-style-regime-router,SERVICENOW INC,Information Technology,0.6607723743373244,preferred_final_label,-0.0756743471187361,-0.0756743471187361,-0.0224801720316515,hold,hold,-0.08,True,score_power,rebalance,1,2022-07-29,0.2840755263898103,0.159375,neutral,4,concentrated_alpha,concentrated_champion
2022-06-30,ORLY,0.246917620247838,3.2085847621278765,concentrated_alpha,concentrated_alpha,preferred_final_label,0.1185956362143481,0.0292833522658251,4,"{""breakout_setup_quality_score"": 0.0, ""broken_momentum_penalty"": 0.0, ""entry_quality_score"": 0.0, ""explosion_entry_score"": 0.0, ""explosion_exit_score"": 0.0, ""explosion_net_score"": 0.0, ""h1_oversold_value_score"": 0.0, ""h6_dynamic_leader_score"": 0.0, ""portfolio_hold_policy_exit_risk"": 0.0, ""portfolio_monster_early_score"": 0.3537211500476796, ""portfolio_risk_entry_block_score"": 0.1942708333333333, ""relative_strength_composite"": 0.0, ""rs_acceleration_score"": 0.0, ""selection_confirmation_score"": 0.0, ""stage2_overext_penalty"": 0.0, ""theme_phase_multiplier_max"": 0.0, ""theme_phase_multiplier_primary"": 0.0}",balanced,0,2026-05-07-style-regime-router,OREILLY AUTOMOTIVE INC,Consumer Discretionary,0.6347115423596308,preferred_final_label,0.1185956362143481,0.1185956362143481,0.0292833522658251,hold,hold,-0.08,True,score_power,rebalance,1,2022-07-29,0.3537211500476796,0.1942708333333333,neutral,4,concentrated_alpha,concentrated_champion
2022-06-30,VICI,0.2428583593815663,5.040684440868838,concentrated_alpha,concentrated_alpha,preferred_final_label,0.1461773650502233,0.0355003950548175,4,"{""breakout_setup_quality_score"": 0.0, ""broken_momentum_penalty"": 0.0, ""entry_quality_score"": 0.0, ""explosion_entry_score"": 0.0, ""explosion_exit_score"": 0.0, ""explosion_net_score"": 0.0, ""h1_oversold_value_score"": 0.0, ""h6_dynamic_leader_score"": 0.0, ""portfolio_hold_policy_exit_risk"": 0.0, ""portfolio_monster_early_score"": 0.4273409406028726, ""portfolio_risk_entry_block_score"": 0.1052083333333333, ""relative_strength_composite"": 0.0, ""rs_acceleration_score"": 0.0, ""selection_confirmation_score"": 0.0, ""stage2_overext_penalty"": 0.0, ""theme_phase_multiplier_max"": 0.0, ""theme_phase_multiplier_primary"": 0.0}",balanced,0,2026-05-07-style-regime-router,VICI PPTYS INC,Real Estate,0.6324906642290384,preferred_final_label,0.1461773650502233,0.1461773650502233,0.0355003950548175,hold,hold,-0.08,True,score_power,rebalance,1,2022-07-29,0.4273409406028726,0.1052083333333333,neutral,4,concentrated_alpha,concentrated_champion
2022-06-30,AEE,0.2131593889918907,2.15826400899839,concentrated_alpha,concentrated_alpha,preferred_final_label,0.0262347107700804,0.0055921749181293,4,"{""breakout_setup_quality_score"": 0.0, ""broken_momentum_penalty"": 0.0, ""entry_quality_score"": 0.0, ""explosion_entry_score"": 0.0, ""explosion_exit_score"": 0.0, ""explosion_net_score"": 0.0, ""h1_oversold_value_score"": 0.0, ""h6_dynamic_leader_score"": 0.0, ""portfolio_hold_policy_exit_risk"": 0.0, ""portfolio_monster_early_score"": 0.4420944224991405, ""portfolio_risk_entry_block_score"": 0.1604166666666666, ""relative_strength_composite"": 0.0, ""rs_acceleration_score"": 0.0, ""selection_confirmation_score"": 0.0, ""stage2_overext_penalty"": 0.0, ""theme_phase_multiplier_max"": 0.0, ""theme_phase_multiplier_primary"": 0.0}",balanced,0,2026-05-07-style-regime-router,AMEREN CORP,Utilities,0.6156424482001488,preferred_final_label,0.0262347107700804,0.0262347107700804,0.0055921749181293,hold,hold,-0.08,True,score_power,rebalance,1,2022-07-29,0.4420944224991405,0.1604166666666666,neutral,4,concentrated_alpha,concentrated_champion
2022-07-29,ORLY,0.3396433701746063,3.0141958159779225,concentrated_alpha,concentrated_alpha,preferred_final_label,-0.0027948899362666,-0.0009492658372206,4,"{""breakout_setup_quality_score"": 0.0, ""broken_momentum_penalty"": 0.0, ""entry_quality_score"": 0.0, ""explosion_entry_score"": 0.0, ""explosion_exit_score"": 0.0, ""explosion_net_score"": 0.0, ""h1_oversold_value_score"": 0.0, ""h6_dynamic_leader_score"": 0.0, ""portfolio_hold_policy_exit_risk"": 0.0, ""portfolio_monster_early_score"": 0.4668421302970742, ""portfolio_risk_entry_block_score"": 0.0, ""relative_strength_composite"": 0.0, ""rs_acceleration_score"": 0.0, ""selection_confirmation_score"": 0.0, ""stage2_overext_penalty"": 0.0, ""theme_phase_multiplier_max"": 0.0, ""theme_phase_multiplier_primary"": 0.0}",balanced,0,2026-05-07-style-regime-router,OREILLY AUTOMOTIVE INC,Consumer Discretionary,0.6457372220152853,preferred_final_label,-0.0027948899362666,-0.0027948899362666,-0.0009492658372206,hold,hold,-0.08,True,score_power,rebalance,1,2022-08-31,0.4668421302970742,0.0,neutral,4,concentrated_alpha,concentrated_champion
2022-07-29,FANG,0.2235010861442088,2.1006590707935566,concentrated_alpha,concentrated_alpha,preferred_final_label,0.0615151433160188,0.0137487013454468,4,"{""breakout_setup_quality_score"": 0.0, ""broken_momentum_penalty"": 0.0, ""entry_quality_score"": 0.0, ""explosion_entry_score"": 0.0, ""explosion_exit_score"": 0.0, ""explosion_net_score"": 0.0, ""h1_oversold_value_score"": 0.0, ""h6_dynamic_leader_score"": 0.0, ""portfolio_hold_policy_exit_risk"": 0.0, ""portfolio_monster_early_score"": 0.3850022117896399, ""portfolio_risk_entry_block_score"": 0.2520833333333334, ""relative_strength_composite"": 0.0, ""rs_acceleration_score"": 0.0, ""selection_confirmation_score"": 0.0, ""stage2_overext_penalty"": 0.0, ""theme_phase_multiplier_max"": 0.0, ""theme_phase_multiplier_primary"": 0.0}",balanced,0,2026-05-07-style-regime-router,DIAMONDBACK ENERGY INC,Energy,0.5863197236585946,preferred_final_label,0.0615151433160188,0.0615151433160188,0.0137487013454468,hold,hold,-0.08,True,score_power,rebalance,1,2022-08-31,0.3850022117896399,0.2520833333333334,neutral,4,concentrated_alpha,concentrated_champion
2022-07-29,WCC,0.2225290881341359,2.117074392154973,concentrated_alpha,concentrated_alpha,preferred_final_label,0.0238958076496722,0.0053175122865102,4,"{""breakout_setup_quality_score"": 0.0, ""broken_momentum_penalty"": 0.0, ""entry_quality_score"": 0.0, ""explosion_entry_score"": 0.0, ""explosion_exit_score"": 0.0, ""explosion_net_score"": 0.0, ""h1_oversold_value_score"": 0.0, ""h6_dynamic_leader_score"": 0.0, ""portfolio_hold_policy_exit_risk"": 0.0, ""portfolio_monster_early_score"": 0.4086871977073781, ""portfolio_risk_entry_block_score"": 0.146875, ""relative_strength_composite"": 0.0, ""rs_acceleration_score"": 0.0, ""selection_confirmation_score"": 0.0, ""stage2_overext_penalty"": 0.0, ""theme_phase_multiplier_max"": 0.0, ""theme_phase_multiplier_primary"": 0.0}",balanced,0,2026-05-07-style-regime-router,WESCO INTERNATIONAL INC,Industrials,0.5857639849679278,preferred_final_label,0.0238958076496722,0.0238958076496722,0.0053175122865102,hold,hold,-0.08,True,score_power,rebalance,1,2022-08-31,0.4086871977073781,0.146875,neutral,4,concentrated_alpha,concentrated_champion
2022-07-29,AEE,0.2143264555470487,1.9733333090190317,concentrated_alpha,concentrated_alpha,preferred_final_label,-0.0036520313282911,-0.0007827269301394,4,"{""breakout_setup_quality_score"": 0.0, ""broken_momentum_penalty"": 0.0, ""entry_quality_score"": 0.0, ""explosion_entry_score"": 0.0, ""explosion_exit_score"": 0.0, ""explosion_net_score"": 0.0, ""h1_oversold_value_score"": 0.0, ""h6_dynamic_leader_score"": 0.0, ""portfolio_hold_policy_exit_risk"": 0.0, ""portfolio_monster_early_score"": 0.5140170342351076, ""portfolio_risk_entry_block_score"": 0.146875, ""relative_strength_composite"": 0.0, ""rs_acceleration_score"": 0.0, ""selection_confirmation_score"": 0.0, ""stage2_overext_penalty"": 0.0, ""theme_phase_multiplier_max"": 0.0, ""theme_phase_multiplier_primary"": 0.0}",balanced,0,2026-05-07-style-regime-router,AMEREN CORP,Utilities,0.5810249425592275,preferred_final_label,-0.0036520313282911,-0.0036520313282911,-0.0007827269301394,hold,hold,-0.08,True,score_power,rebalance,1,2022-08-31,0.5140170342351076,0.146875,neutral,4,concentrated_alpha,concentrated_champion
2022-08-31,DKS,0.2892573057553173,2.703573813170193,concentrated_alpha,concentrated_alpha,preferred_final_label,0.0106919689256352,0.0030927301246488,4,"{""breakout_setup_quality_score"": 0.0, ""broken_momentum_penalty"": 0.0, ""entry_quality_score"": 0.0, ""explosion_entry_score"": 0.0, ""explosion_exit_score"": 0.0, ""explosion_net_score"": 0.0, ""h1_oversold_value_score"": 0.0, ""h6_dynamic_leader_score"": 0.0, ""portfolio_hold_policy_exit_risk"": 0.0, ""portfolio_monster_early_score"": 0.3745354901960996, ""portfolio_risk_entry_block_score"": 0.24375, ""relative_strength_composite"": 0.0, ""rs_acceleration_score"": 0.0, ""selection_confirmation_score"": 0.0, ""stage2_overext_penalty"": 0.0, ""theme_phase_multiplier_max"": 0.0, ""theme_phase_multiplier_primary"": 0.0}",balanced,0,2026-05-07-style-regime-router,DICKS SPORTING INC,Consumer Discretionary,0.6740320954374994,preferred_final_label,0.0106919689256352,0.0106919689256352,0.0030927301246488,hold,hold,-0.08,True,score_power,rebalance,1,2022-09-30,0.3745354901960996,0.24375,neutral,4,concentrated_alpha,concentrated_champion
2022-08-31,WCC,0.2705340145654656,2.654257252555992,concentrated_alpha,concentrated_alpha,preferred_final_label,-0.0697835582377168,-0.0188788261607125,4,"{""breakout_setup_quality_score"": 0.0, ""broken_momentum_penalty"": 0.0, ""entry_quality_score"": 0.0, ""explosion_entry_score"": 0.0, ""explosion_exit_score"": 0.0, ""explosion_net_score"": 0.0, ""h1_oversold_value_score"": 0.0, ""h6_dynamic_leader_score"": 0.0, ""portfolio_hold_policy_exit_risk"": 0.0, ""portfolio_monster_early_score"": 0.4299955964154339, ""portfolio_risk_entry_block_score"": 0.1604166666666666, ""relative_strength_composite"": 0.0, ""rs_acceleration_score"": 0.0, ""selection_confirmation_score"": 0.0, ""stage2_overext_penalty"": 0.0, ""theme_phase_multiplier_max"": 0.0, ""theme_phase_multiplier_primary"": 0.0}",balanced,0,2026-05-07-style-regime-router,WESCO INTERNATIONAL INC,Industrials,0.6635769959535439,preferred_final_label,-0.0697835582377168,-0.0697835582377168,-0.0188788261607125,hold,hold,-0.08,True,score_power,rebalance,1,2022-09-30,0.4299955964154339,0.1604166666666666,neutral,4,concentrated_alpha,concentrated_champion
2022-08-31,ORLY,0.2611260689130779,2.867230555062418,concentrated_alpha,concentrated_alpha,preferred_final_label,0.0131987293033948,0.0034465322976433,4,"{""breakout_setup_quality_score"": 0.0, ""broken_momentum_penalty"": 0.0, ""entry_quality_score"": 0.0, ""explosion_entry_score"": 0.0, ""explosion_exit_score"": 0.0, ""explosion_net_score"": 0.0, ""h1_oversold_value_score"": 0.0, ""h6_dynamic_leader_score"": 0.0, ""portfolio_hold_policy_exit_risk"": 0.0, ""portfolio_monster_early_score"": 0.4674105770631297, ""portfolio_risk_entry_block_score"": 0.0135416666666666, ""relative_strength_composite"": 0.0, ""rs_acceleration_score"": 0.0, ""selection_confirmation_score"": 0.0, ""stage2_overext_penalty"": 0.0, ""theme_phase_multiplier_max"": 0.0, ""theme_phase_multiplier_primary"": 0.0}",balanced,0,2026-05-07-style-regime-router,OREILLY AUTOMOTIVE INC,Consumer Discretionary,0.6581869424605113,preferred_final_label,0.0131987293033948,0.0131987293033948,0.0034465322976433,hold,hold,-0.08,True,score_power,rebalance,1,2022-09-30,0.4674105770631297,0.0135416666666666,neutral,4,concentrated_alpha,concentrated_champion
2022-08-31,CHRW,0.1790826107661391,1.8987226691327976,concentrated_alpha,concentrated_alpha,preferred_final_label,-0.08,-0.0143266088612911,4,"{""breakout_setup_quality_score"": 0.0, ""broken_momentum_penalty"": 0.0, ""entry_quality_score"": 0.0, ""explosion_entry_score"": 0.0, ""explosion_exit_score"": 0.0, ""explosion_net_score"": 0.0, ""h1_oversold_value_score"": 0.0, ""h6_dynamic_leader_score"": 0.0, ""portfolio_hold_policy_exit_risk"": 0.0, ""portfolio_monster_early_score"": 0.5099922724073616, ""portfolio_risk_entry_block_score"": 0.1333333333333333, ""relative_strength_composite"": 0.0, ""rs_acceleration_score"": 0.0, ""selection_confirmation_score"": 0.0, ""stage2_overext_penalty"": 0.0, ""theme_phase_multiplier_max"": 0.0, ""theme_phase_multiplier_primary"": 0.0}",balanced,0,2026-05-07-style-regime-router,CH ROBINSON WORLDWIDE INC,Industrials,0.606304110478512,preferred_final_label,-0.1430464900911181,-0.08,-0.02561713890645,risk_exit,hard_stop,-0.08,True,score_power,rebalance,1,2022-09-30,0.5099922724073616,0.1333333333333333,neutral,4,concentrated_alpha,concentrated_champion
2022-09-30,ORLY,0.3484325348308487,2.99075936686107,concentrated_alpha,concentrated_alpha,preferred_final_label,0.1834335085733778,0.0639142023651382,4,"{""breakout_setup_quality_score"": 0.0, ""broken_momentum_penalty"": 0.0, ""entry_quality_score"": 0.0, ""explosion_entry_score"": 0.0, ""explosion_exit_score"": 0.0, ""explosion_net_score"": 0.0, ""h1_oversold_value_score"": 0.0, ""h6_dynamic_leader_score"": 0.0, ""portfolio_hold_policy_exit_risk"": 0.0, ""portfolio_monster_early_score"": 0.4466090261287742, ""portfolio_risk_entry_block_score"": 0.0135416666666666, ""relative_strength_composite"": 0.0, ""rs_acceleration_score"": 0.0, ""selection_confirmation_score"": 0.0, ""stage2_overext_penalty"": 0.0, ""theme_phase_multiplier_max"": 0.0, ""theme_phase_multiplier_primary"": 0.0}",balanced,0,2026-05-07-style-regime-router,OREILLY AUTOMOTIVE INC,Consumer Discretionary,0.6933169525282965,preferred_final_label,0.1834335085733778,0.1834335085733778,0.0639142023651382,hold,hold,-0.08,True,score_power,rebalance,1,2022-10-31,0.4466090261287742,0.0135416666666666,neutral,4,concentrated_alpha,concentrated_champion
2022-09-30,DKS,0.3063829182878808,2.6545755462158755,concentrated_alpha,concentrated_alpha,preferred_final_label,0.1013770391628667,0.0310601931061039,4,"{""breakout_setup_quality_score"": 0.0, ""broken_momentum_penalty"": 0.0, ""entry_quality_score"": 0.0, ""explosion_entry_score"": 0.0, ""explosion_exit_score"": 0.0, ""explosion_net_score"": 0.0, ""h1_oversold_value_score"": 0.0, ""h6_dynamic_leader_score"": 0.0, ""portfolio_hold_policy_exit_risk"": 0.0, ""portfolio_monster_early_score"": 0.3708695278303459, ""portfolio_risk_entry_block_score"": 0.24375, ""relative_strength_composite"": 0.0, ""rs_acceleration_score"": 0.0, ""selection_confirmation_score"": 0.0, ""stage2_overext_penalty"": 0.0, ""theme_phase_multiplier_max"": 0.0, ""theme_phase_multiplier_primary"": 0.0}",balanced,0,2026-05-07-style-regime-router,DICKS SPORTING INC,Consumer Discretionary,0.6698290845615693,preferred_final_label,0.1013770391628667,0.1013770391628667,0.0310601931061039,hold,hold,-0.08,True,score_power,rebalance,1,2022-10-31,0.3708695278303459,0.24375,neutral,4,concentrated_alpha,concentrated_champion
2022-09-30,WCC,0.1920700168745226,2.3206984088028952,concentrated_alpha,concentrated_alpha,preferred_final_label,0.159228176422332,0.0305829585323367,4,"{""breakout_setup_quality_score"": 0.0, ""broken_momentum_penalty"": 0.0, ""entry_quality_score"": 0.0, ""explosion_entry_score"": 0.0, ""explosion_exit_score"": 0.0, ""explosion_net_score"": 0.0, ""h1_oversold_value_score"": 0.0, ""h6_dynamic_leader_score"": 0.0, ""portfolio_hold_policy_exit_risk"": 0.0, ""portfolio_monster_early_score"": 0.3164640802275944, ""portfolio_risk_entry_block_score"": 0.0677083333333333, ""relative_strength_composite"": 0.0, ""rs_acceleration_score"": 0.0, ""selection_confirmation_score"": 0.0, ""stage2_overext_penalty"": 0.0, ""theme_phase_multiplier_max"": 0.0, ""theme_phase_multiplier_primary"": 0.0}",balanced,0,2026-05-07-style-regime-router,WESCO INTERNATIONAL INC,Industrials,0.5961891838153784,preferred_final_label,0.159228176422332,0.159228176422332,0.0305829585323367,hold,hold,-0.08,True,score_power,rebalance,1,2022-10-31,0.3164640802275944,0.0677083333333333,neutral,4,concentrated_alpha,concentrated_champion
2022-09-30,LPX,0.1531145300067478,1.8049737690112504,concentrated_alpha,concentrated_alpha,preferred_final_label,0.1220304500107516,0.0186846349999081,4,"{""breakout_setup_quality_score"": 0.0, ""broken_momentum_penalty"": 0.0, ""entry_quality_score"": 0.0, ""explosion_entry_score"": 0.0, ""explosion_exit_score"": 0.0, ""explosion_net_score"": 0.0, ""h1_oversold_value_score"": 0.0, ""h6_dynamic_leader_score"": 0.0, ""portfolio_hold_policy_exit_risk"": 0.0, ""portfolio_monster_early_score"": 0.2643214744823681, ""portfolio_risk_entry_block_score"": 0.1729166666666667, ""relative_strength_composite"": 0.0, ""rs_acceleration_score"": 0.0, ""selection_confirmation_score"": 0.0, ""stage2_overext_penalty"": 0.0, ""theme_phase_multiplier_max"": 0.0, ""theme_phase_multiplier_primary"": 0.0}",balanced,0,2026-05-07-style-regime-router,LOUISIANA PACIFIC CORP,Materials,0.566186887433042,preferred_final_label,0.1220304500107516,0.1220304500107516,0.0186846349999081,hold,hold,-0.08,True,score_power,rebalance,1,2022-10-31,0.2643214744823681,0.1729166666666667,neutral,4,concentrated_alpha,concentrated_champion
2022-10-31,ORLY,0.3255412082957883,3.2646284535110537,concentrated_alpha,concentrated_alpha,preferred_final_label,0.0364336785581898,0.0118606637404934,4,"{""breakout_setup_quality_score"": 0.0, ""broken_momentum_penalty"": 0.0, ""entry_quality_score"": 0.0, ""explosion_entry_score"": 0.0, ""explosion_exit_score"": 0.0, ""explosion_net_score"": 0.0, ""h1_oversold_value_score"": 0.0, ""h6_dynamic_leader_score"": 0.0, ""portfolio_hold_policy_exit_risk"": 0.0, ""portfolio_monster_early_score"": 0.5545829729531746, ""portfolio_risk_entry_block_score"": 0.2416666666666667, ""relative_strength_composite"": 0.0, ""rs_acceleration_score"": 0.0, ""selection_confirmation_score"": 0.0, ""stage2_overext_penalty"": 0.0, ""theme_phase_multiplier_max"": 0.0, ""theme_phase_multiplier_primary"": 0.0}",balanced,0,2026-05-07-style-regime-router,OREILLY AUTOMOTIVE INC,Consumer Discretionary,0.6902055117110648,preferred_final_label,0.0364336785581898,0.0364336785581898,0.0118606637404934,hold,hold,-0.08,True,score_power,rebalance,1,2022-11-30,0.5545829729531746,0.2416666666666667,neutral,4,concentrated_alpha,concentrated_champion
2022-10-31,WCC,0.2620098817471664,2.678922877654756,concentrated_alpha,concentrated_alpha,preferred_final_label,-0.0767856045043536,-0.0201185871560703,4,"{""breakout_setup_quality_score"": 0.0, ""broken_momentum_penalty"": 0.0, ""entry_quality_score"": 0.0, ""explosion_entry_score"": 0.0, ""explosion_exit_score"": 0.0, ""explosion_net_score"": 0.0, ""h1_oversold_value_score"": 0.0, ""h6_dynamic_leader_score"": 0.0, ""portfolio_hold_policy_exit_risk"": 0.0, ""portfolio_monster_early_score"": 0.514586653953788, ""portfolio_risk_entry_block_score"": 0.0, ""relative_strength_composite"": 0.0, ""rs_acceleration_score"": 0.0, ""selection_confirmation_score"": 0.0, ""stage2_overext_penalty"": 0.0, ""theme_phase_multiplier_max"": 0.0, ""theme_phase_multiplier_primary"": 0.0}",balanced,0,2026-05-07-style-regime-router,WESCO INTERNATIONAL INC,Industrials,0.6554309993086394,preferred_final_label,-0.0767856045043536,-0.0767856045043536,-0.0201185871560703,hold,hold,-0.08,True,score_power,rebalance,1,2022-11-30,0.514586653953788,0.0,neutral,4,concentrated_alpha,concentrated_champion
2022-10-31,DKS,0.2344025222880894,2.479553469671209,concentrated_alpha,concentrated_alpha,preferred_final_label,0.0299682537442402,0.0070246342662194,4,"{""breakout_setup_quality_score"": 0.0, ""broken_momentum_penalty"": 0.0, ""entry_quality_score"": 0.0, ""explosion_entry_score"": 0.0, ""explosion_exit_score"": 0.0, ""explosion_net_score"": 0.0, ""h1_oversold_value_score"": 0.0, ""h6_dynamic_leader_score"": 0.0, ""portfolio_hold_policy_exit_risk"": 0.0, ""portfolio_monster_early_score"": 0.3840522506407053, ""portfolio_risk_entry_block_score"": 0.2302083333333333, ""relative_strength_composite"": 0.0, ""rs_acceleration_score"": 0.0, ""selection_confirmation_score"": 0.0, ""stage2_overext_penalty"": 0.0, ""theme_phase_multiplier_max"": 0.0, ""theme_phase_multiplier_primary"": 0.0}",balanced,0,2026-05-07-style-regime-router,DICKS SPORTING INC,Consumer Discretionary,0.6390088467168167,preferred_final_label,0.0299682537442402,0.0299682537442402,0.0070246342662194,hold,hold,-0.08,True,score_power,rebalance,1,2022-11-30,0.3840522506407053,0.2302083333333333,neutral,4,concentrated_alpha,concentrated_champion
2022-10-31,JBL,0.1780463876689558,1.2870427240804116,concentrated_alpha,concentrated_alpha,preferred_final_label,0.1145794002047584,0.0204004483077328,4,"{""breakout_setup_quality_score"": 0.0, ""broken_momentum_penalty"": 0.0, ""entry_quality_score"": 0.0, ""explosion_entry_score"": 0.0, ""explosion_exit_score"": 0.0, ""explosion_net_score"": 0.0, ""h1_oversold_value_score"": 0.0, ""h6_dynamic_leader_score"": 0.0, ""portfolio_hold_policy_exit_risk"": 0.0, ""portfolio_monster_early_score"": 0.516414499206137, ""portfolio_risk_entry_block_score"": 0.0135416666666666, ""relative_strength_composite"": 0.0, ""rs_acceleration_score"": 0.0, ""selection_confirmation_score"": 0.0, ""stage2_overext_penalty"": 0.0, ""theme_phase_multiplier_max"": 0.0, ""theme_phase_multiplier_primary"": 0.0}",balanced,0,2026-05-07-style-regime-router,JABIL INC,Information Technology,0.6021590373764671,preferred_final_label,0.1145794002047584,0.1145794002047584,0.0204004483077328,hold,hold,-0.08,True,score_power,rebalance,1,2022-11-30,0.516414499206137,0.0135416666666666,neutral,4,concentrated_alpha,concentrated_champion
2022-11-30,V,0.4017878952097147,5.344387685798774,concentrated_alpha,concentrated_alpha,preferred_final_label,-0.0355760449522717,-0.0142940242212594,4,"{""breakout_setup_quality_score"": 0.0, ""broken_momentum_penalty"": 0.0, ""entry_quality_score"": 0.0, ""explosion_entry_score"": 0.0, ""explosion_exit_score"": 0.0, ""explosion_net_score"": 0.0, ""h1_oversold_value_score"": 0.0, ""h6_dynamic_leader_score"": 0.0, ""portfolio_hold_policy_exit_risk"": 0.0, ""portfolio_monster_early_score"": 0.4563304963869899, ""portfolio_risk_entry_block_score"": 0.146875, ""relative_strength_composite"": 0.0, ""rs_acceleration_score"": 0.0, ""selection_confirmation_score"": 0.0, ""stage2_overext_penalty"": 0.0, ""theme_phase_multiplier_max"": 0.0, ""theme_phase_multiplier_primary"": 0.0}",balanced,0,2026-05-07-style-regime-router,VISA INC CLASS A,Financials,0.7251795749896186,preferred_final_label,-0.0355760449522717,-0.0355760449522717,-0.0142940242212594,hold,hold,-0.08,True,score_power,rebalance,1,2022-12-30,0.4563304963869899,0.146875,neutral,4,concentrated_alpha,concentrated_champion
2022-11-30,DKS,0.2357871093145979,1.812564098191568,concentrated_alpha,concentrated_alpha,preferred_final_label,0.0066394667606977,0.0015655006748952,4,"{""breakout_setup_quality_score"": 0.0, ""broken_momentum_penalty"": 0.0, ""entry_quality_score"": 0.0, ""explosion_entry_score"": 0.0, ""explosion_exit_score"": 0.0, ""explosion_net_score"": 0.0, ""h1_oversold_value_score"": 0.0, ""h6_dynamic_leader_score"": 0.0, ""portfolio_hold_policy_exit_risk"": 0.0, ""portfolio_monster_early_score"": 0.5162286541884218, ""portfolio_risk_entry_block_score"": 0.0135416666666666, ""relative_strength_composite"": 0.0, ""rs_acceleration_score"": 0.0, ""selection_confirmation_score"": 0.0, ""stage2_overext_penalty"": 0.0, ""theme_phase_multiplier_max"": 0.0, ""theme_phase_multiplier_primary"": 0.0}",balanced,0,2026-05-07-style-regime-router,DICKS SPORTING INC,Consumer Discretionary,0.6320143510709633,preferred_final_label,0.0066394667606977,0.0066394667606977,0.0015655006748952,hold,hold,-0.08,True,score_power,rebalance,1,2022-12-30,0.5162286541884218,0.0135416666666666,neutral,4,concentrated_alpha,concentrated_champion
2022-11-30,LRCX,0.2040867204441031,3.445399865436224,concentrated_alpha,concentrated_alpha,preferred_final_label,-0.08,-0.0163269376355282,4,"{""breakout_setup_quality_score"": 0.0, ""broken_momentum_penalty"": 0.0, ""entry_quality_score"": 0.0, ""explosion_entry_score"": 0.0, ""explosion_exit_score"": 0.0, ""explosion_net_score"": 0.0, ""h1_oversold_value_score"": 0.0, ""h6_dynamic_leader_score"": 0.0, ""portfolio_hold_policy_exit_risk"": 0.0, ""portfolio_monster_early_score"": 0.3220059172105529, ""portfolio_risk_entry_block_score"": 0.0270833333333333, ""relative_strength_composite"": 0.0, ""rs_acceleration_score"": 0.0, ""selection_confirmation_score"": 0.0, ""stage2_overext_penalty"": 0.0, ""theme_phase_multiplier_max"": 0.0, ""theme_phase_multiplier_primary"": 0.0}",balanced,0,2026-05-07-style-regime-router,LAM RESEARCH CORP,Information Technology,0.61076649669205,preferred_final_label,-0.1001364158203649,-0.08,-0.0204365127018052,risk_exit,hard_stop,-0.08,True,score_power,rebalance,1,2022-12-30,0.3220059172105529,0.0270833333333333,neutral,4,concentrated_alpha,concentrated_champion
2022-11-30,JBL,0.1583382750315842,1.1052319956569256,concentrated_alpha,concentrated_alpha,monster_extreme_early,-0.0491983531269281,-0.0077899823685125,4,"{""breakout_setup_quality_score"": 0.0, ""broken_momentum_penalty"": 0.0, ""entry_quality_score"": 0.0, ""explosion_entry_score"": 0.0, ""explosion_exit_score"": 0.0, ""explosion_net_score"": 0.0, ""h1_oversold_value_score"": 0.0, ""h6_dynamic_leader_score"": 0.0, ""portfolio_hold_policy_exit_risk"": 0.0, ""portfolio_monster_early_score"": 0.6235832642869392, ""portfolio_risk_entry_block_score"": 0.0, ""relative_strength_composite"": 0.0, ""rs_acceleration_score"": 0.0, ""selection_confirmation_score"": 0.0, ""stage2_overext_penalty"": 0.0, ""theme_phase_multiplier_max"": 0.0, ""theme_phase_multiplier_primary"": 0.0}",balanced,0,2026-05-07-style-regime-router,JABIL INC,Information Technology,0.5769390257364746,monster_extreme_early,-0.0491983531269281,-0.0491983531269281,-0.0077899823685125,hold,hold,-0.08,True,score_power,rebalance,1,2022-12-30,0.6235832642869392,0.0,promote_monster_early,4,concentrated_alpha,concentrated_champion
2022-12-30,V,0.3742667320554332,5.62990218143889,concentrated_alpha,concentrated_alpha,preferred_final_label,0.0959957705597363,0.0359280233385356,4,"{""breakout_setup_quality_score"": 0.0, ""broken_momentum_penalty"": 0.0, ""entry_quality_score"": 0.0, ""explosion_entry_score"": 0.0, ""explosion_exit_score"": 0.0, ""explosion_net_score"": 0.0, ""h1_oversold_value_score"": 0.0, ""h6_dynamic_leader_score"": 0.0, ""portfolio_hold_policy_exit_risk"": 0.0, ""portfolio_monster_early_score"": 0.4281660320311534, ""portfolio_risk_entry_block_score"": 0.0135416666666666, ""relative_strength_composite"": 0.0, ""rs_acceleration_score"": 0.0, ""selection_confirmation_score"": 0.0, ""stage2_overext_penalty"": 0.0, ""theme_phase_multiplier_max"": 0.0, ""theme_phase_multiplier_primary"": 0.0}",balanced,0,2026-05-07-style-regime-router,VISA INC CLASS A,Financials,0.7712068523657607,preferred_final_label,0.0959957705597363,0.0959957705597363,0.0359280233385356,hold,hold,-0.08,True,score_power,rebalance,1,2023-01-31,0.4281660320311534,0.0135416666666666,neutral,4,concentrated_alpha,concentrated_champion
2022-12-30,AVGO,0.312848765105272,4.795537961169302,concentrated_alpha,concentrated_alpha,preferred_final_label,0.0328673183114198,0.0102824999460496,4,"{""breakout_setup_quality_score"": 0.0, ""broken_momentum_penalty"": 0.0, ""entry_quality_score"": 0.0, ""explosion_entry_score"": 0.0, ""explosion_exit_score"": 0.0, ""explosion_net_score"": 0.0, ""h1_oversold_value_score"": 0.0, ""h6_dynamic_leader_score"": 0.0, ""portfolio_hold_policy_exit_risk"": 0.0, ""portfolio_monster_early_score"": 0.4177198053078792, ""portfolio_risk_entry_block_score"": 0.0135416666666666, ""relative_strength_composite"": 0.0, ""rs_acceleration_score"": 0.0, ""selection_confirmation_score"": 0.0, ""stage2_overext_penalty"": 0.0, ""theme_phase_multiplier_max"": 0.0, ""theme_phase_multiplier_primary"": 0.0}",balanced,0,2026-05-07-style-regime-router,BROADCOM INC,Information Technology,0.7347750552583521,preferred_final_label,0.0328673183114198,0.0328673183114198,0.0102824999460496,hold,hold,-0.08,True,score_power,rebalance,1,2023-01-31,0.4177198053078792,0.0135416666666666,neutral,4,concentrated_alpha,concentrated_champion
2022-12-30,AEE,0.1833695103787261,3.238372528471131,concentrated_alpha,concentrated_alpha,preferred_final_label,-0.0284299506885935,-0.0052131861378587,4,"{""breakout_setup_quality_score"": 0.0, ""broken_momentum_penalty"": 0.0, ""entry_quality_score"": 0.0, ""explosion_entry_score"": 0.0, ""explosion_exit_score"": 0.0, ""explosion_net_score"": 0.0, ""h1_oversold_value_score"": 0.0, ""h6_dynamic_leader_score"": 0.0, ""portfolio_hold_policy_exit_risk"": 0.0, ""portfolio_monster_early_score"": 0.4000997657607268, ""portfolio_risk_entry_block_score"": 0.1604166666666666, ""relative_strength_composite"": 0.0, ""rs_acceleration_score"": 0.0, ""selection_confirmation_score"": 0.0, ""stage2_overext_penalty"": 0.0, ""theme_phase_multiplier_max"": 0.0, ""theme_phase_multiplier_primary"": 0.0}",balanced,0,2026-05-07-style-regime-router,AMEREN CORP,Utilities,0.6436950480624103,preferred_final_label,-0.0284299506885935,-0.0284299506885935,-0.0052131861378587,hold,hold,-0.08,True,score_power,rebalance,1,2023-01-31,0.4000997657607268,0.1604166666666666,neutral,4,concentrated_alpha,concentrated_champion
2022-12-30,DKS,0.1295149924605687,1.5695115888278397,concentrated_alpha,concentrated_alpha,preferred_final_label,0.0829255939079276,0.0107401076697734,4,"{""breakout_setup_quality_score"": 0.0, ""broken_momentum_penalty"": 0.0, ""entry_quality_score"": 0.0, ""explosion_entry_score"": 0.0, ""explosion_exit_score"": 0.0, ""explosion_net_score"": 0.0, ""h1_oversold_value_score"": 0.0, ""h6_dynamic_leader_score"": 0.0, ""portfolio_hold_policy_exit_risk"": 0.0, ""portfolio_monster_early_score"": 0.5512243451331992, ""portfolio_risk_entry_block_score"": 0.35, ""relative_strength_composite"": 0.0, ""rs_acceleration_score"": 0.0, ""selection_confirmation_score"": 0.0, ""stage2_overext_penalty"": 0.0, ""theme_phase_multiplier_max"": 0.0, ""theme_phase_multiplier_primary"": 0.0}",balanced,0,2026-05-07-style-regime-router,DICKS SPORTING INC,Consumer Discretionary,0.5962247907968475,preferred_final_label,0.0829255939079276,0.0829255939079276,0.0107401076697734,hold,hold,-0.08,True,score_power,rebalance,1,2023-01-31,0.5512243451331992,0.35,neutral,4,concentrated_alpha,concentrated_champion
2023-01-31,NOW,0.3268950463984992,4.760241279050852,concentrated_alpha,concentrated_alpha,preferred_final_label,-0.0531576594103044,-0.0173769755393671,4,"{""breakout_setup_quality_score"": 0.0, ""broken_momentum_penalty"": 0.0, ""entry_quality_score"": 0.0, ""explosion_entry_score"": 0.0, ""explosion_exit_score"": 0.0, ""explosion_net_score"": 0.0, ""h1_oversold_value_score"": 0.0, ""h6_dynamic_leader_score"": 0.0, ""portfolio_hold_policy_exit_risk"": 0.0, ""portfolio_monster_early_score"": 0.4011358231385233, ""portfolio_risk_entry_block_score"": 0.0135416666666666, ""relative_strength_composite"": 0.0, ""rs_acceleration_score"": 0.0, ""selection_confirmation_score"": 0.0, ""stage2_overext_penalty"": 0.0, ""theme_phase_multiplier_max"": 0.0, ""theme_phase_multiplier_primary"": 0.0}",balanced,0,2026-05-07-style-regime-router,SERVICENOW INC,Information Technology,0.7661139655134602,preferred_final_label,-0.0531576594103044,-0.0531576594103044,-0.0173769755393671,hold,hold,-0.08,True,score_power,rebalance,1,2023-02-28,0.4011358231385233,0.0135416666666666,neutral,4,concentrated_alpha,concentrated_champion
2023-01-31,AVGO,0.2879918910531456,4.808105976033726,concentrated_alpha,concentrated_alpha,preferred_final_label,0.0178727276322854,0.0051472006290996,4,"{""breakout_setup_quality_score"": 0.0, ""broken_momentum_penalty"": 0.0, ""entry_quality_score"": 0.0, ""explosion_entry_score"": 0.0, ""explosion_exit_score"": 0.0, ""explosion_net_score"": 0.0, ""h1_oversold_value_score"": 0.0, ""h6_dynamic_leader_score"": 0.0, ""portfolio_hold_policy_exit_risk"": 0.0, ""portfolio_monster_early_score"": 0.4729322801088451, ""portfolio_risk_entry_block_score"": 0.0135416666666666, ""relative_strength_composite"": 0.0, ""rs_acceleration_score"": 0.0, ""selection_confirmation_score"": 0.0, ""stage2_overext_penalty"": 0.0, ""theme_phase_multiplier_max"": 0.0, ""theme_phase_multiplier_primary"": 0.0}",balanced,0,2026-05-07-style-regime-router,BROADCOM INC,Information Technology,0.7409307557647287,preferred_final_label,0.0178727276322854,0.0178727276322854,0.0051472006290996,hold,hold,-0.08,True,score_power,rebalance,1,2023-02-28,0.4729322801088451,0.0135416666666666,neutral,4,concentrated_alpha,concentrated_champion
2023-01-31,LRCX,0.2637078002588132,4.127197972183158,concentrated_alpha,concentrated_alpha,preferred_final_label,-0.0175258300997593,-0.0046216981033172,4,"{""breakout_setup_quality_score"": 0.0, ""broken_momentum_penalty"": 0.0, ""entry_quality_score"": 0.0, ""explosion_entry_score"": 0.0, ""explosion_exit_score"": 0.0, ""explosion_net_score"": 0.0, ""h1_oversold_value_score"": 0.0, ""h6_dynamic_leader_score"": 0.0, ""portfolio_hold_policy_exit_risk"": 0.0, ""portfolio_monster_early_score"": 0.4256448204866885, ""portfolio_risk_entry_block_score"": 0.0135416666666666, ""relative_strength_composite"": 0.0, ""rs_acceleration_score"": 0.0, ""selection_confirmation_score"": 0.0, ""stage2_overext_penalty"": 0.0, ""theme_phase_multiplier_max"": 0.0, ""theme_phase_multiplier_primary"": 0.0}",balanced,0,2026-05-07-style-regime-router,LAM RESEARCH CORP,Information Technology,0.7243393956836058,preferred_final_label,-0.0175258300997593,-0.0175258300997593,-0.0046216981033172,hold,hold,-0.08,True,score_power,rebalance,1,2023-02-28,0.4256448204866885,0.0135416666666666,neutral,4,concentrated_alpha,concentrated_champion
2023-01-31,CPRT,0.1214052622895419,2.2320322406148763,concentrated_alpha,concentrated_alpha,preferred_final_label,0.0583633733077015,0.0070856206445239,4,"{""breakout_setup_quality_score"": 0.0, ""broken_momentum_penalty"": 0.0, ""entry_quality_score"": 0.0, ""explosion_entry_score"": 0.0, ""explosion_exit_score"": 0.0, ""explosion_net_score"": 0.0, ""h1_oversold_value_score"": 0.0, ""h6_dynamic_leader_score"": 0.0, ""portfolio_hold_policy_exit_risk"": 0.0, ""portfolio_monster_early_score"": 0.4739489823681236, ""portfolio_risk_entry_block_score"": 0.0, ""relative_strength_composite"": 0.0, ""rs_acceleration_score"": 0.0, ""selection_confirmation_score"": 0.0, ""stage2_overext_penalty"": 0.0, ""theme_phase_multiplier_max"": 0.0, ""theme_phase_multiplier_primary"": 0.0}",balanced,0,2026-05-07-style-regime-router,COPART INC,Industrials,0.6058858493571134,preferred_final_label,0.0583633733077015,0.0583633733077015,0.0070856206445239,hold,hold,-0.08,True,score_power,rebalance,1,2023-02-28,0.4739489823681236,0.0,neutral,4,concentrated_alpha,concentrated_champion
2023-02-28,BKNG,0.332872265710468,4.760461385834473,concentrated_alpha,concentrated_alpha,preferred_final_label,0.0453714601683779,0.0151029007448402,4,"{""breakout_setup_quality_score"": 0.0, ""broken_momentum_penalty"": 0.0, ""entry_quality_score"": 0.0, ""explosion_entry_score"": 0.0, ""explosion_exit_score"": 0.0, ""explosion_net_score"": 0.0, ""h1_oversold_value_score"": 0.0, ""h6_dynamic_leader_score"": 0.0, ""portfolio_hold_policy_exit_risk"": 0.0, ""portfolio_monster_early_score"": 0.5726860359824566, ""portfolio_risk_entry_block_score"": 0.1083333333333333, ""relative_strength_composite"": 0.0, ""rs_acceleration_score"": 0.0, ""selection_confirmation_score"": 0.0, ""stage2_overext_penalty"": 0.0, ""theme_phase_multiplier_max"": 0.0, ""theme_phase_multiplier_primary"": 0.0}",balanced,0,2026-05-07-style-regime-router,BOOKING HOLDINGS INC,Consumer Discretionary,0.788829243653479,preferred_final_label,0.0453714601683779,0.0453714601683779,0.0151029007448402,hold,hold,-0.08,True,score_power,rebalance,1,2023-03-31,0.5726860359824566,0.1083333333333333,neutral,4,concentrated_alpha,concentrated_champion
2023-02-28,AVGO,0.2625029484519964,5.109653639652836,concentrated_alpha,concentrated_alpha,preferred_final_label,0.0835005268517403,0.0219191344958769,4,"{""breakout_setup_quality_score"": 0.0, ""broken_momentum_penalty"": 0.0, ""entry_quality_score"": 0.0, ""explosion_entry_score"": 0.0, ""explosion_exit_score"": 0.0, ""explosion_net_score"": 0.0, ""h1_oversold_value_score"": 0.0, ""h6_dynamic_leader_score"": 0.0, ""portfolio_hold_policy_exit_risk"": 0.0, ""portfolio_monster_early_score"": 0.5412690156362105, ""portfolio_risk_entry_block_score"": 0.0, ""relative_strength_composite"": 0.0, ""rs_acceleration_score"": 0.0, ""selection_confirmation_score"": 0.0, ""stage2_overext_penalty"": 0.0, ""theme_phase_multiplier_max"": 0.0, ""theme_phase_multiplier_primary"": 0.0}",balanced,0,2026-05-07-style-regime-router,BROADCOM INC,Information Technology,0.7482254821976075,preferred_final_label,0.0835005268517403,0.0835005268517403,0.0219191344958769,hold,hold,-0.08,True,score_power,rebalance,1,2023-03-31,0.5412690156362105,0.0,neutral,4,concentrated_alpha,concentrated_champion
2023-02-28,ORLY,0.2464205335441315,4.654289343630671,concentrated_alpha,concentrated_alpha,preferred_final_label,0.0352258903637963,0.0086803826980137,4,"{""breakout_setup_quality_score"": 0.0, ""broken_momentum_penalty"": 0.0, ""entry_quality_score"": 0.0, ""explosion_entry_score"": 0.0, ""explosion_exit_score"": 0.0, ""explosion_net_score"": 0.0, ""h1_oversold_value_score"": 0.0, ""h6_dynamic_leader_score"": 0.0, ""portfolio_hold_policy_exit_risk"": 0.0, ""portfolio_monster_early_score"": 0.5448462804058449, ""portfolio_risk_entry_block_score"": 0.1604166666666666, ""relative_strength_composite"": 0.0, ""rs_acceleration_score"": 0.0, ""selection_confirmation_score"": 0.0, ""stage2_overext_penalty"": 0.0, ""theme_phase_multiplier_max"": 0.0, ""theme_phase_multiplier_primary"": 0.0}",balanced,0,2026-05-07-style-regime-router,OREILLY AUTOMOTIVE INC,Consumer Discretionary,0.7382048485725126,preferred_final_label,0.0352258903637963,0.0352258903637963,0.0086803826980137,hold,hold,-0.08,True,score_power,rebalance,1,2023-03-31,0.5448462804058449,0.1604166666666666,neutral,4,concentrated_alpha,concentrated_champion
2023-02-28,LRCX,0.158204252293404,3.558648376960117,concentrated_alpha,concentrated_alpha,preferred_final_label,0.0735628079661618,0.0116379490308899,4,"{""breakout_setup_quality_score"": 0.0, ""broken_momentum_penalty"": 0.0, ""entry_quality_score"": 0.0, ""explosion_entry_score"": 0.0, ""explosion_exit_score"": 0.0, ""explosion_net_score"": 0.0, ""h1_oversold_value_score"": 0.0, ""h6_dynamic_leader_score"": 0.0, ""portfolio_hold_policy_exit_risk"": 0.0, ""portfolio_monster_early_score"": 0.4458524479271186, ""portfolio_risk_entry_block_score"": 0.0135416666666666, ""relative_strength_composite"": 0.0, ""rs_acceleration_score"": 0.0, ""selection_confirmation_score"": 0.0, ""stage2_overext_penalty"": 0.0, ""theme_phase_multiplier_max"": 0.0, ""theme_phase_multiplier_primary"": 0.0}",balanced,0,2026-05-07-style-regime-router,LAM RESEARCH CORP,Information Technology,0.6761942266193604,preferred_final_label,0.0735628079661618,0.0735628079661618,0.0116379490308899,hold,hold,-0.08,True,score_power,rebalance,1,2023-03-31,0.4458524479271186,0.0135416666666666,neutral,4,concentrated_alpha,concentrated_champion
2023-03-31,AVGO,0.3202944871997756,4.973911814451075,concentrated_alpha,concentrated_alpha,monster_extreme_early,-0.0195620376715559,-0.0062656128245937,4,"{""breakout_setup_quality_score"": 0.0, ""broken_momentum_penalty"": 0.0, ""entry_quality_score"": 0.0, ""explosion_entry_score"": 0.0, ""explosion_exit_score"": 0.0, ""explosion_net_score"": 0.0, ""h1_oversold_value_score"": 0.0, ""h6_dynamic_leader_score"": 0.0, ""portfolio_hold_policy_exit_risk"": 0.0, ""portfolio_monster_early_score"": 0.6382487908295531, ""portfolio_risk_entry_block_score"": 0.0, ""relative_strength_composite"": 0.0, ""rs_acceleration_score"": 0.0, ""selection_confirmation_score"": 0.0, ""stage2_overext_penalty"": 0.0, ""theme_phase_multiplier_max"": 0.0, ""theme_phase_multiplier_primary"": 0.0}",balanced,0,2026-05-07-style-regime-router,BROADCOM INC,Information Technology,0.7657692008702165,monster_extreme_early,-0.0195620376715559,-0.0195620376715559,-0.0062656128245937,hold,hold,-0.08,True,score_power,rebalance,1,2023-04-28,0.6382487908295531,0.0,promote_monster_early,4,concentrated_alpha,concentrated_champion
2023-03-31,BKNG,0.3110734231639168,4.454176920981975,concentrated_alpha,concentrated_alpha,preferred_final_label,0.013434157122516,0.0041790092434229,4,"{""breakout_setup_quality_score"": 0.0, ""broken_momentum_penalty"": 0.0, ""entry_quality_score"": 0.0, ""explosion_entry_score"": 0.0, ""explosion_exit_score"": 0.0, ""explosion_net_score"": 0.0, ""h1_oversold_value_score"": 0.0, ""h6_dynamic_leader_score"": 0.0, ""portfolio_hold_policy_exit_risk"": 0.0, ""portfolio_monster_early_score"": 0.5771852992146473, ""portfolio_risk_entry_block_score"": 0.1083333333333333, ""relative_strength_composite"": 0.0, ""rs_acceleration_score"": 0.0, ""selection_confirmation_score"": 0.0, ""stage2_overext_penalty"": 0.0, ""theme_phase_multiplier_max"": 0.0, ""theme_phase_multiplier_primary"": 0.0}",balanced,0,2026-05-07-style-regime-router,BOOKING HOLDINGS INC,Consumer Discretionary,0.7609338481931507,preferred_final_label,0.013434157122516,0.013434157122516,0.0041790092434229,hold,hold,-0.08,True,score_power,rebalance,1,2023-04-28,0.5771852992146473,0.1083333333333333,neutral,4,concentrated_alpha,concentrated_champion
2023-03-31,LRCX,0.188622168277718,3.6059758786018055,concentrated_alpha,concentrated_alpha,preferred_final_label,-0.0004196781988388,-7.916061184386424e-05,4,"{""breakout_setup_quality_score"": 0.0, ""broken_momentum_penalty"": 0.0, ""entry_quality_score"": 0.0, ""explosion_entry_score"": 0.0, ""explosion_exit_score"": 0.0, ""explosion_net_score"": 0.0, ""h1_oversold_value_score"": 0.0, ""h6_dynamic_leader_score"": 0.0, ""portfolio_hold_policy_exit_risk"": 0.0, ""portfolio_monster_early_score"": 0.5445301100126151, ""portfolio_risk_entry_block_score"": 0.0135416666666666, ""relative_strength_composite"": 0.0, ""rs_acceleration_score"": 0.0, ""selection_confirmation_score"": 0.0, ""stage2_overext_penalty"": 0.0, ""theme_phase_multiplier_max"": 0.0, ""theme_phase_multiplier_primary"": 0.0}",balanced,0,2026-05-07-style-regime-router,LAM RESEARCH CORP,Information Technology,0.6882022430443389,preferred_final_label,-0.0004196781988388,-0.0004196781988388,-7.916061184386424e-05,hold,hold,-0.08,True,score_power,rebalance,1,2023-04-28,0.5445301100126151,0.0135416666666666,neutral,4,concentrated_alpha,concentrated_champion
2023-03-31,NOW,0.1800099213585895,3.8564472866451314,concentrated_alpha,concentrated_alpha,preferred_final_label,-0.0113101934979632,-0.0020359470421187,4,"{""breakout_setup_quality_score"": 0.0, ""broken_momentum_penalty"": 0.0, ""entry_quality_score"": 0.0, ""explosion_entry_score"": 0.0, ""explosion_exit_score"": 0.0, ""explosion_net_score"": 0.0, ""h1_oversold_value_score"": 0.0, ""h6_dynamic_leader_score"": 0.0, ""portfolio_hold_policy_exit_risk"": 0.0, ""portfolio_monster_early_score"": 0.4109406959778111, ""portfolio_risk_entry_block_score"": 0.0135416666666666, ""relative_strength_composite"": 0.0, ""rs_acceleration_score"": 0.0, ""selection_confirmation_score"": 0.0, ""stage2_overext_penalty"": 0.0, ""theme_phase_multiplier_max"": 0.0, ""theme_phase_multiplier_primary"": 0.0}",balanced,0,2026-05-07-style-regime-router,SERVICENOW INC,Information Technology,0.6822917143475999,preferred_final_label,-0.0113101934979632,-0.0113101934979632,-0.0020359470421187,hold,hold,-0.08,True,score_power,rebalance,1,2023-04-28,0.4109406959778111,0.0135416666666666,neutral,4,concentrated_alpha,concentrated_champion
2023-04-28,AVGO,0.295041523801608,5.418134468836108,concentrated_alpha,concentrated_alpha,preferred_final_label,0.2779248516521033,0.0819993717337724,4,"{""breakout_setup_quality_score"": 0.0, ""broken_momentum_penalty"": 0.0, ""entry_quality_score"": 0.0, ""explosion_entry_score"": 0.0, ""explosion_exit_score"": 0.0, ""explosion_net_score"": 0.0, ""h1_oversold_value_score"": 0.0, ""h6_dynamic_leader_score"": 0.0, ""portfolio_hold_policy_exit_risk"": 0.0, ""portfolio_monster_early_score"": 0.5535790758246578, ""portfolio_risk_entry_block_score"": 0.0, ""relative_strength_composite"": 0.0, ""rs_acceleration_score"": 0.0, ""selection_confirmation_score"": 0.0, ""stage2_overext_penalty"": 0.0, ""theme_phase_multiplier_max"": 0.0, ""theme_phase_multiplier_primary"": 0.0}",balanced,0,2026-05-07-style-regime-router,BROADCOM INC,Information Technology,0.7252993367083412,preferred_final_label,0.2779248516521033,0.2779248516521033,0.0819993717337724,hold,hold,-0.08,True,score_power,rebalance,1,2023-05-31,0.5535790758246578,0.0,neutral,4,concentrated_alpha,concentrated_champion
2023-04-28,NOW,0.2720047298336058,5.621619901315852,concentrated_alpha,concentrated_alpha,preferred_final_label,0.1720102328285331,0.0467875969091407,4,"{""breakout_setup_quality_score"": 0.0, ""broken_momentum_penalty"": 0.0, ""entry_quality_score"": 0.0, ""explosion_entry_score"": 0.0, ""explosion_exit_score"": 0.0, ""explosion_net_score"": 0.0, ""h1_oversold_value_score"": 0.0, ""h6_dynamic_leader_score"": 0.0, ""portfolio_hold_policy_exit_risk"": 0.0, ""portfolio_monster_early_score"": 0.4298991443881554, ""portfolio_risk_entry_block_score"": 0.0270833333333333, ""relative_strength_composite"": 0.0, ""rs_acceleration_score"": 0.0, ""selection_confirmation_score"": 0.0, ""stage2_overext_penalty"": 0.0, ""theme_phase_multiplier_max"": 0.0, ""theme_phase_multiplier_primary"": 0.0}",balanced,0,2026-05-07-style-regime-router,SERVICENOW INC,Information Technology,0.7120813929068868,preferred_final_label,0.1720102328285331,0.1720102328285331,0.0467875969091407,hold,hold,-0.08,True,score_power,rebalance,1,2023-05-31,0.4298991443881554,0.0270833333333333,neutral,4,concentrated_alpha,concentrated_champion
2023-04-28,BKNG,0.2654875645181546,3.9286932196231774,concentrated_alpha,concentrated_alpha,preferred_final_label,-0.0661115794352793,-0.0175518022107208,4,"{""breakout_setup_quality_score"": 0.0, ""broken_momentum_penalty"": 0.0, ""entry_quality_score"": 0.0, ""explosion_entry_score"": 0.0, ""explosion_exit_score"": 0.0, ""explosion_net_score"": 0.0, ""h1_oversold_value_score"": 0.0, ""h6_dynamic_leader_score"": 0.0, ""portfolio_hold_policy_exit_risk"": 0.0, ""portfolio_monster_early_score"": 0.5563997847188127, ""portfolio_risk_entry_block_score"": 0.1083333333333333, ""relative_strength_composite"": 0.0, ""rs_acceleration_score"": 0.0, ""selection_confirmation_score"": 0.0, ""stage2_overext_penalty"": 0.0, ""theme_phase_multiplier_max"": 0.0, ""theme_phase_multiplier_primary"": 0.0}",balanced,0,2026-05-07-style-regime-router,BOOKING HOLDINGS INC,Consumer Discretionary,0.7082412971915885,preferred_final_label,-0.0661115794352793,-0.0661115794352793,-0.0175518022107208,hold,hold,-0.08,True,score_power,rebalance,1,2023-05-31,0.5563997847188127,0.1083333333333333,neutral,4,concentrated_alpha,concentrated_champion
2023-04-28,ORLY,0.1674661818466314,2.816487410946105,concentrated_alpha,concentrated_alpha,preferred_final_label,-0.015734114004725,-0.0026349319971109,4,"{""breakout_setup_quality_score"": 0.0, ""broken_momentum_penalty"": 0.0, ""entry_quality_score"": 0.0, ""explosion_entry_score"": 0.0, ""explosion_exit_score"": 0.0, ""explosion_net_score"": 0.0, ""h1_oversold_value_score"": 0.0, ""h6_dynamic_leader_score"": 0.0, ""portfolio_hold_policy_exit_risk"": 0.0, ""portfolio_monster_early_score"": 0.5506569023783143, ""portfolio_risk_entry_block_score"": 0.0, ""relative_strength_composite"": 0.0, ""rs_acceleration_score"": 0.0, ""selection_confirmation_score"": 0.0, ""stage2_overext_penalty"": 0.0, ""theme_phase_multiplier_max"": 0.0, ""theme_phase_multiplier_primary"": 0.0}",balanced,0,2026-05-07-style-regime-router,OREILLY AUTOMOTIVE INC,Consumer Discretionary,0.643467523221555,preferred_final_label,-0.015734114004725,-0.015734114004725,-0.0026349319971109,hold,hold,-0.08,True,score_power,rebalance,1,2023-05-31,0.5506569023783143,0.0,neutral,4,concentrated_alpha,concentrated_champion
2023-05-31,NOW,0.3848629718115465,5.5473109176542925,concentrated_alpha,concentrated_alpha,monster_extreme_early,0.0487097899127506,0.0187465945021373,4,"{""breakout_setup_quality_score"": 0.0, ""broken_momentum_penalty"": 0.0, ""entry_quality_score"": 0.0, ""explosion_entry_score"": 0.0, ""explosion_exit_score"": 0.0, ""explosion_net_score"": 0.0, ""h1_oversold_value_score"": 0.0, ""h6_dynamic_leader_score"": 0.0, ""portfolio_hold_policy_exit_risk"": 0.0, ""portfolio_monster_early_score"": 0.6285103160415323, ""portfolio_risk_entry_block_score"": 0.1083333333333333, ""relative_strength_composite"": 0.0, ""rs_acceleration_score"": 0.0, ""selection_confirmation_score"": 0.0, ""stage2_overext_penalty"": 0.0, ""theme_phase_multiplier_max"": 0.0, ""theme_phase_multiplier_primary"": 0.0}",balanced,0,2026-05-07-style-regime-router,SERVICENOW INC,Information Technology,0.8125455264896465,monster_extreme_early,0.0487097899127506,0.0487097899127506,0.0187465945021373,hold,hold,-0.08,True,score_power,rebalance,1,2023-06-30,0.6285103160415323,0.1083333333333333,promote_monster_early,4,concentrated_alpha,concentrated_champion
2023-05-31,FLEX,0.2513403862450885,3.0173257817987404,concentrated_alpha,concentrated_alpha,preferred_final_label,0.0827451450208305,0.0207971967094414,4,"{""breakout_setup_quality_score"": 0.0, ""broken_momentum_penalty"": 0.0, ""entry_quality_score"": 0.0, ""explosion_entry_score"": 0.0, ""explosion_exit_score"": 0.0, ""explosion_net_score"": 0.0, ""h1_oversold_value_score"": 0.0, ""h6_dynamic_leader_score"": 0.0, ""portfolio_hold_policy_exit_risk"": 0.0, ""portfolio_monster_early_score"": 0.5891528088449068, ""portfolio_risk_entry_block_score"": 0.1333333333333333, ""relative_strength_composite"": 0.0, ""rs_acceleration_score"": 0.0, ""selection_confirmation_score"": 0.0, ""stage2_overext_penalty"": 0.0, ""theme_phase_multiplier_max"": 0.0, ""theme_phase_multiplier_primary"": 0.0}",balanced,0,2026-05-07-style-regime-router,FLEX LTD,Information Technology,0.7317497731905338,preferred_final_label,0.0827451450208305,0.0827451450208305,0.0207971967094414,hold,hold,-0.08,True,score_power,rebalance,1,2023-06-30,0.5891528088449068,0.1333333333333333,promote_monster_early,4,concentrated_alpha,concentrated_champion
2023-05-31,ORLY,0.2281372698565835,4.276665988404157,concentrated_alpha,concentrated_alpha,preferred_final_label,0.0566250743436458,0.0129182898661854,4,"{""breakout_setup_quality_score"": 0.0, ""broken_momentum_penalty"": 0.0, ""entry_quality_score"": 0.0, ""explosion_entry_score"": 0.0, ""explosion_exit_score"": 0.0, ""explosion_net_score"": 0.0, ""h1_oversold_value_score"": 0.0, ""h6_dynamic_leader_score"": 0.0, ""portfolio_hold_policy_exit_risk"": 0.0, ""portfolio_monster_early_score"": 0.4925628153755312, ""portfolio_risk_entry_block_score"": 0.1333333333333333, ""relative_strength_composite"": 0.0, ""rs_acceleration_score"": 0.0, ""selection_confirmation_score"": 0.0, ""stage2_overext_penalty"": 0.0, ""theme_phase_multiplier_max"": 0.0, ""theme_phase_multiplier_primary"": 0.0}",balanced,0,2026-05-07-style-regime-router,OREILLY AUTOMOTIVE INC,Consumer Discretionary,0.7156622389724946,preferred_final_label,0.0566250743436458,0.0566250743436458,0.0129182898661854,hold,hold,-0.08,True,score_power,rebalance,1,2023-06-30,0.4925628153755312,0.1333333333333333,neutral,4,concentrated_alpha,concentrated_champion
2023-05-31,AVGO,0.1356593720867816,5.981227990513268,concentrated_alpha,concentrated_alpha,monster_extreme_early,0.0907143199268911,0.0123062476805614,4,"{""breakout_setup_quality_score"": 0.0, ""broken_momentum_penalty"": 0.0, ""entry_quality_score"": 0.0, ""explosion_entry_score"": 0.0, ""explosion_exit_score"": 0.0, ""explosion_net_score"": 0.0, ""h1_oversold_value_score"": 0.0, ""h6_dynamic_leader_score"": 0.0, ""portfolio_hold_policy_exit_risk"": 0.0, ""portfolio_monster_early_score"": 0.6421706829334983, ""portfolio_risk_entry_block_score"": 0.1083333333333333, ""relative_strength_composite"": 0.0, ""rs_acceleration_score"": 0.0, ""selection_confirmation_score"": 0.0, ""stage2_overext_penalty"": 0.0, ""theme_phase_multiplier_max"": 0.0, ""theme_phase_multiplier_primary"": 0.0}",balanced,0,2026-05-07-style-regime-router,BROADCOM INC,Information Technology,0.64146207707385,monster_extreme_early,0.0907143199268911,0.0907143199268911,0.0123062476805614,hold,hold,-0.08,True,score_power,rebalance,1,2023-06-30,0.6421706829334983,0.1083333333333333,promote_monster_early,4,concentrated_alpha,concentrated_champion
2023-06-30,NOW,0.3729259353018048,4.625531971134034,concentrated_alpha,concentrated_alpha,preferred_final_label,0.0310065482066603,0.0115631459904493,4,"{""breakout_setup_quality_score"": 0.0, ""broken_momentum_penalty"": 0.0, ""entry_quality_score"": 0.0, ""explosion_entry_score"": 0.0, ""explosion_exit_score"": 0.0, ""explosion_net_score"": 0.0, ""h1_oversold_value_score"": 0.0, ""h6_dynamic_leader_score"": 0.0, ""portfolio_hold_policy_exit_risk"": 0.0, ""portfolio_monster_early_score"": 0.5575003280229823, ""portfolio_risk_entry_block_score"": 0.1083333333333333, ""relative_strength_composite"": 0.0, ""rs_acceleration_score"": 0.0, ""selection_confirmation_score"": 0.0, ""stage2_overext_penalty"": 0.0, ""theme_phase_multiplier_max"": 0.0, ""theme_phase_multiplier_primary"": 0.0}",growth_reentry_alert,0,2026-05-07-style-regime-router,SERVICENOW INC,Information Technology,0.7550657816589335,preferred_final_label,0.0310065482066603,0.0310065482066603,0.0115631459904493,hold,hold,-0.08,True,score_power,rebalance,1,2023-07-31,0.5575003280229823,0.1083333333333333,neutral,4,concentrated_alpha,concentrated_champion
2023-06-30,ORLY,0.2643397996771301,4.117505465333781,concentrated_alpha,concentrated_alpha,preferred_final_label,-0.0293569134261664,-0.0077602006142116,4,"{""breakout_setup_quality_score"": 0.0, ""broken_momentum_penalty"": 0.0, ""entry_quality_score"": 0.0, ""explosion_entry_score"": 0.0, ""explosion_exit_score"": 0.0, ""explosion_net_score"": 0.0, ""h1_oversold_value_score"": 0.0, ""h6_dynamic_leader_score"": 0.0, ""portfolio_hold_policy_exit_risk"": 0.0, ""portfolio_monster_early_score"": 0.5153205830327429, ""portfolio_risk_entry_block_score"": 0.1333333333333333, ""relative_strength_composite"": 0.0, ""rs_acceleration_score"": 0.0, ""selection_confirmation_score"": 0.0, ""stage2_overext_penalty"": 0.0, ""theme_phase_multiplier_max"": 0.0, ""theme_phase_multiplier_primary"": 0.0}",growth_reentry_alert,0,2026-05-07-style-regime-router,OREILLY AUTOMOTIVE INC,Consumer Discretionary,0.6973640355818407,preferred_final_label,-0.0293569134261664,-0.0293569134261664,-0.0077602006142116,hold,hold,-0.08,True,score_power,rebalance,1,2023-07-31,0.5153205830327429,0.1333333333333333,neutral,4,concentrated_alpha,concentrated_champion
2023-06-30,TER,0.1877949115882261,3.917565817270232,concentrated_alpha,concentrated_alpha,preferred_final_label,0.0021475634418548,0.0004033014866932,4,"{""breakout_setup_quality_score"": 0.0, ""broken_momentum_penalty"": 0.0, ""entry_quality_score"": 0.0, ""explosion_entry_score"": 0.0, ""explosion_exit_score"": 0.0, ""explosion_net_score"": 0.0, ""h1_oversold_value_score"": 0.0, ""h6_dynamic_leader_score"": 0.0, ""portfolio_hold_policy_exit_risk"": 0.0, ""portfolio_monster_early_score"": 0.5287699083106138, ""portfolio_risk_entry_block_score"": 0.146875, ""relative_strength_composite"": 0.0, ""rs_acceleration_score"": 0.0, ""selection_confirmation_score"": 0.0, ""stage2_overext_penalty"": 0.0, ""theme_phase_multiplier_max"": 0.0, ""theme_phase_multiplier_primary"": 0.0}",growth_reentry_alert,0,2026-05-07-style-regime-router,TERADYNE INC,Information Technology,0.6490763436055345,preferred_final_label,0.0021475634418548,0.0021475634418548,0.0004033014866932,hold,hold,-0.08,True,score_power,rebalance,1,2023-07-31,0.5287699083106138,0.146875,neutral,4,concentrated_alpha,concentrated_champion
2023-06-30,EXP,0.1749393534328388,2.154092562345096,concentrated_alpha,concentrated_alpha,preferred_final_label,-0.0029659224857616,-0.000518856561991,4,"{""breakout_setup_quality_score"": 0.0, ""broken_momentum_penalty"": 0.0, ""entry_quality_score"": 0.0, ""explosion_entry_score"": 0.0, ""explosion_exit_score"": 0.0, ""explosion_net_score"": 0.0, ""h1_oversold_value_score"": 0.0, ""h6_dynamic_leader_score"": 0.0, ""portfolio_hold_policy_exit_risk"": 0.0, ""portfolio_monster_early_score"": 0.6042437943061418, ""portfolio_risk_entry_block_score"": 0.2416666666666667, ""relative_strength_composite"": 0.0, ""rs_acceleration_score"": 0.0, ""selection_confirmation_score"": 0.0, ""stage2_overext_penalty"": 0.0, ""theme_phase_multiplier_max"": 0.0, ""theme_phase_multiplier_primary"": 0.0}",growth_reentry_alert,0,2026-05-07-style-regime-router,EAGLE MATERIALS INC,Materials,0.640053444164999,preferred_final_label,-0.0029659224857616,-0.0029659224857616,-0.000518856561991,hold,hold,-0.08,True,score_power,rebalance,1,2023-07-31,0.6042437943061418,0.2416666666666667,promote_monster_early,4,concentrated_alpha,concentrated_champion
2023-07-31,MA,0.3849123221372614,5.75532905191055,concentrated_alpha,concentrated_alpha,preferred_final_label,0.0509423587666684,0.0196083416080278,4,"{""breakout_setup_quality_score"": 0.0, ""broken_momentum_penalty"": 0.0, ""entry_quality_score"": 0.0, ""explosion_entry_score"": 0.0, ""explosion_exit_score"": 0.0, ""explosion_net_score"": 0.0, ""h1_oversold_value_score"": 0.0, ""h6_dynamic_leader_score"": 0.0, ""portfolio_hold_policy_exit_risk"": 0.0, ""portfolio_monster_early_score"": 0.4843296652010481, ""portfolio_risk_entry_block_score"": 0.146875, ""relative_strength_composite"": 0.0, ""rs_acceleration_score"": 0.0, ""selection_confirmation_score"": 0.0, ""stage2_overext_penalty"": 0.0, ""theme_phase_multiplier_max"": 0.0, ""theme_phase_multiplier_primary"": 0.0}",balanced,0,2026-05-07-style-regime-router,MASTERCARD INC CLASS A,Financials,0.7488619965017674,preferred_final_label,0.0509423587666684,0.0509423587666684,0.0196083416080278,hold,hold,-0.08,True,score_power,rebalance,1,2023-08-31,0.4843296652010481,0.146875,neutral,4,concentrated_alpha,concentrated_champion
2023-07-31,NOW,0.2101748488882035,3.8424386368904,concentrated_alpha,concentrated_alpha,preferred_final_label,0.0264077267673008,0.0055502399827984,4,"{""breakout_setup_quality_score"": 0.0, ""broken_momentum_penalty"": 0.0, ""entry_quality_score"": 0.0, ""explosion_entry_score"": 0.0, ""explosion_exit_score"": 0.0, ""explosion_net_score"": 0.0, ""h1_oversold_value_score"": 0.0, ""h6_dynamic_leader_score"": 0.0, ""portfolio_hold_policy_exit_risk"": 0.0, ""portfolio_monster_early_score"": 0.5565020675704235, ""portfolio_risk_entry_block_score"": 0.1083333333333333, ""relative_strength_composite"": 0.0, ""rs_acceleration_score"": 0.0, ""selection_confirmation_score"": 0.0, ""stage2_overext_penalty"": 0.0, ""theme_phase_multiplier_max"": 0.0, ""theme_phase_multiplier_primary"": 0.0}",balanced,0,2026-05-07-style-regime-router,SERVICENOW INC,Information Technology,0.6584176877462304,preferred_final_label,0.0264077267673008,0.0264077267673008,0.0055502399827984,hold,hold,-0.08,True,score_power,rebalance,1,2023-08-31,0.5565020675704235,0.1083333333333333,neutral,4,concentrated_alpha,concentrated_champion
2023-07-31,BKNG,0.2044848358552209,3.547293342611817,concentrated_alpha,concentrated_alpha,preferred_final_label,0.0656887873953806,0.0134323609080729,4,"{""breakout_setup_quality_score"": 0.0, ""broken_momentum_penalty"": 0.0, ""entry_quality_score"": 0.0, ""explosion_entry_score"": 0.0, ""explosion_exit_score"": 0.0, ""explosion_net_score"": 0.0, ""h1_oversold_value_score"": 0.0, ""h6_dynamic_leader_score"": 0.0, ""portfolio_hold_policy_exit_risk"": 0.0, ""portfolio_monster_early_score"": 0.5222538631980977, ""portfolio_risk_entry_block_score"": 0.1333333333333333, ""relative_strength_composite"": 0.0, ""rs_acceleration_score"": 0.0, ""selection_confirmation_score"": 0.0, ""stage2_overext_penalty"": 0.0, ""theme_phase_multiplier_max"": 0.0, ""theme_phase_multiplier_primary"": 0.0}",balanced,0,2026-05-07-style-regime-router,BOOKING HOLDINGS INC,Consumer Discretionary,0.6549285075472424,preferred_final_label,0.0656887873953806,0.0656887873953806,0.0134323609080729,hold,hold,-0.08,True,score_power,rebalance,1,2023-08-31,0.5222538631980977,0.1333333333333333,neutral,4,concentrated_alpha,concentrated_champion
2023-07-31,TER,0.2004279931193142,3.999279337279879,concentrated_alpha,concentrated_alpha,preferred_final_label,-0.0256088922436658,-0.0051327388784067,4,"{""breakout_setup_quality_score"": 0.0, ""broken_momentum_penalty"": 0.0, ""entry_quality_score"": 0.0, ""explosion_entry_score"": 0.0, ""explosion_exit_score"": 0.0, ""explosion_net_score"": 0.0, ""h1_oversold_value_score"": 0.0, ""h6_dynamic_leader_score"": 0.0, ""portfolio_hold_policy_exit_risk"": 0.0, ""portfolio_monster_early_score"": 0.5305093611627016, ""portfolio_risk_entry_block_score"": 0.0, ""relative_strength_composite"": 0.0, ""rs_acceleration_score"": 0.0, ""selection_confirmation_score"": 0.0, ""stage2_overext_penalty"": 0.0, ""theme_phase_multiplier_max"": 0.0, ""theme_phase_multiplier_primary"": 0.0}",balanced,0,2026-05-07-style-regime-router,TERADYNE INC,Information Technology,0.6524110701725699,preferred_final_label,-0.0256088922436658,-0.0256088922436658,-0.0051327388784067,hold,hold,-0.08,True,score_power,rebalance,1,2023-08-31,0.5305093611627016,0.0,neutral,4,concentrated_alpha,concentrated_champion
2023-08-31,MA,0.3390078975928051,5.689070772469915,concentrated_alpha,concentrated_alpha,preferred_final_label,-0.0489078851031062,-0.0165801593045145,4,"{""breakout_setup_quality_score"": 0.0, ""broken_momentum_penalty"": 0.0, ""entry_quality_score"": 0.0, ""explosion_entry_score"": 0.0, ""explosion_exit_score"": 0.0, ""explosion_net_score"": 0.0, ""h1_oversold_value_score"": 0.0, ""h6_dynamic_leader_score"": 0.0, ""portfolio_hold_policy_exit_risk"": 0.0, ""portfolio_monster_early_score"": 0.524920866413821, ""portfolio_risk_entry_block_score"": 0.1333333333333333, ""relative_strength_composite"": 0.0, ""rs_acceleration_score"": 0.0, ""selection_confirmation_score"": 0.0, ""stage2_overext_penalty"": 0.0, ""theme_phase_multiplier_max"": 0.0, ""theme_phase_multiplier_primary"": 0.0}",balanced,0,2026-05-07-style-regime-router,MASTERCARD INC CLASS A,Financials,0.7616694143577829,preferred_final_label,-0.0489078851031062,-0.0489078851031062,-0.0165801593045145,hold,hold,-0.08,True,score_power,rebalance,1,2023-09-29,0.524920866413821,0.1333333333333333,neutral,4,concentrated_alpha,concentrated_champion
2023-08-31,EXE,0.266592555410103,3.369345624885362,concentrated_alpha,concentrated_alpha,preferred_final_label,-0.0386896518883771,-0.0103143731648497,4,"{""breakout_setup_quality_score"": 0.0, ""broken_momentum_penalty"": 0.0, ""entry_quality_score"": 0.0, ""explosion_entry_score"": 0.0, ""explosion_exit_score"": 0.0, ""explosion_net_score"": 0.0, ""h1_oversold_value_score"": 0.0, ""h6_dynamic_leader_score"": 0.0, ""portfolio_hold_policy_exit_risk"": 0.0, ""portfolio_monster_early_score"": 0.4874824680613996, ""portfolio_risk_entry_block_score"": 0.0135416666666666, ""relative_strength_composite"": 0.0, ""rs_acceleration_score"": 0.0, ""selection_confirmation_score"": 0.0, ""stage2_overext_penalty"": 0.0, ""theme_phase_multiplier_max"": 0.0, ""theme_phase_multiplier_primary"": 0.0}",balanced,0,2026-05-07-style-regime-router,EXPAND ENERGY CORP,Energy,0.7204432319440754,preferred_final_label,-0.0386896518883771,-0.0386896518883771,-0.0103143731648497,hold,hold,-0.08,True,score_power,rebalance,1,2023-09-29,0.4874824680613996,0.0135416666666666,neutral,4,concentrated_alpha,concentrated_champion
2023-08-31,LRCX,0.2346132293890389,5.314884625374134,concentrated_alpha,concentrated_alpha,preferred_final_label,-0.08,-0.0187690583511231,4,"{""breakout_setup_quality_score"": 0.0, ""broken_momentum_penalty"": 0.0, ""entry_quality_score"": 0.0, ""explosion_entry_score"": 0.0, ""explosion_exit_score"": 0.0, ""explosion_net_score"": 0.0, ""h1_oversold_value_score"": 0.0, ""h6_dynamic_leader_score"": 0.0, ""portfolio_hold_policy_exit_risk"": 0.0, ""portfolio_monster_early_score"": 0.5540946278037382, ""portfolio_risk_entry_block_score"": 0.2416666666666667, ""relative_strength_composite"": 0.0, ""rs_acceleration_score"": 0.0, ""selection_confirmation_score"": 0.0, ""stage2_overext_penalty"": 0.0, ""theme_phase_multiplier_max"": 0.0, ""theme_phase_multiplier_primary"": 0.0}",balanced,0,2026-05-07-style-regime-router,LAM RESEARCH CORP,Information Technology,0.7004566822222746,preferred_final_label,-0.112979469435818,-0.08,-0.0265064781789974,risk_exit,hard_stop,-0.08,True,score_power,rebalance,1,2023-09-29,0.5540946278037382,0.2416666666666667,neutral,4,concentrated_alpha,concentrated_champion
2023-08-31,EXP,0.159786317608053,2.2574456929352857,concentrated_alpha,concentrated_alpha,preferred_final_label,-0.08,-0.0127829054086442,4,"{""breakout_setup_quality_score"": 0.0, ""broken_momentum_penalty"": 0.0, ""entry_quality_score"": 0.0, ""explosion_entry_score"": 0.0, ""explosion_exit_score"": 0.0, ""explosion_net_score"": 0.0, ""h1_oversold_value_score"": 0.0, ""h6_dynamic_leader_score"": 0.0, ""portfolio_hold_policy_exit_risk"": 0.0, ""portfolio_monster_early_score"": 0.5784307300522988, ""portfolio_risk_entry_block_score"": 0.1333333333333333, ""relative_strength_composite"": 0.0, ""rs_acceleration_score"": 0.0, ""selection_confirmation_score"": 0.0, ""stage2_overext_penalty"": 0.0, ""theme_phase_multiplier_max"": 0.0, ""theme_phase_multiplier_primary"": 0.0}",balanced,0,2026-05-07-style-regime-router,EAGLE MATERIALS INC,Materials,0.6475237676447967,preferred_final_label,-0.1229395165705524,-0.08,-0.0196440526413227,risk_exit,hard_stop,-0.08,True,score_power,rebalance,1,2023-09-29,0.5784307300522988,0.1333333333333333,neutral,4,concentrated_alpha,concentrated_champion
2023-09-29,MA,0.3615631946278197,6.000315579842232,concentrated_alpha,concentrated_alpha,preferred_final_label,-0.0365373279729233,-0.0132105530250545,4,"{""breakout_setup_quality_score"": 0.0, ""broken_momentum_penalty"": 0.0, ""entry_quality_score"": 0.0, ""explosion_entry_score"": 0.0, ""explosion_exit_score"": 0.0, ""explosion_net_score"": 0.0, ""h1_oversold_value_score"": 0.0, ""h6_dynamic_leader_score"": 0.0, ""portfolio_hold_policy_exit_risk"": 0.0, ""portfolio_monster_early_score"": 0.4177064955006435, ""portfolio_risk_entry_block_score"": 0.146875, ""relative_strength_composite"": 0.0, ""rs_acceleration_score"": 0.0, ""selection_confirmation_score"": 0.0, ""stage2_overext_penalty"": 0.0, ""theme_phase_multiplier_max"": 0.0, ""theme_phase_multiplier_primary"": 0.0}",systemic_alert,0,2026-05-07-style-regime-router,MASTERCARD INC CLASS A,Financials,0.7345875002493094,preferred_final_label,-0.0365373279729233,-0.0365373279729233,-0.0132105530250545,hold,hold,-0.08,True,score_power,rebalance,1,2023-10-31,0.4177064955006435,0.146875,neutral,4,concentrated_alpha,concentrated_champion
2023-09-29,EXE,0.2400533480617561,2.3260350777949768,concentrated_alpha,concentrated_alpha,preferred_final_label,0.0236130008055146,0.0056683799011487,4,"{""breakout_setup_quality_score"": 0.0, ""broken_momentum_penalty"": 0.0, ""entry_quality_score"": 0.0, ""explosion_entry_score"": 0.0, ""explosion_exit_score"": 0.0, ""explosion_net_score"": 0.0, ""h1_oversold_value_score"": 0.0, ""h6_dynamic_leader_score"": 0.0, ""portfolio_hold_policy_exit_risk"": 0.0, ""portfolio_monster_early_score"": 0.472883510564466, ""portfolio_risk_entry_block_score"": 0.0135416666666666, ""relative_strength_composite"": 0.0, ""rs_acceleration_score"": 0.0, ""selection_confirmation_score"": 0.0, ""stage2_overext_penalty"": 0.0, ""theme_phase_multiplier_max"": 0.0, ""theme_phase_multiplier_primary"": 0.0}",systemic_alert,0,2026-05-07-style-regime-router,EXPAND ENERGY CORP,Energy,0.667511989080579,preferred_final_label,0.0236130008055146,0.0236130008055146,0.0056683799011487,hold,hold,-0.08,True,score_power,rebalance,1,2023-10-31,0.472883510564466,0.0135416666666666,neutral,4,concentrated_alpha,concentrated_champion
2023-09-29,LRCX,0.2261476021475765,4.78033632593264,concentrated_alpha,concentrated_alpha,preferred_final_label,-0.054810744079376,-0.0123953183454753,4,"{""breakout_setup_quality_score"": 0.0, ""broken_momentum_penalty"": 0.0, ""entry_quality_score"": 0.0, ""explosion_entry_score"": 0.0, ""explosion_exit_score"": 0.0, ""explosion_net_score"": 0.0, ""h1_oversold_value_score"": 0.0, ""h6_dynamic_leader_score"": 0.0, ""portfolio_hold_policy_exit_risk"": 0.0, ""portfolio_monster_early_score"": 0.3620799710333797, ""portfolio_risk_entry_block_score"": 0.1604166666666666, ""relative_strength_composite"": 0.0, ""rs_acceleration_score"": 0.0, ""selection_confirmation_score"": 0.0, ""stage2_overext_penalty"": 0.0, ""theme_phase_multiplier_max"": 0.0, ""theme_phase_multiplier_primary"": 0.0}",systemic_alert,0,2026-05-07-style-regime-router,LAM RESEARCH CORP,Information Technology,0.6588359948317541,preferred_final_label,-0.054810744079376,-0.054810744079376,-0.0123953183454753,hold,hold,-0.08,True,score_power,rebalance,1,2023-10-31,0.3620799710333797,0.1604166666666666,neutral,4,concentrated_alpha,concentrated_champion
2023-09-29,WSM,0.1722358551628476,1.596491410646363,concentrated_alpha,concentrated_alpha,preferred_final_label,-0.0301299004456977,-0.0051894491692362,4,"{""breakout_setup_quality_score"": 0.0, ""broken_momentum_penalty"": 0.0, ""entry_quality_score"": 0.0, ""explosion_entry_score"": 0.0, ""explosion_exit_score"": 0.0, ""explosion_net_score"": 0.0, ""h1_oversold_value_score"": 0.0, ""h6_dynamic_leader_score"": 0.0, ""portfolio_hold_policy_exit_risk"": 0.0, ""portfolio_monster_early_score"": 0.5193760353074599, ""portfolio_risk_entry_block_score"": 0.2166666666666666, ""relative_strength_composite"": 0.0, ""rs_acceleration_score"": 0.0, ""selection_confirmation_score"": 0.0, ""stage2_overext_penalty"": 0.0, ""theme_phase_multiplier_max"": 0.0, ""theme_phase_multiplier_primary"": 0.0}",systemic_alert,0,2026-05-07-style-regime-router,WILLIAMS SONOMA INC,Consumer Discretionary,0.6223692458255057,preferred_final_label,-0.0301299004456977,-0.0301299004456977,-0.0051894491692362,hold,hold,-0.08,True,score_power,rebalance,1,2023-10-31,0.5193760353074599,0.2166666666666666,neutral,4,concentrated_alpha,concentrated_champion
2023-10-31,ORLY,0.3142866842089,3.66205476012653,concentrated_alpha,concentrated_alpha,preferred_final_label,0.0530312577135649,0.0166670181462239,4,"{""breakout_setup_quality_score"": 0.0, ""broken_momentum_penalty"": 0.0, ""entry_quality_score"": 0.0, ""explosion_entry_score"": 0.0, ""explosion_exit_score"": 0.0, ""explosion_net_score"": 0.0, ""h1_oversold_value_score"": 0.0, ""h6_dynamic_leader_score"": 0.0, ""portfolio_hold_policy_exit_risk"": 0.0, ""portfolio_monster_early_score"": 0.4633057678871177, ""portfolio_risk_entry_block_score"": 0.0135416666666666, ""relative_strength_composite"": 0.0, ""rs_acceleration_score"": 0.0, ""selection_confirmation_score"": 0.0, ""stage2_overext_penalty"": 0.0, ""theme_phase_multiplier_max"": 0.0, ""theme_phase_multiplier_primary"": 0.0}",balanced,0,2026-05-07-style-regime-router,OREILLY AUTOMOTIVE INC,Consumer Discretionary,0.6769794567755802,preferred_final_label,0.0530312577135649,0.0530312577135649,0.0166670181462239,hold,hold,-0.08,True,score_power,rebalance,1,2023-11-30,0.4633057678871177,0.0135416666666666,neutral,4,concentrated_alpha,concentrated_champion
2023-10-31,STLD,0.2710227644171519,2.3932201435867846,concentrated_alpha,concentrated_alpha,preferred_final_label,0.120971519736446,0.0327860356947156,4,"{""breakout_setup_quality_score"": 0.0, ""broken_momentum_penalty"": 0.0, ""entry_quality_score"": 0.0, ""explosion_entry_score"": 0.0, ""explosion_exit_score"": 0.0, ""explosion_net_score"": 0.0, ""h1_oversold_value_score"": 0.0, ""h6_dynamic_leader_score"": 0.0, ""portfolio_hold_policy_exit_risk"": 0.0, ""portfolio_monster_early_score"": 0.3961464505809765, ""portfolio_risk_entry_block_score"": 0.0135416666666666, ""relative_strength_composite"": 0.0, ""rs_acceleration_score"": 0.0, ""selection_confirmation_score"": 0.0, ""stage2_overext_penalty"": 0.0, ""theme_phase_multiplier_max"": 0.0, ""theme_phase_multiplier_primary"": 0.0}",balanced,0,2026-05-07-style-regime-router,STEEL DYNAMICS INC,Materials,0.6537602313020738,preferred_final_label,0.120971519736446,0.120971519736446,0.0327860356947156,hold,hold,-0.08,True,score_power,rebalance,1,2023-11-30,0.3961464505809765,0.0135416666666666,neutral,4,concentrated_alpha,concentrated_champion
2023-10-31,CHRD,0.2290746481843299,1.6866060396831513,concentrated_alpha,concentrated_alpha,preferred_final_label,-0.0112556676899316,-0.0025783881161508,4,"{""breakout_setup_quality_score"": 0.0, ""broken_momentum_penalty"": 0.0, ""entry_quality_score"": 0.0, ""explosion_entry_score"": 0.0, ""explosion_exit_score"": 0.0, ""explosion_net_score"": 0.0, ""h1_oversold_value_score"": 0.0, ""h6_dynamic_leader_score"": 0.0, ""portfolio_hold_policy_exit_risk"": 0.0, ""portfolio_monster_early_score"": 0.5689048696307608, ""portfolio_risk_entry_block_score"": 0.0916666666666666, ""relative_strength_composite"": 0.0, ""rs_acceleration_score"": 0.0, ""selection_confirmation_score"": 0.0, ""stage2_overext_penalty"": 0.0, ""theme_phase_multiplier_max"": 0.0, ""theme_phase_multiplier_primary"": 0.0}",balanced,0,2026-05-07-style-regime-router,CHORD ENERGY CORP,Energy,0.6293997680350805,preferred_final_label,-0.0112556676899316,-0.0112556676899316,-0.0025783881161508,hold,hold,-0.08,True,score_power,rebalance,1,2023-11-30,0.5689048696307608,0.0916666666666666,neutral,4,concentrated_alpha,concentrated_champion
2023-10-31,DINO,0.1856159031896181,2.0667904780849327,concentrated_alpha,concentrated_alpha,preferred_final_label,-0.0454384068830127,-0.0084340909330877,4,"{""breakout_setup_quality_score"": 0.0, ""broken_momentum_penalty"": 0.0, ""entry_quality_score"": 0.0, ""explosion_entry_score"": 0.0, ""explosion_exit_score"": 0.0, ""explosion_net_score"": 0.0, ""h1_oversold_value_score"": 0.0, ""h6_dynamic_leader_score"": 0.0, ""portfolio_hold_policy_exit_risk"": 0.0, ""portfolio_monster_early_score"": 0.425307863668577, ""portfolio_risk_entry_block_score"": 0.3354166666666667, ""relative_strength_composite"": 0.0, ""rs_acceleration_score"": 0.0, ""selection_confirmation_score"": 0.0, ""stage2_overext_penalty"": 0.0, ""theme_phase_multiplier_max"": 0.0, ""theme_phase_multiplier_primary"": 0.0}",balanced,0,2026-05-07-style-regime-router,HF SINCLAIR CORP,Energy,0.6016709593079179,preferred_final_label,-0.0454384068830127,-0.0454384068830127,-0.0084340909330877,hold,hold,-0.08,True,score_power,rebalance,1,2023-11-30,0.425307863668577,0.3354166666666667,neutral,4,concentrated_alpha,concentrated_champion
2023-11-30,LRCX,0.360447942678065,4.766935999720255,concentrated_alpha,concentrated_alpha,preferred_final_label,0.0825271938873986,0.0297467572517066,4,"{""breakout_setup_quality_score"": 0.0, ""broken_momentum_penalty"": 0.0, ""entry_quality_score"": 0.0, ""explosion_entry_score"": 0.0, ""explosion_exit_score"": 0.0, ""explosion_net_score"": 0.0, ""h1_oversold_value_score"": 0.0, ""h6_dynamic_leader_score"": 0.0, ""portfolio_hold_policy_exit_risk"": 0.0, ""portfolio_monster_early_score"": 0.5318839361838861, ""portfolio_risk_entry_block_score"": 0.1333333333333333, ""relative_strength_composite"": 0.0, ""rs_acceleration_score"": 0.0, ""selection_confirmation_score"": 0.0, ""stage2_overext_penalty"": 0.0, ""theme_phase_multiplier_max"": 0.0, ""theme_phase_multiplier_primary"": 0.0}",balanced,0,2026-05-07-style-regime-router,LAM RESEARCH CORP,Information Technology,0.7140351216967464,preferred_final_label,0.0825271938873986,0.0825271938873986,0.0297467572517066,hold,hold,-0.08,True,score_power,rebalance,1,2023-12-29,0.5318839361838861,0.1333333333333333,neutral,4,concentrated_alpha,concentrated_champion
2023-11-30,DKS,0.2345290650033381,2.9252806098528312,concentrated_alpha,concentrated_alpha,preferred_final_label,0.1233851499490947,0.0289374038528578,4,"{""breakout_setup_quality_score"": 0.0, ""broken_momentum_penalty"": 0.0, ""entry_quality_score"": 0.0, ""explosion_entry_score"": 0.0, ""explosion_exit_score"": 0.0, ""explosion_net_score"": 0.0, ""h1_oversold_value_score"": 0.0, ""h6_dynamic_leader_score"": 0.0, ""portfolio_hold_policy_exit_risk"": 0.0, ""portfolio_monster_early_score"": 0.4438718597312394, ""portfolio_risk_entry_block_score"": 0.0135416666666666, ""relative_strength_composite"": 0.0, ""rs_acceleration_score"": 0.0, ""selection_confirmation_score"": 0.0, ""stage2_overext_penalty"": 0.0, ""theme_phase_multiplier_max"": 0.0, ""theme_phase_multiplier_primary"": 0.0}",balanced,0,2026-05-07-style-regime-router,DICKS SPORTING INC,Consumer Discretionary,0.6481433186343928,preferred_final_label,0.1233851499490947,0.1233851499490947,0.0289374038528578,hold,hold,-0.08,True,score_power,rebalance,1,2023-12-29,0.4438718597312394,0.0135416666666666,neutral,4,concentrated_alpha,concentrated_champion
2023-11-30,CNM,0.2110168262057048,2.165716056875296,concentrated_alpha,concentrated_alpha,preferred_final_label,0.1432233128409208,0.0302225289143578,4,"{""breakout_setup_quality_score"": 0.0, ""broken_momentum_penalty"": 0.0, ""entry_quality_score"": 0.0, ""explosion_entry_score"": 0.0, ""explosion_exit_score"": 0.0, ""explosion_net_score"": 0.0, ""h1_oversold_value_score"": 0.0, ""h6_dynamic_leader_score"": 0.0, ""portfolio_hold_policy_exit_risk"": 0.0, ""portfolio_monster_early_score"": 0.569082973524007, ""portfolio_risk_entry_block_score"": 0.1333333333333333, ""relative_strength_composite"": 0.0, ""rs_acceleration_score"": 0.0, ""selection_confirmation_score"": 0.0, ""stage2_overext_penalty"": 0.0, ""theme_phase_multiplier_max"": 0.0, ""theme_phase_multiplier_primary"": 0.0}",balanced,0,2026-05-07-style-regime-router,CORE & MAIN INC CLASS A,Industrials,0.6340011391169604,preferred_final_label,0.1432233128409208,0.1432233128409208,0.0302225289143578,hold,hold,-0.08,True,score_power,rebalance,1,2023-12-29,0.569082973524007,0.1333333333333333,neutral,4,concentrated_alpha,concentrated_champion
2023-11-30,EXPE,0.194006166112892,1.9500029797351368,concentrated_alpha,concentrated_alpha,preferred_final_label,0.1148106913017363,0.0222739820482206,4,"{""breakout_setup_quality_score"": 0.0, ""broken_momentum_penalty"": 0.0, ""entry_quality_score"": 0.0, ""explosion_entry_score"": 0.0, ""explosion_exit_score"": 0.0, ""explosion_net_score"": 0.0, ""h1_oversold_value_score"": 0.0, ""h6_dynamic_leader_score"": 0.0, ""portfolio_hold_policy_exit_risk"": 0.0, ""portfolio_monster_early_score"": 0.5146272895474361, ""portfolio_risk_entry_block_score"": 0.1083333333333333, ""relative_strength_composite"": 0.0, ""rs_acceleration_score"": 0.0, ""selection_confirmation_score"": 0.0, ""stage2_overext_penalty"": 0.0, ""theme_phase_multiplier_max"": 0.0, ""theme_phase_multiplier_primary"": 0.0}",balanced,0,2026-05-07-style-regime-router,EXPEDIA GROUP INC,Consumer Discretionary,0.623271270760603,preferred_final_label,0.1148106913017363,0.1148106913017363,0.0222739820482206,hold,hold,-0.08,True,score_power,rebalance,1,2023-12-29,0.5146272895474361,0.1083333333333333,neutral,4,concentrated_alpha,concentrated_champion
2023-12-29,MA,0.3602713250259609,5.852831912097411,concentrated_alpha,concentrated_alpha,preferred_final_label,0.0745764459727542,0.0268677550063311,4,"{""breakout_setup_quality_score"": 0.0, ""broken_momentum_penalty"": 0.0, ""entry_quality_score"": 0.0, ""explosion_entry_score"": 0.0, ""explosion_exit_score"": 0.0, ""explosion_net_score"": 0.0, ""h1_oversold_value_score"": 0.0, ""h6_dynamic_leader_score"": 0.0, ""portfolio_hold_policy_exit_risk"": 0.0, ""portfolio_monster_early_score"": 0.5386004676149204, ""portfolio_risk_entry_block_score"": 0.146875, ""relative_strength_composite"": 0.0, ""rs_acceleration_score"": 0.0, ""selection_confirmation_score"": 0.0, ""stage2_overext_penalty"": 0.0, ""theme_phase_multiplier_max"": 0.0, ""theme_phase_multiplier_primary"": 0.0}",balanced,0,2026-05-07-style-regime-router,MASTERCARD INC CLASS A,Financials,0.7738778776577313,preferred_final_label,0.0745764459727542,0.0745764459727542,0.0268677550063311,hold,hold,-0.08,True,score_power,rebalance,1,2024-01-31,0.5386004676149204,0.146875,neutral,4,concentrated_alpha,concentrated_champion
2023-12-29,LRCX,0.2791242907452949,5.221431943369558,concentrated_alpha,concentrated_alpha,preferred_final_label,0.0820813305436156,0.0229108931714168,4,"{""breakout_setup_quality_score"": 0.0, ""broken_momentum_penalty"": 0.0, ""entry_quality_score"": 0.0, ""explosion_entry_score"": 0.0, ""explosion_exit_score"": 0.0, ""explosion_net_score"": 0.0, ""h1_oversold_value_score"": 0.0, ""h6_dynamic_leader_score"": 0.0, ""portfolio_hold_policy_exit_risk"": 0.0, ""portfolio_monster_early_score"": 0.532598077325862, ""portfolio_risk_entry_block_score"": 0.2416666666666667, ""relative_strength_composite"": 0.0, ""rs_acceleration_score"": 0.0, ""selection_confirmation_score"": 0.0, ""stage2_overext_penalty"": 0.0, ""theme_phase_multiplier_max"": 0.0, ""theme_phase_multiplier_primary"": 0.0}",balanced,0,2026-05-07-style-regime-router,LAM RESEARCH CORP,Information Technology,0.7265825525760987,preferred_final_label,0.0820813305436156,0.0820813305436156,0.0229108931714168,hold,hold,-0.08,True,score_power,rebalance,1,2024-01-31,0.532598077325862,0.2416666666666667,neutral,4,concentrated_alpha,concentrated_champion
2023-12-29,DKS,0.2161440349948153,3.0789895044218816,concentrated_alpha,concentrated_alpha,preferred_final_label,0.0296962419480457,0.0064186655588329,4,"{""breakout_setup_quality_score"": 0.0, ""broken_momentum_penalty"": 0.0, ""entry_quality_score"": 0.0, ""explosion_entry_score"": 0.0, ""explosion_exit_score"": 0.0, ""explosion_net_score"": 0.0, ""h1_oversold_value_score"": 0.0, ""h6_dynamic_leader_score"": 0.0, ""portfolio_hold_policy_exit_risk"": 0.0, ""portfolio_monster_early_score"": 0.5184652806030446, ""portfolio_risk_entry_block_score"": 0.0135416666666666, ""relative_strength_composite"": 0.0, ""rs_acceleration_score"": 0.0, ""selection_confirmation_score"": 0.0, ""stage2_overext_penalty"": 0.0, ""theme_phase_multiplier_max"": 0.0, ""theme_phase_multiplier_primary"": 0.0}",balanced,0,2026-05-07-style-regime-router,DICKS SPORTING INC,Consumer Discretionary,0.6848746789841436,preferred_final_label,0.0296962419480457,0.0296962419480457,0.0064186655588329,hold,hold,-0.08,True,score_power,rebalance,1,2024-01-31,0.5184652806030446,0.0135416666666666,neutral,4,concentrated_alpha,concentrated_champion
2023-12-29,CTAS,0.1444603492339289,2.8128550434385278,concentrated_alpha,concentrated_alpha,preferred_final_label,0.0097521488107359,0.0014087988229801,4,"{""breakout_setup_quality_score"": 0.0, ""broken_momentum_penalty"": 0.0, ""entry_quality_score"": 0.0, ""explosion_entry_score"": 0.0, ""explosion_exit_score"": 0.0, ""explosion_net_score"": 0.0, ""h1_oversold_value_score"": 0.0, ""h6_dynamic_leader_score"": 0.0, ""portfolio_hold_policy_exit_risk"": 0.0, ""portfolio_monster_early_score"": 0.5217925603414392, ""portfolio_risk_entry_block_score"": 0.0, ""relative_strength_composite"": 0.0, ""rs_acceleration_score"": 0.0, ""selection_confirmation_score"": 0.0, ""stage2_overext_penalty"": 0.0, ""theme_phase_multiplier_max"": 0.0, ""theme_phase_multiplier_primary"": 0.0}",balanced,0,2026-05-07-style-regime-router,CINTAS CORP,Industrials,0.6290748024150605,preferred_final_label,0.0097521488107359,0.0097521488107359,0.0014087988229801,hold,hold,-0.08,True,score_power,rebalance,1,2024-01-31,0.5217925603414392,0.0,neutral,4,concentrated_alpha,concentrated_champion
2024-01-31,MA,0.3762138237987339,5.980842207709444,concentrated_alpha,concentrated_alpha,preferred_final_label,0.0437582543382599,0.0164624601873543,4,"{""breakout_setup_quality_score"": 0.0, ""broken_momentum_penalty"": 0.0, ""entry_quality_score"": 0.0, ""explosion_entry_score"": 0.0, ""explosion_exit_score"": 0.0, ""explosion_net_score"": 0.0, ""h1_oversold_value_score"": 0.0, ""h6_dynamic_leader_score"": 0.0, ""portfolio_hold_policy_exit_risk"": 0.0, ""portfolio_monster_early_score"": 0.5849986896989602, ""portfolio_risk_entry_block_score"": 0.1333333333333333, ""relative_strength_composite"": 0.0, ""rs_acceleration_score"": 0.0, ""selection_confirmation_score"": 0.0, ""stage2_overext_penalty"": 0.0, ""theme_phase_multiplier_max"": 0.0, ""theme_phase_multiplier_primary"": 0.0}",balanced,0,2026-05-07-style-regime-router,MASTERCARD INC CLASS A,Financials,0.8202837806935812,preferred_final_label,0.0437582543382599,0.0437582543382599,0.0164624601873543,hold,hold,-0.08,True,score_power,rebalance,1,2024-02-29,0.5849986896989602,0.1333333333333333,promote_monster_early,4,concentrated_alpha,concentrated_champion
2024-01-31,SMCI,0.3349776416105924,5.181202398862281,concentrated_alpha,concentrated_alpha,preferred_final_label,0.63311117666739,0.2120780888373494,4,"{""breakout_setup_quality_score"": 0.0, ""broken_momentum_penalty"": 0.0, ""entry_quality_score"": 0.0, ""explosion_entry_score"": 0.0, ""explosion_exit_score"": 0.0, ""explosion_net_score"": 0.0, ""h1_oversold_value_score"": 0.0, ""h6_dynamic_leader_score"": 0.0, ""portfolio_hold_policy_exit_risk"": 0.0, ""portfolio_monster_early_score"": 0.5819421878836597, ""portfolio_risk_entry_block_score"": 0.2416666666666667, ""relative_strength_composite"": 0.0, ""rs_acceleration_score"": 0.0, ""selection_confirmation_score"": 0.0, ""stage2_overext_penalty"": 0.0, ""theme_phase_multiplier_max"": 0.0, ""theme_phase_multiplier_primary"": 0.0}",balanced,0,2026-05-07-style-regime-router,SUPER MICRO COMPUTER INC,Information Technology,0.7960202306938311,preferred_final_label,0.63311117666739,0.63311117666739,0.2120780888373494,hold,hold,-0.08,True,score_power,rebalance,1,2024-02-29,0.5819421878836597,0.2416666666666667,promote_monster_early,4,concentrated_alpha,concentrated_champion
2024-01-31,DKS,0.161787053270679,2.9505824843510293,concentrated_alpha,concentrated_alpha,preferred_final_label,0.1894231824488608,0.0306462185095554,4,"{""breakout_setup_quality_score"": 0.0, ""broken_momentum_penalty"": 0.0, ""entry_quality_score"": 0.0, ""explosion_entry_score"": 0.0, ""explosion_exit_score"": 0.0, ""explosion_net_score"": 0.0, ""h1_oversold_value_score"": 0.0, ""h6_dynamic_leader_score"": 0.0, ""portfolio_hold_policy_exit_risk"": 0.0, ""portfolio_monster_early_score"": 0.4999557818033791, ""portfolio_risk_entry_block_score"": 0.0135416666666666, ""relative_strength_composite"": 0.0, ""rs_acceleration_score"": 0.0, ""selection_confirmation_score"": 0.0, ""stage2_overext_penalty"": 0.0, ""theme_phase_multiplier_max"": 0.0, ""theme_phase_multiplier_primary"": 0.0}",balanced,0,2026-05-07-style-regime-router,DICKS SPORTING INC,Consumer Discretionary,0.6721814582022868,preferred_final_label,0.1894231824488608,0.1894231824488608,0.0306462185095554,hold,hold,-0.08,True,score_power,rebalance,1,2024-02-29,0.4999557818033791,0.0135416666666666,neutral,4,concentrated_alpha,concentrated_champion
2024-01-31,PANW,0.1270214813199945,5.455931297226784,concentrated_alpha,concentrated_alpha,preferred_final_label,-0.08,-0.0101617185055995,4,"{""breakout_setup_quality_score"": 0.0, ""broken_momentum_penalty"": 0.0, ""entry_quality_score"": 0.0, ""explosion_entry_score"": 0.0, ""explosion_exit_score"": 0.0, ""explosion_net_score"": 0.0, ""h1_oversold_value_score"": 0.0, ""h6_dynamic_leader_score"": 0.0, ""portfolio_hold_policy_exit_risk"": 0.0, ""portfolio_monster_early_score"": 0.5806639405488521, ""portfolio_risk_entry_block_score"": 0.2416666666666667, ""relative_strength_composite"": 0.0, ""rs_acceleration_score"": 0.0, ""selection_confirmation_score"": 0.0, ""stage2_overext_penalty"": 0.0, ""theme_phase_multiplier_max"": 0.0, ""theme_phase_multiplier_primary"": 0.0}",balanced,0,2026-05-07-style-regime-router,PALO ALTO NETWORKS INC,Information Technology,0.6400358434787508,preferred_final_label,-0.0810324519784753,-0.08,-0.0102928620852972,risk_exit,hard_stop,-0.08,True,score_power,rebalance,1,2024-02-29,0.5806639405488521,0.2416666666666667,promote_monster_early,4,concentrated_alpha,concentrated_champion
2024-02-29,MA,0.3912289382417835,6.920498117316655,concentrated_alpha,concentrated_alpha,preferred_final_label,0.01210763077835,0.0047368555340374,4,"{""breakout_setup_quality_score"": 0.0, ""broken_momentum_penalty"": 0.0, ""entry_quality_score"": 0.0, ""explosion_entry_score"": 0.0, ""explosion_exit_score"": 0.0, ""explosion_net_score"": 0.0, ""h1_oversold_value_score"": 0.0, ""h6_dynamic_leader_score"": 0.0, ""portfolio_hold_policy_exit_risk"": 0.0, ""portfolio_monster_early_score"": 0.5931902681328232, ""portfolio_risk_entry_block_score"": 0.1333333333333333, ""relative_strength_composite"": 0.0, ""rs_acceleration_score"": 0.0, ""selection_confirmation_score"": 0.0, ""stage2_overext_penalty"": 0.0, ""theme_phase_multiplier_max"": 0.0, ""theme_phase_multiplier_primary"": 0.0}",balanced,0,2026-05-07-style-regime-router,MASTERCARD INC CLASS A,Financials,0.7977664228900953,preferred_final_label,0.01210763077835,0.01210763077835,0.0047368555340374,hold,hold,-0.08,True,score_power,rebalance,1,2024-03-28,0.5931902681328232,0.1333333333333333,promote_monster_early,4,concentrated_alpha,concentrated_champion
2024-02-29,SMCI,0.3007005516512294,5.236691821208773,concentrated_alpha,concentrated_alpha,preferred_final_label,0.1452804910607148,0.0436859238061184,4,"{""breakout_setup_quality_score"": 0.0, ""broken_momentum_penalty"": 0.0, ""entry_quality_score"": 0.0, ""explosion_entry_score"": 0.0, ""explosion_exit_score"": 0.0, ""explosion_net_score"": 0.0, ""h1_oversold_value_score"": 0.0, ""h6_dynamic_leader_score"": 0.0, ""portfolio_hold_policy_exit_risk"": 0.0, ""portfolio_monster_early_score"": 0.5207887170153257, ""portfolio_risk_entry_block_score"": 0.3333333333333333, ""relative_strength_composite"": 0.0, ""rs_acceleration_score"": 0.0, ""selection_confirmation_score"": 0.0, ""stage2_overext_penalty"": 0.0, ""theme_phase_multiplier_max"": 0.0, ""theme_phase_multiplier_primary"": 0.0}",balanced,0,2026-05-07-style-regime-router,SUPER MICRO COMPUTER INC,Information Technology,0.7436194232744966,preferred_final_label,0.1452804910607148,0.1452804910607148,0.0436859238061184,hold,hold,-0.08,True,score_power,rebalance,1,2024-03-28,0.5207887170153257,0.3333333333333333,neutral,4,concentrated_alpha,concentrated_champion
2024-02-29,DKS,0.1812821086352423,2.6433669750320874,concentrated_alpha,concentrated_alpha,preferred_final_label,0.2548319561516272,0.0461964743588106,4,"{""breakout_setup_quality_score"": 0.0, ""broken_momentum_penalty"": 0.0, ""entry_quality_score"": 0.0, ""explosion_entry_score"": 0.0, ""explosion_exit_score"": 0.0, ""explosion_net_score"": 0.0, ""h1_oversold_value_score"": 0.0, ""h6_dynamic_leader_score"": 0.0, ""portfolio_hold_policy_exit_risk"": 0.0, ""portfolio_monster_early_score"": 0.5759863629922284, ""portfolio_risk_entry_block_score"": 0.325, ""relative_strength_composite"": 0.0, ""rs_acceleration_score"": 0.0, ""selection_confirmation_score"": 0.0, ""stage2_overext_penalty"": 0.0, ""theme_phase_multiplier_max"": 0.0, ""theme_phase_multiplier_primary"": 0.0}",balanced,0,2026-05-07-style-regime-router,DICKS SPORTING INC,Consumer Discretionary,0.6575492020265279,preferred_final_label,0.2548319561516272,0.2548319561516272,0.0461964743588106,hold,hold,-0.08,True,score_power,rebalance,1,2024-03-28,0.5759863629922284,0.325,neutral,4,concentrated_alpha,concentrated_champion
2024-02-29,ORLY,0.1267884014717445,3.4868661092015363,concentrated_alpha,concentrated_alpha,preferred_final_label,0.0391540957970308,0.004964285217177,4,"{""breakout_setup_quality_score"": 0.0, ""broken_momentum_penalty"": 0.0, ""entry_quality_score"": 0.0, ""explosion_entry_score"": 0.0, ""explosion_exit_score"": 0.0, ""explosion_net_score"": 0.0, ""h1_oversold_value_score"": 0.0, ""h6_dynamic_leader_score"": 0.0, ""portfolio_hold_policy_exit_risk"": 0.0, ""portfolio_monster_early_score"": 0.4959781510731326, ""portfolio_risk_entry_block_score"": 0.146875, ""relative_strength_composite"": 0.0, ""rs_acceleration_score"": 0.0, ""selection_confirmation_score"": 0.0, ""stage2_overext_penalty"": 0.0, ""theme_phase_multiplier_max"": 0.0, ""theme_phase_multiplier_primary"": 0.0}",balanced,0,2026-05-07-style-regime-router,OREILLY AUTOMOTIVE INC,Consumer Discretionary,0.6086135471821403,preferred_final_label,0.0391540957970308,0.0391540957970308,0.004964285217177,hold,hold,-0.08,True,score_power,rebalance,1,2024-03-28,0.4959781510731326,0.146875,neutral,4,concentrated_alpha,concentrated_champion
2024-03-28,MA,0.3968544337137665,6.900834769296011,concentrated_alpha,concentrated_alpha,preferred_final_label,-0.0712407705856584,-0.0282722156681038,4,"{""breakout_setup_quality_score"": 0.0, ""broken_momentum_penalty"": 0.0, ""entry_quality_score"": 0.0, ""explosion_entry_score"": 0.0, ""explosion_exit_score"": 0.0, ""explosion_net_score"": 0.0, ""h1_oversold_value_score"": 0.0, ""h6_dynamic_leader_score"": 0.0, ""portfolio_hold_policy_exit_risk"": 0.0, ""portfolio_monster_early_score"": 0.5933290309022448, ""portfolio_risk_entry_block_score"": 0.0, ""relative_strength_composite"": 0.0, ""rs_acceleration_score"": 0.0, ""selection_confirmation_score"": 0.0, ""stage2_overext_penalty"": 0.0, ""theme_phase_multiplier_max"": 0.0, ""theme_phase_multiplier_primary"": 0.0}",balanced,0,2026-05-07-style-regime-router,MASTERCARD INC CLASS A,Financials,0.8280252802873045,preferred_final_label,-0.0712407705856584,-0.0712407705856584,-0.0282722156681038,hold,hold,-0.08,True,score_power,rebalance,1,2024-04-30,0.5933290309022448,0.0,promote_monster_early,4,concentrated_alpha,concentrated_champion
2024-03-28,SMCI,0.3415026675437366,5.070121833920267,concentrated_alpha,concentrated_alpha,preferred_final_label,-0.08,-0.0273202134034989,4,"{""breakout_setup_quality_score"": 0.0, ""broken_momentum_penalty"": 0.0, ""entry_quality_score"": 0.0, ""explosion_entry_score"": 0.0, ""explosion_exit_score"": 0.0, ""explosion_net_score"": 0.0, ""h1_oversold_value_score"": 0.0, ""h6_dynamic_leader_score"": 0.0, ""portfolio_hold_policy_exit_risk"": 0.0, ""portfolio_monster_early_score"": 0.5751903150224318, ""portfolio_risk_entry_block_score"": 0.2416666666666667, ""relative_strength_composite"": 0.0, ""rs_acceleration_score"": 0.0, ""selection_confirmation_score"": 0.0, ""stage2_overext_penalty"": 0.0, ""theme_phase_multiplier_max"": 0.0, ""theme_phase_multiplier_primary"": 0.0}",balanced,0,2026-05-07-style-regime-router,SUPER MICRO COMPUTER INC,Information Technology,0.7941287230522293,preferred_final_label,-0.2303366330590578,-0.08,-0.078660574622711,risk_exit,hard_stop,-0.08,True,score_power,rebalance,1,2024-04-30,0.5751903150224318,0.2416666666666667,neutral,4,concentrated_alpha,concentrated_champion
2024-03-28,CNM,0.1486251075408859,1.7761545171012658,concentrated_alpha,concentrated_alpha,preferred_final_label,-0.0146571302121686,-0.0021784175540243,4,"{""breakout_setup_quality_score"": 0.0, ""broken_momentum_penalty"": 0.0, ""entry_quality_score"": 0.0, ""explosion_entry_score"": 0.0, ""explosion_exit_score"": 0.0, ""explosion_net_score"": 0.0, ""h1_oversold_value_score"": 0.0, ""h6_dynamic_leader_score"": 0.0, ""portfolio_hold_policy_exit_risk"": 0.0, ""portfolio_monster_early_score"": 0.5732451953590524, ""portfolio_risk_entry_block_score"": 0.2416666666666667, ""relative_strength_composite"": 0.0, ""rs_acceleration_score"": 0.0, ""selection_confirmation_score"": 0.0, ""stage2_overext_penalty"": 0.0, ""theme_phase_multiplier_max"": 0.0, ""theme_phase_multiplier_primary"": 0.0}",balanced,0,2026-05-07-style-regime-router,CORE & MAIN INC CLASS A,Industrials,0.6462449086236725,preferred_final_label,-0.0146571302121686,-0.0146571302121686,-0.0021784175540243,hold,hold,-0.08,True,score_power,rebalance,1,2024-04-30,0.5732451953590524,0.2416666666666667,neutral,4,concentrated_alpha,concentrated_champion
2024-03-28,EXE,0.1130177912016107,2.507016107920488,concentrated_alpha,concentrated_alpha,preferred_final_label,0.0040295801765137,0.0004554142510193,4,"{""breakout_setup_quality_score"": 0.0, ""broken_momentum_penalty"": 0.0, ""entry_quality_score"": 0.0, ""explosion_entry_score"": 0.0, ""explosion_exit_score"": 0.0, ""explosion_net_score"": 0.0, ""h1_oversold_value_score"": 0.0, ""h6_dynamic_leader_score"": 0.0, ""portfolio_hold_policy_exit_risk"": 0.0, ""portfolio_monster_early_score"": 0.4743895616429079, ""portfolio_risk_entry_block_score"": 0.0135416666666666, ""relative_strength_composite"": 0.0, ""rs_acceleration_score"": 0.0, ""selection_confirmation_score"": 0.0, ""stage2_overext_penalty"": 0.0, ""theme_phase_multiplier_max"": 0.0, ""theme_phase_multiplier_primary"": 0.0}",balanced,0,2026-05-07-style-regime-router,EXPAND ENERGY CORP,Energy,0.6095548113649184,preferred_final_label,0.0040295801765137,0.0040295801765137,0.0004554142510193,hold,hold,-0.08,True,score_power,rebalance,1,2024-04-30,0.4743895616429079,0.0135416666666666,neutral,4,concentrated_alpha,concentrated_champion
2024-04-30,CMG,0.4109320438752701,6.726578229533282,concentrated_alpha,concentrated_alpha,preferred_final_label,-0.0044783068890612,-0.0018402798030226,4,"{""breakout_setup_quality_score"": 0.0, ""broken_momentum_penalty"": 0.0, ""entry_quality_score"": 0.0, ""explosion_entry_score"": 0.0, ""explosion_exit_score"": 0.0, ""explosion_net_score"": 0.0, ""h1_oversold_value_score"": 0.0, ""h6_dynamic_leader_score"": 0.0, ""portfolio_hold_policy_exit_risk"": 0.0, ""portfolio_monster_early_score"": 0.5609436249613264, ""portfolio_risk_entry_block_score"": 0.1083333333333333, ""relative_strength_composite"": 0.0, ""rs_acceleration_score"": 0.0, ""selection_confirmation_score"": 0.0, ""stage2_overext_penalty"": 0.0, ""theme_phase_multiplier_max"": 0.0, ""theme_phase_multiplier_primary"": 0.0}",balanced,0,2026-05-07-style-regime-router,CHIPOTLE MEXICAN GRILL INC,Consumer Discretionary,0.8204613410789259,preferred_final_label,-0.0044783068890612,-0.0044783068890612,-0.0018402798030226,hold,hold,-0.08,True,score_power,rebalance,1,2024-05-31,0.5609436249613264,0.1083333333333333,neutral,4,concentrated_alpha,concentrated_champion
2024-04-30,UAL,0.2774127095906351,3.9290157854418335,concentrated_alpha,concentrated_alpha,preferred_final_label,0.0408560002291786,0.011333973726612,4,"{""breakout_setup_quality_score"": 0.0, ""broken_momentum_penalty"": 0.0, ""entry_quality_score"": 0.0, ""explosion_entry_score"": 0.0, ""explosion_exit_score"": 0.0, ""explosion_net_score"": 0.0, ""h1_oversold_value_score"": 0.0, ""h6_dynamic_leader_score"": 0.0, ""portfolio_hold_policy_exit_risk"": 0.0, ""portfolio_monster_early_score"": 0.4561670272848045, ""portfolio_risk_entry_block_score"": 0.0135416666666666, ""relative_strength_composite"": 0.0, ""rs_acceleration_score"": 0.0, ""selection_confirmation_score"": 0.0, ""stage2_overext_penalty"": 0.0, ""theme_phase_multiplier_max"": 0.0, ""theme_phase_multiplier_primary"": 0.0}",balanced,0,2026-05-07-style-regime-router,UNITED AIRLINES HOLDINGS INC,Industrials,0.7410250892447143,preferred_final_label,0.0408560002291786,0.0408560002291786,0.011333973726612,hold,hold,-0.08,True,score_power,rebalance,1,2024-05-31,0.4561670272848045,0.0135416666666666,neutral,4,concentrated_alpha,concentrated_champion
2024-04-30,DKS,0.1821644812266639,2.602447659513781,concentrated_alpha,concentrated_alpha,preferred_final_label,0.1373475972907942,0.0250198538082062,4,"{""breakout_setup_quality_score"": 0.0, ""broken_momentum_penalty"": 0.0, ""entry_quality_score"": 0.0, ""explosion_entry_score"": 0.0, ""explosion_exit_score"": 0.0, ""explosion_net_score"": 0.0, ""h1_oversold_value_score"": 0.0, ""h6_dynamic_leader_score"": 0.0, ""portfolio_hold_policy_exit_risk"": 0.0, ""portfolio_monster_early_score"": 0.4964681392351801, ""portfolio_risk_entry_block_score"": 0.1083333333333333, ""relative_strength_composite"": 0.0, ""rs_acceleration_score"": 0.0, ""selection_confirmation_score"": 0.0, ""stage2_overext_penalty"": 0.0, ""theme_phase_multiplier_max"": 0.0, ""theme_phase_multiplier_primary"": 0.0}",balanced,0,2026-05-07-style-regime-router,DICKS SPORTING INC,Consumer Discretionary,0.6716260326514566,preferred_final_label,0.1373475972907942,0.1373475972907942,0.0250198538082062,hold,hold,-0.08,True,score_power,rebalance,1,2024-05-31,0.4964681392351801,0.1083333333333333,neutral,4,concentrated_alpha,concentrated_champion
2024-04-30,WFRD,0.1294907653074308,1.9299567987439623,concentrated_alpha,concentrated_alpha,preferred_final_label,-0.0196507062811689,-0.0025445849951801,4,"{""breakout_setup_quality_score"": 0.0, ""broken_momentum_penalty"": 0.0, ""entry_quality_score"": 0.0, ""explosion_entry_score"": 0.0, ""explosion_exit_score"": 0.0, ""explosion_net_score"": 0.0, ""h1_oversold_value_score"": 0.0, ""h6_dynamic_leader_score"": 0.0, ""portfolio_hold_policy_exit_risk"": 0.0, ""portfolio_monster_early_score"": 0.531329264288312, ""portfolio_risk_entry_block_score"": 0.1083333333333333, ""relative_strength_composite"": 0.0, ""rs_acceleration_score"": 0.0, ""selection_confirmation_score"": 0.0, ""stage2_overext_penalty"": 0.0, ""theme_phase_multiplier_max"": 0.0, ""theme_phase_multiplier_primary"": 0.0}",balanced,0,2026-05-07-style-regime-router,WEATHERFORD INTERNATIONAL PLC,Energy,0.6251070779021091,preferred_final_label,-0.0196507062811689,-0.0196507062811689,-0.0025445849951801,hold,hold,-0.08,True,score_power,rebalance,1,2024-05-31,0.531329264288312,0.1083333333333333,neutral,4,concentrated_alpha,concentrated_champion
2024-05-31,CMG,0.3825608089295932,6.959165896064924,concentrated_alpha,concentrated_alpha,preferred_final_label,-0.0013954134744902,-0.0005338305075922,4,"{""breakout_setup_quality_score"": 0.0, ""broken_momentum_penalty"": 0.0, ""entry_quality_score"": 0.0, ""explosion_entry_score"": 0.0, ""explosion_exit_score"": 0.0, ""explosion_net_score"": 0.0, ""h1_oversold_value_score"": 0.0, ""h6_dynamic_leader_score"": 0.0, ""portfolio_hold_policy_exit_risk"": 0.0, ""portfolio_monster_early_score"": 0.526385329315827, ""portfolio_risk_entry_block_score"": 0.1083333333333333, ""relative_strength_composite"": 0.0, ""rs_acceleration_score"": 0.0, ""selection_confirmation_score"": 0.0, ""stage2_overext_penalty"": 0.0, ""theme_phase_multiplier_max"": 0.0, ""theme_phase_multiplier_primary"": 0.0}",balanced,0,2026-05-07-style-regime-router,CHIPOTLE MEXICAN GRILL INC,Consumer Discretionary,0.7893037094763562,preferred_final_label,-0.0013954134744902,-0.0013954134744902,-0.0005338305075922,hold,hold,-0.08,True,score_power,rebalance,1,2024-06-28,0.526385329315827,0.1083333333333333,neutral,4,concentrated_alpha,concentrated_champion
2024-05-31,DKS,0.2323071318874444,4.062485648819572,concentrated_alpha,concentrated_alpha,preferred_final_label,-0.0497751509197166,-0.011563122549424,4,"{""breakout_setup_quality_score"": 0.0, ""broken_momentum_penalty"": 0.0, ""entry_quality_score"": 0.0, ""explosion_entry_score"": 0.0, ""explosion_exit_score"": 0.0, ""explosion_net_score"": 0.0, ""h1_oversold_value_score"": 0.0, ""h6_dynamic_leader_score"": 0.0, ""portfolio_hold_policy_exit_risk"": 0.0, ""portfolio_monster_early_score"": 0.5687607577524245, ""portfolio_risk_entry_block_score"": 0.2416666666666667, ""relative_strength_composite"": 0.0, ""rs_acceleration_score"": 0.0, ""selection_confirmation_score"": 0.0, ""stage2_overext_penalty"": 0.0, ""theme_phase_multiplier_max"": 0.0, ""theme_phase_multiplier_primary"": 0.0}",balanced,0,2026-05-07-style-regime-router,DICKS SPORTING INC,Consumer Discretionary,0.7101721700245268,preferred_final_label,-0.0497751509197166,-0.0497751509197166,-0.011563122549424,hold,hold,-0.08,True,score_power,rebalance,1,2024-06-28,0.5687607577524245,0.2416666666666667,neutral,4,concentrated_alpha,concentrated_champion
2024-05-31,ETR,0.1990721170496836,3.132361345896668,concentrated_alpha,concentrated_alpha,preferred_final_label,-0.0408818698486814,-0.0081384403797266,4,"{""breakout_setup_quality_score"": 0.0, ""broken_momentum_penalty"": 0.0, ""entry_quality_score"": 0.0, ""explosion_entry_score"": 0.0, ""explosion_exit_score"": 0.0, ""explosion_net_score"": 0.0, ""h1_oversold_value_score"": 0.0, ""h6_dynamic_leader_score"": 0.0, ""portfolio_hold_policy_exit_risk"": 0.0, ""portfolio_monster_early_score"": 0.5475112528322905, ""portfolio_risk_entry_block_score"": 0.0, ""relative_strength_composite"": 0.0, ""rs_acceleration_score"": 0.0, ""selection_confirmation_score"": 0.0, ""stage2_overext_penalty"": 0.0, ""theme_phase_multiplier_max"": 0.0, ""theme_phase_multiplier_primary"": 0.0}",balanced,0,2026-05-07-style-regime-router,ENTERGY CORP,Utilities,0.6894188409311639,preferred_final_label,-0.0408818698486814,-0.0408818698486814,-0.0081384403797266,hold,hold,-0.08,True,score_power,rebalance,1,2024-06-28,0.5475112528322905,0.0,neutral,4,concentrated_alpha,concentrated_champion
2024-05-31,CHRD,0.1860599421332786,3.0107014726139747,concentrated_alpha,concentrated_alpha,preferred_final_label,-0.08,-0.0148847953706622,4,"{""breakout_setup_quality_score"": 0.0, ""broken_momentum_penalty"": 0.0, ""entry_quality_score"": 0.0, ""explosion_entry_score"": 0.0, ""explosion_exit_score"": 0.0, ""explosion_net_score"": 0.0, ""h1_oversold_value_score"": 0.0, ""h6_dynamic_leader_score"": 0.0, ""portfolio_hold_policy_exit_risk"": 0.0, ""portfolio_monster_early_score"": 0.5444503998087084, ""portfolio_risk_entry_block_score"": 0.0916666666666666, ""relative_strength_composite"": 0.0, ""rs_acceleration_score"": 0.0, ""selection_confirmation_score"": 0.0, ""stage2_overext_penalty"": 0.0, ""theme_phase_multiplier_max"": 0.0, ""theme_phase_multiplier_primary"": 0.0}",balanced,0,2026-05-07-style-regime-router,CHORD ENERGY CORP,Energy,0.6808246376400755,preferred_final_label,-0.0979603754014255,-0.08,-0.0182265017785434,risk_exit,hard_stop,-0.08,True,score_power,rebalance,1,2024-06-28,0.5444503998087084,0.0916666666666666,neutral,4,concentrated_alpha,concentrated_champion
2024-06-28,TT,0.281340295305901,3.761684167763808,concentrated_alpha,concentrated_alpha,preferred_final_label,0.0179998850386164,0.0050640929722366,4,"{""breakout_setup_quality_score"": 0.0, ""broken_momentum_penalty"": 0.0, ""entry_quality_score"": 0.0, ""explosion_entry_score"": 0.0, ""explosion_exit_score"": 0.0, ""explosion_net_score"": 0.0, ""h1_oversold_value_score"": 0.0, ""h6_dynamic_leader_score"": 0.0, ""portfolio_hold_policy_exit_risk"": 0.0, ""portfolio_monster_early_score"": 0.5370723843054478, ""portfolio_risk_entry_block_score"": 0.1333333333333333, ""relative_strength_composite"": 0.0, ""rs_acceleration_score"": 0.0, ""selection_confirmation_score"": 0.0, ""stage2_overext_penalty"": 0.0, ""theme_phase_multiplier_max"": 0.0, ""theme_phase_multiplier_primary"": 0.0}",balanced,0,2026-05-07-style-regime-router,TRANE TECHNOLOGIES PLC,Industrials,0.659770733873039,preferred_final_label,0.0179998850386164,0.0179998850386164,0.0050640929722366,hold,hold,-0.08,True,score_power,rebalance,1,2024-07-31,0.5370723843054478,0.1333333333333333,neutral,4,concentrated_alpha,concentrated_champion
2024-06-28,ETR,0.2755364321174179,2.856544761450633,concentrated_alpha,concentrated_alpha,preferred_final_label,0.093531832345028,0.0257714273737535,4,"{""breakout_setup_quality_score"": 0.0, ""broken_momentum_penalty"": 0.0, ""entry_quality_score"": 0.0, ""explosion_entry_score"": 0.0, ""explosion_exit_score"": 0.0, ""explosion_net_score"": 0.0, ""h1_oversold_value_score"": 0.0, ""h6_dynamic_leader_score"": 0.0, ""portfolio_hold_policy_exit_risk"": 0.0, ""portfolio_monster_early_score"": 0.4161419103646594, ""portfolio_risk_entry_block_score"": 0.11875, ""relative_strength_composite"": 0.0, ""rs_acceleration_score"": 0.0, ""selection_confirmation_score"": 0.0, ""stage2_overext_penalty"": 0.0, ""theme_phase_multiplier_max"": 0.0, ""theme_phase_multiplier_primary"": 0.0}",balanced,0,2026-05-07-style-regime-router,ENTERGY CORP,Utilities,0.65677211572756,preferred_final_label,0.093531832345028,0.093531832345028,0.0257714273737535,hold,hold,-0.08,True,score_power,rebalance,1,2024-07-31,0.4161419103646594,0.11875,neutral,4,concentrated_alpha,concentrated_champion
2024-06-28,DKS,0.2328932433882941,3.021892272093483,concentrated_alpha,concentrated_alpha,preferred_final_label,0.0026378490956529,0.0006143372314554,4,"{""breakout_setup_quality_score"": 0.0, ""broken_momentum_penalty"": 0.0, ""entry_quality_score"": 0.0, ""explosion_entry_score"": 0.0, ""explosion_exit_score"": 0.0, ""explosion_net_score"": 0.0, ""h1_oversold_value_score"": 0.0, ""h6_dynamic_leader_score"": 0.0, ""portfolio_hold_policy_exit_risk"": 0.0, ""portfolio_monster_early_score"": 0.4788200081386347, ""portfolio_risk_entry_block_score"": 0.26875, ""relative_strength_composite"": 0.0, ""rs_acceleration_score"": 0.0, ""selection_confirmation_score"": 0.0, ""stage2_overext_penalty"": 0.0, ""theme_phase_multiplier_max"": 0.0, ""theme_phase_multiplier_primary"": 0.0}",balanced,0,2026-05-07-style-regime-router,DICKS SPORTING INC,Consumer Discretionary,0.6336942969750031,preferred_final_label,0.0026378490956529,0.0026378490956529,0.0006143372314554,hold,hold,-0.08,True,score_power,rebalance,1,2024-07-31,0.4788200081386347,0.26875,neutral,4,concentrated_alpha,concentrated_champion
2024-06-28,ANET,0.2102300291883869,6.23286939347111,concentrated_alpha,concentrated_alpha,monster_extreme_early,-0.0118688268063948,-0.0024951838059403,4,"{""breakout_setup_quality_score"": 0.0, ""broken_momentum_penalty"": 0.0, ""entry_quality_score"": 0.0, ""explosion_entry_score"": 0.0, ""explosion_exit_score"": 0.0, ""explosion_net_score"": 0.0, ""h1_oversold_value_score"": 0.0, ""h6_dynamic_leader_score"": 0.0, ""portfolio_hold_policy_exit_risk"": 0.0, ""portfolio_monster_early_score"": 0.645512190230462, ""portfolio_risk_entry_block_score"": 0.2416666666666667, ""relative_strength_composite"": 0.0, ""rs_acceleration_score"": 0.0, ""selection_confirmation_score"": 0.0, ""stage2_overext_penalty"": 0.0, ""theme_phase_multiplier_max"": 0.0, ""theme_phase_multiplier_primary"": 0.0}",balanced,0,2026-05-07-style-regime-router,ARISTA NETWORKS INC,Information Technology,0.6205638654638936,monster_extreme_early,-0.0118688268063948,-0.0118688268063948,-0.0024951838059403,hold,hold,-0.08,True,score_power,rebalance,1,2024-07-31,0.645512190230462,0.2416666666666667,promote_monster_early,4,concentrated_alpha,concentrated_champion
2024-07-31,ETR,0.3447632824012989,2.757120610630991,concentrated_alpha,concentrated_alpha,preferred_final_label,0.0342854455721113,0.0118203627540321,4,"{""breakout_setup_quality_score"": 0.0, ""broken_momentum_penalty"": 0.0, ""entry_quality_score"": 0.0, ""explosion_entry_score"": 0.0, ""explosion_exit_score"": 0.0, ""explosion_net_score"": 0.0, ""h1_oversold_value_score"": 0.0, ""h6_dynamic_leader_score"": 0.0, ""portfolio_hold_policy_exit_risk"": 0.0, ""portfolio_monster_early_score"": 0.5873184682366636, ""portfolio_risk_entry_block_score"": 0.0, ""relative_strength_composite"": 0.0, ""rs_acceleration_score"": 0.0, ""selection_confirmation_score"": 0.0, ""stage2_overext_penalty"": 0.0, ""theme_phase_multiplier_max"": 0.0, ""theme_phase_multiplier_primary"": 0.0}",systemic_alert,0,2026-05-07-style-regime-router,ENTERGY CORP,Utilities,0.6827807613264864,preferred_final_label,0.0342854455721113,0.0342854455721113,0.0118203627540321,hold,hold,-0.08,True,score_power,rebalance,1,2024-08-30,0.5873184682366636,0.0,promote_monster_early,4,concentrated_alpha,concentrated_champion
2024-07-31,DKS,0.2729441778575968,3.17511701044239,concentrated_alpha,concentrated_alpha,preferred_final_label,0.0892641876367397,0.0243641403066361,4,"{""breakout_setup_quality_score"": 0.0, ""broken_momentum_penalty"": 0.0, ""entry_quality_score"": 0.0, ""explosion_entry_score"": 0.0, ""explosion_exit_score"": 0.0, ""explosion_net_score"": 0.0, ""h1_oversold_value_score"": 0.0, ""h6_dynamic_leader_score"": 0.0, ""portfolio_hold_policy_exit_risk"": 0.0, ""portfolio_monster_early_score"": 0.472953291625052, ""portfolio_risk_entry_block_score"": 0.2552083333333333, ""relative_strength_composite"": 0.0, ""rs_acceleration_score"": 0.0, ""selection_confirmation_score"": 0.0, ""stage2_overext_penalty"": 0.0, ""theme_phase_multiplier_max"": 0.0, ""theme_phase_multiplier_primary"": 0.0}",systemic_alert,0,2026-05-07-style-regime-router,DICKS SPORTING INC,Consumer Discretionary,0.6453780216260172,preferred_final_label,0.0892641876367397,0.0892641876367397,0.0243641403066361,hold,hold,-0.08,True,score_power,rebalance,1,2024-08-30,0.472953291625052,0.2552083333333333,neutral,4,concentrated_alpha,concentrated_champion
2024-07-31,ALSN,0.1951314701876144,2.194088087461305,concentrated_alpha,concentrated_alpha,preferred_final_label,0.0420263486797496,0.0082006632044968,4,"{""breakout_setup_quality_score"": 0.0, ""broken_momentum_penalty"": 0.0, ""entry_quality_score"": 0.0, ""explosion_entry_score"": 0.0, ""explosion_exit_score"": 0.0, ""explosion_net_score"": 0.0, ""h1_oversold_value_score"": 0.0, ""h6_dynamic_leader_score"": 0.0, ""portfolio_hold_policy_exit_risk"": 0.0, ""portfolio_monster_early_score"": 0.5426326051341142, ""portfolio_risk_entry_block_score"": 0.2416666666666667, ""relative_strength_composite"": 0.0, ""rs_acceleration_score"": 0.0, ""selection_confirmation_score"": 0.0, ""stage2_overext_penalty"": 0.0, ""theme_phase_multiplier_max"": 0.0, ""theme_phase_multiplier_primary"": 0.0}",systemic_alert,0,2026-05-07-style-regime-router,ALLISON TRANSMISSION HOLDINGS INC,Industrials,0.5987415382083128,preferred_final_label,0.0420263486797496,0.0420263486797496,0.0082006632044968,hold,hold,-0.08,True,score_power,rebalance,1,2024-08-30,0.5426326051341142,0.2416666666666667,neutral,4,concentrated_alpha,concentrated_champion
2024-07-31,PEG,0.1871610695534898,2.136664362151913,concentrated_alpha,concentrated_alpha,preferred_final_label,0.0089999353483649,0.0016844375257122,4,"{""breakout_setup_quality_score"": 0.0, ""broken_momentum_penalty"": 0.0, ""entry_quality_score"": 0.0, ""explosion_entry_score"": 0.0, ""explosion_exit_score"": 0.0, ""explosion_net_score"": 0.0, ""h1_oversold_value_score"": 0.0, ""h6_dynamic_leader_score"": 0.0, ""portfolio_hold_policy_exit_risk"": 0.0, ""portfolio_monster_early_score"": 0.5748806831943093, ""portfolio_risk_entry_block_score"": 0.0, ""relative_strength_composite"": 0.0, ""rs_acceleration_score"": 0.0, ""selection_confirmation_score"": 0.0, ""stage2_overext_penalty"": 0.0, ""theme_phase_multiplier_max"": 0.0, ""theme_phase_multiplier_primary"": 0.0}",systemic_alert,0,2026-05-07-style-regime-router,PUBLIC SERVICE ENTERPRISE GROUP IN,Utilities,0.5934738132263093,preferred_final_label,0.0089999353483649,0.0089999353483649,0.0016844375257122,hold,hold,-0.08,True,score_power,rebalance,1,2024-08-30,0.5748806831943093,0.0,neutral,4,concentrated_alpha,concentrated_champion
2024-08-30,BKNG,0.398369116309718,5.950825153607428,concentrated_alpha,concentrated_alpha,preferred_final_label,0.0933420802855391,0.0371846020378609,4,"{""breakout_setup_quality_score"": 0.0, ""broken_momentum_penalty"": 0.0, ""entry_quality_score"": 0.0, ""explosion_entry_score"": 0.0, ""explosion_exit_score"": 0.0, ""explosion_net_score"": 0.0, ""h1_oversold_value_score"": 0.0, ""h6_dynamic_leader_score"": 0.0, ""portfolio_hold_policy_exit_risk"": 0.0, ""portfolio_monster_early_score"": 0.4991283106906576, ""portfolio_risk_entry_block_score"": 0.146875, ""relative_strength_composite"": 0.0, ""rs_acceleration_score"": 0.0, ""selection_confirmation_score"": 0.0, ""stage2_overext_penalty"": 0.0, ""theme_phase_multiplier_max"": 0.0, ""theme_phase_multiplier_primary"": 0.0}",balanced,0,2026-05-07-style-regime-router,BOOKING HOLDINGS INC,Consumer Discretionary,0.7593166878517785,preferred_final_label,0.0933420802855391,0.0933420802855391,0.0371846020378609,hold,hold,-0.08,True,score_power,rebalance,1,2024-09-30,0.4991283106906576,0.146875,neutral,4,concentrated_alpha,concentrated_champion
2024-08-30,DKS,0.2607506002743033,3.847050027425977,concentrated_alpha,concentrated_alpha,preferred_final_label,-0.08,-0.0208600480219442,4,"{""breakout_setup_quality_score"": 0.0, ""broken_momentum_penalty"": 0.0, ""entry_quality_score"": 0.0, ""explosion_entry_score"": 0.0, ""explosion_exit_score"": 0.0, ""explosion_net_score"": 0.0, ""h1_oversold_value_score"": 0.0, ""h6_dynamic_leader_score"": 0.0, ""portfolio_hold_policy_exit_risk"": 0.0, ""portfolio_monster_early_score"": 0.509505679911241, ""portfolio_risk_entry_block_score"": 0.2552083333333333, ""relative_strength_composite"": 0.0, ""rs_acceleration_score"": 0.0, ""selection_confirmation_score"": 0.0, ""stage2_overext_penalty"": 0.0, ""theme_phase_multiplier_max"": 0.0, ""theme_phase_multiplier_primary"": 0.0}",balanced,0,2026-05-07-style-regime-router,DICKS SPORTING INC,Consumer Discretionary,0.6841020365720933,preferred_final_label,-0.1236182588928719,-0.08,-0.0322335352111805,risk_exit,hard_stop,-0.08,True,score_power,rebalance,1,2024-09-30,0.509505679911241,0.2552083333333333,neutral,4,concentrated_alpha,concentrated_champion
2024-08-30,NRG,0.1803906395848069,3.757401333037519,concentrated_alpha,concentrated_alpha,preferred_final_label,0.0708725296393288,0.0127847409506317,4,"{""breakout_setup_quality_score"": 0.0, ""broken_momentum_penalty"": 0.0, ""entry_quality_score"": 0.0, ""explosion_entry_score"": 0.0, ""explosion_exit_score"": 0.0, ""explosion_net_score"": 0.0, ""h1_oversold_value_score"": 0.0, ""h6_dynamic_leader_score"": 0.0, ""portfolio_hold_policy_exit_risk"": 0.0, ""portfolio_monster_early_score"": 0.5656963961531729, ""portfolio_risk_entry_block_score"": 0.2552083333333333, ""relative_strength_composite"": 0.0, ""rs_acceleration_score"": 0.0, ""selection_confirmation_score"": 0.0, ""stage2_overext_penalty"": 0.0, ""theme_phase_multiplier_max"": 0.0, ""theme_phase_multiplier_primary"": 0.0}",balanced,0,2026-05-07-style-regime-router,NRG ENERGY INC,Utilities,0.6304882274592077,preferred_final_label,0.0708725296393288,0.0708725296393288,0.0127847409506317,hold,hold,-0.08,True,score_power,rebalance,1,2024-09-30,0.5656963961531729,0.2552083333333333,neutral,4,concentrated_alpha,concentrated_champion
2024-08-30,ALNY,0.1604896438311718,3.162707065713513,concentrated_alpha,concentrated_alpha,preferred_final_label,0.0554446410153715,0.0088982906889041,4,"{""breakout_setup_quality_score"": 0.0, ""broken_momentum_penalty"": 0.0, ""entry_quality_score"": 0.0, ""explosion_entry_score"": 0.0, ""explosion_exit_score"": 0.0, ""explosion_net_score"": 0.0, ""h1_oversold_value_score"": 0.0, ""h6_dynamic_leader_score"": 0.0, ""portfolio_hold_policy_exit_risk"": 0.0, ""portfolio_monster_early_score"": 0.5255995449931117, ""portfolio_risk_entry_block_score"": 0.325, ""relative_strength_composite"": 0.0, ""rs_acceleration_score"": 0.0, ""selection_confirmation_score"": 0.0, ""stage2_overext_penalty"": 0.0, ""theme_phase_multiplier_max"": 0.0, ""theme_phase_multiplier_primary"": 0.0}",balanced,0,2026-05-07-style-regime-router,ALNYLAM PHARMACEUTICALS INC,Health Care,0.6154408562034412,preferred_final_label,0.0554446410153715,0.0554446410153715,0.0088982906889041,hold,hold,-0.08,True,score_power,rebalance,1,2024-09-30,0.5255995449931117,0.325,neutral,4,concentrated_alpha,concentrated_champion
2024-09-30,BKNG,0.3212581932467036,5.801248042701232,concentrated_alpha,concentrated_alpha,preferred_final_label,0.1043046177705504,0.033508713052255,4,"{""breakout_setup_quality_score"": 0.0, ""broken_momentum_penalty"": 0.0, ""entry_quality_score"": 0.0, ""explosion_entry_score"": 0.0, ""explosion_exit_score"": 0.0, ""explosion_net_score"": 0.0, ""h1_oversold_value_score"": 0.0, ""h6_dynamic_leader_score"": 0.0, ""portfolio_hold_policy_exit_risk"": 0.0, ""portfolio_monster_early_score"": 0.5605236482278866, ""portfolio_risk_entry_block_score"": 0.1333333333333333, ""relative_strength_composite"": 0.0, ""rs_acceleration_score"": 0.0, ""selection_confirmation_score"": 0.0, ""stage2_overext_penalty"": 0.0, ""theme_phase_multiplier_max"": 0.0, ""theme_phase_multiplier_primary"": 0.0}",balanced,0,2026-05-07-style-regime-router,BOOKING HOLDINGS INC,Consumer Discretionary,0.6441725782858656,preferred_final_label,0.1043046177705504,0.1043046177705504,0.033508713052255,hold,hold,-0.08,True,score_power,rebalance,1,2024-10-31,0.5605236482278866,0.1333333333333333,neutral,4,concentrated_alpha,concentrated_champion
2024-09-30,CORT,0.2433589327339373,2.1045341573926213,concentrated_alpha,concentrated_alpha,preferred_final_label,0.0435809081042903,0.0106058032838359,4,"{""breakout_setup_quality_score"": 0.0, ""broken_momentum_penalty"": 0.0, ""entry_quality_score"": 0.0, ""explosion_entry_score"": 0.0, ""explosion_exit_score"": 0.0, ""explosion_net_score"": 0.0, ""h1_oversold_value_score"": 0.0, ""h6_dynamic_leader_score"": 0.0, ""portfolio_hold_policy_exit_risk"": 0.0, ""portfolio_monster_early_score"": 0.53077649380401, ""portfolio_risk_entry_block_score"": 0.325, ""relative_strength_composite"": 0.0, ""rs_acceleration_score"": 0.0, ""selection_confirmation_score"": 0.0, ""stage2_overext_penalty"": 0.0, ""theme_phase_multiplier_max"": 0.0, ""theme_phase_multiplier_primary"": 0.0}",balanced,0,2026-05-07-style-regime-router,CORCEPT THERAPEUTICS INC,Health Care,0.6041898402691417,preferred_final_label,0.0435809081042903,0.0435809081042903,0.0106058032838359,hold,hold,-0.08,True,score_power,rebalance,1,2024-10-31,0.53077649380401,0.325,neutral,4,concentrated_alpha,concentrated_champion
2024-09-30,NRG,0.2242775341842298,3.3454852538264475,concentrated_alpha,concentrated_alpha,preferred_final_label,-0.0055325903239368,-0.001240835715504,4,"{""breakout_setup_quality_score"": 0.0, ""broken_momentum_penalty"": 0.0, ""entry_quality_score"": 0.0, ""explosion_entry_score"": 0.0, ""explosion_exit_score"": 0.0, ""explosion_net_score"": 0.0, ""h1_oversold_value_score"": 0.0, ""h6_dynamic_leader_score"": 0.0, ""portfolio_hold_policy_exit_risk"": 0.0, ""portfolio_monster_early_score"": 0.5710810849839284, ""portfolio_risk_entry_block_score"": 0.2416666666666667, ""relative_strength_composite"": 0.0, ""rs_acceleration_score"": 0.0, ""selection_confirmation_score"": 0.0, ""stage2_overext_penalty"": 0.0, ""theme_phase_multiplier_max"": 0.0, ""theme_phase_multiplier_primary"": 0.0}",balanced,0,2026-05-07-style-regime-router,NRG ENERGY INC,Utilities,0.5934518783217371,preferred_final_label,-0.0055325903239368,-0.0055325903239368,-0.001240835715504,hold,hold,-0.08,True,score_power,rebalance,1,2024-10-31,0.5710810849839284,0.2416666666666667,neutral,4,concentrated_alpha,concentrated_champion
2024-09-30,PFGC,0.2111053398351292,1.975198203881018,concentrated_alpha,concentrated_alpha,preferred_final_label,0.0446292279969522,0.009421468342876,4,"{""breakout_setup_quality_score"": 0.0, ""broken_momentum_penalty"": 0.0, ""entry_quality_score"": 0.0, ""explosion_entry_score"": 0.0, ""explosion_exit_score"": 0.0, ""explosion_net_score"": 0.0, ""h1_oversold_value_score"": 0.0, ""h6_dynamic_leader_score"": 0.0, ""portfolio_hold_policy_exit_risk"": 0.0, ""portfolio_monster_early_score"": 0.4843225775135418, ""portfolio_risk_entry_block_score"": 0.0135416666666666, ""relative_strength_composite"": 0.0, ""rs_acceleration_score"": 0.0, ""selection_confirmation_score"": 0.0, ""stage2_overext_penalty"": 0.0, ""theme_phase_multiplier_max"": 0.0, ""theme_phase_multiplier_primary"": 0.0}",balanced,0,2026-05-07-style-regime-router,PERFORMANCE FOOD GROUP,Consumer Staples,0.5857703512167721,preferred_final_label,0.0446292279969522,0.0446292279969522,0.009421468342876,hold,hold,-0.08,True,score_power,rebalance,1,2024-10-31,0.4843225775135418,0.0135416666666666,neutral,4,concentrated_alpha,concentrated_champion
2024-10-31,TW,0.3121500212290279,2.5046162423854565,concentrated_alpha,concentrated_alpha,preferred_final_label,0.0692554574864123,0.0216180925246096,4,"{""breakout_setup_quality_score"": 0.0, ""broken_momentum_penalty"": 0.0, ""entry_quality_score"": 0.0, ""explosion_entry_score"": 0.0, ""explosion_exit_score"": 0.0, ""explosion_net_score"": 0.0, ""h1_oversold_value_score"": 0.0, ""h6_dynamic_leader_score"": 0.0, ""portfolio_hold_policy_exit_risk"": 0.0, ""portfolio_monster_early_score"": 0.5476634583899045, ""portfolio_risk_entry_block_score"": 0.0, ""relative_strength_composite"": 0.0, ""rs_acceleration_score"": 0.0, ""selection_confirmation_score"": 0.0, ""stage2_overext_penalty"": 0.0, ""theme_phase_multiplier_max"": 0.0, ""theme_phase_multiplier_primary"": 0.0}",balanced,0,2026-05-07-style-regime-router,TRADEWEB MARKETS INC CLASS A,Financials,0.6522472432116551,preferred_final_label,0.0692554574864123,0.0692554574864123,0.0216180925246096,hold,hold,-0.08,True,score_power,rebalance,1,2024-11-29,0.5476634583899045,0.0,neutral,4,concentrated_alpha,concentrated_champion
2024-10-31,PFGC,0.2402451174950578,2.5078321112894746,concentrated_alpha,concentrated_alpha,preferred_final_label,0.0810380085609108,0.0194689858882815,4,"{""breakout_setup_quality_score"": 0.0, ""broken_momentum_penalty"": 0.0, ""entry_quality_score"": 0.0, ""explosion_entry_score"": 0.0, ""explosion_exit_score"": 0.0, ""explosion_net_score"": 0.0, ""h1_oversold_value_score"": 0.0, ""h6_dynamic_leader_score"": 0.0, ""portfolio_hold_policy_exit_risk"": 0.0, ""portfolio_monster_early_score"": 0.4725118337412244, ""portfolio_risk_entry_block_score"": 0.0135416666666666, ""relative_strength_composite"": 0.0, ""rs_acceleration_score"": 0.0, ""selection_confirmation_score"": 0.0, ""stage2_overext_penalty"": 0.0, ""theme_phase_multiplier_max"": 0.0, ""theme_phase_multiplier_primary"": 0.0}",balanced,0,2026-05-07-style-regime-router,PERFORMANCE FOOD GROUP,Consumer Staples,0.6156760938512309,preferred_final_label,0.0810380085609108,0.0810380085609108,0.0194689858882815,hold,hold,-0.08,True,score_power,rebalance,1,2024-11-29,0.4725118337412244,0.0135416666666666,neutral,4,concentrated_alpha,concentrated_champion
2024-10-31,WDAY,0.2279749678706042,2.71477475719796,concentrated_alpha,concentrated_alpha,preferred_final_label,0.0569541488338252,0.0129841202504889,4,"{""breakout_setup_quality_score"": 0.0, ""broken_momentum_penalty"": 0.0, ""entry_quality_score"": 0.0, ""explosion_entry_score"": 0.0, ""explosion_exit_score"": 0.0, ""explosion_net_score"": 0.0, ""h1_oversold_value_score"": 0.0, ""h6_dynamic_leader_score"": 0.0, ""portfolio_hold_policy_exit_risk"": 0.0, ""portfolio_monster_early_score"": 0.2775876343997791, ""portfolio_risk_entry_block_score"": 0.0677083333333333, ""relative_strength_composite"": 0.0, ""rs_acceleration_score"": 0.0, ""selection_confirmation_score"": 0.0, ""stage2_overext_penalty"": 0.0, ""theme_phase_multiplier_max"": 0.0, ""theme_phase_multiplier_primary"": 0.0}",balanced,0,2026-05-07-style-regime-router,WORKDAY INC CLASS A,Information Technology,0.608911504847151,preferred_final_label,0.0569541488338252,0.0569541488338252,0.0129841202504889,hold,hold,-0.08,True,score_power,rebalance,1,2024-11-29,0.2775876343997791,0.0677083333333333,neutral,4,concentrated_alpha,concentrated_champion
2024-10-31,EXP,0.21962989340531,2.066949567370123,concentrated_alpha,concentrated_alpha,preferred_final_label,0.0721892106990871,0.0158549086508539,4,"{""breakout_setup_quality_score"": 0.0, ""broken_momentum_penalty"": 0.0, ""entry_quality_score"": 0.0, ""explosion_entry_score"": 0.0, ""explosion_exit_score"": 0.0, ""explosion_net_score"": 0.0, ""h1_oversold_value_score"": 0.0, ""h6_dynamic_leader_score"": 0.0, ""portfolio_hold_policy_exit_risk"": 0.0, ""portfolio_monster_early_score"": 0.5060773273427028, ""portfolio_risk_entry_block_score"": 0.1333333333333333, ""relative_strength_composite"": 0.0, ""rs_acceleration_score"": 0.0, ""selection_confirmation_score"": 0.0, ""stage2_overext_penalty"": 0.0, ""theme_phase_multiplier_max"": 0.0, ""theme_phase_multiplier_primary"": 0.0}",balanced,0,2026-05-07-style-regime-router,EAGLE MATERIALS INC,Materials,0.6042062735546303,preferred_final_label,0.0721892106990871,0.0721892106990871,0.0158549086508539,hold,hold,-0.08,True,score_power,rebalance,1,2024-11-29,0.5060773273427028,0.1333333333333333,neutral,4,concentrated_alpha,concentrated_champion
2024-11-29,WDAY,0.308886806074708,3.326405376205141,concentrated_alpha,concentrated_alpha,preferred_final_label,0.0577398900537522,0.0178350902218083,4,"{""breakout_setup_quality_score"": 0.0, ""broken_momentum_penalty"": 0.0, ""entry_quality_score"": 0.0, ""explosion_entry_score"": 0.0, ""explosion_exit_score"": 0.0, ""explosion_net_score"": 0.0, ""h1_oversold_value_score"": 0.0, ""h6_dynamic_leader_score"": 0.0, ""portfolio_hold_policy_exit_risk"": 0.0, ""portfolio_monster_early_score"": 0.4024011805031981, ""portfolio_risk_entry_block_score"": 0.040625, ""relative_strength_composite"": 0.0, ""rs_acceleration_score"": 0.0, ""selection_confirmation_score"": 0.0, ""stage2_overext_penalty"": 0.0, ""theme_phase_multiplier_max"": 0.0, ""theme_phase_multiplier_primary"": 0.0}",growth_reentry_alert,0,2026-05-07-style-regime-router,WORKDAY INC CLASS A,Information Technology,0.6517849568181466,preferred_final_label,0.0577398900537522,0.0577398900537522,0.0178350902218083,hold,hold,-0.08,True,score_power,rebalance,1,2024-12-31,0.4024011805031981,0.040625,neutral,4,concentrated_alpha,concentrated_champion
2024-11-29,TW,0.292127466682054,2.057887774480209,concentrated_alpha,concentrated_alpha,preferred_final_label,-0.0350596258029881,-0.0102418796686477,4,"{""breakout_setup_quality_score"": 0.0, ""broken_momentum_penalty"": 0.0, ""entry_quality_score"": 0.0, ""explosion_entry_score"": 0.0, ""explosion_exit_score"": 0.0, ""explosion_net_score"": 0.0, ""h1_oversold_value_score"": 0.0, ""h6_dynamic_leader_score"": 0.0, ""portfolio_hold_policy_exit_risk"": 0.0, ""portfolio_monster_early_score"": 0.5784076979036141, ""portfolio_risk_entry_block_score"": 0.0, ""relative_strength_composite"": 0.0, ""rs_acceleration_score"": 0.0, ""selection_confirmation_score"": 0.0, ""stage2_overext_penalty"": 0.0, ""theme_phase_multiplier_max"": 0.0, ""theme_phase_multiplier_primary"": 0.0}",growth_reentry_alert,0,2026-05-07-style-regime-router,TRADEWEB MARKETS INC CLASS A,Financials,0.6426652451914441,preferred_final_label,-0.0350596258029881,-0.0350596258029881,-0.0102418796686477,hold,hold,-0.08,True,score_power,rebalance,1,2024-12-31,0.5784076979036141,0.0,neutral,4,concentrated_alpha,concentrated_champion
2024-11-29,RYAN,0.223354690291231,2.2190897197307518,concentrated_alpha,concentrated_alpha,preferred_final_label,-0.08,-0.0178683752232984,4,"{""breakout_setup_quality_score"": 0.0, ""broken_momentum_penalty"": 0.0, ""entry_quality_score"": 0.0, ""explosion_entry_score"": 0.0, ""explosion_exit_score"": 0.0, ""explosion_net_score"": 0.0, ""h1_oversold_value_score"": 0.0, ""h6_dynamic_leader_score"": 0.0, ""portfolio_hold_policy_exit_risk"": 0.0, ""portfolio_monster_early_score"": 0.5558924925194948, ""portfolio_risk_entry_block_score"": 0.2416666666666667, ""relative_strength_composite"": 0.0, ""rs_acceleration_score"": 0.0, ""selection_confirmation_score"": 0.0, ""stage2_overext_penalty"": 0.0, ""theme_phase_multiplier_max"": 0.0, ""theme_phase_multiplier_primary"": 0.0}",growth_reentry_alert,0,2026-05-07-style-regime-router,RYAN SPECIALTY HOLDINGS INC CLASS,Financials,0.6021697322072492,preferred_final_label,-0.1443765977890373,-0.08,-0.032247190284472,risk_exit,hard_stop,-0.08,True,score_power,rebalance,1,2024-12-31,0.5558924925194948,0.2416666666666667,neutral,4,concentrated_alpha,concentrated_champion
2024-11-29,AEE,0.175631036952007,1.4190743073042675,concentrated_alpha,concentrated_alpha,preferred_final_label,-0.0441357608230391,-0.0077516094400161,4,"{""breakout_setup_quality_score"": 0.0, ""broken_momentum_penalty"": 0.0, ""entry_quality_score"": 0.0, ""explosion_entry_score"": 0.0, ""explosion_exit_score"": 0.0, ""explosion_net_score"": 0.0, ""h1_oversold_value_score"": 0.0, ""h6_dynamic_leader_score"": 0.0, ""portfolio_hold_policy_exit_risk"": 0.0, ""portfolio_monster_early_score"": 0.5257627485969646, ""portfolio_risk_entry_block_score"": 0.0, ""relative_strength_composite"": 0.0, ""rs_acceleration_score"": 0.0, ""selection_confirmation_score"": 0.0, ""stage2_overext_penalty"": 0.0, ""theme_phase_multiplier_max"": 0.0, ""theme_phase_multiplier_primary"": 0.0}",growth_reentry_alert,0,2026-05-07-style-regime-router,AMEREN CORP,Utilities,0.5702425736118737,preferred_final_label,-0.0441357608230391,-0.0441357608230391,-0.0077516094400161,hold,hold,-0.08,True,score_power,rebalance,1,2024-12-31,0.5257627485969646,0.0,neutral,4,concentrated_alpha,concentrated_champion
2024-12-31,DKS,0.3512598703078217,4.62798170341614,concentrated_alpha,concentrated_alpha,preferred_final_label,0.0128627345469456,0.004518162468764,4,"{""breakout_setup_quality_score"": 0.0, ""broken_momentum_penalty"": 0.0, ""entry_quality_score"": 0.0, ""explosion_entry_score"": 0.0, ""explosion_exit_score"": 0.0, ""explosion_net_score"": 0.0, ""h1_oversold_value_score"": 0.0, ""h6_dynamic_leader_score"": 0.0, ""portfolio_hold_policy_exit_risk"": 0.0, ""portfolio_monster_early_score"": 0.5157381664393981, ""portfolio_risk_entry_block_score"": 0.1340104166666666, ""relative_strength_composite"": 0.0, ""rs_acceleration_score"": 0.0, ""selection_confirmation_score"": 0.0, ""stage2_overext_penalty"": 0.0, ""theme_phase_multiplier_max"": 0.0, ""theme_phase_multiplier_primary"": 0.0}",balanced,0,2026-05-07-style-regime-router,DICKS SPORTING INC,Consumer Discretionary,0.7363239552010261,preferred_final_label,0.0128627345469456,0.0128627345469456,0.004518162468764,hold,hold,-0.08,True,score_power,rebalance,1,2025-01-31,0.5157381664393981,0.1340104166666666,neutral,4,concentrated_alpha,concentrated_champion
2024-12-31,TW,0.266692671564213,3.3693650953640595,concentrated_alpha,concentrated_alpha,preferred_final_label,-0.0519042030597302,-0.0138424705794108,4,"{""breakout_setup_quality_score"": 0.0, ""broken_momentum_penalty"": 0.0, ""entry_quality_score"": 0.0, ""explosion_entry_score"": 0.0, ""explosion_exit_score"": 0.0, ""explosion_net_score"": 0.0, ""h1_oversold_value_score"": 0.0, ""h6_dynamic_leader_score"": 0.0, ""portfolio_hold_policy_exit_risk"": 0.0, ""portfolio_monster_early_score"": 0.4870487745744756, ""portfolio_risk_entry_block_score"": 0.146875, ""relative_strength_composite"": 0.0, ""rs_acceleration_score"": 0.0, ""selection_confirmation_score"": 0.0, ""stage2_overext_penalty"": 0.0, ""theme_phase_multiplier_max"": 0.0, ""theme_phase_multiplier_primary"": 0.0}",balanced,0,2026-05-07-style-regime-router,TRADEWEB MARKETS INC CLASS A,Financials,0.6925363565444611,preferred_final_label,-0.0519042030597302,-0.0519042030597302,-0.0138424705794108,hold,hold,-0.08,True,score_power,rebalance,1,2025-01-31,0.4870487745744756,0.146875,neutral,4,concentrated_alpha,concentrated_champion
2024-12-31,ACN,0.192532131115115,4.539020523093271,concentrated_alpha,concentrated_alpha,preferred_final_label,0.0839980769243564,0.0161723287598177,4,"{""breakout_setup_quality_score"": 0.0, ""broken_momentum_penalty"": 0.0, ""entry_quality_score"": 0.0, ""explosion_entry_score"": 0.0, ""explosion_exit_score"": 0.0, ""explosion_net_score"": 0.0, ""h1_oversold_value_score"": 0.0, ""h6_dynamic_leader_score"": 0.0, ""portfolio_hold_policy_exit_risk"": 0.0, ""portfolio_monster_early_score"": 0.3784663427139763, ""portfolio_risk_entry_block_score"": 0.0270833333333333, ""relative_strength_composite"": 0.0, ""rs_acceleration_score"": 0.0, ""selection_confirmation_score"": 0.0, ""stage2_overext_penalty"": 0.0, ""theme_phase_multiplier_max"": 0.0, ""theme_phase_multiplier_primary"": 0.0}",balanced,0,2026-05-07-style-regime-router,ACCENTURE PLC CLASS A,Information Technology,0.6479509359024549,preferred_final_label,0.0839980769243564,0.0839980769243564,0.0161723287598177,hold,hold,-0.08,True,score_power,rebalance,1,2025-01-31,0.3784663427139763,0.0270833333333333,neutral,4,concentrated_alpha,concentrated_champion
2024-12-31,ACI,0.1895153270128502,2.934465240367231,concentrated_alpha,concentrated_alpha,preferred_final_label,0.0117333244881721,0.0022236448273238,4,"{""breakout_setup_quality_score"": 0.0, ""broken_momentum_penalty"": 0.0, ""entry_quality_score"": 0.0, ""explosion_entry_score"": 0.0, ""explosion_exit_score"": 0.0, ""explosion_net_score"": 0.0, ""h1_oversold_value_score"": 0.0, ""h6_dynamic_leader_score"": 0.0, ""portfolio_hold_policy_exit_risk"": 0.0, ""portfolio_monster_early_score"": 0.4585462007596226, ""portfolio_risk_entry_block_score"": 0.1052083333333333, ""relative_strength_composite"": 0.0, ""rs_acceleration_score"": 0.0, ""selection_confirmation_score"": 0.0, ""stage2_overext_penalty"": 0.0, ""theme_phase_multiplier_max"": 0.0, ""theme_phase_multiplier_primary"": 0.0}",balanced,0,2026-05-07-style-regime-router,ALBERTSONS COMPANY INC CLASS A,Consumer Staples,0.6459689768440413,preferred_final_label,0.0117333244881721,0.0117333244881721,0.0022236448273238,hold,hold,-0.08,True,score_power,rebalance,1,2025-01-31,0.4585462007596226,0.1052083333333333,neutral,4,concentrated_alpha,concentrated_champion
2025-01-31,DKS,0.3331790879909855,3.799393137232669,concentrated_alpha,concentrated_alpha,preferred_final_label,-0.0300594322269454,-0.0100151742149005,4,"{""breakout_setup_quality_score"": 0.0, ""broken_momentum_penalty"": 0.0, ""entry_quality_score"": 0.0, ""explosion_entry_score"": 0.0, ""explosion_exit_score"": 0.0, ""explosion_net_score"": 0.0, ""h1_oversold_value_score"": 0.0, ""h6_dynamic_leader_score"": 0.0, ""portfolio_hold_policy_exit_risk"": 0.0, ""portfolio_monster_early_score"": 0.551168552541493, ""portfolio_risk_entry_block_score"": 0.1333333333333333, ""relative_strength_composite"": 0.0, ""rs_acceleration_score"": 0.0, ""selection_confirmation_score"": 0.0, ""stage2_overext_penalty"": 0.0, ""theme_phase_multiplier_max"": 0.0, ""theme_phase_multiplier_primary"": 0.0}",balanced,0,2026-05-07-style-regime-router,DICKS SPORTING INC,Consumer Discretionary,0.6970885868725553,preferred_final_label,-0.0300594322269454,-0.0300594322269454,-0.0100151742149005,hold,hold,-0.08,True,score_power,rebalance,1,2025-02-28,0.551168552541493,0.1333333333333333,neutral,4,concentrated_alpha,concentrated_champion
2025-01-31,ACN,0.2456137581699207,3.959477548079523,concentrated_alpha,concentrated_alpha,preferred_final_label,-0.08,-0.0196491006535936,4,"{""breakout_setup_quality_score"": 0.0, ""broken_momentum_penalty"": 0.0, ""entry_quality_score"": 0.0, ""explosion_entry_score"": 0.0, ""explosion_exit_score"": 0.0, ""explosion_net_score"": 0.0, ""h1_oversold_value_score"": 0.0, ""h6_dynamic_leader_score"": 0.0, ""portfolio_hold_policy_exit_risk"": 0.0, ""portfolio_monster_early_score"": 0.5477243864086354, ""portfolio_risk_entry_block_score"": 0.0, ""relative_strength_composite"": 0.0, ""rs_acceleration_score"": 0.0, ""selection_confirmation_score"": 0.0, ""stage2_overext_penalty"": 0.0, ""theme_phase_multiplier_max"": 0.0, ""theme_phase_multiplier_primary"": 0.0}",balanced,0,2026-05-07-style-regime-router,ACCENTURE PLC CLASS A,Information Technology,0.6506183834574049,preferred_final_label,-0.0832240388849162,-0.08,-0.0204409689606039,risk_exit,hard_stop,-0.08,True,score_power,rebalance,1,2025-02-28,0.5477243864086354,0.0,neutral,4,concentrated_alpha,concentrated_champion
2025-01-31,TW,0.2283886127579731,3.210609834356513,concentrated_alpha,concentrated_alpha,preferred_final_label,0.0989534743200943,0.022599846727548,4,"{""breakout_setup_quality_score"": 0.0, ""broken_momentum_penalty"": 0.0, ""entry_quality_score"": 0.0, ""explosion_entry_score"": 0.0, ""explosion_exit_score"": 0.0, ""explosion_net_score"": 0.0, ""h1_oversold_value_score"": 0.0, ""h6_dynamic_leader_score"": 0.0, ""portfolio_hold_policy_exit_risk"": 0.0, ""portfolio_monster_early_score"": 0.4380812781084414, ""portfolio_risk_entry_block_score"": 0.1739583333333333, ""relative_strength_composite"": 0.0, ""rs_acceleration_score"": 0.0, ""selection_confirmation_score"": 0.0, ""stage2_overext_penalty"": 0.0, ""theme_phase_multiplier_max"": 0.0, ""theme_phase_multiplier_primary"": 0.0}",balanced,0,2026-05-07-style-regime-router,TRADEWEB MARKETS INC CLASS A,Financials,0.6405445450526538,preferred_final_label,0.0989534743200943,0.0989534743200943,0.022599846727548,hold,hold,-0.08,True,score_power,rebalance,1,2025-02-28,0.4380812781084414,0.1739583333333333,neutral,4,concentrated_alpha,concentrated_champion
2025-01-31,JBL,0.1928185410811206,2.291971460617993,concentrated_alpha,concentrated_alpha,preferred_final_label,-0.0091744611964995,-0.0017690062231143,4,"{""breakout_setup_quality_score"": 0.0, ""broken_momentum_penalty"": 0.0, ""entry_quality_score"": 0.0, ""explosion_entry_score"": 0.0, ""explosion_exit_score"": 0.0, ""explosion_net_score"": 0.0, ""h1_oversold_value_score"": 0.0, ""h6_dynamic_leader_score"": 0.0, ""portfolio_hold_policy_exit_risk"": 0.0, ""portfolio_monster_early_score"": 0.506041254070221, ""portfolio_risk_entry_block_score"": 0.1083333333333333, ""relative_strength_composite"": 0.0, ""rs_acceleration_score"": 0.0, ""selection_confirmation_score"": 0.0, ""stage2_overext_penalty"": 0.0, ""theme_phase_multiplier_max"": 0.0, ""theme_phase_multiplier_primary"": 0.0}",balanced,0,2026-05-07-style-regime-router,JABIL INC,Information Technology,0.6184606502943385,preferred_final_label,-0.0091744611964995,-0.0091744611964995,-0.0017690062231143,hold,hold,-0.08,True,score_power,rebalance,1,2025-02-28,0.506041254070221,0.1083333333333333,neutral,4,concentrated_alpha,concentrated_champion
2025-02-28,MA,0.3519229030792832,5.059607264326681,concentrated_alpha,concentrated_alpha,preferred_final_label,-0.0528813161675243,-0.0186101463043286,4,"{""breakout_setup_quality_score"": 0.0, ""broken_momentum_penalty"": 0.0, ""entry_quality_score"": 0.0, ""explosion_entry_score"": 0.0, ""explosion_exit_score"": 0.0, ""explosion_net_score"": 0.0, ""h1_oversold_value_score"": 0.0, ""h6_dynamic_leader_score"": 0.0, ""portfolio_hold_policy_exit_risk"": 0.0, ""portfolio_monster_early_score"": 0.5749095252426965, ""portfolio_risk_entry_block_score"": 0.0, ""relative_strength_composite"": 0.0, ""rs_acceleration_score"": 0.0, ""selection_confirmation_score"": 0.0, ""stage2_overext_penalty"": 0.0, ""theme_phase_multiplier_max"": 0.0, ""theme_phase_multiplier_primary"": 0.0}",risk_off_alert,0,2026-05-07-style-regime-router,MASTERCARD INC CLASS A,Financials,0.789101805148102,preferred_final_label,-0.0528813161675243,-0.0528813161675243,-0.0186101463043286,hold,hold,-0.08,True,score_power,rebalance,1,2025-03-31,0.5749095252426965,0.0,neutral,4,concentrated_alpha,concentrated_champion
2025-02-28,ORLY,0.2747998470122974,3.888836717672585,concentrated_alpha,concentrated_alpha,preferred_final_label,0.0313641723379289,0.0086188697601302,4,"{""breakout_setup_quality_score"": 0.0, ""broken_momentum_penalty"": 0.0, ""entry_quality_score"": 0.0, ""explosion_entry_score"": 0.0, ""explosion_exit_score"": 0.0, ""explosion_net_score"": 0.0, ""h1_oversold_value_score"": 0.0, ""h6_dynamic_leader_score"": 0.0, ""portfolio_hold_policy_exit_risk"": 0.0, ""portfolio_monster_early_score"": 0.5457108384913218, ""portfolio_risk_entry_block_score"": 0.0, ""relative_strength_composite"": 0.0, ""rs_acceleration_score"": 0.0, ""selection_confirmation_score"": 0.0, ""stage2_overext_penalty"": 0.0, ""theme_phase_multiplier_max"": 0.0, ""theme_phase_multiplier_primary"": 0.0}",risk_off_alert,0,2026-05-07-style-regime-router,OREILLY AUTOMOTIVE INC,Consumer Discretionary,0.7448081306007275,preferred_final_label,0.0313641723379289,0.0313641723379289,0.0086188697601302,hold,hold,-0.08,True,score_power,rebalance,1,2025-03-31,0.5457108384913218,0.0,neutral,4,concentrated_alpha,concentrated_champion
2025-02-28,DASH,0.2215326762439517,4.576860908347144,concentrated_alpha,concentrated_alpha,preferred_final_label,-0.08,-0.0177226140995161,4,"{""breakout_setup_quality_score"": 0.0, ""broken_momentum_penalty"": 0.0, ""entry_quality_score"": 0.0, ""explosion_entry_score"": 0.0, ""explosion_exit_score"": 0.0, ""explosion_net_score"": 0.0, ""h1_oversold_value_score"": 0.0, ""h6_dynamic_leader_score"": 0.0, ""portfolio_hold_policy_exit_risk"": 0.0, ""portfolio_monster_early_score"": 0.5197742175473449, ""portfolio_risk_entry_block_score"": 0.2416666666666667, ""relative_strength_composite"": 0.0, ""rs_acceleration_score"": 0.0, ""selection_confirmation_score"": 0.0, ""stage2_overext_penalty"": 0.0, ""theme_phase_multiplier_max"": 0.0, ""theme_phase_multiplier_primary"": 0.0}",risk_off_alert,0,2026-05-07-style-regime-router,DOORDASH INC CLASS A,Consumer Discretionary,0.7104468233434462,preferred_final_label,-0.089249068949742,-0.08,-0.0197715850967173,risk_exit,hard_stop,-0.08,True,score_power,rebalance,1,2025-03-31,0.5197742175473449,0.2416666666666667,neutral,4,concentrated_alpha,concentrated_champion
2025-02-28,DKS,0.1517445736644675,2.72493915077127,concentrated_alpha,concentrated_alpha,preferred_final_label,-0.08,-0.0121395658931574,4,"{""breakout_setup_quality_score"": 0.0, ""broken_momentum_penalty"": 0.0, ""entry_quality_score"": 0.0, ""explosion_entry_score"": 0.0, ""explosion_exit_score"": 0.0, ""explosion_net_score"": 0.0, ""h1_oversold_value_score"": 0.0, ""h6_dynamic_leader_score"": 0.0, ""portfolio_hold_policy_exit_risk"": 0.0, ""portfolio_monster_early_score"": 0.3996519202410139, ""portfolio_risk_entry_block_score"": 0.0270833333333333, ""relative_strength_composite"": 0.0, ""rs_acceleration_score"": 0.0, ""selection_confirmation_score"": 0.0, ""stage2_overext_penalty"": 0.0, ""theme_phase_multiplier_max"": 0.0, ""theme_phase_multiplier_primary"": 0.0}",risk_off_alert,0,2026-05-07-style-regime-router,DICKS SPORTING INC,Consumer Discretionary,0.6583804921466598,preferred_final_label,-0.1088559216341159,-0.08,-0.0165182954192216,risk_exit,hard_stop,-0.08,True,score_power,rebalance,1,2025-03-31,0.3996519202410139,0.0270833333333333,neutral,4,concentrated_alpha,concentrated_champion
2025-03-31,MA,0.3240289517683277,5.656635573192982,concentrated_alpha,concentrated_alpha,preferred_final_label,0.0074474464163127,0.0024131882556286,4,"{""breakout_setup_quality_score"": 0.0, ""broken_momentum_penalty"": 0.0, ""entry_quality_score"": 0.0, ""explosion_entry_score"": 0.0, ""explosion_exit_score"": 0.0, ""explosion_net_score"": 0.0, ""h1_oversold_value_score"": 0.0, ""h6_dynamic_leader_score"": 0.0, ""portfolio_hold_policy_exit_risk"": 0.0, ""portfolio_monster_early_score"": 0.4425645282692331, ""portfolio_risk_entry_block_score"": 0.0135416666666666, ""relative_strength_composite"": 0.0, ""rs_acceleration_score"": 0.0, ""selection_confirmation_score"": 0.0, ""stage2_overext_penalty"": 0.0, ""theme_phase_multiplier_max"": 0.0, ""theme_phase_multiplier_primary"": 0.0}",risk_off_alert,0,2026-05-07-style-regime-router,MASTERCARD INC CLASS A,Financials,0.7603306156232919,preferred_final_label,0.0074474464163127,0.0074474464163127,0.0024131882556286,hold,hold,-0.08,True,score_power,rebalance,1,2025-04-30,0.4425645282692331,0.0135416666666666,neutral,4,concentrated_alpha,concentrated_champion
2025-03-31,ORLY,0.3131400291301255,4.289837654563737,concentrated_alpha,concentrated_alpha,preferred_final_label,-0.0143809404610986,-0.004503248114907,4,"{""breakout_setup_quality_score"": 0.0, ""broken_momentum_penalty"": 0.0, ""entry_quality_score"": 0.0, ""explosion_entry_score"": 0.0, ""explosion_exit_score"": 0.0, ""explosion_net_score"": 0.0, ""h1_oversold_value_score"": 0.0, ""h6_dynamic_leader_score"": 0.0, ""portfolio_hold_policy_exit_risk"": 0.0, ""portfolio_monster_early_score"": 0.5431300400170326, ""portfolio_risk_entry_block_score"": 0.0, ""relative_strength_composite"": 0.0, ""rs_acceleration_score"": 0.0, ""selection_confirmation_score"": 0.0, ""stage2_overext_penalty"": 0.0, ""theme_phase_multiplier_max"": 0.0, ""theme_phase_multiplier_primary"": 0.0}",risk_off_alert,0,2026-05-07-style-regime-router,OREILLY AUTOMOTIVE INC,Consumer Discretionary,0.7545960432038441,preferred_final_label,-0.0143809404610986,-0.0143809404610986,-0.004503248114907,hold,hold,-0.08,True,score_power,rebalance,1,2025-04-30,0.5431300400170326,0.0,neutral,4,concentrated_alpha,concentrated_champion
2025-03-31,WSO,0.1859851781019007,2.4284630379419063,concentrated_alpha,concentrated_alpha,preferred_final_label,-0.08,-0.014878814248152,4,"{""breakout_setup_quality_score"": 0.0, ""broken_momentum_penalty"": 0.0, ""entry_quality_score"": 0.0, ""explosion_entry_score"": 0.0, ""explosion_exit_score"": 0.0, ""explosion_net_score"": 0.0, ""h1_oversold_value_score"": 0.0, ""h6_dynamic_leader_score"": 0.0, ""portfolio_hold_policy_exit_risk"": 0.0, ""portfolio_monster_early_score"": 0.4621742945667, ""portfolio_risk_entry_block_score"": 0.0006770833333333, ""relative_strength_composite"": 0.0, ""rs_acceleration_score"": 0.0, ""selection_confirmation_score"": 0.0, ""stage2_overext_penalty"": 0.0, ""theme_phase_multiplier_max"": 0.0, ""theme_phase_multiplier_primary"": 0.0}",risk_off_alert,0,2026-05-07-style-regime-router,WATSCO INC,Industrials,0.6783059798451264,preferred_final_label,-0.0931663153904812,-0.08,-0.0173275537609965,risk_exit,hard_stop,-0.08,True,score_power,rebalance,1,2025-04-30,0.4621742945667,0.0006770833333333,neutral,4,concentrated_alpha,concentrated_champion
2025-03-31,ETR,0.1768458409996461,3.26726720619455,concentrated_alpha,concentrated_alpha,preferred_final_label,-0.0234301548417609,-0.0041435254377431,4,"{""breakout_setup_quality_score"": 0.0, ""broken_momentum_penalty"": 0.0, ""entry_quality_score"": 0.0, ""explosion_entry_score"": 0.0, ""explosion_exit_score"": 0.0, ""explosion_net_score"": 0.0, ""h1_oversold_value_score"": 0.0, ""h6_dynamic_leader_score"": 0.0, ""portfolio_hold_policy_exit_risk"": 0.0, ""portfolio_monster_early_score"": 0.5328791291606186, ""portfolio_risk_entry_block_score"": 0.1333333333333333, ""relative_strength_composite"": 0.0, ""rs_acceleration_score"": 0.0, ""selection_confirmation_score"": 0.0, ""stage2_overext_penalty"": 0.0, ""theme_phase_multiplier_max"": 0.0, ""theme_phase_multiplier_primary"": 0.0}",risk_off_alert,0,2026-05-07-style-regime-router,ENTERGY CORP,Utilities,0.671927392161456,preferred_final_label,-0.0234301548417609,-0.0234301548417609,-0.0041435254377431,hold,hold,-0.08,True,score_power,rebalance,1,2025-04-30,0.5328791291606186,0.1333333333333333,neutral,4,concentrated_alpha,concentrated_champion
2025-04-30,ORLY,0.3580614637394993,4.914387126603097,concentrated_alpha,concentrated_alpha,preferred_final_label,-0.0340568850386782,-0.0121944581073569,4,"{""breakout_setup_quality_score"": 0.0, ""broken_momentum_penalty"": 0.0, ""entry_quality_score"": 0.0, ""explosion_entry_score"": 0.0, ""explosion_exit_score"": 0.0, ""explosion_net_score"": 0.0, ""h1_oversold_value_score"": 0.0, ""h6_dynamic_leader_score"": 0.0, ""portfolio_hold_policy_exit_risk"": 0.0, ""portfolio_monster_early_score"": 0.5167706765269473, ""portfolio_risk_entry_block_score"": 0.0, ""relative_strength_composite"": 0.0, ""rs_acceleration_score"": 0.0, ""selection_confirmation_score"": 0.0, ""stage2_overext_penalty"": 0.0, ""theme_phase_multiplier_max"": 0.0, ""theme_phase_multiplier_primary"": 0.0}",balanced,0,2026-05-07-style-regime-router,OREILLY AUTOMOTIVE INC,Consumer Discretionary,0.7685537093399346,preferred_final_label,-0.0340568850386782,-0.0340568850386782,-0.0121944581073569,hold,hold,-0.08,True,score_power,rebalance,1,2025-05-30,0.5167706765269473,0.0,neutral,4,concentrated_alpha,concentrated_champion
2025-04-30,MA,0.3383862592147389,4.877949617296444,concentrated_alpha,concentrated_alpha,preferred_final_label,0.0554546439395662,0.0187650895187951,4,"{""breakout_setup_quality_score"": 0.0, ""broken_momentum_penalty"": 0.0, ""entry_quality_score"": 0.0, ""explosion_entry_score"": 0.0, ""explosion_exit_score"": 0.0, ""explosion_net_score"": 0.0, ""h1_oversold_value_score"": 0.0, ""h6_dynamic_leader_score"": 0.0, ""portfolio_hold_policy_exit_risk"": 0.0, ""portfolio_monster_early_score"": 0.5022611920231203, ""portfolio_risk_entry_block_score"": 0.0, ""relative_strength_composite"": 0.0, ""rs_acceleration_score"": 0.0, ""selection_confirmation_score"": 0.0, ""stage2_overext_penalty"": 0.0, ""theme_phase_multiplier_max"": 0.0, ""theme_phase_multiplier_primary"": 0.0}",balanced,0,2026-05-07-style-regime-router,MASTERCARD INC CLASS A,Financials,0.7578517122747301,preferred_final_label,0.0554546439395662,0.0554546439395662,0.0187650895187951,hold,hold,-0.08,True,score_power,rebalance,1,2025-05-30,0.5022611920231203,0.0,neutral,4,concentrated_alpha,concentrated_champion
2025-04-30,MELI,0.1518622480601579,6.040607523086675,concentrated_alpha,concentrated_alpha,preferred_final_label,0.0963016956674978,0.0146245919960713,4,"{""breakout_setup_quality_score"": 0.0, ""broken_momentum_penalty"": 0.0, ""entry_quality_score"": 0.0, ""explosion_entry_score"": 0.0, ""explosion_exit_score"": 0.0, ""explosion_net_score"": 0.0, ""h1_oversold_value_score"": 0.0, ""h6_dynamic_leader_score"": 0.0, ""portfolio_hold_policy_exit_risk"": 0.0, ""portfolio_monster_early_score"": 0.5668802196145322, ""portfolio_risk_entry_block_score"": 0.0, ""relative_strength_composite"": 0.0, ""rs_acceleration_score"": 0.0, ""selection_confirmation_score"": 0.0, ""stage2_overext_penalty"": 0.0, ""theme_phase_multiplier_max"": 0.0, ""theme_phase_multiplier_primary"": 0.0}",balanced,0,2026-05-07-style-regime-router,MercadoLibre,Internet,0.6345991451846242,preferred_final_label,0.0963016956674978,0.0963016956674978,0.0146245919960713,hold,hold,-0.08,True,score_power,rebalance,1,2025-05-30,0.5668802196145322,0.0,neutral,4,concentrated_alpha,concentrated_champion
2025-04-30,BKNG,0.1516900289856038,6.7467480353721925,concentrated_alpha,concentrated_alpha,preferred_final_label,0.0995008589819976,0.0150932881830717,4,"{""breakout_setup_quality_score"": 0.0, ""broken_momentum_penalty"": 0.0, ""entry_quality_score"": 0.0, ""explosion_entry_score"": 0.0, ""explosion_exit_score"": 0.0, ""explosion_net_score"": 0.0, ""h1_oversold_value_score"": 0.0, ""h6_dynamic_leader_score"": 0.0, ""portfolio_hold_policy_exit_risk"": 0.0, ""portfolio_monster_early_score"": 0.4908188294402512, ""portfolio_risk_entry_block_score"": 0.1333333333333333, ""relative_strength_composite"": 0.0, ""rs_acceleration_score"": 0.0, ""selection_confirmation_score"": 0.0, ""stage2_overext_penalty"": 0.0, ""theme_phase_multiplier_max"": 0.0, ""theme_phase_multiplier_primary"": 0.0}",balanced,0,2026-05-07-style-regime-router,BOOKING HOLDINGS INC,Consumer Discretionary,0.6344572685053963,preferred_final_label,0.0995008589819976,0.0995008589819976,0.0150932881830717,hold,hold,-0.08,True,score_power,rebalance,1,2025-05-30,0.4908188294402512,0.1333333333333333,neutral,4,concentrated_alpha,concentrated_champion
2025-05-30,MA,0.3326029737057224,6.644166887953712,concentrated_alpha,concentrated_alpha,preferred_final_label,-0.0364859864202338,-0.0121353475819563,4,"{""breakout_setup_quality_score"": 0.0, ""broken_momentum_penalty"": 0.0, ""entry_quality_score"": 0.0, ""explosion_entry_score"": 0.0, ""explosion_exit_score"": 0.0, ""explosion_net_score"": 0.0, ""h1_oversold_value_score"": 0.0, ""h6_dynamic_leader_score"": 0.0, ""portfolio_hold_policy_exit_risk"": 0.0, ""portfolio_monster_early_score"": 0.5759379537377664, ""portfolio_risk_entry_block_score"": 0.1333333333333333, ""relative_strength_composite"": 0.0, ""rs_acceleration_score"": 0.0, ""selection_confirmation_score"": 0.0, ""stage2_overext_penalty"": 0.0, ""theme_phase_multiplier_max"": 0.0, ""theme_phase_multiplier_primary"": 0.0}",balanced,0,2026-05-07-style-regime-router,MASTERCARD INC CLASS A,Financials,0.7744483931185857,preferred_final_label,-0.0364859864202338,-0.0364859864202338,-0.0121353475819563,hold,hold,-0.08,True,score_power,rebalance,1,2025-06-30,0.5759379537377664,0.1333333333333333,neutral,4,concentrated_alpha,concentrated_champion
2025-05-30,ORLY,0.2917617337449023,5.259032417213518,concentrated_alpha,concentrated_alpha,preferred_final_label,-0.0023947297899191,-0.0006986905153573,4,"{""breakout_setup_quality_score"": 0.0, ""broken_momentum_penalty"": 0.0, ""entry_quality_score"": 0.0, ""explosion_entry_score"": 0.0, ""explosion_exit_score"": 0.0, ""explosion_net_score"": 0.0, ""h1_oversold_value_score"": 0.0, ""h6_dynamic_leader_score"": 0.0, ""portfolio_hold_policy_exit_risk"": 0.0, ""portfolio_monster_early_score"": 0.4238696601295639, ""portfolio_risk_entry_block_score"": 0.1604166666666666, ""relative_strength_composite"": 0.0, ""rs_acceleration_score"": 0.0, ""selection_confirmation_score"": 0.0, ""stage2_overext_penalty"": 0.0, ""theme_phase_multiplier_max"": 0.0, ""theme_phase_multiplier_primary"": 0.0}",balanced,0,2026-05-07-style-regime-router,OREILLY AUTOMOTIVE INC,Consumer Discretionary,0.7518656185118744,preferred_final_label,-0.0023947297899191,-0.0023947297899191,-0.0006986905153573,hold,hold,-0.08,True,score_power,rebalance,1,2025-06-30,0.4238696601295639,0.1604166666666666,neutral,4,concentrated_alpha,concentrated_champion
2025-05-30,ETR,0.2117574550191751,3.6797556309593458,concentrated_alpha,concentrated_alpha,preferred_final_label,0.005809747058747,0.0012302572514654,4,"{""breakout_setup_quality_score"": 0.0, ""broken_momentum_penalty"": 0.0, ""entry_quality_score"": 0.0, ""explosion_entry_score"": 0.0, ""explosion_exit_score"": 0.0, ""explosion_net_score"": 0.0, ""h1_oversold_value_score"": 0.0, ""h6_dynamic_leader_score"": 0.0, ""portfolio_hold_policy_exit_risk"": 0.0, ""portfolio_monster_early_score"": 0.5501203348262451, ""portfolio_risk_entry_block_score"": 0.1604166666666666, ""relative_strength_composite"": 0.0, ""rs_acceleration_score"": 0.0, ""selection_confirmation_score"": 0.0, ""stage2_overext_penalty"": 0.0, ""theme_phase_multiplier_max"": 0.0, ""theme_phase_multiplier_primary"": 0.0}",balanced,0,2026-05-07-style-regime-router,ENTERGY CORP,Utilities,0.702473939402118,preferred_final_label,0.005809747058747,0.005809747058747,0.0012302572514654,hold,hold,-0.08,True,score_power,rebalance,1,2025-06-30,0.5501203348262451,0.1604166666666666,neutral,4,concentrated_alpha,concentrated_champion
2025-05-30,DASH,0.1638778375302001,2.889392977798856,concentrated_alpha,concentrated_alpha,monster_extreme_early,0.1835388283741419,0.0300779462967809,4,"{""breakout_setup_quality_score"": 0.0, ""broken_momentum_penalty"": 0.0, ""entry_quality_score"": 0.0, ""explosion_entry_score"": 0.0, ""explosion_exit_score"": 0.0, ""explosion_net_score"": 0.0, ""h1_oversold_value_score"": 0.0, ""h6_dynamic_leader_score"": 0.0, ""portfolio_hold_policy_exit_risk"": 0.0, ""portfolio_monster_early_score"": 0.6355242081185811, ""portfolio_risk_entry_block_score"": 0.1333333333333333, ""relative_strength_composite"": 0.0, ""rs_acceleration_score"": 0.0, ""selection_confirmation_score"": 0.0, ""stage2_overext_penalty"": 0.0, ""theme_phase_multiplier_max"": 0.0, ""theme_phase_multiplier_primary"": 0.0}",balanced,0,2026-05-07-style-regime-router,DOORDASH INC CLASS A,Consumer Discretionary,0.6682901828339474,monster_extreme_early,0.1835388283741419,0.1835388283741419,0.0300779462967809,hold,hold,-0.08,True,score_power,rebalance,1,2025-06-30,0.6355242081185811,0.1333333333333333,promote_monster_early,4,concentrated_alpha,concentrated_champion
2025-06-30,ORLY,0.3598571686829017,5.1281979869425065,concentrated_alpha,concentrated_alpha,preferred_final_label,0.0979392436147776,0.0352441389101588,4,"{""breakout_setup_quality_score"": 0.0, ""broken_momentum_penalty"": 0.0, ""entry_quality_score"": 0.0, ""explosion_entry_score"": 0.0, ""explosion_exit_score"": 0.0, ""explosion_net_score"": 0.0, ""h1_oversold_value_score"": 0.0, ""h6_dynamic_leader_score"": 0.0, ""portfolio_hold_policy_exit_risk"": 0.0, ""portfolio_monster_early_score"": 0.3922427046915483, ""portfolio_risk_entry_block_score"": 0.1739583333333333, ""relative_strength_composite"": 0.0, ""rs_acceleration_score"": 0.0, ""selection_confirmation_score"": 0.0, ""stage2_overext_penalty"": 0.0, ""theme_phase_multiplier_max"": 0.0, ""theme_phase_multiplier_primary"": 0.0}",balanced,0,2026-05-07-style-regime-router,OREILLY AUTOMOTIVE INC,Consumer Discretionary,0.7463917587456107,preferred_final_label,0.0979392436147776,0.0979392436147776,0.0352441389101588,hold,hold,-0.08,True,score_power,rebalance,1,2025-07-31,0.3922427046915483,0.1739583333333333,neutral,4,concentrated_alpha,concentrated_champion
2025-06-30,DASH,0.2926088628558901,3.413192513309495,concentrated_alpha,concentrated_alpha,preferred_final_label,0.0004038692572798,0.0001181757241151,4,"{""breakout_setup_quality_score"": 0.0, ""broken_momentum_penalty"": 0.0, ""entry_quality_score"": 0.0, ""explosion_entry_score"": 0.0, ""explosion_exit_score"": 0.0, ""explosion_net_score"": 0.0, ""h1_oversold_value_score"": 0.0, ""h6_dynamic_leader_score"": 0.0, ""portfolio_hold_policy_exit_risk"": 0.0, ""portfolio_monster_early_score"": 0.6161698015712554, ""portfolio_risk_entry_block_score"": 0.2416666666666667, ""relative_strength_composite"": 0.0, ""rs_acceleration_score"": 0.0, ""selection_confirmation_score"": 0.0, ""stage2_overext_penalty"": 0.0, ""theme_phase_multiplier_max"": 0.0, ""theme_phase_multiplier_primary"": 0.0}",balanced,0,2026-05-07-style-regime-router,DOORDASH INC CLASS A,Consumer Discretionary,0.6972433399405966,preferred_final_label,0.0004038692572798,0.0004038692572798,0.0001181757241151,hold,hold,-0.08,True,score_power,rebalance,1,2025-07-31,0.6161698015712554,0.2416666666666667,promote_monster_early,4,concentrated_alpha,concentrated_champion
2025-06-30,NRG,0.2576269266068772,3.264206435019534,concentrated_alpha,concentrated_alpha,preferred_final_label,0.0145882750562598,0.0037583324672399,4,"{""breakout_setup_quality_score"": 0.0, ""broken_momentum_penalty"": 0.0, ""entry_quality_score"": 0.0, ""explosion_entry_score"": 0.0, ""explosion_exit_score"": 0.0, ""explosion_net_score"": 0.0, ""h1_oversold_value_score"": 0.0, ""h6_dynamic_leader_score"": 0.0, ""portfolio_hold_policy_exit_risk"": 0.0, ""portfolio_monster_early_score"": 0.5814580795225711, ""portfolio_risk_entry_block_score"": 0.1083333333333333, ""relative_strength_composite"": 0.0, ""rs_acceleration_score"": 0.0, ""selection_confirmation_score"": 0.0, ""stage2_overext_penalty"": 0.0, ""theme_phase_multiplier_max"": 0.0, ""theme_phase_multiplier_primary"": 0.0}",balanced,0,2026-05-07-style-regime-router,NRG ENERGY INC,Utilities,0.6694258883856543,preferred_final_label,0.0145882750562598,0.0145882750562598,0.0037583324672399,hold,hold,-0.08,True,score_power,rebalance,1,2025-07-31,0.5814580795225711,0.1083333333333333,promote_monster_early,4,concentrated_alpha,concentrated_champion
2025-06-30,AXON,0.089907041854331,2.210991476151886,concentrated_alpha,concentrated_alpha,monster_extreme_early,-0.08,-0.0071925633483464,4,"{""breakout_setup_quality_score"": 0.0, ""broken_momentum_penalty"": 0.0, ""entry_quality_score"": 0.0, ""explosion_entry_score"": 0.0, ""explosion_exit_score"": 0.0, ""explosion_net_score"": 0.0, ""h1_oversold_value_score"": 0.0, ""h6_dynamic_leader_score"": 0.0, ""portfolio_hold_policy_exit_risk"": 0.0, ""portfolio_monster_early_score"": 0.6297441675490336, ""portfolio_risk_entry_block_score"": 0.2416666666666667, ""relative_strength_composite"": 0.0, ""rs_acceleration_score"": 0.0, ""selection_confirmation_score"": 0.0, ""stage2_overext_penalty"": 0.0, ""theme_phase_multiplier_max"": 0.0, ""theme_phase_multiplier_primary"": 0.0}",balanced,0,2026-05-07-style-regime-router,AXON ENTERPRISE INC,Industrials,0.4962325909978456,monster_extreme_early,-0.1046507296889556,-0.08,-0.0094088375342312,risk_exit,hard_stop,-0.08,True,score_power,rebalance,1,2025-07-31,0.6297441675490336,0.2416666666666667,promote_monster_early,4,concentrated_alpha,concentrated_champion
2025-07-31,ORLY,0.3943362373991703,5.013388577375988,concentrated_alpha,concentrated_alpha,preferred_final_label,0.0469223168262025,0.0185031698672964,4,"{""breakout_setup_quality_score"": 0.0, ""broken_momentum_penalty"": 0.0, ""entry_quality_score"": 0.0, ""explosion_entry_score"": 0.0, ""explosion_exit_score"": 0.0, ""explosion_net_score"": 0.0, ""h1_oversold_value_score"": 0.0, ""h6_dynamic_leader_score"": 0.0, ""portfolio_hold_policy_exit_risk"": 0.0, ""portfolio_monster_early_score"": 0.5447243142832322, ""portfolio_risk_entry_block_score"": 0.146875, ""relative_strength_composite"": 0.0, ""rs_acceleration_score"": 0.0, ""selection_confirmation_score"": 0.0, ""stage2_overext_penalty"": 0.0, ""theme_phase_multiplier_max"": 0.0, ""theme_phase_multiplier_primary"": 0.0}",balanced,0,2026-05-07-style-regime-router,OREILLY AUTOMOTIVE INC,Consumer Discretionary,0.7598756804919302,preferred_final_label,0.0469223168262025,0.0469223168262025,0.0185031698672964,hold,hold,-0.08,True,score_power,rebalance,1,2025-08-29,0.5447243142832322,0.146875,neutral,4,concentrated_alpha,concentrated_champion
2025-07-31,DASH,0.2198740721447864,3.1576456802853183,concentrated_alpha,concentrated_alpha,preferred_final_label,-0.0275714588947122,-0.0060622489421529,4,"{""breakout_setup_quality_score"": 0.0, ""broken_momentum_penalty"": 0.0, ""entry_quality_score"": 0.0, ""explosion_entry_score"": 0.0, ""explosion_exit_score"": 0.0, ""explosion_net_score"": 0.0, ""h1_oversold_value_score"": 0.0, ""h6_dynamic_leader_score"": 0.0, ""portfolio_hold_policy_exit_risk"": 0.0, ""portfolio_monster_early_score"": 0.6169115875355021, ""portfolio_risk_entry_block_score"": 0.2416666666666667, ""relative_strength_composite"": 0.0, ""rs_acceleration_score"": 0.0, ""selection_confirmation_score"": 0.0, ""stage2_overext_penalty"": 0.0, ""theme_phase_multiplier_max"": 0.0, ""theme_phase_multiplier_primary"": 0.0}",balanced,0,2026-05-07-style-regime-router,DOORDASH INC CLASS A,Consumer Discretionary,0.6689517340093253,preferred_final_label,-0.0275714588947122,-0.0275714588947122,-0.0060622489421529,hold,hold,-0.08,True,score_power,rebalance,1,2025-08-29,0.6169115875355021,0.2416666666666667,promote_monster_early,4,concentrated_alpha,concentrated_champion
2025-07-31,PR,0.1945331812014143,2.2283087217467106,concentrated_alpha,concentrated_alpha,preferred_final_label,0.0128478830031839,0.0024993395523129,4,"{""breakout_setup_quality_score"": 0.0, ""broken_momentum_penalty"": 0.0, ""entry_quality_score"": 0.0, ""explosion_entry_score"": 0.0, ""explosion_exit_score"": 0.0, ""explosion_net_score"": 0.0, ""h1_oversold_value_score"": 0.0, ""h6_dynamic_leader_score"": 0.0, ""portfolio_hold_policy_exit_risk"": 0.0, ""portfolio_monster_early_score"": 0.412556321818957, ""portfolio_risk_entry_block_score"": 0.24375, ""relative_strength_composite"": 0.0, ""rs_acceleration_score"": 0.0, ""selection_confirmation_score"": 0.0, ""stage2_overext_penalty"": 0.0, ""theme_phase_multiplier_max"": 0.0, ""theme_phase_multiplier_primary"": 0.0}",balanced,0,2026-05-07-style-regime-router,PERMIAN RESOURCES CORP CLASS A,Energy,0.653032272124795,preferred_final_label,0.0128478830031839,0.0128478830031839,0.0024993395523129,hold,hold,-0.08,True,score_power,rebalance,1,2025-08-29,0.412556321818957,0.24375,neutral,4,concentrated_alpha,concentrated_champion
2025-07-31,ETR,0.1912565092546289,3.244575243528317,concentrated_alpha,concentrated_alpha,preferred_final_label,-0.0206247543981475,-0.0039446185304237,4,"{""breakout_setup_quality_score"": 0.0, ""broken_momentum_penalty"": 0.0, ""entry_quality_score"": 0.0, ""explosion_entry_score"": 0.0, ""explosion_exit_score"": 0.0, ""explosion_net_score"": 0.0, ""h1_oversold_value_score"": 0.0, ""h6_dynamic_leader_score"": 0.0, ""portfolio_hold_policy_exit_risk"": 0.0, ""portfolio_monster_early_score"": 0.6130805898947098, ""portfolio_risk_entry_block_score"": 0.146875, ""relative_strength_composite"": 0.0, ""rs_acceleration_score"": 0.0, ""selection_confirmation_score"": 0.0, ""stage2_overext_penalty"": 0.0, ""theme_phase_multiplier_max"": 0.0, ""theme_phase_multiplier_primary"": 0.0}",balanced,0,2026-05-07-style-regime-router,ENTERGY CORP,Utilities,0.6508998240311352,preferred_final_label,-0.0206247543981475,-0.0206247543981475,-0.0039446185304237,hold,hold,-0.08,True,score_power,rebalance,1,2025-08-29,0.6130805898947098,0.146875,promote_monster_early,4,concentrated_alpha,concentrated_champion
2025-08-29,MA,0.3780619557294256,6.244171070549168,concentrated_alpha,concentrated_alpha,preferred_final_label,-0.0502670014703079,-0.0190040408845185,4,"{""breakout_setup_quality_score"": 0.0, ""broken_momentum_penalty"": 0.0, ""entry_quality_score"": 0.0, ""explosion_entry_score"": 0.0, ""explosion_exit_score"": 0.0, ""explosion_net_score"": 0.0, ""h1_oversold_value_score"": 0.0, ""h6_dynamic_leader_score"": 0.0, ""portfolio_hold_policy_exit_risk"": 0.0, ""portfolio_monster_early_score"": 0.5308948348144445, ""portfolio_risk_entry_block_score"": 0.146875, ""relative_strength_composite"": 0.0, ""rs_acceleration_score"": 0.0, ""selection_confirmation_score"": 0.0, ""stage2_overext_penalty"": 0.0, ""theme_phase_multiplier_max"": 0.0, ""theme_phase_multiplier_primary"": 0.0}",balanced,0,2026-05-07-style-regime-router,MASTERCARD INC CLASS A,Financials,0.7435750935769784,preferred_final_label,-0.0502670014703079,-0.0502670014703079,-0.0190040408845185,hold,hold,-0.08,True,score_power,rebalance,1,2025-09-30,0.5308948348144445,0.146875,neutral,4,concentrated_alpha,concentrated_champion
2025-08-29,PPL,0.243715376066533,3.484089097054212,concentrated_alpha,concentrated_alpha,preferred_final_label,0.0296119194572601,0.007216880086578,4,"{""breakout_setup_quality_score"": 0.0, ""broken_momentum_penalty"": 0.0, ""entry_quality_score"": 0.0, ""explosion_entry_score"": 0.0, ""explosion_exit_score"": 0.0, ""explosion_net_score"": 0.0, ""h1_oversold_value_score"": 0.0, ""h6_dynamic_leader_score"": 0.0, ""portfolio_hold_policy_exit_risk"": 0.0, ""portfolio_monster_early_score"": 0.52683944900927, ""portfolio_risk_entry_block_score"": 0.146875, ""relative_strength_composite"": 0.0, ""rs_acceleration_score"": 0.0, ""selection_confirmation_score"": 0.0, ""stage2_overext_penalty"": 0.0, ""theme_phase_multiplier_max"": 0.0, ""theme_phase_multiplier_primary"": 0.0}",balanced,0,2026-05-07-style-regime-router,PPL CORP,Utilities,0.668469661482271,preferred_final_label,0.0296119194572601,0.0296119194572601,0.007216880086578,hold,hold,-0.08,True,score_power,rebalance,1,2025-09-30,0.52683944900927,0.146875,neutral,4,concentrated_alpha,concentrated_champion
2025-08-29,GTLS,0.2154859277794576,3.5403780876852675,concentrated_alpha,concentrated_alpha,preferred_final_label,0.005128484466746,0.0011051162334193,4,"{""breakout_setup_quality_score"": 0.0, ""broken_momentum_penalty"": 0.0, ""entry_quality_score"": 0.0, ""explosion_entry_score"": 0.0, ""explosion_exit_score"": 0.0, ""explosion_net_score"": 0.0, ""h1_oversold_value_score"": 0.0, ""h6_dynamic_leader_score"": 0.0, ""portfolio_hold_policy_exit_risk"": 0.0, ""portfolio_monster_early_score"": 0.4583290587616317, ""portfolio_risk_entry_block_score"": 0.146875, ""relative_strength_composite"": 0.0, ""rs_acceleration_score"": 0.0, ""selection_confirmation_score"": 0.0, ""stage2_overext_penalty"": 0.0, ""theme_phase_multiplier_max"": 0.0, ""theme_phase_multiplier_primary"": 0.0}",balanced,0,2026-05-07-style-regime-router,Chart Industries,Industrials,0.6502059730391481,preferred_final_label,0.005128484466746,0.005128484466746,0.0011051162334193,hold,hold,-0.08,True,score_power,rebalance,1,2025-09-30,0.4583290587616317,0.146875,neutral,4,concentrated_alpha,concentrated_champion
2025-08-29,WBS,0.1627367404245836,1.693910168433741,concentrated_alpha,concentrated_alpha,preferred_final_label,-0.0387191856339866,-0.0063010340619693,4,"{""breakout_setup_quality_score"": 0.0, ""broken_momentum_penalty"": 0.0, ""entry_quality_score"": 0.0, ""explosion_entry_score"": 0.0, ""explosion_exit_score"": 0.0, ""explosion_net_score"": 0.0, ""h1_oversold_value_score"": 0.0, ""h6_dynamic_leader_score"": 0.0, ""portfolio_hold_policy_exit_risk"": 0.0, ""portfolio_monster_early_score"": 0.512077483851535, ""portfolio_risk_entry_block_score"": 0.0135416666666666, ""relative_strength_composite"": 0.0, ""rs_acceleration_score"": 0.0, ""selection_confirmation_score"": 0.0, ""stage2_overext_penalty"": 0.0, ""theme_phase_multiplier_max"": 0.0, ""theme_phase_multiplier_primary"": 0.0}",balanced,0,2026-05-07-style-regime-router,WEBSTER FINANCIAL CORP,Financials,0.6125279674431368,preferred_final_label,-0.0387191856339866,-0.0387191856339866,-0.0063010340619693,hold,hold,-0.08,True,score_power,rebalance,1,2025-09-30,0.512077483851535,0.0135416666666666,neutral,4,concentrated_alpha,concentrated_champion
2025-09-30,PPL,0.4564869483413786,3.1546100678114604,concentrated_alpha,concentrated_alpha,preferred_final_label,-0.0193965151269672,-0.0088542559987666,4,"{""breakout_setup_quality_score"": 0.0, ""broken_momentum_penalty"": 0.0, ""entry_quality_score"": 0.0, ""explosion_entry_score"": 0.0, ""explosion_exit_score"": 0.0, ""explosion_net_score"": 0.0, ""h1_oversold_value_score"": 0.0, ""h6_dynamic_leader_score"": 0.0, ""portfolio_hold_policy_exit_risk"": 0.0, ""portfolio_monster_early_score"": 0.5878851110048514, ""portfolio_risk_entry_block_score"": 0.0, ""relative_strength_composite"": 0.0, ""rs_acceleration_score"": 0.0, ""selection_confirmation_score"": 0.0, ""stage2_overext_penalty"": 0.0, ""theme_phase_multiplier_max"": 0.0, ""theme_phase_multiplier_primary"": 0.0}",balanced,0,2026-05-07-style-regime-router,PPL CORP,Utilities,0.6902899783444251,preferred_final_label,-0.0193965151269672,-0.0193965151269672,-0.0088542559987666,hold,hold,-0.08,True,score_power,rebalance,1,2025-10-31,0.5878851110048514,0.0,promote_monster_early,4,concentrated_alpha,concentrated_champion
2025-09-30,NVDA,0.2247175872245314,3.944034773110257,concentrated_alpha,concentrated_alpha,monster_extreme_early,0.123299421063447,0.0277075484075593,4,"{""breakout_setup_quality_score"": 0.0, ""broken_momentum_penalty"": 0.0, ""entry_quality_score"": 0.0, ""explosion_entry_score"": 0.0, ""explosion_exit_score"": 0.0, ""explosion_net_score"": 0.0, ""h1_oversold_value_score"": 0.0, ""h6_dynamic_leader_score"": 0.0, ""portfolio_hold_policy_exit_risk"": 0.0, ""portfolio_monster_early_score"": 0.6277544101817685, ""portfolio_risk_entry_block_score"": 0.2416666666666667, ""relative_strength_composite"": 0.0, ""rs_acceleration_score"": 0.0, ""selection_confirmation_score"": 0.0, ""stage2_overext_penalty"": 0.0, ""theme_phase_multiplier_max"": 0.0, ""theme_phase_multiplier_primary"": 0.0}",balanced,0,2026-05-07-style-regime-router,NVIDIA CORP,Information Technology,0.5539576102996893,monster_extreme_early,0.123299421063447,0.123299421063447,0.0277075484075593,hold,hold,-0.08,True,score_power,rebalance,1,2025-10-31,0.6277544101817685,0.2416666666666667,promote_monster_early,4,concentrated_alpha,concentrated_champion
2025-09-30,LRCX,0.1821363474450814,3.6218973868169546,concentrated_alpha,concentrated_alpha,monster_extreme_early,0.2082924295113182,0.0379376223116535,4,"{""breakout_setup_quality_score"": 0.0, ""broken_momentum_penalty"": 0.0, ""entry_quality_score"": 0.0, ""explosion_entry_score"": 0.0, ""explosion_exit_score"": 0.0, ""explosion_net_score"": 0.0, ""h1_oversold_value_score"": 0.0, ""h6_dynamic_leader_score"": 0.0, ""portfolio_hold_policy_exit_risk"": 0.0, ""portfolio_monster_early_score"": 0.6226626212945533, ""portfolio_risk_entry_block_score"": 0.1083333333333333, ""relative_strength_composite"": 0.0, ""rs_acceleration_score"": 0.0, ""selection_confirmation_score"": 0.0, ""stage2_overext_penalty"": 0.0, ""theme_phase_multiplier_max"": 0.0, ""theme_phase_multiplier_primary"": 0.0}",balanced,0,2026-05-07-style-regime-router,LAM RESEARCH CORP,Information Technology,0.5219906129695266,monster_extreme_early,0.2082924295113182,0.2082924295113182,0.0379376223116535,hold,hold,-0.08,True,score_power,rebalance,1,2025-10-31,0.6226626212945533,0.1083333333333333,promote_monster_early,4,concentrated_alpha,concentrated_champion
2025-09-30,WDC,0.1366591169890086,2.636135757167128,concentrated_alpha,concentrated_alpha,monster_extreme_early,0.2867660814316646,0.0391891994708494,4,"{""breakout_setup_quality_score"": 0.0, ""broken_momentum_penalty"": 0.0, ""entry_quality_score"": 0.0, ""explosion_entry_score"": 0.0, ""explosion_exit_score"": 0.0, ""explosion_net_score"": 0.0, ""h1_oversold_value_score"": 0.0, ""h6_dynamic_leader_score"": 0.0, ""portfolio_hold_policy_exit_risk"": 0.0, ""portfolio_monster_early_score"": 0.6316846307367722, ""portfolio_risk_entry_block_score"": 0.1083333333333333, ""relative_strength_composite"": 0.0, ""rs_acceleration_score"": 0.0, ""selection_confirmation_score"": 0.0, ""stage2_overext_penalty"": 0.0, ""theme_phase_multiplier_max"": 0.0, ""theme_phase_multiplier_primary"": 0.0}",balanced,0,2026-05-07-style-regime-router,WESTERN DIGITAL CORP,Information Technology,0.4833755356115873,monster_extreme_early,0.2867660814316646,0.2867660814316646,0.0391891994708494,hold,hold,-0.08,True,score_power,rebalance,1,2025-10-31,0.6316846307367722,0.1083333333333333,promote_monster_early,4,concentrated_alpha,concentrated_champion
2025-10-31,WBS,0.2858138032542566,2.0439628417877795,concentrated_alpha,concentrated_alpha,preferred_final_label,0.0550938359173502,0.0157465787794038,4,"{""breakout_setup_quality_score"": 0.0, ""broken_momentum_penalty"": 0.0, ""entry_quality_score"": 0.0, ""explosion_entry_score"": 0.0, ""explosion_exit_score"": 0.0, ""explosion_net_score"": 0.0, ""h1_oversold_value_score"": 0.0, ""h6_dynamic_leader_score"": 0.0, ""portfolio_hold_policy_exit_risk"": 0.0, ""portfolio_monster_early_score"": 0.3880034382079473, ""portfolio_risk_entry_block_score"": 0.1604166666666666, ""relative_strength_composite"": 0.0, ""rs_acceleration_score"": 0.0, ""selection_confirmation_score"": 0.0, ""stage2_overext_penalty"": 0.0, ""theme_phase_multiplier_max"": 0.0, ""theme_phase_multiplier_primary"": 0.0}",balanced,0,2026-05-07-style-regime-router,WEBSTER FINANCIAL CORP,Financials,0.6011832442663013,preferred_final_label,0.0550938359173502,0.0550938359173502,0.0157465787794038,hold,hold,-0.08,True,score_power,rebalance,1,2025-11-28,0.3880034382079473,0.1604166666666666,neutral,4,concentrated_alpha,concentrated_champion
2025-10-31,LRCX,0.2621066837607514,4.530038232995606,concentrated_alpha,concentrated_alpha,monster_extreme_early,-0.0321269835617031,-0.0084206971205941,4,"{""breakout_setup_quality_score"": 0.0, ""broken_momentum_penalty"": 0.0, ""entry_quality_score"": 0.0, ""explosion_entry_score"": 0.0, ""explosion_exit_score"": 0.0, ""explosion_net_score"": 0.0, ""h1_oversold_value_score"": 0.0, ""h6_dynamic_leader_score"": 0.0, ""portfolio_hold_policy_exit_risk"": 0.0, ""portfolio_monster_early_score"": 0.6446425344810294, ""portfolio_risk_entry_block_score"": 0.1083333333333333, ""relative_strength_composite"": 0.0, ""rs_acceleration_score"": 0.0, ""selection_confirmation_score"": 0.0, ""stage2_overext_penalty"": 0.0, ""theme_phase_multiplier_max"": 0.0, ""theme_phase_multiplier_primary"": 0.0}",balanced,0,2026-05-07-style-regime-router,LAM RESEARCH CORP,Information Technology,0.5889638984207125,monster_extreme_early,-0.0321269835617031,-0.0321269835617031,-0.0084206971205941,hold,hold,-0.08,True,score_power,rebalance,1,2025-11-28,0.6446425344810294,0.1083333333333333,promote_monster_early,4,concentrated_alpha,concentrated_champion
2025-10-31,MU,0.2372976788964007,3.7586651216926974,concentrated_alpha,concentrated_alpha,monster_extreme_early,-0.006798350919157,-0.0016132328934391,4,"{""breakout_setup_quality_score"": 0.0, ""broken_momentum_penalty"": 0.0, ""entry_quality_score"": 0.0, ""explosion_entry_score"": 0.0, ""explosion_exit_score"": 0.0, ""explosion_net_score"": 0.0, ""h1_oversold_value_score"": 0.0, ""h6_dynamic_leader_score"": 0.0, ""portfolio_hold_policy_exit_risk"": 0.0, ""portfolio_monster_early_score"": 0.6455613301202914, ""portfolio_risk_entry_block_score"": 0.1083333333333333, ""relative_strength_composite"": 0.0, ""rs_acceleration_score"": 0.0, ""selection_confirmation_score"": 0.0, ""stage2_overext_penalty"": 0.0, ""theme_phase_multiplier_max"": 0.0, ""theme_phase_multiplier_primary"": 0.0}",balanced,0,2026-05-07-style-regime-router,MICRON TECHNOLOGY INC,Information Technology,0.5755688739843852,monster_extreme_early,-0.006798350919157,-0.006798350919157,-0.0016132328934391,hold,hold,-0.08,True,score_power,rebalance,1,2025-11-28,0.6455613301202914,0.1083333333333333,promote_monster_early,4,concentrated_alpha,concentrated_champion
2025-10-31,WDC,0.2147818340885911,4.140768939026569,concentrated_alpha,concentrated_alpha,monster_extreme_early,0.0534621063016913,0.0114826892457164,4,"{""breakout_setup_quality_score"": 0.0, ""broken_momentum_penalty"": 0.0, ""entry_quality_score"": 0.0, ""explosion_entry_score"": 0.0, ""explosion_exit_score"": 0.0, ""explosion_net_score"": 0.0, ""h1_oversold_value_score"": 0.0, ""h6_dynamic_leader_score"": 0.0, ""portfolio_hold_policy_exit_risk"": 0.0, ""portfolio_monster_early_score"": 0.6428979502794179, ""portfolio_risk_entry_block_score"": 0.2416666666666667, ""relative_strength_composite"": 0.0, ""rs_acceleration_score"": 0.0, ""selection_confirmation_score"": 0.0, ""stage2_overext_penalty"": 0.0, ""theme_phase_multiplier_max"": 0.0, ""theme_phase_multiplier_primary"": 0.0}",balanced,0,2026-05-07-style-regime-router,WESTERN DIGITAL CORP,Information Technology,0.5627914926252594,monster_extreme_early,0.0534621063016913,0.0534621063016913,0.0114826892457164,hold,hold,-0.08,True,score_power,rebalance,1,2025-11-28,0.6428979502794179,0.2416666666666667,promote_monster_early,4,concentrated_alpha,concentrated_champion
2025-11-28,EXPE,0.282804395636717,4.65575247012324,concentrated_alpha,concentrated_alpha,preferred_final_label,0.1120627969819409,0.0316918515738379,4,"{""breakout_setup_quality_score"": 0.0, ""broken_momentum_penalty"": 0.0, ""entry_quality_score"": 0.0, ""explosion_entry_score"": 0.0, ""explosion_exit_score"": 0.0, ""explosion_net_score"": 0.0, ""h1_oversold_value_score"": 0.0, ""h6_dynamic_leader_score"": 0.0, ""portfolio_hold_policy_exit_risk"": 0.0, ""portfolio_monster_early_score"": 0.5097510425531494, ""portfolio_risk_entry_block_score"": 0.2416666666666667, ""relative_strength_composite"": 0.0, ""rs_acceleration_score"": 0.0, ""selection_confirmation_score"": 0.0, ""stage2_overext_penalty"": 0.0, ""theme_phase_multiplier_max"": 0.0, ""theme_phase_multiplier_primary"": 0.0}",growth_reentry_alert,0,2026-05-07-style-regime-router,EXPEDIA GROUP INC,Consumer Discretionary,0.5920038582621754,preferred_final_label,0.1120627969819409,0.1120627969819409,0.0316918515738379,hold,hold,-0.08,True,score_power,rebalance,1,2025-12-31,0.5097510425531494,0.2416666666666667,neutral,4,concentrated_alpha,concentrated_champion
2025-11-28,LRCX,0.2525954667738174,4.539948665044468,concentrated_alpha,concentrated_alpha,preferred_final_label,0.1504217343953842,0.0379958482125292,4,"{""breakout_setup_quality_score"": 0.0, ""broken_momentum_penalty"": 0.0, ""entry_quality_score"": 0.0, ""explosion_entry_score"": 0.0, ""explosion_exit_score"": 0.0, ""explosion_net_score"": 0.0, ""h1_oversold_value_score"": 0.0, ""h6_dynamic_leader_score"": 0.0, ""portfolio_hold_policy_exit_risk"": 0.0, ""portfolio_monster_early_score"": 0.5766282276819334, ""portfolio_risk_entry_block_score"": 0.2416666666666667, ""relative_strength_composite"": 0.0, ""rs_acceleration_score"": 0.0, ""selection_confirmation_score"": 0.0, ""stage2_overext_penalty"": 0.0, ""theme_phase_multiplier_max"": 0.0, ""theme_phase_multiplier_primary"": 0.0}",growth_reentry_alert,0,2026-05-07-style-regime-router,LAM RESEARCH CORP,Information Technology,0.5765704114908177,preferred_final_label,0.1504217343953842,0.1504217343953842,0.0379958482125292,hold,hold,-0.08,True,score_power,rebalance,1,2025-12-31,0.5766282276819334,0.2416666666666667,neutral,4,concentrated_alpha,concentrated_champion
2025-11-28,DKS,0.2407988259699335,2.9698343088406,concentrated_alpha,concentrated_alpha,preferred_final_label,-0.0239018895372941,-0.0057555469390434,4,"{""breakout_setup_quality_score"": 0.0, ""broken_momentum_penalty"": 0.0, ""entry_quality_score"": 0.0, ""explosion_entry_score"": 0.0, ""explosion_exit_score"": 0.0, ""explosion_net_score"": 0.0, ""h1_oversold_value_score"": 0.0, ""h6_dynamic_leader_score"": 0.0, ""portfolio_hold_policy_exit_risk"": 0.0, ""portfolio_monster_early_score"": 0.3300059408889066, ""portfolio_risk_entry_block_score"": 0.2791666666666667, ""relative_strength_composite"": 0.0, ""rs_acceleration_score"": 0.0, ""selection_confirmation_score"": 0.0, ""stage2_overext_penalty"": 0.0, ""theme_phase_multiplier_max"": 0.0, ""theme_phase_multiplier_primary"": 0.0}",growth_reentry_alert,0,2026-05-07-style-regime-router,DICKS SPORTING INC,Consumer Discretionary,0.5702943667388805,preferred_final_label,-0.0239018895372941,-0.0239018895372941,-0.0057555469390434,hold,hold,-0.08,True,score_power,rebalance,1,2025-12-31,0.3300059408889066,0.2791666666666667,neutral,4,concentrated_alpha,concentrated_champion
2025-11-28,PLNT,0.223801311619532,1.4320817415931222,concentrated_alpha,concentrated_alpha,preferred_final_label,-0.0140464396982424,-0.0031436116280513,4,"{""breakout_setup_quality_score"": 0.0, ""broken_momentum_penalty"": 0.0, ""entry_quality_score"": 0.0, ""explosion_entry_score"": 0.0, ""explosion_exit_score"": 0.0, ""explosion_net_score"": 0.0, ""h1_oversold_value_score"": 0.0, ""h6_dynamic_leader_score"": 0.0, ""portfolio_hold_policy_exit_risk"": 0.0, ""portfolio_monster_early_score"": 0.4892125245103812, ""portfolio_risk_entry_block_score"": 0.0, ""relative_strength_composite"": 0.0, ""rs_acceleration_score"": 0.0, ""selection_confirmation_score"": 0.0, ""stage2_overext_penalty"": 0.0, ""theme_phase_multiplier_max"": 0.0, ""theme_phase_multiplier_primary"": 0.0}",growth_reentry_alert,0,2026-05-07-style-regime-router,PLANET FITNESS INC CLASS A,Consumer Discretionary,0.5609744475876085,preferred_final_label,-0.0140464396982424,-0.0140464396982424,-0.0031436116280513,hold,hold,-0.08,True,score_power,rebalance,1,2025-12-31,0.4892125245103812,0.0,neutral,4,concentrated_alpha,concentrated_champion
2025-12-31,MU,0.2870188183751953,4.575408633475444,concentrated_alpha,concentrated_alpha,preferred_final_label,0.396604826259777,0.1138330485949808,4,"{""breakout_setup_quality_score"": 0.0, ""broken_momentum_penalty"": 0.0, ""entry_quality_score"": 0.0, ""explosion_entry_score"": 0.0, ""explosion_exit_score"": 0.0, ""explosion_net_score"": 0.0, ""h1_oversold_value_score"": 0.0, ""h6_dynamic_leader_score"": 0.0, ""portfolio_hold_policy_exit_risk"": 0.0, ""portfolio_monster_early_score"": 0.6025661793127308, ""portfolio_risk_entry_block_score"": 0.3333333333333333, ""relative_strength_composite"": 0.0, ""rs_acceleration_score"": 0.0, ""selection_confirmation_score"": 0.0, ""stage2_overext_penalty"": 0.0, ""theme_phase_multiplier_max"": 0.0, ""theme_phase_multiplier_primary"": 0.0}",balanced,0,2026-05-07-style-regime-router,MICRON TECHNOLOGY INC,Information Technology,0.6057026210135439,preferred_final_label,0.396604826259777,0.396604826259777,0.1138330485949808,hold,hold,-0.08,True,score_power,rebalance,1,2026-01-30,0.6025661793127308,0.3333333333333333,promote_monster_early,4,concentrated_alpha,concentrated_champion
2025-12-31,LRCX,0.2698323059176981,4.605401497756486,concentrated_alpha,concentrated_alpha,preferred_final_label,0.3119481952384089,0.0841737008480441,4,"{""breakout_setup_quality_score"": 0.0, ""broken_momentum_penalty"": 0.0, ""entry_quality_score"": 0.0, ""explosion_entry_score"": 0.0, ""explosion_exit_score"": 0.0, ""explosion_net_score"": 0.0, ""h1_oversold_value_score"": 0.0, ""h6_dynamic_leader_score"": 0.0, ""portfolio_hold_policy_exit_risk"": 0.0, ""portfolio_monster_early_score"": 0.611515233927048, ""portfolio_risk_entry_block_score"": 0.2416666666666667, ""relative_strength_composite"": 0.0, ""rs_acceleration_score"": 0.0, ""selection_confirmation_score"": 0.0, ""stage2_overext_penalty"": 0.0, ""theme_phase_multiplier_max"": 0.0, ""theme_phase_multiplier_primary"": 0.0}",balanced,0,2026-05-07-style-regime-router,LAM RESEARCH CORP,Information Technology,0.5965677157271545,preferred_final_label,0.3119481952384089,0.3119481952384089,0.0841737008480441,hold,hold,-0.08,True,score_power,rebalance,1,2026-01-30,0.611515233927048,0.2416666666666667,promote_monster_early,4,concentrated_alpha,concentrated_champion
2025-12-31,EXPE,0.2444562272779917,3.575883145561879,concentrated_alpha,concentrated_alpha,preferred_final_label,-0.0478764103219163,-0.0117036866429087,4,"{""breakout_setup_quality_score"": 0.0, ""broken_momentum_penalty"": 0.0, ""entry_quality_score"": 0.0, ""explosion_entry_score"": 0.0, ""explosion_exit_score"": 0.0, ""explosion_net_score"": 0.0, ""h1_oversold_value_score"": 0.0, ""h6_dynamic_leader_score"": 0.0, ""portfolio_hold_policy_exit_risk"": 0.0, ""portfolio_monster_early_score"": 0.5598955561985285, ""portfolio_risk_entry_block_score"": 0.1083333333333333, ""relative_strength_composite"": 0.0, ""rs_acceleration_score"": 0.0, ""selection_confirmation_score"": 0.0, ""stage2_overext_penalty"": 0.0, ""theme_phase_multiplier_max"": 0.0, ""theme_phase_multiplier_primary"": 0.0}",balanced,0,2026-05-07-style-regime-router,EXPEDIA GROUP INC,Consumer Discretionary,0.5825302893252169,preferred_final_label,-0.0478764103219163,-0.0478764103219163,-0.0117036866429087,hold,hold,-0.08,True,score_power,rebalance,1,2026-01-30,0.5598955561985285,0.1083333333333333,neutral,4,concentrated_alpha,concentrated_champion
2025-12-31,TPR,0.1986926484291149,3.0184877909647616,concentrated_alpha,concentrated_alpha,preferred_final_label,-0.0140070847134878,-0.0027831047584938,4,"{""breakout_setup_quality_score"": 0.0, ""broken_momentum_penalty"": 0.0, ""entry_quality_score"": 0.0, ""explosion_entry_score"": 0.0, ""explosion_exit_score"": 0.0, ""explosion_net_score"": 0.0, ""h1_oversold_value_score"": 0.0, ""h6_dynamic_leader_score"": 0.0, ""portfolio_hold_policy_exit_risk"": 0.0, ""portfolio_monster_early_score"": 0.542954114385544, ""portfolio_risk_entry_block_score"": 0.2416666666666667, ""relative_strength_composite"": 0.0, ""rs_acceleration_score"": 0.0, ""selection_confirmation_score"": 0.0, ""stage2_overext_penalty"": 0.0, ""theme_phase_multiplier_max"": 0.0, ""theme_phase_multiplier_primary"": 0.0}",balanced,0,2026-05-07-style-regime-router,TAPESTRY INC,Consumer Discretionary,0.5552304219715387,preferred_final_label,-0.0140070847134878,-0.0140070847134878,-0.0027831047584938,hold,hold,-0.08,True,score_power,rebalance,1,2026-01-30,0.542954114385544,0.2416666666666667,neutral,4,concentrated_alpha,concentrated_champion
2026-01-30,SYY,0.353758674774951,2.886168121137402,concentrated_alpha,concentrated_alpha,preferred_final_label,0.0802425208146933,0.0283864878240073,4,"{""breakout_setup_quality_score"": 0.0, ""broken_momentum_penalty"": 0.0, ""entry_quality_score"": 0.0, ""explosion_entry_score"": 0.0, ""explosion_exit_score"": 0.0, ""explosion_net_score"": 0.0, ""h1_oversold_value_score"": 0.0, ""h6_dynamic_leader_score"": 0.0, ""portfolio_hold_policy_exit_risk"": 0.0, ""portfolio_monster_early_score"": 0.4957681819852352, ""portfolio_risk_entry_block_score"": 0.0, ""relative_strength_composite"": 0.0, ""rs_acceleration_score"": 0.0, ""selection_confirmation_score"": 0.0, ""stage2_overext_penalty"": 0.0, ""theme_phase_multiplier_max"": 0.0, ""theme_phase_multiplier_primary"": 0.0}",balanced,0,2026-05-07-style-regime-router,SYSCO CORP,Consumer Staples,0.6829344367950059,preferred_final_label,0.0802425208146933,0.0802425208146933,0.0283864878240073,hold,hold,-0.08,True,score_power,rebalance,1,2026-02-27,0.4957681819852352,0.0,neutral,4,concentrated_alpha,concentrated_champion
2026-01-30,PBA,0.2460054985911943,2.0233687720735287,concentrated_alpha,concentrated_alpha,preferred_final_label,0.0865853490693346,0.0213004719684942,4,"{""breakout_setup_quality_score"": 0.0, ""broken_momentum_penalty"": 0.0, ""entry_quality_score"": 0.0, ""explosion_entry_score"": 0.0, ""explosion_exit_score"": 0.0, ""explosion_net_score"": 0.0, ""h1_oversold_value_score"": 0.0, ""h6_dynamic_leader_score"": 0.0, ""portfolio_hold_policy_exit_risk"": 0.0, ""portfolio_monster_early_score"": 0.5540178616320314, ""portfolio_risk_entry_block_score"": 0.0, ""relative_strength_composite"": 0.0, ""rs_acceleration_score"": 0.0, ""selection_confirmation_score"": 0.0, ""stage2_overext_penalty"": 0.0, ""theme_phase_multiplier_max"": 0.0, ""theme_phase_multiplier_primary"": 0.0}",balanced,0,2026-05-07-style-regime-router,Pembina Pipeline,Energy,0.625688002448005,preferred_final_label,0.0865853490693346,0.0865853490693346,0.0213004719684942,hold,hold,-0.08,True,score_power,rebalance,1,2026-02-27,0.5540178616320314,0.0,neutral,4,concentrated_alpha,concentrated_champion
2026-01-30,LRCX,0.214121221850736,4.622028161375204,concentrated_alpha,concentrated_alpha,preferred_final_label,-0.0173573884396537,-0.0037165852208364,4,"{""breakout_setup_quality_score"": 0.0, ""broken_momentum_penalty"": 0.0, ""entry_quality_score"": 0.0, ""explosion_entry_score"": 0.0, ""explosion_exit_score"": 0.0, ""explosion_net_score"": 0.0, ""h1_oversold_value_score"": 0.0, ""h6_dynamic_leader_score"": 0.0, ""portfolio_hold_policy_exit_risk"": 0.0, ""portfolio_monster_early_score"": 0.6085603640208562, ""portfolio_risk_entry_block_score"": 0.2416666666666667, ""relative_strength_composite"": 0.0, ""rs_acceleration_score"": 0.0, ""selection_confirmation_score"": 0.0, ""stage2_overext_penalty"": 0.0, ""theme_phase_multiplier_max"": 0.0, ""theme_phase_multiplier_primary"": 0.0}",balanced,0,2026-05-07-style-regime-router,LAM RESEARCH CORP,Information Technology,0.6064156926622474,preferred_final_label,-0.0173573884396537,-0.0173573884396537,-0.0037165852208364,hold,hold,-0.08,True,score_power,rebalance,1,2026-02-27,0.6085603640208562,0.2416666666666667,promote_monster_early,4,concentrated_alpha,concentrated_champion
2026-01-30,AMAT,0.1861146047831186,4.492827051539828,concentrated_alpha,concentrated_alpha,preferred_final_label,0.1448445538794016,0.0269576869002519,4,"{""breakout_setup_quality_score"": 0.0, ""broken_momentum_penalty"": 0.0, ""entry_quality_score"": 0.0, ""explosion_entry_score"": 0.0, ""explosion_exit_score"": 0.0, ""explosion_net_score"": 0.0, ""h1_oversold_value_score"": 0.0, ""h6_dynamic_leader_score"": 0.0, ""portfolio_hold_policy_exit_risk"": 0.0, ""portfolio_monster_early_score"": 0.6067678287797742, ""portfolio_risk_entry_block_score"": 0.2416666666666667, ""relative_strength_composite"": 0.0, ""rs_acceleration_score"": 0.0, ""selection_confirmation_score"": 0.0, ""stage2_overext_penalty"": 0.0, ""theme_phase_multiplier_max"": 0.0, ""theme_phase_multiplier_primary"": 0.0}",balanced,0,2026-05-07-style-regime-router,APPLIED MATERIAL INC,Information Technology,0.5882645586477598,preferred_final_label,0.1448445538794016,0.1448445538794016,0.0269576869002519,hold,hold,-0.08,True,score_power,rebalance,1,2026-02-27,0.6067678287797742,0.2416666666666667,promote_monster_early,4,concentrated_alpha,concentrated_champion
2026-02-27,ETR,0.3268174534218249,3.5991053199709664,concentrated_alpha,concentrated_alpha,preferred_final_label,0.0474004116536195,0.0154912818277821,4,"{""breakout_setup_quality_score"": 0.0, ""broken_momentum_penalty"": 0.0, ""entry_quality_score"": 0.0, ""explosion_entry_score"": 0.0, ""explosion_exit_score"": 0.0, ""explosion_net_score"": 0.0, ""h1_oversold_value_score"": 0.0, ""h6_dynamic_leader_score"": 0.0, ""portfolio_hold_policy_exit_risk"": 0.0, ""portfolio_monster_early_score"": 0.5706359890840269, ""portfolio_risk_entry_block_score"": 0.1333333333333333, ""relative_strength_composite"": 0.0, ""rs_acceleration_score"": 0.0, ""selection_confirmation_score"": 0.0, ""stage2_overext_penalty"": 0.0, ""theme_phase_multiplier_max"": 0.0, ""theme_phase_multiplier_primary"": 0.0}",risk_off_alert,0,2026-05-07-style-regime-router,ENTERGY CORP,Utilities,0.7035091648928025,preferred_final_label,0.0474004116536195,0.0474004116536195,0.0154912818277821,hold,hold,-0.08,True,score_power,rebalance,1,2026-03-31,0.5706359890840269,0.1333333333333333,neutral,4,concentrated_alpha,concentrated_champion
2026-02-27,PR,0.3224679480924267,2.9468369208282708,concentrated_alpha,concentrated_alpha,preferred_final_label,0.1091231331513324,0.0351887128367268,4,"{""breakout_setup_quality_score"": 0.0, ""broken_momentum_penalty"": 0.0, ""entry_quality_score"": 0.0, ""explosion_entry_score"": 0.0, ""explosion_exit_score"": 0.0, ""explosion_net_score"": 0.0, ""h1_oversold_value_score"": 0.0, ""h6_dynamic_leader_score"": 0.0, ""portfolio_hold_policy_exit_risk"": 0.0, ""portfolio_monster_early_score"": 0.565894269233157, ""portfolio_risk_entry_block_score"": 0.325, ""relative_strength_composite"": 0.0, ""rs_acceleration_score"": 0.0, ""selection_confirmation_score"": 0.0, ""stage2_overext_penalty"": 0.0, ""theme_phase_multiplier_max"": 0.0, ""theme_phase_multiplier_primary"": 0.0}",risk_off_alert,0,2026-05-07-style-regime-router,PERMIAN RESOURCES CORP CLASS A,Energy,0.7011865399385209,preferred_final_label,0.1091231331513324,0.1091231331513324,0.0351887128367268,hold,hold,-0.08,True,score_power,rebalance,1,2026-03-31,0.565894269233157,0.325,neutral,4,concentrated_alpha,concentrated_champion
2026-02-27,PEG,0.1819268909082324,2.412811574804317,concentrated_alpha,concentrated_alpha,preferred_final_label,-0.0565782701329048,-0.0102931087782454,4,"{""breakout_setup_quality_score"": 0.0, ""broken_momentum_penalty"": 0.0, ""entry_quality_score"": 0.0, ""explosion_entry_score"": 0.0, ""explosion_exit_score"": 0.0, ""explosion_net_score"": 0.0, ""h1_oversold_value_score"": 0.0, ""h6_dynamic_leader_score"": 0.0, ""portfolio_hold_policy_exit_risk"": 0.0, ""portfolio_monster_early_score"": 0.4756032139630778, ""portfolio_risk_entry_block_score"": 0.0, ""relative_strength_composite"": 0.0, ""rs_acceleration_score"": 0.0, ""selection_confirmation_score"": 0.0, ""stage2_overext_penalty"": 0.0, ""theme_phase_multiplier_max"": 0.0, ""theme_phase_multiplier_primary"": 0.0}",risk_off_alert,0,2026-05-07-style-regime-router,PUBLIC SERVICE ENTERPRISE GROUP IN,Utilities,0.6151831808698679,preferred_final_label,-0.0565782701329048,-0.0565782701329048,-0.0102931087782454,hold,hold,-0.08,True,score_power,rebalance,1,2026-03-31,0.4756032139630778,0.0,neutral,4,concentrated_alpha,concentrated_champion
2026-02-27,BKNG,0.1687877075775158,5.379830167412398,concentrated_alpha,concentrated_alpha,preferred_final_label,0.0435678420891976,0.0073537161903348,4,"{""breakout_setup_quality_score"": 0.0, ""broken_momentum_penalty"": 0.0, ""entry_quality_score"": 0.0, ""explosion_entry_score"": 0.0, ""explosion_exit_score"": 0.0, ""explosion_net_score"": 0.0, ""h1_oversold_value_score"": 0.0, ""h6_dynamic_leader_score"": 0.0, ""portfolio_hold_policy_exit_risk"": 0.0, ""portfolio_monster_early_score"": 0.2052918870632356, ""portfolio_risk_entry_block_score"": 0.3197916666666667, ""relative_strength_composite"": 0.0, ""rs_acceleration_score"": 0.0, ""selection_confirmation_score"": 0.0, ""stage2_overext_penalty"": 0.0, ""theme_phase_multiplier_max"": 0.0, ""theme_phase_multiplier_primary"": 0.0}",risk_off_alert,0,2026-05-07-style-regime-router,BOOKING HOLDINGS INC,Consumer Discretionary,0.605634963694017,preferred_final_label,0.0435678420891976,0.0435678420891976,0.0073537161903348,hold,hold,-0.08,True,score_power,rebalance,1,2026-03-31,0.2052918870632356,0.3197916666666667,neutral,4,concentrated_alpha,concentrated_champion
