ticker,side,quantity,fill_price,gross_value,fee_usd,cash_delta,cash_after,shares_after,date,signal_date,reason,target_weight,fill_mode
BLD,BUY,20.0,79.98999786376953,1599.7999572753906,3.9994998931884767,-1603.799457168579,98396.20054283142,20.0,2019-06-03,2019-05-31,target_rebalance,0.0166190532201084,next_close
ARMK,BUY,87.0,22.887659072875977,1991.22633934021,4.978065848350525,-1996.2044051885605,96399.99613764285,87.0,2019-06-03,2019-05-31,target_rebalance,0.0200464603810427,next_close
PODD,BUY,20.0,109.31999969482422,2186.3999938964844,5.465999984741211,-2191.8659938812257,94208.13014376163,20.0,2019-06-03,2019-05-31,target_rebalance,0.0224131756290324,next_close
AMT,BUY,13.0,171.68844604492188,2231.9497985839844,5.579874496459961,-2237.5296730804444,91970.6004706812,13.0,2019-06-03,2019-05-31,target_rebalance,0.0224174598827528,next_close
V,BUY,16.0,150.9186553955078,2414.698486328125,6.036746215820313,-2420.735232543945,89549.86523813725,16.0,2019-06-03,2019-05-31,target_rebalance,0.0245266651540934,next_close
TSCO,BUY,142.0,18.069847106933594,2565.9182891845703,6.414795722961426,-2572.333084907532,86977.53215322972,142.0,2019-06-03,2019-05-31,target_rebalance,0.0256729364912918,next_close
HD,BUY,20.0,158.54783630371094,3170.9567260742188,7.927391815185547,-3178.8841178894045,83798.64803534032,20.0,2019-06-03,2019-05-31,target_rebalance,0.0319327196700302,next_close
FICO,BUY,11.0,287.55999755859375,3163.1599731445312,7.907899932861328,-3171.0678730773925,80627.58016226292,11.0,2019-06-03,2019-05-31,target_rebalance,0.0328327965977762,next_close
ROKU,BUY,36.0,89.70999908447266,3229.5599670410156,8.073899917602539,-3237.633866958618,77389.94629530431,36.0,2019-06-03,2019-05-31,target_rebalance,0.0330852438056465,next_close
MELI,BUY,7.0,568.77001953125,3981.39013671875,9.953475341796874,-3991.343612060547,73398.60268324376,7.0,2019-06-03,2019-05-31,target_rebalance,0.0419271258996978,next_close
PAYC,BUY,35.0,192.37120056152344,6732.99201965332,16.832480049133302,-6749.824499702454,66648.7781835413,35.0,2019-06-03,2019-05-31,target_rebalance,0.0687213033796941,next_close
MA,BUY,32.0,232.91534423828125,7453.291015625,18.6332275390625,-7471.924243164062,59176.853940377245,32.0,2019-06-03,2019-05-31,target_rebalance,0.0754318265732718,next_close
SHOP,BUY,338.0,26.5,8957.0,22.392500000000002,-8979.3925,50197.46144037724,338.0,2019-06-03,2019-05-31,target_rebalance,0.0898334850560115,next_close
HEI,BUY,77.0,121.5122299194336,9356.441703796387,23.391104259490966,-9379.832808055879,40817.628632321364,77.0,2019-06-03,2019-05-31,target_rebalance,0.0945397482595496,next_close
NOW,BUY,259.0,49.67599868774414,12866.083660125732,32.16520915031433,-12898.248869276047,27919.37976304532,259.0,2019-06-03,2019-05-31,target_rebalance,0.129150937053266,next_close
ARMK,SELL,44.0,23.710290908813477,1043.252799987793,2.6081319999694825,1040.6446679878236,28960.024431033144,43.0,2019-07-01,2019-06-28,target_rebalance,0.0093086281146251,next_close
V,SELL,6.0,165.51565551757812,993.0939331054688,2.482734832763672,990.6111982727051,29950.63562930585,10.0,2019-07-01,2019-06-28,target_rebalance,0.0142373891048936,next_close
PODD,SELL,11.0,118.5,1303.5,3.25875,1300.24125,31250.876879305848,9.0,2019-07-01,2019-06-28,target_rebalance,0.0096254109639946,next_close
NOW,SELL,25.0,56.70199966430664,1417.549991607666,3.543874979019165,1414.0061166286469,32664.882995934495,234.0,2019-07-01,2019-06-28,target_rebalance,0.1235631764300141,next_close
AMT,SELL,12.0,166.6705322265625,2000.04638671875,5.0001159667968755,1995.0462707519532,34659.92926668645,1.0,2019-07-01,2019-06-28,target_rebalance,0.0006574438176732,next_close
ROKU,SELL,28.0,91.37000274658203,2558.360076904297,6.395900192260743,2551.964176712036,37211.89344339848,8.0,2019-07-01,2019-06-28,target_rebalance,0.0060990899231063,next_close
SHOP,SELL,92.0,30.468000411987305,2803.056037902832,7.00764009475708,2796.048397808075,40007.94184120656,246.0,2019-07-01,2019-06-28,target_rebalance,0.0695665940041843,next_close
TSCO,BUY,40.0,19.744205474853516,789.7682189941406,1.9744205474853516,-791.742639541626,39216.19920166493,182.0,2019-07-01,2019-06-28,target_rebalance,0.0336443735946996,next_close
HEI,BUY,7.0,131.76046752929688,922.3232727050781,2.3058081817626954,-924.6290808868408,38291.57012077809,84.0,2019-07-01,2019-06-28,target_rebalance,0.103943235065327,next_close
MELI,BUY,2.0,619.3099975585938,1238.6199951171875,3.0965499877929688,-1241.7165451049805,37049.85357567311,9.0,2019-07-01,2019-06-28,target_rebalance,0.0520315826019218,next_close
FICO,BUY,4.0,316.739990234375,1266.9599609375,3.16739990234375,-1270.1273608398437,35779.72621483327,15.0,2019-07-01,2019-06-28,target_rebalance,0.0445937265191771,next_close
HD,BUY,9.0,177.1023406982422,1593.9210662841797,3.984802665710449,-1597.9058689498902,34181.820345883374,29.0,2019-07-01,2019-06-28,target_rebalance,0.0483654626305987,next_close
BLD,BUY,55.0,81.0199966430664,4456.099815368652,11.140249538421632,-4467.240064907074,29714.5802809763,75.0,2019-07-01,2019-06-28,target_rebalance,0.0569382511122869,next_close
ARMK,SELL,35.0,23.710290908813477,829.8601818084717,2.074650454521179,827.7855313539505,30542.365812330252,8.0,2019-08-01,2019-07-31,target_rebalance,0.00150989593387,next_close
FICO,SELL,3.0,359.80999755859375,1079.4299926757812,2.698574981689453,1076.7314176940918,31619.097230024345,12.0,2019-08-01,2019-07-31,target_rebalance,0.0391039078915264,next_close
SHOP,SELL,49.0,34.138999938964844,1672.8109970092773,4.1820274925231935,1668.628969516754,33287.726199541095,197.0,2019-08-01,2019-07-31,target_rebalance,0.0608930394692313,next_close
TSCO,SELL,110.0,19.271169662475586,2119.8286628723145,5.2995716571807865,2114.5290912151336,35402.25529075623,72.0,2019-08-01,2019-07-31,target_rebalance,0.0125311787097986,next_close
MA,SELL,9.0,263.90496826171875,2375.1447143554688,5.937861785888672,2369.20685256958,37771.46214332581,23.0,2019-08-01,2019-07-31,target_rebalance,0.0541156631308934,next_close
HEI,SELL,24.0,136.9812469482422,3287.5499267578125,8.218874816894532,3279.331051940918,41050.79319526673,60.0,2019-08-01,2019-07-31,target_rebalance,0.0744033979883247,next_close
BLD,SELL,67.0,85.77999877929688,5747.259918212891,14.368149795532227,5732.891768417358,46783.684963684085,8.0,2019-08-01,2019-07-31,target_rebalance,0.0055661129185332,next_close
NOW,BUY,2.0,54.79999923706055,109.5999984741211,0.27399999618530274,-109.87399847030639,46673.81096521378,236.0,2019-08-01,2019-07-31,target_rebalance,0.1180201477444674,next_close
PAYC,BUY,2.0,231.89044189453125,463.7808837890625,1.1594522094726563,-464.94033599853515,46208.87062921524,37.0,2019-08-01,2019-07-31,target_rebalance,0.0794578435565417,next_close
PODD,BUY,6.0,122.55999755859375,735.3599853515625,1.8383999633789063,-737.1983853149414,45471.6722439003,15.0,2019-08-01,2019-07-31,target_rebalance,0.0172201959916757,next_close
HD,BUY,10.0,179.25003051757812,1792.5003051757812,4.481250762939453,-1796.9815559387207,43674.69068796158,39.0,2019-08-01,2019-07-31,target_rebalance,0.0642269990895261,next_close
ROKU,BUY,54.0,100.84500122070312,5445.630065917969,13.614075164794922,-5459.244141082763,38215.44654687881,62.0,2019-08-01,2019-07-31,target_rebalance,0.0572644562806215,next_close
V,BUY,44.0,170.49232482910156,7501.662292480469,18.754155731201173,-7520.41644821167,30695.030098667143,54.0,2019-08-01,2019-07-31,target_rebalance,0.084119424035869,next_close
MELI,SELL,9.0,581.0,5229.0,13.0725,5215.9275,35910.95759866714,0.0,2019-09-03,2019-08-30,target_exit,,next_close
NOW,SELL,236.0,52.67599868774414,12431.535690307617,31.078839225769045,12400.456851081848,48311.41444974899,0.0,2019-09-03,2019-08-30,target_exit,,next_close
TSCO,SELL,72.0,17.946123123168945,1292.120864868164,3.2303021621704104,1288.8905627059937,49600.305012454985,0.0,2019-09-03,2019-08-30,target_exit,,next_close
HEI,SELL,13.0,140.95140075683594,1832.3682098388672,4.580920524597168,1827.78728931427,51428.092301769255,47.0,2019-09-03,2019-08-30,target_rebalance,0.0566126300263399,next_close
ROKU,SELL,25.0,156.8800048828125,3922.0001220703125,9.805000305175781,3912.1951217651367,55340.28742353439,37.0,2019-09-03,2019-08-30,target_rebalance,0.05,next_close
FICO,SELL,11.0,352.0,3872.0,9.68,3862.32,59202.60742353439,1.0,2019-09-03,2019-08-30,target_rebalance,0.0011421326332192,next_close
HD,SELL,30.0,188.71658325195312,5661.497497558594,14.153743743896484,5647.343753814697,64849.95117734909,9.0,2019-09-03,2019-08-30,target_rebalance,0.0141223897291146,next_close
PAYC,SELL,27.0,238.1195526123047,6429.227920532227,16.07306980133057,6413.154850730896,71263.10602807999,10.0,2019-09-03,2019-08-30,target_rebalance,0.0204277103725978,next_close
V,BUY,1.0,170.7669677734375,170.7669677734375,0.42691741943359374,-171.1938851928711,71091.91214288711,55.0,2019-09-03,2019-08-30,target_rebalance,0.0818918866810315,next_close
ARMK,BUY,22.0,27.42533302307129,603.3573265075684,1.508393316268921,-604.8657198238373,70487.04642306328,30.0,2019-09-03,2019-08-30,target_rebalance,0.0072538355192894,next_close
SHOP,BUY,32.0,38.39099884033203,1228.511962890625,3.0712799072265624,-1231.5832427978517,69255.46318026543,229.0,2019-09-03,2019-08-30,target_rebalance,0.0765917996273011,next_close
MA,BUY,5.0,269.63232421875,1348.16162109375,3.3704040527343753,-1351.5320251464843,67903.93115511895,28.0,2019-09-03,2019-08-30,target_rebalance,0.0680459473062859,next_close
PODD,BUY,21.0,167.9499969482422,3526.949935913086,8.817374839782715,-3535.7673107528685,64368.16384436608,36.0,2019-09-03,2019-08-30,target_rebalance,0.0530044896729618,next_close
DG,BUY,25.0,141.61212158203125,3540.3030395507812,8.850757598876953,-3549.153797149658,60819.01004721642,25.0,2019-09-03,2019-08-30,target_rebalance,0.0317127897163199,next_close
BLD,BUY,50.0,89.83000183105469,4491.500091552734,11.228750228881836,-4502.728841781616,56316.2812054348,58.0,2019-09-03,2019-08-30,target_rebalance,0.0456159621410078,next_close
AMT,BUY,24.0,195.951171875,4702.828125,11.7570703125,-4714.5851953125,51601.6960101223,25.0,2019-09-03,2019-08-30,target_rebalance,0.0431299075345322,next_close
TREX,BUY,140.0,41.349998474121094,5788.999786376953,14.472499465942382,-5803.472285842896,45798.22372427941,140.0,2019-09-03,2019-08-30,target_rebalance,0.0504485190399982,next_close
LRCX,BUY,585.0,19.614543914794922,11474.50819015503,28.686270475387573,-11503.194460630417,34295.02926364899,585.0,2019-09-03,2019-08-30,target_rebalance,0.1,next_close
FICO,SELL,1.0,303.2799987792969,303.2799987792969,0.7581999969482422,302.52179878234864,34597.55106243134,0.0,2019-10-01,2019-09-30,target_exit,,next_close
HEI,SELL,47.0,119.00624084472656,5593.293319702148,13.983233299255371,5579.310086402893,40176.86114883423,0.0,2019-10-01,2019-09-30,target_exit,,next_close
PAYC,SELL,10.0,202.70431518554688,2027.0431518554688,5.067607879638672,2021.97554397583,42198.83669281006,0.0,2019-10-01,2019-09-30,target_exit,,next_close
V,SELL,55.0,166.0880126953125,9134.840698242188,22.83710174560547,9112.003596496583,51310.84028930664,0.0,2019-10-01,2019-09-30,target_exit,,next_close
ROKU,SELL,11.0,102.4000015258789,1126.400016784668,2.81600004196167,1123.5840167427064,52434.424306049346,26.0,2019-10-01,2019-09-30,target_rebalance,0.0239148954557281,next_close
MA,SELL,5.0,260.8054504394531,1304.0272521972656,3.2600681304931642,1300.7671840667724,53735.19149011612,23.0,2019-10-01,2019-09-30,target_rebalance,0.0532867628242167,next_close
LRCX,SELL,67.0,21.328521728515625,1429.0109558105469,3.572527389526367,1425.4384284210205,55160.62991853714,518.0,2019-10-01,2019-09-30,target_rebalance,0.1,next_close
SHOP,SELL,128.0,31.32200050354004,4009.216064453125,10.023040161132812,3999.193024291992,59159.82294282913,101.0,2019-10-01,2019-09-30,target_rebalance,0.0286656201582764,next_close
AMT,BUY,1.0,182.76841735839844,182.76841735839844,0.4569210433959961,-183.22533840179443,58976.597604427334,26.0,2019-10-01,2019-09-30,target_rebalance,0.0435090252277104,next_close
PODD,BUY,2.0,162.8300018310547,325.6600036621094,0.8141500091552735,-326.4741536712647,58650.123450756066,38.0,2019-10-01,2019-09-30,target_rebalance,0.0563465446269535,next_close
BLD,BUY,10.0,94.80000305175781,948.0000305175781,2.3700000762939455,-950.3700305938721,57699.7534201622,68.0,2019-10-01,2019-09-30,target_rebalance,0.0592588558360057,next_close
DG,BUY,10.0,144.71498107910156,1447.1498107910156,3.617874526977539,-1450.7676853179933,56248.9857348442,35.0,2019-10-01,2019-09-30,target_rebalance,0.0468477405215698,next_close
LKQ,BUY,107.0,27.08188819885254,2897.7620372772217,7.244405093193055,-2905.006442370415,53343.979292473785,107.0,2019-10-01,2019-09-30,target_rebalance,0.026466246408051,next_close
MLM,BUY,13.0,255.9986572265625,3327.9825439453125,8.319956359863282,-3336.3025003051757,50007.67679216861,13.0,2019-10-01,2019-09-30,target_rebalance,0.0320598839087205,next_close
ARMK,BUY,128.0,28.39673614501953,3634.7822265625,9.08695556640625,-3643.8691821289062,46363.80761003971,158.0,2019-10-01,2019-09-30,target_rebalance,0.0408221306671412,next_close
HD,BUY,18.0,195.80905151367188,3524.5629272460938,8.811407318115235,-3533.3743345642088,42830.4332754755,27.0,2019-10-01,2019-09-30,target_rebalance,0.0495108392983813,next_close
TREX,BUY,86.0,43.54999923706055,3745.299934387207,9.363249835968018,-3754.663184223175,39075.77009125233,226.0,2019-10-01,2019-09-30,target_rebalance,0.0892858939426184,next_close
RH,BUY,32.0,170.5500030517578,5457.60009765625,13.644000244140626,-5471.24409790039,33604.52599335194,32.0,2019-10-01,2019-09-30,target_rebalance,0.0500255611246264,next_close
ENTG,BUY,258.0,45.61534881591797,11768.759994506836,29.42189998626709,-11798.181894493104,21806.344098858837,258.0,2019-10-01,2019-09-30,target_rebalance,0.1067580510009675,next_close
MA,SELL,23.0,268.93804931640625,6185.575134277344,15.46393783569336,6170.1111964416505,27976.45529530049,0.0,2019-11-01,2019-10-31,target_exit,,next_close
SHOP,SELL,101.0,31.676000595092773,3199.27606010437,7.998190150260926,3191.277869954109,31167.733165254598,0.0,2019-11-01,2019-10-31,target_exit,,next_close
DG,SELL,5.0,145.787353515625,728.936767578125,1.8223419189453125,727.1144256591797,31894.847590913778,30.0,2019-11-01,2019-10-31,target_rebalance,0.0374877006561254,next_close
ENTG,SELL,24.0,47.02419662475586,1128.5807189941406,2.8214517974853517,1125.7592671966552,33020.606858110434,234.0,2019-11-01,2019-10-31,target_rebalance,0.0952075977680046,next_close
HD,SELL,7.0,201.11355590820312,1407.7948913574219,3.5194872283935545,1404.2754041290284,34424.882262239465,20.0,2019-11-01,2019-10-31,target_rebalance,0.034149778734723,next_close
LRCX,SELL,69.0,25.760122299194336,1777.4484386444092,4.4436210966110234,1773.0048175477982,36197.887079787266,449.0,2019-11-01,2019-10-31,target_rebalance,0.1,next_close
PODD,SELL,12.0,146.47999572753906,1757.7599487304688,4.394399871826172,1753.3655488586426,37951.25262864591,26.0,2019-11-01,2019-10-31,target_rebalance,0.0320481589278099,next_close
AMT,SELL,11.0,178.3251495361328,1961.576644897461,4.903941612243653,1956.6727032852173,39907.925331931125,15.0,2019-11-01,2019-10-31,target_rebalance,0.0219072033924189,next_close
TREX,SELL,114.0,44.744998931884766,5100.929878234863,12.75232469558716,5088.177553539276,44996.1028854704,112.0,2019-11-01,2019-10-31,target_rebalance,0.0431676015191917,next_close
BLD,BUY,2.0,110.2699966430664,220.5399932861328,0.551349983215332,-221.09134326934816,44775.01154220105,70.0,2019-11-01,2019-10-31,target_rebalance,0.0671469455385083,next_close
RH,BUY,8.0,175.83999633789062,1406.719970703125,3.5167999267578125,-1410.2367706298828,43364.77477157117,40.0,2019-11-01,2019-10-31,target_rebalance,0.0609923250505225,next_close
LKQ,BUY,82.0,30.877920150756836,2531.9894523620605,6.329973630905151,-2538.3194259929655,40826.4553455782,189.0,2019-11-01,2019-10-31,target_rebalance,0.0507488738154588,next_close
AAPL,BUY,63.0,61.42521667480469,3869.7886505126953,9.674471626281738,-3879.4631221389773,36946.99222343922,63.0,2019-11-01,2019-10-31,target_rebalance,0.0338227581059484,next_close
ROKU,BUY,45.0,146.5,6592.5,16.48125,-6608.98125,30338.01097343922,71.0,2019-11-01,2019-10-31,target_rebalance,0.090929307580245,next_close
CRUS,BUY,98.0,72.43000030517578,7098.140029907227,17.745350074768066,-7115.885379981994,23222.125593457225,98.0,2019-11-01,2019-10-31,target_rebalance,0.061744160163799,next_close
AMT,SELL,15.0,173.40203857421875,2601.0305786132812,6.502576446533204,2594.528002166748,25816.653595623975,0.0,2019-12-02,2019-11-29,target_exit,,next_close
ARMK,SELL,158.0,28.440818786621094,4493.649368286133,11.234123420715333,4482.415244865418,30299.06884048939,0.0,2019-12-02,2019-11-29,target_exit,,next_close
DG,SELL,30.0,141.02810668945312,4230.843200683594,10.577108001708984,4220.266092681884,34519.334933171274,0.0,2019-12-02,2019-11-29,target_exit,,next_close
HD,SELL,20.0,184.4035186767578,3688.0703735351562,9.220175933837892,3678.8501976013185,38198.185130772596,0.0,2019-12-02,2019-11-29,target_exit,,next_close
MLM,SELL,13.0,256.48883056640625,3334.3547973632812,8.335886993408204,3326.018910369873,41524.20404114247,0.0,2019-12-02,2019-11-29,target_exit,,next_close
ROKU,SELL,71.0,136.07000732421875,9660.970520019531,24.15242630004883,9636.818093719483,51161.02213486195,0.0,2019-12-02,2019-11-29,target_exit,,next_close
TREX,SELL,112.0,42.474998474121094,4757.1998291015625,11.892999572753906,4745.3068295288085,55906.32896439076,0.0,2019-12-02,2019-11-29,target_exit,,next_close
LKQ,SELL,50.0,31.036087036132812,1551.8043518066406,3.8795108795166016,1547.924840927124,57454.25380531789,139.0,2019-12-02,2019-11-29,target_rebalance,0.0374010802534049,next_close
ENTG,SELL,52.0,45.630523681640625,2372.7872314453125,5.931968078613282,2366.855263366699,59821.109068684586,182.0,2019-12-02,2019-11-29,target_rebalance,0.0721554995309619,next_close
BLD,SELL,32.0,107.69999694824219,3446.39990234375,8.615999755859375,3437.7839025878907,63258.89297127248,38.0,2019-12-02,2019-11-29,target_rebalance,0.0351203845282764,next_close
PODD,BUY,1.0,181.89999389648438,181.89999389648438,0.4547499847412109,-182.35474388122557,63076.538227391255,27.0,2019-12-02,2019-11-29,target_rebalance,0.0433027673177488,next_close
LRCX,BUY,21.0,24.341867446899414,511.1792163848877,1.2779480409622193,-512.4571644258499,62564.08106296541,470.0,2019-12-02,2019-11-29,target_rebalance,0.1,next_close
RH,BUY,3.0,199.25999450683594,597.7799835205078,1.4944499588012696,-599.2744334793091,61964.8066294861,43.0,2019-12-02,2019-11-29,target_rebalance,0.0759999620114246,next_close
STM,BUY,127.0,22.998397827148438,2920.7965240478516,7.301991310119629,-2928.0985153579713,59036.70811412812,127.0,2019-12-02,2019-11-29,target_rebalance,0.0256505591970912,next_close
CRUS,BUY,41.0,70.86000061035156,2905.260025024414,7.263150062561035,-2912.5231750869752,56124.18493904115,139.0,2019-12-02,2019-11-29,target_rebalance,0.0864351845103849,next_close
TSLA,BUY,136.0,22.32466697692871,3036.1547088623047,7.590386772155762,-3043.7450956344605,53080.43984340669,136.0,2019-12-02,2019-11-29,target_rebalance,0.0265249404133147,next_close
AAPL,BUY,56.0,63.61817932128906,3562.6180419921875,8.906545104980468,-3571.524587097168,49508.91525630952,119.0,2019-12-02,2019-11-29,target_rebalance,0.0666022321880795,next_close
DXCM,BUY,74.0,55.97999954223633,4142.519966125488,10.356299915313722,-4152.876266040802,45356.03899026872,74.0,2019-12-02,2019-11-29,target_rebalance,0.0365644104916569,next_close
SWKS,BUY,51.0,83.42916870117188,4254.887603759766,10.637219009399415,-4265.524822769165,41090.514167499554,51.0,2019-12-02,2019-11-29,target_rebalance,0.0377778150939488,next_close
BIO,BUY,14.0,371.67999267578125,5203.5198974609375,13.008799743652345,-5216.52869720459,35873.98547029497,14.0,2019-12-02,2019-11-29,target_rebalance,0.0463984595936312,next_close
QRVO,BUY,91.0,102.97000122070312,9370.270111083984,23.42567527770996,-9393.695786361694,26480.289683933275,91.0,2019-12-02,2019-11-29,target_rebalance,0.0822222044010374,next_close
NVDA,BUY,2109.0,5.20164155960083,10970.26204919815,27.425655122995376,-10997.687704321146,15482.601979612129,2109.0,2019-12-02,2019-11-29,target_rebalance,0.0957587372665755,next_close
BLD,SELL,38.0,103.11000061035156,3918.1800231933594,9.795450057983398,3908.384573135376,19390.986552747505,0.0,2020-01-02,2019-12-31,target_exit,,next_close
ENTG,SELL,182.0,49.67509078979492,9040.866523742676,22.60216630935669,9018.26435743332,28409.250910180825,0.0,2020-01-02,2019-12-31,target_exit,,next_close
PODD,SELL,27.0,169.77000427246094,4583.790115356445,11.459475288391113,4572.330640068054,32981.58155024888,0.0,2020-01-02,2019-12-31,target_exit,,next_close
QRVO,SELL,12.0,115.95999908447266,1391.5199890136719,3.47879997253418,1388.0411890411376,34369.62273929001,79.0,2020-01-02,2019-12-31,target_rebalance,0.0733832271321355,next_close
BIO,SELL,4.0,372.1600036621094,1488.6400146484375,3.7216000366210937,1484.9184146118164,35854.541153901824,10.0,2020-01-02,2019-12-31,target_rebalance,0.0285383847068743,next_close
CRUS,SELL,22.0,85.0,1870.0,4.675,1865.325,37719.86615390182,117.0,2020-01-02,2019-12-31,target_rebalance,0.0791896316197259,next_close
LRCX,SELL,91.0,27.69621467590332,2520.355535507202,6.300888838768006,2514.054646668434,40233.92080057025,379.0,2020-01-02,2019-12-31,target_rebalance,0.0839242874737661,next_close
DXCM,SELL,57.0,54.845001220703125,3126.165069580078,7.8154126739501955,3118.349656906128,43352.27045747638,17.0,2020-01-02,2019-12-31,target_rebalance,0.007389564928406,next_close
LKQ,SELL,135.0,31.457866668701172,4246.812000274658,10.617030000686645,4236.194970273971,47588.46542775035,4.0,2020-01-02,2019-12-31,target_rebalance,0.0009918310369869,next_close
RH,SELL,37.0,211.5,7825.5,19.56375,7805.93625,55394.40167775035,6.0,2020-01-02,2019-12-31,target_rebalance,0.0097638978891663,next_close
NVDA,SELL,1648.0,5.963804244995117,9828.349395751953,24.570873489379885,9803.778522262573,65198.180200012925,461.0,2020-01-02,2019-12-31,target_rebalance,0.0220115039008566,next_close
AAPL,BUY,2.0,72.3338851928711,144.6677703857422,0.3616694259643555,-145.02943981170654,65053.15076020122,121.0,2020-01-02,2019-12-31,target_rebalance,0.0704322819637841,next_close
STM,BUY,55.0,26.486862182617188,1456.7774200439453,3.6419435501098634,-1460.419363594055,63592.73139660717,182.0,2020-01-02,2019-12-31,target_rebalance,0.0387127837211755,next_close
MU,BUY,70.0,54.021156311035156,3781.480941772461,9.453702354431153,-3790.934644126892,59801.79675248027,70.0,2020-01-02,2019-12-31,target_rebalance,0.0305836581347673,next_close
AMD,BUY,133.0,49.099998474121094,6530.2997970581055,16.325749492645265,-6546.625546550751,53255.171205929524,133.0,2020-01-02,2019-12-31,target_rebalance,0.0525382587229637,next_close
TSLA,BUY,297.0,28.68400001525879,8519.14800453186,21.29787001132965,-8540.44587454319,44714.72533138633,433.0,2020-01-02,2019-12-31,target_rebalance,0.0996849826588881,next_close
CROX,BUY,216.0,41.75,9018.0,22.545,-9040.545,35674.180331386335,216.0,2020-01-02,2019-12-31,target_rebalance,0.0722567650482477,next_close
SWKS,BUY,93.0,103.20076751708984,9597.671379089355,23.99417844772339,-9621.665557537079,26052.514773849256,144.0,2020-01-02,2019-12-31,target_rebalance,0.119656649294609,next_close
LKQ,SELL,4.0,28.62841796875,114.513671875,0.28628417968750003,114.2273876953125,26166.742161544567,0.0,2020-02-03,2020-01-31,target_exit,,next_close
AAPL,SELL,22.0,74.3351821899414,1635.374008178711,4.088435020446777,1631.2855731582642,27798.02773470283,99.0,2020-02-03,2020-01-31,target_rebalance,0.0555984806347093,next_close
TSLA,SELL,76.0,52.0,3952.0,9.88,3942.12,31740.14773470283,357.0,2020-02-03,2020-01-31,target_rebalance,0.1405196623909933,next_close
QRVO,SELL,37.0,107.55999755859375,3979.7199096679688,9.949299774169923,3969.770609893799,35709.91834459663,42.0,2020-02-03,2020-01-31,target_rebalance,0.0338720072369619,next_close
CROX,SELL,142.0,37.4900016784668,5323.580238342285,13.308950595855713,5310.271287746429,41020.189632343056,74.0,2020-02-03,2020-01-31,target_rebalance,0.0209138478772597,next_close
CRUS,SELL,86.0,77.19000244140625,6638.3402099609375,16.595850524902342,6621.744359436035,47641.93399177909,31.0,2020-02-03,2020-01-31,target_rebalance,0.0178628225980919,next_close
SWKS,SELL,81.0,97.56869506835938,7903.064300537109,19.757660751342772,7883.3066397857665,55525.24063156486,63.0,2020-02-03,2020-01-31,target_rebalance,0.0462422720868766,next_close
LRCX,BUY,80.0,28.677101135253906,2294.1680908203125,5.735420227050781,-2299.9035110473633,53225.3371205175,459.0,2020-02-03,2020-01-31,target_rebalance,0.1,next_close
RH,BUY,16.0,208.6199951171875,3337.919921875,8.3447998046875,-3346.2647216796877,49879.07239883781,22.0,2020-02-03,2020-01-31,target_rebalance,0.036217777564381,next_close
MU,BUY,78.0,52.45094680786133,4091.1738510131836,10.227934627532958,-4101.401785640716,45777.67061319709,148.0,2020-02-03,2020-01-31,target_rebalance,0.0589043166107087,next_close
BIO,BUY,14.0,364.010009765625,5096.14013671875,12.740350341796875,-5108.880487060547,40668.79012613655,24.0,2020-02-03,2020-01-31,target_rebalance,0.0671300345695093,next_close
AMD,BUY,137.0,48.02000045776367,6578.740062713623,16.44685015678406,-6595.1869128704075,34073.60321326614,270.0,2020-02-03,2020-01-31,target_rebalance,0.0985557898890766,next_close
NVDA,BUY,1120.0,5.974244594573975,6691.153945922852,16.72788486480713,-6707.881830787659,27365.721382478485,1581.0,2020-02-03,2020-01-31,target_rebalance,0.0716465289525248,next_close
SHOP,BUY,176.0,46.93899917602539,8261.263854980469,20.65315963745117,-8281.91701461792,19083.804367860565,176.0,2020-02-03,2020-01-31,target_rebalance,0.06287670989209,next_close
DXCM,BUY,162.0,59.272499084472656,9602.14485168457,24.005362129211427,-9626.150213813782,9457.654154046782,179.0,2020-02-03,2020-01-31,target_rebalance,0.0808648302013454,next_close
BIO,SELL,24.0,368.95001220703125,8854.80029296875,22.137000732421875,8832.663292236328,18290.31744628311,0.0,2020-03-02,2020-02-28,target_exit,,next_close
CROX,SELL,74.0,26.540000915527344,1963.9600677490234,4.909900169372559,1959.0501675796509,20249.36761386276,0.0,2020-03-02,2020-02-28,target_exit,,next_close
CRUS,SELL,31.0,71.1500015258789,2205.650047302246,5.514125118255615,2200.1359221839903,22449.503536046752,0.0,2020-03-02,2020-02-28,target_exit,,next_close
RH,SELL,22.0,192.9600067138672,4245.120147705078,10.612800369262695,4234.507347335815,26684.010883382565,0.0,2020-03-02,2020-02-28,target_exit,,next_close
AMD,SELL,24.0,47.459999084472656,1139.0399780273438,2.8475999450683593,1136.1923780822754,27820.20326146484,246.0,2020-03-02,2020-02-28,target_rebalance,0.0882925132231999,next_close
SHOP,SELL,45.0,48.84000015258789,2197.800006866455,5.494500017166138,2192.305506849289,30012.508768314132,131.0,2020-03-02,2020-02-28,target_rebalance,0.0481445217116737,next_close
SWKS,SELL,32.0,88.78488159179688,2841.1162109375,7.10279052734375,2834.0134204101564,32846.52218872429,31.0,2020-03-02,2020-02-28,target_rebalance,0.020842277306048,next_close
AAPL,SELL,57.0,72.1337890625,4111.6259765625,10.27906494140625,4101.346911621094,36947.86910034538,42.0,2020-03-02,2020-02-28,target_rebalance,0.0229467899382437,next_close
TSLA,SELL,102.0,49.574668884277344,5056.616226196289,12.641540565490724,5043.974685630798,41991.843785976176,255.0,2020-03-02,2020-02-28,target_rebalance,0.0957126301596801,next_close
DXCM,SELL,84.0,71.43250274658203,6000.330230712891,15.000825576782226,5985.329405136108,47977.173191112284,95.0,2020-03-02,2020-02-28,target_rebalance,0.0512909707443033,next_close
LRCX,SELL,222.0,27.923076629638672,6198.923011779785,15.497307529449463,6183.425704250336,54160.59889536262,237.0,2020-03-02,2020-02-28,target_rebalance,0.05,next_close
QRVO,BUY,7.0,100.44000244140625,703.0800170898438,1.7577000427246094,-704.8377171325684,53455.76117823005,49.0,2020-03-02,2020-02-28,target_rebalance,0.037375447723834,next_close
MU,BUY,28.0,53.24092483520508,1490.7458953857422,3.7268647384643554,-1494.4727601242066,51961.28841810585,176.0,2020-03-02,2020-02-28,target_rebalance,0.0712294237544714,next_close
NVDA,BUY,337.0,6.875746726989746,2317.1266469955444,5.792816617488861,-2322.9194636130333,49638.36895449281,1918.0,2020-03-02,2020-02-28,target_rebalance,0.1,next_close
STM,BUY,160.0,26.429880142211914,4228.780822753906,10.571952056884767,-4239.352774810791,45399.016179682025,342.0,2020-03-02,2020-02-28,target_rebalance,0.0686610119641069,next_close
ETSY,BUY,130.0,58.84000015258789,7649.200019836426,19.123000049591067,-7668.3230198860165,37730.69315979601,130.0,2020-03-02,2020-02-28,target_rebalance,0.0580890155118037,next_close
Z,BUY,147.0,54.400001525878906,7996.800224304199,19.9920005607605,-8016.792224864959,29713.900934931047,147.0,2020-03-02,2020-02-28,target_rebalance,0.0609409416365707,next_close
ZG,BUY,158.0,54.619998931884766,8629.959831237793,21.574899578094485,-8651.534730815887,21062.366204115162,158.0,2020-03-02,2020-02-28,target_rebalance,0.0658117484299058,next_close
RNG,BUY,38.0,239.09605407714844,9085.65005493164,22.714125137329102,-9108.36418006897,11954.002024046193,38.0,2020-03-02,2020-02-28,target_rebalance,0.0701846448738297,next_close
MU,SELL,176.0,38.904205322265625,6847.14013671875,17.117850341796874,6830.022286376953,18784.024310423145,0.0,2020-04-01,2020-03-31,target_exit,,next_close
QRVO,SELL,49.0,74.58000183105469,3654.4200897216797,9.1360502243042,3645.2840394973755,22429.30834992052,0.0,2020-04-01,2020-03-31,target_exit,,next_close
STM,SELL,342.0,19.09499740600586,6530.489112854004,16.32622278213501,6514.162890071869,28943.47123999239,0.0,2020-04-01,2020-03-31,target_exit,,next_close
SWKS,SELL,31.0,70.20539093017578,2176.367118835449,5.440917797088623,2170.9262010383604,31114.39744103075,0.0,2020-04-01,2020-03-31,target_exit,,next_close
Z,SELL,147.0,31.440000534057617,4621.68007850647,11.554200196266175,4610.125878310204,35724.52331934095,0.0,2020-04-01,2020-03-31,target_exit,,next_close
ZG,SELL,158.0,30.040000915527344,4746.32014465332,11.865800361633301,4734.454344291687,40458.97766363264,0.0,2020-04-01,2020-03-31,target_exit,,next_close
TSLA,SELL,16.0,32.104000091552734,513.6640014648438,1.2841600036621095,512.3798414611816,40971.35750509382,239.0,2020-04-01,2020-03-31,target_rebalance,0.0749233393064461,next_close
RNG,SELL,3.0,209.97276306152344,629.9182891845703,1.5747957229614258,628.3434934616089,41599.70099855543,35.0,2020-04-01,2020-03-31,target_rebalance,0.0717207634302914,next_close
NVDA,SELL,300.0,6.0459699630737305,1813.7909889221191,4.534477472305298,1809.2565114498138,43408.957510005246,1618.0,2020-04-01,2020-03-31,target_rebalance,0.0958261969735189,next_close
ETSY,SELL,53.0,35.45000076293945,1878.850040435791,4.697125101089478,1874.1529153347014,45283.110425339946,77.0,2020-04-01,2020-03-31,target_rebalance,0.0266874641230885,next_close
AMD,SELL,52.0,43.65999984741211,2270.3199920654297,5.675799980163574,2264.6441920852662,47547.75461742521,194.0,2020-04-01,2020-03-31,target_rebalance,0.0826412081036074,next_close
LRCX,BUY,7.0,20.888593673706055,146.22015571594238,0.36555038928985595,-146.58570610523225,47401.16891131998,244.0,2020-04-01,2020-03-31,target_rebalance,0.05,next_close
DXCM,BUY,9.0,63.70249938964844,573.3224945068359,1.4333062362670899,-574.755800743103,46826.41311057688,104.0,2020-04-01,2020-03-31,target_rebalance,0.0653731795069314,next_close
SHOP,BUY,22.0,38.46699905395508,846.2739791870117,2.1156849479675293,-848.3896641349793,45978.023446441905,153.0,2020-04-01,2020-03-31,target_rebalance,0.0578002328529321,next_close
AAPL,BUY,36.0,58.15652847290039,2093.635025024414,5.234087562561036,-2098.869112586975,43879.15433385493,78.0,2020-04-01,2020-03-31,target_rebalance,0.0445626435844087,next_close
QGEN,BUY,150.0,40.05087661743164,6007.631492614746,15.019078731536865,-6022.650571346283,37856.50376250865,150.0,2020-04-01,2020-03-31,target_rebalance,0.0591032467418914,next_close
JD,BUY,178.0,35.84406661987305,6380.243858337402,15.950609645843507,-6396.194467983246,31460.309294525403,178.0,2020-04-01,2020-03-31,target_rebalance,0.0626195727943418,next_close
RGEN,BUY,73.0,94.33000183105469,6886.090133666992,17.21522533416748,-6903.30535900116,24557.003935524244,73.0,2020-04-01,2020-03-31,target_rebalance,0.0678931690442607,next_close
VEEV,BUY,46.0,153.50999450683594,7061.459747314453,17.653649368286132,-7079.113396682739,17477.890538841504,46.0,2020-04-01,2020-03-31,target_rebalance,0.0693163886154072,next_close
VRTX,BUY,34.0,225.47999572753906,7666.319854736328,19.16579963684082,-7685.485654373169,9792.404884468335,34.0,2020-04-01,2020-03-31,target_rebalance,0.0760467496595397,next_close
MRNA,BUY,270.0,29.670000076293945,8010.900020599365,20.027250051498413,-8030.927270650864,1761.4776138174711,270.0,2020-04-01,2020-03-31,target_rebalance,0.0785232354794629,next_close
AAPL,SELL,78.0,69.78251647949219,5443.036285400391,13.607590713500977,5429.42869468689,7190.906308504361,0.0,2020-05-01,2020-04-30,target_exit,,next_close
LRCX,SELL,244.0,21.98198699951172,5363.604827880859,13.409012069702149,5350.195815811157,12541.10212431552,0.0,2020-05-01,2020-04-30,target_exit,,next_close
JD,SELL,13.0,36.2558708190918,471.32632064819336,1.1783158016204833,470.14800484657286,13011.250129162092,165.0,2020-05-01,2020-04-30,target_rebalance,0.0471826785324092,next_close
DXCM,SELL,6.0,85.37999725341797,512.2799835205078,1.2806999588012695,510.99928356170653,13522.249412723799,98.0,2020-05-01,2020-04-30,target_rebalance,0.0653520162846326,next_close
NVDA,SELL,277.0,7.033692359924316,1948.3327836990356,4.870831959247589,1943.461951739788,15465.711364463587,1341.0,2020-05-01,2020-04-30,target_rebalance,0.0743998402026413,next_close
VRTX,SELL,9.0,254.89999389648438,2294.0999450683594,5.735249862670899,2288.3646952056883,17754.076059669274,25.0,2020-05-01,2020-04-30,target_rebalance,0.0497114565223048,next_close
RGEN,SELL,23.0,112.91000366210938,2596.9300842285156,6.492325210571289,2590.4377590179442,20344.513818687217,50.0,2020-05-01,2020-04-30,target_rebalance,0.0441259253351314,next_close
RNG,SELL,18.0,217.378173828125,3912.80712890625,9.782017822265626,3903.0251110839845,24247.538929771203,17.0,2020-05-01,2020-04-30,target_rebalance,0.0278227937021202,next_close
TSLA,SELL,89.0,46.75466537475586,4161.1652183532715,10.40291304588318,4150.7623053073885,28398.30123507859,150.0,2020-05-01,2020-04-30,target_rebalance,0.0550896392012038,next_close
AMD,SELL,84.0,49.880001068115234,4189.92008972168,10.4748002243042,4179.445289497376,32577.746524575967,110.0,2020-05-01,2020-04-30,target_rebalance,0.0430061433911191,next_close
VEEV,BUY,1.0,187.77000427246094,187.77000427246094,0.46942501068115233,-188.2394292831421,32389.507095292825,47.0,2020-05-01,2020-04-30,target_rebalance,0.0704137362387949,next_close
QGEN,BUY,7.0,41.494781494140625,290.4634704589844,0.726158676147461,-291.18962913513184,32098.317466157692,157.0,2020-05-01,2020-04-30,target_rebalance,0.0516624635424457,next_close
MRNA,BUY,36.0,47.93000030517578,1725.4800109863281,4.313700027465821,-1729.7937110137939,30368.5237551439,306.0,2020-05-01,2020-04-30,target_rebalance,0.1160616879531033,next_close
SHOP,BUY,33.0,61.36399841308594,2025.011947631836,5.06252986907959,-2030.0744775009155,28338.449277642983,186.0,2020-05-01,2020-04-30,target_rebalance,0.0904962587683535,next_close
ETSY,BUY,80.0,64.44499969482422,5155.5999755859375,12.888999938964844,-5168.488975524902,23169.96030211808,157.0,2020-05-01,2020-04-30,target_rebalance,0.0802840646612678,next_close
TSCO,BUY,465.0,18.417922973632812,8564.334182739258,21.410835456848144,-8585.745018196107,14584.215283921974,465.0,2020-05-01,2020-04-30,target_rebalance,0.0675704237336405,next_close
GOOGL,BUY,166.0,65.28707885742188,10837.655090332031,27.09413772583008,-10864.74922805786,3719.4660558641135,166.0,2020-05-01,2020-04-30,target_rebalance,0.0854924683977211,next_close
GOOGL,SELL,2.0,71.11293029785156,142.22586059570312,0.3555646514892578,141.87029594421386,3861.3363518083274,164.0,2020-06-01,2020-05-29,target_rebalance,0.0773136502952064,next_close
RNG,SELL,1.0,278.4353942871094,278.4353942871094,0.6960884857177735,277.7393058013916,4139.075657609719,16.0,2020-06-01,2020-05-29,target_rebalance,0.029441195299099,next_close
SHOP,SELL,8.0,75.80000305175781,606.4000244140625,1.5160000610351563,604.8840243530274,4743.959681962747,178.0,2020-06-01,2020-05-29,target_rebalance,0.0893844669300543,next_close
RGEN,SELL,7.0,129.9600067138672,909.7200469970703,2.274300117492676,907.4457468795777,5651.405428842325,43.0,2020-06-01,2020-05-29,target_rebalance,0.0364307331624703,next_close
DXCM,SELL,12.0,94.67500305175781,1136.1000366210938,2.8402500915527344,1133.259786529541,6784.665215371866,86.0,2020-06-01,2020-05-29,target_rebalance,0.0538862569578672,next_close
TSLA,SELL,45.0,59.87333297729492,2694.2999839782715,6.735749959945679,2687.564234018326,9472.229449390192,105.0,2020-06-01,2020-05-29,target_rebalance,0.0414842651628498,next_close
QGEN,SELL,63.0,43.48637008666992,2739.641315460205,6.849103288650513,2732.7922121715546,12205.021661561746,94.0,2020-06-01,2020-05-29,target_rebalance,0.0268680050750169,next_close
ETSY,SELL,36.0,78.58999633789062,2829.2398681640625,7.073099670410157,2822.1667684936524,15027.1884300554,121.0,2020-06-01,2020-05-29,target_rebalance,0.0630902327222837,next_close
TSCO,SELL,151.0,22.20024299621582,3352.236692428589,8.380591731071473,3343.8561006975174,18371.044530752915,314.0,2020-06-01,2020-05-29,target_rebalance,0.0461284455632802,next_close
MRNA,SELL,70.0,62.18000030517578,4352.600021362305,10.881500053405762,4341.718521308899,22712.763052061815,236.0,2020-06-01,2020-05-29,target_rebalance,0.0971082522529658,next_close
AMD,BUY,24.0,53.630001068115234,1287.1200256347656,3.217800064086914,-1290.3378256988526,21422.42522636296,134.0,2020-06-01,2020-05-29,target_rebalance,0.0479374411899415,next_close
VRTX,BUY,5.0,286.6400146484375,1433.2000732421875,3.5830001831054688,-1436.783073425293,19985.642152937668,30.0,2020-06-01,2020-05-29,target_rebalance,0.0586758944085301,next_close
NVDA,BUY,198.0,8.761643409729004,1734.8053951263428,4.337013487815857,-1739.1424086141587,18246.499744323508,1539.0,2020-06-01,2020-05-29,target_rebalance,0.0895261687952761,next_close
VEEV,BUY,21.0,218.9600067138672,4598.160140991211,11.495400352478027,-4609.655541343689,13636.844202979819,68.0,2020-06-01,2020-05-29,target_rebalance,0.0992669736120873,next_close
JD,BUY,193.0,47.952720642089844,9254.87508392334,23.13718770980835,-9278.012271633148,4358.831931346671,358.0,2020-06-01,2020-05-29,target_rebalance,0.1140194255149906,next_close
AMD,SELL,134.0,52.58000183105469,7045.720245361328,17.61430061340332,7028.105944747925,11386.937876094595,0.0,2020-07-01,2020-06-30,target_exit,,next_close
QGEN,SELL,94.0,42.5304069519043,3997.858253479004,9.99464563369751,3987.8636078453064,15374.8014839399,0.0,2020-07-01,2020-06-30,target_exit,,next_close
SHOP,SELL,10.0,101.66400146484375,1016.6400146484375,2.541600036621094,1014.0984146118165,16388.899898551717,168.0,2020-07-01,2020-06-30,target_rebalance,0.1030081778420102,next_close
RNG,SELL,5.0,289.34918212890625,1446.7459106445312,3.616864776611328,1443.12904586792,17832.02894441964,11.0,2020-07-01,2020-06-30,target_rebalance,0.0181318480878592,next_close
DXCM,SELL,27.0,100.05249786376953,2701.4174423217773,6.753543605804444,2694.663898715973,20526.692843135614,59.0,2020-07-01,2020-06-30,target_rebalance,0.0352756614580527,next_close
TSCO,SELL,144.0,24.013763427734375,3457.98193359375,8.644954833984375,3449.3369787597658,23976.02982189538,170.0,2020-07-01,2020-06-30,target_rebalance,0.0245565133421485,next_close
RGEN,SELL,40.0,124.19000244140625,4967.60009765625,12.419000244140625,4955.181097412109,28931.210919307487,3.0,2020-07-01,2020-06-30,target_rebalance,0.0020562059199055,next_close
JD,SELL,190.0,52.570133209228516,9988.325309753418,24.970813274383545,9963.354496479034,38894.56541578652,168.0,2020-07-01,2020-06-30,target_rebalance,0.0531115623247055,next_close
VEEV,SELL,49.0,242.22000122070312,11868.780059814453,29.671950149536134,11839.108109664918,50733.673525451435,19.0,2020-07-01,2020-06-30,target_rebalance,0.0276895741039,next_close
VRTX,BUY,2.0,286.2799987792969,572.5599975585938,1.4313999938964843,-573.9913975524902,50159.682127898945,32.0,2020-07-01,2020-06-30,target_rebalance,0.0567330969228393,next_close
MRNA,BUY,16.0,61.59000015258789,985.4400024414062,2.4636000061035155,-987.9036024475098,49171.77852545144,252.0,2020-07-01,2020-06-30,target_rebalance,0.0937246019455537,next_close
GOOGL,BUY,27.0,71.46629333496094,1929.5899200439453,4.8239748001098635,-1934.4138948440552,47237.364630607386,191.0,2020-07-01,2020-06-30,target_rebalance,0.082632670604471,next_close
ETSY,BUY,37.0,111.20999908447266,4114.769966125488,10.28692491531372,-4125.056891040802,43112.30773956658,158.0,2020-07-01,2020-06-30,target_rebalance,0.1064730840750696,next_close
PDD,BUY,84.0,85.44999694824219,7177.799743652344,17.94449935913086,-7195.744243011474,35916.56349655511,84.0,2020-07-01,2020-06-30,target_rebalance,0.0436543699690363,next_close
TSLA,BUY,111.0,74.64199829101562,8285.261810302734,20.713154525756835,-8305.97496482849,27610.588531726615,216.0,2020-07-01,2020-06-30,target_rebalance,0.0973522783989761,next_close
SE,BUY,128.0,114.45999908447266,14650.8798828125,36.62719970703125,-14687.50708251953,12923.081449207084,128.0,2020-07-01,2020-06-30,target_rebalance,0.0886907244783358,next_close
GOOGL,SELL,191.0,73.48636627197266,14035.895957946777,35.089739894866945,14000.80621805191,26923.887667258994,0.0,2020-08-03,2020-07-31,target_exit,,next_close
VRTX,SELL,32.0,279.5199890136719,8944.6396484375,22.36159912109375,8922.278049316406,35846.1657165754,0.0,2020-08-03,2020-07-31,target_exit,,next_close
JD,SELL,9.0,56.53917694091797,508.8525924682617,1.2721314811706543,507.58046098709104,36353.74617756249,159.0,2020-08-03,2020-07-31,target_rebalance,0.0480353142276674,next_close
RNG,SELL,4.0,304.349365234375,1217.3974609375,3.04349365234375,1214.3539672851562,37568.100144847645,7.0,2020-08-03,2020-07-31,target_rebalance,0.0109955703378085,next_close
DXCM,SELL,18.0,110.9175033569336,1996.5150604248047,4.991287651062012,1991.5237727737426,39559.623917621386,41.0,2020-08-03,2020-07-31,target_rebalance,0.0239665404435661,next_close
MRNA,SELL,50.0,77.9800033569336,3899.0001678466797,9.7475004196167,3889.252667427063,43448.87658504845,202.0,2020-08-03,2020-07-31,target_rebalance,0.0842416084028627,next_close
TSLA,SELL,54.0,99.0,5346.0,13.365,5332.635,48781.51158504845,162.0,2020-08-03,2020-07-31,target_rebalance,0.0854645901545211,next_close
ETSY,SELL,63.0,126.62000274658203,7977.060173034668,19.94265043258667,7957.117522602081,56738.62910765053,95.0,2020-08-03,2020-07-31,target_rebalance,0.0644896090382798,next_close
SHOP,SELL,77.0,108.30500030517578,8339.485023498535,20.84871255874634,8318.636310939788,65057.265418590316,91.0,2020-08-03,2020-07-31,target_rebalance,0.0527009693539659,next_close
TSCO,BUY,33.0,26.681560516357422,880.4914970397949,2.201228742599487,-882.6927257823944,64174.572692807924,203.0,2020-08-03,2020-07-31,target_rebalance,0.0290537625286795,next_close
SE,BUY,13.0,132.75,1725.75,4.314375,-1730.064375,62444.50831780792,141.0,2020-08-03,2020-07-31,target_rebalance,0.1008197282722752,next_close
VEEV,BUY,9.0,268.05999755859375,2412.5399780273438,6.031349945068359,-2418.5713279724123,60025.93698983551,28.0,2020-08-03,2020-07-31,target_rebalance,0.0403142948578436,next_close
NVDA,BUY,267.0,10.959480285644531,2926.18123626709,7.315453090667725,-2933.4966893577575,57092.44030047775,1806.0,2020-08-03,2020-07-31,target_rebalance,0.1061391335809419,next_close
PDD,BUY,50.0,96.02999877929688,4801.499938964844,12.00374984741211,-4813.503688812256,52278.93661166549,134.0,2020-08-03,2020-07-31,target_rebalance,0.0691257683480894,next_close
RGEN,BUY,37.0,158.27000427246094,5855.990158081055,14.639975395202637,-5870.6301334762575,46408.30647818923,40.0,2020-08-03,2020-07-31,target_rebalance,0.0344746387821746,next_close
DOCU,BUY,33.0,226.27999877929688,7467.239959716797,18.66809989929199,-7485.908059616089,38922.39841857314,33.0,2020-08-03,2020-07-31,target_rebalance,0.0405592136551283,next_close
AMD,BUY,239.0,77.66999816894531,18563.12956237793,46.407823905944824,-18609.537386283875,20312.861032289264,239.0,2020-08-03,2020-07-31,target_rebalance,0.0997505901027514,next_close
DXCM,SELL,41.0,105.54750061035156,4327.447525024414,10.818618812561036,4316.628906211853,24629.489938501116,0.0,2020-09-01,2020-08-31,target_exit,,next_close
MRNA,SELL,202.0,63.31999969482422,12790.639938354492,31.97659984588623,12758.663338508606,37388.153277009726,0.0,2020-09-01,2020-08-31,target_exit,,next_close
RNG,SELL,7.0,309.1733703613281,2164.213592529297,5.410533981323242,2158.8030585479737,39546.9563355577,0.0,2020-09-01,2020-08-31,target_exit,,next_close
VEEV,SELL,2.0,294.0799865722656,588.1599731445312,1.4703999328613282,586.6895732116699,40133.645908769366,26.0,2020-09-01,2020-08-31,target_rebalance,0.0357550085981318,next_close
RGEN,SELL,6.0,155.16000366210938,930.9600219726562,2.3274000549316405,928.6326219177246,41062.278530687094,34.0,2020-09-01,2020-08-31,target_rebalance,0.0249254908989112,next_close
SHOP,SELL,16.0,113.43199920654297,1814.9119873046875,4.537279968261719,1810.3747073364257,42872.65323802352,75.0,2020-09-01,2020-08-31,target_rebalance,0.040353977496576,next_close
SE,SELL,12.0,161.8000030517578,1941.6000366210938,4.854000091552734,1936.746036529541,44809.39927455306,129.0,2020-09-01,2020-08-31,target_rebalance,0.0989772621511485,next_close
AMD,SELL,30.0,92.18000030517578,2765.4000091552734,6.913500022888184,2758.4865091323854,47567.88578368545,209.0,2020-09-01,2020-08-31,target_rebalance,0.0915192860638128,next_close
NVDA,SELL,287.0,13.761388778686523,3949.518579483032,9.87379644870758,3939.6447830343245,51507.530566719775,1519.0,2020-09-01,2020-08-31,target_rebalance,0.0996694298232533,next_close
ETSY,SELL,32.0,125.05000305175781,4001.60009765625,10.004000244140625,3991.5960974121094,55499.12666413189,63.0,2020-09-01,2020-08-31,target_rebalance,0.0374393559977185,next_close
PDD,SELL,68.0,91.36000061035156,6212.480041503906,15.531200103759765,6196.948841400146,61696.07550553203,66.0,2020-09-01,2020-08-31,target_rebalance,0.0284499935554684,next_close
TSLA,BUY,3.0,158.35000610351562,475.0500183105469,1.1876250457763673,-476.23764335632325,61219.83786217571,165.0,2020-09-01,2020-08-31,target_rebalance,0.1247548643974817,next_close
DOCU,BUY,4.0,268.79998779296875,1075.199951171875,2.6879998779296876,-1077.8879510498048,60141.9499111259,37.0,2020-09-01,2020-08-31,target_rebalance,0.0486212634704744,next_close
TSCO,BUY,54.0,27.042156219482422,1460.2764358520508,3.650691089630127,-1463.9271269416809,58678.02278418422,257.0,2020-09-01,2020-08-31,target_rebalance,0.0331807529439679,next_close
JD,BUY,39.0,72.2751693725586,2818.731605529785,7.046829013824463,-2825.77843454361,55852.24434964061,198.0,2020-09-01,2020-08-31,target_rebalance,0.0685619705815628,next_close
ZM,BUY,27.0,457.69000244140625,12357.630065917969,30.894075164794923,-12388.524141082764,43463.72020855785,27.0,2020-09-01,2020-08-31,target_rebalance,0.0589800599085582,next_close
RUN,BUY,274.0,58.27000045776367,15965.980125427246,39.91495031356811,-16005.895075740815,27457.82513281703,274.0,2020-09-01,2020-08-31,target_rebalance,0.0763411707361463,next_close
META,BUY,58.0,292.86822509765625,16986.357055664062,42.46589263916016,-17028.822948303223,10429.002184513807,58.0,2020-09-01,2020-08-31,target_rebalance,0.0819298132669848,next_close
PDD,SELL,66.0,74.43000030517578,4912.380020141602,12.280950050354004,4900.099070091248,15329.101254605055,0.0,2020-10-01,2020-09-30,target_exit,,next_close
SHOP,SELL,75.0,105.44300079345703,7908.225059509277,19.770562648773193,7888.454496860504,23217.55575146556,0.0,2020-10-01,2020-09-30,target_exit,,next_close
VEEV,SELL,4.0,277.0400085449219,1108.1600341796875,2.770400085449219,1105.3896340942383,24322.945385559797,22.0,2020-10-01,2020-09-30,target_rebalance,0.0285846681423088,next_close
JD,SELL,25.0,68.84058380126953,1721.0145950317383,4.302536487579346,1716.712058544159,26039.657444103956,173.0,2020-10-01,2020-09-30,target_rebalance,0.0575398188723047,next_close
DOCU,SELL,14.0,222.25999450683594,3111.639923095703,7.779099807739258,3103.8608232879637,29143.51826739192,23.0,2020-10-01,2020-09-30,target_rebalance,0.0247013061841755,next_close
TSLA,SELL,27.0,149.3866729736328,4033.440170288086,10.083600425720215,4023.3565698623656,33166.87483725428,138.0,2020-10-01,2020-09-30,target_rebalance,0.0994472549022607,next_close
NVDA,SELL,393.0,13.555778503417969,5327.420951843262,13.318552379608155,5314.1023994636535,38480.97723671794,1126.0,2020-10-01,2020-09-30,target_rebalance,0.0740195007416864,next_close
SE,SELL,37.0,160.0,5920.0,14.8,5905.2,44386.17723671794,92.0,2020-10-01,2020-09-30,target_rebalance,0.0707761533984797,next_close
AMD,SELL,104.0,84.86000061035156,8825.440063476562,22.063600158691408,8803.37646331787,53189.55370003581,105.0,2020-10-01,2020-09-30,target_rebalance,0.043068583209399,next_close
TSCO,BUY,6.0,25.777332305908203,154.66399383544922,0.38665998458862305,-155.05065382003784,53034.503046215774,263.0,2020-10-01,2020-09-30,target_rebalance,0.0329816599203359,next_close
RGEN,BUY,2.0,149.6300048828125,299.260009765625,0.7481500244140625,-300.0081597900391,52734.49488642573,36.0,2020-10-01,2020-09-30,target_rebalance,0.0264421022444254,next_close
META,BUY,3.0,264.3089904785156,792.9269714355469,1.9823174285888672,-794.9092888641358,51939.58559756159,61.0,2020-10-01,2020-09-30,target_rebalance,0.078992267305269,next_close
ETSY,BUY,18.0,131.69000244140625,2370.4200439453125,5.926050109863281,-2376.346094055176,49563.23950350642,81.0,2020-10-01,2020-09-30,target_rebalance,0.052047472181386,next_close
RUN,BUY,77.0,79.97000122070312,6157.690093994141,15.394225234985353,-6173.084319229126,43390.15518427729,351.0,2020-10-01,2020-09-30,target_rebalance,0.1364042690679175,next_close
ZM,BUY,23.0,482.989990234375,11108.769775390625,27.771924438476564,-11136.541699829102,32253.613484448186,50.0,2020-10-01,2020-09-30,target_rebalance,0.1172608203945528,next_close
DDOG,BUY,123.0,103.51000213623047,12731.730262756348,31.82932565689087,-12763.559588413238,19490.053896034948,123.0,2020-10-01,2020-09-30,target_rebalance,0.0618342478680597,next_close
ENPH,BUY,214.0,89.51000213623047,19155.14045715332,47.8878511428833,-19203.028308296205,287.0255877387426,214.0,2020-10-01,2020-09-30,target_rebalance,0.0929323259217933,next_close
AMD,SELL,105.0,74.69999694824219,7843.49967956543,19.608749198913575,7823.890930366516,8110.916518105259,0.0,2020-11-02,2020-10-30,target_exit,,next_close
DDOG,SELL,123.0,88.33000183105469,10864.590225219727,27.16147556304932,10837.428749656678,18948.345267761935,0.0,2020-11-02,2020-10-30,target_exit,,next_close
DOCU,SELL,23.0,201.55999755859375,4635.879943847656,11.589699859619142,4624.290243988037,23572.635511749973,0.0,2020-11-02,2020-10-30,target_exit,,next_close
META,SELL,61.0,259.0848388671875,15804.175170898438,39.510437927246095,15764.664732971192,39337.30024472116,0.0,2020-11-02,2020-10-30,target_exit,,next_close
TSCO,SELL,263.0,24.2076473236084,6366.611246109009,15.916528115272522,6350.694717993736,45687.994962714896,0.0,2020-11-02,2020-10-30,target_exit,,next_close
NVDA,SELL,82.0,12.526487350463867,1027.171962738037,2.5679299068450927,1024.604032831192,46712.59899554609,1044.0,2020-11-02,2020-10-30,target_rebalance,0.0682245261442351,next_close
ETSY,SELL,15.0,126.44000244140625,1896.6000366210938,4.7415000915527346,1891.858536529541,48604.457532075634,66.0,2020-11-02,2020-10-30,target_rebalance,0.0435143828879611,next_close
ENPH,SELL,45.0,103.83000183105469,4672.350082397461,11.680875205993653,4660.669207191468,53265.1267392671,169.0,2020-11-02,2020-10-30,target_rebalance,0.0912406305421967,next_close
ZM,SELL,13.0,453.0,5889.0,14.7225,5874.2775,59139.404239267096,37.0,2020-11-02,2020-10-30,target_rebalance,0.085420309140663,next_close
TSLA,SELL,66.0,133.50332641601562,8811.219543457031,22.028048858642578,8789.191494598388,67928.59573386548,72.0,2020-11-02,2020-10-30,target_rebalance,0.0496367037747586,next_close
RUN,SELL,233.0,54.18000030517578,12623.940071105957,31.559850177764893,12592.380220928193,80520.97595479368,118.0,2020-11-02,2020-10-30,target_rebalance,0.0331227610959201,next_close
VEEV,BUY,5.0,268.0400085449219,1340.2000427246094,3.3505001068115234,-1343.550542831421,79177.42541196226,27.0,2020-11-02,2020-10-30,target_rebalance,0.0388691590063377,next_close
JD,BUY,27.0,72.126220703125,1947.407958984375,4.868519897460938,-1952.2764788818358,77225.14893308043,200.0,2020-11-02,2020-10-30,target_rebalance,0.0756768911804073,next_close
RGEN,BUY,25.0,170.13999938964844,4253.499984741211,10.633749961853027,-4264.133734703064,72961.01519837737,61.0,2020-11-02,2020-10-30,target_rebalance,0.0542527199249192,next_close
SE,BUY,33.0,159.6699981689453,5269.109939575195,13.172774848937989,-5282.282714424134,67678.73248395324,125.0,2020-11-02,2020-10-30,target_rebalance,0.1042075456877797,next_close
DAR,BUY,249.0,43.84000015258789,10916.160037994385,27.290400094985962,-10943.45043808937,56735.28204586387,249.0,2020-11-02,2020-10-30,target_rebalance,0.0572023840330649,next_close
ALGN,BUY,27.0,458.44000244140625,12377.880065917969,30.944700164794924,-12408.824766082764,44326.457279781105,27.0,2020-11-02,2020-10-30,target_rebalance,0.0665805423474048,next_close
GOOGL,BUY,164.0,80.5021743774414,13202.35659790039,33.005891494750976,-13235.362489395142,31091.094790385963,164.0,2020-11-02,2020-10-30,target_rebalance,0.0692782367543804,next_close
PWR,BUY,218.0,65.79309844970703,14342.895462036133,35.857238655090335,-14378.752700691222,16712.342089694743,218.0,2020-11-02,2020-10-30,target_rebalance,0.0749905226039266,next_close
GOOG,BUY,200.0,80.5909423828125,16118.1884765625,40.29547119140625,-16158.483947753906,553.8581419408365,200.0,2020-11-02,2020-10-30,target_rebalance,0.0844530301288872,next_close
NVDA,SELL,1044.0,13.332244873046875,13918.863647460938,34.797159118652345,13884.066488342285,14437.924630283122,0.0,2020-12-01,2020-11-30,target_exit,,next_close
VEEV,SELL,27.0,284.20001220703125,7673.400329589844,19.183500823974608,7654.216828765869,22092.14145904899,0.0,2020-12-01,2020-11-30,target_exit,,next_close
DAR,SELL,11.0,47.849998474121094,526.349983215332,1.3158749580383302,525.0341082572937,22617.175567306283,238.0,2020-12-01,2020-11-30,target_rebalance,0.0535862400079466,next_close
ZM,SELL,3.0,406.30999755859375,1218.9299926757812,3.047324981689453,1215.8826676940919,23833.058235000375,34.0,2020-12-01,2020-11-30,target_rebalance,0.0637098297887966,next_close
GOOGL,SELL,20.0,88.97899627685547,1779.5799255371094,4.448949813842773,1775.1309757232666,25608.18921072364,144.0,2020-12-01,2020-11-30,target_rebalance,0.0600223241920772,next_close
ENPH,SELL,14.0,128.85000610351562,1803.9000854492188,4.509750213623047,1799.3903352355958,27407.579545959237,155.0,2020-12-01,2020-11-30,target_rebalance,0.0937654123276166,next_close
GOOG,SELL,33.0,89.11925506591797,2940.935417175293,7.352338542938233,2933.583078632355,30341.16262459159,167.0,2020-12-01,2020-11-30,target_rebalance,0.0700578321894882,next_close
ALGN,SELL,7.0,500.1000061035156,3500.7000427246094,8.751750106811524,3491.948292617798,33833.110917209386,20.0,2020-12-01,2020-11-30,target_rebalance,0.0458896028787966,next_close
RGEN,SELL,32.0,193.86000061035156,6203.52001953125,15.508800048828125,6188.011219482421,40021.1221366918,29.0,2020-12-01,2020-11-30,target_rebalance,0.0257292952421472,next_close
PWR,SELL,109.0,69.26838684082031,7550.254165649414,18.875635414123536,7531.378530235291,47552.500666927095,109.0,2020-12-01,2020-11-30,target_rebalance,0.0353980705780878,next_close
JD,SELL,121.0,74.7897720336914,9049.56241607666,22.623906040191653,9026.938510036469,56579.43917696356,79.0,2020-12-01,2020-11-30,target_rebalance,0.0275653827269325,next_close
SE,BUY,4.0,177.3800048828125,709.52001953125,1.7738000488281251,-711.2938195800781,55868.14535738348,129.0,2020-12-01,2020-11-30,target_rebalance,0.1081786836439978,next_close
RUN,BUY,57.0,62.4900016784668,3561.9300956726074,8.904825239181518,-3570.834920911789,52297.31043647169,175.0,2020-12-01,2020-11-30,target_rebalance,0.05150721605736,next_close
TSLA,BUY,20.0,194.9199981689453,3898.3999633789062,9.745999908447265,-3908.1459632873534,48389.16447318434,92.0,2020-12-01,2020-11-30,target_rebalance,0.0851223020149281,next_close
ETSY,BUY,41.0,154.6699981689453,6341.469924926758,15.853674812316894,-6357.323599739075,42031.84087344527,107.0,2020-12-01,2020-11-30,target_rebalance,0.0785059323124823,next_close
LRCX,BUY,391.0,44.08414840698242,17236.902027130127,43.09225506782532,-17279.994282197953,24751.846591247315,391.0,2020-12-01,2020-11-30,target_rebalance,0.0811664322356403,next_close
PDD,BUY,173.0,136.5399932861328,23621.418838500977,59.053547096252444,-23680.47238559723,1071.374205650085,173.0,2020-12-01,2020-11-30,target_rebalance,0.111712731383972,next_close
RUN,SELL,175.0,69.9800033569336,12246.500587463379,30.616251468658447,12215.88433599472,13287.258541644806,0.0,2021-01-04,2020-12-31,target_exit,,next_close
ZM,SELL,34.0,359.9800109863281,12239.320373535156,30.59830093383789,12208.722072601318,25495.980614246124,0.0,2021-01-04,2020-12-31,target_exit,,next_close
TSLA,SELL,4.0,243.2566680908203,973.0266723632812,2.432566680908203,970.5941056823731,26466.574719928496,88.0,2021-01-04,2020-12-31,target_rebalance,0.0911950104791387,next_close
ETSY,SELL,56.0,172.0800018310547,9636.480102539062,24.09120025634766,9612.388902282715,36078.96362221121,51.0,2021-01-04,2020-12-31,target_rebalance,0.0369204099933341,next_close
SE,SELL,74.0,196.05999755859375,14508.439819335938,36.27109954833985,14472.168719787598,50551.132341998804,55.0,2021-01-04,2020-12-31,target_rebalance,0.0456476241001375,next_close
LRCX,BUY,7.0,45.177146911621094,316.24002838134766,0.7906000709533691,-317.030628452301,50234.1017135465,398.0,2021-01-04,2020-12-31,target_rebalance,0.0767745849188632,next_close
ENPH,BUY,2.0,172.24000549316406,344.4800109863281,0.8612000274658204,-345.34121101379395,49888.76050253271,157.0,2021-01-04,2020-12-31,target_rebalance,0.115677745411107,next_close
RGEN,BUY,3.0,190.66000366210938,571.9800109863281,1.4299500274658203,-573.4099610137939,49315.350541518914,32.0,2021-01-04,2020-12-31,target_rebalance,0.0261178711092782,next_close
GOOGL,BUY,13.0,85.54794311523438,1112.1232604980469,2.780308151245117,-1114.903568649292,48200.44697286962,157.0,2021-01-04,2020-12-31,target_rebalance,0.0576485629506074,next_close
ALGN,BUY,2.0,526.4600219726562,1052.9200439453125,2.6323001098632814,-1055.5523440551758,47144.89462881444,22.0,2021-01-04,2020-12-31,target_rebalance,0.0515838129505899,next_close
JD,BUY,23.0,75.63965606689453,1739.7120895385742,4.349280223846436,-1744.0613697624206,45400.83325905202,102.0,2021-01-04,2020-12-31,target_rebalance,0.0331399153989695,next_close
PWR,BUY,40.0,67.63233947753906,2705.2935791015625,6.763233947753906,-2712.0568130493166,42688.7764460027,149.0,2021-01-04,2020-12-31,target_rebalance,0.0430689947155427,next_close
DAR,BUY,60.0,56.93000030517578,3415.800018310547,8.539500045776368,-3424.3395183563234,39264.43692764638,298.0,2021-01-04,2020-12-31,target_rebalance,0.0726157894691992,next_close
PDD,BUY,37.0,166.77999877929688,6170.859954833984,15.427149887084962,-6186.287104721069,33078.149822925305,210.0,2021-01-04,2020-12-31,target_rebalance,0.15,next_close
FRHC,BUY,299.0,49.970001220703125,14941.030364990234,37.35257591247559,-14978.38294090271,18099.766882022595,299.0,2021-01-04,2020-12-31,target_rebalance,0.0638536541926115,next_close
MU,BUY,230.0,72.22001647949219,16610.603790283203,41.52650947570801,-16652.130299758912,1447.6365822636835,230.0,2021-01-04,2020-12-31,target_rebalance,0.0710407486912336,next_close
JD,SELL,102.0,79.96793365478516,8156.729232788086,20.391823081970216,8136.337409706116,9583.9739919698,0.0,2021-02-01,2021-01-29,target_exit,,next_close
PWR,SELL,149.0,72.22042846679688,10760.843841552734,26.902109603881836,10733.941731948853,20317.915723918653,0.0,2021-02-01,2021-01-29,target_exit,,next_close
TSLA,SELL,1.0,279.9366760253906,279.9366760253906,0.6998416900634766,279.23683433532716,20597.15255825398,87.0,2021-02-01,2021-01-29,target_rebalance,0.0953879123114447,next_close
LRCX,SELL,42.0,47.39149475097656,1990.4427795410156,4.976106948852539,1985.4666725921631,22582.619230846143,356.0,2021-02-01,2021-01-29,target_rebalance,0.0661485763970718,next_close
ALGN,SELL,5.0,543.0499877929688,2715.2499389648438,6.788124847412109,2708.4618141174315,25291.081044963576,17.0,2021-02-01,2021-01-29,target_rebalance,0.0347320672643243,next_close
FRHC,SELL,60.0,51.81999969482422,3109.199981689453,7.772999954223633,3101.4269817352297,28392.508026698804,239.0,2021-02-01,2021-01-29,target_rebalance,0.0484116410739686,next_close
DAR,SELL,118.0,65.12999725341797,7685.33967590332,19.2133491897583,7666.126326713562,36058.634353412366,180.0,2021-02-01,2021-01-29,target_rebalance,0.045914192385731,next_close
PDD,SELL,51.0,173.9600067138672,8871.960342407227,22.179900856018065,8849.78044155121,44908.41479496357,159.0,2021-02-01,2021-01-29,target_rebalance,0.1079432148364977,next_close
ENPH,SELL,54.0,186.33999633789062,10062.359802246094,25.155899505615235,10037.203902740479,54945.61869770405,103.0,2021-02-01,2021-01-29,target_rebalance,0.0753124871569244,next_close
RGEN,BUY,2.0,206.41000366210938,412.82000732421875,1.032050018310547,-413.8520573425293,54531.76664036152,34.0,2021-02-01,2021-01-29,target_rebalance,0.0275729834479213,next_close
SE,BUY,3.0,233.52999877929688,700.5899963378906,1.7514749908447267,-702.3414713287353,53829.42516903279,58.0,2021-02-01,2021-01-29,target_rebalance,0.0533127547981774,next_close
ETSY,BUY,20.0,203.77000427246094,4075.4000854492188,10.188500213623048,-4085.588585662842,49743.83658336994,71.0,2021-02-01,2021-01-29,target_rebalance,0.056991518752058,next_close
GOOGL,BUY,61.0,93.82157135009766,5723.115852355957,14.307789630889893,-5737.423641986847,44006.412941383096,218.0,2021-02-01,2021-01-29,target_rebalance,0.0804078055277584,next_close
GOOG,BUY,68.0,94.23663330078125,6408.091064453125,16.020227661132814,-6424.111292114258,37582.30164926884,235.0,2021-02-01,2021-01-29,target_rebalance,0.0870722586522236,next_close
AMAT,BUY,182.0,96.68233489990234,17596.184951782227,43.990462379455565,-17640.175414161684,19942.126235107156,182.0,2021-02-01,2021-01-29,target_rebalance,0.0692183694130991,next_close
UI,BUY,64.0,303.1732482910156,19403.087890625,48.5077197265625,-19451.595610351564,490.5306247555927,64.0,2021-02-01,2021-01-29,target_rebalance,0.0769381563797912,next_close
DAR,SELL,16.0,64.05999755859375,1024.9599609375,2.56239990234375,1022.3975610351563,1512.928185790749,164.0,2021-03-01,2021-02-26,target_rebalance,0.0382368785222621,next_close
SE,SELL,6.0,248.50999450683594,1491.0599670410156,3.7276499176025393,1487.332317123413,3000.2605029141623,52.0,2021-03-01,2021-02-26,target_rebalance,0.0471577106283637,next_close
ENPH,SELL,11.0,186.4499969482422,2050.949966430664,5.12737491607666,2045.8225915145874,5046.08309442875,92.0,2021-03-01,2021-02-26,target_rebalance,0.0624690279618079,next_close
GOOGL,SELL,27.0,102.57345581054688,2769.4833068847656,6.923708267211914,2762.5595986175535,7808.642693046304,191.0,2021-03-01,2021-02-26,target_rebalance,0.071325339891838,next_close
GOOG,SELL,28.0,103.1659164428711,2888.6456604003906,7.221614151000977,2881.4240462493894,10690.066739295693,207.0,2021-03-01,2021-02-26,target_rebalance,0.0777722349579337,next_close
UI,SELL,19.0,320.52490234375,6089.97314453125,15.224932861328126,6074.748211669922,16764.814950965614,45.0,2021-03-01,2021-02-26,target_rebalance,0.0520208263525778,next_close
TSLA,SELL,52.0,239.47666931152344,12452.786804199219,31.131967010498048,12421.65483718872,29186.469788154332,35.0,2021-03-01,2021-02-26,target_rebalance,0.0299443289074151,next_close
PDD,SELL,77.0,186.14999389648438,14333.549530029297,35.83387382507324,14297.715656204224,43484.185444358554,82.0,2021-03-01,2021-02-26,target_rebalance,0.0551958263559851,next_close
LRCX,BUY,50.0,56.592872619628906,2829.6436309814453,7.074109077453613,-2836.717740058899,40647.467704299655,406.0,2021-03-01,2021-02-26,target_rebalance,0.0840417303619393,next_close
MU,BUY,48.0,92.418212890625,4436.07421875,11.090185546875,-4447.164404296875,36200.30330000278,278.0,2021-03-01,2021-02-26,target_rebalance,0.0941476207539618,next_close
RGEN,BUY,20.0,221.72999572753906,4434.599914550781,11.086499786376953,-4445.686414337159,31754.616885665622,54.0,2021-03-01,2021-02-26,target_rebalance,0.044274964027435,next_close
FRHC,BUY,85.0,56.04999923706055,4764.2499351501465,11.910624837875366,-4776.160559988022,26978.456325677602,324.0,2021-03-01,2021-02-26,target_rebalance,0.0664138868209553,next_close
ALGN,BUY,11.0,565.1099853515625,6216.2098388671875,15.54052459716797,-6231.750363464355,20746.705962213247,28.0,2021-03-01,2021-02-26,target_rebalance,0.0592028100191788,next_close
AMAT,BUY,77.0,117.00273895263672,9009.210899353027,22.52302724838257,-9031.73392660141,11714.972035611838,259.0,2021-03-01,2021-02-26,target_rebalance,0.1108589011314921,next_close
ETSY,BUY,43.0,244.5800018310547,10516.940078735352,26.29235019683838,-10543.23242893219,1171.7396066796482,114.0,2021-03-01,2021-02-26,target_rebalance,0.1026630246728318,next_close
ALGN,SELL,28.0,545.0499877929688,15261.399658203125,38.153499145507816,15223.246159057617,16394.985765737263,0.0,2021-04-01,2021-03-31,target_exit,,next_close
ENPH,SELL,92.0,162.69000244140625,14967.480224609375,37.41870056152344,14930.061524047851,31325.047289785114,0.0,2021-04-01,2021-03-31,target_exit,,next_close
FRHC,SELL,324.0,56.61000061035156,18341.640197753906,45.85410049438477,18295.786097259523,49620.83338704464,0.0,2021-04-01,2021-03-31,target_exit,,next_close
PDD,SELL,82.0,143.92999267578125,11802.259399414062,29.505648498535155,11772.753750915528,61393.58713796017,0.0,2021-04-01,2021-03-31,target_exit,,next_close
RGEN,SELL,54.0,195.44000244140625,10553.760131835938,26.384400329589845,10527.375731506349,71920.96286946652,0.0,2021-04-01,2021-03-31,target_exit,,next_close
TSLA,SELL,35.0,220.5833282470703,7720.416488647461,19.301041221618654,7701.115447425842,79622.07831689235,0.0,2021-04-01,2021-03-31,target_exit,,next_close
GOOGL,SELL,3.0,105.55303192138672,316.65909576416016,0.7916477394104005,315.86744802474976,79937.9457649171,188.0,2021-04-01,2021-03-31,target_rebalance,0.074186338588474,next_close
SE,SELL,2.0,236.4499969482422,472.8999938964844,1.182249984741211,471.7177439117432,80409.66350882883,50.0,2021-04-01,2021-03-31,target_rebalance,0.0439387306617413,next_close
LRCX,SELL,29.0,60.56623458862305,1756.4208030700684,4.391052007675171,1752.0297510623932,82161.69325989122,377.0,2021-04-01,2021-03-31,target_rebalance,0.0855352615326289,next_close
UI,SELL,7.0,274.63934326171875,1922.4754028320312,4.806188507080078,1917.669214324951,84079.36247421618,38.0,2021-04-01,2021-03-31,target_rebalance,0.0389335488919648,next_close
GOOG,SELL,30.0,105.95333862304688,3178.6001586914062,7.946500396728516,3170.653658294678,87250.01613251085,177.0,2021-04-01,2021-03-31,target_rebalance,0.0699449854433113,next_close
AMAT,SELL,40.0,135.44564819335938,5417.825927734375,13.544564819335937,5404.281362915039,92654.29749542588,219.0,2021-04-01,2021-03-31,target_rebalance,0.1107814169242273,next_close
ETSY,SELL,42.0,208.1999969482422,8744.399871826172,21.86099967956543,8722.538872146606,101376.83636757248,72.0,2021-04-01,2021-03-31,target_rebalance,0.0556875053541721,next_close
MU,SELL,121.0,90.12627410888672,10905.279167175293,27.263197917938232,10878.015969257354,112254.85233682983,157.0,2021-04-01,2021-03-31,target_rebalance,0.0528013495418122,next_close
DAR,BUY,74.0,73.4000015258789,5431.600112915039,13.579000282287598,-5445.179113197327,106809.6732236325,238.0,2021-04-01,2021-03-31,target_rebalance,0.0657264085935217,next_close
HD,BUY,49.0,270.31964111328125,13245.662414550781,33.114156036376954,-13278.776570587159,93530.89665304535,49.0,2021-04-01,2021-03-31,target_rebalance,0.050331088712288,next_close
AN,BUY,157.0,92.05999755859375,14453.419616699219,36.13354904174805,-14489.553165740967,79041.34348730437,157.0,2021-04-01,2021-03-31,target_rebalance,0.0542445886250371,next_close
WAL,BUY,185.0,84.60381317138672,15651.705436706543,39.12926359176636,-15690.83470029831,63350.50878700607,185.0,2021-04-01,2021-03-31,target_rebalance,0.0588421562858295,next_close
LPX,BUY,331.0,52.991539001464844,17540.199409484863,43.85049852371216,-17584.049908008576,45766.458878997495,331.0,2021-04-01,2021-03-31,target_rebalance,0.0658236891754672,next_close
FUTU,BUY,139.0,147.69300842285156,20529.328170776367,51.32332042694092,-20580.65149120331,25185.807387794186,139.0,2021-04-01,2021-03-31,target_rebalance,0.077013271226283,next_close
WSM,BUY,289.0,82.51470184326172,23846.748832702637,59.61687208175659,-23906.36570478439,1279.4416830097944,289.0,2021-04-01,2021-03-31,target_rebalance,0.089459012473695,next_close
DAR,SELL,238.0,70.88999938964844,16871.819854736328,42.17954963684082,16829.64030509949,18109.081988109283,0.0,2021-05-03,2021-04-30,target_exit,,next_close
ETSY,SELL,72.0,190.7100067138672,13731.120483398438,34.3278012084961,13696.792682189942,31805.874670299225,0.0,2021-05-03,2021-04-30,target_exit,,next_close
MU,SELL,157.0,82.91893768310547,13018.273216247559,32.5456830406189,12985.72753320694,44791.60220350616,0.0,2021-05-03,2021-04-30,target_exit,,next_close
UI,SELL,38.0,271.3624267578125,10311.772216796875,25.779430541992188,10285.992786254883,55077.59498976104,0.0,2021-05-03,2021-04-30,target_exit,,next_close
AN,SELL,30.0,103.47000122070312,3104.1000366210938,7.760250091552734,3096.339786529541,58173.93477629058,127.0,2021-05-03,2021-04-30,target_rebalance,0.04811827933255,next_close
WAL,SELL,37.0,94.84199523925781,3509.153823852539,8.772884559631349,3500.380939292908,61674.31571558349,148.0,2021-05-03,2021-04-30,target_rebalance,0.0512912376970249,next_close
AMAT,SELL,38.0,127.14774322509766,4831.614242553711,12.079035606384277,4819.5352069473265,66493.85092253082,181.0,2021-05-03,2021-04-30,target_rebalance,0.0842009918413026,next_close
SE,SELL,26.0,254.6199951171875,6620.119873046875,16.550299682617187,6603.569573364258,73097.42049589509,24.0,2021-05-03,2021-04-30,target_rebalance,0.021917409683378,next_close
LRCX,SELL,132.0,58.476318359375,7718.8740234375,19.29718505859375,7699.576838378906,80796.997334274,245.0,2021-05-03,2021-04-30,target_rebalance,0.0525928881770325,next_close
FUTU,SELL,56.0,141.4622039794922,7921.8834228515625,19.804708557128908,7902.078714294434,88699.07604856843,83.0,2021-05-03,2021-04-30,target_rebalance,0.0430985759982564,next_close
WSM,SELL,153.0,79.73932647705078,12200.11695098877,30.500292377471926,12169.616658611298,100868.69270717973,136.0,2021-05-03,2021-04-30,target_rebalance,0.0396761376124664,next_close
GOOGL,BUY,37.0,116.12430572509766,4296.599311828613,10.741498279571534,-4307.340810108185,96561.35189707154,225.0,2021-05-03,2021-04-30,target_rebalance,0.0961848649617733,next_close
HD,BUY,15.0,290.10052490234375,4351.507873535156,10.878769683837891,-4362.386643218994,92198.96525385254,64.0,2021-05-03,2021-04-30,target_rebalance,0.069099175847317,next_close
GOOG,BUY,60.0,118.71185302734375,7122.711181640625,17.806777954101562,-7140.517959594727,85058.44729425781,237.0,2021-05-03,2021-04-30,target_rebalance,0.1036558377980531,next_close
LPX,BUY,179.0,62.549224853515625,11196.311248779297,27.990778121948242,-11224.302026901245,73834.14526735657,510.0,2021-05-03,2021-04-30,target_rebalance,0.1173634236762694,next_close
COF,BUY,92.0,136.4064483642578,12549.393249511719,31.373483123779298,-12580.766732635499,61253.378534721065,92.0,2021-05-03,2021-04-30,target_rebalance,0.0463981704544953,next_close
TREX,BUY,119.0,108.44999694824219,12905.54963684082,32.26387409210205,-12937.813510932923,48315.56502378814,119.0,2021-05-03,2021-04-30,target_rebalance,0.0475600733890276,next_close
RH,BUY,21.0,699.0499877929688,14680.049743652344,36.70012435913086,-14716.749868011475,33598.81515577667,21.0,2021-05-03,2021-04-30,target_rebalance,0.0560480096505304,next_close
CROX,BUY,164.0,98.12999725341797,16093.319549560547,40.23329887390137,-16133.552848434449,17465.262307342222,164.0,2021-05-03,2021-04-30,target_rebalance,0.0594295066586843,next_close
FUTU,SELL,83.0,144.33721923828125,11979.989196777344,29.94997299194336,11950.039223785401,29415.301531127625,0.0,2021-06-01,2021-05-28,target_exit,,next_close
SE,SELL,24.0,257.5400085449219,6180.960205078125,15.452400512695313,6165.50780456543,35580.809335693055,0.0,2021-06-01,2021-05-28,target_exit,,next_close
TREX,SELL,119.0,96.55000305175781,11489.45036315918,28.72362590789795,11460.726737251282,47041.536072944335,0.0,2021-06-01,2021-05-28,target_exit,,next_close
WAL,SELL,148.0,92.18534851074219,13643.431579589844,34.10857894897461,13609.323000640868,60650.859073585205,0.0,2021-06-01,2021-05-28,target_exit,,next_close
RH,SELL,1.0,636.3400268554688,636.3400268554688,1.5908500671386718,634.74917678833,61285.60825037354,20.0,2021-06-01,2021-05-28,target_rebalance,0.0444394106539815,next_close
LRCX,SELL,32.0,61.48898696899414,1967.6475830078125,4.919118957519531,1962.728464050293,63248.33671442383,213.0,2021-06-01,2021-05-28,target_rebalance,0.0477561629471111,next_close
LPX,SELL,85.0,64.39356231689453,5473.452796936035,13.683631992340088,5459.769164943695,68708.10587936752,425.0,2021-06-01,2021-05-28,target_rebalance,0.099942721098599,next_close
CROX,SELL,79.0,103.12999725341797,8147.2697830200195,20.36817445755005,8126.90160856247,76835.00748793,85.0,2021-06-01,2021-05-28,target_rebalance,0.0317307952557342,next_close
GOOGL,SELL,83.0,118.0125503540039,9795.041679382324,24.487604198455813,9770.554075183869,86605.56156311386,142.0,2021-06-01,2021-05-28,target_rebalance,0.0611731445114045,next_close
GOOG,SELL,85.0,120.42871856689453,10236.441078186035,25.59110269546509,10210.84997549057,96816.41153860443,152.0,2021-06-01,2021-05-28,target_rebalance,0.066840737692308,next_close
HD,SELL,38.0,277.8385009765625,10557.863037109375,26.394657592773438,10531.468379516602,107347.87991812103,26.0,2021-06-01,2021-05-28,target_rebalance,0.0262432494988464,next_close
COF,BUY,5.0,151.65267944335938,758.2633972167969,1.8956584930419922,-760.1590557098389,106587.7208624112,97.0,2021-06-01,2021-05-28,target_rebalance,0.0542014042497555,next_close
AN,BUY,36.0,105.33000183105469,3791.8800659179688,9.479700164794922,-3801.3597660827636,102786.36109632843,163.0,2021-06-01,2021-05-28,target_rebalance,0.0629783392307475,next_close
AMAT,BUY,44.0,132.50904846191406,5830.398132324219,14.575995330810548,-5844.974127655029,96941.3869686734,225.0,2021-06-01,2021-05-28,target_rebalance,0.1090931310643053,next_close
NDAQ,BUY,245.0,51.04117965698242,12505.089015960693,31.262722539901734,-12536.351738500594,84405.0352301728,245.0,2021-06-01,2021-05-28,target_rebalance,0.0457638258912665,next_close
WSM,BUY,161.0,77.73844146728516,12515.88907623291,31.289722690582277,-12547.178798923493,71857.85643124931,297.0,2021-06-01,2021-05-28,target_rebalance,0.0845754971228263,next_close
DKS,BUY,189.0,83.17290496826172,15719.679039001465,39.299197597503664,-15758.978236598969,56098.878194650344,189.0,2021-06-01,2021-05-28,target_rebalance,0.0576971629858897,next_close
NVDA,BUY,1186.0,16.204723358154297,19218.801902770996,48.04700475692749,-19266.848907527925,36832.02928712242,1186.0,2021-06-01,2021-05-28,target_rebalance,0.0702604174973512,next_close
STLD,BUY,423.0,59.69231414794922,25249.84888458252,63.1246222114563,-25312.973506793976,11519.055780328446,423.0,2021-06-01,2021-05-28,target_rebalance,0.092427594012353,next_close
AN,SELL,163.0,98.0,15974.0,39.935,15934.065,27453.12078032845,0.0,2021-07-01,2021-06-30,target_exit,,next_close
HD,SELL,26.0,283.9133605957031,7381.747375488281,18.454368438720703,7363.29300704956,34816.41378737801,0.0,2021-07-01,2021-06-30,target_exit,,next_close
WSM,SELL,297.0,72.87724304199219,21644.54118347168,54.1113529586792,21590.429830513,56406.84361789101,0.0,2021-07-01,2021-06-30,target_exit,,next_close
GOOG,SELL,7.0,125.26409149169922,876.8486404418945,2.1921216011047364,874.6565188407898,57281.500136731804,145.0,2021-07-01,2021-06-30,target_rebalance,0.0658944919466558,next_close
LRCX,SELL,38.0,60.09616470336914,2283.6542587280273,5.7091356468200685,2277.9451230812074,59559.44525981301,175.0,2021-07-01,2021-06-30,target_rebalance,0.0381559322372478,next_close
DKS,SELL,53.0,86.9920883178711,4610.580680847168,11.526451702117921,4599.05422914505,64158.499488958056,136.0,2021-07-01,2021-06-30,target_rebalance,0.0430176186345153,next_close
RH,SELL,7.0,690.5399780273438,4833.779846191406,12.084449615478515,4821.695396575928,68980.19488553399,13.0,2021-07-01,2021-06-30,target_rebalance,0.0310965383963911,next_close
AMAT,SELL,49.0,132.25973510742188,6480.727020263672,16.20181755065918,6464.525202713013,75444.720088247,176.0,2021-07-01,2021-06-30,target_rebalance,0.0844189341646777,next_close
COF,SELL,47.0,143.35166931152344,6737.528457641602,16.843821144104005,6720.684636497497,82165.4047247445,50.0,2021-07-01,2021-06-30,target_rebalance,0.0258594284886932,next_close
LPX,SELL,176.0,56.55118179321289,9953.007995605469,24.882519989013673,9928.125475616454,92093.53020036095,249.0,2021-07-01,2021-06-30,target_rebalance,0.0511397414804118,next_close
STLD,SELL,196.0,56.62099838256836,11097.715682983398,27.744289207458497,11069.97139377594,103163.50159413689,227.0,2021-07-01,2021-06-30,target_rebalance,0.0466438047665195,next_close
NDAQ,BUY,130.0,54.81032943725586,7125.342826843262,17.813357067108154,-7143.15618391037,96020.34541022652,375.0,2021-07-01,2021-06-30,target_rebalance,0.0750222113064935,next_close
NVDA,BUY,598.0,20.142330169677734,12045.113441467285,30.112783603668213,-12075.226225070954,83945.11918515558,1784.0,2021-07-01,2021-06-30,target_rebalance,0.130904520720654,next_close
CROX,BUY,118.0,117.0,13806.0,34.515,-13840.515,70104.60418515558,203.0,2021-07-01,2021-06-30,target_rebalance,0.086885290904905,next_close
FUTU,BUY,120.0,154.8949737548828,18587.396850585938,46.468492126464845,-18633.8653427124,51470.73884244318,120.0,2021-07-01,2021-06-30,target_rebalance,0.0679788861425024,next_close
FRHC,BUY,325.0,65.61000061035156,21323.250198364258,53.308125495910645,-21376.55832386017,30094.18051858301,325.0,2021-07-01,2021-06-30,target_rebalance,0.0777122053026804,next_close
NIO,BUY,510.0,50.900001525878906,25959.000778198242,64.8975019454956,-26023.898280143738,4070.282238439271,510.0,2021-07-01,2021-06-30,target_rebalance,0.0946442745768875,next_close
FUTU,SELL,120.0,107.01012420654297,12841.214904785156,32.10303726196289,12809.111867523194,16879.394105962463,0.0,2021-08-02,2021-07-30,target_exit,,next_close
LPX,SELL,249.0,50.475433349609375,12568.382904052734,31.420957260131836,12536.961946792602,29416.356052755065,0.0,2021-08-02,2021-07-30,target_exit,,next_close
LRCX,SELL,175.0,60.92488479614258,10661.854839324951,26.654637098312378,10635.200202226639,40051.556254981704,0.0,2021-08-02,2021-07-30,target_exit,,next_close
RH,SELL,13.0,657.77001953125,8551.01025390625,21.377525634765625,8529.632728271485,48581.18898325319,0.0,2021-08-02,2021-07-30,target_exit,,next_close
CROX,SELL,3.0,136.63999938964844,409.9199981689453,1.0247999954223632,408.89519817352294,48990.08418142671,200.0,2021-08-02,2021-07-30,target_rebalance,0.0997790293879056,next_close
GOOG,SELL,5.0,134.80099487304688,674.0049743652344,1.685012435913086,672.3199619293213,49662.404143356034,140.0,2021-08-02,2021-07-30,target_rebalance,0.0687799729344441,next_close
FRHC,SELL,12.0,63.099998474121094,757.1999816894531,1.8929999542236329,755.3069817352294,50417.711125091264,313.0,2021-08-02,2021-07-30,target_rebalance,0.0722730374062023,next_close
DKS,SELL,17.0,90.11180877685547,1531.900749206543,3.8297518730163573,1528.0709973335265,51945.78212242479,119.0,2021-08-02,2021-07-30,target_rebalance,0.0391737078076198,next_close
NDAQ,SELL,82.0,58.67131805419922,4811.048080444336,12.02762020111084,4799.020460243225,56744.80258266802,293.0,2021-08-02,2021-07-30,target_rebalance,0.063045282987319,next_close
AMAT,SELL,50.0,136.15228271484375,6807.6141357421875,17.01903533935547,6790.595100402832,63535.39768307085,126.0,2021-08-02,2021-07-30,target_rebalance,0.062827301336896,next_close
NVDA,SELL,613.0,19.681917190551758,12065.015237808228,30.16253809452057,12034.852699713707,75570.25038278455,1171.0,2021-08-02,2021-07-30,target_rebalance,0.0845164644458978,next_close
NIO,SELL,313.0,45.849998474121094,14351.049522399902,35.877623805999754,14315.171898593902,89885.42228137846,197.0,2021-08-02,2021-07-30,target_rebalance,0.033096167098647,next_close
GOOGL,BUY,7.0,133.6692352294922,935.6846466064453,2.3392116165161134,-938.0238582229614,88947.3984231555,149.0,2021-08-02,2021-07-30,target_rebalance,0.0731863538322538,next_close
COF,BUY,35.0,146.04266357421875,5111.493225097656,12.778733062744141,-5124.271958160401,83823.12646499509,85.0,2021-08-02,2021-07-30,target_rebalance,0.0457334546510424,next_close
STLD,BUY,172.0,58.480167388916016,10058.588790893555,25.146471977233887,-10083.735262870789,73739.3912021243,399.0,2021-08-02,2021-07-30,target_rebalance,0.0857132165007707,next_close
JLL,BUY,61.0,218.47999572753906,13327.279739379883,33.31819934844971,-13360.597938728333,60378.79326339597,61.0,2021-08-02,2021-07-30,target_rebalance,0.0490303232703542,next_close
AN,BUY,121.0,120.2300033569336,14547.830406188965,36.36957601547241,-14584.199982204438,45794.59328119153,121.0,2021-08-02,2021-07-30,target_rebalance,0.0536756544489188,next_close
DXCM,BUY,124.0,127.8375015258789,15851.850189208984,39.629625473022465,-15891.479814682007,29903.113466509527,124.0,2021-08-02,2021-07-30,target_rebalance,0.0584801264412195,next_close
AMD,BUY,179.0,108.62999725341797,19444.769508361816,48.61192377090454,-19493.381432132723,10409.732034376804,179.0,2021-08-02,2021-07-30,target_rebalance,0.0716683461180203,next_close
AMAT,SELL,126.0,128.1890106201172,16151.815338134766,40.37953834533692,16111.43579978943,26521.167834166234,0.0,2021-09-01,2021-08-31,target_exit,,next_close
AN,SELL,121.0,108.20999908447266,13093.409889221191,32.73352472305298,13060.676364498138,39581.844198664374,0.0,2021-09-01,2021-08-31,target_exit,,next_close
COF,SELL,85.0,148.57644653320312,12628.997955322266,31.572494888305666,12597.42546043396,52179.26965909833,0.0,2021-09-01,2021-08-31,target_exit,,next_close
NIO,SELL,197.0,39.08000183105469,7698.760360717773,19.246900901794433,7679.513459815979,59858.78311891431,0.0,2021-09-01,2021-08-31,target_exit,,next_close
STLD,SELL,399.0,62.31935119628906,24865.421127319336,62.16355281829834,24803.257574501036,84662.04069341534,0.0,2021-09-01,2021-08-31,target_exit,,next_close
GOOG,SELL,2.0,144.56735229492188,289.13470458984375,0.7228367614746094,288.41186782836917,84950.45256124371,138.0,2021-09-01,2021-08-31,target_rebalance,0.0697985382689684,next_close
DXCM,SELL,5.0,136.22999572753906,681.1499786376953,1.7028749465942383,679.4471036911011,85629.89966493481,119.0,2021-09-01,2021-08-31,target_rebalance,0.0562855553206403,next_close
NVDA,SELL,159.0,22.36759376525879,3556.4474086761475,8.89111852169037,3547.556290154457,89177.45595508927,1012.0,2021-09-01,2021-08-31,target_rebalance,0.0791803368555041,next_close
GOOGL,SELL,27.0,143.9391632080078,3886.357406616211,9.715893516540527,3876.64151309967,93054.09746818895,122.0,2021-09-01,2021-08-31,target_rebalance,0.0610460251929531,next_close
AMD,SELL,55.0,109.98999786376953,6049.449882507324,15.123624706268311,6034.326257801056,99088.42372599001,124.0,2021-09-01,2021-08-31,target_rebalance,0.0476471160240785,next_close
JLL,SELL,29.0,246.10000610351562,7136.900177001953,17.842250442504884,7119.057926559448,106207.48165254945,32.0,2021-09-01,2021-08-31,target_rebalance,0.0275179431967339,next_close
FRHC,SELL,119.0,64.33999633789062,7656.459564208984,19.14114891052246,7637.318415298462,113844.80006784791,194.0,2021-09-01,2021-08-31,target_rebalance,0.0434828155347658,next_close
NDAQ,SELL,156.0,61.63865661621094,9615.630432128906,24.039076080322268,9591.591356048584,123436.3914238965,137.0,2021-09-01,2021-08-31,target_rebalance,0.0295138598133796,next_close
CROX,SELL,105.0,143.36000061035156,15052.800064086914,37.63200016021729,15015.168063926696,138451.5594878232,95.0,2021-09-01,2021-08-31,target_rebalance,0.0474903382041478,next_close
NRG,BUY,420.0,39.94326400756836,16776.17088317871,41.940427207946776,-16818.11131038666,121633.44817743654,420.0,2021-09-01,2021-08-31,target_rebalance,0.0587544533283246,next_close
DDOG,BUY,134.0,135.77000427246094,18193.180572509766,45.482951431274415,-18238.66352394104,103394.7846534955,134.0,2021-09-01,2021-08-31,target_rebalance,0.0638308257205479,next_close
PCTY,BUY,72.0,270.19000244140625,19453.68017578125,48.634200439453124,-19502.314376220704,83892.4702772748,72.0,2021-09-01,2021-08-31,target_rebalance,0.0689847244077583,next_close
DKS,BUY,175.0,123.16022491455078,21553.039360046387,53.88259840011597,-21606.921958446503,62285.548318828296,294.0,2021-09-01,2021-08-31,target_rebalance,0.1268559721424451,next_close
GTM,BUY,383.0,64.95999908447266,24879.679649353027,62.19919912338257,-24941.878848476408,37343.66947035189,383.0,2021-09-01,2021-08-31,target_rebalance,0.0872079988214358,next_close
BILL,BUY,116.0,277.1300048828125,32147.08056640625,80.36770141601562,-32227.448267822267,5116.221202529621,116.0,2021-09-01,2021-08-31,target_rebalance,0.1126607925586929,next_close
FRHC,SELL,194.0,63.18000030517578,12256.920059204102,30.642300148010253,12226.27775905609,17342.498961585712,0.0,2021-10-01,2021-09-30,target_exit,,next_close
CROX,SELL,22.0,141.1300048828125,3104.860107421875,7.762150268554688,3097.0979571533203,20439.596918739033,73.0,2021-10-01,2021-09-30,target_rebalance,0.0373136016021274,next_close
NRG,SELL,124.0,35.78086471557617,4436.827224731445,11.092068061828613,4425.735156669617,24865.33207540865,296.0,2021-10-01,2021-09-30,target_rebalance,0.0383733570249038,next_close
GTM,SELL,99.0,61.5,6088.5,15.22125,6073.27875,30938.61082540865,284.0,2021-10-01,2021-09-30,target_rebalance,0.063249249905643,next_close
NVDA,SELL,433.0,20.674144744873047,8951.90467453003,22.379761686325075,8929.524912843704,39868.13573825236,579.0,2021-10-01,2021-09-30,target_rebalance,0.0434325730049958,next_close
BILL,SELL,48.0,277.1300048828125,13302.240234375,33.2556005859375,13268.984633789063,53137.12037204142,68.0,2021-10-01,2021-09-30,target_rebalance,0.0681789378263768,next_close
DKS,SELL,219.0,109.14862060546875,23903.547912597656,59.75886978149414,23843.789042816163,76980.90941485758,75.0,2021-10-01,2021-09-30,target_rebalance,0.0294280780301392,next_close
GOOG,BUY,2.0,135.2698516845703,270.5397033691406,0.6763492584228515,-271.2160526275635,76709.69336223001,140.0,2021-10-01,2021-09-30,target_rebalance,0.0688469302374033,next_close
AMD,BUY,3.0,102.44999694824219,307.34999084472656,0.7683749771118165,-308.1183658218384,76401.57499640818,127.0,2021-10-01,2021-09-30,target_rebalance,0.0475632772887974,next_close
GOOGL,BUY,26.0,135.3428955078125,3518.915283203125,8.797288208007812,-3527.712571411133,72873.86242499705,148.0,2021-10-01,2021-09-30,target_rebalance,0.0731709890054588,next_close
NDAQ,BUY,87.0,60.486183166503906,5262.29793548584,13.1557448387146,-5275.453680324555,67598.40874467249,224.0,2021-10-01,2021-09-30,target_rebalance,0.0493048969139049,next_close
PCTY,BUY,23.0,285.010009765625,6555.230224609375,16.388075561523436,-6571.618300170899,61026.79044450159,95.0,2021-10-01,2021-09-30,target_rebalance,0.0992622056831157,next_close
DDOG,BUY,52.0,144.69000244140625,7523.880126953125,18.809700317382813,-7542.6898272705075,53484.10061723108,186.0,2021-10-01,2021-09-30,target_rebalance,0.0980194364370664,next_close
JLL,BUY,49.0,258.0199890136719,12642.979461669922,31.607448654174807,-12674.586910324097,40809.51370690698,81.0,2021-10-01,2021-09-30,target_rebalance,0.0763352448355695,next_close
DXCM,BUY,102.0,137.47999572753906,14022.959564208984,35.05739891052246,-14058.016963119508,26751.496743787473,221.0,2021-10-01,2021-09-30,target_rebalance,0.1107246730208495,next_close
WAL,BUY,182.0,99.59861755371094,18126.94839477539,45.31737098693848,-18172.265765762328,8579.230978025145,182.0,2021-10-01,2021-09-30,target_rebalance,0.0662031121822736,next_close
NRG,SELL,296.0,35.89033126831055,10623.538055419922,26.558845138549806,10596.979210281372,19176.21018830652,0.0,2021-11-01,2021-10-29,target_exit,,next_close
CROX,SELL,15.0,167.72999572753906,2515.949935913086,6.289874839782715,2509.660061073303,21685.870249379823,58.0,2021-11-01,2021-10-29,target_rebalance,0.032191572032045,next_close
BILL,SELL,8.0,299.75,2398.0,5.995,2392.005,24077.875249379824,60.0,2021-11-01,2021-10-29,target_rebalance,0.0591681551372124,next_close
PCTY,SELL,9.0,305.75,2751.75,6.8793750000000005,2744.870625,26822.745874379823,86.0,2021-11-01,2021-10-29,target_rebalance,0.086811495863667,next_close
WAL,SELL,59.0,108.20214080810547,6383.926307678223,15.959815769195558,6367.966491909027,33190.71236628885,123.0,2021-11-01,2021-10-29,target_rebalance,0.0440962728299148,next_close
JLL,SELL,37.0,257.7900085449219,9538.23031616211,23.845575790405274,9514.384740371705,42705.097106660556,44.0,2021-11-01,2021-10-29,target_rebalance,0.0369077616638763,next_close
DXCM,SELL,90.0,156.8175048828125,14113.575439453125,35.283938598632815,14078.291500854491,56783.38860751505,131.0,2021-11-01,2021-10-29,target_rebalance,0.0679352454851319,next_close
NDAQ,BUY,2.0,65.53475952148438,131.06951904296875,0.3276737976074219,-131.39719284057617,56651.99141467448,226.0,2021-11-01,2021-10-29,target_rebalance,0.0494185905561825,next_close
AMD,BUY,5.0,125.2300033569336,626.150016784668,1.5653750419616699,-627.7153918266297,56024.27602284785,132.0,2021-11-01,2021-10-29,target_rebalance,0.055213876655601,next_close
GOOGL,BUY,10.0,142.23574829101562,1422.3574829101562,3.555893707275391,-1425.9133766174316,54598.36264623042,158.0,2021-11-01,2021-10-29,target_rebalance,0.075,next_close
GTM,BUY,34.0,68.36000061035156,2324.240020751953,5.810600051879883,-2330.050620803833,52268.31202542658,318.0,2021-11-01,2021-10-29,target_rebalance,0.0724752092491468,next_close
GOOG,BUY,18.0,142.5174560546875,2565.314208984375,6.413285522460938,-2571.727494506836,49696.58453091975,158.0,2021-11-01,2021-10-29,target_rebalance,0.075,next_close
DKS,BUY,38.0,108.34156799316406,4116.979583740234,10.292448959350587,-4127.272032699585,45569.31249822016,113.0,2021-11-01,2021-10-29,target_rebalance,0.0409241936453185,next_close
NVDA,BUY,297.0,25.742517471313477,7645.5276889801025,19.113819222450257,-7664.641508202552,37904.67099001761,876.0,2021-11-01,2021-10-29,target_rebalance,0.075,next_close
TSLA,BUY,82.0,402.86334228515625,33034.79406738281,82.58698516845703,-33117.38105255127,4787.289937466339,82.0,2021-11-01,2021-10-29,target_rebalance,0.1100715035375043,next_close
BILL,SELL,60.0,252.02000427246094,15121.200256347656,37.80300064086914,15083.397255706786,19870.687193173126,0.0,2021-12-01,2021-11-30,target_exit,,next_close
DKS,SELL,113.0,102.7191390991211,11607.262718200684,29.01815679550171,11578.244561405181,31448.931754578305,0.0,2021-12-01,2021-11-30,target_exit,,next_close
GOOG,SELL,158.0,140.3802947998047,22180.08657836914,55.450216445922855,22124.636361923218,53573.56811650153,0.0,2021-12-01,2021-11-30,target_exit,,next_close
GOOGL,SELL,158.0,139.81175231933594,22090.256866455078,55.225642166137696,22035.03122428894,75608.59934079048,0.0,2021-12-01,2021-11-30,target_exit,,next_close
GTM,SELL,318.0,59.33000183105469,18866.94058227539,47.167351455688475,18819.7732308197,94428.37257161018,0.0,2021-12-01,2021-11-30,target_exit,,next_close
JLL,SELL,44.0,229.24000549316406,10086.560241699219,25.216400604248047,10061.343841094971,104489.71641270515,0.0,2021-12-01,2021-11-30,target_exit,,next_close
PCTY,SELL,86.0,249.16000366210938,21427.760314941406,53.569400787353516,21374.190914154053,125863.9073268592,0.0,2021-12-01,2021-11-30,target_exit,,next_close
WAL,SELL,5.0,98.25103759765625,491.25518798828125,1.2281379699707031,490.02705001831055,126353.93437687751,118.0,2021-12-01,2021-11-30,target_rebalance,0.0401963872081193,next_close
TSLA,SELL,3.0,365.0,1095.0,2.7375000000000003,1092.2625,127446.19687687751,79.0,2021-12-01,2021-11-30,target_rebalance,0.1000507396044161,next_close
DXCM,SELL,29.0,137.08749389648438,3975.537322998047,9.938843307495118,3965.598479690552,131411.79535656807,102.0,2021-12-01,2021-11-30,target_rebalance,0.0486686179953151,next_close
DDOG,SELL,64.0,164.52999877929688,10529.919921875,26.3247998046875,10503.595122070312,141915.39047863838,122.0,2021-12-01,2021-11-30,target_rebalance,0.069727822726805,next_close
NDAQ,BUY,28.0,62.14093780517578,1739.9462585449219,4.349865646362304,-1744.2961241912842,140171.0943544471,254.0,2021-12-01,2021-11-30,target_rebalance,0.0550828360830958,next_close
NVDA,BUY,87.0,31.33600616455078,2726.232536315918,6.815581340789795,-2733.0481176567077,137438.0462367904,963.0,2021-12-01,2021-11-30,target_rebalance,0.1051532033504379,next_close
CROX,BUY,19.0,162.74000549316406,3092.060104370117,7.730150260925293,-3099.7902546310424,134338.25598215935,77.0,2021-12-01,2021-11-30,target_rebalance,0.0440713799942157,next_close
AMD,BUY,52.0,149.11000061035156,7753.720031738281,19.384300079345703,-7773.104331817627,126565.15165034172,184.0,2021-12-01,2021-11-30,target_rebalance,0.095882688124058,next_close
QCOM,BUY,91.0,158.9923553466797,14468.304336547852,36.17076084136963,-14504.47509738922,112060.6765529525,91.0,2021-12-01,2021-11-30,target_rebalance,0.0505911778959966,next_close
ANET,BUY,497.0,30.34749984741211,15082.707424163818,37.70676856040955,-15120.414192724227,96940.26236022827,497.0,2021-12-01,2021-11-30,target_rebalance,0.0525734144954534,next_close
ON,BUY,254.0,61.70000076293945,15671.800193786621,39.17950048446655,-15710.979694271087,81229.28266595719,254.0,2021-12-01,2021-11-30,target_rebalance,0.0547075085865109,next_close
FDS,BUY,40.0,440.962646484375,17638.505859375,44.096264648437504,-17682.602124023437,63546.68054193375,40.0,2021-12-01,2021-11-30,target_rebalance,0.061967559569633,next_close
BLDR,BUY,276.0,70.22000122070312,19380.720336914062,48.45180084228516,-19429.172137756348,44117.508404177395,276.0,2021-12-01,2021-11-30,target_rebalance,0.0677275677965946,next_close
CAR,BUY,87.0,240.6336669921875,20935.129028320312,52.33782257080078,-20987.466850891113,23130.041553286283,87.0,2021-12-01,2021-11-30,target_rebalance,0.0733814489453586,next_close
LRCX,BUY,333.0,65.99713897705078,21977.04727935791,54.942618198394776,-22031.989897556305,1098.051655729978,333.0,2021-12-01,2021-11-30,target_rebalance,0.0766727222119137,next_close
CROX,SELL,77.0,132.11000061035156,10172.47004699707,25.431175117492675,10147.038871879578,11245.090527609556,0.0,2022-01-03,2021-12-31,target_exit,,next_close
DXCM,SELL,102.0,130.19749450683594,13280.144439697266,33.20036109924317,13246.944078598022,24492.034606207577,0.0,2022-01-03,2021-12-31,target_exit,,next_close
NDAQ,SELL,254.0,63.383811950683594,16099.488235473633,40.24872058868408,16059.239514884948,40551.27412109252,0.0,2022-01-03,2021-12-31,target_exit,,next_close
WAL,SELL,118.0,99.06509399414062,11689.681091308594,29.224202728271486,11660.456888580322,52211.73100967285,0.0,2022-01-03,2021-12-31,target_exit,,next_close
QCOM,SELL,24.0,168.57012939453125,4045.68310546875,10.114207763671875,4035.568897705078,56247.29990737793,67.0,2022-01-03,2021-12-31,target_rebalance,0.0384313200533982,next_close
CAR,SELL,38.0,192.1306915283203,7300.966278076172,18.25241569519043,7282.7138623809815,63530.01376975891,49.0,2022-01-03,2021-12-31,target_rebalance,0.0317965390819523,next_close
DDOG,SELL,59.0,163.8300018310547,9665.970108032227,24.164925270080566,9641.805182762146,73171.81895252105,63.0,2022-01-03,2021-12-31,target_rebalance,0.0351131425683025,next_close
AMD,SELL,82.0,150.24000549316406,12319.680450439453,30.799201126098634,12288.881249313354,85460.7002018344,102.0,2022-01-03,2021-12-31,target_rebalance,0.0519773088597815,next_close
NVDA,SELL,536.0,30.026142120361328,16094.012176513672,40.23503044128418,16053.777146072387,101514.4773479068,427.0,2022-01-03,2021-12-31,target_rebalance,0.0438019335710499,next_close
TSLA,SELL,40.0,399.9266662597656,15997.066650390625,39.99266662597656,15957.073983764649,117471.55133167145,39.0,2022-01-03,2021-12-31,target_rebalance,0.052170125215318,next_close
ON,BUY,32.0,70.16999816894531,2245.43994140625,5.613599853515625,-2251.0535412597656,115220.49779041168,286.0,2022-01-03,2021-12-31,target_rebalance,0.0687539112000222,next_close
LRCX,BUY,53.0,69.18714904785156,3666.918899536133,9.167297248840333,-3676.0861967849733,111544.4115936267,386.0,2022-01-03,2021-12-31,target_rebalance,0.0915655213349387,next_close
FDS,BUY,11.0,453.5391845703125,4988.9310302734375,12.472327575683593,-5001.403357849121,106543.00823577758,51.0,2022-01-03,2021-12-31,target_rebalance,0.0804078380100768,next_close
ANET,BUY,228.0,35.560001373291016,8107.680313110352,20.26920078277588,-8127.949513893127,98415.05872188446,725.0,2022-01-03,2021-12-31,target_rebalance,0.0883623892447477,next_close
HIMX,BUY,1598.0,9.693131446838379,15489.62405204773,38.72406013011933,-15528.34811217785,82886.71060970661,1598.0,2022-01-03,2021-12-31,target_rebalance,0.0530365797501682,next_close
BLDR,BUY,196.0,83.48999786376953,16364.039581298828,40.91009895324707,-16404.949680252073,66481.76092945454,472.0,2022-01-03,2021-12-31,target_rebalance,0.1349391795841068,next_close
EXP,BUY,116.0,160.94810485839844,18669.98016357422,46.67495040893555,-18716.655113983154,47765.10581547138,116.0,2022-01-03,2021-12-31,target_rebalance,0.0641421237987809,next_close
ACLS,BUY,278.0,76.7699966430664,21342.05906677246,53.35514766693115,-21395.41421443939,26369.69160103199,278.0,2022-01-03,2021-12-31,target_rebalance,0.0732044401096594,next_close
AVGO,BUY,378.0,61.21920394897461,23140.859092712402,57.85214773178101,-23198.711240444183,3170.980360587808,378.0,2022-01-03,2021-12-31,target_rebalance,0.0792289851209816,next_close
AMD,SELL,102.0,116.77999877929688,11911.559875488281,29.778899688720703,11881.78097579956,15052.761336387368,0.0,2022-02-01,2022-01-31,target_exit,,next_close
DDOG,SELL,63.0,147.77999877929688,9310.139923095703,23.275349807739257,9286.864573287963,24339.62590967533,0.0,2022-02-01,2022-01-31,target_exit,,next_close
FDS,SELL,51.0,401.4320373535156,20473.033905029297,51.18258476257324,20421.851320266724,44761.47722994206,0.0,2022-02-01,2022-01-31,target_exit,,next_close
HIMX,SELL,1598.0,8.032939910888672,12836.637977600098,32.09159494400024,12804.546382656097,57566.023612598154,0.0,2022-02-01,2022-01-31,target_exit,,next_close
NVDA,SELL,427.0,24.560409545898438,10487.294876098633,26.218237190246583,10461.076638908386,68027.10025150653,0.0,2022-02-01,2022-01-31,target_exit,,next_close
TSLA,SELL,39.0,310.4166564941406,12106.249603271484,30.265624008178712,12075.983979263307,80103.08423076983,0.0,2022-02-01,2022-01-31,target_exit,,next_close
LRCX,SELL,36.0,56.217777252197266,2023.8399810791016,5.059599952697754,2018.7803811264039,82121.86461189624,350.0,2022-02-01,2022-01-31,target_rebalance,0.0789925704699076,next_close
ON,SELL,37.0,59.650001525878906,2207.0500564575195,5.517625141143799,2201.5324313163756,84323.39704321261,249.0,2022-02-01,2022-01-31,target_rebalance,0.0595791766268099,next_close
ACLS,SELL,74.0,63.27000045776367,4681.980033874512,11.70495008468628,4670.275083789826,88993.67212700243,204.0,2022-02-01,2022-01-31,target_rebalance,0.0517081613268667,next_close
ANET,SELL,191.0,31.075000762939453,5935.325145721436,14.838312864303589,5920.486832857132,94914.15895985956,534.0,2022-02-01,2022-01-31,target_rebalance,0.0666639620687538,next_close
EXP,SELL,49.0,143.7356719970703,7043.047927856445,17.607619819641112,7025.440308036804,101939.59926789637,67.0,2022-02-01,2022-01-31,target_rebalance,0.0384434532745771,next_close
BLDR,SELL,172.0,70.0999984741211,12057.199737548828,30.14299934387207,12027.056738204956,113966.65600610132,300.0,2022-02-01,2022-01-31,target_rebalance,0.0844656655604707,next_close
CAR,BUY,12.0,170.05970764160156,2040.7164916992188,5.101791229248047,-2045.8182829284667,111920.83772317285,61.0,2022-02-01,2022-01-31,target_rebalance,0.0420678239826117,next_close
AVGO,BUY,89.0,54.7033805847168,4868.600872039795,12.171502180099488,-4880.772374219894,107040.06534895295,467.0,2022-02-01,2022-01-31,target_rebalance,0.1028490620558587,next_close
QCOM,BUY,48.0,160.3502655029297,7696.812744140625,19.242031860351563,-7716.054776000977,99324.01057295197,115.0,2022-02-01,2022-01-31,target_rebalance,0.0747369850535897,next_close
NI,BUY,521.0,24.890676498413086,12968.042455673218,32.42010613918305,-13000.462561812401,86323.54801113957,521.0,2022-02-01,2022-01-31,target_rebalance,0.0522244584016077,next_close
MET,BUY,226.0,59.3834228515625,13420.653564453125,33.55163391113281,-13454.205198364258,72869.34281277531,226.0,2022-02-01,2022-01-31,target_rebalance,0.0540732878502019,next_close
LNG,BUY,131.0,110.040283203125,14415.277099609375,36.03819274902344,-14451.315292358398,58418.027520416916,131.0,2022-02-01,2022-01-31,target_rebalance,0.0583627177270154,next_close
HIG,BUY,279.0,65.94175720214844,18397.750259399414,45.99437564849853,-18443.74463504791,39974.282885369,279.0,2022-02-01,2022-01-31,target_rebalance,0.0741099113109946,next_close
BKR,BUY,778.0,24.785856246948242,19283.396160125732,48.20849040031433,-19331.604650526046,20642.678234842955,778.0,2022-02-01,2022-01-31,target_rebalance,0.07760094686658,next_close
XOM,BUY,289.0,69.1915283203125,19996.351684570312,49.990879211425785,-20046.342563781738,596.335671061217,289.0,2022-02-01,2022-01-31,target_rebalance,0.0805169353857312,next_close
CAR,SELL,61.0,171.30435180664062,10449.565460205078,26.123913650512694,10423.441546554566,11019.777217615783,0.0,2022-03-01,2022-02-28,target_exit,,next_close
EXP,SELL,67.0,127.66427612304688,8553.50650024414,21.383766250610353,8532.12273399353,19551.899951609314,0.0,2022-03-01,2022-02-28,target_exit,,next_close
LRCX,SELL,350.0,51.55419158935547,18043.967056274414,45.109917640686035,17998.857138633728,37550.757090243045,0.0,2022-03-01,2022-02-28,target_exit,,next_close
NI,SELL,72.0,24.934917449951172,1795.3140563964844,4.488285140991211,1790.8257712554932,39341.58286149854,449.0,2022-03-01,2022-02-28,target_rebalance,0.0458237747903036,next_close
ON,SELL,34.0,59.650001525878906,2028.1000518798828,5.070250129699708,2023.0298017501832,41364.61266324872,215.0,2022-03-01,2022-02-28,target_rebalance,0.0525111916716849,next_close
AVGO,SELL,95.0,52.61758804321289,4998.670864105225,12.496677160263062,4986.174186944962,46350.78685019368,372.0,2022-03-01,2022-02-28,target_rebalance,0.0801304308672289,next_close
QCOM,SELL,34.0,148.1834259033203,5038.236480712891,12.595591201782227,5025.640889511108,51376.42773970479,81.0,2022-03-01,2022-02-28,target_rebalance,0.0489323158234753,next_close
BLDR,SELL,75.0,73.05000305175781,5478.750228881836,13.69687557220459,5465.053353309631,56841.48109301442,225.0,2022-03-01,2022-02-28,target_rebalance,0.0671197965094437,next_close
ANET,SELL,189.0,29.469999313354492,5569.829870223999,13.924574675559997,5555.905295548439,62397.38638856286,345.0,2022-03-01,2022-02-28,target_rebalance,0.0415582464508388,next_close
HIG,SELL,140.0,61.126731872558594,8557.742462158203,21.39435615539551,8536.348106002808,70933.73449456567,139.0,2022-03-01,2022-02-28,target_rebalance,0.0346432529869035,next_close
BKR,SELL,416.0,25.718570709228516,10698.925415039062,26.747313537597655,10672.178101501464,81605.91259606712,362.0,2022-03-01,2022-02-28,target_rebalance,0.0380353996512207,next_close
MET,BUY,19.0,56.593902587890625,1075.2841491699219,2.6882103729248046,-1077.9723595428468,80527.94023652427,245.0,2022-03-01,2022-02-28,target_rebalance,0.056830572347127,next_close
ACLS,BUY,20.0,66.70999908447266,1334.1999816894531,3.335499954223633,-1337.5354816436768,79190.4047548806,224.0,2022-03-01,2022-02-28,target_rebalance,0.0613964136781442,next_close
XOM,BUY,22.0,68.5218276977539,1507.480209350586,3.7687005233764648,-1511.2489098739625,77679.15584500664,311.0,2022-03-01,2022-02-28,target_rebalance,0.0875106717827399,next_close
LNG,BUY,57.0,123.94929504394531,7065.109817504883,17.662774543762207,-7082.772592048645,70596.383252958,188.0,2022-03-01,2022-02-28,target_rebalance,0.0958874422318708,next_close
NUE,BUY,168.0,122.93150329589844,20652.492553710938,51.63123138427734,-20704.123785095217,49892.25946786278,168.0,2022-03-01,2022-02-28,target_rebalance,0.0848080257012647,next_close
FCX,BUY,500.0,45.067466735839844,22533.733367919922,56.334333419799805,-22590.06770133972,27302.191766523058,500.0,2022-03-01,2022-02-28,target_rebalance,0.0924485248451037,next_close
MOS,BUY,572.0,46.2274169921875,26442.08251953125,66.10520629882812,-26508.187725830077,794.0040406929802,572.0,2022-03-01,2022-02-28,target_rebalance,0.1084530705901288,next_close
AVGO,SELL,372.0,58.25660705566406,21671.45782470703,54.17864456176758,21617.279180145262,22411.283220838242,0.0,2022-04-01,2022-03-31,target_exit,,next_close
BLDR,SELL,225.0,64.19999694824219,14444.999313354492,36.11249828338623,14408.886815071106,36820.17003590935,0.0,2022-04-01,2022-03-31,target_exit,,next_close
NUE,SELL,168.0,140.53375244140625,23609.67041015625,59.024176025390624,23550.646234130858,60370.81627004021,0.0,2022-04-01,2022-03-31,target_exit,,next_close
ON,SELL,215.0,59.630001068115234,12820.450229644775,32.051125574111936,12788.399104070664,73159.21537411088,0.0,2022-04-01,2022-03-31,target_exit,,next_close
QCOM,SELL,81.0,133.6205596923828,10823.265335083008,27.05816333770752,10796.2071717453,83955.42254585619,0.0,2022-04-01,2022-03-31,target_exit,,next_close
FCX,SELL,6.0,47.93649673461914,287.61898040771484,0.7190474510192871,286.8999329566956,84242.32247881289,494.0,2022-04-01,2022-03-31,target_rebalance,0.0887349483598802,next_close
MOS,SELL,7.0,58.841556549072266,411.89089584350586,1.0297272396087647,410.8611686038971,84653.18364741678,565.0,2022-04-01,2022-03-31,target_rebalance,0.1246971458476267,next_close
MET,SELL,9.0,61.916046142578125,557.2444152832031,1.3931110382080079,555.8513042449952,85209.03495166177,236.0,2022-04-01,2022-03-31,target_rebalance,0.0547893564971838,next_close
XOM,SELL,34.0,71.94055938720703,2445.979019165039,6.114947547912598,2439.8640716171267,87648.8990232789,277.0,2022-04-01,2022-03-31,target_rebalance,0.0746185140297359,next_close
ACLS,SELL,106.0,71.55000305175781,7584.300323486328,18.960750808715822,7565.3395726776125,95214.2385959565,118.0,2022-04-01,2022-03-31,target_rebalance,0.0316547675467487,next_close
LNG,SELL,97.0,136.29429626464844,13220.546737670898,33.051366844177245,13187.49537082672,108401.73396678321,91.0,2022-04-01,2022-03-31,target_rebalance,0.0460332343766907,next_close
NI,BUY,24.0,27.92015266418457,670.0836639404297,1.6752091598510743,-671.7588731002808,107729.97509368294,473.0,2022-04-01,2022-03-31,target_rebalance,0.04956554963044,next_close
HIG,BUY,23.0,66.688720703125,1533.840576171875,3.8346014404296875,-1537.6751776123047,106192.29991607064,162.0,2022-04-01,2022-03-31,target_rebalance,0.0406609442628593,next_close
BKR,BUY,143.0,33.05116271972656,4726.316268920898,11.815790672302246,-4738.132059593201,101454.16785647743,505.0,2022-04-01,2022-03-31,target_rebalance,0.0627120355798173,next_close
ANET,BUY,195.0,34.869998931884766,6799.649791717529,16.999124479293823,-6816.648916196823,94637.51894028061,540.0,2022-04-01,2022-03-31,target_rebalance,0.0706889817168772,next_close
FANG,BUY,126.0,113.62895965576172,14317.248916625977,35.79312229156494,-14353.042038917542,80284.47690136307,126.0,2022-04-01,2022-03-31,target_rebalance,0.0540878382098702,next_close
OKE,BUY,265.0,56.84370040893555,15063.58060836792,37.6589515209198,-15101.23955988884,65183.23734147423,265.0,2022-04-01,2022-03-31,target_rebalance,0.0566847604121345,next_close
SQM,BUY,230.0,74.35944366455078,17102.67204284668,42.7566801071167,-17145.428722953795,48037.80861852044,230.0,2022-04-01,2022-03-31,target_rebalance,0.06422184604673,next_close
RGLD,BUY,164.0,139.61209106445312,22896.382934570312,57.24095733642578,-22953.62389190674,25084.184726613697,164.0,2022-04-01,2022-03-31,target_rebalance,0.0863640941145445,next_close
STLD,BUY,304.0,79.99427032470703,24318.258178710938,60.79564544677734,-24379.053824157716,705.1309024559814,304.0,2022-04-01,2022-03-31,target_rebalance,0.0913881667278127,next_close
ACLS,SELL,118.0,56.0099983215332,6609.179801940918,16.522949504852296,6592.6568524360655,7297.787754892047,0.0,2022-05-02,2022-04-29,target_exit,,next_close
BKR,SELL,27.0,28.050844192504883,757.3727931976318,1.8934319829940796,755.4793612146377,8053.267116106685,478.0,2022-05-02,2022-04-29,target_rebalance,0.0554182386369853,next_close
FCX,SELL,51.0,37.914573669433594,1933.6432571411133,4.8341081428527835,1928.8091489982605,9982.076265104944,443.0,2022-05-02,2022-04-29,target_rebalance,0.069377230759917,next_close
XOM,SELL,29.0,74.78807830810547,2168.8542709350586,5.422135677337646,2163.432135257721,12145.508400362665,248.0,2022-05-02,2022-04-29,target_rebalance,0.0766358374218323,next_close
NI,SELL,114.0,25.201236724853516,2872.940986633301,7.182352466583252,2865.7586341667175,15011.267034529383,359.0,2022-05-02,2022-04-29,target_rebalance,0.0374154789200596,next_close
SQM,SELL,48.0,61.277671813964844,2941.3282470703125,7.353320617675782,2933.9749264526367,17945.24196098202,182.0,2022-05-02,2022-04-29,target_rebalance,0.045973230767385,next_close
HIG,SELL,49.0,64.44554138183594,3157.831527709961,7.894578819274902,3149.936948890686,21095.178909872706,113.0,2022-05-02,2022-04-29,target_rebalance,0.0301254118371943,next_close
OKE,SELL,77.0,51.54770278930664,3969.1731147766113,9.922932786941528,3959.2501819896697,25054.429091862374,188.0,2022-05-02,2022-04-29,target_rebalance,0.0400497796048038,next_close
MOS,SELL,105.0,55.73335647583008,5852.002429962158,14.630006074905396,5837.372423887253,30891.801515749627,460.0,2022-05-02,2022-04-29,target_rebalance,0.1059183583501175,next_close
MET,SELL,101.0,58.086917877197266,5866.778705596924,14.66694676399231,5852.111758832932,36743.913274582555,135.0,2022-05-02,2022-04-29,target_rebalance,0.0322890563960953,next_close
ANET,SELL,255.0,29.565000534057617,7539.075136184692,18.84768784046173,7520.227448344231,44264.140722926786,285.0,2022-05-02,2022-04-29,target_rebalance,0.0348398574872858,next_close
LNG,BUY,2.0,130.50070190429688,261.00140380859375,0.6525035095214844,-261.6539073181152,44002.486815608674,93.0,2022-05-02,2022-04-29,target_rebalance,0.0507195103195715,next_close
RGLD,BUY,20.0,124.33714294433594,2486.7428588867188,6.216857147216797,-2492.9597160339354,41509.52709957474,184.0,2022-05-02,2022-04-29,target_rebalance,0.0950492355970212,next_close
FANG,BUY,63.0,104.64959716796875,6592.924621582031,16.48231155395508,-6609.406933135986,34900.120166438755,189.0,2022-05-02,2022-04-29,target_rebalance,0.0820480282758346,next_close
STLD,BUY,87.0,78.7142105102539,6848.13631439209,17.120340785980225,-6865.25665517807,28034.863511260686,391.0,2022-05-02,2022-04-29,target_rebalance,0.1274698654188462,next_close
VLO,BUY,265.0,102.70716857910156,27217.399673461914,68.04349918365479,-27285.44317264557,749.4203386151166,265.0,2022-05-02,2022-04-29,target_rebalance,0.1127730988737923,next_close
ANET,SELL,285.0,25.417499542236328,7243.9873695373535,18.109968423843384,7225.87740111351,7975.297739728627,0.0,2022-06-01,2022-05-31,target_exit,,next_close
FCX,SELL,443.0,37.4050178527832,16570.42290878296,41.4260572719574,16528.996851511,24504.294591239628,0.0,2022-06-01,2022-05-31,target_exit,,next_close
RGLD,SELL,184.0,109.1861572265625,20090.2529296875,50.22563232421875,20040.027297363282,44544.321888602906,0.0,2022-06-01,2022-05-31,target_exit,,next_close
LNG,SELL,10.0,134.57192993164062,1345.7192993164062,3.3642982482910155,1342.3550010681151,45886.67688967102,83.0,2022-06-01,2022-05-31,target_rebalance,0.043124967940595,next_close
VLO,SELL,20.0,117.7103271484375,2354.20654296875,5.885516357421875,2348.3210266113283,48234.99791628235,245.0,2022-06-01,2022-05-31,target_rebalance,0.1125575860590489,next_close
FANG,SELL,22.0,128.5079345703125,2827.174560546875,7.067936401367188,2820.106624145508,51055.104540427856,167.0,2022-06-01,2022-05-31,target_rebalance,0.0833835905665667,next_close
XOM,SELL,35.0,85.54818725585938,2994.186553955078,7.485466384887696,2986.7010875701903,54041.805627998045,213.0,2022-06-01,2022-05-31,target_rebalance,0.0711694885021284,next_close
OKE,SELL,88.0,53.9527702331543,4747.843780517578,11.869609451293945,4735.974171066284,58777.77979906433,100.0,2022-06-01,2022-05-31,target_rebalance,0.0209674769441044,next_close
MOS,SELL,132.0,52.5455207824707,6936.008743286133,17.340021858215334,6918.668721427917,65696.44852049225,328.0,2022-06-01,2022-05-31,target_rebalance,0.0672444947105425,next_close
STLD,SELL,189.0,79.03421783447266,14937.467170715332,37.34366792678833,14900.123502788543,80596.5720232808,202.0,2022-06-01,2022-05-31,target_rebalance,0.0620701207860798,next_close
BKR,BUY,92.0,34.115116119384766,3138.5906829833984,7.846476707458496,-3146.437159690857,77450.13486358993,570.0,2022-06-01,2022-05-31,target_rebalance,0.075995140408468,next_close
MET,BUY,72.0,58.980228424072266,4246.576446533203,10.616441116333007,-4257.192887649536,73192.9419759404,207.0,2022-06-01,2022-05-31,target_rebalance,0.0477451742496757,next_close
HIG,BUY,83.0,65.87924194335938,5467.977081298828,13.66994270324707,-5481.647024002075,67711.29495193833,196.0,2022-06-01,2022-05-31,target_rebalance,0.0506551998946539,next_close
NI,BUY,328.0,27.490665435791016,9016.938262939453,22.542345657348633,-9039.480608596801,58671.814343341524,687.0,2022-06-01,2022-05-31,target_rebalance,0.0738321271585332,next_close
SQM,BUY,130.0,84.51687622070312,10987.193908691406,27.467984771728517,-11014.661893463135,47657.15244987839,312.0,2022-06-01,2022-05-31,target_rebalance,0.1033372005308634,next_close
EXE,BUY,131.0,84.23613739013672,11034.93399810791,27.587334995269774,-11062.52133310318,36594.631116775214,131.0,2022-06-01,2022-05-31,target_rebalance,0.0434229348435426,next_close
DVN,BUY,200.0,62.9527473449707,12590.54946899414,31.47637367248535,-12622.025842666626,23972.605274108588,200.0,2022-06-01,2022-05-31,target_rebalance,0.0493788147355456,next_close
UTHR,BUY,78.0,231.2899932861328,18040.61947631836,45.1015486907959,-18085.721025009156,5886.884249099432,78.0,2022-06-01,2022-05-31,target_rebalance,0.0713607287146391,next_close
BKR,SELL,570.0,26.52789878845215,15120.902309417725,37.80225577354431,15083.10005364418,20969.984302743615,0.0,2022-07-01,2022-06-30,target_exit,,next_close
MOS,SELL,328.0,42.00776672363281,13778.547485351562,34.44636871337891,13744.101116638183,34714.085419381794,0.0,2022-07-01,2022-06-30,target_exit,,next_close
OKE,SELL,100.0,45.80133819580078,4580.133819580078,11.450334548950195,4568.683485031128,39282.76890441292,0.0,2022-07-01,2022-06-30,target_exit,,next_close
STLD,SELL,202.0,62.65323257446289,12655.952980041504,31.63988245010376,12624.313097591401,51907.082002004325,0.0,2022-07-01,2022-06-30,target_exit,,next_close
VLO,SELL,31.0,95.89105987548828,2972.6228561401367,7.431557140350342,2965.1912989997863,54872.27330100411,214.0,2022-07-01,2022-06-30,target_rebalance,0.0926278846838978,next_close
MET,SELL,55.0,56.34355545043945,3098.89554977417,7.747238874435425,3091.1483108997345,57963.42161190385,152.0,2022-07-01,2022-06-30,target_rebalance,0.0387659844587946,next_close
NI,SELL,161.0,26.35910987854004,4243.816690444946,10.609541726112367,4233.207148718834,62196.62876062268,526.0,2022-07-01,2022-06-30,target_rebalance,0.0627627620395424,next_close
HIG,SELL,85.0,61.221107482910156,5203.794136047363,13.009485340118408,5190.7846507072445,67387.41341132992,111.0,2022-07-01,2022-06-30,target_rebalance,0.0306069192846148,next_close
SQM,SELL,166.0,73.05589294433594,12127.278228759766,30.318195571899416,12096.960033187866,79484.37344451778,146.0,2022-07-01,2022-06-30,target_rebalance,0.0481317140249316,next_close
EXE,BUY,30.0,69.83175659179688,2094.9526977539062,5.2373817443847654,-2100.190079498291,77384.18336501949,161.0,2022-07-01,2022-06-30,target_rebalance,0.0509813241524289,next_close
DVN,BUY,64.0,46.114810943603516,2951.347900390625,7.378369750976563,-2958.7262701416016,74425.45709487789,264.0,2022-07-01,2022-06-30,target_rebalance,0.0552864594279954,next_close
XOM,BUY,44.0,76.55094146728516,3368.241424560547,8.420603561401368,-3376.6620281219484,71048.79506675593,257.0,2022-07-01,2022-06-30,target_rebalance,0.0892782352175163,next_close
UTHR,BUY,21.0,238.0,4998.0,12.495000000000001,-5010.495,66038.30006675594,99.0,2022-07-01,2022-06-30,target_rebalance,0.1077587629492262,next_close
LNG,BUY,47.0,126.85218048095703,5962.0524826049805,14.90513120651245,-5976.957613811493,60061.342452944446,130.0,2022-07-01,2022-06-30,target_rebalance,0.075,next_close
HII,BUY,54.0,202.97280883789062,10960.531677246094,27.401329193115235,-10987.933006439209,49073.40944650523,54.0,2022-07-01,2022-06-30,target_rebalance,0.0496601874844986,next_close
POST,BUY,137.0,84.37000274658203,11558.690376281738,28.896725940704346,-11587.587102222442,37485.82234428279,137.0,2022-07-01,2022-06-30,target_rebalance,0.0524974121149019,next_close
LI,BUY,324.0,37.70000076293945,12214.800247192383,30.537000617980958,-12245.337247810363,25240.485096472425,324.0,2022-07-01,2022-06-30,target_rebalance,0.055476702400456,next_close
GIS,BUY,200.0,64.91188049316406,12982.376098632812,32.45594024658203,-13014.832038879395,12225.65305759303,200.0,2022-07-01,2022-06-30,target_rebalance,0.0588620604316382,next_close
HIG,SELL,111.0,58.624019622802734,6507.2661781311035,16.26816544532776,6490.998012685775,18716.651070278807,0.0,2022-08-01,2022-07-29,target_exit,,next_close
MET,SELL,152.0,55.64457321166992,8457.975128173828,21.14493782043457,8436.830190353394,27153.4812606322,0.0,2022-08-01,2022-07-29,target_exit,,next_close
VLO,SELL,214.0,98.26213836669922,21028.097610473633,52.570244026184085,20975.527366447448,48129.008627079646,0.0,2022-08-01,2022-07-29,target_exit,,next_close
FANG,SELL,1.0,105.83897399902344,105.83897399902344,0.2645974349975586,105.57437656402588,48234.583003643675,166.0,2022-08-01,2022-07-29,target_rebalance,0.0769404246742917,next_close
POST,SELL,6.0,88.30000305175781,529.8000183105469,1.3245000457763672,528.4755182647705,48763.058521908446,131.0,2022-08-01,2022-07-29,target_rebalance,0.0508144467514003,next_close
XOM,SELL,11.0,82.61032104492188,908.7135314941406,2.2717838287353516,906.4417476654053,49669.50026957385,246.0,2022-08-01,2022-07-29,target_rebalance,0.0893848608366962,next_close
HII,SELL,12.0,199.92306518554688,2399.0767822265625,5.997691955566406,2393.079090270996,52062.57935984485,42.0,2022-08-01,2022-07-29,target_rebalance,0.0365590121738268,next_close
NI,SELL,147.0,26.82859230041504,3943.8030681610107,9.859507670402527,3933.9435604906084,55996.52292033546,379.0,2022-08-01,2022-07-29,target_rebalance,0.0447311996487902,next_close
DVN,SELL,84.0,51.52039337158203,4327.713043212891,10.819282608032227,4316.8937606048585,60313.41668094032,180.0,2022-08-01,2022-07-29,target_rebalance,0.0406981266248441,next_close
LI,SELL,129.0,34.099998474121094,4398.899803161621,10.997249507904053,4387.902553653717,64701.31923459403,195.0,2022-08-01,2022-07-29,target_rebalance,0.02917485430398,next_close
GIS,SELL,81.0,65.29740905761719,5289.090133666992,13.22272533416748,5275.867408332825,69977.18664292686,119.0,2022-08-01,2022-07-29,target_rebalance,0.0341895688239601,next_close
LNG,SELL,38.0,141.29190063476562,5369.092224121094,13.422730560302735,5355.669493560791,75332.85613648765,92.0,2022-08-01,2022-07-29,target_rebalance,0.0569545832405276,next_close
UTHR,SELL,31.0,225.3000030517578,6984.300094604492,17.46075023651123,6966.839344367981,82299.69548085563,68.0,2022-08-01,2022-07-29,target_rebalance,0.0669214591478379,next_close
SQM,BUY,21.0,84.59194946289062,1776.4309387207031,4.441077346801758,-1780.8720160675048,80518.82346478813,167.0,2022-08-01,2022-07-29,target_rebalance,0.062298455447692,next_close
EXE,BUY,50.0,76.16632080078125,3808.3160400390625,9.520790100097656,-3817.83683013916,76700.98663464897,211.0,2022-08-01,2022-07-29,target_rebalance,0.0710010356568771,next_close
FSLR,BUY,205.0,99.48999786376953,20395.449562072754,50.98862390518189,-20446.438185977935,56254.548448671034,205.0,2022-08-01,2022-07-29,target_rebalance,0.0901871609861323,next_close
CELH,BUY,688.0,32.956668853759766,22674.18817138672,56.6854704284668,-22730.873641815186,33523.67480685585,688.0,2022-08-01,2022-07-29,target_rebalance,0.1,next_close
ENPH,BUY,118.0,280.8900146484375,33145.021728515625,82.86255432128907,-33227.884282836916,295.7905240189357,118.0,2022-08-01,2022-07-29,target_rebalance,0.1461586724641349,next_close
DVN,SELL,180.0,57.03475570678711,10266.25602722168,25.6656400680542,10240.590387153625,10536.38091117256,0.0,2022-09-01,2022-08-31,target_exit,,next_close
FANG,SELL,166.0,112.08839416503906,18606.673431396484,46.51668357849121,18560.156747817993,29096.537658990554,0.0,2022-09-01,2022-08-31,target_exit,,next_close
NI,SELL,379.0,26.289188385009766,9963.602397918701,24.909005994796754,9938.693391923904,39035.23105091446,0.0,2022-09-01,2022-08-31,target_exit,,next_close
UTHR,SELL,6.0,226.07000732421875,1356.4200439453125,3.3910501098632815,1353.0289938354492,40388.260044749906,62.0,2022-09-01,2022-08-31,target_rebalance,0.0582870562252481,next_close
CELH,SELL,111.0,33.063331604003906,3670.0298080444336,9.175074520111083,3660.8547335243225,44049.11477827423,577.0,2022-09-01,2022-08-31,target_rebalance,0.0805799976889688,next_close
XOM,SELL,62.0,82.87442016601562,5138.214050292969,12.845535125732422,5125.368515167236,49174.48329344146,184.0,2022-09-01,2022-08-31,target_rebalance,0.0644217795196504,next_close
SQM,SELL,63.0,84.2468032836914,5307.548606872559,13.268871517181397,5294.279735355377,54468.763028796835,104.0,2022-09-01,2022-08-31,target_rebalance,0.0367074807403215,next_close
EXE,SELL,71.0,84.61526489257812,6007.683807373047,15.019209518432618,5992.664597854614,60461.42762665145,140.0,2022-09-01,2022-08-31,target_rebalance,0.0498609400284181,next_close
ENPH,SELL,60.0,281.8599853515625,16911.59912109375,42.278997802734374,16869.320123291014,77330.74774994247,58.0,2022-09-01,2022-08-31,target_rebalance,0.0681245197233975,next_close
HII,BUY,4.0,209.9973907470703,839.9895629882812,2.0999739074707033,-842.089536895752,76488.65821304671,46.0,2022-09-01,2022-08-31,target_rebalance,0.0412343583615311,next_close
LI,BUY,68.0,27.899999618530273,1897.1999740600586,4.742999935150147,-1901.9429739952088,74586.71523905151,263.0,2022-09-01,2022-08-31,target_rebalance,0.031013317681666,next_close
LNG,BUY,28.0,151.0336151123047,4228.941223144531,10.572353057861328,-4239.513576202393,70347.20166284911,120.0,2022-09-01,2022-08-31,target_rebalance,0.0767941536893887,next_close
FSLR,BUY,44.0,127.83999633789062,5624.9598388671875,14.06239959716797,-5639.022238464356,64708.179424384754,249.0,2022-09-01,2022-08-31,target_rebalance,0.1350501726232223,next_close
POST,BUY,95.0,88.5,8407.5,21.01875,-8428.51875,56279.66067438475,226.0,2022-09-01,2022-08-31,target_rebalance,0.0848248089671113,next_close
GIS,BUY,197.0,66.55679321289062,13111.688262939453,32.77922065734863,-13144.467483596802,43135.19319078795,316.0,2022-09-01,2022-08-31,target_rebalance,0.0889615639489527,next_close
BJ,BUY,179.0,74.4800033569336,13331.920600891113,33.32980150222778,-13365.250402393342,29769.942788394605,179.0,2022-09-01,2022-08-31,target_rebalance,0.0564636732370099,next_close
ANET,BUY,470.0,29.31999969482422,13780.399856567383,34.450999641418456,-13814.8508562088,15955.091932185804,470.0,2022-09-01,2022-08-31,target_rebalance,0.0583659206932044,next_close
DKS,BUY,157.0,98.99361419677734,15541.997428894043,38.85499357223511,-15580.852422466278,374.2395097195258,157.0,2022-09-01,2022-08-31,target_rebalance,0.06573201467539,next_close
GIS,SELL,316.0,67.69539642333984,21391.74526977539,53.479363174438475,21338.26590660095,21712.505416320477,0.0,2022-10-03,2022-09-30,target_exit,,next_close
LI,SELL,263.0,23.459999084472656,6169.979759216309,15.424949398040772,6154.554809818268,27867.060226138747,0.0,2022-10-03,2022-09-30,target_exit,,next_close
UTHR,SELL,62.0,213.92999267578125,13263.659545898438,33.15914886474609,13230.500397033691,41097.56062317244,0.0,2022-10-03,2022-09-30,target_exit,,next_close
XOM,SELL,11.0,81.15284729003906,892.6813201904297,2.2317033004760742,890.4496168899536,41988.010240062395,173.0,2022-10-03,2022-09-30,target_rebalance,0.0595187831650217,next_close
BJ,SELL,30.0,74.91999816894531,2247.5999450683594,5.618999862670899,2241.9809452056884,44229.99118526808,149.0,2022-10-03,2022-09-30,target_rebalance,0.0473096348265486,next_close
EXE,SELL,33.0,85.40080261230469,2818.2264862060547,7.045566215515137,2811.1809199905397,47041.17210525862,107.0,2022-10-03,2022-09-30,target_rebalance,0.038597575006702,next_close
SQM,SELL,40.0,81.3992919921875,3255.9716796875,8.13992919921875,3247.831750488281,50289.0038557469,64.0,2022-10-03,2022-09-30,target_rebalance,0.0219556009016887,next_close
HII,SELL,18.0,209.62815856933594,3773.306854248047,9.433267135620117,3763.873587112427,54052.87744285933,28.0,2022-10-03,2022-09-30,target_rebalance,0.0247740192973504,next_close
ENPH,SELL,16.0,286.6099853515625,4585.759765625,11.4643994140625,4574.295366210938,58627.17280907027,42.0,2022-10-03,2022-09-30,target_rebalance,0.0503361613054157,next_close
CELH,SELL,255.0,30.406667709350586,7753.700265884399,19.384250664711,7734.316015219689,66361.48882428996,322.0,2022-10-03,2022-09-30,target_rebalance,0.0415771300573734,next_close
POST,SELL,100.0,83.98999786376953,8398.999786376953,20.997499465942383,8378.00228691101,74739.49111120097,126.0,2022-10-03,2022-09-30,target_rebalance,0.0447950305383295,next_close
FSLR,SELL,67.0,136.6199951171875,9153.539672851562,22.883849182128905,9130.655823669433,83870.1469348704,182.0,2022-10-03,2022-09-30,target_rebalance,0.1050778655714735,next_close
LNG,BUY,16.0,161.22775268554688,2579.64404296875,6.449110107421875,-2586.093153076172,81284.05378179422,136.0,2022-10-03,2022-09-30,target_rebalance,0.0937478058205585,next_close
ANET,BUY,199.0,28.957500457763672,5762.542591094971,14.406356477737427,-5776.948947572708,75507.10483422152,669.0,2022-10-03,2022-09-30,target_rebalance,0.0824002506463819,next_close
DKS,BUY,76.0,100.35225677490234,7626.771514892578,19.066928787231447,-7645.83844367981,67861.26639054171,233.0,2022-10-03,2022-09-30,target_rebalance,0.0995036139549123,next_close
CHRD,BUY,145.0,113.0691146850586,16395.021629333496,40.98755407333374,-16436.00918340683,51425.257207134884,145.0,2022-10-03,2022-09-30,target_rebalance,0.0699999999999999,next_close
WFRD,BUY,564.0,32.79664611816406,18497.30841064453,46.24327102661133,-18543.551681671142,32881.70552546374,564.0,2022-10-03,2022-09-30,target_rebalance,0.0786997076635472,next_close
BIIB,BUY,123.0,264.29998779296875,32508.898498535156,81.27224624633789,-32590.170744781495,291.53478068224285,123.0,2022-10-03,2022-09-30,target_rebalance,0.1392211485473155,next_close
CELH,SELL,30.0,30.18666648864746,905.5999946594238,2.26399998664856,903.3359946727753,1194.8707753550182,292.0,2022-11-01,2022-10-31,target_rebalance,0.0344217081154642,next_close
ENPH,SELL,5.0,299.4800109863281,1497.4000549316406,3.7435001373291015,1493.6565547943114,2688.52733014933,37.0,2022-11-01,2022-10-31,target_rebalance,0.0426020131916551,next_close
DKS,SELL,22.0,105.68878936767578,2325.153366088867,5.812883415222168,2319.340482673645,5007.867812822975,211.0,2022-11-01,2022-10-31,target_rebalance,0.0871804712660845,next_close
LNG,SELL,23.0,173.30084228515625,3985.9193725585938,9.964798431396485,3975.9545741271972,8983.822386950173,113.0,2022-11-01,2022-10-31,target_rebalance,0.0760343195994545,next_close
ANET,SELL,145.0,31.927499771118164,4629.487466812134,11.573718667030334,4617.913748145103,13601.736135095276,524.0,2022-11-01,2022-10-31,target_rebalance,0.065415798697601,next_close
BIIB,SELL,68.0,280.0400085449219,19042.720581054688,47.60680145263672,18995.113779602052,32596.849914697326,55.0,2022-11-01,2022-10-31,target_rebalance,0.0593198247624041,next_close
BJ,BUY,17.0,77.83000183105469,1323.1100311279297,3.3077750778198243,-1326.4178062057495,31270.432108491575,166.0,2022-11-01,2022-10-31,target_rebalance,0.0507476322213568,next_close
FSLR,BUY,13.0,148.57000732421875,1931.4100952148438,4.828525238037109,-1936.238620452881,29334.193488038694,195.0,2022-11-01,2022-10-31,target_rebalance,0.1134776280298523,next_close
SQM,BUY,33.0,82.4991683959961,2722.472557067871,6.806181392669678,-2729.278738460541,26604.914749578154,97.0,2022-11-01,2022-10-31,target_rebalance,0.031438302822951,next_close
WFRD,BUY,68.0,40.392784118652344,2746.7093200683594,6.866773300170898,-2753.57609336853,23851.338656209624,632.0,2022-11-01,2022-10-31,target_rebalance,0.1,next_close
CHRD,BUY,24.0,121.64105224609375,2919.38525390625,7.298463134765625,-2926.683717041016,20924.65493916861,169.0,2022-11-01,2022-10-31,target_rebalance,0.080865357740455,next_close
HII,BUY,21.0,237.1009979248047,4979.120956420898,12.447802391052246,-4991.568758811951,15933.086180356659,49.0,2022-11-01,2022-10-31,target_rebalance,0.0461260781279618,next_close
POST,BUY,72.0,91.26000213623047,6570.720153808594,16.426800384521485,-6587.146954193116,9345.939226163544,198.0,2022-11-01,2022-10-31,target_rebalance,0.0707201152941062,next_close
XOM,BUY,82.0,98.80130767822266,8101.707229614258,20.254268074035647,-8121.961497688293,1223.9777284752508,255.0,2022-11-01,2022-10-31,target_rebalance,0.098780408524065,next_close
BJ,SELL,166.0,70.7300033569336,11741.180557250977,29.35295139312744,11711.827605857849,12935.8053343331,0.0,2022-12-01,2022-11-30,target_exit,,next_close
HII,SELL,49.0,214.3079376220703,10501.088943481445,26.252722358703615,10474.836221122741,23410.64155545584,0.0,2022-12-01,2022-11-30,target_exit,,next_close
SQM,SELL,97.0,85.45561218261719,8289.194381713867,20.722985954284667,8268.471395759583,31679.112951215422,0.0,2022-12-01,2022-11-30,target_exit,,next_close
EXE,SELL,3.0,91.01416015625,273.04248046875,0.682606201171875,272.3598742675781,31951.472825483,104.0,2022-12-01,2022-11-30,target_rebalance,0.035797962679316,next_close
FSLR,SELL,10.0,168.5399932861328,1685.3999328613281,4.21349983215332,1681.1864330291749,33632.659258512176,185.0,2022-12-01,2022-11-30,target_rebalance,0.1175851838557988,next_close
LNG,SELL,13.0,169.51853942871094,2203.741012573242,5.509352531433105,2198.231660041809,35830.89091855398,100.0,2022-12-01,2022-11-30,target_rebalance,0.0640335645799444,next_close
POST,SELL,36.0,94.08999633789062,3387.2398681640625,8.468099670410156,3378.7717684936524,39209.66268704763,162.0,2022-12-01,2022-11-30,target_rebalance,0.0575040772029807,next_close
CHRD,SELL,82.0,118.36058044433594,9705.567596435547,24.263918991088868,9681.303677444457,48890.96636449209,87.0,2022-12-01,2022-11-30,target_rebalance,0.0388453048599014,next_close
XOM,SELL,125.0,98.60880279541016,12326.10034942627,30.815250873565674,12295.285098552704,61186.25146304479,130.0,2022-12-01,2022-11-30,target_rebalance,0.0483833872766722,next_close
WFRD,SELL,295.0,42.29911422729492,12478.238697052002,31.195596742630006,12447.043100309373,73633.29456335417,337.0,2022-12-01,2022-11-30,target_rebalance,0.053850044680047,next_close
DKS,BUY,23.0,107.37928009033203,2469.7234420776367,6.174308605194092,-2475.897750682831,71157.39681267133,234.0,2022-12-01,2022-11-30,target_rebalance,0.0952940303885954,next_close
BIIB,BUY,8.0,301.8500061035156,2414.800048828125,6.037000122070313,-2420.8370489501954,68736.55976372113,63.0,2022-12-01,2022-11-30,target_rebalance,0.0724731971020353,next_close
ANET,BUY,83.0,34.94499969482422,2900.43497467041,7.251087436676025,-2907.6860621070864,65828.87370161405,607.0,2022-12-01,2022-11-30,target_rebalance,0.0803470133066323,next_close
CELH,BUY,321.0,37.793331146240234,12131.659297943115,30.329148244857787,-12161.988446187974,53666.88525542608,613.0,2022-12-01,2022-11-30,target_rebalance,0.0878288445499251,next_close
HLT,BUY,112.0,140.88636779785156,15779.273193359375,39.44818298339844,-15818.721376342774,37848.16387908331,112.0,2022-12-01,2022-11-30,target_rebalance,0.0598803311705031,next_close
LVS,BUY,402.0,44.281761169433594,17801.267990112305,44.50316997528076,-17845.771160087585,20002.392718995725,402.0,2022-12-01,2022-11-30,target_rebalance,0.067480826682428,next_close
AXON,BUY,103.0,185.5500030517578,19111.650314331055,47.77912578582764,-19159.42944011688,842.963278878844,103.0,2022-12-01,2022-11-30,target_rebalance,0.072367823196294,next_close
ANET,SELL,607.0,30.227500915527344,18348.093055725098,45.870232639312746,18302.222823085784,19145.186101964628,0.0,2023-01-03,2022-12-30,target_exit,,next_close
BIIB,SELL,63.0,272.6300048828125,17175.690307617188,42.93922576904297,17132.751081848146,36277.93718381277,0.0,2023-01-03,2022-12-30,target_exit,,next_close
CHRD,SELL,87.0,105.96084594726562,9218.59359741211,23.046483993530273,9195.54711341858,45473.48429723135,0.0,2023-01-03,2022-12-30,target_exit,,next_close
ENPH,SELL,37.0,253.30999755859375,9372.469909667969,23.43117477416992,9349.038734893798,54822.523032125144,0.0,2023-01-03,2022-12-30,target_exit,,next_close
EXE,SELL,104.0,76.71805572509766,7978.677795410156,19.94669448852539,7958.731100921631,62781.25413304677,0.0,2023-01-03,2022-12-30,target_exit,,next_close
HLT,SELL,112.0,123.78792572021484,13864.247680664062,34.660619201660154,13829.587061462402,76610.84119450918,0.0,2023-01-03,2022-12-30,target_exit,,next_close
LNG,SELL,100.0,135.7172393798828,13571.723937988281,33.9293098449707,13537.79462814331,90148.63582265249,0.0,2023-01-03,2022-12-30,target_exit,,next_close
DKS,SELL,14.0,110.6310806274414,1548.8351287841797,3.872087821960449,1544.9630409622193,91693.59886361471,220.0,2023-01-03,2022-12-30,target_rebalance,0.1,next_close
LVS,SELL,129.0,46.58604049682617,6009.599224090576,15.023998060226441,5994.57522603035,97688.17408964506,273.0,2023-01-03,2022-12-30,target_rebalance,0.0522972188923767,next_close
AXON,SELL,43.0,168.24000549316406,7234.320236206055,18.085800590515138,7216.23443561554,104904.4085252606,60.0,2023-01-03,2022-12-30,target_rebalance,0.041297882272935,next_close
POST,SELL,103.0,89.95999908447266,9265.879905700684,23.164699764251708,9242.715205936433,114147.12373119703,59.0,2023-01-03,2022-12-30,target_rebalance,0.021591993204941,next_close
CELH,SELL,397.0,33.4900016784668,13295.530666351318,33.2388266658783,13262.29183968544,127409.41557088247,216.0,2023-01-03,2022-12-30,target_rebalance,0.0297473960407602,next_close
FSLR,SELL,94.0,145.94000244140625,13718.360229492188,34.29590057373047,13684.064328918457,141093.47989980094,91.0,2023-01-03,2022-12-30,target_rebalance,0.0545333339296057,next_close
XOM,BUY,64.0,94.79080963134766,6066.61181640625,15.166529541015626,-6081.778345947266,135011.70155385367,194.0,2023-01-03,2022-12-30,target_rebalance,0.0762361494553872,next_close
WFRD,BUY,177.0,47.07466125488281,8332.215042114258,20.830537605285645,-8353.045579719543,126658.65597413412,514.0,2023-01-03,2022-12-30,target_rebalance,0.1,next_close
TPR,BUY,272.0,35.60675811767578,9685.038208007812,24.212595520019534,-9709.250803527832,116949.40517060629,272.0,2023-01-03,2022-12-30,target_rebalance,0.0400496482630916,next_close
ITT,BUY,133.0,79.18458557128906,10531.549880981445,26.328874702453614,-10557.8787556839,106391.5264149224,133.0,2023-01-03,2022-12-30,target_rebalance,0.043665567783444,next_close
NKE,BUY,103.0,110.87744140625,11420.37646484375,28.550941162109375,-11448.92740600586,94942.59900891653,103.0,2023-01-03,2022-12-30,target_rebalance,0.0475553836384158,next_close
STT,BUY,185.0,70.43519592285156,13030.511245727539,32.576278114318846,-13063.087523841858,81879.51148507468,185.0,2023-01-03,2022-12-30,target_rebalance,0.0537632398274821,next_close
CB,BUY,69.0,211.53248596191406,14595.74153137207,36.489353828430175,-14632.2308852005,67247.28059987418,69.0,2023-01-03,2022-12-30,target_rebalance,0.0602819103358361,next_close
AVGO,BUY,480.0,52.724700927734375,25307.8564453125,63.26964111328125,-25371.126086425782,41876.154513448404,480.0,2023-01-03,2022-12-30,target_rebalance,0.1046247168830653,next_close
AGCO,BUY,214.0,124.10693359375,26558.8837890625,66.39720947265626,-26625.280998535156,15250.873514913248,214.0,2023-01-03,2022-12-30,target_rebalance,0.1097497597407172,next_close
POST,SELL,59.0,95.16000366210938,5614.440216064453,14.036100540161133,5600.404115524292,20851.27763043754,0.0,2023-02-01,2023-01-31,target_exit,,next_close
XOM,SELL,194.0,102.11526489257812,19810.361389160156,49.52590347290039,19760.835485687257,40612.1131161248,0.0,2023-02-01,2023-01-31,target_exit,,next_close
AXON,SELL,5.0,198.38999938964844,991.9499969482422,2.4798749923706054,989.4701219558716,41601.58323808067,55.0,2023-02-01,2023-01-31,target_rebalance,0.0406905976080989,next_close
CELH,SELL,57.0,33.483333587646484,1908.5500144958496,4.771375036239625,1903.77863945961,43505.36187754028,159.0,2023-02-01,2023-01-31,target_rebalance,0.0199699653820694,next_close
CB,SELL,11.0,204.50917053222656,2249.600875854492,5.62400218963623,2243.976873664856,45749.338751205134,58.0,2023-02-01,2023-01-31,target_rebalance,0.0440017979209161,next_close
AVGO,SELL,49.0,57.41817855834961,2813.490749359131,7.0337268733978275,2806.457022485733,48555.795773690865,431.0,2023-02-01,2023-01-31,target_rebalance,0.0927912806848341,next_close
NKE,SELL,23.0,120.91478729248047,2781.040107727051,6.952600269317627,2774.087507457733,51329.8832811486,80.0,2023-02-01,2023-01-31,target_rebalance,0.0359519203117109,next_close
DKS,SELL,44.0,123.43115234375,5430.970703125,13.5774267578125,5417.393276367187,56747.27655751578,176.0,2023-02-01,2023-01-31,target_rebalance,0.0814886171371235,next_close
WFRD,SELL,199.0,54.758338928222656,10896.909446716309,27.242273616790772,10869.667173099519,67616.9437306153,315.0,2023-02-01,2023-01-31,target_rebalance,0.0645838249331093,next_close
AGCO,SELL,144.0,125.86994171142578,18125.271606445312,45.31317901611328,18079.9584274292,85696.9021580445,70.0,2023-02-01,2023-01-31,target_rebalance,0.0326007692007147,next_close
TPR,BUY,91.0,42.75011444091797,3890.260414123535,9.725651035308838,-3899.986065158844,81796.91609288566,363.0,2023-02-01,2023-01-31,target_rebalance,0.0582589671653791,next_close
STT,BUY,48.0,82.90510559082031,3979.445068359375,9.948612670898438,-3989.3936810302735,77807.52241185539,233.0,2023-02-01,2023-01-31,target_rebalance,0.0725133366896897,next_close
ITT,BUY,59.0,89.05126190185547,5254.024452209473,13.135061130523681,-5267.159513339996,72540.36289851539,192.0,2023-02-01,2023-01-31,target_rebalance,0.0643439211750071,next_close
FSLR,BUY,34.0,180.14999389648438,6125.099792480469,15.312749481201172,-6140.41254196167,66399.95035655372,125.0,2023-02-01,2023-01-31,target_rebalance,0.0851435256007321,next_close
LVS,BUY,210.0,55.64259338378906,11684.944610595703,29.212361526489257,-11714.156972122193,54685.79338443153,483.0,2023-02-01,2023-01-31,target_rebalance,0.1009115265855068,next_close
PHM,BUY,231.0,56.823997497558594,13126.343421936035,32.81585855484009,-13159.159280490876,41526.634103940654,231.0,2023-02-01,2023-01-31,target_rebalance,0.0492685808237833,next_close
ACLS,BUY,201.0,115.1500015258789,23145.15030670166,57.86287576675415,-23203.013182468414,18323.62092147224,201.0,2023-02-01,2023-01-31,target_rebalance,0.0869178319559618,next_close
CB,SELL,58.0,200.7340545654297,11642.575164794922,29.106437911987307,11613.468726882935,29937.089648355177,0.0,2023-03-01,2023-02-28,target_exit,,next_close
CELH,SELL,159.0,29.593332290649414,4705.339834213257,11.763349585533142,4693.576484627723,34630.6661329829,0.0,2023-03-01,2023-02-28,target_exit,,next_close
ITT,SELL,53.0,88.96427154541016,4715.106391906738,11.787765979766846,4703.318625926971,39333.98475890987,139.0,2023-03-01,2023-02-28,target_rebalance,0.0454660480671136,next_close
STT,SELL,89.0,80.41653442382812,7157.071563720703,17.892678909301758,7139.178884811401,46473.16364372127,144.0,2023-03-01,2023-02-28,target_rebalance,0.0426125984106179,next_close
FSLR,SELL,56.0,195.67999267578125,10958.07958984375,27.395198974609375,10930.68439086914,57403.84803459041,69.0,2023-03-01,2023-02-28,target_rebalance,0.0496130220181493,next_close
LVS,SELL,331.0,55.31206130981445,18308.292293548584,45.77073073387146,18262.521562814713,75666.36959740512,152.0,2023-03-01,2023-02-28,target_rebalance,0.030916251025011,next_close
DKS,BUY,1.0,118.08171844482422,118.08171844482422,0.29520429611206056,-118.37692274093628,75547.99267466419,177.0,2023-03-01,2023-02-28,target_rebalance,0.0774182802376726,next_close
NKE,BUY,2.0,110.71873474121094,221.43746948242188,0.5535936737060547,-221.99106315612792,75326.00161150807,82.0,2023-03-01,2023-02-28,target_rebalance,0.0335635128771029,next_close
ACLS,BUY,3.0,132.24000549316406,396.7200164794922,0.9918000411987304,-397.71181652069095,74928.28979498737,204.0,2023-03-01,2023-02-28,target_rebalance,0.1,next_close
PHM,BUY,31.0,52.72068786621094,1634.341323852539,4.085853309631347,-1638.4271771621704,73289.8626178252,262.0,2023-03-01,2023-02-28,target_rebalance,0.0510118726371951,next_close
AVGO,BUY,31.0,56.54369354248047,1752.8544998168945,4.382136249542237,-1757.2366360664369,71532.62598175877,462.0,2023-03-01,2023-02-28,target_rebalance,0.0965457154478036,next_close
TPR,BUY,60.0,39.659854888916016,2379.591293334961,5.948978233337402,-2385.5402715682985,69147.08571019047,423.0,2023-03-01,2023-02-28,target_rebalance,0.0619926822059438,next_close
AXON,BUY,11.0,221.05999755859375,2431.6599731445312,6.079149932861328,-2437.7391230773924,66709.34658711308,66.0,2023-03-01,2023-02-28,target_rebalance,0.054373274192253,next_close
WFRD,BUY,92.0,66.47836303710938,6116.0093994140625,15.290023498535156,-6131.299422912598,60578.04716420048,407.0,2023-03-01,2023-02-28,target_rebalance,0.1,next_close
AGCO,BUY,72.0,128.86032104492188,9277.943115234375,23.194857788085937,-9301.137973022462,51276.90919117801,142.0,2023-03-01,2023-02-28,target_rebalance,0.0677594263873973,next_close
PRI,BUY,93.0,182.35125732421875,16958.666931152344,42.39666732788086,-17001.063598480225,34275.84559269779,93.0,2023-03-01,2023-02-28,target_rebalance,0.0629272971797357,next_close
BLDR,BUY,227.0,85.76000213623047,19467.520484924316,48.66880121231079,-19516.18928613663,14759.656306561163,227.0,2023-03-01,2023-02-28,target_rebalance,0.0719587567799565,next_close
AGCO,SELL,142.0,120.74542236328125,17145.849975585938,42.864624938964845,17102.985350646974,31862.641657208136,0.0,2023-04-03,2023-03-31,target_exit,,next_close
ITT,SELL,139.0,83.32278442382812,11581.86703491211,28.954667587280273,11552.912367324829,43415.55402453296,0.0,2023-04-03,2023-03-31,target_exit,,next_close
NKE,SELL,82.0,113.92780303955078,9342.079849243164,23.35519962310791,9318.724649620057,52734.278674153014,0.0,2023-04-03,2023-03-31,target_exit,,next_close
STT,SELL,144.0,68.3681640625,9845.015625,24.6125390625,9820.4030859375,62554.68176009051,0.0,2023-04-03,2023-03-31,target_exit,,next_close
WFRD,SELL,407.0,60.62321472167969,24673.648391723633,61.684120979309085,24611.964270744324,87166.64603083483,0.0,2023-04-03,2023-03-31,target_exit,,next_close
BLDR,SELL,12.0,90.16000366210938,1081.9200439453125,2.7048001098632812,1079.2152438354492,88245.86127467029,215.0,2023-04-03,2023-03-31,target_rebalance,0.0711248924785067,next_close
AVGO,SELL,25.0,61.642425537109375,1541.0606384277344,3.852651596069336,1537.207986831665,89783.06926150195,437.0,2023-04-03,2023-03-31,target_rebalance,0.0988010646462545,next_close
PHM,SELL,37.0,57.53301239013672,2128.7214584350586,5.3218036460876466,2123.399654788971,91906.46891629092,225.0,2023-04-03,2023-03-31,target_rebalance,0.0475758261092979,next_close
TPR,SELL,60.0,39.605224609375,2376.3134765625,5.94078369140625,2370.372692871094,94276.84160916202,363.0,2023-04-03,2023-03-31,target_rebalance,0.0528005072977856,next_close
PRI,SELL,33.0,163.4320526123047,5393.257736206055,13.483144340515137,5379.774591865539,99656.61620102756,60.0,2023-04-03,2023-03-31,target_rebalance,0.0358345914445115,next_close
DKS,SELL,48.0,135.96511840820312,6526.32568359375,16.315814208984374,6510.009869384766,106166.62607041233,129.0,2023-04-03,2023-03-31,target_rebalance,0.0642251717835382,next_close
ACLS,BUY,1.0,132.4199981689453,132.4199981689453,0.3310499954223633,-132.7510481643677,106033.87502224796,205.0,2023-04-03,2023-03-31,target_rebalance,0.1,next_close
LVS,BUY,9.0,55.453731536865234,499.0835838317871,1.2477089595794677,-500.3312927913666,105533.54372945659,161.0,2023-04-03,2023-03-31,target_rebalance,0.0328528447960852,next_close
AXON,BUY,3.0,227.38999938964844,682.1699981689453,1.7054249954223633,-683.8754231643677,104849.66830629222,69.0,2023-04-03,2023-03-31,target_rebalance,0.0580846269743899,next_close
FSLR,BUY,50.0,208.49000549316406,10424.500274658203,26.061250686645508,-10450.561525344849,94399.10678094738,119.0,2023-04-03,2023-03-31,target_rebalance,0.0913874150003227,next_close
LSCC,BUY,145.0,95.44999694824219,13840.249557495117,34.6006238937378,-13874.850181388854,80524.25659955852,145.0,2023-04-03,2023-03-31,target_rebalance,0.0511747048532469,next_close
STM,BUY,307.0,51.24618148803711,15732.577716827393,39.33144429206848,-15771.909161119462,64752.34743843906,307.0,2023-04-03,2023-03-31,target_rebalance,0.0579888015763392,next_close
ALGM,BUY,348.0,47.86000061035156,16655.280212402344,41.63820053100586,-16696.918412933348,48055.42902550571,348.0,2023-04-03,2023-03-31,target_rebalance,0.0612996141189442,next_close
FTAI,BUY,693.0,26.286794662475586,18216.74870109558,45.541871752738956,-18262.29057284832,29793.138452657393,693.0,2023-04-03,2023-03-31,target_rebalance,0.0670384185673544,next_close
LRCX,BUY,362.0,50.628318786621094,18327.451400756836,45.81862850189209,-18373.27002925873,11419.868423398664,362.0,2023-04-03,2023-03-31,target_rebalance,0.0673944880314771,next_close
ALGM,SELL,348.0,36.689998626708984,12768.119522094727,31.92029880523682,12736.19922328949,24156.067646688156,0.0,2023-05-01,2023-04-28,target_exit,,next_close
FSLR,SELL,119.0,180.85000610351562,21521.15072631836,53.8028768157959,21467.347849502563,45623.41549619072,0.0,2023-05-01,2023-04-28,target_exit,,next_close
STM,SELL,307.0,41.634498596191406,12781.791069030762,31.954477672576903,12749.836591358186,58373.252087548906,0.0,2023-05-01,2023-04-28,target_exit,,next_close
TPR,SELL,363.0,37.52753829956055,13622.496402740479,34.056241006851195,13588.440161733628,71961.69224928254,0.0,2023-05-01,2023-04-28,target_exit,,next_close
DKS,SELL,19.0,130.9669952392578,2488.3729095458984,6.220932273864746,2482.1519772720335,74443.84422655457,110.0,2023-05-01,2023-04-28,target_rebalance,0.0553826477976894,next_close
PRI,SELL,17.0,175.67276000976562,2986.4369201660156,7.466092300415039,2978.9708278656008,77422.81505442018,43.0,2023-05-01,2023-04-28,target_rebalance,0.0289992558031179,next_close
BLDR,SELL,36.0,93.8499984741211,3378.5999450683594,8.4464998626709,3370.1534452056885,80792.96849962587,179.0,2023-05-01,2023-04-28,target_rebalance,0.0644794524590323,next_close
ACLS,SELL,28.0,123.08999633789062,3446.5198974609375,8.616299743652345,3437.9035977172853,84230.87209734316,177.0,2023-05-01,2023-04-28,target_rebalance,0.0836513462042762,next_close
LSCC,SELL,70.0,81.63999938964844,5714.799957275391,14.286999893188478,5700.512957382202,89931.38505472537,75.0,2023-05-01,2023-04-28,target_rebalance,0.0235188634271408,next_close
AVGO,SELL,119.0,61.208736419677734,7283.83963394165,18.209599084854126,7265.630034856797,97197.01508958216,318.0,2023-05-01,2023-04-28,target_rebalance,0.075,next_close
FTAI,SELL,311.0,26.447887420654297,8225.292987823486,20.563232469558717,8204.729755353928,105401.74484493608,382.0,2023-05-01,2023-04-28,target_rebalance,0.0389005816657264,next_close
AXON,SELL,38.0,216.0,8208.0,20.52,8187.48,113589.22484493608,31.0,2023-05-01,2023-04-28,target_rebalance,0.0251913241516784,next_close
LVS,BUY,45.0,61.2521858215332,2756.348361968994,6.890870904922486,-2763.2392328739165,110825.98561206216,206.0,2023-05-01,2023-04-28,target_rebalance,0.0488443076644766,next_close
PHM,BUY,81.0,64.14442443847656,5195.698379516602,12.989245948791504,-5208.6876254653935,105617.29798659676,306.0,2023-05-01,2023-04-28,target_rebalance,0.0756890629787876,next_close
LRCX,BUY,130.0,50.85353088378906,6610.959014892578,16.527397537231444,-6627.486412429809,98989.81157416696,492.0,2023-05-01,2023-04-28,target_rebalance,0.0964922840296287,next_close
BLD,BUY,47.0,222.07000732421875,10437.290344238281,26.093225860595705,-10463.383570098877,88526.42800406809,47.0,2023-05-01,2023-04-28,target_rebalance,0.041042158195341,next_close
SSD,BUY,124.0,123.36104583740234,15296.76968383789,38.24192420959473,-15335.011608047485,73191.4163960206,124.0,2023-05-01,2023-04-28,target_rebalance,0.0593574833597111,next_close
ELF,BUY,191.0,92.72000122070312,17709.520233154297,44.27380058288574,-17753.794033737184,55437.62236228342,191.0,2023-05-01,2023-04-28,target_rebalance,0.068504847318557,next_close
CHDN,BUY,123.0,147.5825653076172,18152.655532836914,45.381638832092285,-18198.037171669006,37239.585190614416,123.0,2023-05-01,2023-04-28,target_rebalance,0.070090015178741,next_close
AXON,SELL,31.0,192.13999938964844,5956.339981079102,14.890849952697755,5941.449131126404,43181.03432174082,0.0,2023-06-01,2023-05-31,target_exit,,next_close
BLD,SELL,47.0,206.60000610351562,9710.200286865234,24.275500717163087,9685.92478614807,52866.95910788889,0.0,2023-06-01,2023-05-31,target_exit,,next_close
DKS,SELL,110.0,116.61941528320312,12828.135681152344,32.07033920288086,12796.065341949463,65663.02444983835,0.0,2023-06-01,2023-05-31,target_exit,,next_close
FTAI,SELL,382.0,27.45433807373047,10487.557144165039,26.2188928604126,10461.338251304627,76124.36270114298,0.0,2023-06-01,2023-05-31,target_exit,,next_close
LSCC,SELL,75.0,83.08999633789062,6231.749725341797,15.579374313354492,6216.170351028442,82340.53305217142,0.0,2023-06-01,2023-05-31,target_exit,,next_close
LVS,SELL,206.0,52.36561584472656,10787.316864013672,26.96829216003418,10760.348571853638,93100.88162402506,0.0,2023-06-01,2023-05-31,target_exit,,next_close
PRI,SELL,43.0,173.72056579589844,7469.984329223633,18.67496082305908,7451.3093684005735,100552.19099242563,0.0,2023-06-01,2023-05-31,target_exit,,next_close
SSD,SELL,124.0,117.8437271118164,14612.622161865234,36.53155540466309,14576.090606460572,115128.2815988862,0.0,2023-06-01,2023-05-31,target_exit,,next_close
CHDN,SELL,26.0,136.15847778320312,3540.1204223632812,8.850301055908202,3531.270121307373,118659.55172019357,97.0,2023-06-01,2023-05-31,target_rebalance,0.0474970459726735,next_close
ACLS,SELL,23.0,162.08999633789062,3728.0699157714844,9.32017478942871,3718.7497409820558,122378.30146117562,154.0,2023-06-01,2023-05-31,target_rebalance,0.0905855700033089,next_close
PHM,SELL,126.0,65.62664031982422,8268.956680297852,20.67239170074463,8248.284288597108,130626.58574977273,180.0,2023-06-01,2023-05-31,target_rebalance,0.0428735067028461,next_close
LRCX,SELL,220.0,60.1761589050293,13238.754959106445,33.09688739776611,13205.65807170868,143832.24382148142,272.0,2023-06-01,2023-05-31,target_rebalance,0.0592600611131164,next_close
ELF,BUY,19.0,106.54000091552734,2024.2600173950195,5.0606500434875485,-2029.3206674385071,141802.92315404292,210.0,2023-06-01,2023-05-31,target_rebalance,0.0814408126524287,next_close
BLDR,BUY,51.0,115.86000061035156,5908.86003112793,14.772150077819825,-5923.6321812057495,135879.29097283716,230.0,2023-06-01,2023-05-31,target_rebalance,0.0968054218046511,next_close
AVGO,BUY,147.0,75.79254150390625,11141.503601074219,27.853759002685546,-11169.357360076905,124709.93361276026,465.0,2023-06-01,2023-05-31,target_rebalance,0.127995143193338,next_close
CXT,BUY,238.0,51.836463928222656,12337.078414916992,30.84269603729248,-12367.921110954285,112342.01250180598,238.0,2023-06-01,2023-05-31,target_rebalance,0.0449157038270059,next_close
EXP,BUY,81.0,160.62002563476562,13010.222076416016,32.52555519104004,-13042.747631607055,99299.26487019892,81.0,2023-06-01,2023-05-31,target_rebalance,0.0477284190174834,next_close
ONTO,BUY,127.0,106.73999786376953,13555.97972869873,33.889949321746826,-13589.869678020477,85709.39519217845,127.0,2023-06-01,2023-05-31,target_rebalance,0.0493758850683548,next_close
GOOGL,BUY,115.0,122.6325912475586,14102.747993469238,35.2568699836731,-14138.004863452912,71571.39032872554,115.0,2023-06-01,2023-05-31,target_rebalance,0.0516450211473596,next_close
AAPL,BUY,87.0,177.60020446777344,15451.217788696289,38.62804447174072,-15489.84583316803,56081.54449555751,87.0,2023-06-01,2023-05-31,target_rebalance,0.0564875299861395,next_close
GOOG,BUY,138.0,123.28305053710938,17013.060974121094,42.53265243530274,-17055.593626556398,39025.95086900111,138.0,2023-06-01,2023-05-31,target_rebalance,0.0618023718212921,next_close
NOW,BUY,168.0,108.59200286865234,18243.456481933594,45.60864120483399,-18289.06512313843,20736.885745862684,168.0,2023-06-01,2023-05-31,target_rebalance,0.066450229226636,next_close
ENTG,BUY,183.0,108.61247253417969,19876.082473754883,49.69020618438721,-19925.77267993927,811.113065923415,183.0,2023-06-01,2023-05-31,target_rebalance,0.0722899075203971,next_close
CHDN,SELL,97.0,135.34671020507812,13128.630889892578,32.82157722473145,13095.809312667847,13906.922378591262,0.0,2023-07-03,2023-06-30,target_exit,,next_close
ONTO,SELL,18.0,115.69000244140625,2082.4200439453125,5.206050109863281,2077.2139938354494,15984.13637242671,109.0,2023-07-03,2023-06-30,target_rebalance,0.0425369117540947,next_close
ACLS,SELL,13.0,181.74000549316406,2362.620071411133,5.906550178527832,2356.7135212326048,18340.849893659317,141.0,2023-07-03,2023-06-30,target_rebalance,0.086508243421866,next_close
ENTG,SELL,39.0,108.79044342041016,4242.827293395996,10.60706823348999,4232.220225162506,22573.070118821823,144.0,2023-07-03,2023-06-30,target_rebalance,0.0530555848878272,next_close
NOW,SELL,39.0,112.5739974975586,4390.385902404785,10.975964756011964,4379.409937648773,26952.480056470595,129.0,2023-07-03,2023-06-30,target_rebalance,0.0489569479563834,next_close
GOOGL,SELL,42.0,118.84616088867188,4991.538757324219,12.478846893310546,4979.0599104309085,31931.539966901502,73.0,2023-07-03,2023-06-30,target_rebalance,0.029104117262593,next_close
LRCX,SELL,106.0,63.37246322631836,6717.481101989746,16.793702754974365,6700.687399234772,38632.22736613627,166.0,2023-07-03,2023-06-30,target_rebalance,0.0355864713713487,next_close
GOOG,SELL,56.0,119.50634002685547,6692.355041503906,16.730887603759765,6675.624153900147,45307.85152003642,82.0,2023-07-03,2023-06-30,target_rebalance,0.0329987770301001,next_close
ELF,SELL,63.0,113.25,7134.75,17.836875,7116.913125,52424.76464503642,147.0,2023-07-03,2023-06-30,target_rebalance,0.0561291996448771,next_close
AVGO,SELL,93.0,84.53890228271484,7862.1179122924805,19.6552947807312,7842.462617511749,60267.22726254817,372.0,2023-07-03,2023-06-30,target_rebalance,0.1064919983407352,next_close
AAPL,BUY,19.0,189.79916381835938,3606.184112548828,9.01546028137207,-3615.1995728302004,56652.02768971797,106.0,2023-07-03,2023-06-30,target_rebalance,0.0686967989204925,next_close
PHM,BUY,56.0,75.53165435791016,4229.772644042969,10.574431610107423,-4240.347075653076,52411.6806140649,236.0,2023-07-03,2023-06-30,target_rebalance,0.060536485074471,next_close
BLDR,BUY,37.0,136.3300018310547,5044.210067749023,12.61052516937256,-5056.820592918396,47354.8600211465,267.0,2023-07-03,2023-06-30,target_rebalance,0.1235383990300673,next_close
CXT,BUY,189.0,53.640567779541016,10138.067310333252,25.34516827583313,-10163.412478609085,37191.44754253742,427.0,2023-07-03,2023-06-30,target_rebalance,0.0778047921427494,next_close
EXP,BUY,70.0,183.10304260253906,12817.212982177734,32.04303245544433,-12849.256014633178,24342.19152790424,151.0,2023-07-03,2023-06-30,target_rebalance,0.0943416958853842,next_close
LPX,BUY,314.0,71.68280029296875,22508.399291992188,56.27099822998047,-22564.67029022217,1777.521237682071,314.0,2023-07-03,2023-06-30,target_rebalance,0.0764157175478633,next_close
CXT,SELL,427.0,56.988285064697266,24333.997722625732,60.83499430656433,24273.162728319166,26050.683966001237,0.0,2023-08-01,2023-07-31,target_exit,,next_close
ENTG,SELL,25.0,106.5640640258789,2664.1016006469727,6.660254001617432,2657.441346645355,28708.125312646593,119.0,2023-08-01,2023-07-31,target_rebalance,0.0408285017351854,next_close
NOW,SELL,27.0,118.0780029296875,3188.1060791015625,7.970265197753906,3180.1358139038084,31888.261126550402,102.0,2023-08-01,2023-07-31,target_rebalance,0.0387519695257853,next_close
AVGO,SELL,45.0,88.7405776977539,3993.325996398926,9.983314990997314,3983.3426814079285,35871.60380795833,327.0,2023-08-01,2023-07-31,target_rebalance,0.0934472641006232,next_close
BLDR,SELL,31.0,146.75999450683594,4549.559829711914,11.373899574279786,4538.185930137634,40409.78973809596,236.0,2023-08-01,2023-07-31,target_rebalance,0.1115411341932715,next_close
AAPL,SELL,25.0,192.90562438964844,4822.640609741211,12.056601524353027,4810.584008216858,45220.37374631282,81.0,2023-08-01,2023-07-31,target_rebalance,0.0498762965474956,next_close
ELF,SELL,52.0,116.5,6058.0,15.145,6042.855,51263.228746312816,95.0,2023-08-01,2023-07-31,target_rebalance,0.035377664913243,next_close
LPX,SELL,89.0,73.46070861816406,6538.003067016602,16.345007667541505,6521.65805934906,57784.886805661874,225.0,2023-08-01,2023-07-31,target_rebalance,0.0531256889927068,next_close
EXP,SELL,46.0,184.7501983642578,8498.50912475586,21.24627281188965,8477.26285194397,66262.14965760584,105.0,2023-08-01,2023-07-31,target_rebalance,0.0621056270815247,next_close
PHM,SELL,128.0,82.69488525390625,10584.9453125,26.46236328125,10558.48294921875,76820.6326068246,108.0,2023-08-01,2023-07-31,target_rebalance,0.0285674020941704,next_close
GOOG,BUY,18.0,130.73731994628906,2353.271759033203,5.883179397583008,-2359.154938430786,74461.47766839381,100.0,2023-08-01,2023-07-31,target_rebalance,0.0424895625677388,next_close
LRCX,BUY,147.0,69.69129943847656,10244.621017456055,25.611552543640137,-10270.232569999695,64191.245098394116,313.0,2023-08-01,2023-07-31,target_rebalance,0.0704841107006352,next_close
ONTO,BUY,83.0,123.20999908447266,10226.42992401123,25.566074810028077,-10251.995998821258,53939.24909957286,192.0,2023-08-01,2023-07-31,target_rebalance,0.0766687117553555,next_close
GOOGL,BUY,87.0,130.39376831054688,11344.257843017578,28.360644607543946,-11372.618487625123,42566.63061194774,160.0,2023-08-01,2023-07-31,target_rebalance,0.0675860430192392,next_close
ACLS,BUY,63.0,196.2100067138672,12361.230422973633,30.90307605743408,-12392.133499031066,30174.497112916673,204.0,2023-08-01,2023-07-31,target_rebalance,0.1295185125177567,next_close
ON,BUY,255.0,108.08999633789062,27562.94906616211,68.90737266540528,-27631.856438827515,2542.640674089158,255.0,2023-08-01,2023-07-31,target_rebalance,0.0890528991904438,next_close
AAPL,SELL,81.0,187.0929718017578,15154.530715942383,37.88632678985596,15116.644389152527,17659.285063241685,0.0,2023-09-01,2023-08-31,target_exit,,next_close
ENTG,SELL,119.0,101.42784118652344,12069.913101196289,30.174782752990723,12039.738318443298,29699.023381684983,0.0,2023-09-01,2023-08-31,target_exit,,next_close
LPX,SELL,225.0,62.007652282714844,13951.72176361084,34.8793044090271,13916.842459201813,43615.86584088679,0.0,2023-09-01,2023-08-31,target_exit,,next_close
NOW,SELL,102.0,118.1760025024414,12053.952255249023,30.13488063812256,12023.8173746109,55639.683215497695,0.0,2023-09-01,2023-08-31,target_exit,,next_close
BLDR,SELL,6.0,148.74000549316406,892.4400329589844,2.231100082397461,890.2089328765869,56529.89214837428,230.0,2023-09-01,2023-08-31,target_rebalance,0.110956421022489,next_close
GOOGL,SELL,54.0,134.4676513671875,7261.253173828125,18.153132934570312,7243.100040893554,63772.99218926784,106.0,2023-09-01,2023-08-31,target_rebalance,0.0461265665146285,next_close
ON,SELL,135.0,99.4000015258789,13419.000205993652,33.54750051498413,13385.452705478669,77158.44489474651,120.0,2023-09-01,2023-08-31,target_rebalance,0.0386000332963718,next_close
ACLS,SELL,118.0,192.89999389648438,22762.199279785156,56.90549819946289,22705.293781585693,99863.7386763322,86.0,2023-09-01,2023-08-31,target_rebalance,0.0537869830560676,next_close
LRCX,BUY,16.0,68.33428955078125,1093.3486328125,2.73337158203125,-1096.0820043945312,98767.65667193767,329.0,2023-09-01,2023-08-31,target_rebalance,0.0731812385968022,next_close
PHM,BUY,23.0,80.75015258789062,1857.2535095214844,4.643133773803711,-1861.8966432952882,96905.76002864238,131.0,2023-09-01,2023-08-31,target_rebalance,0.0345362122824309,next_close
ONTO,BUY,16.0,136.77999877929688,2188.47998046875,5.471199951171875,-2193.951180419922,94711.80884822246,208.0,2023-09-01,2023-08-31,target_rebalance,0.0927460475322721,next_close
AVGO,BUY,40.0,84.16078186035156,3366.4312744140625,8.416078186035156,-3374.8473526000976,91336.96149562235,367.0,2023-09-01,2023-08-31,target_rebalance,0.1006652860084379,next_close
ELF,BUY,32.0,136.97000122070312,4383.0400390625,10.95760009765625,-4393.997639160156,86942.9638564622,127.0,2023-09-01,2023-08-31,target_rebalance,0.0568313124869109,next_close
EXP,BUY,27.0,192.11813354492188,5187.189605712891,12.967974014282227,-5200.157579727173,81742.80627673503,132.0,2023-09-01,2023-08-31,target_rebalance,0.082565205006512,next_close
GOOG,BUY,42.0,135.6044158935547,5695.385467529297,14.238463668823243,-5709.62393119812,76033.18234553692,142.0,2023-09-01,2023-08-31,target_rebalance,0.0628527112392921,next_close
MELI,BUY,11.0,1421.6400146484375,15638.040161132812,39.09510040283203,-15677.135261535645,60356.04708400127,11.0,2023-09-01,2023-08-31,target_rebalance,0.054764444469259,next_close
WMS,BUY,137.0,128.55746459960938,17612.372650146484,44.030931625366215,-17656.40358177185,42699.64350222942,137.0,2023-09-01,2023-08-31,target_rebalance,0.0573989793640138,next_close
ANET,BUY,381.0,49.34000015258789,18798.540058135986,46.99635014533997,-18845.536408281325,23854.107093948092,381.0,2023-09-01,2023-08-31,target_rebalance,0.0611528401923926,next_close
BLD,BUY,72.0,296.55999755859375,21352.31982421875,53.380799560546876,-21405.700623779296,2448.4064701687967,72.0,2023-09-01,2023-08-31,target_rebalance,0.0701805939267253,next_close
ACLS,SELL,86.0,162.6300048828125,13986.180419921875,34.96545104980469,13951.214968872071,16399.621439040868,0.0,2023-10-02,2023-09-29,target_exit,,next_close
AVGO,SELL,367.0,80.97554016113281,29718.023239135742,74.29505809783936,29643.728181037903,46043.34962007877,0.0,2023-10-02,2023-09-29,target_exit,,next_close
BLD,SELL,72.0,248.0399932861328,17858.879516601562,44.647198791503904,17814.23231781006,63857.581937888826,0.0,2023-10-02,2023-09-29,target_exit,,next_close
BLDR,SELL,230.0,123.0,28290.0,70.72500000000001,28219.275,92076.85693788884,0.0,2023-10-02,2023-09-29,target_exit,,next_close
ELF,SELL,127.0,108.20999908447266,13742.669883728027,34.35667470932007,13708.313209018706,105785.17014690753,0.0,2023-10-02,2023-09-29,target_exit,,next_close
EXP,SELL,132.0,162.9456329345703,21508.82354736328,53.7720588684082,21455.05148849487,127240.22163540241,0.0,2023-10-02,2023-09-29,target_exit,,next_close
PHM,SELL,131.0,71.70024108886719,9392.731582641602,23.481828956604005,9369.249753684997,136609.4713890874,0.0,2023-10-02,2023-09-29,target_exit,,next_close
ONTO,SELL,87.0,126.80999755859375,11032.469787597656,27.581174468994142,11004.888613128662,147614.36000221607,121.0,2023-10-02,2023-09-29,target_rebalance,0.0555679700173669,next_close
ON,BUY,2.0,93.37000274658203,186.74000549316406,0.4668500137329102,-187.20685550689697,147427.15314670917,122.0,2023-10-02,2023-09-29,target_rebalance,0.0417148605965025,next_close
GOOGL,BUY,1.0,132.99072265625,132.99072265625,0.332476806640625,-133.3231994628906,147293.82994724627,107.0,2023-10-02,2023-09-29,target_rebalance,0.0522664930322951,next_close
GOOG,BUY,5.0,133.9886474609375,669.9432373046875,1.6748580932617188,-671.6180953979492,146622.21185184832,147.0,2023-10-02,2023-09-29,target_rebalance,0.0717353467178936,next_close
LRCX,BUY,19.0,61.60042953491211,1170.40816116333,2.926020402908325,-1173.3341815662384,145448.8776702821,348.0,2023-10-02,2023-09-29,target_rebalance,0.0782067028442351,next_close
WMS,BUY,21.0,112.53838348388672,2363.306053161621,5.908265132904053,-2369.214318294525,143079.66335198758,158.0,2023-10-02,2023-09-29,target_rebalance,0.0648752840837979,next_close
MELI,BUY,1.0,1259.4100341796875,1259.4100341796875,3.1485250854492186,-1262.5585592651366,141817.10479272244,12.0,2023-10-02,2023-09-29,target_rebalance,0.0595350917759383,next_close
ANET,BUY,124.0,46.95249938964844,5822.109924316406,14.555274810791015,-5836.665199127197,135980.43959359525,505.0,2023-10-02,2023-09-29,target_rebalance,0.0864563418432683,next_close
EXE,BUY,201.0,77.32925415039062,15543.180084228516,38.85795021057129,-15582.038034439087,120398.40155915616,201.0,2023-10-02,2023-09-29,target_rebalance,0.0567329897971426,next_close
JBL,BUY,127.0,128.15997314453125,16276.316589355469,40.69079147338867,-16317.007380828858,104081.3941783273,127.0,2023-10-02,2023-09-29,target_rebalance,0.0596994239785374,next_close
PSX,BUY,157.0,108.3824462890625,17016.044067382812,42.54011016845703,-17058.58417755127,87022.81000077604,157.0,2023-10-02,2023-09-29,target_rebalance,0.0619970061695708,next_close
WFRD,BUY,219.0,88.06073760986328,19285.30153656006,48.213253841400146,-19333.51479040146,67689.29521037458,219.0,2023-10-02,2023-09-29,target_rebalance,0.0703338953724959,next_close
CCC,BUY,1558.0,12.9399995803833,20160.519346237183,50.40129836559296,-20210.920644602775,47478.3745657718,1558.0,2023-10-02,2023-09-29,target_rebalance,0.0733897242673295,next_close
FANG,BUY,156.0,135.3086395263672,21108.14776611328,52.770369415283206,-21160.918135528565,26317.456430243237,156.0,2023-10-02,2023-09-29,target_rebalance,0.0769052594202007,next_close
DINO,BUY,475.0,50.29447555541992,23889.875888824463,59.72468972206116,-23949.600578546524,2367.855851696713,475.0,2023-10-02,2023-09-29,target_rebalance,0.0869554687302806,next_close
LRCX,SELL,348.0,59.23554229736328,20613.968719482422,51.53492179870606,20562.433797683716,22930.28964938043,0.0,2023-11-01,2023-10-31,target_exit,,next_close
ON,SELL,122.0,64.83999633789062,7910.479553222656,19.77619888305664,7890.703354339599,30820.99300372003,0.0,2023-11-01,2023-10-31,target_exit,,next_close
ONTO,SELL,121.0,113.47000122070312,13729.870147705078,34.3246753692627,13695.545472335816,44516.538476055845,0.0,2023-11-01,2023-10-31,target_exit,,next_close
WMS,SELL,158.0,106.78413391113281,16871.893157958984,42.17973289489746,16829.71342506409,61346.25190111993,0.0,2023-11-01,2023-10-31,target_exit,,next_close
PSX,SELL,23.0,105.71432495117188,2431.429473876953,6.078573684692383,2425.3509001922607,63771.60280131219,134.0,2023-11-01,2023-10-31,target_rebalance,0.0529649787421634,next_close
GOOGL,SELL,24.0,125.3386001586914,3008.1264038085938,7.520316009521484,3000.606087799072,66772.20888911127,83.0,2023-11-01,2023-10-31,target_rebalance,0.0389179776290136,next_close
EXE,SELL,56.0,80.35253143310547,4499.741760253906,11.249354400634767,4488.4924058532715,71260.70129496454,145.0,2023-11-01,2023-10-31,target_rebalance,0.0434157635651199,next_close
GOOG,SELL,45.0,126.45508575439453,5690.478858947754,14.226197147369385,5676.252661800385,76936.95395676493,102.0,2023-11-01,2023-10-31,target_rebalance,0.0481144797417566,next_close
FANG,SELL,48.0,143.60556030273438,6893.06689453125,17.232667236328126,6875.834227294922,83812.78818405986,108.0,2023-11-01,2023-10-31,target_rebalance,0.0577380796128106,next_close
CCC,SELL,702.0,10.739999771118164,7539.479839324951,18.84869959831238,7520.631139726639,91333.4193237865,856.0,2023-11-01,2023-10-31,target_rebalance,0.0344074651145706,next_close
WFRD,BUY,12.0,92.69039154052734,1112.2846984863281,2.7807117462158204,-1115.0654102325439,90218.35391355395,231.0,2023-11-01,2023-10-31,target_rebalance,0.080339493147956,next_close
MELI,BUY,1.0,1300.010009765625,1300.010009765625,3.2500250244140627,-1303.260034790039,88915.0938787639,13.0,2023-11-01,2023-10-31,target_rebalance,0.0669175891197503,next_close
JBL,BUY,33.0,124.13227081298828,4096.364936828613,10.240912342071534,-4106.605849170684,84808.48802959322,160.0,2023-11-01,2023-10-31,target_rebalance,0.0747058804237387,next_close
DINO,BUY,87.0,49.73267364501953,4326.742607116699,10.816856517791749,-4337.559463634491,80470.92856595873,562.0,2023-11-01,2023-10-31,target_rebalance,0.1046920284103867,next_close
ANET,BUY,89.0,52.709999084472656,4691.189918518066,11.727974796295166,-4702.917893314361,75768.01067264438,594.0,2023-11-01,2023-10-31,target_rebalance,0.1173182878387162,next_close
AMZN,BUY,119.0,137.0,16303.0,40.7575,-16343.7575,59424.25317264438,119.0,2023-11-01,2023-10-31,target_rebalance,0.0612037901012506,next_close
RBA,BUY,264.0,63.993934631347656,16894.39874267578,42.235996856689454,-16936.63473953247,42487.61843311191,264.0,2023-11-01,2023-10-31,target_rebalance,0.0632815605604384,next_close
VRT,BUY,453.0,40.0845832824707,18158.31622695923,45.39579056739807,-18203.71201752663,24283.90641558528,453.0,2023-11-01,2023-10-31,target_rebalance,0.0680622323191761,next_close
UEC,BUY,3878.0,5.800000190734863,22492.4007396698,56.231001849174504,-22548.631741518973,1735.274674066306,3878.0,2023-11-01,2023-10-31,target_rebalance,0.0842157876382089,next_close
DINO,SELL,562.0,48.85824966430664,27458.336311340332,68.64584077835083,27389.69047056198,29124.965144628288,0.0,2023-12-01,2023-11-30,target_exit,,next_close
EXE,SELL,145.0,75.04784393310547,10881.937370300293,27.204843425750735,10854.732526874543,39979.69767150283,0.0,2023-12-01,2023-11-30,target_exit,,next_close
GOOG,SELL,102.0,132.1548309326172,13479.792755126953,33.699481887817385,13446.093273239136,53425.790944741966,0.0,2023-12-01,2023-11-30,target_exit,,next_close
GOOGL,SELL,83.0,130.70103454589844,10848.18586730957,27.120464668273925,10821.065402641296,64246.85634738326,0.0,2023-12-01,2023-11-30,target_exit,,next_close
JBL,SELL,160.0,116.33768463134766,18614.029541015625,46.535073852539064,18567.494467163087,82814.35081454634,0.0,2023-12-01,2023-11-30,target_exit,,next_close
PSX,SELL,134.0,119.1915512084961,15971.667861938477,39.92916965484619,15931.73869228363,98746.08950682997,0.0,2023-12-01,2023-11-30,target_exit,,next_close
AMZN,SELL,4.0,147.02999877929688,588.1199951171875,1.4702999877929688,586.6496951293946,99332.73920195937,115.0,2023-12-01,2023-11-30,target_rebalance,0.060314712896667,next_close
MELI,SELL,1.0,1652.010009765625,1652.010009765625,4.130025024414063,1647.879984741211,100980.61918670058,12.0,2023-12-01,2023-11-30,target_rebalance,0.0662019839326665,next_close
RBA,SELL,66.0,65.01130676269531,4290.746246337891,10.726865615844726,4280.019380722046,105260.63856742263,198.0,2023-12-01,2023-11-30,target_rebalance,0.0461058983379016,next_close
WFRD,SELL,70.0,88.81938171386719,6217.356719970703,15.543391799926757,6201.813328170776,111462.4518955934,161.0,2023-12-01,2023-11-30,target_rebalance,0.0511333725108474,next_close
ANET,SELL,131.0,54.15999984741211,7094.959980010986,17.737399950027466,7077.2225800609585,118539.67447565436,463.0,2023-12-01,2023-11-30,target_rebalance,0.0897980170476087,next_close
VRT,BUY,24.0,44.97683334350586,1079.4440002441406,2.6986100006103517,-1082.142610244751,117457.53186540962,477.0,2023-12-01,2023-11-30,target_rebalance,0.0770341652941101,next_close
FANG,BUY,7.0,141.98143005371094,993.8700103759766,2.4846750259399415,-996.3546854019165,116461.1771800077,115.0,2023-12-01,2023-11-30,target_rebalance,0.0590772733720529,next_close
UEC,BUY,196.0,6.539999961853027,1281.8399925231934,3.2045999813079833,-1285.0445925045015,115176.13258750319,4074.0,2023-12-01,2023-11-30,target_rebalance,0.0956068627698203,next_close
DECK,BUY,132.0,114.17666625976562,15071.319946289062,37.67829986572266,-15108.998246154784,100067.1343413484,132.0,2023-12-01,2023-11-30,target_rebalance,0.0542871673172988,next_close
ALLY,BUY,552.0,28.563888549804688,15767.266479492188,39.41816619873047,-15806.684645690919,84260.44969565747,552.0,2023-12-01,2023-11-30,target_rebalance,0.0565812774216412,next_close
EXPE,BUY,120.0,137.6031951904297,16512.383422851562,41.280958557128905,-16553.664381408693,67706.78531424879,120.0,2023-12-01,2023-11-30,target_rebalance,0.0594149940406318,next_close
UBER,BUY,335.0,57.349998474121094,19212.249488830566,48.03062372207642,-19260.280112552642,48446.50520169614,335.0,2023-12-01,2023-11-30,target_rebalance,0.0689351467287348,next_close
FICO,BUY,17.0,1127.7099609375,19171.0693359375,47.92767333984375,-19218.997009277344,29227.508192418798,17.0,2023-12-01,2023-11-30,target_rebalance,0.0719255281235665,next_close
KKR,BUY,300.0,73.70428466796875,22111.285400390625,55.27821350097656,-22166.5636138916,7060.944578527196,300.0,2023-12-01,2023-11-30,target_rebalance,0.0795509363028952,next_close
CCC,SELL,856.0,11.100000381469727,9501.600326538086,23.754000816345215,9477.84632572174,16538.790904248937,0.0,2024-01-02,2023-12-29,target_exit,,next_close
FANG,SELL,115.0,144.50315856933594,16617.863235473633,41.54465808868408,16576.318577384947,33115.10948163389,0.0,2024-01-02,2023-12-29,target_exit,,next_close
RBA,SELL,198.0,65.04063415527344,12878.04556274414,32.19511390686035,12845.85044883728,45960.95993047117,0.0,2024-01-02,2023-12-29,target_exit,,next_close
WFRD,SELL,161.0,92.67093658447266,14920.020790100098,37.30005197525025,14882.720738124848,60843.68066859602,0.0,2024-01-02,2023-12-29,target_exit,,next_close
EXPE,SELL,7.0,146.93740844726562,1028.5618591308594,2.5714046478271486,1025.9904544830322,61869.67112307905,113.0,2024-01-02,2023-12-29,target_rebalance,0.0583548060546659,next_close
VRT,SELL,32.0,45.5002326965332,1456.0074462890625,3.6400186157226564,1452.3674276733398,63322.03855075239,445.0,2024-01-02,2023-12-29,target_rebalance,0.071121340173996,next_close
KKR,SELL,39.0,80.04400634765625,3121.7162475585938,7.804290618896484,3113.911956939697,66435.95050769209,261.0,2024-01-02,2023-12-29,target_rebalance,0.0731916944172145,next_close
ANET,SELL,75.0,57.88999938964844,4341.749954223633,10.854374885559082,4330.895579338074,70766.84608703016,388.0,2024-01-02,2023-12-29,target_rebalance,0.0788107155001653,next_close
DECK,SELL,40.0,112.33000183105469,4493.2000732421875,11.233000183105469,4481.967073059082,75248.81316008925,92.0,2024-01-02,2023-12-29,target_rebalance,0.0360182322246777,next_close
AMZN,SELL,30.0,149.92999267578125,4497.8997802734375,11.244749450683594,4486.655030822754,79735.46819091201,85.0,2024-01-02,2023-12-29,target_rebalance,0.0443295725317717,next_close
MELI,SELL,6.0,1529.1600341796875,9174.960205078125,22.937400512695312,9152.02280456543,88887.49099547745,6.0,2024-01-02,2023-12-29,target_rebalance,0.0287131986410141,next_close
UEC,SELL,1806.0,6.440000057220459,11630.640103340149,29.07660025835037,11601.5635030818,100489.05449855924,2268.0,2024-01-02,2023-12-29,target_rebalance,0.0513363715372806,next_close
UBER,BUY,49.0,58.380001068115234,2860.6200523376465,7.151550130844116,-2867.7716024684905,97621.28289609075,384.0,2024-01-02,2023-12-29,target_rebalance,0.0787994694290905,next_close
FICO,BUY,3.0,1131.1600341796875,3393.4801025390625,8.483700256347657,-3401.96380279541,94219.31909329534,20.0,2024-01-02,2023-12-29,target_rebalance,0.0833907086026159,next_close
ALLY,BUY,292.0,32.72906494140625,9556.886962890625,23.892217407226564,-9580.779180297852,84638.5399129975,844.0,2024-01-02,2023-12-29,target_rebalance,0.0970959344957197,next_close
COLB,BUY,580.0,22.988492965698242,13333.32592010498,33.33331480026245,-13366.659234905243,71271.88067809226,580.0,2024-01-02,2023-12-29,target_rebalance,0.0468795154030106,next_close
DKS,BUY,109.0,138.1045684814453,15053.397964477539,37.63349491119385,-15091.031459388732,56180.84921870353,109.0,2024-01-02,2023-12-29,target_rebalance,0.0532268682002189,next_close
AMD,BUY,141.0,138.5800018310547,19539.78025817871,48.84945064544678,-19588.62970882416,36592.219509879375,141.0,2024-01-02,2023-12-29,target_rebalance,0.068879987293808,next_close
AVGO,BUY,225.0,105.74687194824219,23793.046188354492,59.48261547088623,-23852.52880382538,12739.690706053996,225.0,2024-01-02,2023-12-29,target_rebalance,0.0837069228538516,next_close
COLB,SELL,580.0,16.700817108154297,9686.473922729492,24.21618480682373,9662.257737922668,22401.948443976664,0.0,2024-02-01,2024-01-31,target_exit,,next_close
AMZN,SELL,5.0,159.27999877929688,796.3999938964844,1.990999984741211,794.4089939117432,23196.357437888408,80.0,2024-02-01,2024-01-31,target_rebalance,0.0402291575929189,next_close
EXPE,SELL,13.0,149.66358947753906,1945.6266632080078,4.86406665802002,1940.7625965499878,25137.120034438394,100.0,2024-02-01,2024-01-31,target_rebalance,0.0473309410698235,next_close
VRT,SELL,42.0,59.27790451049805,2489.671989440918,6.224179973602295,2483.447809467316,27620.56784390571,403.0,2024-02-01,2024-01-31,target_rebalance,0.0759660860437225,next_close
AMD,SELL,36.0,170.47999572753906,6137.279846191406,15.343199615478516,6121.936646575928,33742.50449048164,105.0,2024-02-01,2024-01-31,target_rebalance,0.0567769280140805,next_close
ANET,SELL,130.0,65.74500274658203,8546.850357055664,21.367125892639162,8525.483231163025,42267.98772164466,258.0,2024-02-01,2024-01-31,target_rebalance,0.0537998081024998,next_close
UEC,SELL,1174.0,8.199999809265137,9626.79977607727,24.066999440193175,9602.732776637078,51870.72049828174,1094.0,2024-02-01,2024-01-31,target_rebalance,0.0285546817571018,next_close
ALLY,BUY,20.0,34.606605529785156,692.1321105957031,1.7303302764892579,-693.8624408721923,51176.85805740955,864.0,2024-02-01,2024-01-31,target_rebalance,0.0952819901415551,next_close
FICO,BUY,1.0,1243.1700439453125,1243.1700439453125,3.1079251098632814,-1246.2779690551758,49930.58008835437,21.0,2024-02-01,2024-01-31,target_rebalance,0.0844551371019628,next_close
DECK,BUY,16.0,128.80833435058594,2060.933349609375,5.152333374023438,-2066.0856829833983,47864.49440537097,108.0,2024-02-01,2024-01-31,target_rebalance,0.0445872406215796,next_close
UBER,BUY,40.0,66.7300033569336,2669.2001342773438,6.673000335693359,-2675.873134613037,45188.62127075793,424.0,2024-02-01,2024-01-31,target_rebalance,0.0902218378628144,next_close
DKS,BUY,39.0,144.32875061035156,5628.821273803711,14.072053184509278,-5642.89332698822,39545.727943769714,148.0,2024-02-01,2024-01-31,target_rebalance,0.0682619280596642,next_close
AVGO,BUY,55.0,116.91508483886719,6430.329666137695,16.075824165344237,-6446.405490303039,33099.32245346667,280.0,2024-02-01,2024-01-31,target_rebalance,0.1044701433267989,next_close
SMCI,BUY,538.0,58.349998474121094,31392.29917907715,78.48074794769288,-31470.77992702484,1628.5425264418336,538.0,2024-02-01,2024-01-31,target_rebalance,0.1,next_close
EXPE,SELL,100.0,135.1634521484375,13516.34521484375,33.790863037109375,13482.55435180664,15111.096878248474,0.0,2024-03-01,2024-02-29,target_exit,,next_close
MELI,SELL,6.0,1612.75,9676.5,24.19125,9652.30875,24763.405628248474,0.0,2024-03-01,2024-02-29,target_exit,,next_close
UEC,SELL,1094.0,6.940000057220459,7592.360062599182,18.980900156497956,7573.379162442684,32336.78479069116,0.0,2024-03-01,2024-02-29,target_exit,,next_close
AVGO,SELL,28.0,136.31895446777344,3816.9307250976562,9.542326812744141,3807.388398284912,36144.17318897607,252.0,2024-03-01,2024-02-29,target_rebalance,0.0950869278016477,next_close
KKR,SELL,151.0,97.55744171142578,14731.173698425293,36.827934246063236,14694.34576417923,50838.518953155304,110.0,2024-03-01,2024-02-29,target_rebalance,0.0295717635981773,next_close
FICO,SELL,12.0,1295.199951171875,15542.3994140625,38.85599853515625,15503.543415527343,66342.06236868264,9.0,2024-03-01,2024-02-29,target_rebalance,0.0318379306102818,next_close
SMCI,SELL,179.0,90.5479965209961,16208.0913772583,40.520228443145754,16167.571148815156,82509.6335174978,359.0,2024-03-01,2024-02-29,target_rebalance,0.09,next_close
UBER,SELL,202.0,81.02999877929688,16368.059753417969,40.920149383544924,16327.139604034424,98836.77312153223,222.0,2024-03-01,2024-02-29,target_rebalance,0.0496967672144717,next_close
ALLY,SELL,498.0,34.830543518066406,17345.61067199707,43.364026679992676,17302.24664531708,116139.0197668493,366.0,2024-03-01,2024-02-29,target_rebalance,0.0352775889133133,next_close
AMZN,BUY,2.0,178.22000122070312,356.44000244140625,0.8911000061035157,-357.33110244750975,115781.6886644018,82.0,2024-03-01,2024-02-29,target_rebalance,0.0408793225891222,next_close
DKS,BUY,5.0,171.43885803222656,857.1942901611328,2.142985725402832,-859.3372758865356,114922.35138851526,153.0,2024-03-01,2024-02-29,target_rebalance,0.072951960312566,next_close
ANET,BUY,33.0,71.93499755859375,2373.8549194335938,5.934637298583985,-2379.7895567321775,112542.56183178308,291.0,2024-03-01,2024-02-29,target_rebalance,0.0580917289396561,next_close
AMD,BUY,17.0,202.63999938964844,3444.8799896240234,8.61219997406006,-3453.4921895980833,109089.069642185,122.0,2024-03-01,2024-02-29,target_rebalance,0.0686965678309534,next_close
VRT,BUY,109.0,70.35387420654297,7668.572288513184,19.17143072128296,-7687.743719234467,101401.32592295053,512.0,2024-03-01,2024-02-29,target_rebalance,0.1000430192759169,next_close
ELF,BUY,124.0,217.39999389648438,26957.599243164062,67.39399810791016,-27024.99324127197,74376.33268167856,124.0,2024-03-01,2024-02-29,target_rebalance,0.0749190450320756,next_close
NVDA,BUY,387.0,82.13301086425781,31785.475204467773,79.46368801116944,-31864.938892478942,42511.39378919962,387.0,2024-03-01,2024-02-29,target_rebalance,0.0883955974034557,next_close
VKTX,BUY,488.0,85.22000122070312,41587.360595703125,103.96840148925781,-41691.32899719238,820.064792007237,488.0,2024-03-01,2024-02-29,target_rebalance,0.1154307075240445,next_close
DKS,SELL,153.0,210.9143524169922,32269.895919799805,80.67473979949952,32189.221180000306,33009.28597200754,0.0,2024-04-01,2024-03-28,target_exit,,next_close
FICO,SELL,9.0,1254.3699951171875,11289.329956054688,28.22332489013672,11261.10663116455,44270.39260317209,0.0,2024-04-01,2024-03-28,target_exit,,next_close
AVGO,SELL,24.0,132.11398315429688,3170.735595703125,7.926838989257813,3162.8087567138673,47433.201359885956,228.0,2024-04-01,2024-03-28,target_rebalance,0.0810197617978709,next_close
VRT,SELL,64.0,80.18080139160156,5131.5712890625,12.82892822265625,5118.742360839844,52551.9437207258,448.0,2024-04-01,2024-03-28,target_rebalance,0.0967589620885069,next_close
AMD,SELL,29.0,183.33999633789062,5316.859893798828,13.292149734497071,5303.567744064331,57855.511464790136,93.0,2024-04-01,2024-03-28,target_rebalance,0.0459732172111524,next_close
UBER,SELL,83.0,76.4000015258789,6341.200126647949,15.853000316619873,6325.3471263313295,64180.85859112146,139.0,2024-04-01,2024-03-28,target_rebalance,0.0286096572455587,next_close
ELF,SELL,56.0,191.97000122070312,10750.320068359375,26.875800170898437,10723.444268188476,74904.30285930994,68.0,2024-04-01,2024-03-28,target_rebalance,0.0349643652137857,next_close
VKTX,SELL,159.0,79.5,12640.5,31.60125,12608.89875,87513.20160930994,329.0,2024-04-01,2024-03-28,target_rebalance,0.0705472612542262,next_close
AMZN,BUY,4.0,180.97000122070312,723.8800048828125,1.8097000122070312,-725.6897048950195,86787.51190441492,86.0,2024-04-01,2024-03-28,target_rebalance,0.0423391011309224,next_close
ANET,BUY,11.0,74.9375,824.3125,2.0607812500000002,-826.37328125,85961.13862316492,302.0,2024-04-01,2024-03-28,target_rebalance,0.0612016206939233,next_close
KKR,BUY,36.0,98.61258697509766,3550.0531311035156,8.875132827758788,-3558.9282639312746,82402.21035923365,146.0,2024-04-01,2024-03-28,target_rebalance,0.039032113995727,next_close
DECK,BUY,25.0,155.0833282470703,3877.083206176758,9.692708015441895,-3886.7759141921997,78515.43444504145,133.0,2024-04-01,2024-03-28,target_rebalance,0.0558062363684496,next_close
ALLY,BUY,164.0,36.9392204284668,6058.032150268555,15.145080375671387,-6073.177230644226,72442.25721439722,530.0,2024-04-01,2024-03-28,target_rebalance,0.0528874958888256,next_close
NVDA,BUY,72.0,90.20690155029297,6494.896911621094,16.237242279052733,-6511.134153900147,65931.12306049708,459.0,2024-04-01,2024-03-28,target_rebalance,0.1119014754867532,next_close
SMCI,BUY,99.0,103.71499633789062,10267.784637451172,25.66946159362793,-10293.4540990448,55637.66896145228,458.0,2024-04-01,2024-03-28,target_rebalance,0.1283262716864087,next_close
FTAI,BUY,365.0,66.33077239990234,24210.731925964355,60.52682981491089,-24271.258755779265,31366.41020567301,365.0,2024-04-01,2024-03-28,target_rebalance,0.0654049137659151,next_close
WSM,BUY,198.0,152.19015502929688,30133.65069580078,75.33412673950195,-30208.984822540282,1157.4253831327296,198.0,2024-04-01,2024-03-28,target_rebalance,0.0816834003023641,next_close
AMD,SELL,93.0,144.27000427246094,13417.110397338867,33.54277599334717,13383.56762134552,14540.99300447825,0.0,2024-05-01,2024-04-30,target_exit,,next_close
ANET,SELL,302.0,63.8025016784668,19268.355506896973,48.17088876724243,19220.18461812973,33761.17762260798,0.0,2024-05-01,2024-04-30,target_exit,,next_close
ELF,SELL,68.0,158.52000427246094,10779.360290527344,26.94840072631836,10752.411889801026,44513.58951240901,0.0,2024-05-01,2024-04-30,target_exit,,next_close
UBER,SELL,139.0,67.79000091552734,9422.8101272583,23.55702531814575,9399.253101940156,53912.84261434917,0.0,2024-05-01,2024-04-30,target_exit,,next_close
KKR,SELL,14.0,93.80030822753906,1313.2043151855469,3.2830107879638675,1309.921304397583,55222.76391874675,132.0,2024-05-01,2024-04-30,target_rebalance,0.0364054558272965,next_close
NVDA,SELL,40.0,82.89753723144531,3315.9014892578125,8.289753723144532,3307.611735534668,58530.375654281415,419.0,2024-05-01,2024-04-30,target_rebalance,0.1025253761007541,next_close
WSM,SELL,26.0,137.60577392578125,3577.7501220703125,8.94437530517578,3568.8057467651365,62099.18140104655,172.0,2024-05-01,2024-04-30,target_rebalance,0.069937137985142,next_close
ALLY,SELL,123.0,36.25593185424805,4459.47961807251,11.148699045181274,4448.3309190273285,66547.51232007387,407.0,2024-05-01,2024-04-30,target_rebalance,0.0435639920897226,next_close
DECK,SELL,55.0,136.5800018310547,7511.900100708008,18.77975025177002,7493.120350456238,74040.63267053012,78.0,2024-05-01,2024-04-30,target_rebalance,0.0314932917784258,next_close
FTAI,SELL,105.0,71.62432861328125,7520.554504394531,18.80138626098633,7501.753118133545,81542.38578866367,260.0,2024-05-01,2024-04-30,target_rebalance,0.054980882461033,next_close
VRT,SELL,92.0,88.2786636352539,8121.637054443359,20.3040926361084,8101.332961807251,89643.71875047091,356.0,2024-05-01,2024-04-30,target_rebalance,0.0928343231692417,next_close
AMZN,BUY,3.0,179.0,537.0,1.3425,-538.3425,89105.37625047092,89.0,2024-05-01,2024-04-30,target_rebalance,0.0473158226776891,next_close
VKTX,BUY,57.0,76.43000030517578,4356.5100173950195,10.89127504348755,-4367.401292438507,84737.97495803241,386.0,2024-05-01,2024-04-30,target_rebalance,0.0873367080739437,next_close
WFRD,BUY,148.0,115.59553527832031,17108.139221191406,42.77034805297852,-17150.909569244384,67587.06538878803,148.0,2024-05-01,2024-04-30,target_rebalance,0.0509263282124002,next_close
AAON,BUY,192.0,93.6123275756836,17973.56689453125,44.93391723632813,-18018.50081176758,49568.56457702046,192.0,2024-05-01,2024-04-30,target_rebalance,0.0532571516206753,next_close
BLD,BUY,48.0,408.0400085449219,19585.92041015625,48.96480102539063,-19634.88521118164,29933.679365838816,48.0,2024-05-01,2024-04-30,target_rebalance,0.0585287620371699,next_close
GE,BUY,181.0,157.8050079345703,28562.706436157227,71.40676609039306,-28634.11320224762,1299.5661635911965,181.0,2024-05-01,2024-04-30,target_rebalance,0.0845764408593292,next_close
AAON,SELL,192.0,73.308349609375,14075.203125,35.188007812500004,14040.0151171875,15339.581280778697,0.0,2024-06-03,2024-05-31,target_exit,,next_close
AMZN,SELL,89.0,178.33999633789062,15872.259674072266,39.68064918518066,15832.579024887085,31172.160305665784,0.0,2024-06-03,2024-05-31,target_exit,,next_close
AVGO,SELL,228.0,129.33914184570312,29489.324340820312,73.72331085205079,29415.60102996826,60587.761335634044,0.0,2024-06-03,2024-05-31,target_exit,,next_close
BLD,SELL,48.0,407.6300048828125,19566.240234375,48.915600585937504,19517.324633789063,80105.0859694231,0.0,2024-06-03,2024-05-31,target_exit,,next_close
SMCI,SELL,458.0,77.05899810791016,35293.02113342285,88.23255283355714,35204.788580589295,115309.8745500124,0.0,2024-06-03,2024-05-31,target_exit,,next_close
VKTX,SELL,386.0,62.27000045776367,24036.220176696777,60.09055044174195,23976.129626255035,139286.00417626745,0.0,2024-06-03,2024-05-31,target_exit,,next_close
ALLY,SELL,73.0,36.3499641418457,2653.5473823547363,6.633868455886841,2646.9135138988495,141932.9176901663,334.0,2024-06-03,2024-05-31,target_rebalance,0.0341335094026174,next_close
GE,SELL,19.0,159.54412841796875,3031.3384399414062,7.5783460998535155,3023.7600938415526,144956.67778400786,162.0,2024-06-03,2024-05-31,target_rebalance,0.0726736473681287,next_close
WSM,SELL,21.0,144.43247985839844,3033.082077026367,7.582705192565918,3025.4993718338014,147982.17715584167,151.0,2024-06-03,2024-05-31,target_rebalance,0.0612718022742964,next_close
NVDA,SELL,58.0,114.80133056640625,6658.4771728515625,16.646192932128905,6641.830979919434,154624.0081357611,361.0,2024-06-03,2024-05-31,target_rebalance,0.11642999666828,next_close
VRT,SELL,160.0,95.84796142578125,15335.673828125,38.339184570312504,15297.334643554688,169921.3427793158,196.0,2024-06-03,2024-05-31,target_rebalance,0.0526848816687169,next_close
KKR,BUY,10.0,101.9130859375,1019.130859375,2.5478271484375,-1021.6786865234375,168899.66409279237,142.0,2024-06-03,2024-05-31,target_rebalance,0.0407673282307071,next_close
FTAI,BUY,38.0,81.44634246826172,3094.9610137939453,7.737402534484864,-3102.69841632843,165796.96567646394,298.0,2024-06-03,2024-05-31,target_rebalance,0.0684080386586584,next_close
WFRD,BUY,38.0,111.41327667236328,4233.704513549805,10.584261283874511,-4244.288774833679,161552.67690163027,186.0,2024-06-03,2024-05-31,target_rebalance,0.0583448935608399,next_close
CROX,BUY,110.0,153.92999267578125,16932.299194335938,42.33074798583984,-16974.62994232178,144578.0469593085,110.0,2024-06-03,2024-05-31,target_rebalance,0.0480121823270375,next_close
DKS,BUY,89.0,211.3896942138672,18813.68278503418,47.03420696258545,-18860.716991996764,125717.32996731173,89.0,2024-06-03,2024-05-31,target_rebalance,0.0530926348794353,next_close
CRS,BUY,179.0,108.5768814086914,19435.26177215576,48.58815443038941,-19483.84992658615,106233.48004072558,179.0,2024-06-03,2024-05-31,target_rebalance,0.0547407828559716,next_close
DECK,BUY,111.0,181.09500122070312,20101.545135498047,50.25386283874512,-20151.79899833679,86081.6810423888,189.0,2024-06-03,2024-05-31,target_rebalance,0.096402443834969,next_close
VST,BUY,254.0,91.87849426269531,23337.13754272461,58.34284385681153,-23395.48038658142,62686.20065580738,254.0,2024-06-03,2024-05-31,target_rebalance,0.0658036508930135,next_close
INSM,BUY,447.0,55.939998626708984,25005.179386138916,62.51294846534729,-25067.692334604264,37618.50832120312,447.0,2024-06-03,2024-05-31,target_rebalance,0.0704976301681781,next_close
FSLR,BUY,117.0,272.7200012207031,31908.240142822266,79.77060035705567,-31988.010743179322,5630.497578023795,117.0,2024-06-03,2024-05-31,target_rebalance,0.0898256924451284,next_close
ALLY,SELL,334.0,36.91411209106445,12329.313438415527,30.82328359603882,12298.490154819488,17928.987732843285,0.0,2024-07-01,2024-06-28,target_exit,,next_close
CROX,SELL,110.0,147.75,16252.5,40.63125,16211.86875,34140.856482843286,0.0,2024-07-01,2024-06-28,target_exit,,next_close
DECK,SELL,189.0,157.71665954589844,29808.448654174805,74.52112163543701,29733.92753253937,63874.784015382655,0.0,2024-07-01,2024-06-28,target_exit,,next_close
DKS,SELL,89.0,193.3787384033203,17210.707717895508,43.02676929473877,17167.68094860077,81042.46496398342,0.0,2024-07-01,2024-06-28,target_exit,,next_close
VRT,SELL,196.0,86.44735717773438,16943.682006835938,42.35920501708984,16901.32280181885,97943.78776580228,0.0,2024-07-01,2024-06-28,target_exit,,next_close
WSM,SELL,151.0,134.34530639648438,20286.14126586914,50.715353164672855,20235.425912704468,118179.21367850674,0.0,2024-07-01,2024-06-28,target_exit,,next_close
NVDA,SELL,22.0,124.09546661376953,2730.1002655029297,6.825250663757324,2723.2750148391724,120902.48869334592,339.0,2024-07-01,2024-06-28,target_rebalance,0.1190687460416216,next_close
WFRD,SELL,31.0,118.3577651977539,3669.090721130371,9.172726802825927,3659.9179943275453,124562.40668767347,155.0,2024-07-01,2024-06-28,target_rebalance,0.051949654574242,next_close
KKR,SELL,50.0,103.23677062988281,5161.838531494141,12.904596328735352,5148.933935165405,129711.34062283888,92.0,2024-07-01,2024-06-28,target_rebalance,0.0268111453873847,next_close
VST,SELL,105.0,86.27923583984375,9059.319763183594,22.648299407958984,9036.671463775634,138748.0120866145,149.0,2024-07-01,2024-06-28,target_rebalance,0.0364231038401478,next_close
GE,SELL,58.0,157.0836639404297,9110.852508544922,22.777131271362304,9088.075377273559,147836.08746388805,104.0,2024-07-01,2024-06-28,target_rebalance,0.0462994812064296,next_close
FSLR,SELL,54.0,222.7100067138672,12026.340362548828,30.06585090637207,11996.274511642456,159832.3619755305,63.0,2024-07-01,2024-06-28,target_rebalance,0.0392271078988675,next_close
INSM,BUY,36.0,66.33999633789062,2388.2398681640625,5.970599670410157,-2394.2104678344726,157438.15150769605,483.0,2024-07-01,2024-06-28,target_rebalance,0.0909337099879428,next_close
CRS,BUY,31.0,106.1651611328125,3291.1199951171875,8.227799987792968,-3299.3477951049804,154138.80371259106,210.0,2024-07-01,2024-06-28,target_rebalance,0.0633199697495891,next_close
FTAI,BUY,35.0,103.13395690917969,3609.688491821289,9.024221229553223,-3618.7127130508425,150520.09099954023,333.0,2024-07-01,2024-06-28,target_rebalance,0.097618979970932,next_close
AAPL,BUY,81.0,214.88853454589844,17405.971298217773,43.51492824554443,-17449.48622646332,133070.60477307692,81.0,2024-07-01,2024-06-28,target_rebalance,0.0494649694105897,next_close
ANET,BUY,233.0,89.17500305175781,20777.77571105957,51.944439277648925,-20829.72015033722,112240.8846227397,233.0,2024-07-01,2024-06-28,target_rebalance,0.0591178318004952,next_close
TPL,BUY,93.0,238.94146728515625,22221.55645751953,55.55389114379883,-22277.11034866333,89963.77427407636,93.0,2024-07-01,2024-06-28,target_rebalance,0.0635669124163866,next_close
UTHR,BUY,77.0,319.010009765625,24563.770751953125,61.409426879882815,-24625.18017883301,65338.59409524336,77.0,2024-07-01,2024-06-28,target_rebalance,0.0700889127784295,next_close
AVGO,BUY,164.0,161.05111694335938,26412.383178710938,66.03095794677735,-26478.414136657713,38860.17995858565,164.0,2024-07-01,2024-06-28,target_rebalance,0.0752984341321841,next_close
ALNY,BUY,133.0,243.32000732421875,32361.560974121094,80.90390243530274,-32442.464876556398,6417.715082029252,133.0,2024-07-01,2024-06-28,target_rebalance,0.0918959190923153,next_close
GE,SELL,104.0,168.01966857910156,17474.045532226562,43.68511383056641,17430.360418395998,23848.07550042525,0.0,2024-08-01,2024-07-31,target_exit,,next_close
VST,SELL,149.0,75.11649322509766,11192.35749053955,27.980893726348878,11164.376596813201,35012.45209723845,0.0,2024-08-01,2024-07-31,target_exit,,next_close
WFRD,SELL,155.0,108.85530090332031,16872.57164001465,42.181429100036624,16830.39021091461,51842.842308153064,0.0,2024-08-01,2024-07-31,target_exit,,next_close
CRS,SELL,9.0,142.8570098876953,1285.7130889892578,3.2142827224731447,1282.4988062667846,53125.34111441985,201.0,2024-08-01,2024-07-31,target_rebalance,0.0790145508689134,next_close
UTHR,SELL,35.0,327.7900085449219,11472.650299072266,28.681625747680666,11443.968673324585,64569.30978774443,42.0,2024-08-01,2024-07-31,target_rebalance,0.0377451287552336,next_close
INSM,SELL,244.0,75.33000183105469,18380.520446777344,45.95130111694336,18334.5691456604,82903.87893340483,239.0,2024-08-01,2024-07-31,target_rebalance,0.0496263515884538,next_close
FTAI,SELL,186.0,106.98426818847656,19899.07388305664,49.7476847076416,19849.326198348997,102753.20513175383,147.0,2024-08-01,2024-07-31,target_rebalance,0.043217229733662,next_close
ALNY,SELL,91.0,268.6099853515625,24443.508666992188,61.10877166748047,24382.399895324706,127135.60502707853,42.0,2024-08-01,2024-07-31,target_rebalance,0.0310453387734001,next_close
NVDA,BUY,22.0,109.0302963256836,2398.666519165039,5.996666297912598,-2404.663185462952,124730.94184161558,361.0,2024-08-01,2024-07-31,target_rebalance,0.1085834585429532,next_close
AAPL,BUY,12.0,216.48472595214844,2597.8167114257812,6.494541778564454,-2604.3112532043456,122126.63058841124,93.0,2024-08-01,2024-07-31,target_rebalance,0.0561046622164407,next_close
FSLR,BUY,16.0,218.5,3496.0,8.74,-3504.74,118621.89058841123,79.0,2024-08-01,2024-07-31,target_rebalance,0.0476126953044936,next_close
TPL,BUY,23.0,271.29541015625,6239.79443359375,15.599486083984376,-6255.393919677735,112366.4966687335,116.0,2024-08-01,2024-07-31,target_rebalance,0.0872120112623214,next_close
KKR,BUY,68.0,118.29109191894531,8043.794250488281,20.109485626220703,-8063.903736114502,104302.592932619,160.0,2024-08-01,2024-07-31,target_rebalance,0.0523608010352378,next_close
ANET,BUY,102.0,84.66000366210938,8635.320373535156,21.588300933837893,-8656.908674468994,95645.68425815,335.0,2024-08-01,2024-07-31,target_rebalance,0.0783420773219426,next_close
AVGO,BUY,87.0,144.30606079101562,12554.62728881836,31.3865682220459,-12586.013857040405,83059.67040110959,251.0,2024-08-01,2024-07-31,target_rebalance,0.0999735572319759,next_close
CW,BUY,44.0,289.6678161621094,12745.383911132812,31.86345977783203,-12777.247370910645,70282.42303019894,44.0,2024-08-01,2024-07-31,target_rebalance,0.0358189882872077,next_close
PEG,BUY,210.0,74.89661407470703,15728.288955688477,39.320722389221196,-15767.609678077697,54514.813352121244,210.0,2024-08-01,2024-07-31,target_rebalance,0.0434244820980022,next_close
CORT,BUY,806.0,37.939998626708984,30579.63889312744,76.4490972328186,-30656.08799036026,23858.725361760982,806.0,2024-08-01,2024-07-31,target_rebalance,0.0844304553811269,next_close
FSLR,SELL,79.0,212.74000549316406,16806.46043395996,42.0161510848999,16764.44428287506,40623.169644636044,0.0,2024-09-03,2024-08-30,target_exit,,next_close
NVDA,SELL,361.0,107.8222885131836,38923.84615325928,97.3096153831482,38826.53653787613,79449.70618251216,0.0,2024-09-03,2024-08-30,target_exit,,next_close
TPL,SELL,37.0,269.0304870605469,9954.128021240234,24.885320053100585,9929.242701187133,89378.9488836993,79.0,2024-09-03,2024-08-30,target_rebalance,0.0585937689257722,next_close
CRS,SELL,79.0,133.2471466064453,10526.52458190918,26.31631145477295,10500.208270454406,99879.1571541537,122.0,2024-09-03,2024-08-30,target_rebalance,0.0451394849466097,next_close
INSM,SELL,175.0,73.30999755859375,12829.249572753906,32.073123931884766,12797.176448822021,112676.33360297572,64.0,2024-09-03,2024-08-30,target_rebalance,0.0129453844476181,next_close
KKR,SELL,156.0,117.0089340209961,18253.39370727539,45.633484268188475,18207.7602230072,130884.09382598291,4.0,2024-09-03,2024-08-30,target_rebalance,0.0012670612763617,next_close
AAPL,SELL,82.0,221.11248779296875,18131.223999023438,45.3280599975586,18085.89593902588,148969.9897650088,11.0,2024-09-03,2024-08-30,target_rebalance,0.0062398392936482,next_close
CORT,SELL,733.0,34.2599983215332,25112.578769683838,62.7814469242096,25049.797322759627,174019.78708776843,73.0,2024-09-03,2024-08-30,target_rebalance,0.0069138445340116,next_close
PEG,BUY,23.0,75.3568115234375,1733.2066650390625,4.3330166625976565,-1737.5396817016601,172282.24740606677,233.0,2024-09-03,2024-08-30,target_rebalance,0.0489804451628195,next_close
CW,BUY,16.0,301.7800598144531,4828.48095703125,12.071202392578126,-4840.552159423828,167441.69524664295,60.0,2024-09-03,2024-08-30,target_rebalance,0.0510548647555649,next_close
ANET,BUY,82.0,81.68000030517578,6697.760025024414,16.744400062561034,-6714.504425086975,160727.19082155597,417.0,2024-09-03,2024-08-30,target_rebalance,0.0950166979848254,next_close
AVGO,BUY,60.0,149.9695587158203,8998.173522949219,22.495433807373047,-9020.668956756592,151706.52186479938,311.0,2024-09-03,2024-08-30,target_rebalance,0.1303146206767854,next_close
TLN,BUY,107.0,138.27499389648438,14795.424346923828,36.98856086730957,-14832.412907791138,136874.10895700823,107.0,2024-09-03,2024-08-30,target_rebalance,0.0414367754688269,next_close
UTHR,BUY,44.0,352.3999938964844,15505.599731445312,38.76399932861328,-15544.363730773926,121329.7452262343,86.0,2024-09-03,2024-08-30,target_rebalance,0.0851058139856838,next_close
HALO,BUY,271.0,61.220001220703125,16590.620330810547,41.476550827026365,-16632.09688163757,104697.64834459673,271.0,2024-09-03,2024-08-30,target_rebalance,0.0463865032858875,next_close
FTAI,BUY,177.0,116.1670150756836,20561.561668395996,51.40390417098999,-20612.965572566987,84084.68277202974,324.0,2024-09-03,2024-08-30,target_rebalance,0.1051131287664387,next_close
ALNY,BUY,86.0,253.77999877929688,21825.07989501953,54.562699737548826,-21879.64259475708,62205.04017727266,128.0,2024-09-03,2024-08-30,target_rebalance,0.0908230851507567,next_close
INSM,SELL,60.0,72.87999725341797,4372.799835205078,10.931999588012696,4361.867835617066,66566.90801288973,4.0,2024-10-01,2024-09-30,target_rebalance,0.0007219494692847,next_close
TPL,SELL,28.0,301.80767822265625,8450.614990234375,21.126537475585938,8429.48845275879,74996.39646564852,51.0,2024-10-01,2024-09-30,target_rebalance,0.0392600935337553,next_close
HALO,SELL,244.0,56.63999938964844,13820.159851074219,34.55039962768555,13785.609451446533,88782.00591709506,27.0,2024-10-01,2024-09-30,target_rebalance,0.003841188050994,next_close
UTHR,SELL,40.0,357.8299865722656,14313.199462890625,35.782998657226564,14277.416464233398,103059.42238132845,46.0,2024-10-01,2024-09-30,target_rebalance,0.0421039855324172,next_close
ALNY,SELL,61.0,276.05999755859375,16839.65985107422,42.09914962768555,16797.560701446535,119856.98308277498,67.0,2024-10-01,2024-09-30,target_rebalance,0.0468395608941174,next_close
FTAI,SELL,147.0,129.681884765625,19063.237060546875,47.65809265136719,19015.578967895508,138872.5620506705,177.0,2024-10-01,2024-09-30,target_rebalance,0.0587152569577819,next_close
AVGO,SELL,133.0,164.91921997070312,21934.256256103516,54.83564064025879,21879.420615463256,160751.98266613376,178.0,2024-10-01,2024-09-30,target_rebalance,0.075,next_close
KKR,BUY,10.0,128.48526000976562,1284.8526000976562,3.2121315002441406,-1288.0647315979004,159463.91793453586,14.0,2024-10-01,2024-09-30,target_rebalance,0.0048927375407384,next_close
ANET,BUY,36.0,95.4625015258789,3436.6500549316406,8.591625137329101,-3445.24168006897,156018.67625446687,453.0,2024-10-01,2024-09-30,target_rebalance,0.1109203873058754,next_close
AAPL,BUY,18.0,224.52688598632812,4041.4839477539062,10.103709869384765,-4051.587657623291,151967.0885968436,29.0,2024-10-01,2024-09-30,target_rebalance,0.0171517562079931,next_close
CRS,BUY,61.0,157.0203094482422,9578.238876342773,23.945597190856933,-9602.18447353363,142364.90412330997,183.0,2024-10-01,2024-09-30,target_rebalance,0.0738696731371252,next_close
PEG,BUY,126.0,85.85279083251953,10817.451644897461,27.043629112243654,-10844.495274009705,131520.40884930026,359.0,2024-10-01,2024-09-30,target_rebalance,0.0792134342505559,next_close
TLN,BUY,72.0,179.00999450683594,12888.719604492188,32.221799011230466,-12920.941403503419,118599.46744579685,179.0,2024-10-01,2024-09-30,target_rebalance,0.0824809343607594,next_close
CORT,BUY,761.0,46.75,35576.75,88.941875,-35665.691875,82933.77557079686,834.0,2024-10-01,2024-09-30,target_rebalance,0.1,next_close
AAPL,SELL,29.0,221.25144958496094,6416.292037963867,16.04073009490967,6400.251307868957,89334.02687866581,0.0,2024-11-01,2024-10-31,target_exit,,next_close
CRS,SELL,183.0,154.6014404296875,28292.063598632812,70.73015899658203,28221.33343963623,117555.36031830205,0.0,2024-11-01,2024-10-31,target_exit,,next_close
HALO,SELL,27.0,57.150001525878906,1543.0500411987305,3.8576251029968263,1539.1924160957337,119094.55273439777,0.0,2024-11-01,2024-10-31,target_exit,,next_close
INSM,SELL,4.0,68.31999969482422,273.2799987792969,0.6831999969482422,272.5967987823486,119367.14953318013,0.0,2024-11-01,2024-10-31,target_exit,,next_close
CW,SELL,12.0,347.6737976074219,4172.0855712890625,10.430213928222656,4161.65535736084,123528.80489054097,48.0,2024-11-01,2024-10-31,target_rebalance,0.0416782085627104,next_close
FTAI,SELL,33.0,140.330322265625,4630.900634765625,11.577251586914063,4619.323383178711,128148.12827371967,144.0,2024-11-01,2024-10-31,target_rebalance,0.0507819702398082,next_close
TLN,SELL,29.0,173.8800048828125,5042.5201416015625,12.606300354003906,5029.913841247559,133178.04211496725,150.0,2024-11-01,2024-10-31,target_rebalance,0.0653612810833474,next_close
ALNY,SELL,31.0,273.9100036621094,8491.21011352539,21.228025283813476,8469.982088241577,141648.02420320883,36.0,2024-11-01,2024-10-31,target_rebalance,0.0243384570246769,next_close
PEG,SELL,188.0,82.61663055419922,15531.926544189453,38.829816360473636,15493.096727828979,157141.12093103782,171.0,2024-11-01,2024-10-31,target_rebalance,0.0355334340051907,next_close
CORT,SELL,370.0,47.619998931884766,17619.399604797363,44.04849901199341,17575.35110578537,174716.4720368232,464.0,2024-11-01,2024-10-31,target_rebalance,0.0555599395765982,next_close
ANET,BUY,22.0,98.5425033569336,2167.935073852539,5.419837684631347,-2173.35491153717,172543.11712528602,475.0,2024-11-01,2024-10-31,target_rebalance,0.1181334532403648,next_close
UTHR,BUY,19.0,374.0199890136719,7106.379791259766,17.765949478149416,-7124.145740737915,165418.97138454812,65.0,2024-11-01,2024-10-31,target_rebalance,0.0615321561538809,next_close
TPL,BUY,25.0,387.0614013671875,9676.535034179688,24.19133758544922,-9700.726371765137,155718.24501278298,76.0,2024-11-01,2024-10-31,target_rebalance,0.075,next_close
BKNG,BUY,56.0,187.3518524169922,10491.703735351562,26.229259338378906,-10517.932994689942,145200.31201809304,56.0,2024-11-01,2024-10-31,target_rebalance,0.0267027334189267,next_close
PANW,BUY,60.0,181.32000732421875,10879.200439453125,27.198001098632812,-10906.398440551759,134293.91357754127,60.0,2024-11-01,2024-10-31,target_rebalance,0.0275700832641772,next_close
KKR,BUY,97.0,136.113037109375,13202.964599609375,33.00741149902344,-13235.972011108399,121057.94156643287,111.0,2024-11-01,2024-10-31,target_rebalance,0.0383015761490937,next_close
EXEL,BUY,466.0,34.119998931884766,15899.9195022583,39.749798755645756,-15939.669301013946,105118.27226541893,466.0,2024-11-01,2024-10-31,target_rebalance,0.0400731859574685,next_close
UAL,BUY,284.0,80.45999908447266,22850.639739990234,57.126599349975585,-22907.76633934021,82210.50592607871,284.0,2024-11-01,2024-10-31,target_rebalance,0.0575669745641206,next_close
ALNY,SELL,36.0,253.00999450683594,9108.359802246094,22.770899505615233,9085.58890274048,91296.09482881919,0.0,2024-12-02,2024-11-29,target_exit,,next_close
AVGO,SELL,178.0,163.9738311767578,29187.34194946289,72.96835487365723,29114.373594589233,120410.46842340843,0.0,2024-12-02,2024-11-29,target_exit,,next_close
UTHR,SELL,65.0,370.1199951171875,24057.799682617188,60.14449920654297,23997.655183410643,144408.12360681908,0.0,2024-12-02,2024-11-29,target_exit,,next_close
PANW,SELL,5.0,195.0850067138672,975.4250335693359,2.43856258392334,972.9864709854126,145381.11007780448,55.0,2024-12-02,2024-11-29,target_rebalance,0.0245076487798498,next_close
CW,SELL,4.0,367.3495788574219,1469.3983154296875,3.6734957885742188,1465.7248196411133,146846.8348974456,44.0,2024-12-02,2024-11-29,target_rebalance,0.0367094889957624,next_close
PEG,SELL,37.0,87.30999755859375,3230.4699096679688,8.076174774169923,3222.393734893799,150069.2286323394,134.0,2024-12-02,2024-11-29,target_rebalance,0.0269749227631323,next_close
TLN,SELL,25.0,209.80999755859375,5245.249938964844,13.11312484741211,5232.136814117432,155301.36544645682,125.0,2024-12-02,2024-11-29,target_rebalance,0.0607496653321402,next_close
CORT,SELL,122.0,59.209999084472656,7223.619888305664,18.05904972076416,7205.5608385849,162506.92628504173,342.0,2024-12-02,2024-11-29,target_rebalance,0.0469684083040992,next_close
TPL,SELL,18.0,495.735107421875,8923.23193359375,22.308079833984376,8900.923853759765,171407.8501388015,58.0,2024-12-02,2024-11-29,target_rebalance,0.0666612730503404,next_close
FTAI,SELL,68.0,164.6104736328125,11193.51220703125,27.983780517578126,11165.528426513672,182573.37856531516,76.0,2024-12-02,2024-11-29,target_rebalance,0.0289267305519901,next_close
ANET,SELL,175.0,102.5250015258789,17941.87526702881,44.85468816757202,17897.020578861237,200470.3991441764,300.0,2024-12-02,2024-11-29,target_rebalance,0.0711481354350341,next_close
EXEL,BUY,47.0,35.59000015258789,1672.7300071716309,4.181825017929077,-1676.9118321895598,198793.48731198683,513.0,2024-12-02,2024-11-29,target_rebalance,0.0423701441779019,next_close
UAL,BUY,83.0,97.44000244140625,8087.520202636719,20.218800506591798,-8107.739003143311,190685.74830884353,367.0,2024-12-02,2024-11-29,target_rebalance,0.0831675409527234,next_close
BKNG,BUY,48.0,206.09725952148438,9892.66845703125,24.731671142578126,-9917.400128173827,180768.3481806697,104.0,2024-12-02,2024-11-29,target_rebalance,0.0498700535327361,next_close
KKR,BUY,96.0,158.14889526367188,15182.2939453125,37.95573486328125,-15220.24968017578,165548.0985004939,207.0,2024-12-02,2024-11-29,target_rebalance,0.0759906098700285,next_close
AXON,BUY,38.0,636.3900146484375,24182.820556640625,60.45705139160157,-24243.277608032226,141304.8208924617,38.0,2024-12-02,2024-11-29,target_rebalance,0.0571035136892952,next_close
GTLS,BUY,236.0,192.25,45371.0,113.42750000000001,-45484.4275,95820.3933924617,236.0,2024-12-02,2024-11-29,target_rebalance,0.1053831184540386,next_close
PLTR,BUY,756.0,66.38999938964844,50190.83953857422,125.47709884643555,-50316.316637420656,45504.076755041046,756.0,2024-12-02,2024-11-29,target_rebalance,0.1165480275554053,next_close
PEG,SELL,134.0,81.07887268066406,10864.568939208984,27.161422348022462,10837.407516860962,56341.48427190201,0.0,2025-01-02,2024-12-31,target_exit,,next_close
EXEL,SELL,88.0,33.939998626708984,2986.7198791503906,7.4667996978759765,2979.2530794525146,59320.737351354524,425.0,2025-01-02,2024-12-31,target_rebalance,0.0342738310493814,next_close
ANET,SELL,29.0,111.79000091552734,3241.910026550293,8.104775066375733,3233.8052514839173,62554.54260283844,271.0,2025-01-02,2024-12-31,target_rebalance,0.0720020657040846,next_close
PLTR,SELL,48.0,75.19000244140625,3609.1201171875,9.02280029296875,3600.097316894531,66154.63991973297,708.0,2025-01-02,2024-12-31,target_rebalance,0.1266206594290601,next_close
CORT,SELL,160.0,49.970001220703125,7995.2001953125,19.98800048828125,7975.212194824218,74129.85211455719,182.0,2025-01-02,2024-12-31,target_rebalance,0.0216237702721188,next_close
TPL,SELL,32.0,389.9137268066406,12477.2392578125,31.193098144531252,12446.046159667969,86575.89827422515,26.0,2025-01-02,2024-12-31,target_rebalance,0.0234456363035408,next_close
UAL,BUY,14.0,95.43000030517578,1336.020004272461,3.3400500106811526,-1339.360054283142,85236.53821994201,381.0,2025-01-02,2024-12-31,target_rebalance,0.0867151094603629,next_close
PANW,BUY,11.0,180.74000549316406,1988.1400604248047,4.970350151062012,-1993.1104105758668,83243.42780936614,66.0,2025-01-02,2024-12-31,target_rebalance,0.028412747356335,next_close
TLN,BUY,11.0,212.22999572753906,2334.5299530029297,5.836324882507324,-2340.366277885437,80903.06153148071,136.0,2025-01-02,2024-12-31,target_rebalance,0.0688987525930246,next_close
KKR,BUY,18.0,147.78726196289062,2660.1707153320312,6.650426788330078,-2666.8211421203614,78236.24038936035,225.0,2025-01-02,2024-12-31,target_rebalance,0.0794089550846241,next_close
AXON,BUY,4.0,596.489990234375,2385.9599609375,5.96489990234375,-2391.924860839844,75844.3155285205,42.0,2025-01-02,2024-12-31,target_rebalance,0.0606626005752067,next_close
GTLS,BUY,25.0,189.8800048828125,4747.0001220703125,11.867500305175781,-4758.867622375488,71085.44790614501,261.0,2025-01-02,2024-12-31,target_rebalance,0.1182266942488315,next_close
CW,BUY,15.0,350.395751953125,5255.936279296875,13.139840698242187,-5269.076119995118,65816.37178614989,59.0,2025-01-02,2024-12-31,target_rebalance,0.0495542060558122,next_close
BKNG,BUY,35.0,194.62416076660156,6811.845626831055,17.029614067077638,-6828.875240898133,58987.49654525176,139.0,2025-01-02,2024-12-31,target_rebalance,0.0646874726725836,next_close
DBX,BUY,808.0,29.559999465942383,23884.479568481445,59.71119892120362,-23944.190767402648,35043.305777849106,808.0,2025-01-02,2024-12-31,target_rebalance,0.0569206245000061,next_close
BKNG,SELL,139.0,185.44122314453125,25776.330017089844,64.44082504272461,25711.889192047118,60755.19496989623,0.0,2025-02-03,2025-01-31,target_exit,,next_close
CW,SELL,59.0,344.0230712890625,20297.361206054688,50.74340301513672,20246.61780303955,81001.81277293578,0.0,2025-02-03,2025-01-31,target_exit,,next_close
EXEL,SELL,425.0,32.880001068115234,13974.000453948975,34.93500113487244,13939.065452814102,94940.87822574988,0.0,2025-02-03,2025-01-31,target_exit,,next_close
FTAI,SELL,76.0,106.77967834472656,8115.255554199219,20.288138885498046,8094.96741531372,103035.8456410636,0.0,2025-02-03,2025-01-31,target_exit,,next_close
PANW,SELL,66.0,182.7899932861328,12064.139556884766,30.160348892211914,12033.979207992554,115069.82484905615,0.0,2025-02-03,2025-01-31,target_exit,,next_close
AXON,SELL,4.0,658.1099853515625,2632.43994140625,6.581099853515625,2625.8588415527342,117695.68369060889,38.0,2025-02-03,2025-01-31,target_rebalance,0.0562939405593364,next_close
KKR,SELL,18.0,161.68531799316406,2910.335723876953,7.275839309692383,2903.0598845672607,120598.74357517615,207.0,2025-02-03,2025-01-31,target_rebalance,0.0753613451757953,next_close
GTLS,SELL,23.0,208.88999938964844,4804.469985961914,12.011174964904786,4792.458810997009,125391.20238617316,238.0,2025-02-03,2025-01-31,target_rebalance,0.1118046229245327,next_close
ANET,SELL,69.0,111.5,7693.5,19.23375,7674.26625,133065.46863617314,202.0,2025-02-03,2025-01-31,target_rebalance,0.0505603882918316,next_close
PLTR,SELL,147.0,83.73999786376953,12309.779685974121,30.774449214935302,12279.005236759185,145344.4738729323,561.0,2025-02-03,2025-01-31,target_rebalance,0.1057193872451272,next_close
TLN,SELL,65.0,230.85000610351562,15005.250396728516,37.51312599182129,14967.737270736694,160312.211143669,71.0,2025-02-03,2025-01-31,target_rebalance,0.0364507067983414,next_close
UAL,SELL,190.0,104.83000183105469,19917.70034790039,49.794250869750975,19867.90609703064,180180.11724069965,191.0,2025-02-03,2025-01-31,target_rebalance,0.0449561947945446,next_close
TPL,BUY,3.0,440.3743896484375,1321.1231689453125,3.3028079223632814,-1324.4259768676757,178855.69126383198,29.0,2025-02-03,2025-01-31,target_rebalance,0.0290793697329055,next_close
DBX,BUY,303.0,31.950000762939453,9680.850231170654,24.202125577926637,-9705.052356748582,169150.6389070834,1111.0,2025-02-03,2025-01-31,target_rebalance,0.0799863219447448,next_close
CORT,BUY,251.0,66.55000305175781,16704.05076599121,41.76012691497803,-16745.81089290619,152404.8280141772,433.0,2025-02-03,2025-01-31,target_rebalance,0.0650752833469018,next_close
APP,BUY,52.0,365.44000244140625,19002.880126953125,47.50720031738281,-19050.38732727051,133354.4406869067,52.0,2025-02-03,2025-01-31,target_rebalance,0.0435006613297889,next_close
SBUX,BUY,198.0,104.07756042480469,20607.356964111328,51.518392410278324,-20658.875356521607,112695.56533038508,198.0,2025-02-03,2025-01-31,target_rebalance,0.046558605884392,next_close
DASH,BUY,129.0,190.8000030517578,24613.200393676758,61.533000984191894,-24674.73339466095,88020.83193572413,129.0,2025-02-03,2025-01-31,target_rebalance,0.0556123605649736,next_close
IBKR,BUY,537.0,55.460777282714844,29782.43740081787,74.45609350204468,-29856.893494319916,58163.938441404214,537.0,2025-02-03,2025-01-31,target_rebalance,0.0671252098682751,next_close
MMM,BUY,228.0,145.84764099121094,33253.262145996094,83.13315536499023,-33336.39530136108,24827.543140043133,228.0,2025-02-03,2025-01-31,target_rebalance,0.0751509162532224,next_close
ANET,SELL,202.0,86.01000213623047,17374.020431518555,43.435051078796384,17330.58538043976,42158.12852048289,0.0,2025-03-03,2025-02-28,target_exit,,next_close
APP,SELL,52.0,337.3399963378906,17541.679809570312,43.85419952392578,17497.825610046388,59655.95413052928,0.0,2025-03-03,2025-02-28,target_exit,,next_close
AXON,SELL,38.0,525.75,19978.5,49.94625,19928.55375,79584.50788052927,0.0,2025-03-03,2025-02-28,target_exit,,next_close
DBX,SELL,1111.0,25.899999618530273,28774.899576187134,71.93724894046784,28702.962327246667,108287.47020777594,0.0,2025-03-03,2025-02-28,target_exit,,next_close
GTLS,SELL,238.0,163.50999450683594,38915.37869262695,97.28844673156739,38818.090245895386,147105.56045367132,0.0,2025-03-03,2025-02-28,target_exit,,next_close
IBKR,SELL,537.0,50.07498550415039,26890.26721572876,67.2256680393219,26823.041547689438,173928.60200136076,0.0,2025-03-03,2025-02-28,target_exit,,next_close
KKR,SELL,207.0,131.9250946044922,27308.494583129883,68.27123645782471,27240.223346672057,201168.8253480328,0.0,2025-03-03,2025-02-28,target_exit,,next_close
TLN,SELL,71.0,188.02000427246094,13349.420303344727,33.373550758361816,13316.046752586364,214484.8721006192,0.0,2025-03-03,2025-02-28,target_exit,,next_close
TPL,SELL,29.0,448.66827392578125,13011.379943847656,32.528449859619144,12978.851493988037,227463.72359460723,0.0,2025-03-03,2025-02-28,target_exit,,next_close
UAL,SELL,191.0,91.66999816894531,17508.969650268555,43.772424125671385,17465.197226142882,244928.92082075012,0.0,2025-03-03,2025-02-28,target_exit,,next_close
DASH,SELL,2.0,198.10000610351562,396.20001220703125,0.9905000305175782,395.20951217651367,245324.13033292664,127.0,2025-03-03,2025-02-28,target_rebalance,0.0628258682759409,next_close
SBUX,SELL,18.0,111.65666198730469,2009.8199157714844,5.024549789428711,2004.7953659820557,247328.9256989087,180.0,2025-03-03,2025-02-28,target_rebalance,0.0503173424750528,next_close
PLTR,SELL,76.0,83.41999816894531,6339.919860839844,15.849799652099609,6324.070061187744,253652.99576009644,485.0,2025-03-03,2025-02-28,target_rebalance,0.1012576778614529,next_close
CORT,SELL,226.0,59.06999969482422,13349.819931030273,33.374549827575684,13316.445381202699,266969.44114129915,207.0,2025-03-03,2025-02-28,target_rebalance,0.0305854693167061,next_close
MMM,BUY,66.0,149.8688201904297,9891.34213256836,24.7283553314209,-9916.07048789978,257053.37065339935,294.0,2025-03-03,2025-02-28,target_rebalance,0.110671690229548,next_close
THG,BUY,61.0,167.70172119140625,10229.804992675781,25.574512481689453,-10255.37950515747,246797.99114824188,61.0,2025-03-03,2025-02-28,target_rebalance,0.0257627297345096,next_close
EXPE,BUY,56.0,191.1292724609375,10703.2392578125,26.75809814453125,-10729.997355957032,236067.99379228486,56.0,2025-03-03,2025-02-28,target_rebalance,0.0268971065212135,next_close
UBER,BUY,150.0,74.44000244140625,11166.000366210938,27.915000915527344,-11193.915367126465,224874.0784251584,150.0,2025-03-03,2025-02-28,target_rebalance,0.0281410459412057,next_close
GILD,BUY,105.0,111.46576690673828,11703.90552520752,29.2597638130188,-11733.165289020539,213140.91313613785,105.0,2025-03-03,2025-02-28,target_rebalance,0.0294463646994461,next_close
FTNT,BUY,115.0,106.54000091552734,12252.100105285645,30.630250263214112,-12282.730355548858,200858.182780589,115.0,2025-03-03,2025-02-28,target_rebalance,0.0308544629882998,next_close
ETR,BUY,178.0,85.07992553710938,15144.226745605469,37.86056686401367,-15182.087312469483,185676.0954681195,178.0,2025-03-03,2025-02-28,target_rebalance,0.0380577538983151,next_close
VRSN,BUY,91.0,236.57113647460938,21527.973419189453,53.81993354797363,-21581.793352737426,164094.3021153821,91.0,2025-03-03,2025-02-28,target_rebalance,0.0542848659955604,next_close
MA,BUY,48.0,570.6388549804688,27390.6650390625,68.47666259765626,-27459.141701660155,136635.16041372195,48.0,2025-03-03,2025-02-28,target_rebalance,0.0691833590002908,next_close
BROS,BUY,373.0,76.33999633789062,28474.818634033203,71.18704658508301,-28546.005680618287,108089.15473310367,373.0,2025-03-03,2025-02-28,target_rebalance,0.071531111149394,next_close
SAN,BUY,5215.0,6.284106254577637,32771.614117622375,81.92903529405594,-32853.543152916434,75235.61158018724,5215.0,2025-03-03,2025-02-28,target_rebalance,0.0821125200040645,next_close
EXPE,SELL,56.0,165.9929962158203,9295.607788085938,23.239019470214846,9272.368768615723,84507.98034880296,0.0,2025-04-01,2025-03-31,target_exit,,next_close
SAN,SELL,5215.0,6.585199356079102,34341.814641952515,85.85453660488129,34255.960105347636,118763.9404541506,0.0,2025-04-01,2025-03-31,target_exit,,next_close
MMM,SELL,5.0,144.25192260742188,721.2596130371094,1.8031490325927735,719.4564640045166,119483.39691815511,289.0,2025-04-01,2025-03-31,target_rebalance,0.106278185724467,next_close
MA,SELL,1.0,544.425537109375,544.425537109375,1.3610638427734376,543.0644732666016,120026.4613914217,47.0,2025-04-01,2025-03-31,target_rebalance,0.0641683742791264,next_close
DASH,SELL,51.0,182.4199981689453,9303.419906616211,23.25854976654053,9280.16135684967,129306.62274827137,76.0,2025-04-01,2025-03-31,target_rebalance,0.0350065361854679,next_close
PLTR,SELL,137.0,84.68000030517578,11601.160041809082,29.002900104522706,11572.15714170456,140878.77988997594,348.0,2025-04-01,2025-03-31,target_rebalance,0.075,next_close
SBUX,SELL,136.0,95.03538513183594,12924.812377929688,32.31203094482422,12892.500346984863,153771.2802369608,44.0,2025-04-01,2025-03-31,target_rebalance,0.010502076440893,next_close
BROS,SELL,370.0,61.349998474121094,22699.499435424805,56.748748588562016,22642.750686836243,176414.03092379705,3.0,2025-04-01,2025-03-31,target_rebalance,0.0003614970721693,next_close
FTNT,BUY,43.0,96.66999816894531,4156.809921264648,10.392024803161622,-4167.20194606781,172246.82897772925,158.0,2025-04-01,2025-03-31,target_rebalance,0.0391297406563078,next_close
VRSN,BUY,19.0,251.169677734375,4772.223876953125,11.930559692382813,-4784.154436645508,167462.67454108375,110.0,2025-04-01,2025-03-31,target_rebalance,0.0705975339085946,next_close
GILD,BUY,61.0,107.69003295898438,6569.092010498047,16.422730026245116,-6585.514740524292,160877.15980055946,166.0,2025-04-01,2025-03-31,target_rebalance,0.0456660603873883,next_close
UBER,BUY,131.0,72.98999786376953,9561.689720153809,23.904224300384524,-9585.593944454193,151291.56585610527,281.0,2025-04-01,2025-03-31,target_rebalance,0.0524376078243028,next_close
BJ,BUY,98.0,114.87999725341797,11258.239730834961,28.145599327087403,-11286.385330162047,140005.18052594323,98.0,2025-04-01,2025-03-31,target_rebalance,0.0288017109593789,next_close
ETR,BUY,139.0,82.92122650146484,11526.050483703613,28.815126209259034,-11554.865609912873,128450.31491603036,317.0,2025-04-01,2025-03-31,target_rebalance,0.067207411516587,next_close
AEM,BUY,110.0,106.87242889404297,11755.967178344727,29.389917945861818,-11785.357096290589,116664.95781973976,110.0,2025-04-01,2025-03-31,target_rebalance,0.0301815052118406,next_close
THG,BUY,75.0,170.51429748535156,12788.572311401367,31.971430778503418,-12820.54374217987,103844.4140775599,136.0,2025-04-01,2025-03-31,target_rebalance,0.0594219832287103,next_close
CORT,BUY,204.0,91.93000030517578,18753.72006225586,46.88430015563965,-18800.604362411497,85043.8097151484,411.0,2025-04-01,2025-03-31,target_rebalance,0.0965179623292325,next_close
MMM,SELL,289.0,134.70806884765625,38930.631896972656,97.32657974243165,38833.305317230224,123877.11503237861,0.0,2025-05-01,2025-04-30,target_exit,,next_close
SBUX,SELL,44.0,79.34288024902344,3491.0867309570312,8.727716827392578,3482.3590141296386,127359.47404650826,0.0,2025-05-01,2025-04-30,target_exit,,next_close
MA,SELL,4.0,543.420166015625,2173.6806640625,5.43420166015625,2168.2464624023437,129527.7205089106,43.0,2025-05-01,2025-04-30,target_rebalance,0.0582116240954338,next_close
ETR,SELL,89.0,80.70443725585938,7182.694915771484,17.956737289428713,7164.738178482055,136692.45868739265,228.0,2025-05-01,2025-04-30,target_rebalance,0.0465068116214034,next_close
THG,SELL,46.0,161.39161682128906,7424.014373779297,18.560035934448244,7405.454337844849,144097.9130252375,90.0,2025-05-01,2025-04-30,target_rebalance,0.036612146905245,next_close
VRSN,SELL,30.0,275.5202941894531,8265.608825683594,20.664022064208986,8244.944803619384,152342.85782885688,80.0,2025-05-01,2025-04-30,target_rebalance,0.0556621793652568,next_close
GILD,SELL,114.0,99.9190902709961,11390.776290893555,28.476940727233888,11362.29935016632,163705.1571790232,52.0,2025-05-01,2025-04-30,target_rebalance,0.0131439753350387,next_close
CORT,SELL,199.0,71.4800033569336,14224.520668029785,35.561301670074464,14188.959366359712,177894.11654538292,212.0,2025-05-01,2025-04-30,target_rebalance,0.0383085238209117,next_close
DASH,BUY,6.0,196.1999969482422,1177.1999816894531,2.942999954223633,-1180.1429816436766,176713.97356373924,82.0,2025-05-01,2025-04-30,target_rebalance,0.0411820987645718,next_close
UBER,BUY,70.0,80.88999938964844,5662.299957275391,14.155749893188476,-5676.4557071685795,171037.51785657066,351.0,2025-05-01,2025-04-30,target_rebalance,0.0720480131339279,next_close
FTNT,BUY,75.0,104.20999908447266,7815.749931335449,19.539374828338623,-7835.289306163788,163202.22855040687,233.0,2025-05-01,2025-04-30,target_rebalance,0.0616168628995352,next_close
AEM,BUY,73.0,111.13785552978516,8113.063453674316,20.28265863418579,-8133.346112308503,155068.88243809837,183.0,2025-05-01,2025-04-30,target_rebalance,0.0516800054517572,next_close
BKNG,BUY,55.0,201.99734497070312,11109.853973388672,27.77463493347168,-11137.628608322144,143931.25382977622,55.0,2025-05-01,2025-04-30,target_rebalance,0.028612626378516,next_close
THC,BUY,82.0,145.2899932861328,11913.77944946289,29.784448623657227,-11943.563898086548,131987.68993168967,82.0,2025-05-01,2025-04-30,target_rebalance,0.0304816806307718,next_close
BJ,BUY,122.0,117.26000213623047,14305.720260620117,35.76430065155029,-14341.484561271667,117646.205370418,220.0,2025-05-01,2025-04-30,target_rebalance,0.065514219805028,next_close
PLTR,BUY,162.0,116.19999694824219,18824.399505615234,47.06099876403809,-18871.460504379273,98774.74486603873,510.0,2025-05-01,2025-04-30,target_rebalance,0.15,next_close
BROS,SELL,3.0,71.76000213623047,215.2800064086914,0.5382000160217285,214.74180639266967,98989.4866724314,0.0,2025-06-02,2025-05-30,target_exit,,next_close
ETR,SELL,228.0,81.06521606445312,18482.869262695312,46.207173156738286,18436.662089538575,117426.14876196998,0.0,2025-06-02,2025-05-30,target_exit,,next_close
FTNT,SELL,233.0,102.47000122070312,23875.510284423828,59.68877571105957,23815.82150871277,141241.97027068274,0.0,2025-06-02,2025-05-30,target_exit,,next_close
GILD,SELL,52.0,105.39649963378906,5480.617980957031,13.70154495239258,5466.916436004639,146708.88670668736,0.0,2025-06-02,2025-05-30,target_exit,,next_close
THG,SELL,90.0,173.5259552001953,15617.335968017578,39.04333992004395,15578.292628097533,162287.1793347849,0.0,2025-06-02,2025-05-30,target_exit,,next_close
CORT,SELL,89.0,71.68000030517578,6379.5200271606445,15.948800067901612,6363.571227092743,168650.75056187762,123.0,2025-06-02,2025-05-30,target_rebalance,0.0213215376255706,next_close
AEM,SELL,56.0,123.12655639648438,6895.087158203125,17.237717895507814,6877.849440307617,175528.60000218524,127.0,2025-06-02,2025-05-30,target_rebalance,0.0379250309398798,next_close
VRSN,SELL,38.0,272.1823425292969,10342.929016113281,25.857322540283203,10317.071693572998,185845.67169575824,42.0,2025-06-02,2025-05-30,target_rebalance,0.0274665393260341,next_close
BJ,SELL,112.0,111.69999694824219,12510.399658203125,31.275999145507814,12479.123659057617,198324.79535481587,108.0,2025-06-02,2025-05-30,target_rebalance,0.0292900095406968,next_close
UBER,SELL,190.0,83.63999938964844,15891.599884033203,39.72899971008301,15851.87088432312,214176.66623913898,161.0,2025-06-02,2025-05-30,target_rebalance,0.0326130979191939,next_close
PLTR,SELL,140.0,132.0399932861328,18485.599060058594,46.21399765014649,18439.385062408448,232616.05130154744,370.0,2025-06-02,2025-05-30,target_rebalance,0.1184681552594936,next_close
MA,BUY,4.0,577.8070068359375,2311.22802734375,5.7780700683593755,-2317.0060974121093,230299.04520413533,47.0,2025-06-02,2025-05-30,target_rebalance,0.0673516233075915,next_close
DASH,BUY,16.0,212.7899932861328,3404.639892578125,8.511599731445312,-3413.15149230957,226885.89371182575,98.0,2025-06-02,2025-05-30,target_rebalance,0.051086948963491,next_close
BKNG,BUY,55.0,219.31988525390625,12062.593688964844,30.15648422241211,-12092.750173187256,214793.14353863848,110.0,2025-06-02,2025-05-30,target_rebalance,0.059098284171833,next_close
THC,BUY,125.0,170.1199951171875,21264.999389648438,53.162498474121094,-21318.16188812256,193474.98165051593,207.0,2025-06-02,2025-05-30,target_rebalance,0.0859955328179152,next_close
RBRK,BUY,245.0,99.73999786376953,24436.299476623535,61.09074869155884,-24497.390225315095,168977.59142520084,245.0,2025-06-02,2025-05-30,target_rebalance,0.0595917118727161,next_close
AXON,BUY,33.0,758.5700073242188,25032.81024169922,62.582025604248045,-25095.39226730347,143882.19915789738,33.0,2025-06-02,2025-05-30,target_rebalance,0.0625965325699536,next_close
ATI,BUY,334.0,80.7699966430664,26977.17887878418,67.44294719696045,-27044.62182598114,116837.57733191624,334.0,2025-06-02,2025-05-30,target_rebalance,0.0656631509451237,next_close
NXT,BUY,639.0,55.290000915527344,35330.31058502197,88.32577646255493,-35418.636361484525,81418.94097043172,639.0,2025-06-02,2025-05-30,target_rebalance,0.085974511002215,next_close
NRG,BUY,295.0,156.69766235351562,46225.81039428711,115.56452598571778,-46341.37492027283,35077.56605015889,295.0,2025-06-02,2025-05-30,target_rebalance,0.1124232966349308,next_close
AEM,SELL,127.0,116.8652114868164,14841.881858825684,37.10470464706421,14804.777154178619,49882.343204337514,0.0,2025-07-01,2025-06-30,target_exit,,next_close
BJ,SELL,108.0,107.04000091552734,11560.320098876953,28.900800247192382,11531.41929862976,61413.76250296728,0.0,2025-07-01,2025-06-30,target_exit,,next_close
MA,SELL,47.0,561.2944946289062,26380.841247558594,65.95210311889649,26314.889144439698,87728.65164740698,0.0,2025-07-01,2025-06-30,target_exit,,next_close
RBRK,SELL,85.0,85.18000030517578,7240.300025939941,18.100750064849855,7222.199275875091,94950.85092328207,160.0,2025-07-01,2025-06-30,target_rebalance,0.0327965515207151,next_close
NRG,SELL,52.0,154.1962890625,8018.20703125,20.045517578125,7998.161513671875,102949.01243695394,243.0,2025-07-01,2025-06-30,target_rebalance,0.0903909301494003,next_close
THC,SELL,48.0,177.42999267578125,8516.6396484375,21.29159912109375,8495.348049316406,111444.36048627035,159.0,2025-07-01,2025-06-30,target_rebalance,0.0681170856264091,next_close
NXT,SELL,263.0,57.52000045776367,15127.760120391846,37.819400300979616,15089.940720090866,126534.30120636121,376.0,2025-07-01,2025-06-30,target_rebalance,0.0522309644350474,next_close
PLTR,SELL,192.0,130.67999267578125,25090.55859375,62.726396484375,25027.832197265627,151562.13340362685,178.0,2025-07-01,2025-06-30,target_rebalance,0.0562132275780024,next_close
CORT,BUY,90.0,69.30999755859375,6237.8997802734375,15.594749450683594,-6253.494529724121,145308.63887390273,213.0,2025-07-01,2025-06-30,target_rebalance,0.0357407135701102,next_close
VRSN,BUY,23.0,285.53662109375,6567.34228515625,16.418355712890627,-6583.760640869141,138724.87823303358,65.0,2025-07-01,2025-06-30,target_rebalance,0.0452306572493012,next_close
ATI,BUY,80.0,83.88999938964844,6711.199951171875,16.777999877929688,-6727.977951049805,131996.90028198378,414.0,2025-07-01,2025-06-30,target_rebalance,0.0840548889877495,next_close
BKNG,BUY,30.0,227.3069610595703,6819.208831787109,17.048022079467774,-6836.256853866577,125160.6434281172,140.0,2025-07-01,2025-06-30,target_rebalance,0.0771432276159426,next_close
UBER,BUY,117.0,92.12999725341797,10779.209678649902,26.948024196624758,-10806.157702846527,114354.48572527067,278.0,2025-07-01,2025-06-30,target_rebalance,0.0621556183668197,next_close
DASH,BUY,65.0,238.00999450683594,15470.649642944336,38.676624107360844,-15509.326267051696,98845.15945821897,163.0,2025-07-01,2025-06-30,target_rebalance,0.0941577122927391,next_close
AXON,BUY,20.0,775.3800048828125,15507.60009765625,38.76900024414063,-15546.369097900391,83298.79036031858,53.0,2025-07-01,2025-06-30,target_rebalance,0.1006035447702131,next_close
NVDA,BUY,148.0,153.0961151123047,22658.225036621094,56.64556259155273,-22714.870599212645,60583.919761105935,148.0,2025-07-01,2025-06-30,target_rebalance,0.0548531308184574,next_close
VRT,BUY,224.0,122.40516662597656,27418.75732421875,68.54689331054688,-27487.304217529298,33096.61554357664,224.0,2025-07-01,2025-06-30,target_rebalance,0.0663729363740093,next_close
GEV,BUY,57.0,504.63397216796875,28764.13641357422,71.91034103393555,-28836.046754608153,4260.568788968489,57.0,2025-07-01,2025-06-30,target_rebalance,0.0706693658898192,next_close
BKNG,SELL,140.0,213.6448974609375,29910.28564453125,74.77571411132813,29835.50993041992,34096.07871938841,0.0,2025-08-01,2025-07-31,target_exit,,next_close
CORT,SELL,213.0,69.0,14697.0,36.7425,14660.2575,48756.33621938841,0.0,2025-08-01,2025-07-31,target_exit,,next_close
THC,SELL,159.0,158.08999633789062,25136.30941772461,62.840773544311524,25073.4686441803,73829.80486356872,0.0,2025-08-01,2025-07-31,target_exit,,next_close
UBER,SELL,278.0,86.91000366210938,24160.981018066406,60.402452545166014,24100.57856552124,97930.38342908995,0.0,2025-08-01,2025-07-31,target_exit,,next_close
VRSN,SELL,65.0,262.11724853515625,17037.621154785156,42.59405288696289,16995.027101898195,114925.41053098816,0.0,2025-08-01,2025-07-31,target_exit,,next_close
PLTR,SELL,35.0,154.27000427246094,5399.450149536133,13.498625373840332,5385.951524162292,120311.36205515044,143.0,2025-08-01,2025-07-31,target_rebalance,0.0518654485114005,next_close
NRG,SELL,47.0,166.17160034179688,7810.065216064453,19.525163040161132,7790.540053024292,128101.90210817473,196.0,2025-08-01,2025-07-31,target_rebalance,0.0764529197731062,next_close
DASH,SELL,50.0,248.35000610351562,12417.500305175781,31.043750762939453,12386.456554412842,140488.3586625876,113.0,2025-08-01,2025-07-31,target_rebalance,0.0659973725551805,next_close
ATI,SELL,220.0,76.72000122070312,16878.400268554688,42.19600067138672,16836.204267883302,157324.5629304709,194.0,2025-08-01,2025-07-31,target_rebalance,0.0349883091255619,next_close
AXON,SELL,27.0,742.469970703125,20046.689208984375,50.11672302246094,19996.572485961915,177321.1354164328,26.0,2025-08-01,2025-07-31,target_rebalance,0.044276012575499,next_close
RBRK,BUY,25.0,87.6500015258789,2191.2500381469727,5.478125095367432,-2196.72816324234,175124.40725319047,185.0,2025-08-01,2025-07-31,target_rebalance,0.0382134298015323,next_close
NXT,BUY,89.0,56.56999969482422,5034.7299728393555,12.58682493209839,-5047.316797771454,170077.090455419,465.0,2025-08-01,2025-07-31,target_rebalance,0.0620404227813709,next_close
VRT,BUY,70.0,141.4342041015625,9900.394287109375,24.75098571777344,-9925.145272827149,160151.94518259185,294.0,2025-08-01,2025-07-31,target_rebalance,0.0981164733223223,next_close
GEV,BUY,15.0,655.0126953125,9825.1904296875,24.56297607421875,-9849.75340576172,150302.19177683012,72.0,2025-08-01,2025-07-31,target_rebalance,0.1119714993786756,next_close
NVDA,BUY,76.0,173.4889373779297,13185.159240722656,32.962898101806644,-13218.122138824463,137084.06963800566,224.0,2025-08-01,2025-07-31,target_rebalance,0.0917568922676554,next_close
EBAY,BUY,256.0,90.57704162597656,23187.72265625,57.969306640625,-23245.691962890625,113838.37767511504,256.0,2025-08-01,2025-07-31,target_rebalance,0.0547200238263595,next_close
ALAB,BUY,189.0,131.10000610351562,24777.901153564453,61.944752883911136,-24839.845906448365,88998.53176866668,189.0,2025-08-01,2025-07-31,target_rebalance,0.0584428736342846,next_close
WDC,BUY,352.0,76.34310913085938,26872.7744140625,67.18193603515626,-26939.956350097655,62058.57541856903,352.0,2025-08-01,2025-07-31,target_rebalance,0.0635066183798128,next_close
AMD,BUY,168.0,171.6999969482422,28845.599487304688,72.11399871826173,-28917.71348602295,33140.86193254608,168.0,2025-08-01,2025-07-31,target_rebalance,0.068106048651671,next_close
TLN,BUY,85.0,378.010009765625,32130.850830078125,80.32712707519532,-32211.17795715332,929.6839753927634,85.0,2025-08-01,2025-07-31,target_rebalance,0.0760159688560555,next_close
ATI,SELL,194.0,78.36000061035156,15201.840118408203,38.004600296020506,15163.835518112182,16093.519493504946,0.0,2025-09-02,2025-08-29,target_exit,,next_close
AXON,SELL,26.0,743.5900268554688,19333.340698242188,48.33335174560547,19285.007346496583,35378.52684000153,0.0,2025-09-02,2025-08-29,target_exit,,next_close
NRG,SELL,196.0,143.8475341796875,28194.11669921875,70.48529174804688,28123.631407470704,63502.15824747223,0.0,2025-09-02,2025-08-29,target_exit,,next_close
RBRK,SELL,185.0,87.9000015258789,16261.500282287598,40.653750705719,16220.84653158188,79723.00477905411,0.0,2025-09-02,2025-08-29,target_exit,,next_close
EBAY,SELL,32.0,89.0287094116211,2848.918701171875,7.122296752929688,2841.7964044189453,82564.80118347306,224.0,2025-09-02,2025-08-29,target_rebalance,0.0473766477080476,next_close
NVDA,SELL,23.0,170.55284118652344,3922.715347290039,9.806788368225098,3912.908558921814,86477.70974239487,201.0,2025-09-02,2025-08-29,target_rebalance,0.0812975841264494,next_close
TLN,SELL,14.0,375.1499938964844,5252.099914550781,13.130249786376954,5238.969664764404,91716.67940715927,71.0,2025-09-02,2025-08-29,target_rebalance,0.0629243625721935,next_close
PLTR,SELL,43.0,157.08999633789062,6754.869842529297,16.887174606323242,6737.982667922974,98454.66207508225,100.0,2025-09-02,2025-08-29,target_rebalance,0.0372695409135581,next_close
AMD,SELL,59.0,162.32000732421875,9576.880432128906,23.942201080322267,9552.938231048583,108007.60030613083,109.0,2025-09-02,2025-08-29,target_rebalance,0.0419503449057084,next_close
NXT,SELL,144.0,66.72000122070312,9607.68017578125,24.019200439453126,9583.660975341796,117591.26128147263,321.0,2025-09-02,2025-08-29,target_rebalance,0.0508373993895328,next_close
GEV,SELL,19.0,578.36669921875,10988.96728515625,27.472418212890627,10961.49486694336,128552.756148416,53.0,2025-09-02,2025-08-29,target_rebalance,0.0726044926400744,next_close
VRT,SELL,105.0,123.87355041503906,13006.722793579102,32.51680698394775,12974.205986595154,141526.96213501116,189.0,2025-09-02,2025-08-29,target_rebalance,0.0555607025562754,next_close
DASH,SELL,56.0,244.10000610351562,13669.600341796875,34.174000854492185,13635.426340942382,155162.38847595354,57.0,2025-09-02,2025-08-29,target_rebalance,0.0328731839861491,next_close
WDC,BUY,168.0,81.6886215209961,13723.688415527344,34.30922103881836,-13757.997636566162,141404.39083938737,520.0,2025-09-02,2025-08-29,target_rebalance,0.1010781206307648,next_close
ALAB,BUY,84.0,174.24000549316406,14636.160461425781,36.59040115356446,-14672.750862579345,126731.63997680803,273.0,2025-09-02,2025-08-29,target_rebalance,0.1133805480884643,next_close
LITE,BUY,194.0,132.55499267578125,25715.668579101562,64.2891714477539,-25779.957750549318,100951.68222625871,194.0,2025-09-02,2025-08-29,target_rebalance,0.0613191656978285,next_close
TER,BUY,249.0,120.30203247070312,29955.206085205078,74.8880152130127,-30030.09410041809,70921.58812584062,249.0,2025-09-02,2025-08-29,target_rebalance,0.0714173911206087,next_close
KGC,BUY,1578.0,21.40386390686035,33775.297245025635,84.4382431125641,-33859.7354881382,37061.85263770242,1578.0,2025-09-02,2025-08-29,target_rebalance,0.0803032619241269,next_close
P,BUY,468.0,77.47000122070312,36255.96057128906,90.63990142822266,-36346.600472717284,715.2521649851333,468.0,2025-09-02,2025-08-29,target_rebalance,0.0863435342463539,next_close
EBAY,SELL,48.0,86.74085235595703,4163.5609130859375,10.408902282714845,4153.152010803223,4868.404175788356,176.0,2025-10-01,2025-09-30,target_rebalance,0.0307669847659238,next_close
AMD,SELL,30.0,164.00999450683594,4920.299835205078,12.300749588012696,4907.999085617065,9776.403261405421,79.0,2025-10-01,2025-09-30,target_rebalance,0.0258266678587749,next_close
TLN,SELL,15.0,426.989990234375,6404.849853515625,16.012124633789064,6388.837728881836,16165.240990287257,56.0,2025-10-01,2025-09-30,target_rebalance,0.0475219583295419,next_close
GEV,SELL,15.0,604.7767333984375,9071.651000976562,22.679127502441407,9048.971873474122,25214.21286376138,38.0,2025-10-01,2025-09-30,target_rebalance,0.0454441612496209,next_close
P,SELL,172.0,85.69000244140625,14738.680419921875,36.846701049804686,14701.83371887207,39916.04658263345,296.0,2025-10-01,2025-09-30,target_rebalance,0.0511385191357652,next_close
ALAB,SELL,117.0,194.5,22756.5,56.89125,22699.60875,62615.65533263345,156.0,2025-10-01,2025-09-30,target_rebalance,0.0611213837458114,next_close
LITE,BUY,7.0,171.39999389648438,1199.7999572753906,2.9994998931884767,-1202.799457168579,61412.85587546487,201.0,2025-10-01,2025-09-30,target_rebalance,0.0696708947451335,next_close
VRT,BUY,14.0,161.4576873779297,2260.4076232910156,5.651019058227539,-2266.058642349243,59146.79723311563,203.0,2025-10-01,2025-09-30,target_rebalance,0.0661030101838608,next_close
DASH,BUY,9.0,267.6400146484375,2408.7601318359375,6.021900329589844,-2414.782032165527,56732.0152009501,66.0,2025-10-01,2025-09-30,target_rebalance,0.0361025181192782,next_close
KGC,BUY,195.0,25.3834285736084,4949.768571853638,12.374421429634095,-4962.142993283272,51769.872207666835,1773.0,2025-10-01,2025-09-30,target_rebalance,0.0907541184269638,next_close
WDC,BUY,50.0,130.38865661621094,6519.432830810547,16.298582077026367,-6535.731412887573,45234.14079477926,570.0,2025-10-01,2025-09-30,target_rebalance,0.15,next_close
NXT,BUY,103.0,75.62000274658203,7788.860282897949,19.472150707244875,-7808.332433605194,37425.808361174066,424.0,2025-10-01,2025-09-30,target_rebalance,0.0647899449366099,next_close
NVDA,BUY,61.0,187.0015106201172,11407.092147827148,28.51773036956787,-11435.609878196716,25990.19848297735,262.0,2025-10-01,2025-09-30,target_rebalance,0.0989666654444822,next_close
TER,BUY,126.0,140.90127563476562,17753.56072998047,44.383901824951174,-17797.94463180542,8192.253851171929,375.0,2025-10-01,2025-09-30,target_rebalance,0.106628075350688,next_close
DASH,SELL,66.0,242.0500030517578,15975.300201416016,39.93825050354004,15935.361950912476,24127.615802084405,0.0,2025-11-03,2025-10-31,target_exit,,next_close
EBAY,SELL,176.0,81.97693634033203,14427.940795898438,36.06985198974609,14391.87094390869,38519.4867459931,0.0,2025-11-03,2025-10-31,target_exit,,next_close
GEV,SELL,38.0,580.1848754882812,22047.025268554688,55.11756317138672,21991.907705383303,60511.3944513764,0.0,2025-11-03,2025-10-31,target_exit,,next_close
TLN,SELL,56.0,413.5400085449219,23158.240478515625,57.895601196289064,23100.344877319338,83611.73932869574,0.0,2025-11-03,2025-10-31,target_exit,,next_close
KGC,SELL,370.0,23.338790893554688,8635.352630615234,21.588381576538087,8613.764249038697,92225.50357773443,1403.0,2025-11-03,2025-10-31,target_rebalance,0.0584830865483773,next_close
TER,SELL,84.0,182.78627014160156,15354.046691894531,38.38511672973633,15315.661575164795,107541.16515289922,291.0,2025-11-03,2025-10-31,target_rebalance,0.0949835624787644,next_close
PLTR,SELL,90.0,207.17999267578125,18646.199340820312,46.615498352050786,18599.583842468262,126140.74899536748,10.0,2025-11-03,2025-10-31,target_rebalance,0.0034362487350259,next_close
LITE,SELL,95.0,199.5800018310547,18960.100173950195,47.40025043487549,18912.69992351532,145053.44891888282,106.0,2025-11-03,2025-10-31,target_rebalance,0.0375308443422544,next_close
WDC,SELL,136.0,157.77638244628906,21457.588012695312,53.643970031738284,21403.944042663574,166457.3929615464,434.0,2025-11-03,2025-10-31,target_rebalance,0.1221027835351165,next_close
NVDA,SELL,110.0,206.61647033691406,22727.811737060547,56.81952934265137,22670.992207717896,189128.3851692643,152.0,2025-11-03,2025-10-31,target_rebalance,0.0558590036052223,next_close
VRT,SELL,151.0,191.24327087402344,28877.73390197754,72.19433475494385,28805.539567222597,217933.9247364869,52.0,2025-11-03,2025-10-31,target_rebalance,0.0175360211423636,next_close
ALAB,BUY,2.0,191.55999755859375,383.1199951171875,0.9577999877929688,-384.07779510498045,217549.84694138193,158.0,2025-11-03,2025-10-31,target_rebalance,0.0542575955661681,next_close
AMD,BUY,68.0,259.6499938964844,17656.199584960938,44.14049896240235,-17700.34008392334,199849.5068574586,147.0,2025-11-03,2025-10-31,target_rebalance,0.0685238956306923,next_close
P,BUY,194.0,98.5999984741211,19128.399703979492,47.820999259948735,-19176.22070323944,180673.28615421915,490.0,2025-11-03,2025-10-31,target_rebalance,0.0864444924138158,next_close
GOOGL,BUY,72.0,283.1659240722656,20387.946533203125,50.969866333007815,-20438.916399536134,160234.36975468302,72.0,2025-11-03,2025-10-31,target_rebalance,0.0367480325960547,next_close
LRCX,BUY,148.0,160.669189453125,23779.0400390625,59.44760009765625,-23838.487639160157,136395.88211552287,148.0,2025-11-03,2025-10-31,target_rebalance,0.0425074022832548,next_close
NXT,BUY,253.0,101.5,25679.5,64.19875,-25743.69875,110652.18336552287,677.0,2025-11-03,2025-10-31,target_rebalance,0.1227878740372305,next_close
CIEN,BUY,136.0,189.55999755859375,25780.15966796875,64.45039916992188,-25844.61006713867,84807.5732983842,136.0,2025-11-03,2025-10-31,target_rebalance,0.0463637677907995,next_close
MU,BUY,177.0,234.50669860839844,41507.68565368652,103.76921413421631,-41611.45486782074,43196.11843056346,177.0,2025-11-03,2025-10-31,target_rebalance,0.074408437860451,next_close
ALAB,SELL,158.0,165.19000244140625,26100.020385742188,65.25005096435547,26034.770334777833,69230.8887653413,0.0,2025-12-01,2025-11-28,target_exit,,next_close
NVDA,SELL,152.0,179.69082641601562,27313.005615234375,68.28251403808594,27244.72310119629,96475.61186653758,0.0,2025-12-01,2025-11-28,target_exit,,next_close
PLTR,SELL,10.0,167.49000549316406,1674.9000549316406,4.187250137329102,1670.7128047943115,98146.3246713319,0.0,2025-12-01,2025-11-28,target_exit,,next_close
LITE,SELL,7.0,317.92999267578125,2225.5099487304688,5.563774871826172,2219.9461738586424,100366.27084519053,99.0,2025-12-01,2025-11-28,target_rebalance,0.056313464205924,next_close
WDC,SELL,17.0,163.28787231445312,2775.893829345703,6.939734573364258,2768.954094772339,103135.22493996288,417.0,2025-12-01,2025-11-28,target_rebalance,0.1227618042006732,next_close
VRT,SELL,44.0,179.14007568359375,7882.163330078125,19.705408325195314,7862.45792175293,110997.6828617158,8.0,2025-12-01,2025-11-28,target_rebalance,0.0023936482188247,next_close
TER,SELL,52.0,179.4871368408203,9333.331115722656,23.33332778930664,9309.99778793335,120307.68064964915,239.0,2025-12-01,2025-11-28,target_rebalance,0.0772137768872288,next_close
P,SELL,198.0,88.55000305175781,17532.900604248047,43.83225151062012,17489.068352737428,137796.74900238658,292.0,2025-12-01,2025-11-28,target_rebalance,0.0465438790963335,next_close
AMD,SELL,93.0,219.75999450683594,20437.679489135742,51.09419872283936,20386.585290412902,158183.3342927995,54.0,2025-12-01,2025-11-28,target_rebalance,0.0210299850108715,next_close
NXT,SELL,319.0,87.44000244140625,27893.360778808594,69.73340194702149,27823.627376861572,186006.96166966108,358.0,2025-12-01,2025-11-28,target_rebalance,0.0564773004807606,next_close
KGC,BUY,88.0,28.265869140625,2487.396484375,6.218491210937501,-2493.6149755859374,183513.34669407512,1491.0,2025-12-01,2025-11-28,target_rebalance,0.0760823342337753,next_close
LRCX,BUY,33.0,154.2419891357422,5089.985641479492,12.724964103698731,-5102.710605583191,178410.63608849194,181.0,2025-12-01,2025-11-28,target_rebalance,0.0504012737171466,next_close
GOOGL,BUY,30.0,314.2751159667969,9428.253479003906,23.570633697509766,-9451.824112701415,168958.81197579054,102.0,2025-12-01,2025-11-28,target_rebalance,0.0583318870340374,next_close
MU,BUY,40.0,240.26197814941406,9610.479125976562,24.02619781494141,-9634.505323791504,159324.30665199904,217.0,2025-12-01,2025-11-28,target_rebalance,0.0945015310268249,next_close
CIEN,BUY,87.0,200.9199981689453,17480.039840698242,43.700099601745606,-17523.739940299987,141800.56671169907,223.0,2025-12-01,2025-11-28,target_rebalance,0.0809149112309705,next_close
AVGO,BUY,52.0,383.92840576171875,19964.277099609375,49.91069274902344,-20014.1877923584,121786.37891934067,52.0,2025-12-01,2025-11-28,target_rebalance,0.0361377184674979,next_close
SEB,BUY,8.0,4692.87548828125,37543.00390625,93.857509765625,-37636.86141601563,84149.51750332504,8.0,2025-12-01,2025-11-28,target_rebalance,0.0714882000744285,next_close
RVMD,BUY,727.0,75.80000305175781,55106.60221862793,137.76650554656982,-55244.3687241745,28905.148779150542,727.0,2025-12-01,2025-11-28,target_rebalance,0.0995097749686058,next_close
P,SELL,292.0,69.01000213623047,20150.920623779297,50.37730155944824,20100.543322219848,49005.69210137039,0.0,2026-01-02,2025-12-31,target_exit,,next_close
GOOGL,SELL,2.0,314.74029541015625,629.4805908203125,1.5737014770507813,627.9068893432617,49633.59899071365,100.0,2026-01-02,2025-12-31,target_rebalance,0.0516767952762307,next_close
NXT,SELL,12.0,92.77999877929688,1113.3599853515625,2.783399963378906,1110.5765853881835,50744.175576101836,346.0,2026-01-02,2025-12-31,target_rebalance,0.0531818695253675,next_close
TER,SELL,8.0,207.39492797851562,1659.159423828125,4.147898559570312,1655.0115252685546,52399.18710137039,231.0,2026-01-02,2025-12-31,target_rebalance,0.0790933494105162,next_close
CIEN,SELL,44.0,246.05999755859375,10826.639892578125,27.06659973144531,10799.57329284668,63198.760394217075,179.0,2026-01-02,2025-12-31,target_rebalance,0.0728813989794744,next_close
KGC,SELL,418.0,28.225971221923828,11798.45597076416,29.496139926910402,11768.95983083725,74967.72022505432,1073.0,2026-01-02,2025-12-31,target_rebalance,0.0501522992847093,next_close
LITE,SELL,38.0,386.1099853515625,14672.179443359375,36.680448608398436,14635.498994750977,89603.2192198053,61.0,2026-01-02,2025-12-31,target_rebalance,0.0389308514969818,next_close
WDC,SELL,139.0,187.56129455566406,26071.019943237305,65.17754985809326,26005.84239337921,115609.0616131845,278.0,2026-01-02,2025-12-31,target_rebalance,0.0863914126905513,next_close
AVGO,BUY,2.0,346.3441467285156,692.6882934570312,1.7317207336425782,-694.4200141906738,114914.64159899383,54.0,2026-01-02,2025-12-31,target_rebalance,0.03147934082002,next_close
LRCX,BUY,14.0,184.70843505859375,2585.9180908203125,6.464795227050781,-2592.382886047363,112322.25871294647,195.0,2026-01-02,2025-12-31,target_rebalance,0.0598021468021147,next_close
MU,BUY,13.0,315.2875671386719,4098.738372802734,10.246845932006837,-4108.9852187347415,108213.27349421172,230.0,2026-01-02,2025-12-31,target_rebalance,0.1203771864297028,next_close
SEB,BUY,1.0,4419.111328125,4419.111328125,11.047778320312501,-4430.159106445312,103783.11438776641,9.0,2026-01-02,2025-12-31,target_rebalance,0.0717153727945821,next_close
VRT,BUY,53.0,175.53170776367188,9303.18051147461,23.257951278686523,-9326.438462753296,94456.67592501311,61.0,2026-01-02,2025-12-31,target_rebalance,0.0177659148621921,next_close
RVMD,BUY,118.0,79.0199966430664,9324.359603881836,23.310899009704592,-9347.67050289154,85109.00542212157,845.0,2026-01-02,2025-12-31,target_rebalance,0.1106772333434438,next_close
AMD,BUY,58.0,223.47000122070312,12961.260070800781,32.403150177001955,-12993.663220977784,72115.34220114378,112.0,2026-01-02,2025-12-31,target_rebalance,0.0416016032322153,next_close
ASTS,BUY,519.0,83.47000122070312,43320.93063354492,108.30232658386231,-43429.232960128786,28686.109241014994,519.0,2026-01-02,2025-12-31,target_rebalance,0.0718287985024303,next_close
AMD,SELL,112.0,246.27000427246094,27582.240478515625,68.95560119628907,27513.284877319336,56199.39411833433,0.0,2026-02-02,2026-01-30,target_exit,,next_close
AVGO,SELL,54.0,329.8947448730469,17814.31622314453,44.535790557861326,17769.78043258667,73969.174550921,0.0,2026-02-02,2026-01-30,target_exit,,next_close
VRT,SELL,61.0,189.92526245117188,11585.441009521484,28.96360252380371,11556.477406997681,85525.65195791869,0.0,2026-02-02,2026-01-30,target_exit,,next_close
MU,SELL,4.0,437.61614990234375,1750.464599609375,4.376161499023437,1746.0884381103515,87271.74039602904,226.0,2026-02-02,2026-01-30,target_rebalance,0.135,next_close
NXT,SELL,51.0,115.5999984741211,5895.599922180176,14.73899980545044,5880.860922374725,93152.60131840376,295.0,2026-02-02,2026-01-30,target_rebalance,0.0466173598364004,next_close
KGC,SELL,331.0,31.497394561767578,10425.637599945068,26.06409399986267,10399.573505945205,103552.17482434897,742.0,2026-02-02,2026-01-30,target_rebalance,0.032009966761395,next_close
GOOGL,SELL,36.0,343.2431945800781,12356.755004882812,30.89188751220703,12325.863117370605,115878.03794171958,64.0,2026-02-02,2026-01-30,target_rebalance,0.0300344187396538,next_close
CIEN,SELL,102.0,268.489990234375,27385.97900390625,68.46494750976562,27317.514056396485,143195.55199811608,77.0,2026-02-02,2026-01-30,target_rebalance,0.0282587308857741,next_close
RVMD,SELL,343.0,97.16000366210938,33325.881256103516,83.31470314025879,33242.56655296325,176438.11855107933,502.0,2026-02-02,2026-01-30,target_rebalance,0.0668283389626928,next_close
ASTS,BUY,15.0,104.55000305175781,1568.2500457763672,3.920625114440918,-1572.1706708908082,174865.94788018853,534.0,2026-02-02,2026-01-30,target_rebalance,0.0766128291702188,next_close
LITE,BUY,4.0,423.4200134277344,1693.6800537109375,4.234200134277343,-1697.914253845215,173168.0336263433,65.0,2026-02-02,2026-01-30,target_rebalance,0.0377369933217751,next_close
TER,BUY,18.0,249.33154296875,4487.9677734375,11.21991943359375,-4499.1876928710935,168668.8459334722,249.0,2026-02-02,2026-01-30,target_rebalance,0.085339246456982,next_close
WDC,BUY,86.0,270.03033447265625,23222.608764648438,58.0565219116211,-23280.66528656006,145388.18064691217,364.0,2026-02-02,2026-01-30,target_rebalance,0.135,next_close
LRCX,BUY,121.0,237.04879760742188,28682.904510498047,71.70726127624512,-28754.611771774293,116633.56887513788,316.0,2026-02-02,2026-01-30,target_rebalance,0.102967603872665,next_close
AVT,BUY,565.0,62.72539138793945,35439.84613418579,88.59961533546448,-35528.445749521255,81105.12312561662,565.0,2026-02-02,2026-01-30,target_rebalance,0.0486337344942604,next_close
CIB,BUY,480.0,81.10475158691406,38930.28076171875,97.32570190429688,-39027.606463623044,42077.51666199358,480.0,2026-02-02,2026-01-30,target_rebalance,0.0533579344455896,next_close
ONTO,BUY,199.0,202.42999267578125,40283.56854248047,100.70892135620117,-40384.27746383667,1693.239198156909,199.0,2026-02-02,2026-01-30,target_rebalance,0.0554553439228035,next_close
GOOGL,SELL,64.0,306.12152099609375,19591.77734375,48.979443359375004,19542.797900390626,21236.037098547535,0.0,2026-03-02,2026-02-27,target_exit,,next_close
RVMD,SELL,63.0,101.62000274658203,6402.060173034668,16.00515043258667,6386.055022602081,27622.092121149617,439.0,2026-03-02,2026-02-27,target_rebalance,0.0588075836664702,next_close
CIB,SELL,115.0,65.59119415283203,7542.987327575684,18.85746831893921,7524.129859256745,35146.221980406364,365.0,2026-03-02,2026-02-27,target_rebalance,0.0315532623000857,next_close
ONTO,SELL,38.0,218.0500030517578,8285.900115966797,20.714750289916992,8265.18536567688,43411.407346083244,161.0,2026-03-02,2026-02-27,target_rebalance,0.0462060697932909,next_close
SEB,SELL,2.0,5179.91552734375,10359.8310546875,25.89957763671875,10333.93147705078,53745.33882313402,7.0,2026-03-02,2026-02-27,target_rebalance,0.0427973724048878,next_close
ASTS,SELL,195.0,86.91999816894531,16949.399642944336,42.37349910736084,16907.026143836974,70652.364966971,339.0,2026-03-02,2026-02-27,target_rebalance,0.0388642621901704,next_close
LRCX,SELL,88.0,230.56114196777344,20289.380493164062,50.72345123291016,20238.657041931154,90891.02200890216,228.0,2026-03-02,2026-02-27,target_rebalance,0.0692655361221793,next_close
WDC,SELL,83.0,269.8804016113281,22400.073333740234,56.00018333435059,22344.073150405882,113235.09515930804,281.0,2026-03-02,2026-02-27,target_rebalance,0.1000413064890171,next_close
TER,SELL,74.0,325.70697021484375,24102.315795898438,60.25578948974609,24042.06000640869,137277.15516571671,175.0,2026-03-02,2026-02-27,target_rebalance,0.0750510802777997,next_close
MU,SELL,66.0,412.4967346191406,27224.78448486328,68.06196121215821,27156.722523651122,164433.87768936783,160.0,2026-03-02,2026-02-27,target_rebalance,0.0865961582282831,next_close
AVT,BUY,22.0,64.37997436523438,1416.3594360351562,3.540898590087891,-1419.900334625244,163013.9773547426,587.0,2026-03-02,2026-02-27,target_rebalance,0.0499004253057553,next_close
NXT,BUY,108.0,103.72000122070312,11201.760131835938,28.004400329589846,-11229.764532165527,151784.21282257707,403.0,2026-03-02,2026-02-27,target_rebalance,0.0551653895309419,next_close
KGC,BUY,664.0,36.69376754760742,24364.661651611328,60.91165412902832,-24425.573305740356,127358.63951683672,1406.0,2026-03-02,2026-02-27,target_rebalance,0.0680917165416776,next_close
LITE,BUY,39.0,783.25,30546.75,76.36687500000001,-30623.116875,96735.52264183672,104.0,2026-03-02,2026-02-27,target_rebalance,0.1078763201911391,next_close
CIEN,BUY,126.0,353.7300109863281,44569.981384277344,111.42495346069336,-44681.40633773804,52054.11630409869,203.0,2026-03-02,2026-02-27,target_rebalance,0.0949495739402569,next_close
SNDK,BUY,81.0,619.0800170898438,50145.481384277344,125.36370346069336,-50270.84508773804,1783.2712163606484,81.0,2026-03-02,2026-02-27,target_rebalance,0.0662200247513245,next_close
ASTS,SELL,339.0,83.98999786376953,28472.60927581787,71.18152318954468,28401.427752628326,30184.698968988974,0.0,2026-04-01,2026-03-31,target_exit,,next_close
AVT,SELL,48.0,62.67306137084961,3008.3069458007812,7.520767364501953,3000.7861784362794,33185.48514742525,539.0,2026-04-01,2026-03-31,target_rebalance,0.0436743478905405,next_close
CIEN,SELL,12.0,415.3900146484375,4984.68017578125,12.461700439453125,4972.218475341797,38157.70362276705,191.0,2026-04-01,2026-03-31,target_rebalance,0.102434407959747,next_close
LRCX,SELL,24.0,221.8537139892578,5324.4891357421875,13.31122283935547,5311.177912902832,43468.881535669876,204.0,2026-04-01,2026-03-31,target_rebalance,0.0585344644122152,next_close
ONTO,SELL,40.0,211.72000122070312,8468.800048828125,21.172000122070312,8447.628048706054,51916.50958437593,121.0,2026-04-01,2026-03-31,target_rebalance,0.0330269701852071,next_close
TER,SELL,45.0,312.0821533203125,14043.696899414062,35.10924224853516,14008.587657165528,65925.09724154146,130.0,2026-04-01,2026-03-31,target_rebalance,0.0522719946015827,next_close
KGC,SELL,523.0,31.975248336791992,16723.054880142212,41.80763720035553,16681.247242941856,82606.34448448331,883.0,2026-04-01,2026-03-31,target_rebalance,0.0365512104369216,next_close
WDC,SELL,57.0,297.65240478515625,16966.187072753906,42.41546768188476,16923.771605072023,99530.11608955533,224.0,2026-04-01,2026-03-31,target_rebalance,0.0861744223787888,next_close
LITE,SELL,24.0,764.6500244140625,18351.6005859375,45.87900146484375,18305.721584472656,117835.837674028,80.0,2026-04-01,2026-03-31,target_rebalance,0.0782992259761808,next_close
MU,SELL,75.0,367.8500061035156,27588.750457763672,68.97187614440918,27519.778581619263,145355.61625564727,85.0,2026-04-01,2026-03-31,target_rebalance,0.0402927907608605,next_close
RVMD,BUY,60.0,98.63999938964844,5918.399963378906,14.795999908447266,-5933.195963287353,139422.42029235992,499.0,2026-04-01,2026-03-31,target_rebalance,0.0638446821029939,next_close
CIB,BUY,153.0,72.88999938964844,11152.169906616211,27.88042476654053,-11180.050331382752,128242.36996097717,518.0,2026-04-01,2026-03-31,target_rebalance,0.0489669759370066,next_close
SEB,BUY,2.0,5758.458984375,11516.91796875,28.792294921875,-11545.710263671876,116696.6596973053,9.0,2026-04-01,2026-03-31,target_rebalance,0.0726636405400999,next_close
NXT,BUY,208.0,120.37999725341797,25039.039428710938,62.59759857177735,-25101.637027282715,91595.02267002258,611.0,2026-04-01,2026-03-31,target_rebalance,0.0953433628801298,next_close
SNDK,BUY,48.0,692.72998046875,33251.0390625,83.12759765625,-33334.16666015625,58260.85600986633,129.0,2026-04-01,2026-03-31,target_rebalance,0.1165834187229302,next_close
PR,BUY,2532.0,20.425609588623047,51717.643478393555,129.29410869598388,-51846.93758708954,6413.918422776791,2532.0,2026-04-01,2026-03-31,target_rebalance,0.0669784091640019,next_close
CIB,SELL,518.0,67.04000091552734,34726.720474243164,86.81680118560791,34639.90367305755,41053.822095834345,0.0,2026-05-01,2026-04-30,target_exit,,next_close
KGC,SELL,883.0,29.508699417114258,26056.18158531189,65.14045396327973,25991.04113134861,67044.86322718296,0.0,2026-05-01,2026-04-30,target_exit,,next_close
NXT,SELL,611.0,119.93000030517578,73277.2301864624,183.19307546615602,73094.03711099624,140138.9003381792,0.0,2026-05-01,2026-04-30,target_exit,,next_close
AVT,SELL,64.0,80.22669982910156,5134.5087890625,12.83627197265625,5121.6725170898435,145260.57285526904,475.0,2026-05-01,2026-04-30,target_rebalance,0.0394661485658196,next_close
LRCX,SELL,56.0,256.5392761230469,14366.199462890625,35.915498657226564,14330.283964233398,159590.85681950243,148.0,2026-05-01,2026-04-30,target_rebalance,0.0390844336629828,next_close
TER,SELL,42.0,345.28961181640625,14502.163696289062,36.255409240722656,14465.90828704834,174056.76510655077,88.0,2026-05-01,2026-04-30,target_rebalance,0.0311313400871249,next_close
RVMD,SELL,110.0,139.47999572753906,15342.799530029297,38.35699882507324,15304.442531204224,189361.207637755,389.0,2026-05-01,2026-04-30,target_rebalance,0.0560943431328592,next_close
LITE,SELL,17.0,949.9299926757812,16148.809875488281,40.37202468872071,16108.43785079956,205469.64548855455,63.0,2026-05-01,2026-04-30,target_rebalance,0.0618692135140677,next_close
CIEN,SELL,36.0,535.2899780273438,19270.439208984375,48.17609802246094,19222.263110961914,224691.90859951646,155.0,2026-05-01,2026-04-30,target_rebalance,0.0855279911173761,next_close
SEB,SELL,3.0,5572.177734375,16716.533203125,41.791333007812504,16674.74187011719,241366.65046963366,6.0,2026-05-01,2026-04-30,target_rebalance,0.0315368729376407,next_close
SNDK,SELL,33.0,1187.0,39171.0,97.92750000000001,39073.0725,280439.72296963364,96.0,2026-05-01,2026-04-30,target_rebalance,0.1178093953487015,next_close
PR,BUY,129.0,21.91291046142578,2826.765449523926,7.066913623809815,-2833.8323631477356,277605.8906064859,2661.0,2026-05-01,2026-04-30,target_rebalance,0.0604135153875208,next_close
WDC,BUY,14.0,431.4075012207031,6039.705017089844,15.09926254272461,-6054.804279632568,271551.0863268533,238.0,2026-05-01,2026-04-30,target_rebalance,0.1067446331570859,next_close
MU,BUY,59.0,542.2100219726562,31990.39129638672,79.9759782409668,-32070.367274627686,239480.71905222564,144.0,2026-05-01,2026-04-30,target_rebalance,0.081109141376549,next_close
ONTO,BUY,112.0,292.9200134277344,32807.04150390625,82.01760375976562,-32889.05910766601,206591.65994455962,233.0,2026-05-01,2026-04-30,target_rebalance,0.0708508420596096,next_close
UI,BUY,58.0,1018.4410400390625,59069.580322265625,147.67395080566408,-59217.25427307129,147374.40567148832,58.0,2026-05-01,2026-04-30,target_rebalance,0.0616313482035552,next_close
STM,BUY,1171.0,55.68721008300781,65209.72300720215,163.02430751800537,-65372.74731472015,82001.65835676817,1171.0,2026-05-01,2026-04-30,target_rebalance,0.0675565568415223,next_close
MRVL,BUY,449.0,164.9499969482422,74062.54862976074,185.15637157440185,-74247.70500133514,7753.953355433026,449.0,2026-05-01,2026-04-30,target_rebalance,0.0767238517361116,next_close
