date,signal_date,ticker,target_weight,actual_weight,shares,price
2019-06-03,2019-05-31,HD,0.0697809909428004,0.0688081421798234,43.0,159.73707580566406
2019-06-03,2019-05-31,UNH,0.0697809909428004,0.06946195968577401,33.0,210.12002563476562
2019-06-03,2019-05-31,SBUX,0.0634243439356627,0.06348934807805029,97.0,65.337646484375
2019-06-03,2019-05-31,AMT,0.0504,0.05035362412057175,29.0,173.3273468017578
2019-06-03,2019-05-31,NOW,0.0504,0.05026128958339286,101.0,49.67599868774414
2019-06-03,2019-05-31,DHR,0.0492539291396438,0.04880441820143746,43.0,113.2987289428711
2019-06-03,2019-05-31,PEG,0.0434849839167636,0.04324277729392353,92.0,46.92022705078125
2019-06-03,2019-05-31,KO,0.0333842195968162,0.03316559613598845,82.0,40.37460708618164
2019-06-03,2019-05-31,SHOP,0.0323661747504937,0.03238704697840391,122.0,26.5
2019-06-03,2019-05-31,AZO,0.0308846385445804,0.0207896196027468,2.0,1037.6500244140625
2019-06-03,2019-05-31,SUI,0.0288988373357357,0.02884979652060167,28.0,102.85350036621094
2019-06-03,2019-05-31,CMS,0.0288,0.0287670032875896,62.0,46.31666564941406
2019-06-03,2019-05-31,ELS,0.0288,0.028675915185705676,57.0,50.220008850097656
2019-06-03,2019-05-31,FDS,0.0288,0.02851998309991414,11.0,258.8158874511719
2019-06-03,2019-05-31,HEI,0.0287552961423055,0.027997127396715185,23.0,121.5122299194336
2019-06-03,2019-05-31,DG,0.0286423897335469,0.028156559452332093,24.0,117.11235046386719
2019-06-03,2019-05-31,ORLY,0.0275392408719801,0.02749122335874189,110.0,24.947999954223633
2019-06-03,2019-05-31,CSX,0.02660396414687,0.026587148915277303,117.0,22.684032440185547
2019-07-01,2019-06-28,HD,0.1632045325333471,0.1632318618547595,95.0,178.43072509765625
2019-07-01,2019-06-28,ORCL,0.1207218606536462,0.10798650934930541,214.0,52.40153884887695
2019-07-01,2019-06-28,SBUX,0.1173773323932217,0.11725436697587735,168.0,72.47830963134766
2019-07-01,2019-06-28,NOW,0.1070172740332665,0.1070202928642893,196.0,56.70199966430664
2019-07-01,2019-06-28,FDS,0.0622395912280621,0.06194336770518482,24.0,268.02288818359375
2019-07-01,2019-06-28,DHR,0.0517687425402693,0.05127211964613709,43.0,123.82294464111328
2019-07-01,2019-06-28,MDT,0.0399507593104374,0.039587474816308164,51.0,80.60758972167969
2019-07-01,2019-06-28,WRB,0.0397589981825047,0.03970449547335008,161.0,25.609560012817383
2019-07-01,2019-06-28,DG,0.0382380644241253,0.0380100391813121,32.0,123.34928894042969
2019-07-01,2019-06-28,ABT,0.0373723658708624,0.037336249837175,52.0,74.56167602539062
2019-07-01,2019-06-28,AMT,0.034812303567901,0.0356466874538678,22.0,168.2615203857422
2019-07-01,2019-06-28,VEEV,0.0327172541566292,0.03148326393255908,20.0,163.47000122070312
2019-07-01,2019-06-28,KO,0.0300598849917517,0.03033973711678025,75.0,42.008663177490234
2019-07-01,2019-06-28,SHOP,0.0271808203341637,0.027285919279181496,93.0,30.468000411987305
2019-07-01,2019-06-28,YUM,0.0271167721865353,0.026990268060640137,29.0,96.64903259277344
2019-07-01,2019-06-28,ELS,0.0262084918628891,0.02670640934213906,54.0,51.35823059082031
2019-07-01,2019-06-28,HEI,0.0217180018964629,0.022838589082743253,18.0,131.7604522705078
2019-07-01,2019-06-28,SNPS,0.0195912702300319,0.018984424285037625,15.0,131.42999267578125
2019-07-01,2019-06-28,UNH,0.0007981305471976,0.0020845833543424704,1.0,216.47491455078125
2019-07-01,2019-06-28,PEG,0.000488926142082,0.0008961669670030778,2.0,46.53152084350586
2019-07-01,2019-06-28,AZO,0.0003728404154483,0.010580992398588911,1.0,1098.7900390625
2019-07-01,2019-06-28,SUI,0.0003318267459673,0.0010142243945568937,1.0,105.32279205322266
2019-07-01,2019-06-28,CMS,0.0003311756522914,0.0004511788992786584,1.0,46.85296630859375
2019-07-01,2019-06-28,CSX,0.0003136197754728,0.0004609750554262776,2.0,23.93512725830078
2019-07-01,2019-06-28,ORLY,0.000309160325432,0.0004806363914709398,2.0,24.95599937438965
2019-08-01,2019-07-31,NOW,0.1391122782909379,0.1390605751214066,268.0,54.79999923706055
2019-08-01,2019-07-31,HD,0.1225436949655919,0.12311919258196871,72.0,180.5945281982422
2019-08-01,2019-07-31,ORCL,0.0789880619151835,0.07918166400609783,165.0,50.68179702758789
2019-08-01,2019-07-31,KO,0.0631220644941148,0.06296967001333843,157.0,42.35874557495117
2019-08-01,2019-07-31,ORLY,0.0594526034647378,0.05938417620169977,251.0,24.98666763305664
2019-08-01,2019-07-31,TXN,0.0578290310318555,0.05702245471458558,59.0,102.07167053222656
2019-08-01,2019-07-31,SHOP,0.0529771479462761,0.053013114255021004,164.0,34.138999938964844
2019-08-01,2019-07-31,UNH,0.0505991073587249,0.05053361120572607,24.0,222.37216186523438
2019-08-01,2019-07-31,DHR,0.0453171038758319,0.045666460503715256,40.0,120.57261657714844
2019-08-01,2019-07-31,AMT,0.0413019418369198,0.039958978645873264,24.0,175.8386993408203
2019-08-01,2019-07-31,MDT,0.03953144909999,0.040042223158884345,50.0,84.57840728759766
2019-08-01,2019-07-31,WRB,0.0382245342611417,0.03843011783237736,153.0,26.527212142944336
2019-08-01,2019-07-31,CBRE,0.0380789483755595,0.037671077038827584,73.0,54.5
2019-08-01,2019-07-31,NEE,0.0380399121236154,0.03794333166701475,90.0,44.5250358581543
2019-08-01,2019-07-31,SPGI,0.0371180541788783,0.03682551800650479,16.0,243.074951171875
2019-08-01,2019-07-31,UNP,0.0362789026972069,0.035661178426872504,25.0,150.64926147460938
2019-08-01,2019-07-31,T,0.0324315369337168,0.03236257410819412,211.0,16.198392868041992
2019-08-01,2019-07-31,AXP,0.0290536271497165,0.029032416259292343,27.0,113.5614013671875
2019-09-03,2019-08-30,HD,0.1199999999999999,0.12155026205538101,68.0,190.13209533691406
2019-09-03,2019-08-30,KO,0.1199999999999999,0.11978223856260721,283.0,45.02092742919922
2019-09-03,2019-08-30,ORLY,0.0770684243989953,0.07698801967650722,320.0,25.590667724609375
2019-09-03,2019-08-30,AMGN,0.0741630979661838,0.07392403707222724,47.0,167.3001251220703
2019-09-03,2019-08-30,AMT,0.068157772935536,0.06695265201490617,36.0,197.8216094970703
2019-09-03,2019-08-30,NOW,0.0656584879406713,0.06586519343245653,133.0,52.67599868774414
2019-09-03,2019-08-30,T,0.0607988884513314,0.06079571637632324,385.0,16.796573638916016
2019-09-03,2019-08-30,PG,0.057621984941375,0.05676710723933244,59.0,102.34183502197266
2019-09-03,2019-08-30,MDT,0.0552050064700239,0.055094679541661876,66.0,88.79206848144531
2019-09-03,2019-08-30,NEE,0.0480643998124056,0.04786711759884295,106.0,48.033016204833984
2019-09-03,2019-08-30,SHOP,0.0423456598309019,0.042589542150115116,118.0,38.39099884033203
2019-09-03,2019-08-30,BKNG,0.0385342121994976,0.03799174071584093,53.0,76.246826171875
2019-09-03,2019-08-30,DUK,0.0385342121994976,0.038449984054593954,57.0,71.75129699707031
2019-09-03,2019-08-30,WRB,0.0320211547821518,0.032097813692092456,124.0,27.533550262451172
2019-09-03,2019-08-30,AEP,0.0320070023866371,0.031624785445708264,46.0,73.1270751953125
2019-09-03,2019-08-30,DG,0.0281534632713735,0.02795834224257969,21.0,141.61216735839844
2019-09-03,2019-08-30,ABT,0.0257457641346519,0.025200959694986005,36.0,74.45999908447266
2019-09-03,2019-08-30,ELS,0.0159204682787657,0.015762623198250558,29.0,57.814788818359375
2019-10-01,2019-09-30,HD,0.1199999999999999,0.12131850575838508,65.0,197.27772521972656
2019-10-01,2019-09-30,ORCL,0.1199999999999999,0.11910589881249871,258.0,48.795291900634766
2019-10-01,2019-09-30,NOW,0.0958988605112852,0.09560548327868894,202.0,50.0260009765625
2019-10-01,2019-09-30,BKNG,0.08,0.08009708613868721,109.0,77.67022705078125
2019-10-01,2019-09-30,MDT,0.0732564238381104,0.07311613632258013,86.0,89.86263275146484
2019-10-01,2019-09-30,KO,0.0691674818166648,0.06953806797444145,164.0,44.81703567504883
2019-10-01,2019-09-30,AEP,0.0677617300013419,0.06742800888108762,97.0,73.473876953125
2019-10-01,2019-09-30,NEE,0.0641064995126662,0.06404393945592135,137.0,49.41079330444336
2019-10-01,2019-09-30,AMT,0.0449205106570766,0.045387472586630576,26.0,184.5130157470703
2019-10-01,2019-09-30,PG,0.0448138801931648,0.04545346666038565,46.0,104.44160461425781
2019-10-01,2019-09-30,T,0.0417304368462844,0.041839415398664856,249.0,17.760313034057617
2019-10-01,2019-09-30,DUK,0.0367628799295944,0.03694628334563894,53.0,73.68163299560547
2019-10-01,2019-09-30,DG,0.0346438758083332,0.03422861154308769,25.0,144.71502685546875
2019-10-01,2019-09-30,ORLY,0.0263882332680183,0.026535085666516512,105.0,26.711332321166992
2019-10-01,2019-09-30,LHX,0.0245013959251639,0.023767225023681674,14.0,179.4381561279297
2019-10-01,2019-09-30,DHR,0.0211523851231438,0.02080671794011015,18.0,122.17868041992188
2019-10-01,2019-09-30,VICI,0.017906990689651,0.017789868834722753,118.0,15.935111045837402
2019-10-01,2019-09-30,MLM,0.0169884158795005,0.016978195195958837,7.0,256.3644714355469
2019-11-01,2019-10-31,BKNG,0.12,0.12016137273912725,161.0,79.79021453857422
2019-11-01,2019-10-31,ORCL,0.094314217962266,0.09467422453900028,202.0,50.10614776611328
2019-11-01,2019-10-31,HD,0.0868660316715105,0.08718341712795682,46.0,202.62203979492188
2019-11-01,2019-10-31,UNH,0.0723035488306647,0.07189837324252318,34.0,226.07408142089844
2019-11-01,2019-10-31,AAPL,0.0669757505610113,0.06664904804879306,116.0,61.425201416015625
2019-11-01,2019-10-31,ORLY,0.0588340165537187,0.05886311635081064,216.0,29.134000778198242
2019-11-01,2019-10-31,TAL,0.0542934125987852,0.05398327891770883,135.0,42.75
2019-11-01,2019-10-31,T,0.0502002168383888,0.05019958965200788,285.0,18.830677032470703
2019-11-01,2019-10-31,PG,0.0490257411455801,0.048183068628466934,49.0,105.12572479248047
2019-11-01,2019-10-31,DUK,0.0474635647753879,0.047336542570345155,70.0,72.2951431274414
2019-11-01,2019-10-31,CBRE,0.0421636128045025,0.0420246913421882,82.0,54.790000915527344
2019-11-01,2019-10-31,MDT,0.0414812521433887,0.04216390688992074,50.0,90.15326690673828
2019-11-01,2019-10-31,LPX,0.04,0.03997530817595911,158.0,27.048635482788086
2019-11-01,2019-10-31,COST,0.0317093587979896,0.030299897224171264,12.0,269.9420471191406
2019-11-01,2019-10-31,BAC,0.025873018102697,0.025897580723585462,102.0,27.14373779296875
2019-11-01,2019-10-31,SUI,0.0242430827216216,0.02363021048604667,19.0,132.9611053466797
2019-11-01,2019-10-31,WU,0.0239846299945337,0.023945530226231988,150.0,17.06647491455078
2019-11-01,2019-10-31,SPGI,0.0239255746177675,0.0229273187658337,10.0,245.1116180419922
2019-11-01,2019-10-31,JPM,0.0237523674811387,0.023078881078003422,23.0,107.2747573852539
2019-11-01,2019-10-31,O,0.0225906023990467,0.022383686826192593,42.0,56.976131439208984
2019-12-02,2019-11-29,ORCL,0.0925271610576742,0.09323648938223383,196.0,50.49789047241211
2019-12-02,2019-11-29,AAPL,0.0918013141771935,0.09169151909563854,153.0,63.6181640625
2019-12-02,2019-11-29,CPRT,0.0679417627891385,0.0679447138434156,328.0,21.989999771118164
2019-12-02,2019-11-29,MDT,0.0663407937310606,0.06593447488533677,76.0,92.0963363647461
2019-12-02,2019-11-29,DIS,0.0617222580903306,0.060630190038862004,44.0,146.27821350097656
2019-12-02,2019-11-29,PG,0.059202753484314,0.0588662158191933,60.0,104.1497573852539
2019-12-02,2019-11-29,VEEV,0.0521741540225924,0.0516686235259044,38.0,144.33999633789062
2019-12-02,2019-11-29,ORLY,0.0470681316576789,0.04737370223423847,169.0,29.757333755493164
2019-12-02,2019-11-29,MSFT,0.0456904146667972,0.045375175957915174,34.0,141.67160034179688
2019-12-02,2019-11-29,BABA,0.0444751138307207,0.04390592859736529,25.0,186.4346160888672
2019-12-02,2019-11-29,COST,0.0435063485662769,0.04341890391908332,17.0,271.1273498535156
2019-12-02,2019-11-29,AZO,0.0410672736601751,0.03328082668508055,3.0,1177.6500244140625
2019-12-02,2019-11-29,SBUX,0.0401929336824067,0.0399580308828819,58.0,73.13402557373047
2019-12-02,2019-11-29,JKHY,0.0388238644509363,0.038091302771579946,29.0,139.434814453125
2019-12-02,2019-11-29,WU,0.0355211419093417,0.035616609067957536,218.0,17.343608856201172
2019-12-02,2019-11-29,SPGI,0.0344576270145319,0.03281971755246691,14.0,248.85719299316406
2019-12-02,2019-11-29,SUI,0.0321926874505508,0.031245391454693832,25.0,132.67507934570312
2019-12-02,2019-11-29,MSCI,0.0320745877674446,0.03164227223602013,14.0,239.9291534423828
2019-12-02,2019-11-29,BAC,0.0273697386845669,0.027417991576684248,102.0,28.535064697265625
2019-12-02,2019-11-29,PANW,0.0150605699063415,0.014817572405400894,42.0,37.45166778564453
2019-12-02,2019-11-29,FTNT,0.0146110712485438,0.0144883012357326,74.0,20.784000396728516
2019-12-02,2019-11-29,BKNG,0.0032934562796668,0.003485223328620608,5.0,73.99527740478516
2019-12-02,2019-11-29,HD,0.0023782648889015,0.003500266764216629,2.0,185.7866668701172
2019-12-02,2019-11-29,UNH,0.0023469748406099,0.0023614315070478015,1.0,250.67945861816406
2019-12-02,2019-11-29,TAL,0.0016107658287856,0.0016839412593080618,4.0,44.689998626708984
2019-12-02,2019-11-29,T,0.0014133611594829,0.0015296754862332606,9.0,18.042644500732422
2019-12-02,2019-11-29,DUK,0.0013079929817103,0.0019099952643533437,3.0,67.58563995361328
2019-12-02,2019-11-29,CBRE,0.0013076359844825,0.0015972761860310835,3.0,56.52000045776367
2019-12-02,2019-11-29,LPX,0.0011713303802045,0.001243424866227261,5.0,26.39933204650879
2019-12-02,2019-11-29,JPM,0.0007286107642455,0.0010395609438476018,1.0,110.35533905029297
2019-12-02,2019-11-29,O,0.0006199050432922,0.0010023651392845898,2.0,53.20339584350586
2020-01-02,2019-12-31,COST,0.12,0.11948696316187245,49.0,265.74822998046875
2020-01-02,2019-12-31,AAPL,0.0924000286069625,0.0929231430390327,140.0,72.3338851928711
2020-01-02,2019-12-31,CPRT,0.0924000286069625,0.09242512804949073,431.0,23.3700008392334
2020-01-02,2019-12-31,MSFT,0.0767243923555749,0.07679140298964209,55.0,152.1583709716797
2020-01-02,2019-12-31,PG,0.0709132485974366,0.0701568771612984,73.0,104.73535919189453
2020-01-02,2019-12-31,FTNT,0.0659428565740679,0.06582021085229475,327.0,21.93600082397461
2020-01-02,2019-12-31,SBUX,0.0643901168712665,0.06381079748731533,90.0,77.26763153076172
2020-01-02,2019-12-31,BABA,0.0642405168512553,0.06320050925410281,33.0,208.7144775390625
2020-01-02,2019-12-31,MDT,0.059366176883175,0.05963947658231953,68.0,95.58084106445312
2020-01-02,2019-12-31,DIS,0.0567675640189922,0.05712969298532344,43.0,144.79026794433594
2020-01-02,2019-12-31,BAC,0.0418919147233469,0.041820099947370806,149.0,30.587553024291992
2020-01-02,2019-12-31,JD,0.0345423427698446,0.03427733977567194,113.0,33.0578498840332
2020-01-02,2019-12-31,SNPS,0.0335093881927755,0.032774426528307324,25.0,142.8699951171875
2020-01-02,2019-12-31,CP,0.028708076985764,0.028384297435007342,63.0,49.1002311706543
2020-01-02,2019-12-31,SPGI,0.0276438919288905,0.029037826422596523,12.0,263.7113342285156
2020-01-02,2019-12-31,SHOP,0.0247455726718195,0.024697662437365462,66.0,40.78099822998047
2020-01-02,2019-12-31,TSLA,0.0247424383938662,0.024741249588507097,94.0,28.68400001525879
2020-01-02,2019-12-31,MCHP,0.0210714449679986,0.021008926271715182,48.0,47.69892120361328
2020-02-03,2020-01-31,COST,0.18,0.17904467976618071,74.0,275.3301696777344
2020-02-03,2020-01-31,CPRT,0.1127886861299458,0.11271824928743317,509.0,25.200000762939453
2020-02-03,2020-01-31,AAPL,0.1032111291491109,0.10321132444225532,158.0,74.33517456054688
2020-02-03,2020-01-31,MSFT,0.0732348014847798,0.07403533072156286,51.0,165.19349670410156
2020-02-03,2020-01-31,GOOG,0.0591678461655669,0.05893015077683019,91.0,73.69198608398438
2020-02-03,2020-01-31,JD,0.0580447334177315,0.05794967251069692,192.0,34.34581756591797
2020-02-03,2020-01-31,PG,0.0551452250028744,0.05537776720059311,59.0,106.80892181396484
2020-02-03,2020-01-31,BABA,0.0496956802983381,0.04979681482313322,28.0,202.38002014160156
2020-02-03,2020-01-31,MDT,0.0496815669031259,0.0501749426231721,58.0,98.44258117675781
2020-02-03,2020-01-31,TSLA,0.0420669550195223,0.04249738337315272,93.0,52.0
2020-02-03,2020-01-31,SNPS,0.0420400854880966,0.0409336961038771,31.0,150.25999450683594
2020-02-03,2020-01-31,DIS,0.0375481500976433,0.03761252389064569,31.0,138.06858825683594
2020-02-03,2020-01-31,SHOP,0.0291589174815785,0.028874053974254656,70.0,46.93899917602539
2020-02-03,2020-01-31,CP,0.0254942716891412,0.025724405566356384,58.0,50.470947265625
2020-02-03,2020-01-31,WDAY,0.0253573808089371,0.02485648850476284,15.0,188.57000732421875
2020-02-03,2020-01-31,SPGI,0.0246124003098961,0.02466137165394713,10.0,280.6346740722656
2020-02-03,2020-01-31,PLD,0.0164448613492617,0.01628114957468699,24.0,77.1965560913086
2020-02-03,2020-01-31,FICO,0.0163073092044492,0.014616779451955763,4.0,415.8299865722656
2020-03-02,2020-02-28,UNH,0.073623508353114,0.07193493398771325,32.0,245.7493438720703
2020-03-02,2020-02-28,BABA,0.0547112143343688,0.05315216348685091,29.0,200.3666534423828
2020-03-02,2020-02-28,VZ,0.0540483788933814,0.053914591363852425,148.0,39.82420349121094
2020-03-02,2020-02-28,KO,0.0533614558502117,0.0532500608402843,126.0,46.201072692871094
2020-03-02,2020-02-28,NOW,0.0490460590179603,0.04914566635247972,78.0,68.87999725341797
2020-03-02,2020-02-28,TSLA,0.0471626258093708,0.04716183185582137,104.0,49.574668884277344
2020-03-02,2020-02-28,JD,0.0444622760095834,0.04476751146573865,129.0,37.938114166259766
2020-03-02,2020-02-28,VEEV,0.0384572419265103,0.03821279230323681,29.0,144.0500030517578
2020-03-02,2020-02-28,EDU,0.0355108244717587,0.03491067205641063,29.0,131.60206604003906
2020-03-02,2020-02-28,SHOP,0.0355012406060075,0.035293948855929284,79.0,48.84000015258789
2020-03-02,2020-02-28,DPZ,0.0336140813275426,0.03238392333079209,11.0,321.8394470214844
2020-03-02,2020-02-28,AMT,0.0322561417796683,0.031412292446911134,17.0,202.0008544921875
2020-03-02,2020-02-28,PODD,0.0304616474844785,0.029886189980482775,18.0,181.50999450683594
2020-03-02,2020-02-28,MELI,0.0301525223523489,0.02936817315138576,5.0,642.1099853515625
2020-03-02,2020-02-28,BKNG,0.0280263194388344,0.027946130276060438,45.0,67.89091491699219
2020-03-02,2020-02-28,MEDP,0.0231757023118742,0.022556015305595287,26.0,94.83999633789062
2020-03-02,2020-02-28,DUK,0.0213686062083734,0.020740154092362642,30.0,75.57762145996094
2020-03-02,2020-02-28,TT,0.0209794123710045,0.020285903281859457,24.0,92.40290069580078
2020-03-02,2020-02-28,COST,0.0048573212620861,0.005167070273281906,2.0,282.4339294433594
2020-03-02,2020-02-28,AAPL,0.0026945445531511,0.0032991814977488447,5.0,72.13378143310547
2020-03-02,2020-02-28,MSFT,0.0019998910840756,0.003002804022792722,2.0,164.1343536376953
2020-03-02,2020-02-28,GOOG,0.0015358222338337,0.001890490323478663,3.0,68.88992309570312
2020-03-02,2020-02-28,SNPS,0.0010945926369132,0.0012955458104432752,1.0,141.6300048828125
2020-03-02,2020-02-28,WDAY,0.0006707229380013,0.0015814933746710713,1.0,172.88999938964844
2020-03-02,2020-02-28,CP,0.0006663738557905,0.0008830101065621017,2.0,48.26565170288086
2020-03-02,2020-02-28,SPGI,0.0006371613936625,0.002517656183352273,1.0,275.23199462890625
2020-03-02,2020-02-28,FICO,0.0004303239673958,0.003540591265545274,1.0,387.05999755859375
2020-04-01,2020-03-31,JD,0.0609867476718268,0.061042735636148454,164.0,35.84406661987305
2020-04-01,2020-03-31,COST,0.0542194151004194,0.05169361604249185,19.0,262.0055236816406
2020-04-01,2020-03-31,NOW,0.042,0.0425341835833385,75.0,54.61399841308594
2020-04-01,2020-03-31,VRTX,0.042,0.03980428285602524,17.0,225.47999572753906
2020-04-01,2020-03-31,BABA,0.039938748009483,0.04069302160390466,22.0,178.1248016357422
2020-04-01,2020-03-31,VZ,0.0388484529644186,0.03894338825400343,102.0,36.7672119140625
2020-04-01,2020-03-31,AMGN,0.0370404376921709,0.03559841771580111,21.0,163.24449157714844
2020-04-01,2020-03-31,UNH,0.0318126226105984,0.03340646272379,15.0,214.46990966796875
2020-04-01,2020-03-31,MSFT,0.0313711412597992,0.030008316439516076,20.0,144.49032592773438
2020-04-01,2020-03-31,MSCI,0.0286720854156819,0.026397208263244216,10.0,254.2056121826172
2020-04-01,2020-03-31,TSLA,0.0274587502965889,0.027670060249875134,83.0,32.104000091552734
2020-04-01,2020-03-31,PG,0.0253341476918479,0.02520003485016512,26.0,93.33723449707031
2020-04-01,2020-03-31,AMT,0.0244060417562997,0.025246159718479516,14.0,173.65785217285156
2020-04-01,2020-03-31,BKNG,0.024,0.02385136113017983,46.0,49.932403564453125
2020-04-01,2020-03-31,CPRT,0.024,0.02388411774880821,142.0,16.197500228881836
2020-04-01,2020-03-31,AAPL,0.0238022293879901,0.02355243906546271,39.0,58.15652084350586
2020-04-01,2020-03-31,CHRW,0.0228161051152386,0.022262115007235343,37.0,57.94178009033203
2020-04-01,2020-03-31,SHOP,0.0212930750276361,0.021570237704362578,54.0,38.46699905395508
2020-05-01,2020-04-30,COST,0.1352451821437866,0.1344721749954527,51.0,276.4679260253906
2020-05-01,2020-04-30,AMGN,0.1112868735314381,0.11089501734163845,61.0,190.61834716796875
2020-05-01,2020-04-30,AAPL,0.0919386403846283,0.09184238737912337,138.0,69.78250885009766
2020-05-01,2020-04-30,PG,0.0673305604719239,0.06702471376438462,70.0,100.39669799804688
2020-05-01,2020-04-30,NOW,0.0667349255394361,0.06670175983898885,103.0,67.9020004272461
2020-05-01,2020-04-30,HD,0.065697116294201,0.06490693170948918,36.0,189.0475616455078
2020-05-01,2020-04-30,SHOP,0.0515478340755656,0.05150078168132325,88.0,61.36399841308594
2020-05-01,2020-04-30,BABA,0.0496255621736545,0.049321313330899126,28.0,184.69668579101562
2020-05-01,2020-04-30,VRTX,0.0446319456389471,0.04375823827765689,18.0,254.89999389648438
2020-05-01,2020-04-30,JD,0.0423924815199912,0.04253054081241639,123.0,36.25586700439453
2020-05-01,2020-04-30,VEEV,0.0378103710872556,0.037606508104909404,21.0,187.77000427246094
2020-05-01,2020-04-30,ABT,0.037398919083818,0.03689044091176816,48.0,80.58516693115234
2020-05-01,2020-04-30,AMZN,0.037398919083818,0.03706382636602745,34.0,114.302001953125
2020-05-01,2020-04-30,ZTO,0.0372989418926616,0.03725024973126932,154.0,25.362436294555664
2020-05-01,2020-04-30,FTNT,0.0302093598151969,0.030251151827720847,152.0,20.868000030517578
2020-05-01,2020-04-30,MSCI,0.0278099488848195,0.02859257765175677,10.0,299.8028869628906
2020-05-01,2020-04-30,GILD,0.0180494017925761,0.017600982712876575,29.0,63.63871765136719
2020-05-01,2020-04-30,DPZ,0.015832359134378,0.01581610085239997,5.0,331.67437744140625
2020-05-01,2020-04-30,VZ,0.0051379859356938,0.005328560591390515,14.0,39.90840530395508
2020-05-01,2020-04-30,TSLA,0.0048921828289773,0.004904956237204585,11.0,46.75466537475586
2020-05-01,2020-04-30,UNH,0.0045714181381079,0.004904300319708639,2.0,257.11627197265625
2020-05-01,2020-04-30,MSFT,0.0042870956947971,0.004744487544376499,3.0,165.82521057128906
2020-05-01,2020-04-30,CPRT,0.003455109747997,0.0035584208850147968,19.0,19.637500762939453
2020-05-01,2020-04-30,AMT,0.0033033140110958,0.0037638460298596785,2.0,197.32601928710938
2020-05-01,2020-04-30,BKNG,0.0031830046424828,0.00325533625004853,6.0,56.88884353637695
2020-05-01,2020-04-30,CHRW,0.0029305464527509,0.0029398026437205452,5.0,61.649658203125
2020-06-01,2020-05-29,UNH,0.1243383354936996,0.12271031203004144,51.0,276.4738464355469
2020-06-01,2020-05-29,COST,0.1123018871915969,0.11301259186416367,46.0,282.30084228515625
2020-06-01,2020-05-29,AAPL,0.1098731475132068,0.10983555618027982,162.0,77.90603637695312
2020-06-01,2020-05-29,HD,0.0793453075641062,0.0781795433307472,42.0,213.88829040527344
2020-06-01,2020-05-29,PG,0.0741413222373904,0.07366330194588439,84.0,100.76624298095703
2020-06-01,2020-05-29,NOW,0.0664001253034436,0.06672751791883906,100.0,76.67400360107422
2020-06-01,2020-05-29,VEEV,0.0554514525369944,0.05526111269450078,29.0,218.9600067138672
2020-06-01,2020-05-29,FTNT,0.0545638942387843,0.05442007805114726,216.0,28.950000762939453
2020-06-01,2020-05-29,ZTO,0.0468426428856055,0.04666230919286605,183.0,29.29937171936035
2020-06-01,2020-05-29,DPZ,0.0431420103386156,0.04028423919668851,13.0,356.0696716308594
2020-06-01,2020-05-29,VRTX,0.0423912268573083,0.04490204824024016,18.0,286.6400146484375
2020-06-01,2020-05-29,GOOG,0.0387334064270088,0.03831386866055513,62.0,71.0080337524414
2020-06-01,2020-05-29,ABT,0.0382878624632162,0.03775085346237603,52.0,83.4193115234375
2020-06-01,2020-05-29,AMZN,0.0372999367410809,0.03655826137401318,34.0,123.552001953125
2020-06-01,2020-05-29,JD,0.0288203411644046,0.02921245941173356,70.0,47.952720642089844
2020-06-01,2020-05-29,SHOP,0.02847775768251,0.02902543447200244,44.0,75.80000305175781
2020-06-01,2020-05-29,SE,0.0195893433610273,0.01937834104072913,27.0,82.47000122070312
2020-07-01,2020-06-30,UNH,0.12,0.11856195006738632,53.0,270.22222900390625
2020-07-01,2020-06-30,AAPL,0.111873343755798,0.11236194847571791,154.0,88.1353530883789
2020-07-01,2020-06-30,ABBV,0.0918557531993201,0.0913148398878953,141.0,78.23009490966797
2020-07-01,2020-06-30,ORCL,0.0865945066108498,0.08658295778035932,205.0,51.01879119873047
2020-07-01,2020-06-30,ZTO,0.0799077557478022,0.07984591306064702,292.0,33.03097915649414
2020-07-01,2020-06-30,HD,0.0765413565628309,0.07507198607396467,42.0,215.91371154785156
2020-07-01,2020-06-30,NOW,0.0661687054474213,0.06624710741912429,96.0,83.35800170898438
2020-07-01,2020-06-30,SHOP,0.043873718505642,0.0437641940680948,52.0,101.66400146484375
2020-07-01,2020-06-30,ORLY,0.04,0.03997580259437582,170.0,28.405332565307617
2020-07-01,2020-06-30,FDS,0.0398634021731724,0.0391606161257369,15.0,315.36236572265625
2020-07-01,2020-06-30,GOOGL,0.0385984115109957,0.038478867771243395,65.0,71.50897216796875
2020-07-01,2020-06-30,AMZN,0.0368400996229092,0.0369382648390474,31.0,143.93499755859375
2020-07-01,2020-06-30,ABT,0.0365469025458828,0.036061716894190785,53.0,82.19059753417969
2020-07-01,2020-06-30,WDAY,0.0357468980119958,0.034871595073339555,22.0,191.47000122070312
2020-07-01,2020-06-30,SE,0.0338471288405825,0.033164249565623305,35.0,114.45999908447266
2020-07-01,2020-06-30,PDD,0.0326670544614052,0.03254005445562155,46.0,85.44999694824219
2020-07-01,2020-06-30,VRTX,0.0290749630033917,0.030809365271550072,13.0,286.2799987792969
2020-08-03,2020-07-31,UNH,0.18,0.17947710049105411,83.0,275.55889892578125
2020-08-03,2020-07-31,HD,0.0977288574591676,0.09632385744216859,53.0,231.6015625
2020-08-03,2020-07-31,ORCL,0.0889113515564686,0.08882618806976227,219.0,51.6868896484375
2020-08-03,2020-07-31,MSFT,0.0710200403777497,0.06960042452002008,43.0,206.26565551757812
2020-08-03,2020-07-31,GOOGL,0.0678306418882025,0.06751008339936877,117.0,73.53028869628906
2020-08-03,2020-07-31,NOW,0.0678306418882025,0.06766837702881454,98.0,87.99199676513672
2020-08-03,2020-07-31,ORLY,0.0635348992589846,0.0634528471895162,256.0,31.586000442504883
2020-08-03,2020-07-31,PG,0.0478264913653377,0.047223503079533165,53.0,113.54442596435547
2020-08-03,2020-07-31,SE,0.0477296337320878,0.0468774042232963,45.0,132.75
2020-08-03,2020-07-31,CTAS,0.04,0.039688266531118344,72.0,70.24462890625
2020-08-03,2020-07-31,PDD,0.0374953376412905,0.03692491591490232,49.0,96.02999877929688
2020-08-03,2020-07-31,SHOP,0.0356783740844833,0.03654546356719448,43.0,108.30500030517578
2020-08-03,2020-07-31,SHW,0.0354677030389152,0.035075717576434184,22.0,203.17364501953125
2020-08-03,2020-07-31,MNST,0.0351818667200875,0.03512264087911181,115.0,38.91999816894531
2020-08-03,2020-07-31,JD,0.0266559019030553,0.026620561688273987,60.0,56.5391731262207
2020-08-03,2020-07-31,AMZN,0.024476968888594,0.025640709674265207,21.0,155.59449768066406
2020-08-03,2020-07-31,VRTX,0.0203366106840547,0.021934582989722097,10.0,279.5199890136719
2020-08-03,2020-07-31,TAL,0.0122946795133179,0.012072417839127885,19.0,80.97000122070312
2020-09-01,2020-08-31,HD,0.1126018391252644,0.11166599718131394,61.0,248.79464721679688
2020-09-01,2020-08-31,UNH,0.1018197126775286,0.10236535524259892,49.0,283.9270935058594
2020-09-01,2020-08-31,CRM,0.0885813043102791,0.08769628190373352,43.0,277.18048095703125
2020-09-01,2020-08-31,MSFT,0.0789600635023735,0.07823940900780317,49.0,217.00982666015625
2020-09-01,2020-08-31,NOW,0.0730440337605956,0.07243319997304552,99.0,99.43800354003906
2020-09-01,2020-08-31,SE,0.0697141141782478,0.06904887390861195,58.0,161.8000030517578
2020-09-01,2020-08-31,ORCL,0.0611808912974092,0.06149955240019756,157.0,53.238059997558594
2020-09-01,2020-08-31,AMGN,0.0609554395637087,0.06020957115997288,39.0,209.82191467285156
2020-09-01,2020-08-31,SHW,0.0584202321570142,0.057702210945911506,36.0,217.84112548828125
2020-09-01,2020-08-31,MNST,0.0580143339421849,0.05805420348788508,186.0,42.41999816894531
2020-09-01,2020-08-31,GOOG,0.0426090196936808,0.042419052372134135,70.0,82.35933685302734
2020-09-01,2020-08-31,JD,0.0422247048379014,0.042011316444901664,79.0,72.2751693725586
2020-09-01,2020-08-31,BKNG,0.04,0.03956679119947494,71.0,75.73949432373047
2020-09-01,2020-08-31,AMZN,0.0352254334359367,0.0347570309417614,27.0,174.95599365234375
2020-09-01,2020-08-31,PWR,0.0312676824711094,0.030991772012980777,81.0,52.000953674316406
2020-09-01,2020-08-31,SHOP,0.028460241010028,0.029211490153234265,35.0,113.43199920654297
2020-09-01,2020-08-31,WDAY,0.0169209540367369,0.016008810853445254,9.0,241.75
2020-10-01,2020-09-30,UNH,0.1373344237637617,0.13688173805117318,63.0,285.31573486328125
2020-10-01,2020-09-30,ORCL,0.1278767553498805,0.12798392919516252,305.0,55.10314178466797
2020-10-01,2020-09-30,NOW,0.1106655618327666,0.11026823671305497,147.0,98.50399780273438
2020-10-01,2020-09-30,HD,0.1091297533627251,0.1109510490286251,60.0,242.82920837402344
2020-10-01,2020-09-30,SE,0.0690821530877954,0.0694502921014962,57.0,160.0
2020-10-01,2020-09-30,BABA,0.0518610676894162,0.0503439711744209,24.0,275.4590148925781
2020-10-01,2020-09-30,CRM,0.0473824263002467,0.047553417617084974,25.0,249.78277587890625
2020-10-01,2020-09-30,JD,0.0424979676098636,0.042462816987751256,81.0,68.84058380126953
2020-10-01,2020-09-30,CLX,0.04,0.03878465665334096,29.0,175.62353515625
2020-10-01,2020-09-30,DPZ,0.04,0.03939710121320192,13.0,397.9620666503906
2020-10-01,2020-09-30,RVTY,0.04,0.03940473125017596,42.0,123.20259094238281
2020-10-01,2020-09-30,AMGN,0.0362767187351996,0.037413679701856224,23.0,213.61087036132812
2020-10-01,2020-09-30,CPRT,0.0349837773871422,0.034905283143284116,171.0,26.80500030517578
2020-10-01,2020-09-30,PG,0.0312239788803798,0.031178581950784,34.0,120.41988372802734
2020-10-01,2020-09-30,ABT,0.030143852846056,0.029795375722354012,40.0,97.8159408569336
2020-10-01,2020-09-30,SHOP,0.0183883487607094,0.018468211153373836,23.0,105.44300079345703
2020-10-01,2020-09-30,SHW,0.0183113562227297,0.018374460199786218,11.0,219.3525390625
2020-10-01,2020-09-30,DG,0.014841858171327,0.014777069507428622,10.0,194.04795837402344
2020-11-02,2020-10-30,JD,0.0841200407787535,0.08415611732440097,150.0,72.126220703125
2020-11-02,2020-10-30,HD,0.0772084029925264,0.07920859653776582,43.0,236.8114013671875
2020-11-02,2020-10-30,ORCL,0.0711432520183137,0.07164410115661743,176.0,52.33190155029297
2020-11-02,2020-10-30,UNH,0.0618824823935846,0.06416191912880286,29.0,284.4317626953125
2020-11-02,2020-10-30,CPRT,0.049976208711665,0.05005877079034168,227.0,28.350000381469727
2020-11-02,2020-10-30,GOOGL,0.0476107509346447,0.04761916841674001,76.0,80.55026245117188
2020-11-02,2020-10-30,BABA,0.046697381381694,0.04822159708751977,21.0,295.20318603515625
2020-11-02,2020-10-30,MELI,0.0413182877449824,0.03783073786659012,4.0,1215.8599853515625
2020-11-02,2020-10-30,CBRE,0.0272061433912255,0.027040112471655785,66.0,52.66999816894531
2020-11-02,2020-10-30,LEA,0.0272061433912255,0.027157906889216342,32.0,109.1051025390625
2020-11-02,2020-10-30,XPO,0.0272061433912255,0.027247366685835613,112.0,31.275571823120117
2020-11-02,2020-10-30,AEP,0.0260183683082579,0.025979236140739635,45.0,74.21857452392578
2020-11-02,2020-10-30,PWR,0.0253367824941265,0.025077115121652692,49.0,65.79308319091797
2020-11-02,2020-10-30,RGEN,0.024591662396714,0.02382210787249258,18.0,170.13999938964844
2020-11-02,2020-10-30,CTAS,0.0243694250945783,0.02402463666276771,41.0,75.33065032958984
2020-11-02,2020-10-30,WDAY,0.0236179677979203,0.022376844226287454,14.0,205.47999572753906
2020-11-02,2020-10-30,VEEV,0.022586389653371,0.020849751252586705,10.0,268.0400085449219
2020-11-02,2020-10-30,NOW,0.0062888670688406,0.006664701436750946,9.0,95.19999694824219
2020-11-02,2020-10-30,SE,0.0039494132269364,0.004968034081771118,4.0,159.6699981689453
2020-11-02,2020-10-30,CRM,0.0024622916007414,0.0035639449160278364,2.0,229.0866241455078
2020-11-02,2020-10-30,CLX,0.0022967523246013,0.0027887505930735373,2.0,179.25794982910156
2020-11-02,2020-10-30,RVTY,0.0022868546176305,0.0030559245473225334,3.0,130.95440673828125
2020-11-02,2020-10-30,PG,0.0017434639651175,0.0018737860350150812,2.0,120.44499206542969
2020-11-02,2020-10-30,ABT,0.0016600135861258,0.0022657663127663807,3.0,97.09404754638672
2020-11-02,2020-10-30,SHW,0.0010128644044089,0.001751949562545277,1.0,225.22694396972656
2020-11-02,2020-10-30,DG,0.0008259899311274,0.0014976976026574577,1.0,192.5408477783203
2020-12-01,2020-11-30,AAPL,0.1163469486368987,0.11610467412752924,131.0,119.24052429199219
2020-12-01,2020-11-30,ORCL,0.1117179867206344,0.1117120734158337,276.0,54.45484161376953
2020-12-01,2020-11-30,COST,0.0905683875443676,0.08969254952513697,33.0,365.6687927246094
2020-12-01,2020-11-30,DIS,0.0771395312989163,0.0770497006044457,71.0,146.0017547607422
2020-12-01,2020-11-30,SE,0.060732473180713,0.060648075667646774,46.0,177.3800048828125
2020-12-01,2020-11-30,MELI,0.0532898452834967,0.04524099592276749,4.0,1521.6600341796875
2020-12-01,2020-11-30,WDAY,0.041468586186015,0.04026218371651716,24.0,225.6999969482422
2020-12-01,2020-11-30,GOOG,0.0349004808539592,0.034465992543103674,52.0,89.17290496826172
2020-12-01,2020-11-30,BAC,0.0323881528578219,0.032309760497539565,173.0,25.126564025878906
2020-12-01,2020-11-30,CHPT,0.031549959162597,0.03054152177080506,7.0,587.0
2020-12-01,2020-11-30,PANW,0.031549959162597,0.03141039486684857,86.0,49.13833236694336
2020-12-01,2020-11-30,HALO,0.0307419377181981,0.030788441034522468,102.0,40.61000061035156
2020-12-01,2020-11-30,JD,0.0294838892686833,0.030018604610179803,54.0,74.7897720336914
2020-12-01,2020-11-30,HD,0.0268154116318589,0.026974175865119143,15.0,241.9370574951172
2020-12-01,2020-11-30,DLTR,0.0267728796288755,0.026732044687697954,32.0,112.38999938964844
2020-12-01,2020-11-30,CPRT,0.0248469534871496,0.02505655359807606,117.0,28.8125
2020-12-01,2020-11-30,UNH,0.0229717291664583,0.023111870369756926,10.0,310.9428405761719
2020-12-01,2020-11-30,FICO,0.0195923025353971,0.017740320763816562,5.0,477.3500061035156
2020-12-01,2020-11-30,MSCI,0.0188018542300712,0.01742964216027593,6.0,390.8253173828125
2020-12-01,2020-11-30,SHOP,0.01745450586853,0.017481523775165028,22.0,106.90599822998047
2020-12-01,2020-11-30,GOOGL,0.0174395817373715,0.017867554712415173,27.0,89.03214263916016
2020-12-01,2020-11-30,CBRE,0.0111403885419062,0.01145399965509466,25.0,61.63999938964844
2020-12-01,2020-11-30,XPO,0.0109755431358736,0.011070306052956808,39.0,38.18919372558594
2020-12-01,2020-11-30,LEA,0.0109212615255901,0.011622732033932218,12.0,130.30841064453125
2020-12-01,2020-11-30,PWR,0.0093020530995667,0.009782351272103872,19.0,69.26839447021484
2020-12-01,2020-11-30,CTAS,0.0092531106295919,0.009512593243917206,15.0,85.32044982910156
2020-12-01,2020-11-30,RGEN,0.0092268384959939,0.010086506693576379,7.0,193.86000061035156
2020-12-01,2020-11-30,AEP,0.0082857826564629,0.008311686829161146,16.0,69.88993835449219
2020-12-01,2020-11-30,VEEV,0.0078503120367361,0.00844964795335518,4.0,284.20001220703125
2020-12-01,2020-11-30,NOW,0.0022729768997529,0.0024064102633919167,3.0,107.91799926757812
2020-12-01,2020-11-30,CRM,0.0008636884981376,0.0017679584189134554,1.0,237.8578643798828
2020-12-01,2020-11-30,RVTY,0.0007857681530579,0.0010068257707402082,1.0,135.45648193359375
2020-12-01,2020-11-30,CLX,0.0007314760779437,0.001259798730697209,1.0,169.49099731445312
2020-12-01,2020-11-30,PG,0.0005896404361428,0.0009008710589178388,1.0,121.20153045654297
2020-12-01,2020-11-30,ABT,0.0005700138582147,0.000728465587184308,1.0,98.00641632080078
2020-12-01,2020-11-30,SHW,0.0003676282766135,0.0017574639163889917,1.0,236.44595336914062
2020-12-01,2020-11-30,DG,0.0002901615178036,0.0015016150651035406,1.0,202.02452087402344
2021-01-04,2020-12-31,AAPL,0.1309622389747723,0.13044468935484713,147.0,125.74083709716797
2021-01-04,2020-12-31,ORCL,0.1309622389747723,0.1309619403836416,314.0,59.0993537902832
2021-01-04,2020-12-31,GOOGL,0.103286573583092,0.10329936064455636,171.0,85.5990219116211
2021-01-04,2020-12-31,MELI,0.083894594194736,0.0810167111067817,7.0,1640.0
2021-01-04,2020-12-31,COST,0.0818668335253806,0.08353155404906737,33.0,358.67730712890625
2021-01-04,2020-12-31,CPRT,0.08,0.0800364663722614,376.0,30.162500381469727
2021-01-04,2020-12-31,DIS,0.0660740037762079,0.0661540159676086,54.0,173.59201049804688
2021-01-04,2020-12-31,PG,0.0645689755167091,0.0642831903444808,76.0,119.85360717773438
2021-01-04,2020-12-31,PDD,0.0602639460409775,0.06002703100645267,51.0,166.77999877929688
2021-01-04,2020-12-31,HALO,0.0334503203094116,0.03322186204965898,111.0,42.40999984741211
2021-01-04,2020-12-31,MSCI,0.029494884818265,0.02912110721036071,10.0,412.6436462402344
2021-01-04,2020-12-31,SHOP,0.0294184920506806,0.029295303417500848,38.0,109.23999786376953
2021-01-04,2020-12-31,PANW,0.0284678894384711,0.02853997165782086,69.0,58.61000061035156
2021-01-04,2020-12-31,BAC,0.027604555675889,0.027640808968686155,148.0,26.46405029296875
2021-01-04,2020-12-31,TTWO,0.0220271278747021,0.021367452480040044,15.0,201.85000610351562
2021-01-04,2020-12-31,MS,0.0180496926339482,0.01789302157852119,44.0,57.623321533203125
2021-01-04,2020-12-31,HPQ,0.0096076326119842,0.009605683987687904,68.0,20.01643180847168
2021-02-01,2021-01-29,MSFT,0.0915595172679752,0.09150842479199721,57.0,229.4300537109375
2021-02-01,2021-01-29,AAPL,0.0905127584163634,0.09120169160014681,100.0,130.33677673339844
2021-02-01,2021-01-29,MELI,0.0722639197477611,0.07963544803320899,6.0,1896.7900390625
2021-02-01,2021-01-29,PDD,0.0653811022314664,0.06451507440015138,53.0,173.9600067138672
2021-02-01,2021-01-29,HALO,0.0576,0.05736122276997041,172.0,47.65999984741211
2021-02-01,2021-01-29,GOOG,0.0417773473031655,0.04156784719705828,63.0,94.29335021972656
2021-02-01,2021-01-29,SE,0.041618306292628,0.04085249662805735,25.0,233.52999877929688
2021-02-01,2021-01-29,VEEV,0.0311090993478172,0.029694463317938312,15.0,282.9100036621094
2021-02-01,2021-01-29,QGEN,0.0288,0.02857617685186347,74.0,55.18696212768555
2021-02-01,2021-01-29,LAD,0.0285683469772717,0.02722688552619219,12.0,324.2506103515625
2021-02-01,2021-01-29,FFIV,0.0285575042535506,0.0274787410754666,20.0,196.35000610351562
2021-02-01,2021-01-29,PTC,0.0283340807624306,0.027800620040539452,29.0,137.0
2021-02-01,2021-01-29,CRUS,0.0276451314912416,0.027390573311204054,40.0,97.86000061035156
2021-02-01,2021-01-29,MS,0.0232351709425061,0.022878159073318274,57.0,57.36015319824219
2021-02-01,2021-01-29,SNPS,0.0213910078084383,0.02028731585822574,11.0,263.57000732421875
2021-02-01,2021-01-29,JCI,0.0211204018162467,0.020978479870639596,65.0,46.12376403808594
2021-02-01,2021-01-29,TAL,0.0205263053411369,0.020367994765171864,38.0,76.5999984741211
2021-03-01,2021-02-26,MSFT,0.1082584724789681,0.1082195160741177,68.0,227.35804748535156
2021-03-01,2021-02-26,PDD,0.0775432424731166,0.07687787703203806,59.0,186.14999389648438
2021-03-01,2021-02-26,ORCL,0.0756853160398257,0.07543044734380014,175.0,61.57753372192383
2021-03-01,2021-02-26,SE,0.055271470611484,0.05392521651353422,31.0,248.50999450683594
2021-03-01,2021-02-26,GOOGL,0.045233558109318,0.045260689144155715,63.0,102.63471221923828
2021-03-01,2021-02-26,SHOP,0.0352528858490426,0.03484346648505777,38.0,130.99400329589844
2021-03-01,2021-02-26,MCO,0.0346762696053217,0.03405528168799604,18.0,270.28729248046875
2021-03-01,2021-02-26,AMZN,0.0336681925154266,0.033033581787056475,30.0,157.3070068359375
2021-03-01,2021-02-26,NOW,0.0329109740444104,0.03271955443194982,42.0,111.29399871826172
2021-03-01,2021-02-26,TROW,0.0327176182084681,0.032612342902828086,35.0,133.1151885986328
2021-03-01,2021-02-26,RGEN,0.031236762627822,0.031041363407070734,20.0,221.72999572753906
2021-03-01,2021-02-26,BKNG,0.0288,0.028701340558885232,45.0,91.1178207397461
2021-03-01,2021-02-26,IFF,0.0288,0.028795501299654545,34.0,120.99275970458984
2021-03-01,2021-02-26,MEDP,0.0288,0.027991405325271942,24.0,166.6199951171875
2021-03-01,2021-02-26,FTNT,0.0269289886072151,0.02692387922778184,111.0,34.652000427246094
2021-03-01,2021-02-26,WDAY,0.0245557323942316,0.02300418073742523,13.0,252.8000030517578
2021-03-01,2021-02-26,TER,0.0196605164353488,0.019309292392819342,21.0,131.35926818847656
2021-04-01,2021-03-31,HD,0.1548998346231839,0.15499352338954253,80.0,272.34716796875
2021-04-01,2021-03-31,UNH,0.1338340314781294,0.13182459746580816,55.0,336.92486572265625
2021-04-01,2021-03-31,LOW,0.082726093564496,0.08269307435460885,67.0,173.49766540527344
2021-04-01,2021-03-31,MSFT,0.0756592949422589,0.07609804748151264,46.0,232.5492706298828
2021-04-01,2021-03-31,MCO,0.0737216364528468,0.0729765235205696,35.0,293.09906005859375
2021-04-01,2021-03-31,TROW,0.059545950252412,0.059123435671007425,60.0,138.5184783935547
2021-04-01,2021-03-31,GOOG,0.0399061351989021,0.03997168718380875,53.0,106.01709747314453
2021-04-01,2021-03-31,CSX,0.0344221854718186,0.034490865100571214,160.0,30.302845001220703
2021-04-01,2021-03-31,LPX,0.0344221854718186,0.03430429762095451,91.0,52.99152755737305
2021-04-01,2021-03-31,NDAQ,0.0344221854718186,0.034429048196114,103.0,46.988014221191406
2021-04-01,2021-03-31,TGT,0.0341571948256174,0.033024129014347654,27.0,171.93603515625
2021-04-01,2021-03-31,ORCL,0.0303620411930374,0.030900125531777917,65.0,66.82611083984375
2021-04-01,2021-03-31,NOW,0.030059698553919,0.03029678280537262,42.0,101.4020004272461
2021-04-01,2021-03-31,WSM,0.026841309609582,0.026414628603226627,45.0,82.51469421386719
2021-04-01,2021-03-31,AMZN,0.0237226469387968,0.024735340310463406,22.0,158.0500030517578
2021-04-01,2021-03-31,BAC,0.0216338581057836,0.021645110091937973,87.0,34.97356033325195
2021-04-01,2021-03-31,FUTU,0.0200006518162733,0.019962468244007495,19.0,147.69300842285156
2021-04-01,2021-03-31,ODFL,0.018390995204763,0.017764489750712677,21.0,118.91393280029297
2021-04-01,2021-03-31,GOOGL,0.0170883502785463,0.01728058953376492,23.0,105.61607360839844
2021-04-01,2021-03-31,IFF,0.0109007265083286,0.011228566468590362,13.0,121.4172134399414
2021-04-01,2021-03-31,FTNT,0.0108440989217992,0.010872693855815463,41.0,37.27799987792969
2021-04-01,2021-03-31,MEDP,0.0106577270588447,0.010862322228186939,9.0,169.66000366210938
2021-04-01,2021-03-31,WDAY,0.009248085268993,0.010882809744977935,6.0,254.97000122070312
2021-04-01,2021-03-31,TER,0.0068627106042824,0.007186147124426198,8.0,126.27152252197266
2021-05-03,2021-04-30,HD,0.12,0.12156038073614286,62.0,292.2764892578125
2021-05-03,2021-04-30,UNH,0.12,0.12246326270430155,49.0,372.5660400390625
2021-05-03,2021-04-30,GOOG,0.0896796106852868,0.08924417881563672,112.0,118.7833023071289
2021-05-03,2021-04-30,JNJ,0.0723771975241171,0.07217970134682047,75.0,143.4654541015625
2021-05-03,2021-04-30,FTNT,0.0506574902615116,0.05070261898632417,186.0,40.63600158691406
2021-05-03,2021-04-30,AAPL,0.0504444560413507,0.05018089904836687,58.0,128.9745330810547
2021-05-03,2021-04-30,CSX,0.0488901626561877,0.048946296527234014,231.0,31.586490631103516
2021-05-03,2021-04-30,PEP,0.0488617461120637,0.04857148406364088,58.0,124.83802795410156
2021-05-03,2021-04-30,NDAQ,0.04667589752919,0.04651525467594312,137.0,50.613731384277344
2021-05-03,2021-04-30,KO,0.045997977882319,0.045972116910706545,146.0,46.939144134521484
2021-05-03,2021-04-30,TGT,0.0384789431405608,0.03763595971468517,31.0,180.9817657470703
2021-05-03,2021-04-30,AMZN,0.0380004974437162,0.0374835059369179,33.0,169.32449340820312
2021-05-03,2021-04-30,LOW,0.0362756593130889,0.03646108878207398,30.0,181.176513671875
2021-05-03,2021-04-30,TER,0.0361916418489022,0.03616514420064541,44.0,122.52678680419922
2021-05-03,2021-04-30,BAC,0.0321425135441428,0.03204857844463231,133.0,35.92118453979492
2021-05-03,2021-04-30,WSM,0.030157003849125,0.02995484454690592,56.0,79.73932647705078
2021-05-03,2021-04-30,MORN,0.025707164658814,0.024066983700140807,14.0,256.26373291015625
2021-05-03,2021-04-30,CRWD,0.0255577521603677,0.02476777436999775,18.0,205.1199951171875
2021-05-03,2021-04-30,DHR,0.0241308977091358,0.023678450584889404,16.0,220.61082458496094
2021-05-03,2021-04-30,SE,0.0197733876401192,0.018788481033326847,11.0,254.6199951171875
2021-06-01,2021-05-28,DHR,0.1073969397444261,0.10431658748824539,73.0,212.41598510742188
2021-06-01,2021-05-28,HD,0.0826512378793666,0.08285786336701224,44.0,279.9224548339844
2021-06-01,2021-05-28,PEP,0.0807164453592404,0.08079059168305351,95.0,126.41361999511719
2021-06-01,2021-05-28,FTNT,0.0757724126777431,0.07578667842589006,262.0,42.99800109863281
2021-06-01,2021-05-28,UNH,0.0737937649215123,0.07534324294141014,30.0,373.3186950683594
2021-06-01,2021-05-28,TMUS,0.070790028450649,0.0705740855466148,77.0,136.2420654296875
2021-06-01,2021-05-28,GOOGL,0.0588075357389924,0.05878446668597977,74.0,118.08304595947266
2021-06-01,2021-05-28,CRWD,0.0518493879252502,0.050793967809731604,34.0,222.07000732421875
2021-06-01,2021-05-28,NDAQ,0.0512080208712692,0.05100122951292634,148.0,51.22425079345703
2021-06-01,2021-05-28,WSM,0.042314065932364,0.04236080933694493,81.0,77.73845672607422
2021-06-01,2021-05-28,EBAY,0.0389192961398605,0.03870095592584731,102.0,56.39988327026367
2021-06-01,2021-05-28,BAC,0.0293515609705471,0.029662907166104577,116.0,38.01127243041992
2021-06-01,2021-05-28,SE,0.0282016041644769,0.027720943258063256,16.0,257.5400085449219
2021-06-01,2021-05-28,MS,0.0263110917288334,0.025846487452033263,49.0,78.40831756591797
2021-06-01,2021-05-28,SHOP,0.0262239786659628,0.02610097181919166,31.0,125.15599822998047
2021-06-01,2021-05-28,ADI,0.0250740833994445,0.02434893847344015,24.0,150.80838012695312
2021-06-01,2021-05-28,GOOG,0.0229787891089219,0.023508918469001522,29.0,120.50119018554688
2021-06-01,2021-05-28,JNJ,0.0192536914587998,0.01946086476753963,20.0,144.64013671875
2021-06-01,2021-05-28,EXPD,0.0135130914252007,0.013367160926198999,17.0,116.8818130493164
2021-06-01,2021-05-28,CSX,0.0123419711275482,0.012438208853272441,59.0,31.33736801147461
2021-06-01,2021-05-28,AAPL,0.0121673340010285,0.012224467123074373,15.0,121.14217376708984
2021-06-01,2021-05-28,KO,0.0119228612785428,0.012175671691088737,38.0,47.62840270996094
2021-06-01,2021-05-28,TGT,0.0106750464515731,0.011825315659700093,9.0,195.31109619140625
2021-06-01,2021-05-28,TER,0.0097279826039096,0.010357671343499764,12.0,128.30322265625
2021-06-01,2021-05-28,LOW,0.0090470146089335,0.009390910349220627,8.0,174.49154663085938
2021-06-01,2021-05-28,AMZN,0.008990763365602,0.009743827113636475,9.0,160.9324951171875
2021-07-01,2021-06-30,DHR,0.105348398072006,0.10609708044936113,70.0,235.98948669433594
2021-07-01,2021-06-30,ORCL,0.0833554678674913,0.08307755736710956,174.0,74.33985900878906
2021-07-01,2021-06-30,UNH,0.0827032932788701,0.0814517891968581,34.0,373.0001220703125
2021-07-01,2021-06-30,AAPL,0.0802847386779376,0.07992183181960584,93.0,133.80419921875
2021-07-01,2021-06-30,TSLA,0.0767986851036936,0.07546981097644609,52.0,225.97332763671875
2021-07-01,2021-06-30,HD,0.0766666791872443,0.07716017645590996,42.0,286.04290771484375
2021-07-01,2021-06-30,GOOGL,0.0761740438193799,0.07565699309363591,97.0,121.4407958984375
2021-07-01,2021-06-30,FTNT,0.065300836316401,0.06568259138599661,211.0,48.46799850463867
2021-07-01,2021-06-30,NOW,0.0444348588946382,0.04411793924471089,63.0,109.03399658203125
2021-07-01,2021-06-30,ABT,0.04,0.03973038037066586,58.0,106.65518951416016
2021-07-01,2021-06-30,CRWD,0.0371649179638539,0.03871457179235467,24.0,251.16000366210938
2021-07-01,2021-06-30,SHOP,0.0370384793478916,0.03652034551740649,39.0,145.8000030517578
2021-07-01,2021-06-30,CROX,0.0321570884553937,0.031560791761847215,42.0,117.0
2021-07-01,2021-06-30,ENPH,0.0281090860600732,0.02704908867965517,23.0,183.11000061035156
2021-07-01,2021-06-30,NTLA,0.0258192640256086,0.025356211519262036,23.0,171.64999389648438
2021-07-01,2021-06-30,NDAQ,0.0249412185375097,0.02508351954873025,71.0,55.006927490234375
2021-07-01,2021-06-30,IDXX,0.0220123968515852,0.020518689745111774,5.0,638.9500122070312
2021-07-01,2021-06-30,TGT,0.0219138468453171,0.021501213381530018,16.0,209.2330322265625
2021-07-01,2021-06-30,SE,0.0210859544063454,0.022736293988401855,13.0,272.30999755859375
2021-07-01,2021-06-30,TROW,0.0186907462887586,0.017751090295286782,17.0,162.57859802246094
2021-08-02,2021-07-30,ORCL,0.12,0.11998327005506518,241.0,82.1749496459961
2021-08-02,2021-07-30,MSFT,0.1082413936809529,0.10787519622208087,65.0,273.93280029296875
2021-08-02,2021-07-30,UNH,0.1038718463695418,0.10205469938170189,44.0,382.8389587402344
2021-08-02,2021-07-30,DHR,0.0778256363309864,0.07800777622382699,50.0,257.51568603515625
2021-08-02,2021-07-30,HD,0.072431912206325,0.07407123894352252,42.0,291.0959167480469
2021-08-02,2021-07-30,FTNT,0.0651867588276928,0.06552593312191342,190.0,56.92399978637695
2021-08-02,2021-07-30,ABT,0.0592715249661216,0.05891120151059151,88.0,110.49713134765625
2021-08-02,2021-07-30,SE,0.0478435350019174,0.04771737478175212,28.0,281.2900085449219
2021-08-02,2021-07-30,IDXX,0.0459320129385538,0.04523217987165721,11.0,678.719970703125
2021-08-02,2021-07-30,GOOG,0.045771343148442,0.04576217770521882,56.0,134.88214111328125
2021-08-02,2021-07-30,SHOP,0.0442172347365134,0.043813461035831926,47.0,153.86700439453125
2021-08-02,2021-07-30,NOW,0.0425758145482656,0.0432150319979305,61.0,116.93399810791016
2021-08-02,2021-07-30,MCO,0.0387057651811162,0.03744467423404456,17.0,363.5606994628906
2021-08-02,2021-07-30,CRWD,0.0377986253581011,0.036919453042954485,24.0,253.91000366210938
2021-08-02,2021-07-30,MS,0.03680797290145,0.036494619506166684,73.0,82.51668548583984
2021-08-02,2021-07-30,WMS,0.0270825564369325,0.027088314403432356,38.0,117.66144561767578
2021-08-02,2021-07-30,CROX,0.026436067367087,0.026490614619336557,32.0,136.63999938964844
2021-09-01,2021-08-31,UNH,0.1515243741722019,0.14896466561925426,67.0,384.478759765625
2021-09-01,2021-08-31,MSFT,0.1190830124518774,0.11773366842448647,70.0,290.8482971191406
2021-09-01,2021-08-31,DHR,0.0866821567387717,0.08540277476079579,52.0,284.00927734375
2021-09-01,2021-08-31,HD,0.0803902448931179,0.08032267684210474,48.0,289.3748779296875
2021-09-01,2021-08-31,NOW,0.0729863263640069,0.07301611875324637,97.0,130.1699981689453
2021-09-01,2021-08-31,MCO,0.0576468949167942,0.05729209213790985,27.0,366.9397888183594
2021-09-01,2021-08-31,TSLA,0.0528138175491347,0.05235593201285115,37.0,244.69667053222656
2021-09-01,2021-08-31,GOOGL,0.0516268016339972,0.05163760914705498,62.0,144.025146484375
2021-09-01,2021-08-31,DKS,0.04,0.03939128817124774,55.0,123.85153198242188
2021-09-01,2021-08-31,SITE,0.04,0.039193087206901095,34.0,199.33999633789062
2021-09-01,2021-08-31,SHOP,0.0387685269023765,0.0391593858974403,44.0,153.9029998779297
2021-09-01,2021-08-31,AMKR,0.0382812142888023,0.03821448147154221,254.0,26.01705551147461
2021-09-01,2021-08-31,CRWD,0.0350241212594086,0.035907027587497656,23.0,269.9700012207031
2021-09-01,2021-08-31,MS,0.0346659657571836,0.03517242505575853,68.0,89.44525146484375
2021-09-01,2021-08-31,LSCC,0.0346253256359046,0.034346892625797695,96.0,61.869998931884766
2021-09-01,2021-08-31,SE,0.0337804551219917,0.03539889380344124,18.0,340.0799865722656
2021-09-01,2021-08-31,IDXX,0.0321007623144301,0.035229229925131826,9.0,676.9000244140625
2021-10-01,2021-09-30,SE,0.0795679874424688,0.07942420440235747,41.0,319.55999755859375
2021-10-01,2021-09-30,GOOG,0.0504,0.05005054209712248,61.0,135.3512725830078
2021-10-01,2021-09-30,PWR,0.0490484481908188,0.0484486073133202,69.0,115.82854461669922
2021-10-01,2021-09-30,CPRT,0.0486217677730044,0.04856270949867668,229.0,34.98249816894531
2021-10-01,2021-09-30,PANW,0.0473851632283974,0.04718765075480197,96.0,81.08499908447266
2021-10-01,2021-09-30,HD,0.0458614155310589,0.04648558836830999,26.0,294.9364013671875
2021-10-01,2021-09-30,MSFT,0.0458614155310589,0.047285390296904616,28.0,278.58154296875
2021-10-01,2021-09-30,DHR,0.0449175250248268,0.0461073569417329,29.0,262.27423095703125
2021-10-01,2021-09-30,SITE,0.0442095112942566,0.04320212153488788,35.0,203.6199951171875
2021-10-01,2021-09-30,NOW,0.0438654916678614,0.04449805808741416,58.0,126.55999755859375
2021-10-01,2021-09-30,ORCL,0.0425861225844466,0.04235610931802986,83.0,84.18241119384766
2021-10-01,2021-09-30,CROX,0.0402407753034828,0.04020997672985417,47.0,141.1300048828125
2021-10-01,2021-09-30,RGEN,0.032402912205377,0.03243417593180936,19.0,281.6000061035156
2021-10-01,2021-09-30,AN,0.0288,0.028233081024041016,39.0,119.41999816894531
2021-10-01,2021-09-30,INTU,0.0286712736641018,0.025547273135090292,8.0,526.79052734375
2021-10-01,2021-09-30,CRM,0.0237891248045335,0.023022785865522463,14.0,271.27716064453125
2021-10-01,2021-09-30,LSCC,0.0237710657543055,0.023910989199935617,60.0,65.73999786376953
2021-11-01,2021-10-29,HD,0.1020028999415531,0.10089389497629092,54.0,327.6792907714844
2021-11-01,2021-10-29,ORCL,0.0960331035981192,0.09574308676660151,189.0,88.84305572509766
2021-11-01,2021-10-29,MSFT,0.0924280365110321,0.09229551544840016,51.0,317.3863830566406
2021-11-01,2021-10-29,UNH,0.0758281548477305,0.0742059213023552,31.0,419.8118896484375
2021-11-01,2021-10-29,INTU,0.0728777217953049,0.0706868940216921,21.0,590.3335571289062
2021-11-01,2021-10-29,PANW,0.0682131386884191,0.06811121604812531,141.0,84.71833038330078
2021-11-01,2021-10-29,COST,0.0663643932874929,0.0639932234947204,24.0,467.62811279296875
2021-11-01,2021-10-29,SE,0.0622382131411341,0.06258008803412035,31.0,354.0400085449219
2021-11-01,2021-10-29,GOOGL,0.0546569095724392,0.05437071972182713,67.0,142.3207244873047
2021-11-01,2021-10-29,CRM,0.0478438620301517,0.04763748881335826,28.0,298.3793029785156
2021-11-01,2021-10-29,CPRT,0.0465946002729268,0.04671143728183179,212.0,38.64250183105469
2021-11-01,2021-10-29,FDS,0.0405031427927081,0.04028159619045176,17.0,415.5617980957031
2021-11-01,2021-10-29,SITE,0.0389408490980622,0.03968545582648716,29.0,240.0
2021-11-01,2021-10-29,SAIA,0.0378801038054883,0.037418366586236575,20.0,328.1199951171875
2021-11-01,2021-10-29,BLD,0.0320490124814997,0.03151452866854756,21.0,263.19000244140625
2021-11-01,2021-10-29,ODFL,0.0249763028444023,0.024988747781401692,26.0,168.557861328125
2021-11-01,2021-10-29,CRWD,0.0118212367941409,0.010743526256308786,7.0,269.1700134277344
2021-11-01,2021-10-29,GOOG,0.0051821706163679,0.005691799795916099,7.0,142.60325622558594
2021-11-01,2021-10-29,PWR,0.0048525334578178,0.005478758163114446,8.0,120.10746765136719
2021-11-01,2021-10-29,NOW,0.0045622982341978,0.00466632523955882,6.0,136.39599609375
2021-11-01,2021-10-29,DHR,0.0042433159346154,0.004595632263915755,3.0,268.6593017578125
2021-11-01,2021-10-29,CROX,0.004206608808475,0.004781926247286014,5.0,167.72999572753906
2021-11-01,2021-10-29,RGEN,0.0030249141876876,0.003472135282739858,2.0,304.4700012207031
2021-11-01,2021-10-29,AN,0.0026764772582325,0.0028140180637198997,4.0,123.37999725341797
2021-12-01,2021-11-30,COST,0.119954887187138,0.11975742876823701,41.0,503.7268981933594
2021-12-01,2021-11-30,MSFT,0.113357706506889,0.11271208912228917,61.0,318.65240478515625
2021-12-01,2021-11-30,INTU,0.1120161375792488,0.11198415230055411,30.0,643.7420043945312
2021-12-01,2021-11-30,GOOG,0.0886572235572045,0.08878047432938671,109.0,140.4647979736328
2021-12-01,2021-11-30,SAIA,0.0706997140661107,0.06966268967672526,38.0,316.1499938964844
2021-12-01,2021-11-30,FDS,0.0656753935367782,0.06423610025081454,25.0,443.1142272949219
2021-12-01,2021-11-30,ODFL,0.0613970922303465,0.0606042929569953,61.0,171.33657836914062
2021-12-01,2021-11-30,HLI,0.0556247513210928,0.055623712776842936,98.0,97.88371276855469
2021-12-01,2021-11-30,PG,0.0498184579937476,0.049193216289941534,65.0,130.51739501953125
2021-12-01,2021-11-30,PANW,0.0373445861986776,0.03777195216124026,74.0,88.02666473388672
2021-12-01,2021-11-30,ORLY,0.0366345634089028,0.036675885242742186,149.0,42.44933319091797
2021-12-01,2021-11-30,AZO,0.028505968910423,0.020954183466748523,2.0,1806.8299560546875
2021-12-01,2021-11-30,BAC,0.0278155657882544,0.02772367010901411,122.0,39.189292907714844
2021-12-01,2021-11-30,LNG,0.0235465649251614,0.023143812222860737,41.0,97.3481216430664
2021-12-01,2021-11-30,SPGI,0.021562635022181,0.020092916618205624,8.0,433.1412353515625
2021-12-01,2021-11-30,SHOP,0.0206079699587509,0.020314272245325546,24.0,145.9709930419922
2021-12-01,2021-11-30,FTNT,0.0192042400890785,0.019116884062258737,54.0,61.051998138427734
2021-12-01,2021-11-30,HD,0.0111452666805253,0.012507819614531748,6.0,359.5066223144531
2021-12-01,2021-11-30,ORCL,0.0092587739955621,0.00930796864888987,19.0,84.48465728759766
2021-12-01,2021-11-30,UNH,0.0075064114996748,0.009527797514925725,4.0,410.77978515625
2021-12-01,2021-11-30,GOOGL,0.0053665204426577,0.00567838144291166,7.0,139.89527893066406
2021-12-01,2021-11-30,CPRT,0.0044569263750104,0.0045452940077724095,22.0,35.630001068115234
2021-12-01,2021-11-30,SITE,0.0040402998254734,0.004132027330462823,3.0,237.52999877929688
2021-12-01,2021-11-30,BLD,0.0034501153453832,0.004567096771871467,3.0,262.5400085449219
2021-12-01,2021-11-30,PWR,0.0004681160240941,0.0006361820684334805,1.0,109.71296691894531
2021-12-01,2021-11-30,DHR,0.0004384687035881,0.0016083552735446664,1.0,277.369384765625
2021-12-01,2021-11-30,CROX,0.0004378916602721,0.0009436648758938909,1.0,162.74000549316406
2021-12-01,2021-11-30,NOW,0.000427879401441,0.0006953338299783632,1.0,119.91400146484375
2021-12-01,2021-11-30,RGEN,0.0003011656664858,0.001605285559595452,1.0,276.8399963378906
2021-12-01,2021-11-30,AN,0.000278706099845,0.0007113147639832427,1.0,122.66999816894531
2022-01-03,2021-12-31,MSFT,0.1422135057947335,0.14130132250745897,77.0,323.16070556640625
2022-01-03,2021-12-31,COST,0.1157083336860267,0.11626035544227828,38.0,538.779541015625
2022-01-03,2021-12-31,GOOGL,0.1094535613198591,0.10942325602794784,134.0,143.802978515625
2022-01-03,2021-12-31,PG,0.0727085259821258,0.0725718041095261,88.0,145.22731018066406
2022-01-03,2021-12-31,FDS,0.0721023073049759,0.06987621973624215,27.0,455.7521057128906
2022-01-03,2021-12-31,CSCO,0.064212558911929,0.06428963201292694,204.0,55.49755096435547
2022-01-03,2021-12-31,AAPL,0.062482129887401,0.06163673653372493,61.0,177.939697265625
2022-01-03,2021-12-31,AZO,0.0596528580192836,0.05806622964134987,5.0,2045.1099853515625
2022-01-03,2021-12-31,ORLY,0.0412985162300732,0.041100025474384405,156.0,46.395999908447266
2022-01-03,2021-12-31,COO,0.04,0.03948893849110953,66.0,105.36456298828125
2022-01-03,2021-12-31,COR,0.04,0.03963032548046187,55.0,126.89017486572266
2022-01-03,2021-12-31,BAC,0.0399308150076115,0.03980702534873381,169.0,41.47974395751953
2022-01-03,2021-12-31,FTNT,0.0310918054059363,0.031022837162302922,82.0,66.6240005493164
2022-01-03,2021-12-31,EXP,0.0300925306127253,0.02928042779622233,32.0,161.13522338867188
2022-01-03,2021-12-31,PLD,0.0286643774091081,0.028007336235305044,34.0,145.06275939941406
2022-01-03,2021-12-31,STE,0.0263117408513154,0.02518709268709993,19.0,233.44656372070312
2022-01-03,2021-12-31,ISRG,0.024076433576895,0.022487032093798858,11.0,360.0
2022-02-01,2022-01-31,AAPL,0.1034748237060765,0.10288004124376307,99.0,170.70521545410156
2022-02-01,2022-01-31,MSFT,0.0979384231841044,0.09980008545128527,55.0,298.070556640625
2022-02-01,2022-01-31,PG,0.0920614291360253,0.09152043918728993,105.0,143.17910766601562
2022-02-01,2022-01-31,BAC,0.08,0.08008092038060168,312.0,42.16239929199219
2022-02-01,2022-01-31,COR,0.08,0.07937998466768306,99.0,131.71240234375
2022-02-01,2022-01-31,COST,0.0695525536812358,0.07061951774895242,24.0,483.3529357910156
2022-02-01,2022-01-31,AZO,0.0687649977808791,0.061228594145162275,5.0,2011.5699462890625
2022-02-01,2022-01-31,COO,0.0655319748326563,0.06518219250487475,108.0,99.14163208007812
2022-02-01,2022-01-31,GOOG,0.0550971551760634,0.05494631700609661,66.0,136.75572204589844
2022-02-01,2022-01-31,ORLY,0.0504803841230369,0.05039395372542943,189.0,43.79933166503906
2022-02-01,2022-01-31,MS,0.0491846279688297,0.04896722162359872,89.0,90.37874603271484
2022-02-01,2022-01-31,STE,0.0470282590373274,0.046268316112217545,35.0,217.15333557128906
2022-02-01,2022-01-31,LNG,0.0467235851228762,0.0462221343357306,69.0,110.04029846191406
2022-02-01,2022-01-31,PLD,0.0271295652546151,0.02795299535922383,34.0,135.05177307128906
2022-02-01,2022-01-31,AMP,0.0265494982513948,0.026334806777942903,15.0,288.3963317871094
2022-02-01,2022-01-31,ATO,0.0218959696350593,0.021556296530558936,37.0,95.70249938964844
2022-02-01,2022-01-31,FICO,0.018586753109819,0.01817307440511937,6.0,497.5400085449219
2022-03-01,2022-02-28,AAPL,0.167914581585409,0.1681009492057759,168.0,159.753662109375
2022-03-01,2022-02-28,KO,0.0804668925349804,0.07150167642504426,209.0,54.621028900146484
2022-03-01,2022-02-28,COST,0.0673820013442567,0.06860951346344957,22.0,497.9108581542969
2022-03-01,2022-02-28,COO,0.067050667959865,0.06760592394704813,105.0,102.79817199707031
2022-03-01,2022-02-28,ORLY,0.0666232942467294,0.06661515647358529,243.0,43.768001556396484
2022-03-01,2022-02-28,CSCO,0.0658954379785186,0.06591762981144025,218.0,48.27641677856445
2022-03-01,2022-02-28,UNH,0.0582029907679108,0.058099472629590455,21.0,441.7156982421875
2022-03-01,2022-02-28,COR,0.0538441559785903,0.0546285076043444,64.0,136.27911376953125
2022-03-01,2022-02-28,BRO,0.0413685342135967,0.04145116434947127,102.0,64.88233947753906
2022-03-01,2022-02-28,GOOGL,0.0413685342135967,0.04080707754050284,49.0,132.96255493164062
2022-03-01,2022-02-28,FCX,0.0355188525034759,0.03556671187678329,126.0,45.06746292114258
2022-03-01,2022-02-28,MTDR,0.0348402380625742,0.03482570423811441,118.0,47.120277404785156
2022-03-01,2022-02-28,LNG,0.0331999849492471,0.033382785983467875,43.0,123.94929504394531
2022-03-01,2022-02-28,FTNT,0.0317906620619611,0.03173946090245455,75.0,67.56600189208984
2022-03-01,2022-02-28,NUE,0.0301438902230788,0.030028790092416414,39.0,122.9314956665039
2022-03-01,2022-02-28,NXST,0.0266758169012665,0.025832982743067067,26.0,158.6321258544922
2022-03-01,2022-02-28,PANW,0.0251449947522089,0.024684837412552948,41.0,96.125
2022-03-01,2022-02-28,MSFT,0.0131395229115092,0.014296955409351669,8.0,285.3274230957031
2022-03-01,2022-02-28,PG,0.0123879575054104,0.012910342276748943,15.0,137.4157257080078
2022-03-01,2022-02-28,BAC,0.0106101546873061,0.010751945137944047,45.0,38.14735794067383
2022-03-01,2022-02-28,AZO,0.0091406348418591,0.011380971706106925,1.0,1817.06005859375
2022-03-01,2022-02-28,GOOG,0.0075372759361956,0.008335048283133892,10.0,133.0754852294922
2022-03-01,2022-02-28,STE,0.006977810669125,0.007164501572858438,5.0,228.7736053466797
2022-03-01,2022-02-28,AMP,0.0035930301770014,0.0049258681848378325,3.0,262.1509704589844
2022-03-01,2022-02-28,PLD,0.0035458172918304,0.004015630318477567,5.0,128.22528076171875
2022-03-01,2022-02-28,ATO,0.0031575808150918,0.0037440529764325692,6.0,99.6278305053711
2022-03-01,2022-02-28,FICO,0.0024786848874037,0.002977995517838794,1.0,475.4599914550781
2022-04-01,2022-03-31,AAPL,0.12,0.12027691229010115,119.0,170.6290283203125
2022-04-01,2022-03-31,PEP,0.12,0.11947322822507511,135.0,149.4013214111328
2022-04-01,2022-03-31,COST,0.0835369901075503,0.08115746959433405,25.0,548.0322265625
2022-04-01,2022-03-31,FCX,0.0760207851126264,0.0760998115364418,268.0,47.93650817871094
2022-04-01,2022-03-31,KO,0.0706908464963832,0.07045237321973649,213.0,55.83848571777344
2022-04-01,2022-03-31,GOOGL,0.0584839875145928,0.05846024642069736,71.0,139.0016326904297
2022-04-01,2022-03-31,UNP,0.0567437984968539,0.056112020094406447,40.0,236.81735229492188
2022-04-01,2022-03-31,ORLY,0.0545628228849141,0.05482267261795323,208.0,44.49533462524414
2022-04-01,2022-03-31,UNH,0.0486046623752149,0.05084124495238857,18.0,476.8274841308594
2022-04-01,2022-03-31,COR,0.0472037412066283,0.048059432167548634,54.0,150.245849609375
2022-04-01,2022-03-31,COO,0.0465949806547683,0.04693648554158452,74.0,107.07706451416016
2022-04-01,2022-03-31,PANW,0.0462951429248852,0.045852617780666016,76.0,101.85166931152344
2022-04-01,2022-03-31,AM,0.04,0.04001974703879902,826.0,8.179220199584961
2022-04-01,2022-03-31,NI,0.04,0.040023544391934944,242.0,27.92015266418457
2022-04-01,2022-03-31,BRO,0.030177622970938,0.03044371777378975,73.0,70.40320587158203
2022-04-01,2022-03-31,FTNT,0.0250999093294528,0.025302617959314114,63.0,67.802001953125
2022-04-01,2022-03-31,OKE,0.0189218803757204,0.0188561360086449,56.0,56.843692779541016
2022-04-01,2022-03-31,NOC,0.0170628295494705,0.015163343697463088,6.0,426.6397705078125
2022-05-02,2022-04-29,PEP,0.0671934189274639,0.06810558016431958,71.0,147.64114379882812
2022-05-02,2022-04-29,UNH,0.0671934189274639,0.06663439099972072,22.0,466.185546875
2022-05-02,2022-04-29,KO,0.0601845907165007,0.06040240835879189,165.0,56.3447380065918
2022-05-02,2022-04-29,COR,0.0598485180133467,0.05946047451445938,64.0,142.9984893798828
2022-05-02,2022-04-29,VLO,0.0391274183720161,0.038886970304700466,58.0,103.19512176513672
2022-05-02,2022-04-29,STLD,0.0366069904193852,0.03631018316467266,71.0,78.7142105102539
2022-05-02,2022-04-29,PLD,0.0361034571459761,0.036067970010715544,41.0,135.40069580078125
2022-05-02,2022-04-29,PANW,0.0358334197220726,0.03592127478717981,58.0,95.32499694824219
2022-05-02,2022-04-29,WY,0.0350017678368742,0.03492570120352118,154.0,34.906593322753906
2022-05-02,2022-04-29,LYB,0.0349300337548175,0.0348824129084833,67.0,80.13362121582031
2022-05-02,2022-04-29,CB,0.0348643548337177,0.034169370472086534,27.0,194.78533935546875
2022-05-02,2022-04-29,FCX,0.0347504098191083,0.03497932852590249,142.0,37.914573669433594
2022-05-02,2022-04-29,RS,0.0343622015112566,0.03374625413037351,28.0,185.5028533935547
2022-05-02,2022-04-29,CSL,0.0288,0.027435205564785462,17.0,248.39471435546875
2022-05-02,2022-04-29,FDS,0.0288,0.027071281319476562,11.0,378.79058837890625
2022-05-02,2022-04-29,MKC,0.0288,0.028415936661271204,49.0,89.25836944580078
2022-05-02,2022-04-29,NFG,0.0288,0.02871768274561468,72.0,61.39032745361328
2022-05-02,2022-04-29,WEC,0.0288,0.028542703307986788,51.0,86.14061737060547
2022-06-01,2022-05-31,KO,0.115341533714283,0.11528297307626931,314.0,56.01612091064453
2022-06-01,2022-05-31,HD,0.1094940948767602,0.10800026154350913,61.0,270.1297912597656
2022-06-01,2022-05-31,PEP,0.1067129082050559,0.10659888382253375,111.0,146.52346801757812
2022-06-01,2022-05-31,UNH,0.0799925097958977,0.07807953581218192,26.0,458.185546875
2022-06-01,2022-05-31,LOW,0.0706148018810646,0.06961642771238531,60.0,177.02638244628906
2022-06-01,2022-05-31,VLO,0.068444232767927,0.06821473196024606,88.0,118.26956939697266
2022-06-01,2022-05-31,COR,0.0449359708548751,0.045439793444467864,48.0,144.43505859375
2022-06-01,2022-05-31,NFG,0.0412598235918294,0.04099061006907623,97.0,64.47482299804688
2022-06-01,2022-05-31,FANG,0.0378743678686972,0.03790225054078666,45.0,128.50794982910156
2022-06-01,2022-05-31,AEE,0.0369608018977756,0.03674509415105474,67.0,83.67622375488281
2022-06-01,2022-05-31,ETR,0.0369608018977756,0.03692786276054719,108.0,52.16844940185547
2022-06-01,2022-05-31,HALO,0.0369608018977756,0.03689776341111253,124.0,45.400001525878906
2022-06-01,2022-05-31,MTDR,0.0369608018977756,0.03697923559457019,96.0,58.77115249633789
2022-06-01,2022-05-31,VICI,0.0333494858390275,0.03333728403230808,205.0,24.811548233032227
2022-06-01,2022-05-31,EXC,0.0264227510960419,0.026437016762753753,94.0,42.91035461425781
2022-06-01,2022-05-31,STLD,0.0262068800985451,0.026418484996826374,51.0,79.03423309326172
2022-06-01,2022-05-31,EXE,0.0221456169957382,0.022084164026799583,40.0,84.23614501953125
2022-06-01,2022-05-31,AZO,0.0211327830221484,0.013338603849529444,1.0,2035.1099853515625
2022-06-01,2022-05-31,LYB,0.0076375506658648,0.007781898848115407,14.0,84.80765533447266
2022-06-01,2022-05-31,CB,0.0073300524501003,0.007789575100311208,6.0,198.07972717285156
2022-06-01,2022-05-31,FCX,0.0070770382106562,0.007109685627955155,29.0,37.40502166748047
2022-06-01,2022-05-31,RS,0.0070631899728278,0.007239265375472071,6.0,184.08599853515625
2022-06-01,2022-05-31,WY,0.0069140459312583,0.007076206997384802,32.0,33.738677978515625
2022-06-01,2022-05-31,WEC,0.0063018291900101,0.006565048959018655,11.0,91.0589828491211
2022-06-01,2022-05-31,CSL,0.0059053253802878,0.006418612959757961,4.0,244.82666015625
2022-07-01,2022-06-30,UNH,0.11805933894555,0.11756674406768232,35.0,483.0182189941406
2022-07-01,2022-06-30,HD,0.1091662001760405,0.10760930770347855,61.0,253.66880798339844
2022-07-01,2022-06-30,KO,0.1032683189467832,0.1037338140272493,259.0,57.59272766113281
2022-07-01,2022-06-30,PEP,0.0947664680262659,0.09499734290081104,91.0,150.1125946044922
2022-07-01,2022-06-30,VICI,0.0707644288850709,0.07070174179881841,406.0,25.040969848632812
2022-07-01,2022-06-30,TMUS,0.0705659192095967,0.06494871444448852,71.0,131.54043579101562
2022-07-01,2022-06-30,AFG,0.0401378602164332,0.03977866415598447,51.0,112.15718078613281
2022-07-01,2022-06-30,FANG,0.0401378602164332,0.03967621876030629,56.0,101.88008880615234
2022-07-01,2022-06-30,JD,0.0382219247564908,0.037902230880869435,92.0,59.2412223815918
2022-07-01,2022-06-30,FDS,0.0376870209244487,0.03690881582238121,14.0,379.095947265625
2022-07-01,2022-06-30,NOW,0.0376870209244487,0.037725867479815954,56.0,96.87200164794922
2022-07-01,2022-06-30,FCN,0.0367507939396863,0.03577593810889851,28.0,183.72999572753906
2022-07-01,2022-06-30,LI,0.0343358588424686,0.03434516355963331,131.0,37.70000076293945
2022-07-01,2022-06-30,NOC,0.032204109530914,0.0318478716984768,10.0,457.9599304199219
2022-07-01,2022-06-30,EXC,0.0303456781011918,0.030184240549780004,108.0,40.188663482666016
2022-07-01,2022-06-30,VRTX,0.0298613938010568,0.027973501982558387,14.0,287.32000732421875
2022-07-01,2022-06-30,LNG,0.0225807431454886,0.022054174237390135,25.0,126.85215759277344
2022-07-01,2022-06-30,UTHR,0.022380085091543,0.02151658005204394,13.0,238.0
2022-07-01,2022-06-30,AEE,0.0075458823631912,0.008009260952876381,14.0,82.26431274414062
2022-07-01,2022-06-30,HALO,0.0075147467207632,0.007733172841511034,25.0,44.47999954223633
2022-07-01,2022-06-30,ETR,0.0073722170102354,0.00765738852826591,22.0,50.050113677978516
2022-07-01,2022-06-30,AZO,0.004730409812148,0.015019950233659382,1.0,2159.81005859375
2022-07-01,2022-06-30,CB,0.0014601115759318,0.0026243853552140404,2.0,188.68817138671875
2022-07-01,2022-06-30,WEC,0.0012873286885113,0.001861819138222033,3.0,89.24076843261719
2022-07-01,2022-06-30,CSL,0.0011682801493069,0.0016090675021787988,1.0,231.3776092529297
2022-08-01,2022-07-29,HD,0.1086805443831234,0.1104133206319889,58.0,277.9739685058594
2022-08-01,2022-07-29,MSFT,0.0963345065795587,0.0886128090642066,48.0,269.5664978027344
2022-08-01,2022-07-29,AFG,0.0921306202179303,0.09214836171762163,130.0,103.50347137451172
2022-08-01,2022-07-29,VICI,0.0921306202179303,0.09224002916958747,483.0,27.88578987121582
2022-08-01,2022-07-29,UNH,0.0895857436846406,0.09241710899841483,27.0,499.803466796875
2022-08-01,2022-07-29,FANG,0.08,0.07973107030743863,110.0,105.83895874023438
2022-08-01,2022-07-29,NEE,0.057750637018269,0.057393771213884295,109.0,76.88629150390625
2022-08-01,2022-07-29,TMUS,0.0523534354618679,0.05302094969595156,56.0,138.2515869140625
2022-08-01,2022-07-29,KO,0.050287777681112,0.05059531066268759,128.0,57.71795654296875
2022-08-01,2022-07-29,PEP,0.0454846378247132,0.04617826345892574,43.0,156.8121795654297
2022-08-01,2022-07-29,CTAS,0.04,0.03987850590651599,57.0,102.15853881835938
2022-08-01,2022-07-29,ON,0.0379133484621023,0.03792933568041921,87.0,63.65999984741211
2022-08-01,2022-07-29,LNG,0.0318052603875113,0.030963970343608725,32.0,141.2919158935547
2022-08-01,2022-07-29,NOC,0.029056587063395,0.030670390180183256,10.0,447.8472900390625
2022-08-01,2022-07-29,LI,0.0289471706618711,0.029191319273521917,125.0,34.099998474121094
2022-08-01,2022-07-29,ENPH,0.0269282678467976,0.026931074841888537,14.0,280.8900146484375
2022-08-01,2022-07-29,ORLY,0.0211930435488026,0.02104028154922426,65.0,47.26599884033203
2022-08-01,2022-07-29,SQM,0.0194177989603738,0.01911755564864097,33.0,84.59195709228516
2022-09-01,2022-08-31,UNH,0.1284234596585236,0.12612919040707649,37.0,489.1797180175781
2022-09-01,2022-08-31,KO,0.1062753471915211,0.10628855199433643,275.0,55.46363830566406
2022-09-01,2022-08-31,PEP,0.0923668902993729,0.09241690522711601,86.0,154.20822143554688
2022-09-01,2022-08-31,TSLA,0.082453136113302,0.08111950473673925,42.0,277.1600036621094
2022-09-01,2022-08-31,ON,0.0788990740352877,0.07891603423852857,166.0,68.22000122070312
2022-09-01,2022-08-31,FANG,0.0773328211600254,0.07810990660506685,100.0,112.0884017944336
2022-09-01,2022-08-31,TMUS,0.0706113742672237,0.07039322595522496,73.0,138.37657165527344
2022-09-01,2022-08-31,ORLY,0.0646930465823093,0.06465678847558588,197.0,47.097999572753906
2022-09-01,2022-08-31,MCK,0.0442652018435505,0.042378931073527325,17.0,357.730224609375
2022-09-01,2022-08-31,ENPH,0.0394777858380047,0.0392833812937984,20.0,281.8599853515625
2022-09-01,2022-08-31,DKS,0.0315368343048653,0.031217340737154133,45.0,99.54924011230469
2022-09-01,2022-08-31,ELV,0.0297648674520641,0.029052453047263036,9.0,463.2280578613281
2022-09-01,2022-08-31,CHRW,0.024515751002219,0.02426603025590294,33.0,105.52111053466797
2022-09-01,2022-08-31,SO,0.0227455466777026,0.022710069580873585,47.0,69.33861541748047
2022-09-01,2022-08-31,AJG,0.0183046159818874,0.017133368634424113,14.0,175.61810302734375
2022-09-01,2022-08-31,FSLR,0.0148999961967305,0.014253849660781753,16.0,127.83999633789062
2022-09-01,2022-08-31,CSL,0.0146201212843589,0.014022774099730973,7.0,287.4686279296875
2022-09-01,2022-08-31,OGE,0.0145871780246586,0.014595560229247196,60.0,34.907928466796875
2022-09-01,2022-08-31,HD,0.0087206113445088,0.009351770687797566,5.0,268.3974609375
2022-09-01,2022-08-31,MSFT,0.007475549708986,0.008816227153356199,5.0,253.0272674560547
2022-09-01,2022-08-31,VICI,0.00737968977678,0.007523060135949668,40.0,26.98914337158203
2022-09-01,2022-08-31,AFG,0.0073613942307086,0.007777828942455988,11.0,101.46593475341797
2022-09-01,2022-08-31,NEE,0.0048728411506647,0.004899452722839413,9.0,78.1195297241211
2022-09-01,2022-08-31,CTAS,0.0031866995038873,0.0034310745686562585,5.0,98.47244262695312
2022-09-01,2022-08-31,LNG,0.0028342020293322,0.0031574781798065165,3.0,151.03363037109375
2022-09-01,2022-08-31,NOC,0.0023959643415239,0.0031627069679766103,1.0,453.8512268066406
2022-10-03,2022-09-30,TSLA,0.12,0.12000768865868222,68.0,242.39999389648438
2022-10-03,2022-09-30,UNH,0.12,0.12301850780984845,35.0,482.76397705078125
2022-10-03,2022-09-30,ELV,0.0702710981563171,0.06809824581581138,21.0,445.3988342285156
2022-10-03,2022-09-30,ENPH,0.0666289361681234,0.06468752944771555,31.0,286.6099853515625
2022-10-03,2022-09-30,PEP,0.0650214577793617,0.06547521605180037,61.0,147.4278564453125
2022-10-03,2022-09-30,ORLY,0.061258905936556,0.06135194254775244,176.0,47.87933349609375
2022-10-03,2022-09-30,DKS,0.0601567539990071,0.059512816107621394,81.0,100.91551208496094
2022-10-03,2022-09-30,MCK,0.059971066707767,0.05957167430471596,24.0,340.92669677734375
2022-10-03,2022-09-30,FANG,0.0517679378249563,0.05191592824389269,64.0,111.41741943359375
2022-10-03,2022-09-30,TMUS,0.0497543596667187,0.05056087158945401,52.0,133.5499267578125
2022-10-03,2022-09-30,ON,0.0472733213035396,0.04764276013385186,101.0,64.79000091552734
2022-10-03,2022-09-30,MEDP,0.04,0.039804532154384634,34.0,160.8000030517578
2022-10-03,2022-09-30,VRTX,0.0387575450327634,0.03681300212205469,17.0,297.42999267578125
2022-10-03,2022-09-30,NOC,0.0343359175332187,0.0334139218818466,10.0,458.9442138671875
2022-10-03,2022-09-30,WCC,0.0321013919215656,0.032123569983861795,37.0,119.24893951416016
2022-10-03,2022-09-30,FDS,0.0308879662829715,0.028632848876449846,10.0,393.2756042480469
2022-10-03,2022-09-30,AJG,0.0303477014754923,0.029838276715466468,24.0,170.76345825195312
2022-10-03,2022-09-30,HUBB,0.0214656402116408,0.020473936213492132,13.0,216.31689453125
2022-11-01,2022-10-31,UNH,0.1399558156983013,0.13817239565238956,40.0,512.5438232421875
2022-11-01,2022-10-31,TMUS,0.0967930086336022,0.09670316706754316,98.0,146.41458129882812
2022-11-01,2022-10-31,CSCO,0.0933183683233908,0.08190977622419691,295.0,41.198692321777344
2022-11-01,2022-10-31,PG,0.0911834958800122,0.09135823320139257,110.0,123.23234558105469
2022-11-01,2022-10-31,FANG,0.0695520260953754,0.06897523748560296,75.0,136.45883178710938
2022-11-01,2022-10-31,MCK,0.0667517496856526,0.06582177070607143,26.0,375.6348876953125
2022-11-01,2022-10-31,ORLY,0.054180750314034,0.05433417459467766,145.0,55.599998474121094
2022-11-01,2022-10-31,DKS,0.0438230246683781,0.04441009698074568,62.0,106.2820053100586
2022-11-01,2022-10-31,BAC,0.0421712846893892,0.04213542748094179,189.0,33.0792236328125
2022-11-01,2022-10-31,VRTX,0.0417435669739135,0.040233710865670284,19.0,314.20001220703125
2022-11-01,2022-10-31,CHRD,0.0399185558864051,0.039695467807482065,48.0,122.70701599121094
2022-11-01,2022-10-31,GTLS,0.0399185558864051,0.03860914201946037,25.0,229.14999389648438
2022-11-01,2022-10-31,SAIC,0.0399185558864051,0.039798047171088584,57.0,103.59925079345703
2022-11-01,2022-10-31,TSCO,0.0399185558864051,0.039979627224420125,143.0,41.48321533203125
2022-11-01,2022-10-31,GILD,0.0289658998769452,0.02894522886348618,61.0,70.40716552734375
2022-11-01,2022-10-31,TRV,0.0265148993908867,0.026537157986043208,23.0,171.19705200195312
2022-11-01,2022-10-31,AJG,0.0246677490306899,0.025651860159462036,21.0,181.24635314941406
2022-11-01,2022-10-31,DTM,0.0196612318926916,0.019486414352074596,55.0,52.57011795043945
2022-11-01,2022-10-31,ELV,0.0001882878643087,0.003477346664418534,1.0,515.9619750976562
2022-11-01,2022-10-31,ENPH,0.000167750732788,0.0020183576843356118,1.0,299.4800109863281
2022-11-01,2022-10-31,PEP,0.0001609816216979,0.0010868528288149664,1.0,161.26512145996094
2022-11-01,2022-10-31,MEDP,0.0001237914455286,0.00149826724795166,1.0,222.30999755859375
2022-11-01,2022-10-31,ON,0.0001053022814014,0.0004160992461841331,1.0,61.7400016784668
2022-11-01,2022-10-31,NOC,8.86255256330598e-05,0.0034125633242956107,1.0,506.34954833984375
2022-11-01,2022-10-31,WCC,8.32623495053003e-05,0.0009174672653930192,1.0,136.13201904296875
2022-11-01,2022-10-31,FDS,7.371508192857006e-05,0.0027682407860287824,1.0,410.7462158203125
2022-11-01,2022-10-31,HUBB,5.118839832414858e-05,0.0015365762749469161,1.0,227.9942169189453
2022-12-01,2022-11-30,PG,0.1188640868220063,0.11839646804406091,129.0,136.36141967773438
2022-12-01,2022-11-30,MSFT,0.1049353129479069,0.08518990049586592,51.0,248.17636108398438
2022-12-01,2022-11-30,CSCO,0.1026392801388039,0.10271901985377595,337.0,45.285945892333984
2022-12-01,2022-11-30,DKS,0.0780753644447584,0.0777665220250459,107.0,107.98200225830078
2022-12-01,2022-11-30,COST,0.0731830890122443,0.0714062768428497,22.0,482.232177734375
2022-12-01,2022-11-30,ORLY,0.0519883957000702,0.052309093466489834,136.0,57.14533233642578
2022-12-01,2022-11-30,MCK,0.0512089370367643,0.05284599818521317,21.0,373.88262939453125
2022-12-01,2022-11-30,BAC,0.0477420664138493,0.0477095931522024,211.0,33.59431076049805
2022-12-01,2022-11-30,TRV,0.0468463382305069,0.04650215821158666,39.0,177.1540069580078
2022-12-01,2022-11-30,FSLR,0.0435374924132327,0.04310663194500078,38.0,168.5399932861328
2022-12-01,2022-11-30,LNG,0.0435374924132327,0.04335690589975703,38.0,169.51852416992188
2022-12-01,2022-11-30,FICO,0.0390608486551816,0.03762612898067348,9.0,621.1400146484375
2022-12-01,2022-11-30,TPL,0.037302412494964,0.03689238620211605,20.0,274.062255859375
2022-12-01,2022-11-30,COR,0.0360765611667109,0.03581266114730194,32.0,166.27581787109375
2022-12-01,2022-11-30,AXON,0.0301045668955339,0.02997296662070118,24.0,185.5500030517578
2022-12-01,2022-11-30,JBL,0.0226497119061149,0.02227776876695036,46.0,71.95423126220703
2022-12-01,2022-11-30,CTAS,0.0224542509650757,0.021867117444330716,29.0,112.03043365478516
2022-12-01,2022-11-30,AMKR,0.0194645703055621,0.01934959187021181,109.0,26.37471580505371
2022-12-01,2022-11-30,UNH,0.0083544924953158,0.010152616685862011,3.0,502.8045654296875
2022-12-01,2022-11-30,TMUS,0.005777853140303,0.00589454914267419,6.0,145.96267700195312
2022-12-01,2022-11-30,FANG,0.0039434355561049,0.004246476373654259,5.0,126.18309783935547
2022-12-01,2022-11-30,VRTX,0.0025527030396763,0.004317851840400793,2.0,320.760009765625
2022-12-01,2022-11-30,TSCO,0.0024814315842341,0.0025706081880637693,9.0,42.43613815307617
2022-12-01,2022-11-30,SAIC,0.0024385472064746,0.002820543766425546,4.0,104.76478576660156
2022-12-01,2022-11-30,GILD,0.0019580132521183,0.0021000575166624743,4.0,78.00342559814453
2022-12-01,2022-11-30,AJG,0.0015773588580164,0.002606611215626586,2.0,193.63717651367188
2022-12-01,2022-11-30,DTM,0.0011814061868409,0.001407862398854134,4.0,52.29289627075195
2022-12-01,2022-11-30,ELV,1.1095851171969116e-05,0.0033498035767183646,1.0,497.6933288574219
2022-12-01,2022-11-30,ENPH,1.0303356338505306e-05,0.002113426606509518,1.0,314.0
2022-12-01,2022-11-30,PEP,9.959537718260358e-06,0.0011232479771748035,1.0,166.88531494140625
2022-12-01,2022-11-30,ON,7.601673745648489e-06,0.0004980013697480028,1.0,73.98999786376953
2022-12-01,2022-11-30,MEDP,7.171106139748103e-06,0.0014507259763624073,1.0,215.5399932861328
2022-12-01,2022-11-30,NOC,5.18778611758466e-06,0.003383785306636858,1.0,502.74212646484375
2022-12-01,2022-11-30,FDS,4.799959422090662e-06,0.0030683945774983277,1.0,455.88330078125
2022-12-01,2022-11-30,WCC,4.610531421689543e-06,0.0008323385067328202,1.0,123.66376495361328
2022-12-01,2022-11-30,HUBB,3.2509163201688827e-06,0.0016249289944375543,1.0,241.42201232910156
2023-01-03,2022-12-30,PG,0.1764019253172336,0.17249584819540126,175.0,138.48106384277344
2023-01-03,2022-12-30,MSFT,0.129070210236313,0.12794993093466786,77.0,233.45281982421875
2023-01-03,2022-12-30,CSCO,0.1041870734486107,0.104215468375125,337.0,43.44622802734375
2023-01-03,2022-12-30,MCK,0.0997341346861295,0.09969198217905757,38.0,368.5754699707031
2023-01-03,2022-12-30,COR,0.0582249045293591,0.05777865084809208,51.0,159.164794921875
2023-01-03,2022-12-30,DKS,0.0561238997483517,0.05622332901231139,71.0,111.25204467773438
2023-01-03,2022-12-30,ORCL,0.0470786822073504,0.04679587692149486,82.0,80.17584228515625
2023-01-03,2022-12-30,JBL,0.0456327220268535,0.04552819094761307,96.0,66.62833404541016
2023-01-03,2022-12-30,FICO,0.0395868367437832,0.03787213573872697,9.0,591.1900024414062
2023-01-03,2022-12-30,EXP,0.0387067254283344,0.03873475355263522,41.0,132.72927856445312
2023-01-03,2022-12-30,TTC,0.0387067254283344,0.038088454288755895,50.0,107.02201843261719
2023-01-03,2022-12-30,AGCO,0.027457629330555,0.027384697359723674,31.0,124.10693359375
2023-01-03,2022-12-30,CTAS,0.0266513116610334,0.026323093649695328,34.0,108.76966857910156
2023-01-03,2022-12-30,AJG,0.0239285801140444,0.023261346469399254,18.0,181.556640625
2023-01-03,2022-12-30,SJM,0.0205294515199615,0.01991704681505503,20.0,139.90870666503906
2023-01-03,2022-12-30,GOOGL,0.0196947832966298,0.019503493381189785,31.0,88.38946533203125
2023-01-03,2022-12-30,AEE,0.0174901714906589,0.017084650312559246,30.0,80.00822448730469
2023-01-03,2022-12-30,BAC,0.0140285795756163,0.014250048413784794,65.0,30.800146102905273
2023-01-03,2022-12-30,ORLY,0.0060067989120938,0.006383080356814836,16.0,56.04800033569336
2023-01-03,2022-12-30,TRV,0.0054863534981707,0.0062684632329366545,5.0,176.133056640625
2023-01-03,2022-12-30,AXON,0.0033852129006139,0.003592532743792906,3.0,168.24000549316406
2023-01-03,2022-12-30,UNH,0.0009496289186284,0.0034677724126083204,1.0,487.1922607421875
2023-01-03,2022-12-30,TSCO,0.0002920517218777,0.00030010528066131336,1.0,42.16221618652344
2023-01-03,2022-12-30,SAIC,0.000286511237133,0.0007484224231089633,1.0,105.14692687988281
2023-01-03,2022-12-30,GILD,0.0002269938077438,0.0005438371324788895,1.0,76.40444946289062
2023-01-03,2022-12-30,DTM,0.0001296869449887,0.0003314205637682227,1.0,46.561744689941406
2023-01-03,2022-12-30,ELV,1.259454426969938e-06,0.0033953329410239272,1.0,477.01513671875
2023-01-03,2022-12-30,PEP,1.1558151691388324e-06,0.0011463984511436566,1.0,161.05914306640625
2023-02-01,2023-01-31,PG,0.1283660770431608,0.12936579284959188,142.0,131.64566040039062
2023-02-01,2023-01-31,MSFT,0.1251491813108013,0.12612348017827818,74.0,246.2859649658203
2023-02-01,2023-01-31,CSCO,0.1074531356284117,0.1074659539836907,350.0,44.36886215209961
2023-02-01,2023-01-31,DIS,0.1052573874360991,0.10354315867913509,140.0,106.87319946289062
2023-02-01,2023-01-31,JBL,0.0557656712287168,0.05544985840684647,101.0,79.33311462402344
2023-02-01,2023-01-31,COR,0.0474694578230403,0.048588520104067605,45.0,156.02586364746094
2023-02-01,2023-01-31,MCK,0.042642859483507,0.04297301100965063,17.0,365.2769775390625
2023-02-01,2023-01-31,NOW,0.040747616231585,0.04065841787203363,62.0,94.76200103759766
2023-02-01,2023-01-31,DKS,0.04,0.04037179677179209,47.0,124.12397003173828
2023-02-01,2023-01-31,JD,0.04,0.039845529595594835,106.0,54.31867599487305
2023-02-01,2023-01-31,STT,0.04,0.03958720592669247,69.0,82.90509033203125
2023-02-01,2023-01-31,AXON,0.0384578885651776,0.038441680964718596,28.0,198.38999938964844
2023-02-01,2023-01-31,BAC,0.0371567191375366,0.037012995366427416,162.0,33.015254974365234
2023-02-01,2023-01-31,LSCC,0.0367798663185276,0.03631839543212081,65.0,80.73999786376953
2023-02-01,2023-01-31,CPRT,0.0365873022253608,0.03655825491619928,152.0,34.755001068115234
2023-02-01,2023-01-31,AXP,0.0314357112841015,0.03119123038362965,27.0,166.9337615966797
2023-02-01,2023-01-31,STM,0.0249761396202885,0.024774382394277317,75.0,47.732810974121094
2023-02-01,2023-01-31,ACLS,0.0217549866636848,0.021515541205778668,27.0,115.1500015258789
2023-03-01,2023-02-28,AAPL,0.0809065408683078,0.08067354023197323,79.0,143.10311889648438
2023-03-01,2023-02-28,LIN,0.0809065408683078,0.07899556007505701,33.0,335.45465087890625
2023-03-01,2023-02-28,TMUS,0.0610851438865087,0.061072873812133784,63.0,135.84788513183594
2023-03-01,2023-02-28,PEP,0.0551536538971028,0.05487786064216011,50.0,153.80563354492188
2023-03-01,2023-02-28,MSFT,0.0536927831182583,0.05493528010441594,32.0,240.57275390625
2023-03-01,2023-02-28,PG,0.0527896254103467,0.05328543306889717,59.0,126.56148529052734
2023-03-01,2023-02-28,KO,0.0515813719315915,0.0514576206203628,135.0,53.41472625732422
2023-03-01,2023-02-28,CSCO,0.0455263233118638,0.04569196498773781,145.0,44.15876388549805
2023-03-01,2023-02-28,ACLS,0.0425505372549189,0.042464918761168174,45.0,132.24000549316406
2023-03-01,2023-02-28,STM,0.0348267392730576,0.034870391838129615,103.0,47.44218444824219
2023-03-01,2023-02-28,BKNG,0.0322336475600692,0.03218282940087974,45.0,100.22055053710938
2023-03-01,2023-02-28,RS,0.0322336475600692,0.030878984735129966,18.0,240.40061950683594
2023-03-01,2023-02-28,STLD,0.0322336475600692,0.03163427542780229,36.0,123.14037322998047
2023-03-01,2023-02-28,BLD,0.0269688469561026,0.026457723598469974,18.0,205.97999572753906
2023-03-01,2023-02-28,NOW,0.0269688469561026,0.02754824852455531,45.0,85.78800201416016
2023-03-01,2023-02-28,TSCO,0.0269688469561026,0.026901521994685346,88.0,42.838993072509766
2023-03-01,2023-02-28,PRI,0.0254321261171933,0.02482992955768672,19.0,183.13314819335938
2023-03-01,2023-02-28,JBL,0.0252940880754303,0.025645820566500367,43.0,83.57823944091797
2023-03-01,2023-02-28,ORLY,0.0231259610393349,0.023134432001515003,59.0,54.948001861572266
2023-03-01,2023-02-28,MLI,0.0216013404702844,0.021505664104952943,85.0,35.45512390136719
2023-03-01,2023-02-28,ELV,0.0189677114528289,0.015895747951243617,5.0,445.508544921875
2023-03-01,2023-02-28,COR,0.0185855975661276,0.019536275048522962,18.0,152.09478759765625
2023-03-01,2023-02-28,LSCC,0.0175016321699654,0.017708201435143255,29.0,85.56999969482422
2023-03-01,2023-02-28,PWR,0.0173077931158853,0.017013808428298565,15.0,158.94810485839844
2023-03-01,2023-02-28,AXON,0.017233251227345,0.01735232891796118,11.0,221.05999755859375
2023-03-01,2023-02-28,MCK,0.0168043035551786,0.01732684114546303,7.0,346.8697509765625
2023-03-01,2023-02-28,STT,0.0165576920465001,0.016641719354519333,29.0,80.41651916503906
2023-03-01,2023-02-28,CPRT,0.0163892884639198,0.01643706629157669,66.0,34.900001525878906
2023-03-01,2023-02-28,BAC,0.0152573948192816,0.015450620864586217,69.0,31.37920379638672
2023-03-01,2023-02-28,AXP,0.013315076511944,0.014484253934635651,12.0,169.1453094482422
2023-04-03,2023-03-31,BKNG,0.12,0.11947101453986736,167.0,104.6525650024414
2023-04-03,2023-03-31,AAPL,0.1005109692028438,0.09956171371184622,89.0,163.6462860107422
2023-04-03,2023-03-31,MSFT,0.1005109692028438,0.09973884035107124,52.0,280.585205078125
2023-04-03,2023-03-31,KO,0.0868224033360746,0.08659505487336829,222.0,57.06159591674805
2023-04-03,2023-03-31,TMUS,0.0774050592170599,0.07716766211156822,80.0,141.10719299316406
2023-04-03,2023-03-31,PG,0.0593673144463922,0.05919714637844956,63.0,137.4561004638672
2023-04-03,2023-03-31,RS,0.0498917696707764,0.04858124654813393,29.0,245.06114196777344
2023-04-03,2023-03-31,PEP,0.0498331169410437,0.05073821633939272,45.0,164.940185546875
2023-04-03,2023-03-31,ORLY,0.0485851811203928,0.04825690808554753,122.0,57.86333465576172
2023-04-03,2023-03-31,GOOGL,0.0456111136274194,0.045283039997798764,64.0,103.5045394897461
2023-04-03,2023-03-31,NOW,0.0409409983933012,0.04064270020715492,64.0,92.89800262451172
2023-04-03,2023-03-31,STM,0.040660244363866,0.04068226911573821,116.0,51.30397033691406
2023-04-03,2023-03-31,DKS,0.04,0.03925580739534176,42.0,136.72830200195312
2023-04-03,2023-03-31,PWR,0.0374977683250837,0.03723530438073292,33.0,165.0611114501953
2023-04-03,2023-03-31,PODD,0.0296982532245826,0.028334291078735373,13.0,318.8399963378906
2023-04-03,2023-03-31,ACLS,0.0296825740138765,0.029871960115841936,33.0,132.4199981689453
2023-04-03,2023-03-31,ULTA,0.0244618553357013,0.022607304577520793,6.0,551.1900024414062
2023-04-03,2023-03-31,ADI,0.0185204095787414,0.01785900404660761,14.0,186.6091766357422
2023-05-01,2023-04-28,AAPL,0.1399999999999999,0.14006013948291807,123.0,167.01434326171875
2023-05-01,2023-04-28,HD,0.1399999999999999,0.13924578837698873,74.0,275.9908447265625
2023-05-01,2023-04-28,NOW,0.1059789752804883,0.10563847988911375,172.0,90.08200073242188
2023-05-01,2023-04-28,BKNG,0.0714203861407114,0.07204528862144668,100.0,105.66956329345703
2023-05-01,2023-04-28,KO,0.0578377881894837,0.05812915099672609,145.0,58.799049377441406
2023-05-01,2023-04-28,ORLY,0.057175135419977,0.05704193957391433,135.0,61.973331451416016
2023-05-01,2023-04-28,ABT,0.0565575366175924,0.056352920723075045,79.0,104.62456512451172
2023-05-01,2023-04-28,GOOGL,0.0423309914520813,0.04276887172272247,59.0,106.32125854492188
2023-05-01,2023-04-28,ULTA,0.0412412687154544,0.039964812772376665,11.0,532.8800048828125
2023-05-01,2023-04-28,PEP,0.0412162540146115,0.04133940096316308,35.0,173.23692321777344
2023-05-01,2023-04-28,PWR,0.0411034060824238,0.04022106656695511,35.0,168.55043029785156
2023-05-01,2023-04-28,TSCO,0.0399999999999999,0.03987903327031276,129.0,45.34185028076172
2023-05-01,2023-04-28,SAIA,0.034738553029571,0.033707681010133654,17.0,290.82000732421875
2023-05-01,2023-04-28,TMUS,0.0339848114460069,0.03473539337669716,37.0,137.69393920898438
2023-05-01,2023-04-28,VRTX,0.0302811873506891,0.028226433950944294,12.0,345.0
2023-05-01,2023-04-28,CDNS,0.0247808916791178,0.02441552376117413,17.0,210.64999389648438
2023-05-01,2023-04-28,FTNT,0.0224430904642618,0.0222683387612415,52.0,62.810001373291016
2023-05-01,2023-04-28,AZO,0.0189097241175289,0.018269048292634867,1.0,2679.5400390625
2023-06-01,2023-05-31,AAPL,0.1250796436293976,0.1257205846678403,104.0,177.60015869140625
2023-06-01,2023-05-31,GOOG,0.1171172027487381,0.11671030306051856,139.0,123.35725402832031
2023-06-01,2023-05-31,TMUS,0.0973994299781875,0.09727215639798052,107.0,133.55958557128906
2023-06-01,2023-05-31,NOW,0.0847291480908847,0.08500126459635178,115.0,108.59200286865234
2023-06-01,2023-05-31,AMZN,0.0821621021296329,0.08189323418496515,98.0,122.7699966430664
2023-06-01,2023-05-31,COST,0.0715943299648994,0.07039375966401465,21.0,492.4761047363281
2023-06-01,2023-05-31,ORLY,0.0671829356701601,0.06703186002901877,165.0,59.685333251953125
2023-06-01,2023-05-31,PWR,0.0589435405457356,0.05848784979417027,49.0,175.36376953125
2023-06-01,2023-05-31,BKNG,0.0564588163996753,0.057249391795492405,84.0,100.12946319580078
2023-06-01,2023-05-31,EXP,0.0385041663958805,0.038309113108158536,35.0,160.80677795410156
2023-06-01,2023-05-31,FLEX,0.0335184152967617,0.03353664589562289,256.0,19.24641990661621
2023-06-01,2023-05-31,VRTX,0.032600108327931,0.030838488662572782,14.0,323.6199951171875
2023-06-01,2023-05-31,MCK,0.0277595559412448,0.02616248808354536,10.0,384.369873046875
2023-06-01,2023-05-31,STLD,0.0267352359310096,0.026427322415304644,44.0,88.24107360839844
2023-06-01,2023-05-31,CRM,0.0230358603549398,0.02285049126846444,16.0,209.8195037841797
2023-06-01,2023-05-31,HUBB,0.019734324549615,0.018862372728861782,10.0,277.11920166015625
2023-06-01,2023-05-31,ON,0.0193816000218383,0.019156471167660942,32.0,87.94999694824219
2023-06-01,2023-05-31,HD,0.0063676227289872,0.007331639047450364,4.0,269.2845153808594
2023-06-01,2023-05-31,KO,0.0025686982282498,0.002614197099113756,7.0,54.866920471191406
2023-06-01,2023-05-31,ABT,0.0024801825391455,0.002636014886587334,4.0,96.8184585571289
2023-06-01,2023-05-31,GOOGL,0.002312996388125,0.002505625542068474,3.0,122.7058334350586
2023-06-01,2023-05-31,PEP,0.0018895770967776,0.0022572060786294253,2.0,165.810302734375
2023-06-01,2023-05-31,CDNS,0.0012863177585025,0.0015817838535501791,1.0,232.38999938964844
2023-06-01,2023-05-31,FTNT,0.0011581892836794,0.0014016133615138218,3.0,68.63999938964844
2023-07-03,2023-06-30,GOOG,0.115070599840858,0.11518148623621398,149.0,119.57826232910156
2023-07-03,2023-06-30,ORCL,0.113828430898931,0.11331116214916502,155.0,113.08287048339844
2023-07-03,2023-06-30,AMZN,0.0969126413537636,0.09680988562524036,115.0,130.22000122070312
2023-07-03,2023-06-30,ABT,0.0920309995035613,0.09202792829251744,141.0,100.96163177490234
2023-07-03,2023-06-30,AAPL,0.0886190655926299,0.08956975706611131,73.0,189.7991943359375
2023-07-03,2023-06-30,TMUS,0.0821573284028859,0.08227235319651337,95.0,133.96339416503906
2023-07-03,2023-06-30,EXP,0.0774475947414544,0.07702963049891969,65.0,183.3159637451172
2023-07-03,2023-06-30,NOW,0.0614084940678401,0.061858756498765814,85.0,112.5739974975586
2023-07-03,2023-06-30,STLD,0.0514190067484005,0.05093863560513086,74.0,106.48082733154297
2023-07-03,2023-06-30,ORLY,0.0456958290916004,0.046123051351547005,113.0,63.138668060302734
2023-07-03,2023-06-30,LPX,0.0448064381193364,0.04448673224891897,96.0,71.68282318115234
2023-07-03,2023-06-30,ODFL,0.026856576166945,0.025752644081006297,22.0,181.0735321044922
2023-07-03,2023-06-30,OC,0.022159637810874,0.021719933647953497,27.0,124.43729400634766
2023-07-03,2023-06-30,MCK,0.0210556022298655,0.02149081588345275,8.0,415.545654296875
2023-07-03,2023-06-30,HUBB,0.0205796990525059,0.02051792425257886,10.0,317.3870849609375
2023-07-03,2023-06-30,TM,0.0200943578882473,0.01961362667027912,20.0,151.69935607910156
2023-07-03,2023-06-30,VRTX,0.0198576984902999,0.020222226670823327,9.0,347.57000732421875
2023-08-01,2023-07-31,GOOGL,0.1317013205803931,0.13139111836089187,159.0,130.47164916992188
2023-08-01,2023-07-31,ORCL,0.103101030073135,0.10344640006957447,143.0,114.21591186523438
2023-08-01,2023-07-31,AAPL,0.1022139358386198,0.10140881679800337,83.0,192.90562438964844
2023-08-01,2023-07-31,EXP,0.063366362901666,0.06443251420443924,55.0,184.9650421142578
2023-08-01,2023-07-31,DHR,0.0629791187215961,0.06206382032790831,44.0,222.70660400390625
2023-08-01,2023-07-31,AMZN,0.0563514989190503,0.05671715675185411,68.0,131.69000244140625
2023-08-01,2023-07-31,OC,0.0499447056844428,0.050076620362115534,59.0,134.0078582763672
2023-08-01,2023-07-31,PEP,0.0498500861095165,0.04953599788284137,46.0,170.0240478515625
2023-08-01,2023-07-31,NOW,0.0468625428402322,0.047115334815719584,63.0,118.0780029296875
2023-08-01,2023-07-31,ON,0.0463468040240856,0.045868341557554024,67.0,108.08999633789062
2023-08-01,2023-07-31,ODFL,0.0451578778793793,0.04502380541342711,35.0,203.10537719726562
2023-08-01,2023-07-31,VRTX,0.0446900862203206,0.044049133145508935,20.0,347.739990234375
2023-08-01,2023-07-31,BKNG,0.0384591922959489,0.03841368931558353,53.0,114.43461608886719
2023-08-01,2023-07-31,DECK,0.0384591922959489,0.03835870508834221,67.0,90.3933334350586
2023-08-01,2023-07-31,SAIA,0.0384591922959489,0.03772943772888186,14.0,425.5
2023-08-01,2023-07-31,CARR,0.0362201033956991,0.03612752892040403,99.0,57.61695861816406
2023-08-01,2023-07-31,MELI,0.0268847300627794,0.022998680047759335,3.0,1210.4000244140625
2023-08-01,2023-07-31,GOOG,0.0047384607449402,0.004971241717490342,6.0,130.81600952148438
2023-08-01,2023-07-31,ABT,0.0035808929128773,0.003974134426313494,6.0,104.57757568359375
2023-08-01,2023-07-31,TMUS,0.0030926235282897,0.003343475834860137,4.0,131.97311401367188
2023-08-01,2023-07-31,STLD,0.0018586096783421,0.001954194881518332,3.0,102.8475341796875
2023-08-01,2023-07-31,LPX,0.0016990104085242,0.0018610915935021147,4.0,73.460693359375
2023-08-01,2023-07-31,ORLY,0.0016794092021385,0.001965642259793173,5.0,62.06999969482422
2023-08-01,2023-07-31,TM,0.0008092697127997,0.0010288852314367912,1.0,162.44793701171875
2023-08-01,2023-07-31,MCK,0.0007590498872365,0.002533215866345825,1.0,399.9626770019531
2023-08-01,2023-07-31,HUBB,0.0007348937860883,0.0019290074504127082,1.0,304.5658264160156
2023-09-01,2023-08-31,GOOG,0.1235269822038585,0.12212601354817995,144.0,135.68601989746094
2023-09-01,2023-08-31,ORCL,0.0993559646905103,0.100309295137417,137.0,117.14129638671875
2023-09-01,2023-08-31,EXP,0.0620780122327454,0.06251539972410917,52.0,192.34153747558594
2023-09-01,2023-08-31,OC,0.0619040783811505,0.06181645889058802,71.0,139.29489135742188
2023-09-01,2023-08-31,PG,0.0599769257125917,0.0593394275541447,66.0,143.84303283691406
2023-09-01,2023-08-31,FANG,0.0596269926883785,0.059217927188879804,68.0,139.3264923095703
2023-09-01,2023-08-31,MELI,0.0596269926883785,0.05331525305652814,6.0,1421.6400146484375
2023-09-01,2023-08-31,STLD,0.0545646638810211,0.054150156027577,84.0,103.13589477539062
2023-09-01,2023-08-31,TMO,0.0522767509440044,0.051795902879185174,15.0,552.4507446289062
2023-09-01,2023-08-31,AMZN,0.051728239382661,0.052661954664296656,61.0,138.1199951171875
2023-09-01,2023-08-31,DHR,0.0417713749208773,0.042044900141608096,29.0,231.95553588867188
2023-09-01,2023-08-31,UNH,0.0386009363290775,0.03663004244028386,13.0,450.799560546875
2023-09-01,2023-08-31,BR,0.0340725672505019,0.033636630498063584,30.0,179.3827362060547
2023-09-01,2023-08-31,EXE,0.0340725672505019,0.033903857644194645,65.0,83.44977569580078
2023-09-01,2023-08-31,ODFL,0.0283221148904621,0.029501957047150328,22.0,214.54458618164062
2023-09-01,2023-08-31,WSM,0.0279518926829075,0.027652550527757266,64.0,69.12651062011719
2023-09-01,2023-08-31,GOOGL,0.0241692102621479,0.02438853400251757,29.0,134.54795837402344
2023-09-01,2023-08-31,ORLY,0.0230596948981047,0.02289832019710343,58.0,63.163333892822266
2023-09-01,2023-08-31,AAPL,0.0172556872944074,0.017541200715244593,15.0,187.0929718017578
2023-09-01,2023-08-31,NOW,0.0083981390927864,0.008863824053495934,12.0,118.1760025024414
2023-09-01,2023-08-31,PEP,0.008355396975889,0.009038910667911243,9.0,160.68043518066406
2023-09-01,2023-08-31,VRTX,0.0078225251668951,0.008778117986118822,4.0,351.1000061035156
2023-09-01,2023-08-31,BKNG,0.0071559605983739,0.0076449558405160935,10.0,122.31068420410156
2023-09-01,2023-08-31,DECK,0.0066400439279249,0.006659843551501614,12.0,88.79166412353516
2023-09-01,2023-08-31,CARR,0.0061513139755448,0.006280739625084553,18.0,55.824867248535156
2023-09-01,2023-08-31,ABT,0.000583932090353,0.0006082376378484932,1.0,97.31117248535156
2023-09-01,2023-08-31,TMUS,0.0005358583275441,0.0008253108118505354,1.0,132.04043579101562
2023-09-01,2023-08-31,TM,0.0001435999753305,0.0010195071620815663,1.0,163.1096649169922
2023-09-01,2023-08-31,MCK,0.0001362811401245,0.002548872864449822,1.0,407.79095458984375
2023-09-01,2023-08-31,HUBB,0.0001353001449441,0.0019878361767845356,1.0,318.0314025878906
2023-10-02,2023-09-29,FANG,0.072,0.07200302098627379,80.0,135.30865478515625
2023-10-02,2023-09-29,UNH,0.0510845619443577,0.048788326407375314,15.0,488.97821044921875
2023-10-02,2023-09-29,EXE,0.0439624399518726,0.04372179109200529,85.0,77.32926177978516
2023-10-02,2023-09-29,DHR,0.0436499003657417,0.043419485693592386,31.0,210.5657958984375
2023-10-02,2023-09-29,GOOGL,0.0402336124284544,0.03983166374516448,45.0,133.0701904296875
2023-10-02,2023-09-29,DINO,0.0385588780349843,0.03847275723261944,115.0,50.29447937011719
2023-10-02,2023-09-29,CSCO,0.0378531993143394,0.03757624092507263,112.0,50.43826675415039
2023-10-02,2023-09-29,MELI,0.0372480355130188,0.041886329844046236,5.0,1259.4100341796875
2023-10-02,2023-09-29,OC,0.0335110176196468,0.03398603662798832,40.0,127.7336654663086
2023-10-02,2023-09-29,TMUS,0.0324211365888364,0.03206309516588524,36.0,133.89605712890625
2023-10-02,2023-09-29,RS,0.027335372483964,0.026610412262586185,16.0,250.03250122070312
2023-10-02,2023-09-29,EQT,0.0265424061222716,0.026504811400322095,106.0,37.59098434448242
2023-10-02,2023-09-29,AMZN,0.0264913167604681,0.026695156663128505,31.0,129.4600067138672
2023-10-02,2023-09-29,STLD,0.0246061985693183,0.02524984144524848,37.0,102.59395599365234
2023-10-02,2023-09-29,AJG,0.0209616405257089,0.02047118625087071,14.0,219.82638549804688
2023-10-02,2023-09-29,WSM,0.0186954009376275,0.019138995446095375,39.0,73.77672576904297
2023-10-02,2023-09-29,ORLY,0.0135886499358004,0.013947232067993955,35.0,59.90800094604492
2023-10-02,2023-09-29,DTM,0.0112562329035882,0.010982064375684681,35.0,47.1716194152832
2023-11-01,2023-10-31,CSCO,0.1176772613646535,0.11786933174253246,364.0,48.747657775878906
2023-11-01,2023-10-31,STLD,0.1019704229971406,0.10203574607996674,146.0,105.20922088623047
2023-11-01,2023-10-31,COST,0.0684774831836051,0.06764331852268869,19.0,535.95166015625
2023-11-01,2023-10-31,PG,0.0636415827310958,0.06331110287486308,68.0,140.16038513183594
2023-11-01,2023-10-31,MSFT,0.0631839051222806,0.06314944412667206,28.0,339.5203552246094
2023-11-01,2023-10-31,FLEX,0.0567806104068017,0.056911008631608605,441.0,19.42728042602539
2023-11-01,2023-10-31,ABT,0.0525507728154516,0.05223843074707877,87.0,90.39099884033203
2023-11-01,2023-10-31,INTU,0.051377705171116,0.051090215203099094,16.0,480.6977233886719
2023-11-01,2023-10-31,ORLY,0.04356868861184,0.04355347130413036,104.0,63.04399871826172
2023-11-01,2023-10-31,CHRD,0.0323636232474229,0.03233903254269474,34.0,143.18661499023438
2023-11-01,2023-10-31,AM,0.0303915017052261,0.03042511853623785,417.0,10.983747482299805
2023-11-01,2023-10-31,PGR,0.0266928464251793,0.026197529428128703,27.0,146.06658935546875
2023-11-01,2023-10-31,EG,0.0262307181675006,0.02563226203000872,10.0,385.8702087402344
2023-11-01,2023-10-31,DECK,0.0243697291880502,0.02433144920277597,37.0,98.99666595458984
2023-11-01,2023-10-31,UNH,0.0217108211578694,0.02348949493585855,7.0,505.1611633300781
2023-11-01,2023-10-31,EXE,0.0182428043174338,0.018681568342959635,35.0,80.3525390625
2023-11-01,2023-10-31,FANG,0.0180087823962581,0.01812468806301497,19.0,143.60556030273438
2023-11-01,2023-10-31,HII,0.017924269388182,0.016709280124249888,12.0,209.61907958984375
2023-11-01,2023-10-31,BR,0.0151962802184716,0.015217695631739765,14.0,163.63461303710938
2023-11-01,2023-10-31,DINO,0.0151102838747853,0.01519656353206245,46.0,49.73268127441406
2023-11-01,2023-10-31,CBOE,0.0149824112431504,0.013978628408483686,13.0,161.8734130859375
2023-11-01,2023-10-31,MELI,0.0149005027484543,0.017271194540120098,2.0,1300.010009765625
2023-11-01,2023-10-31,TMUS,0.0135819099494795,0.01389620383382449,15.0,139.46307373046875
2023-11-01,2023-10-31,AMZN,0.0113029712497536,0.011830677165901025,13.0,137.0
2023-11-01,2023-10-31,EQT,0.0112697647367605,0.011461571848687954,42.0,41.0817756652832
2023-11-01,2023-10-31,RS,0.0107942708968242,0.011717931211916261,7.0,252.00387573242188
2023-11-01,2023-10-31,AJG,0.0088274601620781,0.009244513847869031,6.0,231.94613647460938
2023-11-01,2023-10-31,WSM,0.0073505924151741,0.00764670914814575,16.0,71.94637298583984
2023-11-01,2023-10-31,DTM,0.0046973865015923,0.005036985276280555,15.0,50.55146408081055
2023-12-01,2023-11-30,MSFT,0.0983903250593281,0.0981546554482152,42.0,368.1678161621094
2023-12-01,2023-11-30,COST,0.0910517678956805,0.09124455470367182,25.0,574.9779052734375
2023-12-01,2023-11-30,PG,0.080553400007557,0.0798892588746591,88.0,143.0177459716797
2023-12-01,2023-11-30,AAPL,0.0543372661611896,0.04921415516398155,41.0,189.09950256347656
2023-12-01,2023-11-30,PANW,0.051437174875301,0.0507581707052252,54.0,148.0800018310547
2023-12-01,2023-11-30,GOOG,0.048388820461481,0.04784483527911546,57.0,132.23439025878906
2023-12-01,2023-11-30,DECK,0.0477570641117884,0.04783404248000561,66.0,114.17666625976562
2023-12-01,2023-11-30,MELI,0.0437990928984144,0.04194579758966934,4.0,1652.010009765625
2023-12-01,2023-11-30,CBOE,0.0406049182704679,0.04036877174897559,36.0,176.65553283691406
2023-12-01,2023-11-30,ORCL,0.0396578649274578,0.039043720946897224,54.0,113.90470123291016
2023-12-01,2023-11-30,MCK,0.0383838321659154,0.03797145249553955,13.0,460.1485595703125
2023-12-01,2023-11-30,COR,0.0363779031742602,0.03553651278857115,28.0,199.9405975341797
2023-12-01,2023-11-30,FICO,0.036155736184775,0.035791772962720465,5.0,1127.7099609375
2023-12-01,2023-11-30,NOW,0.031798875489205,0.03157143662536254,36.0,138.1580047607422
2023-12-01,2023-11-30,EXPE,0.0303719340874225,0.02976077921372714,34.0,137.8953399658203
2023-12-01,2023-11-30,STLD,0.0281264388953124,0.028609061129539284,39.0,115.56417083740234
2023-12-01,2023-11-30,BAC,0.0276842912543704,0.027752208234576865,149.0,29.342390060424805
2023-12-01,2023-11-30,CSCO,0.0268638597803806,0.027013641164395412,94.0,45.27302169799805
2023-12-01,2023-11-30,CTAS,0.0247153427880439,0.024284958550679085,28.0,136.635498046875
2023-12-01,2023-11-30,INTU,0.014661790863027,0.017912321360547503,5.0,564.372802734375
2023-12-01,2023-11-30,ABT,0.0142081900485273,0.01456773845297147,23.0,99.7811508178711
2023-12-01,2023-11-30,FLEX,0.0138626551062916,0.013918807664751766,112.0,19.57799530029297
2023-12-01,2023-11-30,ORLY,0.0112891611378867,0.011618203917239283,28.0,65.36799621582031
2023-12-01,2023-11-30,AM,0.0079904243850976,0.008044552120236897,109.0,11.62678337097168
2023-12-01,2023-11-30,CHRD,0.0078738486932416,0.008137357332249861,9.0,142.437744140625
2023-12-01,2023-11-30,PGR,0.0067812705088856,0.007549932442486956,8.0,148.67477416992188
2023-12-01,2023-11-30,EG,0.0066646539506773,0.007475398405697519,3.0,392.5520935058594
2023-12-01,2023-11-30,UNH,0.0055671894860417,0.00662344925376818,2.0,521.7211303710938
2023-12-01,2023-11-30,HII,0.0047405604594141,0.00578129497213995,4.0,227.6928253173828
2023-12-01,2023-11-30,FANG,0.0043135654160981,0.004506270884617402,5.0,141.98141479492188
2023-12-01,2023-11-30,BR,0.0042416068868897,0.004760742827703378,4.0,187.49899291992188
2023-12-01,2023-11-30,DINO,0.0035491341906709,0.003721644394771405,12.0,48.85824203491211
2023-12-01,2023-11-30,TMUS,0.0034889141920966,0.0037330712268796,4.0,147.02476501464844
2023-12-01,2023-11-30,AMZN,0.0030312114949662,0.0037332041161667576,4.0,147.02999877929688
2023-12-01,2023-11-30,RS,0.0028962661602728,0.003417655985500423,2.0,269.20465087890625
2023-12-01,2023-11-30,EQT,0.002623910587682,0.002712074164847868,11.0,38.84123992919922
2023-12-01,2023-11-30,AJG,0.0022932267393939,0.003084214099230511,2.0,242.93983459472656
2023-12-01,2023-11-30,WSM,0.0022627206628644,0.0023924945587043282,4.0,94.22695922851562
2023-12-01,2023-11-30,DTM,0.0012037905416222,0.001332942992235936,4.0,52.49715805053711
2024-01-02,2023-12-29,COST,0.1422988313834833,0.14147071474567108,35.0,641.705078125
2024-01-02,2023-12-29,GOOGL,0.1044681115992064,0.09408677549124765,109.0,137.03738403320312
2024-01-02,2023-12-29,INTU,0.0969588209071413,0.09716568211817198,26.0,593.302978515625
2024-01-02,2023-12-29,PANW,0.0921722390616455,0.09190349590102605,101.0,144.4600067138672
2024-01-02,2023-12-29,EXPE,0.077055236717894,0.07698295507314866,83.0,147.24937438964844
2024-01-02,2023-12-29,MSFT,0.0734569896888964,0.07578461716470804,33.0,364.5894470214844
2024-01-02,2023-12-29,DKS,0.0456407843878353,0.04548888906199141,52.0,138.8797607421875
2024-01-02,2023-12-29,FICO,0.0426432374654627,0.03562518136273501,5.0,1131.1600341796875
2024-01-02,2023-12-29,BLD,0.0421146136900429,0.041849601457794525,18.0,369.1099853515625
2024-01-02,2023-12-29,COR,0.0376200082095215,0.03731897077503435,29.0,204.3001251220703
2024-01-02,2023-12-29,AAPL,0.0371758838461715,0.03815576566445635,33.0,183.5621795654297
2024-01-02,2023-12-29,BAC,0.0370794311600532,0.03703465955252298,183.0,32.128780364990234
2024-01-02,2023-12-29,SSD,0.0370238332665618,0.03600442872396748,30.0,190.53363037109375
2024-01-02,2023-12-29,CTAS,0.0351215276502688,0.03467664352159135,38.0,144.87399291992188
2024-01-02,2023-12-29,PTC,0.0311722159378678,0.03080320298509569,29.0,168.6300048828125
2024-01-02,2023-12-29,VST,0.0180536462385672,0.017919892433732917,76.0,37.43335723876953
2024-01-02,2023-12-29,MPWR,0.0142389454044764,0.011219944719461309,3.0,593.7538452148438
2024-01-02,2023-12-29,PG,0.0061060762289391,0.00614403254133786,7.0,139.3453369140625
2024-01-02,2023-12-29,GOOG,0.0040236314550232,0.00435956367633258,5.0,138.42355346679688
2024-01-02,2023-12-29,DECK,0.0037941696099075,0.004245316206500966,6.0,112.33000183105469
2024-01-02,2023-12-29,MELI,0.0033771761531504,0.009631988737969095,1.0,1529.1600341796875
2024-01-02,2023-12-29,CBOE,0.003156017717684,0.0033000457340405555,3.0,174.6367645263672
2024-01-02,2023-12-29,MCK,0.0029851480542236,0.005906248836296678,2.0,468.8335876464844
2024-01-02,2023-12-29,CSCO,0.0022309489221926,0.0023773701324220184,8.0,47.178462982177734
2024-01-02,2023-12-29,STLD,0.0022009075758678,0.0029014722162344388,4.0,115.15834045410156
2024-01-02,2023-12-29,FLEX,0.001294638258891,0.001438251217975314,10.0,22.833459854125977
2024-01-02,2023-12-29,ABT,0.0011861042264879,0.001316585225753394,2.0,104.5095443725586
2024-01-02,2023-12-29,ORLY,0.0008640620701111,0.001190462319664872,3.0,62.9986686706543
2024-01-02,2023-12-29,CHRD,0.0006502381873352,0.0009322103207091099,1.0,147.99630737304688
2024-01-02,2023-12-29,AM,0.0006010340218436,0.0006216820687601939,9.0,10.966367721557617
2024-01-02,2023-12-29,PGR,0.0005242079653266,0.0009316994789808719,1.0,147.9152069091797
2024-01-02,2023-12-29,UNH,0.0004231590516645,0.0032392894002312863,1.0,514.2647094726562
2024-01-02,2023-12-29,HII,0.0004114401237923,0.001562586802750889,1.0,248.0739288330078
2024-01-02,2023-12-29,BR,0.0003574745287203,0.0012131922055430091,1.0,192.6045684814453
2024-01-02,2023-12-29,FANG,0.0003475858687275,0.0009102073150342149,1.0,144.50314331054688
2024-01-02,2023-12-29,DINO,0.0003002801428309,0.00031794620967409536,1.0,50.476661682128906
2024-01-02,2023-12-29,TMUS,0.0002955684890433,0.0009848496053227287,1.0,156.35324096679688
2024-01-02,2023-12-29,AMZN,0.0002498467733122,0.0009443903637670004,1.0,149.92999267578125
2024-01-02,2023-12-29,RS,0.0002319687481074,0.0017110070372014735,1.0,271.63690185546875
2024-01-02,2023-12-29,DTM,9.395921172004126e-05,0.0003212198257162,1.0,50.996376037597656
2024-02-01,2024-01-31,MSFT,0.1554213647049494,0.15328674107848647,65.0,396.942138671875
2024-02-01,2024-01-31,PANW,0.1385776436503715,0.13835510792295735,137.0,169.98500061035156
2024-02-01,2024-01-31,COST,0.088983504452546,0.09094554936224108,22.0,695.8165283203125
2024-02-01,2024-01-31,PTC,0.08,0.07993697628044319,75.0,179.39999389648438
2024-02-01,2024-01-31,GOOG,0.0760296211214391,0.07568503355731827,90.0,141.54791259765625
2024-02-01,2024-01-31,PG,0.0731012216540585,0.07310804348930369,82.0,150.06771850585938
2024-02-01,2024-01-31,AAPL,0.0603718402832737,0.060374661464453465,55.0,184.76852416992188
2024-02-01,2024-01-31,NOW,0.0440746845340503,0.043973358012427806,48.0,154.1999969482422
2024-02-01,2024-01-31,FDS,0.04,0.039269071683405585,14.0,472.126708984375
2024-02-01,2024-01-31,FICO,0.037706954460545,0.03692874682138302,5.0,1243.1700439453125
2024-02-01,2024-01-31,COR,0.0356986673664482,0.035852409934441096,26.0,232.10311889648438
2024-02-01,2024-01-31,ORLY,0.0355820257273024,0.03548417491594323,86.0,69.44999694824219
2024-02-01,2024-01-31,ORCL,0.0347868404309786,0.03483405188010681,52.0,112.75521087646484
2024-02-01,2024-01-31,DKS,0.0285904158308078,0.029317476998838826,34.0,145.1388397216797
2024-02-01,2024-01-31,VST,0.026903939634876,0.02678750227718135,106.0,42.536556243896484
2024-02-01,2024-01-31,BAC,0.0249974013493091,0.02512480436402356,133.0,31.79706382751465
2024-02-01,2024-01-31,CTAS,0.0191738747990437,0.019755433210699707,22.0,151.14710998535156
2024-03-01,2024-02-29,MSFT,0.1136389234961216,0.11599947281478161,48.0,409.21905517578125
2024-03-01,2024-02-29,CSCO,0.0810979525930244,0.08125385316038251,302.0,45.559410095214844
2024-03-01,2024-02-29,TMUS,0.0810979525930244,0.06921861818423466,74.0,158.3916473388672
2024-03-01,2024-02-29,ORLY,0.0716714836051684,0.0717937739642596,168.0,72.36333465576172
2024-03-01,2024-02-29,COST,0.0681743257549774,0.06994260239935698,16.0,740.2235107421875
2024-03-01,2024-02-29,DKS,0.0673563818899119,0.06719592797088758,66.0,172.401123046875
2024-03-01,2024-02-29,PG,0.0559332304753075,0.05660111469816852,64.0,149.7566375732422
2024-03-01,2024-02-29,AMZN,0.0528972264013155,0.05262418421639259,50.0,178.22000122070312
2024-03-01,2024-02-29,FANG,0.0415423810459787,0.04126324899739136,41.0,170.42002868652344
2024-03-01,2024-02-29,HII,0.0383766183410153,0.03805759086032488,23.0,280.19122314453125
2024-03-01,2024-02-29,DIS,0.0361521388757226,0.03564101235696656,55.0,109.73076629638672
2024-03-01,2024-02-29,MPWR,0.0331993039110235,0.030224105907044593,7.0,731.1331787109375
2024-03-01,2024-02-29,RSG,0.0297117306171282,0.02962644306204121,28.0,179.1688690185547
2024-03-01,2024-02-29,PANW,0.0260950683451931,0.026787486606743394,30.0,151.1999969482422
2024-03-01,2024-02-29,RBA,0.025667025402854,0.025429996401442542,57.0,75.54618072509766
2024-03-01,2024-02-29,VRTX,0.0254875761620483,0.023001097618075565,9.0,432.760009765625
2024-03-01,2024-02-29,USFD,0.0199964469533081,0.020016973453400016,67.0,50.59000015258789
2024-03-01,2024-02-29,APH,0.0192513153857174,0.01928055787362944,60.0,54.41384506225586
2024-03-01,2024-02-29,PTC,0.0189406242400392,0.019958803331943668,18.0,187.75999450683594
2024-03-01,2024-02-29,GOOG,0.0169858543433638,0.017793498553704833,22.0,136.95558166503906
2024-03-01,2024-02-29,AAPL,0.0135641991705404,0.01365586475555877,13.0,177.87582397460938
2024-03-01,2024-02-29,NOW,0.0101728826100442,0.010964869525875734,12.0,154.7259979248047
2024-03-01,2024-02-29,FICO,0.0091596078732466,0.015297686087012255,2.0,1295.199951171875
2024-03-01,2024-02-29,FDS,0.0089369927248875,0.010640117603205898,4.0,450.4302062988281
2024-03-01,2024-02-29,COR,0.0083715302296618,0.009619941414114565,7.0,232.71022033691406
2024-03-01,2024-02-29,VST,0.0082021559295058,0.008228196589754376,26.0,53.58859634399414
2024-03-01,2024-02-29,ORCL,0.007911751694095,0.008525307563274803,13.0,111.0472412109375
2024-03-01,2024-02-29,BAC,0.0058907541659472,0.006001924163871653,31.0,32.78459930419922
2024-03-01,2024-02-29,CTAS,0.004516565169827,0.0045513559790985895,5.0,154.13876342773438
2024-04-01,2024-03-28,MSFT,0.1728685189934609,0.1728552492635176,72.0,418.15191650390625
2024-04-01,2024-03-28,PG,0.0917717331941055,0.09126317104622528,105.0,151.38758850097656
2024-04-01,2024-03-28,FANG,0.087248159994571,0.08680996131925126,81.0,186.6674346923828
2024-04-01,2024-03-28,TMUS,0.0859435418007947,0.08602151278176506,95.0,157.71299743652344
2024-04-01,2024-03-28,ORLY,0.0791039636574615,0.07917021843225037,183.0,75.35199737548828
2024-04-01,2024-03-28,GOOGL,0.0743359559435476,0.05755156692212239,65.0,154.21542358398438
2024-04-01,2024-03-28,AMZN,0.0707365934233441,0.07065314308626071,68.0,180.97000122070312
2024-04-01,2024-03-28,APH,0.0439119782499701,0.04381830782017773,136.0,56.1178092956543
2024-04-01,2024-03-28,CTAS,0.0435716978925728,0.043130596093292825,45.0,166.9386749267578
2024-04-01,2024-03-28,CRH,0.0367170014105239,0.03652336129560242,77.0,82.61597442626953
2024-04-01,2024-03-28,FAST,0.0317947289180579,0.0318380498146199,152.0,36.48269271850586
2024-04-01,2024-03-28,WSM,0.0309482194250662,0.030582331280745795,35.0,152.19015502929688
2024-04-01,2024-03-28,BLD,0.0298323904642111,0.027684053941021396,11.0,438.3500061035156
2024-04-01,2024-03-28,MLM,0.0296068366099371,0.0274557250899477,8.0,597.7601318359375
2024-04-01,2024-03-28,DTM,0.0281580719289185,0.027986125910840008,85.0,57.34662628173828
2024-04-01,2024-03-28,EXP,0.0272386431266588,0.02610243452827377,17.0,267.4336853027344
2024-04-01,2024-03-28,CPRT,0.024143358741012,0.02400492231604411,72.0,58.06999969482422
2024-04-01,2024-03-28,DKS,0.0018152871605859,0.002435470891675168,2.0,212.0981903076172
2024-04-01,2024-03-28,CSCO,0.0018087472566606,0.001893058526413478,7.0,47.10315704345703
2024-04-01,2024-03-28,COST,0.0014470403256702,0.004089986049834914,1.0,712.370361328125
2024-04-01,2024-03-28,DIS,0.0008504467952427,0.0013678351587747097,2.0,119.120849609375
2024-04-01,2024-03-28,HII,0.0008276869829629,0.0015819505651071975,1.0,275.53509521484375
2024-04-01,2024-03-28,RSG,0.0006671730420598,0.0010663296084219224,1.0,185.72718811035156
2024-04-01,2024-03-28,MPWR,0.0006657002350124,0.003779977680814659,1.0,658.3748779296875
2024-04-01,2024-03-28,RBA,0.0005538753289546,0.0008672519358653557,2.0,75.5264892578125
2024-04-01,2024-03-28,VRTX,0.0005438229115955,0.0024141338165196012,1.0,420.4800109863281
2024-04-01,2024-03-28,USFD,0.0004541279247488,0.0006221354998966648,2.0,54.18000030517578
2024-04-01,2024-03-28,PTC,0.0004203092803465,0.0010800676129897437,1.0,188.1199951171875
2024-04-01,2024-03-28,GOOG,0.0003967431758895,0.0008912085313128747,1.0,155.22560119628906
2024-04-01,2024-03-28,AAPL,0.0002777589273321,0.0009665114389958886,1.0,168.3414306640625
2024-04-01,2024-03-28,VST,0.0002274600099332,0.00040520709443991925,1.0,70.57665252685547
2024-04-01,2024-03-28,NOW,0.0002162197601256,0.0008823001824145966,1.0,153.6739959716797
2024-04-01,2024-03-28,FICO,0.000194103776424,0.007201809704429425,1.0,1254.3699951171875
2024-04-01,2024-03-28,ORCL,0.0001910118578276,0.0007031247228651159,1.0,122.46623992919922
2024-04-01,2024-03-28,FDS,0.000188013096103,0.0024827172223159557,1.0,432.42547607421875
2024-04-01,2024-03-28,COR,0.0001840663083986,0.0013697283340367101,1.0,238.57144165039062
2024-04-01,2024-03-28,BAC,0.0001390120699112,0.0002055994247967589,1.0,35.81013107299805
2024-05-01,2024-04-30,GOOGL,0.1306206793161408,0.13055616102034504,135.0,162.5167999267578
2024-05-01,2024-04-30,COST,0.0998123563597429,0.08503298094836484,20.0,714.4832763671875
2024-05-01,2024-04-30,TMUS,0.0816816492399185,0.08209997701975812,86.0,160.4276580810547
2024-05-01,2024-04-30,AMZN,0.0718064357989706,0.07243146749117038,68.0,179.0
2024-05-01,2024-04-30,AAPL,0.0699926230547836,0.06982095814170358,70.0,167.61868286132812
2024-05-01,2024-04-30,FANG,0.0631547634402698,0.06331493514518743,58.0,183.44793701171875
2024-05-01,2024-04-30,APH,0.0558615889686453,0.05587088335670745,160.0,58.681365966796875
2024-05-01,2024-04-30,CMG,0.0540557574859025,0.05416361195173684,145.0,62.77320098876953
2024-05-01,2024-04-30,INTU,0.0482590197575513,0.04690261309620714,13.0,606.3010864257812
2024-05-01,2024-04-30,CMS,0.035664665770309,0.0354811455985838,105.0,56.786224365234375
2024-05-01,2024-04-30,TSCO,0.035664665770309,0.03559404030258096,114.0,52.469520568847656
2024-05-01,2024-04-30,UAL,0.0354736814819637,0.03527784850827638,117.0,50.66999816894531
2024-05-01,2024-04-30,DAL,0.0334870299626805,0.033363858354653594,115.0,48.75431823730469
2024-05-01,2024-04-30,MRK,0.0322632018651374,0.03232305282867531,45.0,120.70757293701172
2024-05-01,2024-04-30,BSX,0.0298438096634474,0.029649117473257085,69.0,72.20999908447266
2024-05-01,2024-04-30,PANW,0.0295658610112073,0.029067678217403546,34.0,143.6699981689453
2024-05-01,2024-04-30,TT,0.0284930153569966,0.027648217960396734,15.0,309.74945068359375
2024-05-01,2024-04-30,MSFT,0.0270662179824912,0.027775540860624077,12.0,388.9698486328125
2024-05-01,2024-04-30,PG,0.0157607644994313,0.016606722836671337,18.0,155.04083251953125
2024-05-01,2024-04-30,CTAS,0.0070553854244682,0.0077492295539067,8.0,162.7808074951172
2024-05-01,2024-04-30,DTM,0.004834028049748,0.005154721123181924,15.0,57.74954605102539
2024-05-01,2024-04-30,MLM,0.0047832911263797,0.006954533502003212,2.0,584.3494873046875
2024-05-01,2024-04-30,CPRT,0.0038108523614632,0.0038874488899932618,12.0,54.439998626708984
2024-05-01,2024-04-30,CSCO,0.0002881847943481,0.0005290280505791938,2.0,44.45118713378906
2024-05-01,2024-04-30,RSG,0.000111059443085,0.0010829014984691165,1.0,181.97998046875
2024-05-01,2024-04-30,MPWR,0.0001094725296263,0.0038246403234183353,1.0,642.72509765625
2024-05-01,2024-04-30,RBA,8.818984943700502e-05,0.00041809194600420866,1.0,70.25972747802734
2024-05-01,2024-04-30,VRTX,8.59035843353116e-05,0.0023929996219115247,1.0,402.1400146484375
2024-05-01,2024-04-30,GOOG,7.341681170039394e-05,0.0009772282019796653,1.0,164.22174072265625
2024-05-01,2024-04-30,USFD,7.179662101538387e-05,0.0003015795920602074,1.0,50.68000030517578
2024-05-01,2024-04-30,PTC,6.65893203038011e-05,0.0010411280018526473,1.0,174.9600067138672
2024-05-01,2024-04-30,VST,4.157149877812157e-05,0.00045127218469828424,1.0,75.83561706542969
2024-05-01,2024-04-30,COR,2.9421329812562936e-05,0.0013390356002208914,1.0,225.02293395996094
2024-05-01,2024-04-30,BAC,2.305046959918375e-05,0.0002098567026834168,1.0,35.26610565185547
2024-06-03,2024-05-31,AAPL,0.2196843606430702,0.1973837005288321,179.0,192.36366271972656
2024-06-03,2024-05-31,CMG,0.0968242693806984,0.09699527778887303,275.0,61.52939987182617
2024-06-03,2024-05-31,COST,0.0922970481699771,0.09248113652074741,20.0,806.6552124023438
2024-06-03,2024-05-31,GOOG,0.0873010625422105,0.08726964091593357,88.0,172.9996795654297
2024-06-03,2024-05-31,TMUS,0.0701871082613888,0.07048907438735474,73.0,168.44717407226562
2024-06-03,2024-05-31,APH,0.0469749603255198,0.047205627610637,127.0,64.84176635742188
2024-06-03,2024-05-31,ETR,0.0399514128400718,0.039925879365729375,132.0,52.76492691040039
2024-06-03,2024-05-31,TT,0.0398249289269868,0.039871853035636014,22.0,316.1611633300781
2024-06-03,2024-05-31,CHRD,0.0364514430675803,0.03604020206487732,39.0,161.2082977294922
2024-06-03,2024-05-31,DKS,0.0364514430675803,0.03533848211721228,29.0,212.5762176513672
2024-06-03,2024-05-31,THC,0.0351910477617279,0.03525266719590058,46.0,133.69000244140625
2024-06-03,2024-05-31,CMS,0.0344545820995145,0.034805495971673275,103.0,58.948856353759766
2024-06-03,2024-05-31,NRG,0.026167864972592,0.026156868431787675,60.0,76.05001068115234
2024-06-03,2024-05-31,BAC,0.0240840273272839,0.024000822622614312,110.0,38.06258010864258
2024-06-03,2024-05-31,FSLR,0.0238231450111399,0.02345003349360087,15.0,272.7200012207031
2024-06-03,2024-05-31,CW,0.0217387825655459,0.020894111486608784,13.0,280.37890625
2024-06-03,2024-05-31,DECK,0.0191268187651666,0.018685907121476494,18.0,181.09500122070312
2024-06-03,2024-05-31,GOOGL,0.0116573873221146,0.011814475461162093,12.0,171.75048828125
2024-06-03,2024-05-31,AMZN,0.0059700279454561,0.006133879244137691,6.0,178.33999633789062
2024-06-03,2024-05-31,FANG,0.005298837437935,0.006199789230853074,6.0,180.2563018798828
2024-06-03,2024-05-31,INTU,0.0037763612438595,0.0064089773098328735,2.0,559.0150756835938
2024-06-03,2024-05-31,UAL,0.0031378629929161,0.003324323769829777,11.0,52.720001220703125
2024-06-03,2024-05-31,TSCO,0.0031190428039101,0.003277210088995658,11.0,51.97283172607422
2024-06-03,2024-05-31,DAL,0.002931624007551,0.003127533841464026,11.0,49.59913635253906
2024-06-03,2024-05-31,MRK,0.0026813089370743,0.0027596024986373145,4.0,120.35144805908203
2024-06-03,2024-05-31,BSX,0.002669061263361,0.003029564546273364,7.0,75.5
2024-06-03,2024-05-31,PANW,0.0025782061246948,0.0033761445633694242,4.0,147.24000549316406
2024-06-03,2024-05-31,MSFT,0.0024388679817385,0.004677665315634318,2.0,408.0035400390625
2024-06-03,2024-05-31,PG,0.0013447446067653,0.001791104908007038,2.0,156.22689819335938
2024-06-03,2024-05-31,CTAS,0.0006232115198261,0.0009503927727214646,1.0,165.7936553955078
2024-06-03,2024-05-31,DTM,0.0004465639309377,0.0007182703936790354,2.0,62.65024185180664
2024-06-03,2024-05-31,MLM,0.0003963532274434,0.0031982321560620197,1.0,557.9236450195312
2024-06-03,2024-05-31,CPRT,0.0003166406150367,0.0006036199734495411,2.0,52.650001525878906
2024-06-03,2024-05-31,CSCO,2.4501579384053715e-05,0.0005075552769377948,2.0,44.270877838134766
2024-06-03,2024-05-31,MPWR,1.0538169941461024e-05,0.004131487870399967,1.0,720.727783203125
2024-06-03,2024-05-31,RSG,9.283439533340983e-06,0.0010393651581821245,1.0,181.31466674804688
2024-06-03,2024-05-31,VRTX,8.456238321233531e-06,0.002695251913297288,1.0,470.17999267578125
2024-06-03,2024-05-31,RBA,7.673502487156599e-06,0.0004031807414725453,1.0,70.33387756347656
2024-06-03,2024-05-31,USFD,6.366056681404267e-06,0.0003039309624034784,1.0,53.02000045776367
2024-06-03,2024-05-31,PTC,5.652957223674117e-06,0.0009980652507109837,1.0,174.11000061035156
2024-06-03,2024-05-31,VST,4.66277097375427e-06,0.0005274203693013056,1.0,92.00717163085938
2024-06-03,2024-05-31,COR,2.457596777562514e-06,0.001300249037176476,1.0,226.82521057128906
2024-07-01,2024-06-28,AAPL,0.1426180860156169,0.14353667418074048,119.0,214.88853454589844
2024-07-01,2024-06-28,CMG,0.1252272982178139,0.12524737393334334,361.0,61.810001373291016
2024-07-01,2024-06-28,GOOG,0.1167987460579092,0.11619752691159552,113.0,183.19590759277344
2024-07-01,2024-06-28,ETR,0.08,0.07984873906480039,285.0,49.913787841796875
2024-07-01,2024-06-28,TMUS,0.0798848640153942,0.07924131367701515,81.0,174.28659057617188
2024-07-01,2024-06-28,ORCL,0.064510811345443,0.06448622855422827,82.0,140.10397338867188
2024-07-01,2024-06-28,WMT,0.0490554365006169,0.049079345820627875,132.0,66.24028015136719
2024-07-01,2024-06-28,AMZN,0.0487585047315173,0.04870373345811691,44.0,197.1999969482422
2024-07-01,2024-06-28,FANG,0.0486659701116222,0.048634513064269885,45.0,192.54373168945312
2024-07-01,2024-06-28,APH,0.0456481956218485,0.045948027025173685,123.0,66.55168914794922
2024-07-01,2024-06-28,THC,0.0455086730397354,0.044893563888084034,60.0,133.3000030517578
2024-07-01,2024-06-28,TT,0.0407720004401627,0.03912836926279453,22.0,316.8592529296875
2024-07-01,2024-06-28,NRG,0.0300058710854502,0.02969443603612702,70.0,75.5743408203125
2024-07-01,2024-06-28,MCK,0.0265771176071309,0.026133748555629704,8.0,581.9813232421875
2024-07-01,2024-06-28,UTHR,0.0199333991743356,0.0196969811441911,11.0,319.010009765625
2024-07-01,2024-06-28,TRGP,0.018668749898916,0.018369506956825293,26.0,125.86978149414062
2024-07-01,2024-06-28,NTAP,0.0173662761364864,0.016886000686876058,24.0,125.34669494628906
2024-08-01,2024-07-31,AAPL,0.0773388585362685,0.0775275878393477,63.0,216.48472595214844
2024-08-01,2024-07-31,ETR,0.0741039574182037,0.0745652303131551,230.0,57.03219223022461
2024-08-01,2024-07-31,WMT,0.0507887033240607,0.05101523675938371,131.0,68.50782012939453
2024-08-01,2024-07-31,UNH,0.0505242827919384,0.050079500638394635,16.0,550.6194458007812
2024-08-01,2024-07-31,TMUS,0.0386155845343075,0.03932720393374674,38.0,182.06271362304688
2024-08-01,2024-07-31,MCK,0.0333565359952157,0.03194503362919138,9.0,624.4136352539062
2024-08-01,2024-07-31,HD,0.028655119671695,0.02734658269407343,14.0,343.6264343261719
2024-08-01,2024-07-31,CW,0.025500470451706,0.024707509057591597,15.0,289.7672119140625
2024-08-01,2024-07-31,ALSN,0.0206906125143697,0.02043525757408983,42.0,85.59381103515625
2024-08-01,2024-07-31,NOW,0.0206906125143697,0.020293896429119256,22.0,162.2760009765625
2024-08-01,2024-07-31,TPL,0.0206906125143697,0.02007880500971048,13.0,271.71026611328125
2024-08-01,2024-07-31,MPWR,0.0205814352376056,0.017605379109405593,4.0,774.2780151367188
2024-08-01,2024-07-31,BLD,0.0201770952137494,0.018034145519528855,7.0,453.2200012207031
2024-08-01,2024-07-31,CTAS,0.0184068339748287,0.018096507847788136,17.0,187.2653350830078
2024-08-01,2024-07-31,PLTR,0.0181217922384116,0.018086556048405568,122.0,26.079999923706055
2024-08-01,2024-07-31,VRTX,0.0179443570691682,0.017250487131986906,6.0,505.7799987792969
2024-08-01,2024-07-31,ISRG,0.0179237966668923,0.017943421743747908,7.0,450.94000244140625
2024-08-01,2024-07-31,GS,0.0179089815437631,0.016449493843020108,6.0,482.2950744628906
2024-08-01,2024-07-31,GOOG,0.0149757141752293,0.01557451631126135,16.0,171.2403564453125
2024-08-01,2024-07-31,ORCL,0.0087469844372738,0.00921021126916829,12.0,135.0205535888672
2024-08-01,2024-07-31,THC,0.0070195949193758,0.007569129437778066,9.0,147.9499969482422
2024-08-01,2024-07-31,FANG,0.0066774702698911,0.0074550581812300055,7.0,187.35467529296875
2024-08-01,2024-07-31,AMZN,0.0065605492155181,0.007324357461993816,7.0,184.07000732421875
2024-08-01,2024-07-31,APH,0.0059252113682362,0.006264971236040326,18.0,61.22913360595703
2024-08-01,2024-07-31,TT,0.0057086109718465,0.0074730424020183215,4.0,328.66162109375
2024-08-01,2024-07-31,NRG,0.003947846319856,0.004078074288634705,10.0,71.74087524414062
2024-08-01,2024-07-31,UTHR,0.0026985542917365,0.0037266119248456596,2.0,327.7900085449219
2024-08-01,2024-07-31,TRGP,0.0026887640804961,0.002983991457843366,4.0,131.23483276367188
2024-08-01,2024-07-31,NTAP,0.0023419578014015,0.002691693658892154,4.0,118.37968444824219
2024-09-03,2024-08-30,TMUS,0.1925927037606625,0.18781531886935574,171.0,195.79852294921875
2024-09-03,2024-08-30,WMT,0.0980616430917659,0.09801328572662123,230.0,75.9681625366211
2024-09-03,2024-08-30,PG,0.0674358847331947,0.0672823970532665,72.0,166.58790588378906
2024-09-03,2024-08-30,ORCL,0.0565369045260291,0.05609035375679323,73.0,136.9745330810547
2024-09-03,2024-08-30,NOW,0.0523348162049199,0.05157648135504548,55.0,167.1719970703125
2024-09-03,2024-08-30,TPL,0.0481330435500342,0.046854597257349535,31.0,269.44183349609375
2024-09-03,2024-08-30,BKNG,0.0467294967391621,0.04642735602921344,55.0,150.482421875
2024-09-03,2024-08-30,NRG,0.0372489525862783,0.0371154268113286,85.0,77.84129333496094
2024-09-03,2024-08-30,GDDY,0.0338572447701694,0.03310456623347459,37.0,159.5
2024-09-03,2024-08-30,TLN,0.0338572447701694,0.033353206614727925,43.0,138.27499389648438
2024-09-03,2024-08-30,ISRG,0.0302906241634402,0.029830515527926652,11.0,483.44000244140625
2024-09-03,2024-08-30,APH,0.0297887699192836,0.029780517118753187,87.0,61.02214813232422
2024-09-03,2024-08-30,UTHR,0.0290177130750367,0.027675113977922713,14.0,352.3999938964844
2024-09-03,2024-08-30,CTAS,0.028017072908779,0.02761036144097964,25.0,196.88226318359375
2024-09-03,2024-08-30,BAC,0.0249804980199292,0.02499201298460191,114.0,39.08147048950195
2024-09-03,2024-08-30,DKS,0.0244705405181948,0.023770709003739496,19.0,223.02987670898438
2024-09-03,2024-08-30,UBER,0.0241551799257756,0.024196091634185183,60.0,71.88999938964844
2024-09-03,2024-08-30,AAPL,0.0241183154560667,0.024806686426131236,20.0,221.11248779296875
2024-09-03,2024-08-30,ETR,0.0234375488773695,0.023519898461030763,72.0,58.23411178588867
2024-09-03,2024-08-30,HALO,0.0195327621833529,0.01957463532284626,57.0,61.220001220703125
2024-09-03,2024-08-30,UNH,0.0158601459752921,0.016142152902099104,5.0,575.52734375
2024-09-03,2024-08-30,HD,0.0087660165713248,0.009863005487356394,5.0,351.6525573730469
2024-09-03,2024-08-30,CW,0.0083029648059008,0.008467105666299667,5.0,301.8835754394531
2024-09-03,2024-08-30,MPWR,0.0068726685691307,0.009280702568349466,2.0,827.228271484375
2024-09-03,2024-08-30,ALSN,0.0065929900934987,0.006882972627949866,14.0,87.6440658569336
2024-09-03,2024-08-30,PLTR,0.0064295965362615,0.006503562193966458,38.0,30.510000228881836
2024-09-03,2024-08-30,GS,0.0054815473429061,0.007957672033880543,3.0,472.8673095703125
2024-09-03,2024-08-30,VRTX,0.0054518818728231,0.008005342317057868,3.0,475.70001220703125
2024-09-03,2024-08-30,GOOG,0.0043487670160123,0.004417423815355234,5.0,157.49746704101562
2024-09-03,2024-08-30,FANG,0.0019648362174702,0.0020120166527650895,2.0,179.3395538330078
2024-09-03,2024-08-30,AMZN,0.0018817572675615,0.0019773548415317785,2.0,176.25
2024-09-03,2024-08-30,TT,0.0018666556832376,0.001914705531191296,1.0,341.33160400390625
2024-09-03,2024-08-30,TRGP,0.000888181717759,0.0016213997452040063,2.0,144.522216796875
2024-09-03,2024-08-30,NTAP,0.0006950305512066,0.0012895126073442325,2.0,114.93971252441406
2024-10-01,2024-09-30,TMUS,0.22,0.21930117745931407,204.0,201.2371063232422
2024-10-01,2024-09-30,BKNG,0.0855309081955039,0.08490898797852947,98.0,162.19029235839844
2024-10-01,2024-09-30,ORCL,0.0850169993234521,0.08504962861831941,97.0,164.13377380371094
2024-10-01,2024-09-30,PG,0.0687880119558795,0.06882434068011194,78.0,165.17515563964844
2024-10-01,2024-09-30,WMT,0.0647657537071099,0.06496204791339989,152.0,80.00431060791016
2024-10-01,2024-09-30,NOW,0.0627672138706357,0.062075009587280267,67.0,173.43600463867188
2024-10-01,2024-09-30,TPL,0.0618230548101008,0.06135926874691897,38.0,302.2691650390625
2024-10-01,2024-09-30,HD,0.0612464101933098,0.0610952602359976,29.0,394.3726501464844
2024-10-01,2024-09-30,VST,0.0469608253536198,0.04673916025312886,72.0,121.51941680908203
2024-10-01,2024-09-30,CEG,0.0415487834225038,0.04073636206257543,29.0,262.9550476074219
2024-10-01,2024-09-30,TLN,0.04,0.040163291924218296,42.0,179.00999450683594
2024-10-01,2024-09-30,NRG,0.0335303855776647,0.03381626895070697,70.0,90.43257904052734
2024-10-01,2024-09-30,PSN,0.0332651845059171,0.033030567789236846,59.0,104.80000305175781
2024-10-01,2024-09-30,CTAS,0.0222830487495059,0.02252975280320741,21.0,200.8326873779297
2024-10-01,2024-09-30,PEG,0.0209969014200961,0.020817514863210956,45.0,86.59915161132812
2024-10-01,2024-09-30,ISRG,0.0205737770119092,0.020716648852129517,8.0,484.760009765625
2024-10-01,2024-09-30,URI,0.0170129466451942,0.016981005720644714,4.0,794.6953735351562
2024-10-01,2024-09-30,SPGI,0.0138897952575967,0.013525757178646809,5.0,506.39434814453125
2024-11-01,2024-10-31,CEG,0.1023006256919628,0.10200293202389249,78.0,255.5201416015625
2024-11-01,2024-10-31,PG,0.100068307395221,0.09979052108823966,123.0,158.5226287841797
2024-11-01,2024-10-31,WMT,0.0914167887206162,0.0915139638647409,221.0,80.90999603271484
2024-11-01,2024-10-31,ORCL,0.0818013846863971,0.08220632784518027,96.0,167.31739807128906
2024-11-01,2024-10-31,TPL,0.0797518925698244,0.07935902883220627,40.0,387.65325927734375
2024-11-01,2024-10-31,GOOG,0.0631642593860326,0.06325666082758674,72.0,171.66464233398438
2024-11-01,2024-10-31,CSCO,0.0587095951447618,0.05862425883151418,214.0,53.52672576904297
2024-11-01,2024-10-31,PANW,0.0487334694619007,0.048254962774464574,52.0,181.32000732421875
2024-11-01,2024-10-31,COST,0.043476118469243,0.04008718756225559,9.0,870.3023681640625
2024-11-01,2024-10-31,VRTX,0.0395316987989733,0.03857841963782903,16.0,471.1199951171875
2024-11-01,2024-10-31,PFGC,0.0340404368606786,0.03393442588392419,82.0,80.86000061035156
2024-11-01,2024-10-31,DTM,0.0339294589705233,0.0339649221209494,78.0,85.08306121826172
2024-11-01,2024-10-31,UBER,0.0338698475380753,0.033739842569079144,90.0,73.25
2024-11-01,2024-10-31,TMUS,0.0333160518475406,0.03347295373683049,30.0,218.01173400878906
2024-11-01,2024-10-31,PSN,0.0285491576394506,0.028925831733440346,52.0,108.69000244140625
2024-11-01,2024-10-31,EXP,0.026144210666337,0.024841384667955584,17.0,285.518310546875
2024-11-01,2024-10-31,AMP,0.023800397945459,0.022847338522119252,9.0,496.0211486816406
2024-11-01,2024-10-31,WFC,0.0219771725948707,0.02199254099184969,69.0,62.2778205871582
2024-11-01,2024-10-31,BKNG,0.0131682165341064,0.013457654199966113,14.0,187.82284545898438
2024-11-01,2024-10-31,NOW,0.0091283573706616,0.009656581276090172,10.0,188.6820068359375
2024-11-01,2024-10-31,HD,0.0083439148934095,0.00968573423271337,5.0,378.5032653808594
2024-11-01,2024-10-31,TLN,0.0056901595011355,0.0062293193681604315,7.0,173.8800048828125
2024-11-01,2024-10-31,NRG,0.0046488334148264,0.004786838868141689,11.0,85.02824401855469
2024-11-01,2024-10-31,CTAS,0.0031181371682103,0.0041468725489751555,4.0,202.5665740966797
2024-11-01,2024-10-31,PEG,0.0029325676703931,0.0029855038317927,7.0,83.33485412597656
2024-11-01,2024-10-31,ISRG,0.0029237737037618,0.0051828082708740356,2.0,506.3399963378906
2024-11-01,2024-10-31,URI,0.0024037545587395,0.004000033984943653,1.0,781.5751953125
2024-12-02,2024-11-29,WMT,0.1217848208143498,0.12182966029669522,281.0,91.1972427368164
2024-12-02,2024-11-29,PG,0.0906556756655748,0.0910500563594674,111.0,172.5409698486328
2024-12-02,2024-11-29,CSCO,0.0840587715370257,0.08419900241522242,309.0,57.31700134277344
2024-12-02,2024-11-29,MS,0.0650645220947674,0.05814317103969268,97.0,126.08457946777344
2024-12-02,2024-11-29,DIS,0.0649086759242006,0.06471868601568151,118.0,115.3672866821289
2024-12-02,2024-11-29,ORCL,0.0642890526422034,0.06450314512284391,76.0,178.52633666992188
2024-12-02,2024-11-29,EXP,0.0478632255785751,0.04731115296507727,33.0,301.5675354003906
2024-12-02,2024-11-29,MCK,0.044022352094607,0.04408144864886945,15.0,618.1581420898438
2024-12-02,2024-11-29,TLN,0.041887229881804,0.04189290476053002,42.0,209.80999755859375
2024-12-02,2024-11-29,GS,0.0394048551419915,0.039041524424863486,14.0,586.5887451171875
2024-12-02,2024-11-29,APO,0.0371293022810289,0.03701430199044757,46.0,169.2570343017578
2024-12-02,2024-11-29,CRS,0.0332957668426202,0.033171406721971386,36.0,193.8190155029297
2024-12-02,2024-11-29,FTAI,0.0332957668426202,0.03286787901558078,42.0,164.61044311523438
2024-12-02,2024-11-29,PLTR,0.0293457296992602,0.029352873201338583,93.0,66.38999938964844
2024-12-02,2024-11-29,FICO,0.0289976391595875,0.022174000458043595,2.0,2332.110107421875
2024-12-02,2024-11-29,SCHW,0.0257119553007086,0.02543340530468959,67.0,79.8481216430664
2024-12-02,2024-11-29,EXPE,0.02165568792694,0.02089482592856976,24.0,183.1312713623047
2024-12-02,2024-11-29,BR,0.0204115562065669,0.019552170400322005,18.0,228.48487854003906
2024-12-02,2024-11-29,TPL,0.0175899091786181,0.018882877926235858,8.0,496.4930725097656
2024-12-02,2024-11-29,CEG,0.0160231707295467,0.01647102637033346,14.0,247.47288513183594
2024-12-02,2024-11-29,GOOG,0.0100262304448588,0.010629638704677489,13.0,171.9927520751953
2024-12-02,2024-11-29,PANW,0.0084682638894433,0.00927446567480657,10.0,195.0850067138672
2024-12-02,2024-11-29,COST,0.0077223835251078,0.009196374866944032,2.0,967.2119750976562
2024-12-02,2024-11-29,DTM,0.0063428003923977,0.006503764491580974,14.0,97.71736907958984
2024-12-02,2024-11-29,VRTX,0.0062718883037966,0.006642330551248282,3.0,465.7300109863281
2024-12-02,2024-11-29,TMUS,0.0059192868435875,0.006843156377633865,6.0,239.90550231933594
2024-12-02,2024-11-29,PFGC,0.0058830441323036,0.006294617929163632,15.0,88.2699966430664
2024-12-02,2024-11-29,UBER,0.0052675644845534,0.005558071041485954,16.0,73.06999969482422
2024-12-02,2024-11-29,AMP,0.0042960588639522,0.005272723334671089,2.0,554.549072265625
2024-12-02,2024-11-29,WFC,0.0041692780859974,0.004505537160152974,13.0,72.90179443359375
2024-12-02,2024-11-29,BKNG,0.0023475098392715,0.002946787757068206,3.0,206.6153564453125
2024-12-02,2024-11-29,NOW,0.0016322220166375,0.001993721286188886,2.0,209.68600463867188
2024-12-02,2024-11-29,HD,0.0014571256629804,0.001967268101375124,1.0,413.80767822265625
2024-12-02,2024-11-29,NRG,0.0008422465637638,0.0009266705211170522,2.0,97.46088409423828
2024-12-02,2024-11-29,CTAS,0.0005466041416596,0.0010446039613214047,1.0,219.7286376953125
2024-12-02,2024-11-29,ISRG,0.0005086510604875,0.002580743415369545,1.0,542.8499755859375
2024-12-02,2024-11-29,PEG,0.0004975633689328,0.0008373715813138238,2.0,88.06903076171875
2024-12-02,2024-11-29,URI,0.0004056128376701,0.004020938352551809,1.0,845.7897338867188
2025-01-02,2024-12-31,CSCO,0.0963938675712049,0.09657744071680846,335.0,56.99872970581055
2025-01-02,2024-12-31,PLTR,0.0817764937763898,0.0817644024838306,215.0,75.19000244140625
2025-01-02,2024-12-31,MSFT,0.0757396636715572,0.07548568803730003,36.0,414.568603515625
2025-01-02,2024-12-31,GOOG,0.0722582511088782,0.07198216272558201,75.0,189.75704956054688
2025-01-02,2024-12-31,AAPL,0.0693375898894719,0.0686294630730632,56.0,242.3019256591797
2025-01-02,2024-12-31,C,0.0593235712261295,0.059299154730856,174.0,67.3803939819336
2025-01-02,2024-12-31,MS,0.0584173566576315,0.058907912851115116,97.0,120.07046508789062
2025-01-02,2024-12-31,AXP,0.0466500101140812,0.046044948957574175,31.0,293.6666259765625
2025-01-02,2024-12-31,TPR,0.0456426647936008,0.04561199457882616,140.0,64.41474914550781
2025-01-02,2024-12-31,DKS,0.0448202661638871,0.04455960950106908,40.0,220.2498779296875
2025-01-02,2024-12-31,APO,0.0431444211965391,0.042842160729964676,52.0,162.89295959472656
2025-01-02,2024-12-31,MCK,0.0412787744957955,0.04274051633757649,15.0,563.3558349609375
2025-01-02,2024-12-31,ACI,0.0359299321474211,0.03600030107525572,380.0,18.73082160949707
2025-01-02,2024-12-31,SYF,0.0359299321474211,0.035701901478151686,111.0,63.59202575683594
2025-01-02,2024-12-31,WTM,0.0359299321474211,0.029241950618257993,3.0,1927.1671142578125
2025-01-02,2024-12-31,WMT,0.0335240011639109,0.033683232111388337,75.0,88.79464721679688
2025-01-02,2024-12-31,GS,0.0327898163062989,0.034020332659859515,12.0,560.5206298828125
2025-01-02,2024-12-31,ARES,0.0288219134869316,0.028655751479026204,33.0,171.68492126464844
2025-01-02,2024-12-31,PG,0.0241040468504444,0.024181704572928564,30.0,159.36756896972656
2025-01-02,2024-12-31,BLK,0.0239943151645646,0.02005828735469544,4.0,991.4439086914062
2025-01-02,2024-12-31,EXPE,0.0062241268802251,0.00649496473662951,7.0,183.44802856445312
2025-01-02,2024-12-31,PANW,0.0022687472096071,0.0027424660146352724,3.0,180.74000549316406
2025-01-02,2024-12-31,DTM,0.0017111209334922,0.0019833186912396605,4.0,98.0317611694336
2025-01-02,2024-12-31,PFGC,0.001606460155046,0.0017004483043326,4.0,84.05000305175781
2025-01-02,2024-12-31,AMP,0.0011330655635362,0.0026291538286754407,1.0,519.8167724609375
2025-01-02,2024-12-31,BKNG,0.0006386226603489,0.000986854020292612,1.0,195.1134490966797
2025-01-02,2024-12-31,NOW,0.0004735430803558,0.0010665381129801924,1.0,210.8679962158203
2025-01-02,2024-12-31,ISRG,0.0001374934378071,0.002650463838140806,1.0,524.030029296875
2025-02-03,2025-01-31,ISRG,0.12,0.11998465289754488,43.0,578.5499877929688
2025-02-03,2025-01-31,PLTR,0.0938917047818972,0.09369950261068119,232.0,83.73999786376953
2025-02-03,2025-01-31,C,0.08,0.08008059866845309,215.0,77.22759246826172
2025-02-03,2025-01-31,TMUS,0.0753942146975489,0.07539523619595587,67.0,233.32041931152344
2025-02-03,2025-01-31,GOOG,0.0698322791892224,0.07004557386703106,72.0,201.71205139160156
2025-02-03,2025-01-31,MS,0.0601576484047156,0.06087498247168365,95.0,132.86141967773438
2025-02-03,2025-01-31,APP,0.0547701611227734,0.05463791700428631,31.0,365.44000244140625
2025-02-03,2025-01-31,TPR,0.0522175252359362,0.052210172266480365,150.0,72.16847229003906
2025-02-03,2025-01-31,CSCO,0.0513315101788383,0.05145534556759621,180.0,59.27091598510742
2025-02-03,2025-01-31,COST,0.0501685520173333,0.048123589814983256,10.0,997.7957763671875
2025-02-03,2025-01-31,MCK,0.0475157673728328,0.04605349212330865,16.0,596.7964477539062
2025-02-03,2025-01-31,DKS,0.0446003100415233,0.044430499492489915,40.0,230.3057861328125
2025-02-03,2025-01-31,CRS,0.04,0.03948838312432456,43.0,190.40771484375
2025-02-03,2025-01-31,JBL,0.04,0.039906739526761104,52.0,159.1206512451172
2025-02-03,2025-01-31,SCHW,0.04,0.039937252797798514,102.0,81.18235778808594
2025-02-03,2025-01-31,GRMN,0.0279868430745451,0.02750804191775772,27.0,211.2416534423828
2025-02-03,2025-01-31,GS,0.0265998888364597,0.026759413808897594,9.0,616.4782104492188
2025-02-03,2025-01-31,TLN,0.0255335950463734,0.02449451960451298,22.0,230.85000610351562
2025-03-03,2025-02-28,TMUS,0.0613945160837754,0.06152980052884745,47.0,268.2467956542969
2025-03-03,2025-02-28,COST,0.0571141087928965,0.05581191080912332,11.0,1039.635498046875
2025-03-03,2025-02-28,APP,0.052291867478699,0.05103670596117251,31.0,337.3399963378906
2025-03-03,2025-02-28,MELI,0.0504,0.04041749897223488,4.0,2070.409912109375
2025-03-03,2025-02-28,ORLY,0.0504,0.05014124862724705,112.0,91.732666015625
2025-03-03,2025-02-28,ISRG,0.0475157436799872,0.04980733858415902,18.0,566.97998046875
2025-03-03,2025-02-28,TPR,0.0446760678489595,0.04511265052447298,112.0,82.53292083740234
2025-03-03,2025-02-28,EXPE,0.0430140378763522,0.042999086657003374,46.0,191.53506469726562
2025-03-03,2025-02-28,C,0.0409296773891836,0.041284303433401746,113.0,74.8606185913086
2025-03-03,2025-02-28,GILD,0.0394279560602855,0.03942502797053402,72.0,112.19833374023438
2025-03-03,2025-02-28,PANW,0.0352127238386853,0.034960655496182144,39.0,183.67999267578125
2025-03-03,2025-02-28,LYV,0.0327923718097463,0.03263125311111367,47.0,142.25999450683594
2025-03-03,2025-02-28,BKNG,0.0314594458361647,0.030600302546339803,32.0,195.93978881835938
2025-03-03,2025-02-28,KO,0.0314335524696275,0.03132532791989477,92.0,69.76774597167969
2025-03-03,2025-02-28,ETR,0.0288,0.028650308209025716,69.0,85.07992553710938
2025-03-03,2025-02-28,SEIC,0.0288,0.0285926574504954,75.0,78.11602783203125
2025-03-03,2025-02-28,VRSN,0.02246475845279,0.02199491179146913,19.0,237.20045471191406
2025-03-03,2025-02-28,HWM,0.0218731723828466,0.021677708256994235,34.0,130.6415557861328
2025-04-01,2025-03-31,ORLY,0.0841123210248771,0.08398186044134186,172.0,95.45333099365234
2025-04-01,2025-03-31,TMUS,0.0786097298999302,0.07833311844269643,58.0,264.0289001464844
2025-04-01,2025-03-31,PG,0.0612870182694495,0.06068202080655032,72.0,164.7637176513672
2025-04-01,2025-03-31,ETR,0.0521648528185798,0.05217191579132054,123.0,82.92122650146484
2025-04-01,2025-03-31,BKNG,0.0469138909871229,0.04662139632339241,49.0,186.00440979003906
2025-04-01,2025-03-31,ABT,0.0460452215282013,0.045996765550792296,70.0,128.45863342285156
2025-04-01,2025-03-31,MELI,0.0426641042197289,0.03918273307477629,4.0,1915.0
2025-04-01,2025-03-31,HWM,0.0363667051414675,0.0362955133024687,54.0,131.39935302734375
2025-04-01,2025-03-31,BJ,0.0288227310899642,0.02879429518702007,49.0,114.87999725341797
2025-04-01,2025-03-31,AZO,0.0287996414524689,0.01950578868372584,1.0,3813.27001953125
2025-04-01,2025-03-31,AM,0.0286567876053788,0.028648061987724936,326.0,17.179546356201172
2025-04-01,2025-03-31,CBOE,0.0286567876053788,0.028627860281411354,25.0,223.86331176757812
2025-04-01,2025-03-31,HALO,0.0286567876053788,0.02848318652919401,90.0,61.869998931884766
2025-04-01,2025-03-31,EBAY,0.0265160927169115,0.026333785546058402,77.0,66.8584976196289
2025-04-01,2025-03-31,COR,0.0256730748631366,0.025302189976291314,18.0,274.8018493652344
2025-04-01,2025-03-31,APP,0.0245017737204058,0.02458332963645558,17.0,282.70001220703125
2025-04-01,2025-03-31,BRO,0.0244701997804642,0.023878462913544306,38.0,122.84481048583984
2025-04-01,2025-03-31,THG,0.0243336527794622,0.023664638948333327,27.0,171.34449768066406
2025-04-01,2025-03-31,GILD,0.0001994954448251,0.0005544805918276486,1.0,108.39778137207031
2025-04-01,2025-03-31,KO,0.0001665542161578,0.00035727533945663494,1.0,69.84528350830078
2025-04-01,2025-03-31,SEIC,0.0001429959121691,0.0003906351122070354,1.0,76.36692810058594
2025-04-01,2025-03-31,VRSN,0.0001241582927596,0.001288210686301408,1.0,251.8378143310547
2025-05-01,2025-04-30,TMUS,0.1157603719274929,0.11484375478034495,92.0,242.85072326660156
2025-05-01,2025-04-30,PLTR,0.0994774852312522,0.09915037458316167,166.0,116.19999694824219
2025-05-01,2025-04-30,ABT,0.0829451717609193,0.08306949207921366,126.0,128.2598876953125
2025-05-01,2025-04-30,WMT,0.0828220752705379,0.08272475154240606,167.0,96.36933135986328
2025-05-01,2025-04-30,COST,0.0810918353830457,0.07649815340934982,15.0,992.155029296875
2025-05-01,2025-04-30,MELI,0.0699193793686332,0.05897147766625371,5.0,2294.52001953125
2025-05-01,2025-04-30,BJ,0.0408427475855999,0.04038358358728068,67.0,117.26000213623047
2025-05-01,2025-04-30,BKNG,0.0381356932974976,0.03851394156241907,37.0,202.50515747070312
2025-05-01,2025-04-30,UBER,0.0381356932974976,0.0378369724749496,91.0,80.88999938964844
2025-05-01,2025-04-30,NRG,0.0364337180425134,0.035964197786773046,62.0,112.84921264648438
2025-05-01,2025-04-30,ORLY,0.0364337180425134,0.03666117747147784,76.0,93.84532928466797
2025-05-01,2025-04-30,PPC,0.0364337180425134,0.03629969704327399,158.0,44.695701599121094
2025-05-01,2025-04-30,PPL,0.032607556539204,0.03253267628957743,181.0,34.96721649169922
2025-05-01,2025-04-30,PANW,0.0309873484146995,0.03063889211748043,32.0,186.27000427246094
2025-05-01,2025-04-30,SFM,0.0294587170856857,0.02911811198310367,33.0,171.66000366210938
2025-05-01,2025-04-30,ISRG,0.0277864554235222,0.026584094388284085,10.0,517.1799926757812
2025-05-01,2025-04-30,RSG,0.0254291903160132,0.025361963137029833,20.0,246.7020263671875
2025-05-01,2025-04-30,FTNT,0.0237720010790709,0.02356905789247314,44.0,104.20999908447266
2025-05-01,2025-04-30,HWM,0.012980928298283,0.013656712718290021,18.0,147.60243225097656
2025-05-01,2025-04-30,AZO,0.0088596836884721,0.01918796104884166,1.0,3732.919921875
2025-05-01,2025-04-30,CBOE,0.0087841906865111,0.00904894848140168,8.0,220.0533447265625
2025-05-01,2025-04-30,EBAY,0.0086339121113645,0.008918186210204846,26.0,66.73029327392578
2025-05-01,2025-04-30,AM,0.0084197613675206,0.008513066177279547,103.0,16.079355239868164
2025-05-01,2025-04-30,COR,0.0083764049268431,0.00887299759777054,6.0,287.69940185546875
2025-05-01,2025-04-30,APP,0.0082170815296344,0.008619809412034694,6.0,279.489990234375
2025-05-01,2025-04-30,THG,0.0070548094699722,0.007502620754340921,9.0,162.17739868164062
2025-05-01,2025-04-30,GILD,5.905344797978409e-05,0.0005169797236384158,1.0,100.57576751708984
2025-05-01,2025-04-30,KO,5.25686409134859e-05,0.00035612147623797347,1.0,69.2816162109375
2025-05-01,2025-04-30,SEIC,4.54890490786137e-05,0.0003974176816585848,1.0,77.31558227539062
2025-05-01,2025-04-30,VRSN,4.324067521405166e-05,0.0014199970130541809,1.0,276.253173828125
2025-06-02,2025-05-30,GOOGL,0.1194557986489324,0.11878999014483907,145.0,168.44593811035156
2025-06-02,2025-05-30,WMT,0.1005186503150094,0.10057304364277016,209.0,98.94275665283203
2025-06-02,2025-05-30,COST,0.100137072215817,0.09711367265956877,19.0,1050.93408203125
2025-06-02,2025-05-30,TMUS,0.0993963700890726,0.10032419335595039,86.0,239.85894775390625
2025-06-02,2025-05-30,BAC,0.08,0.08009330752009071,382.0,43.1103515625
2025-06-02,2025-05-30,PLTR,0.0672030018878088,0.06742890293835144,105.0,132.0399932861328
2025-06-02,2025-05-30,BKNG,0.0576025730466932,0.05667552852817268,53.0,219.87123107910156
2025-06-02,2025-05-30,MELI,0.04428372419187,0.05045305721998324,4.0,2593.43994140625
2025-06-02,2025-05-30,LI,0.04,0.04004977984642795,296.0,27.81999969482422
2025-06-02,2025-05-30,NRG,0.04,0.040391476657623986,53.0,156.6976776123047
2025-06-02,2025-05-30,UBER,0.039773476943711,0.039458180614481614,97.0,83.63999938964844
2025-06-02,2025-05-30,ORLY,0.0379997665958011,0.03777592072306465,85.0,91.37866973876953
2025-06-02,2025-05-30,RBRK,0.0359256427931672,0.03589652228743854,74.0,99.73999786376953
2025-06-02,2025-05-30,RSG,0.0335742992021102,0.033520572258146725,27.0,255.2679901123047
2025-06-02,2025-05-30,EBAY,0.0294628726564601,0.029427816834300995,82.0,73.78921508789062
2025-06-02,2025-05-30,STE,0.0293828864743713,0.029214339954418474,25.0,240.27288818359375
2025-06-02,2025-05-30,TXRH,0.0250976092486816,0.024229881748012612,26.0,191.61373901367188
2025-06-02,2025-05-30,AXON,0.0201862556904938,0.018446627283442825,5.0,758.5700073242188
2025-07-01,2025-06-30,PLTR,0.1783853557165064,0.17854022519810644,280.0,130.67999267578125
2025-07-01,2025-06-30,BKNG,0.0773731650486374,0.07672222740490318,69.0,227.87840270996094
2025-07-01,2025-06-30,MELI,0.0605879573754798,0.048821606421966784,4.0,2501.39990234375
2025-07-01,2025-06-30,ORCL,0.0593431087500016,0.0592360701974329,56.0,216.78501892089844
2025-07-01,2025-06-30,BAC,0.0584464654789626,0.05870711696405744,254.0,47.36833190917969
2025-07-01,2025-06-30,WMT,0.0575468602294248,0.05799641418239831,122.0,97.4254379272461
2025-07-01,2025-06-30,DIS,0.0556460244804111,0.05566153661179485,93.0,122.66009521484375
2025-07-01,2025-06-30,UBER,0.048135914648086,0.0481009641205632,107.0,92.12999725341797
2025-07-01,2025-06-30,ORLY,0.0398943701082875,0.039742943934547345,90.0,90.5
2025-07-01,2025-06-30,GOOGL,0.0378913568836965,0.038523103226233875,45.0,175.44451904296875
2025-07-01,2025-06-30,CRS,0.0333508859858655,0.033060338379833694,25.0,271.01812744140625
2025-07-01,2025-06-30,EQT,0.0333508859858655,0.033322893557808285,124.0,55.07469177246094
2025-07-01,2025-06-30,NRG,0.0333508859858655,0.0338575351640718,45.0,154.19627380371094
2025-07-01,2025-06-30,AXON,0.0327065516064577,0.03026728944091017,8.0,775.3800048828125
2025-07-01,2025-06-30,TMUS,0.0299291870651242,0.03023568707149319,26.0,238.32936096191406
2025-07-01,2025-06-30,COST,0.0290020348989165,0.03348793640979247,7.0,980.4408569335938
2025-07-01,2025-06-30,ATI,0.025975766211777,0.02578812021755145,63.0,83.88999938964844
2025-07-01,2025-06-30,LYV,0.0211806045823537,0.02120853361547596,29.0,149.8800048828125
2025-07-01,2025-06-30,CRWD,0.0200782880411215,0.019208162762881502,8.0,492.07000732421875
2025-07-01,2025-06-30,TLN,0.0167265341847437,0.016394293162606592,12.0,279.989990234375
2025-07-01,2025-06-30,CEG,0.0161011383731437,0.014946164956040951,10.0,306.30975341796875
2025-07-01,2025-06-30,RSG,0.0097680535693982,0.010627987310023962,9.0,242.01348876953125
2025-07-01,2025-06-30,EBAY,0.0091533705979967,0.009190843066271236,25.0,75.3436050415039
2025-07-01,2025-06-30,STE,0.0087400254503513,0.009423758151653125,8.0,241.41552734375
2025-07-01,2025-06-30,TXRH,0.0073352087415243,0.008207781986928802,9.0,186.9021759033203
2025-08-01,2025-07-31,PLTR,0.18,0.18033378819321882,246.0,154.27000427246094
2025-08-01,2025-07-31,BKNG,0.1031559808263296,0.10279330590420416,101.0,214.18199157714844
2025-08-01,2025-07-31,GOOG,0.0865891819004282,0.08645575262221564,96.0,189.52310180664062
2025-08-01,2025-07-31,MSFT,0.082496300585622,0.0817111471241308,33.0,521.0829467773438
2025-08-01,2025-07-31,ORLY,0.08,0.08007016693402862,170.0,99.12000274658203
2025-08-01,2025-07-31,ORCL,0.0694331079050279,0.06914087017366007,60.0,242.50633239746094
2025-08-01,2025-07-31,GEV,0.0601743221486923,0.059167826504062215,19.0,655.3472900390625
2025-08-01,2025-07-31,WMT,0.0514816303057053,0.051982205736996565,112.0,97.67337036132812
2025-08-01,2025-07-31,EBAY,0.0490279839367643,0.04877074717086037,113.0,90.8281478881836
2025-08-01,2025-07-31,UBER,0.0386022127108769,0.038820232220691434,94.0,86.91000366210938
2025-08-01,2025-07-31,ALNY,0.0364680768631735,0.03627638708272013,19.0,401.79998779296875
2025-08-01,2025-07-31,NRG,0.0331713864869675,0.03395359820433795,43.0,166.17161560058594
2025-08-01,2025-07-31,PR,0.0322865624942436,0.032274189075390654,513.0,13.239679336547852
2025-08-01,2025-07-31,GTLS,0.0293673925297294,0.02927718643784188,31.0,198.75
2025-08-01,2025-07-31,C,0.0267051671356738,0.026454573443611476,62.0,89.79425811767578
2025-08-01,2025-07-31,APH,0.021917884788746,0.02169419656217597,44.0,103.76010131835938
2025-08-01,2025-07-31,SCHW,0.019122809382019,0.018826741765223566,42.0,94.3333740234375
2025-09-02,2025-08-29,PLTR,0.1795665940394409,0.18017568646672563,243.0,157.08999633789062
2025-09-02,2025-08-29,GOOGL,0.1059669754353373,0.10550466993175898,106.0,210.8746795654297
2025-09-02,2025-08-29,HD,0.0808738118756851,0.08093133099165291,43.0,398.7556457519531
2025-09-02,2025-08-29,GTLS,0.0753885576583067,0.07517627591548125,80.0,199.08999633789062
2025-09-02,2025-08-29,BKNG,0.0684006881774466,0.06923251790402075,67.0,218.92428588867188
2025-09-02,2025-08-29,MSFT,0.0641008668223281,0.06648011635410842,28.0,503.0282287597656
2025-09-02,2025-08-29,ALNY,0.0639456221036133,0.0632951101618673,30.0,447.0
2025-09-02,2025-08-29,BLD,0.0420103875770945,0.04138452257177045,21.0,417.5199890136719
2025-09-02,2025-08-29,PDD,0.038026733902161,0.03790881575453861,66.0,121.69000244140625
2025-09-02,2025-08-29,NEU,0.0363595032280788,0.03474774802929692,9.0,817.9801635742188
2025-09-02,2025-08-29,PPL,0.0363595032280788,0.03627764553068319,216.0,35.58311462402344
2025-09-02,2025-08-29,EBAY,0.0325251421641783,0.032867631720795695,78.0,89.27552795410156
2025-09-02,2025-08-29,C,0.0304726631172913,0.030382115125331226,69.0,93.28837585449219
2025-09-02,2025-08-29,MELI,0.029730283583246,0.02246490260655058,2.0,2379.760009765625
2025-09-02,2025-08-29,APH,0.0278609674983204,0.027698806280086287,54.0,108.67406463623047
2025-09-02,2025-08-29,GS,0.0197903115563726,0.017073097886380312,5.0,723.4373779296875
2025-09-02,2025-08-29,INSM,0.0190281883668295,0.018517006106739595,27.0,145.3000030517578
2025-09-02,2025-08-29,GOOG,0.0124819231070805,0.012978455803837552,13.0,211.5135955810547
2025-09-02,2025-08-29,ORLY,0.0109634488795973,0.011202290765029066,23.0,103.19000244140625
2025-09-02,2025-08-29,GEV,0.0072889914570013,0.008193844703046101,3.0,578.6621704101562
2025-09-02,2025-08-29,WMT,0.0067016604211634,0.0068863748693547885,15.0,97.26531982421875
2025-09-02,2025-08-29,UBER,0.0053892361525541,0.005694813367242337,13.0,92.80999755859375
2025-09-02,2025-08-29,PR,0.0042806410725561,0.004317844515754877,65.0,14.07382869720459
2025-09-02,2025-08-29,SCHW,0.002487298576237,0.0026955990060235128,6.0,95.1837158203125
2025-10-01,2025-09-30,PLTR,0.1921016660735072,0.19240226455137105,233.0,184.9499969482422
2025-10-01,2025-09-30,GOOG,0.0919050937634335,0.09196283506306697,84.0,245.2071533203125
2025-10-01,2025-09-30,MELI,0.0810982485644153,0.07775536665870852,8.0,2176.909912109375
2025-10-01,2025-09-30,HD,0.0687847522092874,0.0699807449672452,40.0,391.8489074707031
2025-10-01,2025-09-30,GTLS,0.0685558215399352,0.0689226074904971,77.0,200.47999572753906
2025-10-01,2025-09-30,PDD,0.0620107734093041,0.06180682057973812,103.0,134.39999389648438
2025-10-01,2025-09-30,CSCO,0.0536675910182607,0.053427731895859164,177.0,67.60729217529297
2025-10-01,2025-09-30,APH,0.0527339196685604,0.05266917799195202,95.0,124.17466735839844
2025-10-01,2025-09-30,MSFT,0.0512481800631787,0.053147969294031996,23.0,517.557861328125
2025-10-01,2025-09-30,GS,0.0457895045061682,0.04513024743745082,13.0,777.5430297851562
2025-10-01,2025-09-30,BKNG,0.0444375033201993,0.04472365445881303,47.0,213.12750244140625
2025-10-01,2025-09-30,TER,0.04,0.03964782970911466,63.0,140.95449829101562
2025-10-01,2025-09-30,PPL,0.0380468385854354,0.037958536204139366,236.0,36.02446365356445
2025-10-01,2025-09-30,CCJ,0.0351696297717196,0.03497175640876766,94.0,83.32775115966797
2025-10-01,2025-09-30,WEC,0.0280013477175894,0.027554580454425128,56.0,110.2061538696289
2025-10-01,2025-09-30,ORLY,0.0243403455864952,0.0240637280998697,51.0,105.68000030517578
2025-10-01,2025-09-30,FUTU,0.0221087842025097,0.021708041144825864,28.0,173.64515686035156
2025-11-03,2025-10-31,PLTR,0.1428299546857384,0.14363128293527536,165.0,207.17999267578125
2025-11-03,2025-10-31,CSCO,0.1027272882129818,0.10274374416527361,332.0,73.65462493896484
2025-11-03,2025-10-31,HD,0.0878980617409555,0.08786285535454817,56.0,373.4220886230469
2025-11-03,2025-10-31,WEC,0.0698246776351619,0.06980688328267891,154.0,107.88479614257812
2025-11-03,2025-10-31,C,0.0560334387344577,0.0515710742136891,122.0,100.6072006225586
2025-11-03,2025-10-31,AXP,0.0550634569965017,0.054404863089338326,36.0,359.6813659667969
2025-11-03,2025-10-31,CCJ,0.0549813438292173,0.054978354312069835,130.0,100.65401458740234
2025-11-03,2025-10-31,GOOGL,0.0393930738033039,0.0392854357676035,33.0,283.3350830078125
2025-11-03,2025-10-31,BLD,0.0323694813506304,0.03195335765234965,18.0,422.5
2025-11-03,2025-10-31,ROIV,0.0321783951013586,0.03219957350039961,391.0,19.600000381469727
2025-11-03,2025-10-31,FUTU,0.0320109389763155,0.03132642322984905,39.0,191.17404174804688
2025-11-03,2025-10-31,FSLR,0.0316740038636294,0.03125958433734025,28.0,265.7099914550781
2025-11-03,2025-10-31,RKLB,0.0309763625266026,0.030927320919460714,120.0,61.34000015258789
2025-11-03,2025-10-31,MELI,0.0289225873731269,0.029197930787162776,3.0,2316.39990234375
2025-11-03,2025-10-31,NXT,0.0288208065633537,0.028573150389849276,67.0,101.5
2025-11-03,2025-10-31,CW,0.0280165044582616,0.027791633790386433,11.0,601.31787109375
2025-11-03,2025-10-31,P,0.0278873488439983,0.027756774234876564,67.0,98.5999984741211
2025-11-03,2025-10-31,GOOG,0.0276397752216563,0.0286115394551994,24.0,283.73486328125
2025-11-03,2025-10-31,PDD,0.0161703209448991,0.01641036965982472,29.0,134.67999267578125
2025-11-03,2025-10-31,APH,0.0153969193707972,0.015995461505233538,27.0,140.9989013671875
2025-11-03,2025-10-31,TER,0.0138155997201104,0.01459749845357585,19.0,182.8553009033203
2025-11-03,2025-10-31,MSFT,0.0132900076119027,0.015143590768276817,7.0,514.888916015625
2025-11-03,2025-10-31,GS,0.0116999686797597,0.013067942914336004,4.0,777.5529174804688
2025-11-03,2025-10-31,BKNG,0.0107977594987273,0.010945014470396319,13.0,200.380615234375
2025-11-03,2025-10-31,PPL,0.009581924256551,0.00963946722862994,64.0,35.84724426269531
2025-12-01,2025-11-28,GOOGL,0.0905102797620633,0.0899959976608561,64.0,314.4627990722656
2025-12-01,2025-11-28,CSCO,0.0864181905056834,0.08679027797917262,258.0,75.2276382446289
2025-12-01,2025-11-28,WMT,0.0617618245941717,0.061473020798604935,124.0,110.86358642578125
2025-12-01,2025-11-28,AAPL,0.0571764988495758,0.05686174910673968,45.0,282.57501220703125
2025-12-01,2025-11-28,EXPE,0.0565959331875341,0.056616729434493106,49.0,258.3894348144531
2025-12-01,2025-11-28,TPR,0.0565959331875341,0.0562966812768752,113.0,111.4115982055664
2025-12-01,2025-11-28,PLTR,0.055475797418743,0.05617254568886569,75.0,167.49000549316406
2025-12-01,2025-11-28,AXP,0.0509274764544588,0.05128209221235289,32.0,358.3783874511719
2025-12-01,2025-11-28,APP,0.0469098532900016,0.04461625251364079,16.0,623.5900268554688
2025-12-01,2025-11-28,GS,0.0422772700728863,0.03948073467231282,11.0,802.6359252929688
2025-12-01,2025-11-28,BAC,0.0416004275995135,0.04168559266535534,177.0,52.667022705078125
2025-12-01,2025-11-28,AEM,0.0409313368477262,0.040693593888346584,53.0,171.7023468017578
2025-12-01,2025-11-28,WRB,0.0399052454097071,0.039780208861854495,124.0,71.74166107177734
2025-12-01,2025-11-28,AKAM,0.0323405332500195,0.032161545094208224,82.0,87.70999908447266
2025-12-01,2025-11-28,INSM,0.0323405332500195,0.032142407054009337,34.0,211.41000366210938
2025-12-01,2025-11-28,MLI,0.0323405332500195,0.03219366792905591,66.0,109.08187103271484
2025-12-01,2025-11-28,SEB,0.0323405332500195,0.020985193474794762,1.0,4692.87548828125
2025-12-01,2025-11-28,HD,0.0275908787784076,0.028387174228036934,18.0,352.67584228515625
2025-12-01,2025-11-28,WEC,0.0237033153152954,0.02403663058866671,50.0,107.50524139404297
2025-12-01,2025-11-28,C,0.0191718824272677,0.019548834842968474,43.0,101.66664123535156
2025-12-01,2025-11-28,BLD,0.0115167886835889,0.011961475387951892,6.0,445.82000732421875
2025-12-01,2025-11-28,ROIV,0.0111885317890196,0.01130225484115623,125.0,20.219999313354492
2025-12-01,2025-11-28,FSLR,0.0107200827450609,0.011784753466130752,10.0,263.5400085449219
2025-12-01,2025-11-28,GOOG,0.0103853973369063,0.011257729144725061,8.0,314.6928405761719
2025-12-01,2025-11-28,CW,0.0087179692504931,0.00976377734909604,4.0,545.8633422851562
2025-12-01,2025-11-28,APH,0.0051218826197643,0.005581153378988755,9.0,138.677978515625
2025-12-01,2025-11-28,TER,0.0045298649628023,0.004817508995379818,6.0,179.554931640625
2025-12-01,2025-11-28,MSFT,0.0041819464489704,0.004343210168844748,2.0,485.6315612792969
2025-12-01,2025-11-28,BKNG,0.0035011211841323,0.004356660926166658,5.0,194.85421752929688
2025-12-01,2025-11-28,PPL,0.0032221382786131,0.003309873000520056,21.0,35.24666976928711
2026-01-02,2025-12-31,GOOG,0.1623148758009762,0.1510174478581406,109.0,315.0980224609375
2026-01-02,2025-12-31,CSCO,0.0939479840302786,0.09411017185201417,283.0,75.63018798828125
2026-01-02,2025-12-31,TPR,0.0864635529496577,0.0865982154705252,153.0,128.7248992919922
2026-01-02,2025-12-31,EXPE,0.081362623832092,0.08069032520122695,65.0,282.3274841308594
2026-01-02,2025-12-31,PG,0.0604616804186058,0.06021379465378137,98.0,139.73814392089844
2026-01-02,2025-12-31,PLTR,0.0555668785008534,0.055355838652398626,75.0,167.86000061035156
2026-01-02,2025-12-31,C,0.0442560728873468,0.04392555158048379,85.0,117.5285415649414
2026-01-02,2025-12-31,BAC,0.0410148307678102,0.041342196468652684,169.0,55.6354866027832
2026-01-02,2025-12-31,AXP,0.037161824107609,0.03757563704393916,23.0,371.5553894042969
2026-01-02,2025-12-31,APP,0.0358962809669019,0.03806241027137635,14.0,618.3200073242188
2026-01-02,2025-12-31,RKLB,0.0351973877253171,0.035083319813576555,105.0,75.98999786376953
2026-01-02,2025-12-31,RVMD,0.0351973877253171,0.03509242106729812,101.0,79.0199966430664
2026-01-02,2025-12-31,STLD,0.0351973877253171,0.03472851050471799,45.0,175.5167999267578
2026-01-02,2025-12-31,ULTA,0.0324057336801901,0.029989369031820038,11.0,620.0399780273438
2026-01-02,2025-12-31,STT,0.029269860681626,0.029315110594971175,52.0,128.21334838867188
2026-01-02,2025-12-31,NDAQ,0.0279437130313485,0.027962277314894063,66.0,96.35486602783203
2026-01-02,2025-12-31,ATI,0.0277388657120858,0.027778389613993513,53.0,119.19999694824219
2026-01-02,2025-12-31,GOOGL,0.0170567086816332,0.018001554589576387,13.0,314.9283142089844
2026-01-02,2025-12-31,WMT,0.0117818461219476,0.011852306454458816,24.0,112.3147201538086
2026-01-02,2025-12-31,GS,0.0086626097019072,0.011997875523581029,3.0,909.5532836914062
2026-01-02,2025-12-31,AEM,0.0074792843026918,0.008229381364560192,11.0,170.1451416015625
2026-01-02,2025-12-31,MLI,0.0064454291174427,0.006655869183336531,13.0,116.44114685058594
2026-01-02,2025-12-31,AKAM,0.0059632196687571,0.005986934213716586,16.0,85.0999984741211
2026-01-02,2025-12-31,HD,0.0050856605486875,0.006041867538010331,4.0,343.5233459472656
2026-01-02,2025-12-31,WEC,0.0042359347765636,0.00460291317829895,10.0,104.68340301513672
2026-01-02,2025-12-31,ROIV,0.0022176380838132,0.0023142210015514586,24.0,21.93000030517578
2026-01-02,2025-12-31,BLD,0.0020457919284206,0.0037941581755377815,2.0,431.45001220703125
2026-01-02,2025-12-31,FSLR,0.0019983496012178,0.0024125375142716233,2.0,274.3399963378906
2026-01-02,2025-12-31,CW,0.0016364458030917,0.002515885976606369,1.0,572.1843872070312
2026-01-02,2025-12-31,APH,0.0009514051187827,0.001226181993262568,2.0,139.43441772460938
2026-01-02,2025-12-31,TER,0.0009512918269034,0.0018245134094696876,2.0,207.47325134277344
2026-01-02,2025-12-31,MSFT,0.0007830161825164,0.0020747744043810783,1.0,471.8630065917969
2026-01-02,2025-12-31,BKNG,0.0007222572026592,0.0009341101935403206,1.0,212.443359375
2026-01-02,2025-12-31,PPL,0.0005861707896294,0.0006129186355838191,4.0,34.84880447387695
2026-02-02,2026-01-30,GOOGL,0.1478403770912199,0.14771979867238172,100.0,343.4482421875
2026-02-02,2026-01-30,CSCO,0.1032104562675886,0.10314594459502109,299.0,80.20539093017578
2026-02-02,2026-01-30,COST,0.0870134048505215,0.08317915912984145,20.0,966.9569091796875
2026-02-02,2026-01-30,TPR,0.0642963194654106,0.06452264111295866,116.0,129.3232879638672
2026-02-02,2026-01-30,EXPE,0.061491914852414,0.06174498078717333,52.0,276.0710754394531
2026-02-02,2026-01-30,MLI,0.061025848627467,0.06086685530892238,102.0,138.74050903320312
2026-02-02,2026-01-30,BAC,0.0496050053698807,0.049682405031465746,215.0,53.72627639770508
2026-02-02,2026-01-30,AEM,0.0424264567755918,0.04178246283152654,51.0,190.4787139892578
2026-02-02,2026-01-30,GS,0.0401619718606126,0.03644038403543434,9.0,941.3757934570312
2026-02-02,2026-01-30,GOOG,0.0377920138115731,0.03854234260883656,26.0,344.6571960449219
2026-02-02,2026-01-30,CIB,0.0324485550143464,0.03244192800207765,93.0,81.10475158691406
2026-02-02,2026-01-30,PEN,0.0324485550143464,0.0322442843830438,21.0,356.989990234375
2026-02-02,2026-01-30,STE,0.0324485550143464,0.03174175434722512,28.0,263.5697021484375
2026-02-02,2026-01-30,SYY,0.0271649829733256,0.026882779655430736,76.0,82.2400131225586
2026-02-02,2026-01-30,CNQ,0.0256000773683574,0.025514515863634055,164.0,36.17146301269531
2026-02-02,2026-01-30,PH,0.0231537608380216,0.020388964717332817,5.0,948.0860595703125
2026-02-02,2026-01-30,NOC,0.0227592935475958,0.020558432318709376,7.0,682.8330688476562
2026-02-02,2026-01-30,ADI,0.0226866380011563,0.02173737342790605,16.0,315.8709411621094
2026-02-02,2026-01-30,PG,0.0142489775215759,0.014387074389860427,22.0,152.0450897216797
2026-02-02,2026-01-30,C,0.0095867568412951,0.009951215053106924,20.0,115.68277740478516
2026-02-02,2026-01-30,RVMD,0.0092966225647375,0.009611535352077915,23.0,97.16000366210938
2026-02-02,2026-01-30,RKLB,0.0086673429344011,0.008929900189951592,28.0,74.1500015258789
2026-02-02,2026-01-30,STLD,0.0080487893515328,0.008798798204461786,11.0,185.9744415283203
2026-02-02,2026-01-30,AXP,0.0077418302161063,0.009076603233944016,6.0,351.71807861328125
2026-02-02,2026-01-30,ULTA,0.0076006947990303,0.008588007339164152,3.0,665.5700073242188
2026-02-02,2026-01-30,STT,0.0065225374374354,0.006797427294143164,12.0,131.70004272460938
2026-02-02,2026-01-30,NDAQ,0.0061352227149988,0.006226094729738537,15.0,96.50438690185547
2026-02-02,2026-01-30,WMT,0.0027761187976302,0.0031889082706765214,6.0,123.5700912475586
2026-02-02,2026-01-30,AKAM,0.0014460296329149,0.001662452968059735,4.0,96.62999725341797
2026-02-02,2026-01-30,HD,0.0012176382340908,0.0016155231937177634,1.0,375.60882568359375
2026-02-02,2026-01-30,WEC,0.0009759676968202,0.0013935089053413198,3.0,107.9968490600586
2026-02-02,2026-01-30,BLD,0.0004993133914924,0.001996216716727543,1.0,464.1199951171875
2026-02-02,2026-01-30,ROIV,0.0004841054108693,0.0005661940397983314,6.0,21.940000534057617
2026-02-02,2026-01-30,CW,0.0004226507777287,0.0028548972966027466,1.0,663.7630615234375
2026-02-02,2026-01-30,TER,0.0002528100496643,0.0010727996359844606,1.0,249.4257049560547
2026-02-02,2026-01-30,APH,0.0002195260736723,0.0006221257033232745,1.0,144.64410400390625
2026-02-02,2026-01-30,BKNG,0.0001491576875203,0.0008792422912940413,1.0,204.4236602783203
2026-02-02,2026-01-30,PPL,0.0001337211227062,0.0006116740474760726,4.0,35.553524017333984
2026-03-02,2026-02-27,ADI,0.0833848619762329,0.08326285599072135,54.0,351.30999755859375
2026-03-02,2026-02-27,COST,0.057874835177072,0.061527135104899044,14.0,1001.3170776367188
2026-03-02,2026-02-27,GOOG,0.0533251818324347,0.05240320440402963,39.0,306.1443176269531
2026-03-02,2026-02-27,KO,0.0533251818324347,0.05315172013335402,152.0,79.67218017578125
2026-03-02,2026-02-27,APH,0.0455235387504308,0.04558777736094927,77.0,134.8933868408203
2026-03-02,2026-02-27,CNQ,0.0414028498338467,0.0414736537296758,215.0,43.950801849365234
2026-03-02,2026-02-27,ETR,0.0387483242540536,0.038633211466610126,83.0,106.05122375488281
2026-03-02,2026-02-27,HII,0.0334497853957625,0.03186284294737246,16.0,453.7300109863281
2026-03-02,2026-02-27,GEV,0.0326198440795946,0.03092139715296394,8.0,880.6474609375
2026-03-02,2026-02-27,SCCO,0.0325399228131214,0.032166255152602935,34.0,215.55323791503906
2026-03-02,2026-02-27,RGLD,0.0306865046199761,0.030662073061070785,23.0,303.7432556152344
2026-03-02,2026-02-27,FTI,0.0306183175286123,0.030490681622145716,103.0,67.44703674316406
2026-03-02,2026-02-27,AEM,0.0293080068275299,0.029885371895908376,27.0,252.19000244140625
2026-03-02,2026-02-27,THC,0.0288265016625924,0.027862518046780537,27.0,235.1199951171875
2026-03-02,2026-02-27,PR,0.0273752600438833,0.02739744337905222,335.0,18.6336612701416
2026-03-02,2026-02-27,SW,0.0273752600438833,0.02742832142778709,135.0,46.29119873046875
2026-03-02,2026-02-27,BE,0.0270903619867533,0.02695732823542757,37.0,166.0
2026-03-02,2026-02-27,ATI,0.0210985046108986,0.020451754874019273,28.0,166.4199981689453
2026-03-02,2026-02-27,CSCO,0.0050812372191388,0.005200453505610354,15.0,78.9919662475586
2026-03-02,2026-02-27,TPR,0.0037426861393157,0.004108163961303812,6.0,156.0017547607422
2026-03-02,2026-02-27,STE,0.0015146865828559,0.002174932377748623,2.0,247.77000427246094
2026-03-02,2026-02-27,PEN,0.0015119292669677,0.0030047193506733665,2.0,342.29998779296875
2026-03-02,2026-02-27,SYY,0.0014331384826453,0.0015765867700221628,4.0,89.8030014038086
2026-03-02,2026-02-27,NOC,0.0012127482305786,0.0033708511491181044,1.0,768.02001953125
2026-03-02,2026-02-27,PH,0.0012125400837023,0.00442908213095551,1.0,1009.1290283203125
2026-03-02,2026-02-27,PG,0.000754650380316,0.00142456851534581,2.0,162.2879638671875
2026-03-02,2026-02-27,C,0.0004327651101933,0.00048685267353197235,1.0,110.92527770996094
2026-03-02,2026-02-27,STLD,0.0004250165342358,0.0008817015909756863,1.0,200.88827514648438
2026-03-02,2026-02-27,ULTA,0.0003905874878514,0.002971362946171355,1.0,677.0
2026-03-02,2026-02-27,STT,0.0003070188949799,0.0005644305977016502,1.0,128.6007537841797
2026-03-02,2026-02-27,WMT,0.0001446110628409,0.0005556408818704588,1.0,126.59809112548828
2026-03-02,2026-02-27,AKAM,7.103159116320003e-05,0.000428543391802947,1.0,97.63999938964844
2026-03-02,2026-02-27,HD,5.958772587821891e-05,0.0016166820693960205,1.0,368.3473815917969
2026-03-02,2026-02-27,WEC,5.048206967119169e-05,0.0005074993792555195,1.0,115.62945556640625
2026-03-02,2026-02-27,ROIV,3.1490740236098775e-05,0.0001233313145064994,1.0,28.100000381469727
2026-03-02,2026-02-27,CW,2.2676632087852506e-05,0.003187441554470367,1.0,726.231689453125
2026-03-02,2026-02-27,PPL,6.9997094281392725e-06,0.00016872195615440618,1.0,38.44187545776367
2026-05-15,2026-05-15,GOOG,0.1399999999999999,0.13912056787178756,82.0,393.32000732421875
2026-05-15,2026-05-15,APP,0.1048172993293705,0.10373144171943102,48.0,501.0
2026-05-15,2026-05-15,CAT,0.1035634376142495,0.10345697238832767,27.0,888.3099975585938
2026-05-15,2026-05-15,GEV,0.0885808084126337,0.08599154328078026,19.0,1049.22998046875
2026-05-15,2026-05-15,AMZN,0.0780442171020089,0.07747731488683614,68.0,264.1400146484375
2026-05-15,2026-05-15,NVT,0.0518345047608683,0.05176094386469943,71.0,169.00999450683594
2026-05-15,2026-05-15,PLTR,0.0518345047608683,0.05143915933450743,89.0,133.99000549316406
2026-05-15,2026-05-15,VRT,0.0518345047608683,0.051201784756695054,32.0,370.94000244140625
2026-05-15,2026-05-15,FIX,0.0510448726484261,0.04297858286738535,5.0,1992.739990234375
2026-05-15,2026-05-15,MLI,0.0399999999999999,0.04002046053636824,68.0,136.44000244140625
2026-05-15,2026-05-15,PR,0.0399999999999999,0.04000268842569824,445.0,20.84000015258789
2026-05-15,2026-05-15,ON,0.0390113281904503,0.039032147159672285,80.0,113.11000061035156
2026-05-15,2026-05-15,FTI,0.0365884249686721,0.03658862556791226,119.0,71.27999877929688
2026-05-15,2026-05-15,NXPI,0.0337310877067305,0.03269214058514503,26.0,291.5
2026-05-15,2026-05-15,PWR,0.0322927410247994,0.029892279863975423,9.0,769.989990234375
2026-05-15,2026-05-15,CBOE,0.0285866166280834,0.02818606798904206,18.0,363.0199890136719
2026-05-15,2026-05-15,UMC,0.0282356520919697,0.028267336744362263,381.0,17.200000762939453
