date,equity_usd,cash_usd,cash_weight,stock_value_usd,position_count,fill_mode
2019-07-01,99851.62505689621,40501.6478153801,0.4056183140965603,59349.97724151611,12,next_close
2019-07-02,100439.87857786179,40501.6478153801,0.4032426999001487,59938.23076248169,12,next_close
2019-07-03,100959.12264410019,40501.6478153801,0.40116877756709507,60457.47482872009,12,next_close
2019-07-05,100851.36609807968,40501.6478153801,0.4015974139209136,60349.718282699585,12,next_close
2019-07-08,100746.4623314476,40501.6478153801,0.40201558325822895,60244.814516067505,12,next_close
2019-07-09,101072.8428417778,40501.6478153801,0.40071741010374556,60571.195026397705,12,next_close
2019-07-10,101258.37064710617,40501.6478153801,0.3999832068850061,60756.722831726074,12,next_close
2019-07-11,101025.58587804795,40501.6478153801,0.40090485458081154,60523.93806266785,12,next_close
2019-07-12,101480.67039457322,40501.6478153801,0.39910701868546156,60979.022579193115,12,next_close
2019-07-15,101748.40706983567,40501.6478153801,0.3980568244924123,61246.75925445557,12,next_close
2019-07-16,102064.51650205613,40501.6478153801,0.3968239815701687,61562.868686676025,12,next_close
2019-07-17,101840.60241666794,40501.6478153801,0.3976964673644872,61338.95460128784,12,next_close
2019-07-18,101948.93739667893,40501.6478153801,0.3972738593418579,61447.28958129883,12,next_close
2019-07-19,101387.50923887253,40501.6478153801,0.39947374306194655,60885.86142349243,12,next_close
2019-07-22,101857.96500173569,40501.6478153801,0.39762867650742817,61356.31718635559,12,next_close
2019-07-23,102086.51986661911,40501.6478153801,0.3967384515438221,61584.872051239014,12,next_close
2019-07-24,102778.72755781174,40501.6478153801,0.39406644524372453,62277.07974243164,12,next_close
2019-07-25,102754.79789892197,40501.6478153801,0.3941582159036587,62253.15008354187,12,next_close
2019-07-26,103160.21351209641,40501.6478153801,0.3926091894975667,62658.56569671631,12,next_close
2019-07-29,102475.80312887192,40501.6478153801,0.39523132855515053,61974.15531349182,12,next_close
2019-07-30,102961.33863035202,40501.6478153801,0.39336753342715963,62459.690814971924,12,next_close
2019-07-31,102733.8461987114,40501.6478153801,0.3942386011426107,62232.1983833313,12,next_close
2019-08-01,102873.51699463846,40976.40530983926,0.39831830880220476,61897.111684799194,12,next_close
2019-08-02,102325.53647820474,40976.40530983926,0.4004514094931445,61349.13116836548,12,next_close
2019-08-05,100235.31994454385,40976.40530983926,0.4088020603167611,59258.91463470459,12,next_close
2019-08-06,102046.62648789407,40976.40530983926,0.4015459081805154,61070.22117805481,12,next_close
2019-08-07,102124.46592537881,40976.40530983926,0.4012398492226168,61148.06061553955,12,next_close
2019-08-08,104340.2671338749,40976.40530983926,0.39271899943733174,63363.861824035645,12,next_close
2019-08-09,103662.46141640664,40976.40530983926,0.39528682562571227,62686.05610656738,12,next_close
2019-08-12,102920.49131600381,40976.40530983926,0.3981365108725201,61944.08600616455,12,next_close
2019-08-13,104190.65384118081,40976.40530983926,0.3932829270109019,63214.24853134155,12,next_close
2019-08-14,102222.45920388223,40976.40530983926,0.4008552095984309,61246.05389404297,12,next_close
2019-08-15,102895.006881876,40976.40530983926,0.39823511899737163,61918.60157203674,12,next_close
2019-08-16,105052.04809395791,40976.40530983926,0.39005812883524377,64075.64278411865,12,next_close
2019-08-19,105111.04028527261,40976.40530983926,0.38983921383166614,64134.63497543335,12,next_close
2019-08-20,105131.5392572117,40976.40530983926,0.38976320140797716,64155.13394737244,12,next_close
2019-08-21,106505.77621857644,40976.40530983926,0.3847341126902399,65529.37090873718,12,next_close
2019-08-22,106372.18628518106,40976.40530983926,0.3852172897902332,65395.7809753418,12,next_close
2019-08-23,104567.18948952676,40976.40530983926,0.39186675581391023,63590.7841796875,12,next_close
2019-08-26,105468.81438652994,40976.40530983926,0.3885167909413098,64492.409076690674,12,next_close
2019-08-27,105430.28441826822,40976.40530983926,0.3886587761375626,64453.879108428955,12,next_close
2019-08-28,105555.4314786625,40976.40530983926,0.3881979803012073,64579.02616882324,12,next_close
2019-08-29,106370.83412758828,40976.40530983926,0.3852221865693882,65394.42881774902,12,next_close
2019-08-30,105878.04157654764,40976.40530983926,0.38701514213609783,64901.636266708374,12,next_close
2019-09-03,104188.01943499566,41552.69483096124,0.39882411678711815,62635.324604034424,12,next_close
2019-09-04,105409.39195544244,41552.69483096124,0.3942029648413679,63856.6971244812,12,next_close
2019-09-05,106707.46227175713,41552.69483096124,0.3894075816847462,65154.7674407959,12,next_close
2019-09-06,106140.7791395855,41552.69483096124,0.3914866196366939,64588.08430862427,12,next_close
2019-09-09,103860.6834479046,41552.69483096124,0.4000810841169135,62307.98861694336,12,next_close
2019-09-10,100774.56647021294,41552.69483096124,0.41233315395351694,59221.87163925171,12,next_close
2019-09-11,101126.84816271783,41552.69483096124,0.41089676565516026,59574.15333175659,12,next_close
2019-09-12,102589.64964968682,41552.69483096124,0.405037886110844,61036.954818725586,12,next_close
2019-09-13,101887.03488070489,41552.69483096124,0.4078310344354754,60334.34004974365,12,next_close
2019-09-16,101768.43495471001,41552.69483096124,0.4083063166830995,60215.74012374878,12,next_close
2019-09-17,102256.03033358575,41552.69483096124,0.4063593579313176,60703.33550262451,12,next_close
2019-09-18,101755.72729403496,41552.69483096124,0.408357307602843,60203.03246307373,12,next_close
2019-09-19,101813.68002612115,41552.69483096124,0.4081248690775203,60260.98519515991,12,next_close
2019-09-20,100987.2026892376,41552.69483096124,0.41146495520654314,59434.50785827637,12,next_close
2019-09-23,101086.61359698296,41552.69483096124,0.4110603110776423,59533.91876602173,12,next_close
2019-09-24,99981.24116808892,41552.69483096124,0.41560491093626917,58428.546337127686,12,next_close
2019-09-25,100927.5121184063,41552.69483096124,0.4117083038984691,59374.81728744507,12,next_close
2019-09-26,100772.87000948907,41552.69483096124,0.41234009537535765,59220.17517852783,12,next_close
2019-09-27,99551.3212691021,41552.69483096124,0.4173997321305068,57998.62643814087,12,next_close
2019-09-30,100090.27687747002,41552.69483096124,0.4151521619010988,58537.58204650879,12,next_close
2019-10-01,98787.16225628853,17817.60977368355,0.18036361574450763,80969.55248260498,12,next_close
2019-10-02,97519.919130373,17817.60977368355,0.18270738873217726,79702.30935668945,12,next_close
2019-10-03,98753.43214993477,17817.60977368355,0.18042522052936386,80935.82237625122,12,next_close
2019-10-04,100034.33532338143,17817.60977368355,0.17811494139571665,82216.72554969788,12,next_close
2019-10-07,99600.87255864144,17817.60977368355,0.1788900972046523,81783.26278495789,12,next_close
2019-10-08,98270.6531601429,17817.60977368355,0.18131160423496712,80453.04338645935,12,next_close
2019-10-09,99119.60040478707,17817.60977368355,0.1797586925383028,81301.99063110352,12,next_close
2019-10-10,99748.35720448494,17817.60977368355,0.17862559618056972,81930.74743080139,12,next_close
2019-10-11,100936.25198369026,17817.60977368355,0.17652339395921499,83118.64221000671,12,next_close
2019-10-14,101146.82448964119,17817.60977368355,0.17615589875002272,83329.21471595764,12,next_close
2019-10-15,101640.23197369576,17817.60977368355,0.17530075864343467,83822.6222000122,12,next_close
2019-10-16,100452.93109135628,17817.60977368355,0.17737272153342581,82635.32131767273,12,next_close
2019-10-17,101439.00415425301,17817.60977368355,0.17564850840401824,83621.39438056946,12,next_close
2019-10-18,100732.80025486946,17817.60977368355,0.17687992122329826,82915.19048118591,12,next_close
2019-10-21,101508.83474926949,17817.60977368355,0.17552767517914766,83691.22497558594,12,next_close
2019-10-22,99773.41182141304,17817.60977368355,0.17858074058423243,81955.80204772949,12,next_close
2019-10-23,99672.16473965645,17817.60977368355,0.17876214307397778,81854.5549659729,12,next_close
2019-10-24,101811.36882405281,17817.60977368355,0.1750060919471123,83993.75905036926,12,next_close
2019-10-25,102302.52776722908,17817.60977368355,0.17416587998904878,84484.91799354553,12,next_close
2019-10-28,103699.66661458016,17817.60977368355,0.17181935444311638,85882.0568408966,12,next_close
2019-10-29,102119.33353047371,17817.60977368355,0.174478320193566,84301.72375679016,12,next_close
2019-10-30,102407.42888836861,17817.60977368355,0.17398747304852283,84589.81911468506,12,next_close
2019-10-31,102273.12709240914,17817.60977368355,0.17421594782747188,84455.51731872559,12,next_close
2019-11-01,103232.81922144414,18901.19517511845,0.18309288962237485,84331.62404632568,12,next_close
2019-11-04,102318.16452974797,18901.19517511845,0.1847296153326042,83416.96935462952,12,next_close
2019-11-05,102099.11339563847,18901.19517511845,0.18512594817425596,83197.91822052002,12,next_close
2019-11-06,102084.13804049016,18901.19517511845,0.18515310544740626,83182.9428653717,12,next_close
2019-11-07,100729.80687517644,18901.19517511845,0.187642523712377,81828.61170005798,12,next_close
2019-11-08,101480.27835649968,18901.19517511845,0.18625486135068187,82579.08318138123,12,next_close
2019-11-11,102018.0224074793,18901.19517511845,0.18527309909638806,83116.82723236084,12,next_close
2019-11-12,102823.47132486821,18901.19517511845,0.18382179605083154,83922.27614974976,12,next_close
2019-11-13,103378.67047304631,18901.19517511845,0.18283457398541914,84477.47529792786,12,next_close
2019-11-14,104025.18311876775,18901.19517511845,0.18169826390537142,85123.98794364929,12,next_close
2019-11-15,105848.24557489873,18901.19517511845,0.17856880926518404,86947.05039978027,12,next_close
2019-11-18,105605.3954505396,18901.19517511845,0.17897944602622928,86704.20027542114,12,next_close
2019-11-19,104857.14246935368,18901.19517511845,0.18025663040209827,85955.94729423523,12,next_close
2019-11-20,104795.60573572636,18901.19517511845,0.1803624783923049,85894.41056060791,12,next_close
2019-11-21,103663.96776194096,18901.19517511845,0.18233138845817753,84762.77258682251,12,next_close
2019-11-22,103718.06933969975,18901.19517511845,0.18223628048081797,84816.8741645813,12,next_close
2019-11-25,105261.56744379521,18901.19517511845,0.17956406724810373,86360.37226867676,12,next_close
2019-11-26,106006.17864031316,18901.19517511845,0.1783027689287019,87104.9834651947,12,next_close
2019-11-27,106382.63077730656,18901.19517511845,0.17767181575613408,87481.43560218811,12,next_close
2019-11-29,105412.87153620244,18901.19517511845,0.17930633042879515,86511.67636108398,12,next_close
2019-12-02,103092.62291868684,20428.13723143099,0.19815323980595057,82664.48568725586,12,next_close
2019-12-03,102551.48532827852,20428.13723143099,0.19919884305954505,82123.34809684753,12,next_close
2019-12-04,103380.60362776277,20428.13723143099,0.19760125704997364,82952.46639633179,12,next_close
2019-12-05,105204.77083166597,20428.13723143099,0.19417500812883523,84776.63360023499,12,next_close
2019-12-06,106573.29302938936,20428.13723143099,0.19168158035425995,86145.15579795837,12,next_close
2019-12-09,106147.5207858896,20428.13723143099,0.19245044142516177,85719.38355445862,12,next_close
2019-12-10,106443.81279715059,20428.13723143099,0.19191474539117442,86015.6755657196,12,next_close
2019-12-11,107861.44512899873,20428.13723143099,0.1893923932411587,87433.30789756775,12,next_close
2019-12-12,108160.6441894388,20428.13723143099,0.1888684870963968,87732.50695800781,12,next_close
2019-12-13,108030.42570456026,20428.13723143099,0.18909614674015546,87602.28847312927,12,next_close
2019-12-16,109435.74373777864,20428.13723143099,0.18666787042064878,89007.60650634766,12,next_close
2019-12-17,109996.49892958162,20428.13723143099,0.1857162494281643,89568.36169815063,12,next_close
2019-12-18,110210.90673407076,20428.13723143099,0.18535495112768005,89782.76950263977,12,next_close
2019-12-19,111177.80406149385,20428.13723143099,0.18374294585034193,90749.66683006287,12,next_close
2019-12-20,111362.30274923799,20428.13723143099,0.18343853105687302,90934.165517807,12,next_close
2019-12-23,112023.70676764009,20428.13723143099,0.18235548368170937,91595.5695362091,12,next_close
2019-12-24,112649.52360113618,20428.13723143099,0.1813424200865857,92221.3863697052,12,next_close
2019-12-26,112901.70384939668,20428.13723143099,0.18093736883440445,92473.5666179657,12,next_close
2019-12-27,112242.48492010591,20428.13723143099,0.1820000443323374,91814.34768867493,12,next_close
2019-12-30,111608.3924365854,20428.13723143099,0.18303406030185426,91180.25520515442,12,next_close
2019-12-31,111667.24022444246,20428.13723143099,0.18293760274161,91239.10299301147,12,next_close
2020-01-02,112718.54641111848,33419.41522177217,0.2964855055873547,79299.13118934631,12,next_close
2020-01-03,112043.05882605074,33419.41522177217,0.2982729637331353,78623.64360427856,12,next_close
2020-01-06,111887.66864927766,33419.41522177217,0.2986872067781522,78468.2534275055,12,next_close
2020-01-07,112703.7676559305,33419.41522177217,0.29652438349529864,79284.35243415833,12,next_close
2020-01-08,114246.58240469453,33419.41522177217,0.2925200432113663,80827.16718292236,12,next_close
2020-01-09,114405.72075232027,33419.41522177217,0.29211314785667647,80986.3055305481,12,next_close
2020-01-10,114080.93140753267,33419.41522177217,0.29294479637782406,80661.5161857605,12,next_close
2020-01-13,116379.3035655832,33419.41522177217,0.2871594364107819,82959.88834381104,12,next_close
2020-01-14,116657.35040625093,33419.41522177217,0.2864750065503068,83237.93518447876,12,next_close
2020-01-15,115144.3871341562,33419.41522177217,0.2902392036082035,81724.97191238403,12,next_close
2020-01-16,116012.10206564424,33419.41522177217,0.28806835344524784,82592.68684387207,12,next_close
2020-01-17,115961.65539892671,33419.41522177217,0.2881936714925638,82542.24017715454,12,next_close
2020-01-21,116725.62742575166,33419.41522177217,0.28630743701103706,83306.21220397949,12,next_close
2020-01-22,117907.89609106538,33419.41522177217,0.2834366173064517,84488.48086929321,12,next_close
2020-01-23,118918.9080730295,33419.41522177217,0.28102692635933824,85499.49285125732,12,next_close
2020-01-24,116763.46688421724,33419.41522177217,0.28621465355179027,83344.05166244507,12,next_close
2020-01-27,114392.23290976045,33419.41522177217,0.292147590546077,80972.81768798828,12,next_close
2020-01-28,116221.19592245576,33419.41522177217,0.28755008891897843,82801.7807006836,12,next_close
2020-01-29,116168.10222967622,33419.41522177217,0.28768151136444126,82748.68700790405,12,next_close
2020-01-30,117926.46417196748,33419.41522177217,0.28339198886721445,84507.04895019531,12,next_close
2020-01-31,115166.84763296602,33419.41522177217,0.29018259949494357,81747.43241119385,12,next_close
2020-02-03,119092.61291233537,35840.87791935442,0.3009496310718873,83251.73499298096,12,next_close
2020-02-04,123001.01477924822,35840.87791935442,0.29138684736608544,87160.1368598938,12,next_close
2020-02-05,120752.16686932085,35840.87791935442,0.2968135384116275,84911.28894996643,12,next_close
2020-02-06,120644.68324390886,35840.87791935442,0.2970779727349813,84803.80532455444,12,next_close
2020-02-07,119496.97347179888,35840.87791935442,0.29993126083492666,83656.09555244446,12,next_close
2020-02-10,121076.7899066591,35840.87791935442,0.2960177416909135,85235.91198730469,12,next_close
2020-02-11,122074.81995502947,35840.87791935442,0.29359763080181206,86233.94203567505,12,next_close
2020-02-12,123826.9883605623,35840.87791935442,0.2894431851559865,87986.11044120789,12,next_close
2020-02-13,125043.37917629717,35840.87791935442,0.28662755401725665,89202.50125694275,12,next_close
2020-02-14,126057.23307529924,35840.87791935442,0.2843222641412823,90216.35515594482,12,next_close
2020-02-18,127264.81682507036,35840.87791935442,0.2816244018849206,91423.93890571594,12,next_close
2020-02-19,129038.4965888643,35840.87791935442,0.277753374898258,93197.61866950989,12,next_close
2020-02-20,128292.35552517412,35840.87791935442,0.27936877277400646,92451.4776058197,12,next_close
2020-02-21,125965.84780041216,35840.87791935442,0.28452853329056976,90124.96988105774,12,next_close
2020-02-24,122216.03200451372,35840.87791935442,0.2932583993402006,86375.1540851593,12,next_close
2020-02-25,119027.58122173784,35840.87791935442,0.3011140573594118,83186.70330238342,12,next_close
2020-02-26,118277.201047101,35840.87791935442,0.3030244003244688,82436.32312774658,12,next_close
2020-02-27,113622.17694012163,35840.87791935442,0.3154391060315839,77781.29902076721,12,next_close
2020-02-28,113569.85370747087,35840.87791935442,0.3155844332746264,77728.97578811646,12,next_close
2020-03-02,117626.19119533538,29463.459191169728,0.2504838326545945,88162.73200416565,12,next_close
2020-03-03,115150.77870067596,29463.459191169728,0.2558685188552422,85687.31950950623,12,next_close
2020-03-04,118632.33576854705,29463.459191169728,0.24835942915811124,89168.87657737732,12,next_close
2020-03-05,115897.87773403167,29463.459191169728,0.2542191433287844,86434.41854286194,12,next_close
2020-03-06,113367.15127262115,29463.459191169728,0.2598941479998654,83903.69208145142,12,next_close
2020-03-09,106538.07779392242,29463.459191169728,0.2765533206649473,77074.61860275269,12,next_close
2020-03-10,110226.97976192474,29463.459191169728,0.26729807216714807,80763.520570755,12,next_close
2020-03-11,104934.21693119049,29463.459191169728,0.2807802836179745,75470.75774002075,12,next_close
2020-03-12,96523.07183727264,29463.459191169728,0.3052478400277387,67059.6126461029,12,next_close
2020-03-13,99375.14351543426,29463.459191169728,0.296487211478529,69911.68432426453,12,next_close
2020-03-16,86669.80749401092,29463.459191169728,0.3399506707477771,57206.34830284119,12,next_close
2020-03-17,89985.92936214447,29463.459191169728,0.3274229582337847,60522.47017097473,12,next_close
2020-03-18,85249.94043048858,29463.459191169728,0.34561266603105434,55786.48123931885,12,next_close
2020-03-19,88058.38451656341,29463.459191169728,0.33459004901035605,58594.92532539368,12,next_close
2020-03-20,87390.78497966766,29463.459191169728,0.3371460640618424,57927.325788497925,12,next_close
2020-03-23,89613.49497493744,29463.459191169728,0.3287837306134516,60150.0357837677,12,next_close
2020-03-24,98405.09619220733,29463.459191169728,0.2994098916749286,68941.6370010376,12,next_close
2020-03-25,99402.7639358902,29463.459191169728,0.2964048284429212,69939.30474472046,12,next_close
2020-03-26,102753.08323749542,29463.459191169728,0.2867403902914543,73289.62404632568,12,next_close
2020-03-27,101214.1555260086,29463.459191169728,0.2911001829541385,71750.69633483887,12,next_close
2020-03-30,101988.35010036468,29463.459191169728,0.28889043858612606,72524.89090919495,12,next_close
2020-03-31,100541.11787494659,29463.459191169728,0.29304885219017046,71077.65868377686,12,next_close
2020-04-01,95400.87913414478,5212.459227528569,0.05463743389826882,90188.41990661621,12,next_close
2020-04-02,97562.20348831653,5212.459227528569,0.05342703466258613,92349.74426078796,12,next_close
2020-04-03,98223.77671905994,5212.459227528569,0.053067183951165574,93011.31749153137,12,next_close
2020-04-06,103927.43004509449,5212.459227528569,0.050154797682063955,98714.97081756592,12,next_close
2020-04-07,100691.71909996509,5212.459227528569,0.05176651341461083,95479.25987243652,12,next_close
2020-04-08,104073.63218971729,5212.459227528569,0.0500843404602878,98861.17296218872,12,next_close
2020-04-09,104582.4292688036,5212.459227528569,0.04984067843873864,99369.97004127502,12,next_close
2020-04-13,108041.98723312854,5212.459227528569,0.04824475521985114,102829.52800559998,12,next_close
2020-04-14,114097.17996689319,5212.459227528569,0.04568438263803744,108884.72073936462,12,next_close
2020-04-15,115190.15488716602,5212.459227528569,0.04525090909578521,109977.69565963745,12,next_close
2020-04-16,119292.1619538927,5212.459227528569,0.04369490117500949,114079.70272636414,12,next_close
2020-04-17,124103.8650197649,5212.459227528569,0.04200078077099716,118891.40579223633,12,next_close
2020-04-20,126925.15580078601,5212.459227528569,0.04106718793955807,121712.69657325745,12,next_close
2020-04-21,120368.55674263477,5212.459227528569,0.04330415989512572,115156.0975151062,12,next_close
2020-04-22,126304.75025078296,5212.459227528569,0.04126890886668181,121092.2910232544,12,next_close
2020-04-23,124012.94887062549,5212.459227528569,0.042031572307553,118800.48964309692,12,next_close
2020-04-24,127431.03461548328,5212.459227528569,0.040904158419939864,122218.57538795471,12,next_close
2020-04-27,128200.23124023914,5212.459227528569,0.0406587349890247,122987.77201271057,12,next_close
2020-04-28,124759.05716034412,5212.459227528569,0.04178020695386755,119546.59793281555,12,next_close
2020-04-29,127591.60085579395,5212.459227528569,0.0408526830337349,122379.14162826538,12,next_close
2020-04-30,125848.19504448413,5212.459227528569,0.041418625238813296,120635.73581695557,12,next_close
2020-05-01,122983.91567106245,3802.757210445392,0.030920768701302323,119181.15846061707,12,next_close
2020-05-04,127505.4762122154,3802.757210445392,0.02982426577597517,123702.71900177002,12,next_close
2020-05-05,130149.18875188826,3802.757210445392,0.029218447282793533,126346.43154144287,12,next_close
2020-05-06,133196.6833102226,3802.757210445392,0.028549939202228897,129393.92609977722,12,next_close
2020-05-07,135529.8150832176,3802.757210445392,0.02805845494668782,131727.05787277222,12,next_close
2020-05-08,139210.16206521986,3802.757210445392,0.027316663913255147,135407.40485477448,12,next_close
2020-05-11,144701.80649251936,3802.757210445392,0.02627995670974559,140899.04928207397,12,next_close
2020-05-12,141604.32190961836,3802.757210445392,0.02685481035580661,137801.56469917297,12,next_close
2020-05-13,142480.70435781477,3802.757210445392,0.026689629501658332,138677.94714736938,12,next_close
2020-05-14,142839.8281495094,3802.757210445392,0.02662252720204251,139037.07093906403,12,next_close
2020-05-15,147581.20077199934,3802.757210445392,0.02576721960895504,143778.44356155396,12,next_close
2020-05-18,148983.16604681013,3802.757210445392,0.025524744246947843,145180.40883636475,12,next_close
2020-05-19,146014.87333364485,3802.757210445392,0.02604362914287553,142212.11612319946,12,next_close
2020-05-20,147837.0237376213,3802.757210445392,0.025722631004764157,144034.2665271759,12,next_close
2020-05-21,145892.81569166182,3802.757210445392,0.02606541790572029,142090.05848121643,12,next_close
2020-05-22,148662.97601766585,3802.757210445392,0.025579719391555195,144860.21880722046,12,next_close
2020-05-26,140637.55123395918,3802.757210445392,0.0270394156971581,136834.7940235138,12,next_close
2020-05-27,138783.7435709953,3802.757210445392,0.02740059543429219,134980.98636054993,12,next_close
2020-05-28,140568.45225973128,3802.757210445392,0.02705270741274833,136765.6950492859,12,next_close
2020-05-29,146585.57622404097,3802.757210445392,0.025942233256519516,142782.81901359558,12,next_close
2020-06-01,147007.2587245655,1620.5258773517494,0.011023441232844055,145386.73284721375,12,next_close
2020-06-02,147434.2950729084,1620.5258773517494,0.010991512365222595,145813.76919555664,12,next_close
2020-06-03,145374.6978324604,1620.5258773517494,0.011147234708060082,143754.17195510864,12,next_close
2020-06-04,142403.88982617378,1620.5258773517494,0.011379786600842538,140783.36394882202,12,next_close
2020-06-05,141973.35082089424,1620.5258773517494,0.011414296189966776,140352.82494354248,12,next_close
2020-06-08,143429.45905911445,1620.5258773517494,0.011298417270637894,141808.9331817627,12,next_close
2020-06-09,143933.5648196888,1620.5258773517494,0.01125884625578367,142313.03894233704,12,next_close
2020-06-10,148148.39640652656,1620.5258773517494,0.010938531341945449,146527.8705291748,12,next_close
2020-06-11,142460.75023495674,1620.5258773517494,0.011375244582659146,140840.22435760498,12,next_close
2020-06-12,144608.18500172615,1620.5258773517494,0.011206321947353158,142987.6591243744,12,next_close
2020-06-15,150475.48295437812,1620.5258773517494,0.01076936817569855,148854.95707702637,12,next_close
2020-06-16,150587.1281627369,1620.5258773517494,0.010761383772459459,148966.60228538513,12,next_close
2020-06-17,152151.10890423774,1620.5258773517494,0.010650766129951052,150530.583026886,12,next_close
2020-06-18,153702.46251713752,1620.5258773517494,0.010543265545736223,152081.93663978577,12,next_close
2020-06-19,156514.46544682502,1620.5258773517494,0.010353840922788793,154893.93956947327,12,next_close
2020-06-22,158852.67894589424,1620.5258773517494,0.010201438767700645,157232.15306854248,12,next_close
2020-06-23,159240.72637402534,1620.5258773517494,0.010176579285034475,157620.20049667358,12,next_close
2020-06-24,156590.6925185871,1620.5258773517494,0.01034880075748688,154970.16664123535,12,next_close
2020-06-25,158226.1487182331,1620.5258773517494,0.010241833543187346,156605.62284088135,12,next_close
2020-06-26,155884.1671355915,1620.5258773517494,0.010395705395418254,154263.64125823975,12,next_close
2020-06-29,157274.00932728767,1620.5258773517494,0.010303837768765915,155653.4834499359,12,next_close
2020-06-30,161658.65308415412,1620.5258773517494,0.010024368299717043,160038.12720680237,12,next_close
2020-07-01,164325.02191452024,5855.935753860464,0.03563629985034565,158469.0861606598,12,next_close
2020-07-02,166016.97193817137,5855.935753860464,0.035273115064653464,160161.0361843109,12,next_close
2020-07-06,170045.38176063536,5855.935753860464,0.034437487764904906,164189.4460067749,12,next_close
2020-07-07,171410.08432868955,5855.935753860464,0.03416330945051833,165554.1485748291,12,next_close
2020-07-08,172613.1269731903,5855.935753860464,0.033925205206264464,166757.19121932983,12,next_close
2020-07-09,176265.9122000122,5855.935753860464,0.033222168034484315,170409.97644615173,12,next_close
2020-07-10,177203.52287200926,5855.935753860464,0.03304638451285246,171347.5871181488,12,next_close
2020-07-13,172909.96404747007,5855.935753860464,0.0338669653083312,167054.02829360962,12,next_close
2020-07-14,175825.93969062803,5855.935753860464,0.033305300481625125,169970.00393676758,12,next_close
2020-07-15,177438.3020220184,5855.935753860464,0.033002658879895036,171582.36626815796,12,next_close
2020-07-16,176254.77164939878,5855.935753860464,0.03322426791093595,170398.83589553833,12,next_close
2020-07-17,180865.58695892332,5855.935753860464,0.032377280013972005,175009.65120506287,12,next_close
2020-07-20,184772.65415863035,5855.935753860464,0.031692653767007355,178916.7184047699,12,next_close
2020-07-21,180581.79672912596,5855.935753860464,0.03242816197384729,174725.8609752655,12,next_close
2020-07-22,182032.13285354612,5855.935753860464,0.03216979146517969,176176.19709968567,12,next_close
2020-07-23,175762.92310050962,5855.935753860464,0.03331724148961587,169906.98734664917,12,next_close
2020-07-24,172893.89925102232,5855.935753860464,0.033870112127891275,167037.96349716187,12,next_close
2020-07-27,179732.30840400694,5855.935753860464,0.03258143071693788,173876.37265014648,12,next_close
2020-07-28,177490.90192321775,5855.935753860464,0.032992878454095244,171634.9661693573,12,next_close
2020-07-29,181370.9093809509,5855.935753860464,0.03228707279379999,175514.97362709045,12,next_close
2020-07-30,182241.85773757932,5855.935753860464,0.03213277030073281,176385.92198371887,12,next_close
2020-07-31,180366.74250892637,5855.935753860464,0.03246682660230809,174510.80675506592,12,next_close
2020-08-03,187028.94356723546,29861.69206519842,0.15966348039849443,157167.25150203705,12,next_close
2020-08-04,188392.80853553533,29861.69206519842,0.15850760067397052,158531.1164703369,12,next_close
2020-08-05,189633.4278401923,29861.69206519842,0.15747061267258974,159771.7357749939,12,next_close
2020-08-06,186960.4282378745,29861.69206519842,0.1597219922239621,157098.7361726761,12,next_close
2020-08-07,184143.04710956334,29861.69206519842,0.16216573220617447,154281.35504436493,12,next_close
2020-08-10,180585.37337775945,29861.69206519842,0.16536052453557198,150723.68131256104,12,next_close
2020-08-11,176169.18838401555,29861.69206519842,0.16950575942999505,146307.49631881714,12,next_close
2020-08-12,180957.26112838506,29861.69206519842,0.16502068985235263,151095.56906318665,12,next_close
2020-08-13,183315.40471931218,29861.69206519842,0.1628978869011138,153453.71265411377,12,next_close
2020-08-14,183633.82422919988,29861.69206519842,0.16261542333250645,153772.13216400146,12,next_close
2020-08-17,190484.07061095952,29861.69206519842,0.15676739776412738,160622.3785457611,12,next_close
2020-08-18,192311.1761283469,29861.69206519842,0.1552779857436313,162449.4840631485,12,next_close
2020-08-19,192271.4222077918,29861.69206519842,0.15531009092410133,162409.73014259338,12,next_close
2020-08-20,194864.2287330222,29861.69206519842,0.15324358020635512,165002.5366678238,12,next_close
2020-08-21,195215.79585452794,29861.69206519842,0.15296760149189428,165354.10378932953,12,next_close
2020-08-24,193259.8413419318,29861.69206519842,0.15451576415383972,163398.1492767334,12,next_close
2020-08-25,194545.04689498662,29861.69206519842,0.15349500047316778,164683.3548297882,12,next_close
2020-08-26,199879.59041686772,29861.69206519842,0.14939840532452087,170017.8983516693,12,next_close
2020-08-27,198184.485855062,29861.69206519842,0.15067623450120676,168322.7937898636,12,next_close
2020-08-28,198185.1482095313,29861.69206519842,0.15067573092625053,168323.4561443329,12,next_close
2020-08-31,203065.10757919072,29861.69206519842,0.14705476692273706,173203.4155139923,12,next_close
2020-09-01,206647.00169092417,12592.413925230485,0.06093683345120384,194054.58776569366,12,next_close
2020-09-02,203549.0715122819,12592.413925230485,0.061864266103865154,190956.6575870514,12,next_close
2020-09-03,189471.6161852479,12592.413925230485,0.06646068777351212,176879.2022600174,12,next_close
2020-09-04,184333.23684984446,12592.413925230485,0.06831331202352893,171740.82292461395,12,next_close
2020-09-08,175131.8374939561,12592.413925230485,0.07190248275482782,162539.4235687256,12,next_close
2020-09-09,183333.43500334024,12592.413925230485,0.06868585604694014,170741.02107810974,12,next_close
2020-09-10,181231.38587766886,12592.413925230485,0.06948252293192947,168638.97195243835,12,next_close
2020-09-11,180021.20907312632,12592.413925230485,0.06994961310428333,167428.7951478958,12,next_close
2020-09-14,187810.37306410074,12592.413925230485,0.06704855392056872,175217.95913887024,12,next_close
2020-09-15,191517.0654335618,12592.413925230485,0.06575087132169355,178924.6515083313,12,next_close
2020-09-16,188231.6961966157,12592.413925230485,0.0668984776723108,175639.2822713852,12,next_close
2020-09-17,185378.08700281382,12592.413925230485,0.067928276361161,172785.6730775833,12,next_close
2020-09-18,187604.26311212778,12592.413925230485,0.06712221628835918,175011.84918689728,12,next_close
2020-09-21,190728.02644735575,12592.413925230485,0.06602288169067912,178135.61252212524,12,next_close
2020-09-22,193480.5078726411,12592.413925230485,0.06508363071653432,180888.09394741058,12,next_close
2020-09-23,188041.03001123667,12592.413925230485,0.06696631008922897,175448.61608600616,12,next_close
2020-09-24,186668.10511118174,12592.413925230485,0.06745884047909681,174075.69118595123,12,next_close
2020-09-25,194902.0652771592,12592.413925230485,0.06460893016871588,182309.6513519287,12,next_close
2020-09-28,199545.269041121,12592.413925230485,0.06310554986214943,186952.8551158905,12,next_close
2020-09-29,199543.58634191751,12592.413925230485,0.06310608201485068,186951.172416687,12,next_close
2020-09-30,202148.40720659494,12592.413925230485,0.062292916868551346,189555.99328136444,12,next_close
2020-10-01,207440.75519525766,1893.1325603699552,0.009126136079614669,205547.6226348877,12,next_close
2020-10-02,202441.81409036875,1893.1325603699552,0.009351489804003004,200548.68152999878,12,next_close
2020-10-05,209031.60458910227,1893.1325603699552,0.009056680993724968,207138.4720287323,12,next_close
2020-10-06,208338.30575906992,1893.1325603699552,0.009086819408809264,206445.17319869995,12,next_close
2020-10-07,213335.62407552957,1893.1325603699552,0.008873963589408342,211442.4915151596,12,next_close
2020-10-08,210678.7774130082,1893.1325603699552,0.008985872158630939,208785.64485263824,12,next_close
2020-10-09,214761.55109083414,1893.1325603699552,0.008815044176921819,212868.41853046417,12,next_close
2020-10-12,213575.780918715,1893.1325603699552,0.008863985196385466,211682.64835834503,12,next_close
2020-10-13,217894.70531236887,1893.1325603699552,0.00868829078547826,216001.5727519989,12,next_close
2020-10-14,216157.37461530924,1893.1325603699552,0.008758121547965337,214264.24205493927,12,next_close
2020-10-15,217644.721786139,1893.1325603699552,0.008698270028483281,215751.58922576904,12,next_close
2020-10-16,216483.8227287507,1893.1325603699552,0.008744914684650627,214590.69016838074,12,next_close
2020-10-19,215788.5154491639,1893.1325603699552,0.008773092286349895,213895.38288879395,12,next_close
2020-10-20,215028.1271530366,1893.1325603699552,0.008804115933273246,213134.99459266663,12,next_close
2020-10-21,207380.8938995576,1893.1325603699552,0.009128770374029108,205487.76133918762,12,next_close
2020-10-22,206983.83051836252,1893.1325603699552,0.009146282372052277,205090.69795799255,12,next_close
2020-10-23,207545.97140848398,1893.1325603699552,0.009121509550498404,205652.838848114,12,next_close
2020-10-26,206687.85909998178,1893.1325603699552,0.009159379600783344,204794.72653961182,12,next_close
2020-10-27,208998.32268583536,1893.1325603699552,0.0090581232233892,207105.1901254654,12,next_close
2020-10-28,203092.78367864847,1893.1325603699552,0.00932151564462004,201199.6511182785,12,next_close
2020-10-29,202554.85218012094,1893.1325603699552,0.009346271096416373,200661.71961975098,12,next_close
2020-10-30,192482.82050382852,1893.1325603699552,0.009835332604824857,190589.68794345856,12,next_close
2020-11-02,195346.2039402461,810.5509479975699,0.004149304832386233,194535.65299224854,12,next_close
2020-11-03,199660.9338520503,810.5509479975699,0.004059637167670427,198850.38290405273,12,next_close
2020-11-04,206934.9060886836,810.5509479975699,0.0039169367958163705,206124.35514068604,12,next_close
2020-11-05,216495.22495159865,810.5509479975699,0.003743966861988679,215684.67400360107,12,next_close
2020-11-06,218189.2160747981,810.5509479975699,0.0037148992171991786,217378.66512680054,12,next_close
2020-11-09,204229.2490032649,810.5509479975699,0.0039688289113995225,203418.69805526733,12,next_close
2020-11-10,196099.91366085768,810.5509479975699,0.00413335698555873,195289.3627128601,12,next_close
2020-11-11,205804.2483356929,810.5509479975699,0.003938455860616921,204993.6973876953,12,next_close
2020-11-12,207532.1020992732,810.5509479975699,0.003905665387660565,206721.55115127563,12,next_close
2020-11-13,207066.36743054152,810.5509479975699,0.0039144500290200996,206255.81648254395,12,next_close
2020-11-16,206812.44631085158,810.5509479975699,0.003919256130161832,206001.895362854,12,next_close
2020-11-17,207815.00648770094,810.5509479975699,0.003900348495985734,207004.45553970337,12,next_close
2020-11-18,207525.471545074,810.5509479975699,0.003905790175841236,206714.92059707642,12,next_close
2020-11-19,212094.00744518996,810.5509479975699,0.003821658884950039,211283.45649719238,12,next_close
2020-11-20,214612.3706539607,810.5509479975699,0.0037768137294587546,213801.81970596313,12,next_close
2020-11-23,216368.26270947218,810.5509479975699,0.003746163775811865,215557.7117614746,12,next_close
2020-11-24,217104.24725231886,810.5509479975699,0.0037334642608605737,216293.6963043213,12,next_close
2020-11-25,220675.21905407668,810.5509479975699,0.003673049250713301,219864.6681060791,12,next_close
2020-11-27,225947.5690525508,810.5509479975699,0.0035873408658318082,225137.01810455322,12,next_close
2020-11-30,223393.48790631056,810.5509479975699,0.0036283553097013663,222582.936958313,12,next_close
2020-12-01,219180.21519138096,891.4008908438627,0.004066976985425079,218288.8143005371,12,next_close
2020-12-02,221299.24705936192,891.4008908438627,0.004028033997805473,220407.84616851807,12,next_close
2020-12-03,222086.82440997838,891.4008908438627,0.004013749546881324,221195.42351913452,12,next_close
2020-12-04,226035.84324695347,891.4008908438627,0.003943626276430728,225144.44235610962,12,next_close
2020-12-07,228077.92559482335,891.4008908438627,0.003908317249550146,227186.5247039795,12,next_close
2020-12-08,234147.35960056065,891.4008908438627,0.0038070080839883546,233255.9587097168,12,next_close
2020-12-09,224758.80180789708,891.4008908438627,0.003966033292906363,223867.40091705322,12,next_close
2020-12-10,228238.69806339024,891.4008908438627,0.003905564211535627,227347.2971725464,12,next_close
2020-12-11,227978.63335849522,891.4008908438627,0.003910019450998899,227087.23246765137,12,next_close
2020-12-14,227534.40253116368,891.4008908438627,0.00391765324683934,226643.00164031982,12,next_close
2020-12-15,232792.58029605626,891.4008908438627,0.003829163668834354,231901.1794052124,12,next_close
2020-12-16,234418.83397723912,891.4008908438627,0.003802599286584683,233527.43308639526,12,next_close
2020-12-17,237878.49659778355,891.4008908438627,0.003747294957690465,236987.0957069397,12,next_close
2020-12-18,239943.15061237096,891.4008908438627,0.0037150503715937455,239051.7497215271,12,next_close
2020-12-21,239378.2648205924,891.4008908438627,0.0037238171623975294,238486.86392974854,12,next_close
2020-12-22,240614.81555225133,891.4008908438627,0.003704679983225257,239723.41466140747,12,next_close
2020-12-23,239170.8808751273,891.4008908438627,0.003727046066737819,238279.47998428345,12,next_close
2020-12-24,241937.37035037755,891.4008908438627,0.003684428286349156,241045.9694595337,12,next_close
2020-12-28,234580.32007648228,891.4008908438627,0.003799981560913684,233688.91918563843,12,next_close
2020-12-29,237893.81269885777,891.4008908438627,0.003747053699005862,237002.41180801392,12,next_close
2020-12-30,244994.03557254552,891.4008908438627,0.0036384595598855257,244102.63468170166,12,next_close
2020-12-31,244946.64308215855,891.4008908438627,0.003639163532218216,244055.2421913147,12,next_close
2021-01-04,242019.33846948383,2826.7958059096236,0.011680041040464433,239192.54266357422,12,next_close
2021-01-05,250685.87028024433,2826.7958059096236,0.011276247052733843,247859.07447433472,12,next_close
2021-01-06,253763.1875638747,2826.7958059096236,0.011139503066015402,250936.3917579651,12,next_close
2021-01-07,262236.7245015883,2826.7958059096236,0.010779557330432192,259409.9286956787,12,next_close
2021-01-08,264457.53623864887,2826.7958059096236,0.0106890347921819,261630.74043273926,12,next_close
2021-01-11,259527.93372247455,2826.7958059096236,0.010892067629731331,256701.13791656494,12,next_close
2021-01-12,264760.530642488,2826.7958059096236,0.010676802161749361,261933.73483657837,12,next_close
2021-01-13,264074.78266809223,2826.7958059096236,0.010704527624140998,261247.98686218262,12,next_close
2021-01-14,269580.2714490676,2826.7958059096236,0.010485914977067218,266753.47564315796,12,next_close
2021-01-15,262208.7920865798,2826.7958059096236,0.010780705648406452,259381.99628067017,12,next_close
2021-01-19,273303.66948220966,2826.7958059096236,0.010343058368975285,270476.87367630005,12,next_close
2021-01-20,273075.45858285663,2826.7958059096236,0.010351702128706364,270248.662776947,12,next_close
2021-01-21,276068.64477823017,2826.7958059096236,0.01023946710130891,273241.84897232056,12,next_close
2021-01-22,275119.76703927753,2826.7958059096236,0.01027478263859556,272292.9712333679,12,next_close
2021-01-25,274303.79116723774,2826.7958059096236,0.01030534719874207,271476.9953613281,12,next_close
2021-01-26,267076.704974153,2826.7958059096236,0.010584209529555164,264249.9091682434,12,next_close
2021-01-27,255155.38060662983,2826.7958059096236,0.011078723087041864,252328.58480072021,12,next_close
2021-01-28,261903.73702905414,2826.7958059096236,0.01079326258561952,259076.94122314453,12,next_close
2021-01-29,254353.4184713149,2826.7958059096236,0.011113653682733657,251526.62266540527,12,next_close
2021-02-01,264120.9527026153,955.8516055083237,0.0036189919645813052,263165.10109710693,12,next_close
2021-02-02,269001.14322004083,955.8516055083237,0.0035533365920547206,268045.29161453247,12,next_close
2021-02-03,273764.0598689056,955.8516055083237,0.0034915160374449517,272808.2082633972,12,next_close
2021-02-04,276975.28997144464,955.8516055083237,0.0034510356703909193,276019.4383659363,12,next_close
2021-02-05,280665.9011774993,955.8516055083237,0.003405656339078476,279710.04957199097,12,next_close
2021-02-08,285118.3189097381,955.8516055083237,0.0033524734894741165,284162.46730422974,12,next_close
2021-02-09,285111.23780927423,955.8516055083237,0.0033525567524200594,284155.38620376587,12,next_close
2021-02-10,285138.8564043975,955.8516055083237,0.0033522320232381424,284183.00479888916,12,next_close
2021-02-11,289639.0648203826,955.8516055083237,0.0033001473958669475,288683.21321487427,12,next_close
2021-02-12,292222.1118861175,955.8516055083237,0.0032709763109262267,291266.26028060913,12,next_close
2021-02-16,290916.1537219024,955.8516055083237,0.003285660123301568,289960.30211639404,12,next_close
2021-02-17,287719.70078763727,955.8516055083237,0.00332216251751849,286763.8491821289,12,next_close
2021-02-18,283791.0591517425,955.8516055083237,0.0033681526414728654,282835.20754623413,12,next_close
2021-02-19,287740.2042628265,955.8516055083237,0.003321925790513562,286784.3526573181,12,next_close
2021-02-22,273247.5563212371,955.8516055083237,0.0034981158418287885,272291.70471572876,12,next_close
2021-02-23,272018.0868769622,955.8516055083237,0.0035139266527547835,271062.23527145386,12,next_close
2021-02-24,275987.0024767852,955.8516055083237,0.003463393554516125,275031.15087127686,12,next_close
2021-02-25,263421.8260470367,955.8516055083237,0.0036285968397229413,262465.9744415283,12,next_close
2021-02-26,268102.4499178863,955.8516055083237,0.00356524756040491,267146.59831237793,12,next_close
2021-03-01,282314.77862293005,1437.716321294307,0.005092600282235219,280877.06230163574,12,next_close
2021-03-02,273767.42874271155,1437.716321294307,0.005251597415722826,272329.71242141724,12,next_close
2021-03-03,262195.4999249625,1437.716321294307,0.005483375274197176,260757.7836036682,12,next_close
2021-03-04,250995.91496783972,1437.716321294307,0.0057280466954154315,249558.1986465454,12,next_close
2021-03-05,254350.52699023962,1437.716321294307,0.005652499872152722,252912.8106689453,12,next_close
2021-03-08,241175.48007709265,1437.716321294307,0.005961287278602018,239737.76375579834,12,next_close
2021-03-09,257422.3418934989,1437.716321294307,0.005585048720787105,255984.6255722046,12,next_close
2021-03-10,253312.05593997717,1437.716321294307,0.0056756727032170025,251874.33961868286,12,next_close
2021-03-11,265357.8551114249,1437.716321294307,0.00541802812164955,263920.1387901306,12,next_close
2021-03-12,262305.97127658606,1437.716321294307,0.0054810659257860375,260868.25495529175,12,next_close
2021-03-15,265281.1818860221,1437.716321294307,0.005419594074004167,263843.4655647278,12,next_close
2021-03-16,265792.8905461478,1437.716321294307,0.005409160186113729,264355.1742248535,12,next_close
2021-03-17,265653.0369237113,1437.716321294307,0.005412007850326898,264215.320602417,12,next_close
2021-03-18,255343.5466893363,1437.716321294307,0.005630517551491146,253905.830368042,12,next_close
2021-03-19,258800.60882312537,1437.716321294307,0.005555305019691432,257362.89250183105,12,next_close
2021-03-22,261624.722600286,1437.716321294307,0.005495338158431114,260187.0062789917,12,next_close
2021-03-23,257278.2362912345,1437.716321294307,0.005588176994756902,255840.5199699402,12,next_close
2021-03-24,247583.0765546012,1437.716321294307,0.005807005637468268,246145.36023330688,12,next_close
2021-03-25,248556.44059497595,1437.716321294307,0.005784265005778198,247118.72427368164,12,next_close
2021-03-26,256538.81638843298,1437.716321294307,0.005604283755318408,255101.10006713867,12,next_close
2021-03-29,252512.50408298254,1437.716321294307,0.005693644069292639,251074.78776168823,12,next_close
2021-03-30,254236.42457706213,1437.716321294307,0.00565503673868147,252798.70825576782,12,next_close
2021-03-31,257448.90939838171,1437.716321294307,0.005584472370281263,256011.1930770874,12,next_close
2021-04-01,266220.15254035714,325.3467732977988,0.0012220967127891584,265894.8057670593,12,next_close
2021-04-05,268809.0404035163,325.3467732977988,0.0012103267539269223,268483.6936302185,12,next_close
2021-04-06,269997.4018880439,325.3467732977988,0.0012049996445251197,269672.0551147461,12,next_close
2021-04-07,267964.45654884103,325.3467732977988,0.001214141522678023,267639.1097755432,12,next_close
2021-04-08,275162.7979528022,325.3467732977988,0.0011823792159345774,274837.4511795044,12,next_close
2021-04-09,274623.428285749,325.3467732977988,0.0011847014485569364,274298.0815124512,12,next_close
2021-04-12,270263.2228948188,325.3467732977988,0.0012038144510117732,269937.876121521,12,next_close
2021-04-13,269381.1763249946,325.3467732977988,0.0012077561533300478,269055.8295516968,12,next_close
2021-04-14,269272.2149526191,325.3467732977988,0.0012082448735197076,268946.8681793213,12,next_close
2021-04-15,270487.66523185495,325.3467732977988,0.0012028155628424685,270162.3184585571,12,next_close
2021-04-16,273812.6536161018,325.3467732977988,0.00118820941618699,273487.30684280396,12,next_close
2021-04-19,274654.6944371772,325.3467732977988,0.0011845665844689088,274329.3476638794,12,next_close
2021-04-20,262927.7407437873,325.3467732977988,0.001237399950181888,262602.3939704895,12,next_close
2021-04-21,266721.2040731025,325.3467732977988,0.0012198009319447595,266395.8572998047,12,next_close
2021-04-22,263950.8571302009,325.3467732977988,0.0012326035870279925,263625.5103569031,12,next_close
2021-04-23,272503.91258826974,325.3467732977988,0.0011939159706281727,272178.5658149719,12,next_close
2021-04-26,276547.97242942575,325.3467732977988,0.00117645691067515,276222.62565612793,12,next_close
2021-04-27,276878.85188499215,325.3467732977988,0.001175051005459019,276553.50511169434,12,next_close
2021-04-28,277151.39971748117,325.3467732977988,0.0011738954724004511,276826.05294418335,12,next_close
2021-04-29,276909.12196555856,325.3467732977988,0.0011749225557772156,276583.77519226074,12,next_close
2021-04-30,271092.7926656318,325.3467732977988,0.0012001306641120642,270767.445892334,12,next_close
2021-05-03,270458.9226692081,7453.563504016431,0.02755894843644226,263005.35916519165,12,next_close
2021-05-04,270547.7016952396,7453.563504016431,0.027549905089981327,263094.13819122314,12,next_close
2021-05-05,271053.0995147586,7453.563504016431,0.027498536328711454,263599.5360107422,12,next_close
2021-05-06,270406.4650237918,7453.563504016431,0.02756429474924213,262952.9015197754,12,next_close
2021-05-07,274578.5224998355,7453.563504016431,0.02714547167111694,267124.9589958191,12,next_close
2021-05-10,266580.0428893924,7453.563504016431,0.027959945625445837,259126.47938537598,12,next_close
2021-05-11,263562.35770872835,7453.563504016431,0.02828007598965864,256108.7942047119,12,next_close
2021-05-12,247854.0745590091,7453.563504016431,0.03007238641236009,240400.51105499268,12,next_close
2021-05-13,251417.06078413728,7453.563504016431,0.029646212077930313,243963.49728012085,12,next_close
2021-05-14,259056.80359343294,7453.563504016431,0.02877192723999694,251603.2400894165,12,next_close
2021-05-17,257944.32378844026,7453.563504016431,0.02889601676263155,250490.76028442383,12,next_close
2021-05-18,255842.4068992496,7453.563504016431,0.029133416912199527,248388.84339523315,12,next_close
2021-05-19,254752.86065367464,7453.563504016431,0.029258016906625533,247299.2971496582,12,next_close
2021-05-20,258725.91452101473,7453.563504016431,0.028808724158209606,251272.3510169983,12,next_close
2021-05-21,256731.77181319002,7453.563504016431,0.02903249352962823,249278.20830917358,12,next_close
2021-05-24,261580.1458671451,7453.563504016431,0.02849437781031764,254126.58236312866,12,next_close
2021-05-25,264102.961304462,7453.563504016431,0.02822218829808518,256649.39780044556,12,next_close
2021-05-26,267705.2123725772,7453.563504016431,0.027842429506538615,260251.6488685608,12,next_close
2021-05-27,268192.74216917757,7453.563504016431,0.027791816600744097,260739.17866516113,12,next_close
2021-05-28,267600.8146827579,7453.563504016431,0.02785329152623346,260147.25117874146,12,next_close
2021-06-01,270499.8347706676,23821.96058319811,0.08806645151334233,246677.87418746948,12,next_close
2021-06-02,268386.84906815295,23821.96058319811,0.08875979082398656,244564.88848495483,12,next_close
2021-06-03,265452.7675442577,23821.96058319811,0.08974086352000978,241630.80696105957,12,next_close
2021-06-04,269081.74247406726,23821.96058319811,0.08853057202680316,245259.78189086914,12,next_close
2021-06-07,268263.44014786487,23821.96058319811,0.08880062288796274,244441.47956466675,12,next_close
2021-06-08,269350.1788143993,23821.96058319811,0.08844234181709258,245528.21823120117,12,next_close
2021-06-09,266971.3851704479,23821.96058319811,0.0892303891219989,243149.42458724976,12,next_close
2021-06-10,268367.06420181994,23821.96058319811,0.08876633447569145,244545.10361862183,12,next_close
2021-06-11,269304.45246170764,23821.96058319811,0.08845735881988565,245482.49187850952,12,next_close
2021-06-14,268517.8169293285,23821.96058319811,0.08871649879928764,244695.85634613037,12,next_close
2021-06-15,266602.7397732616,23821.96058319811,0.08935377259610326,242780.77919006348,12,next_close
2021-06-16,264460.59307907824,23821.96058319811,0.09007754352299639,240638.63249588013,12,next_close
2021-06-17,261237.84254502063,23821.96058319811,0.09118878165246191,237415.8819618225,12,next_close
2021-06-18,256126.2554097057,23821.96058319811,0.09300866303258107,232304.29482650757,12,next_close
2021-06-21,262044.7577595592,23821.96058319811,0.09090798376152252,238222.79717636108,12,next_close
2021-06-22,263112.46628235583,23821.96058319811,0.0905390798079247,239290.50569915771,12,next_close
2021-06-23,264524.61690567737,23821.96058319811,0.09005574173723274,240702.65632247925,12,next_close
2021-06-24,266941.21304749255,23821.96058319811,0.08924047475186925,243119.25246429443,12,next_close
2021-06-25,266684.9376149059,23821.96058319811,0.08932623190589457,242862.97703170776,12,next_close
2021-06-28,266900.22042511706,23821.96058319811,0.08925418100162913,243078.25984191895,12,next_close
2021-06-29,267814.4518322826,23821.96058319811,0.08894949626585681,243992.49124908447,12,next_close
2021-06-30,268775.42623947863,23821.96058319811,0.08863146797495083,244953.46565628052,12,next_close
2021-07-01,268530.7534126354,23875.31779709584,0.08891092544773835,244655.43561553955,12,next_close
2021-07-02,268981.31466713676,23875.31779709584,0.0887619938457117,245105.9968700409,12,next_close
2021-07-06,264962.0534252239,23875.31779709584,0.09010844190122415,241086.73562812805,12,next_close
2021-07-07,263079.62056580314,23875.31779709584,0.09075320142908597,239204.30276870728,12,next_close
2021-07-08,260797.68863144642,23875.31779709584,0.09154727529366993,236922.3708343506,12,next_close
2021-07-09,264950.80490532645,23875.31779709584,0.09011226746650981,241075.4871082306,12,next_close
2021-07-12,268051.3998054577,23875.31779709584,0.08906992395646397,244176.08200836182,12,next_close
2021-07-13,265474.2697280956,23875.31779709584,0.0899345831953863,241598.95193099976,12,next_close
2021-07-14,263546.48970642814,23875.31779709584,0.09059243332624627,239671.17190933228,12,next_close
2021-07-15,261809.08064308888,23875.31779709584,0.09119361994034063,237933.76284599304,12,next_close
2021-07-16,256554.02679482228,23875.31779709584,0.09306155937357397,232678.70899772644,12,next_close
2021-07-19,255010.47015038258,23875.31779709584,0.09362485306197935,231135.15235328674,12,next_close
2021-07-20,260268.54896012074,23875.31779709584,0.09173339572717293,236393.2311630249,12,next_close
2021-07-21,268049.817152412,23875.31779709584,0.08907044985417928,244174.49935531616,12,next_close
2021-07-22,270126.8574012829,23875.31779709584,0.08838557567649862,246251.539604187,12,next_close
2021-07-23,271313.4780830456,23875.31779709584,0.08799901120204545,247438.1602859497,12,next_close
2021-07-26,271821.6970657421,23875.31779709584,0.0878344814075729,247946.37926864624,12,next_close
2021-07-27,265941.4801029278,23875.31779709584,0.08977658463755009,242066.1623058319,12,next_close
2021-07-28,269795.4344410015,23875.31779709584,0.08849415056471929,245920.11664390564,12,next_close
2021-07-29,273858.2804626537,23875.31779709584,0.08718128864594159,249982.96266555786,12,next_close
2021-07-30,275315.5101379467,23875.31779709584,0.08671984293632104,251440.19234085083,12,next_close
2021-08-02,275903.9258124805,30756.710175273474,0.11147615998830487,245147.21563720703,12,next_close
2021-08-03,278477.05871271854,30756.710175273474,0.1104461183174252,247720.34853744507,12,next_close
2021-08-04,279116.61827921635,30756.710175273474,0.11019304534746754,248359.90810394287,12,next_close
2021-08-05,278746.0890166736,30756.710175273474,0.11033952183427304,247989.37884140015,12,next_close
2021-08-06,277807.4252364612,30756.710175273474,0.110712340208669,247050.71506118774,12,next_close
2021-08-09,278255.638394115,30756.710175273474,0.1105340051787571,247498.92821884155,12,next_close
2021-08-10,279162.31886362797,30756.710175273474,0.11017500606984951,248405.6086883545,12,next_close
2021-08-11,280567.29543375736,30756.710175273474,0.10962329065375764,249810.5852584839,12,next_close
2021-08-12,280915.3356826282,30756.710175273474,0.10948747280220297,250158.62550735474,12,next_close
2021-08-13,282250.05226206547,30756.710175273474,0.1089697235794177,251493.342086792,12,next_close
2021-08-16,282767.98979639774,30756.710175273474,0.10877012704804147,252011.27962112427,12,next_close
2021-08-17,276495.82643580204,30756.710175273474,0.11123752055047637,245739.11626052856,12,next_close
2021-08-18,274673.3660895801,30756.710175273474,0.11197558253697844,243916.65591430664,12,next_close
2021-08-19,273097.93958735233,30756.710175273474,0.11262153871152045,242341.22941207886,12,next_close
2021-08-20,275939.9484145618,30756.710175273474,0.11146160732430721,245183.23823928833,12,next_close
2021-08-23,279972.0021369434,30756.710175273474,0.10985637828253043,249215.29196166992,12,next_close
2021-08-24,282449.75417399174,30756.710175273474,0.10889267815162285,251693.04399871826,12,next_close
2021-08-25,284246.7559249378,30756.710175273474,0.10820426103084718,253490.0457496643,12,next_close
2021-08-26,282588.61800837284,30756.710175273474,0.10883916837146704,251831.90783309937,12,next_close
2021-08-27,287843.96817469364,30756.710175273474,0.10685202253954165,257087.25799942017,12,next_close
2021-08-30,287881.0657813526,30756.710175273474,0.10683825312302193,257124.3556060791,12,next_close
2021-08-31,285888.1600310779,30756.710175273474,0.10758301488221834,255131.44985580444,12,next_close
2021-09-01,285940.86902361637,12142.711964900547,0.042465814720237346,273798.1570587158,12,next_close
2021-09-02,286509.17554598575,12142.711964900547,0.042381581468589294,274366.4635810852,12,next_close
2021-09-03,289219.4370434833,12142.711964900547,0.04198442569776154,277076.72507858276,12,next_close
2021-09-07,287063.6185772968,12142.711964900547,0.04229972444812234,274920.90661239624,12,next_close
2021-09-08,284817.1423848224,12142.711964900547,0.04263336070022876,272674.4304199219,12,next_close
2021-09-09,285663.5131047321,12142.711964900547,0.04250704555484724,273520.80113983154,12,next_close
2021-09-10,281489.9412472797,12142.711964900547,0.043137285513991326,269347.22928237915,12,next_close
2021-09-13,279893.733090694,12142.711964900547,0.04338329347647788,267751.02112579346,12,next_close
2021-09-14,284805.9133732868,12142.711964900547,0.04263504160106904,272663.20140838623,12,next_close
2021-09-15,288101.5677960468,12142.711964900547,0.042147330393899944,275958.85583114624,12,next_close
2021-09-16,291164.42609530216,12142.711964900547,0.04170396819330555,279021.7141304016,12,next_close
2021-09-17,288188.7172329975,12142.711964900547,0.04213458487024423,276046.0052680969,12,next_close
2021-09-20,283833.88914232975,12142.711964900547,0.042781050570080206,271691.1771774292,12,next_close
2021-09-21,285456.0059712482,12142.711964900547,0.04253794529067849,273313.29400634766,12,next_close
2021-09-22,289135.37072878605,12142.711964900547,0.04199663269939609,276992.6587638855,12,next_close
2021-09-23,291645.0440228534,12142.711964900547,0.041635241927680554,279502.3320579529,12,next_close
2021-09-24,289380.5202191425,12142.711964900547,0.04196105513842154,277237.80825424194,12,next_close
2021-09-27,285222.477521236,12142.711964900547,0.042572773613175255,273079.76555633545,12,next_close
2021-09-28,275311.04886751896,12142.711964900547,0.04410542916766003,263168.3369026184,12,next_close
2021-09-29,275078.84605532413,12142.711964900547,0.04414265996469388,262936.1340904236,12,next_close
2021-09-30,274067.30083971744,12142.711964900547,0.044305584532326095,261924.5888748169,12,next_close
2021-10-01,277281.5226259876,13029.916287486605,0.04699165008936446,264251.606338501,12,next_close
2021-10-04,268616.07055384404,13029.916287486605,0.048507582813719856,255586.15426635742,12,next_close
2021-10-05,273063.07530314213,13029.916287486605,0.047717606172205405,260033.15901565552,12,next_close
2021-10-06,275415.60037714726,13029.916287486605,0.04731001537183719,262385.68408966064,12,next_close
2021-10-07,277727.74797159916,13029.916287486605,0.04691614857590342,264697.83168411255,12,next_close
2021-10-08,273998.3218966175,13029.916287486605,0.047554730252701814,260968.40560913086,12,next_close
2021-10-11,272494.202900951,13029.916287486605,0.04781722381163042,259464.28661346436,12,next_close
2021-10-12,275775.64450175053,13029.916287486605,0.04724824888371858,262745.7282142639,12,next_close
2021-10-13,283598.2334490467,13029.916287486605,0.04594498396206567,270568.31716156006,12,next_close
2021-10-14,287387.8559237171,13029.916287486605,0.04533913322678884,274357.93963623047,12,next_close
2021-10-15,286363.627358501,13029.916287486605,0.04550129640303216,273333.7110710144,12,next_close
2021-10-18,289885.01138407475,13029.916287486605,0.0449485684867749,276855.09509658813,12,next_close
2021-10-19,291693.0539827991,13029.916287486605,0.044669957373256367,278663.1376953125,12,next_close
2021-10-20,289556.2759485889,13029.916287486605,0.04499959893737576,276526.3596611023,12,next_close
2021-10-21,295238.20960718876,13029.916287486605,0.044133570328931226,282208.29331970215,12,next_close
2021-10-22,294591.5206957508,13029.916287486605,0.04423045258299775,281561.60440826416,12,next_close
2021-10-25,296117.70449167973,13029.916287486605,0.04400248985400573,283087.7882041931,12,next_close
2021-10-26,294725.7414789844,13029.916287486605,0.04421030963261046,281695.8251914978,12,next_close
2021-10-27,292699.06121165043,13029.916287486605,0.044516426644992495,279669.1449241638,12,next_close
2021-10-28,296512.0591898609,13029.916287486605,0.04394396748343839,283482.14290237427,12,next_close
2021-10-29,302905.8706980396,13029.916287486605,0.043016387425768486,289875.954410553,12,next_close
2021-11-01,303809.3249486423,30167.062772128644,0.09929603963679608,273642.2621765137,12,next_close
2021-11-02,304367.38063559297,30167.062772128644,0.09911398096974944,274200.31786346436,12,next_close
2021-11-03,305702.34605917695,30167.062772128644,0.09868116212064984,275535.28328704834,12,next_close
2021-11-04,309189.1167653537,30167.062772128644,0.09756832028154047,279022.0539932251,12,next_close
2021-11-05,315617.97246298555,30167.062772128644,0.09558094089735818,285450.90969085693,12,next_close
2021-11-08,317041.48376974824,30167.062772128644,0.09515178396666069,286874.4209976196,12,next_close
2021-11-09,314801.19970450166,30167.062772128644,0.09582893203852443,284634.13693237305,12,next_close
2021-11-10,306963.80798086885,30167.062772128644,0.09827563376464489,276796.74520874023,12,next_close
2021-11-11,309659.1520589328,30167.062772128644,0.09742022017288027,279492.0892868042,12,next_close
2021-11-12,312676.2918904758,30167.062772128644,0.09648017312005082,282509.22911834717,12,next_close
2021-11-15,310826.8719686008,30167.062772128644,0.09705423016056369,280659.80919647217,12,next_close
2021-11-16,315685.1197179294,30167.062772128644,0.0955606105193792,285518.0569458008,12,next_close
2021-11-17,314428.8398259616,30167.062772128644,0.09594241669697444,284261.777053833,12,next_close
2021-11-18,315389.77029928926,30167.062772128644,0.09565009906155673,285222.70752716064,12,next_close
2021-11-19,317387.14339957,30167.062772128644,0.09504815616979875,287220.0806274414,12,next_close
2021-11-22,310387.4457829929,30167.062772128644,0.09719163317326926,280220.38301086426,12,next_close
2021-11-23,302313.8982976413,30167.062772128644,0.09978721766350235,272146.8355255127,12,next_close
2021-11-24,305562.97526297334,30167.062772128644,0.09872617173650143,275395.9124908447,12,next_close
2021-11-26,301816.7792943454,30167.062772128644,0.09995157606101268,271649.7165222168,12,next_close
2021-11-29,305270.97104391817,30167.062772128644,0.09882060737373101,275103.90827178955,12,next_close
2021-11-30,295864.4477017856,30167.062772128644,0.10196244600005241,265697.384929657,12,next_close
2021-12-01,284537.84830133687,1504.8454841829298,0.005288735727660521,283033.00281715393,12,next_close
2021-12-02,288666.06572191487,1504.8454841829298,0.005213101444464954,287161.22023773193,12,next_close
2021-12-03,280095.27691690694,1504.8454841829298,0.005372619991123082,278590.431432724,12,next_close
2021-12-06,277860.09046785603,1504.8454841829298,0.005415838890893244,276355.2449836731,12,next_close
2021-12-07,289902.04052202473,1504.8454841829298,0.00519087579195084,288397.1950378418,12,next_close
2021-12-08,291256.6677917696,1504.8454841829298,0.005166733162170215,289751.82230758667,12,next_close
2021-12-09,283212.1958011843,1504.8454841829298,0.0053134911084102305,281707.35031700134,12,next_close
2021-12-10,284739.06901590596,1504.8454841829298,0.005284998259578024,283234.223531723,12,next_close
2021-12-13,276052.98665468465,1504.8454841829298,0.005451292168287042,274548.1411705017,12,next_close
2021-12-14,272021.307259009,1504.8454841829298,0.005532086803590241,270516.46177482605,12,next_close
2021-12-15,280915.7259697176,1504.8454841829298,0.005356928591264237,279410.88048553467,12,next_close
2021-12-16,269912.137047217,1504.8454841829298,0.005575316103401753,268407.29156303406,12,next_close
2021-12-17,270736.6008762575,1504.8454841829298,0.00555833780623822,269231.7553920746,12,next_close
2021-12-20,265726.7268985964,1504.8454841829298,0.005663131826243402,264221.88141441345,12,next_close
2021-12-21,278204.2803978182,1504.8454841829298,0.005409138500784661,276699.43491363525,12,next_close
2021-12-22,281962.6765770174,1504.8454841829298,0.0053370378748404486,280457.8310928345,12,next_close
2021-12-23,284961.5249389864,1504.8454841829298,0.005280872512544052,283456.67945480347,12,next_close
2021-12-27,292668.58153002034,1504.8454841829298,0.005141807420242582,291163.7360458374,12,next_close
2021-12-28,287723.4934925295,1504.8454841829298,0.005230179384784934,286218.64800834656,12,next_close
2021-12-29,287490.78293840657,1504.8454841829298,0.0052344129742251085,285985.93745422363,12,next_close
2021-12-30,284406.08639757405,1504.8454841829298,0.005291185935027043,282901.2409133911,12,next_close
2021-12-31,284299.83807222615,1504.8454841829298,0.005293163353123772,282794.9925880432,12,next_close
2022-01-03,286503.9753003336,5663.653389475454,0.019768149407136202,280840.32191085815,12,next_close
2022-01-04,284161.83971454867,5663.653389475454,0.0199310836218009,278498.18632507324,12,next_close
2022-01-05,271646.9543309427,5663.653389475454,0.020849316729594267,265983.3009414673,12,next_close
2022-01-06,272291.1783662058,5663.653389475454,0.020799988539688855,266627.52497673035,12,next_close
2022-01-07,263860.87920810946,5663.653389475454,0.02146454376439972,258197.22581863403,12,next_close
2022-01-10,264388.41446926363,5663.653389475454,0.02142171547435139,258724.7610797882,12,next_close
2022-01-11,267847.8792023874,5663.653389475454,0.021145037273922054,262184.225812912,12,next_close
2022-01-12,269934.4427952982,5663.653389475454,0.02098158845838885,264270.78940582275,12,next_close
2022-01-13,262627.8883214212,5663.653389475454,0.021565315952066382,256964.2349319458,12,next_close
2022-01-14,266173.05681278475,5663.653389475454,0.02127808673534916,260509.40342330933,12,next_close
2022-01-18,256403.29896023046,5663.653389475454,0.0220888475789616,250739.645570755,12,next_close
2022-01-19,248019.22162296544,5663.653389475454,0.022835542150379144,242355.56823349,12,next_close
2022-01-20,241206.20846035253,5663.653389475454,0.023480545652730982,235542.55507087708,12,next_close
2022-01-21,234561.37873317968,5663.653389475454,0.02414572006723248,228897.72534370422,12,next_close
2022-01-24,238325.0783887125,5663.653389475454,0.02376440376215017,232661.42499923706,12,next_close
2022-01-25,230271.41646244298,5663.653389475454,0.024595555438376302,224607.76307296753,12,next_close
2022-01-26,232939.69883014928,5663.653389475454,0.02431381777309317,227276.04544067383,12,next_close
2022-01-27,223679.2861561991,5663.653389475454,0.025320419636534548,218015.63276672363,12,next_close
2022-01-28,228806.203905604,5663.653389475454,0.024753058670612112,223142.55051612854,12,next_close
2022-01-31,240860.08532001745,5663.653389475454,0.02351428789851366,235196.431930542,12,next_close
2022-02-01,242705.9814137341,843.1068409801628,0.0034737785862102104,241862.8745727539,12,next_close
2022-02-02,245428.67829025997,843.1068409801628,0.0034352417445814936,244585.57144927979,12,next_close
2022-02-03,238090.01741684688,843.1068409801628,0.003541126377860922,237246.9105758667,12,next_close
2022-02-04,239087.07563294185,843.1068409801628,0.003526358916508484,238243.96879196167,12,next_close
2022-02-07,242108.009993446,843.1068409801628,0.0034823583119079214,241264.90315246582,12,next_close
2022-02-08,245353.65657700313,843.1068409801628,0.0034362921374092403,244510.54973602295,12,next_close
2022-02-09,251204.75992478145,843.1068409801628,0.003356253445327291,250361.65308380127,12,next_close
2022-02-10,246349.41923416866,843.1068409801628,0.003422402389261342,245506.31239318848,12,next_close
2022-02-11,242741.87362564815,843.1068409801628,0.003473264947605974,241898.76678466797,12,next_close
2022-02-14,241599.2080983044,843.1068409801628,0.003489692071495163,240756.10125732422,12,next_close
2022-02-15,245574.060233009,843.1068409801628,0.003433208052105318,244730.9533920288,12,next_close
2022-02-16,247376.93091858638,843.1068409801628,0.0034081870037333257,246533.8240776062,12,next_close
2022-02-17,242192.53348053707,843.1068409801628,0.003481142993402462,241349.42663955688,12,next_close
2022-02-18,241616.41353501094,843.1068409801628,0.0034894435715063458,240773.30669403076,12,next_close
2022-02-22,236903.4116505505,843.1068409801628,0.0035588632308250832,236060.3048095703,12,next_close
2022-02-23,234343.13601959957,843.1068409801628,0.003597744979010815,233500.02917861938,12,next_close
2022-02-24,240640.942049873,843.1068409801628,0.003503588515729083,239797.83520889282,12,next_close
2022-02-25,248186.43208969844,843.1068409801628,0.003397070637106588,247343.32524871826,12,next_close
2022-02-28,249108.1938847424,843.1068409801628,0.003384500637382696,248265.0870437622,12,next_close
2022-03-01,241843.95283464206,786.4116053940015,0.0032517315243011315,241057.54122924805,12,next_close
2022-03-02,250163.6210723282,786.4116053940015,0.0031435889919687056,249377.2094669342,12,next_close
2022-03-03,250216.8249259354,786.4116053940015,0.003142920567498931,249430.41332054138,12,next_close
2022-03-04,255093.76846460116,786.4116053940015,0.0030828334620927058,254307.35685920715,12,next_close
2022-03-07,249770.34809449923,786.4116053940015,0.0031485386932177677,248983.93648910522,12,next_close
2022-03-08,248182.96915391696,786.4116053940015,0.003168676755197849,247396.55754852295,12,next_close
2022-03-09,248969.9854197861,786.4116053940015,0.0031586602861708004,248183.5738143921,12,next_close
2022-03-10,254611.24677995456,786.4116053940015,0.003088675835571594,253824.83517456055,12,next_close
2022-03-11,252073.49429277194,786.4116053940015,0.0031197711112006883,251287.08268737793,12,next_close
2022-03-14,243495.1617389084,786.4116053940015,0.0032296806218977112,242708.7501335144,12,next_close
2022-03-15,244396.35250619662,786.4116053940015,0.0032177714492447763,243609.9409008026,12,next_close
2022-03-16,247765.42462877047,786.4116053940015,0.003174016740117352,246979.01302337646,12,next_close
2022-03-17,255477.4379210831,786.4116053940015,0.0030782037419559683,254691.0263156891,12,next_close
2022-03-18,258206.26824144137,786.4116053940015,0.0030456720154394172,257419.85663604736,12,next_close
2022-03-21,266013.58478120575,786.4116053940015,0.0029562836275478918,265227.17317581177,12,next_close
2022-03-22,265814.7330356003,786.4116053940015,0.00295849517599417,265028.3214302063,12,next_close
2022-03-23,268556.32808641205,786.4116053940015,0.0029282929618436016,267769.91648101807,12,next_close
2022-03-24,273368.1161189438,786.4116053940015,0.002876749551333302,272581.7045135498,12,next_close
2022-03-25,277913.4902530075,786.4116053940015,0.002829699287638273,277127.0786476135,12,next_close
2022-03-28,270698.8940310837,786.4116053940015,0.0029051156939846967,269912.4824256897,12,next_close
2022-03-29,269069.63318208465,786.4116053940015,0.002922706646951206,268283.2215766907,12,next_close
2022-03-30,268676.8620219589,786.4116053940015,0.0029269792697285864,267890.45041656494,12,next_close
2022-03-31,264885.3373751999,786.4116053940015,0.0029688755639957517,264098.9257698059,12,next_close
2022-04-01,264386.44772434956,864.955761916739,0.0032715586194438586,263521.49196243286,12,next_close
2022-04-04,264192.62687016255,864.955761916739,0.003273958748068399,263327.67110824585,12,next_close
2022-04-05,259113.71257878075,864.955761916739,0.0033381319471996623,258248.756816864,12,next_close
2022-04-06,259166.85519123802,864.955761916739,0.003337447457463232,258301.8994293213,12,next_close
2022-04-07,262711.4183397365,864.955761916739,0.0032924178453415543,261846.46257781982,12,next_close
2022-04-08,266570.0986299587,864.955761916739,0.003244759132258993,265705.142868042,12,next_close
2022-04-11,261031.6993722988,864.955761916739,0.0033136043016870837,260166.74361038208,12,next_close
2022-04-12,263569.1786699367,864.955761916739,0.003281702990773093,262704.22290802,12,next_close
2022-04-13,267219.50366688496,864.955761916739,0.0032368736190566023,266354.54790496826,12,next_close
2022-04-14,267393.7306222988,864.955761916739,0.0032347645545157283,266528.7748603821,12,next_close
2022-04-18,270809.3109598232,864.955761916739,0.0031939661116196344,269944.3551979065,12,next_close
2022-04-19,270070.6709222866,864.955761916739,0.003202701570529411,269205.7151603699,12,next_close
2022-04-20,269337.24755192525,864.955761916739,0.003211422741483185,268472.29179000854,12,next_close
2022-04-21,257432.714024551,864.955761916739,0.0033599294681492943,256567.75826263428,12,next_close
2022-04-22,249388.18636990318,864.955761916739,0.0034683108871636755,248523.23060798645,12,next_close
2022-04-25,243032.72621250877,864.955761916739,0.0035590094198277573,242167.77045059204,12,next_close
2022-04-26,240231.89851856956,864.955761916739,0.0036005033771561324,239366.94275665283,12,next_close
2022-04-27,243440.57815457115,864.955761916739,0.003553046778288295,242575.62239265442,12,next_close
2022-04-28,247533.02517224083,864.955761916739,0.0034943044925616574,246668.0694103241,12,next_close
2022-04-29,240211.8229093624,864.955761916739,0.003600804287818536,239346.86714744568,12,next_close
2022-05-02,239853.56765747798,1697.9542121959785,0.007079128439818481,238155.61344528198,12,next_close
2022-05-03,247986.64836884273,1697.9542121959785,0.006846958186517073,246288.69415664673,12,next_close
2022-05-04,256285.8372879101,1697.9542121959785,0.006625236221260662,254587.8830757141,12,next_close
2022-05-05,248359.82728386653,1697.9542121959785,0.006836670128036756,246661.87307167053,12,next_close
2022-05-06,248605.034208305,1697.9542121959785,0.0068299269063605145,246907.079996109,12,next_close
2022-05-09,230798.5641594006,1697.9542121959785,0.0073568664449025324,229100.6099472046,12,next_close
2022-05-10,232275.56811905635,1697.9542121959785,0.0073100852833805855,230577.61390686035,12,next_close
2022-05-11,233900.6481876446,1697.9542121959785,0.007259296737107845,232202.6939754486,12,next_close
2022-05-12,232010.92296028865,1697.9542121959785,0.00731842359200736,230312.96874809265,12,next_close
2022-05-13,239720.85964585078,1697.9542121959785,0.007083047402317988,238022.90543365479,12,next_close
2022-05-16,241633.1500110699,1697.9542121959785,0.007026992000552037,239935.1957988739,12,next_close
2022-05-17,247173.64975357783,1697.9542121959785,0.0068694790641671164,245475.69554138184,12,next_close
2022-05-18,239436.66642380488,1697.9542121959785,0.0070914544441183685,237738.7122116089,12,next_close
2022-05-19,241265.2155933453,1697.9542121959785,0.007037708307930704,239567.2613811493,12,next_close
2022-05-20,239051.52022362483,1697.9542121959785,0.0071028797918021944,237353.56601142883,12,next_close
2022-05-23,245821.55764389766,1697.9542121959785,0.00690726325416777,244123.60343170166,12,next_close
2022-05-24,244525.03573609126,1697.9542121959785,0.006943886981080051,242827.08152389526,12,next_close
2022-05-25,249481.2074089123,1697.9542121959785,0.00680594033446754,247783.2531967163,12,next_close
2022-05-26,253767.7643280102,1697.9542121959785,0.006690976754641184,252069.8101158142,12,next_close
2022-05-27,260132.3329620434,1697.9542121959785,0.006527270919619713,258434.3787498474,12,next_close
2022-05-31,256665.00467682612,1697.9542121959785,0.0066154488584601505,254967.05046463013,12,next_close
2022-06-01,256103.55963491212,15575.260493981936,0.0608162593139479,240528.29914093018,12,next_close
2022-06-02,258645.48464940797,15575.260493981936,0.06021856718316226,243070.22415542603,12,next_close
2022-06-03,259116.6597058655,15575.260493981936,0.0601090663628579,243541.39921188354,12,next_close
2022-06-06,259686.7630689026,15575.260493981936,0.05997710591759872,244111.50257492065,12,next_close
2022-06-07,263868.00381444703,15575.260493981936,0.05902671134365543,248292.7433204651,12,next_close
2022-06-08,260593.83556340943,15575.260493981936,0.05976833818922804,245018.5750694275,12,next_close
2022-06-09,254017.2664296509,15575.260493981936,0.06131575507799367,238442.00593566895,12,next_close
2022-06-10,250036.24039815675,15575.260493981936,0.06229201202665642,234460.9799041748,12,next_close
2022-06-13,239250.50268529664,15575.260493981936,0.06510022056032708,223675.2421913147,12,next_close
2022-06-14,241245.22111867677,15575.260493981936,0.06456194415689558,225669.96062469482,12,next_close
2022-06-15,239105.46537374269,15575.260493981936,0.0651397092477014,223530.20487976074,12,next_close
2022-06-16,227136.91126607667,15575.260493981936,0.0685721242186678,211561.65077209473,12,next_close
2022-06-17,222874.58452962647,15575.260493981936,0.06988352003820128,207299.32403564453,12,next_close
2022-06-21,230055.2475812317,15575.260493981936,0.06770226133825687,214479.98708724976,12,next_close
2022-06-22,223963.87528203736,15575.260493981936,0.06954362829437576,208388.61478805542,12,next_close
2022-06-23,216531.43318151246,15575.260493981936,0.07193071354645131,200956.17268753052,12,next_close
2022-06-24,219283.9202725769,15575.260493981936,0.07102782764290874,203708.65977859497,12,next_close
2022-06-27,226157.5471150757,15575.260493981936,0.06886907243496401,210582.28662109375,12,next_close
2022-06-28,226657.46294759522,15575.260493981936,0.0687171747686201,211082.20245361328,12,next_close
2022-06-29,221114.65924428712,15575.260493981936,0.07043974627107112,205539.39875030518,12,next_close
2022-06-30,218312.04580281983,15575.260493981936,0.07134402701740775,202736.7853088379,12,next_close
2022-07-01,219606.21895222433,6721.560203597623,0.030607330865524845,212884.6587486267,12,next_close
2022-07-05,215471.11680226095,6721.560203597623,0.03119471557650131,208749.55659866333,12,next_close
2022-07-06,213423.85156254537,6721.560203597623,0.03149395043893593,206702.29135894775,12,next_close
2022-07-07,218899.8808289028,6721.560203597623,0.030706093480477266,212178.32062530518,12,next_close
2022-07-08,218548.48957066305,6721.560203597623,0.03075546400161392,211826.92936706543,12,next_close
2022-07-11,215933.5307770229,6721.560203597623,0.031127913202782916,209211.9705734253,12,next_close
2022-07-12,213342.7266540981,6721.560203597623,0.03150592621090656,206621.1664505005,12,next_close
2022-07-13,212949.93071369894,6721.560203597623,0.031564040340705445,206228.37051010132,12,next_close
2022-07-14,209957.57799534567,6721.560203597623,0.0320138966536689,203236.01779174805,12,next_close
2022-07-15,213386.6986389614,6721.560203597623,0.031499433875070794,206665.13843536377,12,next_close
2022-07-18,214516.09632878072,6721.560203597623,0.03133359369590495,207794.5361251831,12,next_close
2022-07-19,217920.68777088888,6721.560203597623,0.03084406658382219,211199.12756729126,12,next_close
2022-07-20,217546.9342651821,6721.560203597623,0.030897057806405472,210825.37406158447,12,next_close
2022-07-21,215960.72340016134,6721.560203597623,0.03112399374187594,209239.16319656372,12,next_close
2022-07-22,213829.3469009853,6721.560203597623,0.03143422687770764,207107.7866973877,12,next_close
2022-07-25,219800.95331959493,6721.560203597623,0.030580214062239944,213079.3931159973,12,next_close
2022-07-26,218863.7157822109,6721.560203597623,0.0307111673562473,212142.15557861328,12,next_close
2022-07-27,222457.83460621603,6721.560203597623,0.030214985304949135,215736.2744026184,12,next_close
2022-07-28,222179.21833424337,6721.560203597623,0.030252875376876157,215457.65813064575,12,next_close
2022-07-29,226255.08723454244,6721.560203597623,0.02970788540383122,219533.52703094482,12,next_close
2022-08-01,224565.43105365522,1658.857468144979,0.007386967176388915,222906.57358551025,12,next_close
2022-08-02,226572.53965427168,1658.857468144979,0.007321529213894318,224913.6821861267,12,next_close
2022-08-03,223598.87775851972,1658.857468144979,0.007418898899557523,221940.02029037476,12,next_close
2022-08-04,221876.9447484184,1658.857468144979,0.007476475169720417,220218.08728027344,12,next_close
2022-08-05,222138.3268704582,1658.857468144979,0.007467677872231186,220479.46940231323,12,next_close
2022-08-08,222351.18507816084,1658.857468144979,0.00746052901657285,220692.32761001587,12,next_close
2022-08-09,221994.66103984602,1658.857468144979,0.0074725106467638394,220335.80357170105,12,next_close
2022-08-10,226804.43816043623,1658.857468144979,0.007314043241832603,225145.58069229126,12,next_close
2022-08-11,230053.91926624067,1658.857468144979,0.007210733350841932,228395.0617980957,12,next_close
2022-08-12,233564.5682339836,1658.857468144979,0.00710235067196984,231905.71076583862,12,next_close
2022-08-15,232268.9709897209,1658.857468144979,0.007141967612274788,230610.11352157593,12,next_close
2022-08-16,229873.94743777998,1658.857468144979,0.007216378744241917,228215.089969635,12,next_close
2022-08-17,229816.57117892988,1658.857468144979,0.0072181803933252095,228157.7137107849,12,next_close
2022-08-18,231896.13835574873,1658.857468144979,0.007153450160520346,230237.28088760376,12,next_close
2022-08-19,228794.34612132795,1658.857468144979,0.007250430337405712,227135.48865318298,12,next_close
2022-08-22,230139.508860128,1658.857468144979,0.007208051656846038,228480.65139198303,12,next_close
2022-08-23,237326.84215595014,1658.857468144979,0.006989759156930614,235667.98468780518,12,next_close
2022-08-24,239613.42296268232,1658.857468144979,0.00692305734642976,237954.56549453735,12,next_close
2022-08-25,242194.67499591596,1658.857468144979,0.006849273082378676,240535.817527771,12,next_close
2022-08-26,236751.45308353193,1658.857468144979,0.007006746723365166,235092.59561538696,12,next_close
2022-08-29,237100.7451253105,1658.857468144979,0.006996424525229786,235441.88765716553,12,next_close
2022-08-30,232728.27912570722,1658.857468144979,0.007127872359890368,231069.42165756226,12,next_close
2022-08-31,232377.38193179853,1658.857468144979,0.007138635672519301,230718.52446365356,12,next_close
2022-09-01,227686.48479963074,440.239661462394,0.001933534446938363,227246.24513816833,12,next_close
2022-09-02,227025.44458127746,440.239661462394,0.0019391644063261977,226585.20491981506,12,next_close
2022-09-06,226132.62550664673,440.239661462394,0.001946820634466361,225692.38584518433,12,next_close
2022-09-07,232101.2444222046,440.239661462394,0.0018967570060140415,231661.0047607422,12,next_close
2022-09-08,234910.9417431427,440.239661462394,0.001874070480479205,234470.7020816803,12,next_close
2022-09-09,235826.88823819885,440.239661462394,0.0018667916315705543,235386.64857673645,12,next_close
2022-09-12,236478.41952634582,440.239661462394,0.0018616483582060957,236038.17986488342,12,next_close
2022-09-13,232647.24432302246,440.239661462394,0.0018923055063189867,232207.00466156006,12,next_close
2022-09-14,237211.8584415985,440.239661462394,0.0018558922996287763,236771.6187801361,12,next_close
2022-09-15,233309.55371213684,440.239661462394,0.0018869337087051854,232869.31405067444,12,next_close
2022-09-16,231906.5531342102,440.239661462394,0.0018983493804403885,231466.3134727478,12,next_close
2022-09-19,234768.52151799927,440.239661462394,0.0018752073685851518,234328.28185653687,12,next_close
2022-09-20,230248.12732244263,440.239661462394,0.0019120227668383003,229807.88766098022,12,next_close
2022-09-21,229344.333901651,440.239661462394,0.0019195576100483936,228904.0942401886,12,next_close
2022-09-22,225334.88356328735,440.239661462394,0.0019537128672700546,224894.64390182495,12,next_close
2022-09-23,219904.54241300354,440.239661462394,0.0020019580161085453,219464.30275154114,12,next_close
2022-09-26,216745.40049482117,440.239661462394,0.0020311372719206233,216305.16083335876,12,next_close
2022-09-27,220404.95984769592,440.239661462394,0.001997412679672037,219964.72018623352,12,next_close
2022-09-28,226448.2399952484,440.239661462394,0.0019441072338280553,226008.000333786,12,next_close
2022-09-29,221968.5106709076,440.239661462394,0.00198334286305636,221528.2710094452,12,next_close
2022-09-30,220058.46110463867,440.239661462394,0.00200055775748181,219618.22144317627,12,next_close
2022-10-03,225505.49248963126,1908.4962833476893,0.00846319201487051,223596.99620628357,12,next_close
2022-10-04,230400.8415401531,1908.4962833476893,0.008283373752413514,228492.34525680542,12,next_close
2022-10-05,226718.95085793265,1908.4962833476893,0.008417894825843639,224810.45457458496,12,next_close
2022-10-06,227315.1465843273,1908.4962833476893,0.008395816609781842,225406.6503009796,12,next_close
2022-10-07,224639.5161407543,1908.4962833476893,0.008495817281550173,222731.01985740662,12,next_close
2022-10-10,223237.32903366812,1908.4962833476893,0.008549180782663165,221328.83275032043,12,next_close
2022-10-11,222238.76081352957,1908.4962833476893,0.008587594154869418,220330.26453018188,12,next_close
2022-10-12,221460.4069297863,1908.4962833476893,0.008617776467613804,219551.9106464386,12,next_close
2022-10-13,226763.1319435192,1908.4962833476893,0.008416254736784312,224854.6356601715,12,next_close
2022-10-14,219560.4063022686,1908.4962833476893,0.008692351756355672,217651.9100189209,12,next_close
2022-10-17,221852.98330384024,1908.4962833476893,0.008602527020039642,219944.48702049255,12,next_close
2022-10-18,224109.5624549938,1908.4962833476893,0.008515907409042208,222201.06617164612,12,next_close
2022-10-19,223665.80395394095,1908.4962833476893,0.008532803180501845,221757.30767059326,12,next_close
2022-10-20,222500.60155564078,1908.4962833476893,0.008577488195556322,220592.1052722931,12,next_close
2022-10-21,228765.14240914115,1908.4962833476893,0.008342600901733482,226856.64612579346,12,next_close
2022-10-24,230503.18150215872,1908.4962833476893,0.008279696058467704,228594.68521881104,12,next_close
2022-10-25,232777.13067513236,1908.4962833476893,0.00819881350806415,230868.63439178467,12,next_close
2022-10-26,238018.8949096752,1908.4962833476893,0.008018255374523676,236110.39862632751,12,next_close
2022-10-27,238686.46220284232,1908.4962833476893,0.00799582961569809,236777.96591949463,12,next_close
2022-10-28,242656.2134845806,1908.4962833476893,0.007865021282337629,240747.7172012329,12,next_close
2022-10-31,245305.78038292655,1908.4962833476893,0.007780070573015009,243397.28409957886,12,next_close
2022-11-01,246347.86861240157,2584.2339974571123,0.010490182082813514,243763.63461494446,12,next_close
2022-11-02,241712.48280154951,2584.2339974571123,0.0106913551485002,239128.2488040924,12,next_close
2022-11-03,245065.9403229881,2584.2339974571123,0.010545055726843089,242481.706325531,12,next_close
2022-11-04,243566.31657230147,2584.2339974571123,0.010609981026214662,240982.08257484436,12,next_close
2022-11-07,243516.97100078352,2584.2339974571123,0.01061213100194482,240932.73700332642,12,next_close
2022-11-08,243817.60299503096,2584.2339974571123,0.01059904603159346,241233.36899757385,12,next_close
2022-11-09,237096.73798000105,2584.2339974571123,0.010899491994171133,234512.50398254395,12,next_close
2022-11-10,247216.6653901268,2584.2339974571123,0.010453316297989028,244632.43139266968,12,next_close
2022-11-11,244311.90695010909,2584.2339974571123,0.01057760151651077,241727.67295265198,12,next_close
2022-11-14,244483.15178882368,2584.2339974571123,0.010570192581979172,241898.91779136658,12,next_close
2022-11-15,248993.896801107,2584.2339974571123,0.010378704179730814,246409.6628036499,12,next_close
2022-11-16,246619.0539017845,2584.2339974571123,0.010478646951935344,244034.8199043274,12,next_close
2022-11-17,247907.73462688216,2584.2339974571123,0.010424176564505172,245323.50062942505,12,next_close
2022-11-18,249022.62265788802,2584.2339974571123,0.010377506950472454,246438.3886604309,12,next_close
2022-11-21,247849.41877376326,2584.2339974571123,0.010426629242233563,245265.18477630615,12,next_close
2022-11-22,254463.06015025862,2584.2339974571123,0.010155635147715116,251878.8261528015,12,next_close
2022-11-23,255259.04710399397,2584.2339974571123,0.010123966326663755,252674.81310653687,12,next_close
2022-11-25,256700.5247384239,2584.2339974571123,0.010067116146686608,254116.2907409668,12,next_close
2022-11-28,251101.09140025862,2584.2339974571123,0.010291607985637177,248516.8574028015,12,next_close
2022-11-29,250680.391105764,2584.2339974571123,0.010308879709569322,248096.15710830688,12,next_close
2022-11-30,257894.10097133406,2584.2339974571123,0.010020523880630988,255309.86697387695,12,next_close
2022-12-01,255064.4318088413,2142.7297252536664,0.008400739021344774,252921.70208358765,12,next_close
2022-12-02,257939.92062414892,2142.7297252536664,0.008307088410622157,255797.19089889526,12,next_close
2022-12-05,252497.74761236913,2142.7297252536664,0.008486134017096874,250355.01788711548,12,next_close
2022-12-06,245466.15039099462,2142.7297252536664,0.008729226909048704,243323.42066574097,12,next_close
2022-12-07,245839.36042822606,2142.7297252536664,0.008715975023369972,243696.6307029724,12,next_close
2022-12-08,248097.08977545507,2142.7297252536664,0.008636658040579937,245954.36005020142,12,next_close
2022-12-09,243336.2635578037,2142.7297252536664,0.008805632559343824,241193.53383255005,12,next_close
2022-12-12,246351.1745571018,2142.7297252536664,0.008697866893088439,244208.44483184814,12,next_close
2022-12-13,248035.50257529027,2142.7297252536664,0.00863880252224477,245892.77285003662,12,next_close
2022-12-14,249750.3016551853,2142.7297252536664,0.008579488036863314,247607.57192993164,12,next_close
2022-12-15,244751.41276968725,2142.7297252536664,0.0087547185162522,242608.6830444336,12,next_close
2022-12-16,242439.73953284032,2142.7297252536664,0.008838195129983701,240297.00980758667,12,next_close
2022-12-19,240631.86349905736,2142.7297252536664,0.008904596814802376,238489.1337738037,12,next_close
2022-12-20,241957.95042074926,2142.7297252536664,0.00885579383329871,239815.2206954956,12,next_close
2022-12-21,247155.81659353978,2142.7297252536664,0.008669550062734286,245013.08686828613,12,next_close
2022-12-22,241133.16809118993,2142.7297252536664,0.008886084573995002,238990.43836593628,12,next_close
2022-12-23,243842.03401221044,2142.7297252536664,0.008787368157970536,241699.3042869568,12,next_close
2022-12-27,243479.47145117528,2142.7297252536664,0.00880045332973111,241336.74172592163,12,next_close
2022-12-28,237883.31133688695,2142.7297252536664,0.009007482337502705,235740.5816116333,12,next_close
2022-12-29,240223.19990957982,2142.7297252536664,0.008919745162249904,238080.47018432617,12,next_close
2022-12-30,242163.53486288793,2142.7297252536664,0.00884827571775772,240020.80513763428,12,next_close
2023-01-03,236962.77387363202,23983.27271396406,0.10121114098180631,212979.50115966797,12,next_close
2023-01-04,238976.9366849113,23983.27271396406,0.10035810587691046,214993.66397094727,12,next_close
2023-01-05,239718.7592633415,23983.27271396406,0.10004754232695402,215735.48654937744,12,next_close
2023-01-06,244230.79016620404,23983.27271396406,0.09819921844269902,220247.51745224,12,next_close
2023-01-09,245269.97460681683,23983.27271396406,0.09778315813996699,221286.70189285278,12,next_close
2023-01-10,249504.35141116864,23983.27271396406,0.0961236650916802,225521.0786972046,12,next_close
2023-01-11,250718.33530170209,23983.27271396406,0.09565823211574762,226735.06258773804,12,next_close
2023-01-12,254097.252263372,23983.27271396406,0.0943861946570968,230113.97954940796,12,next_close
2023-01-13,255712.7734769035,23983.27271396406,0.09378988928814805,231729.50076293945,12,next_close
2023-01-17,254750.90399677044,23983.27271396406,0.09414401416321609,230767.6312828064,12,next_close
2023-01-18,250439.00540668255,23983.27271396406,0.09576492557546351,226455.7326927185,12,next_close
2023-01-19,247257.51814395672,23983.27271396406,0.09699714246909438,223274.24542999268,12,next_close
2023-01-20,250837.08983737713,23983.27271396406,0.09561294435967548,226853.8171234131,12,next_close
2023-01-23,253754.72708255536,23983.27271396406,0.09451359976502607,229771.4543685913,12,next_close
2023-01-24,253775.15648776776,23983.27271396406,0.09450599123212472,229791.8837738037,12,next_close
2023-01-25,254421.56332904584,23983.27271396406,0.09426588061227445,230438.2906150818,12,next_close
2023-01-26,258620.54239017254,23983.27271396406,0.09273537396647039,234637.2696762085,12,next_close
2023-01-27,257543.95230609662,23983.27271396406,0.09312302812476612,233560.67959213257,12,next_close
2023-01-30,254669.7634213615,23983.27271396406,0.09417400947706052,230686.49070739746,12,next_close
2023-01-31,259559.41319019085,23983.27271396406,0.09239993425470737,235576.1404762268,12,next_close
2023-02-01,259511.2518911434,23023.582045562347,0.08871901267394755,236487.66984558105,12,next_close
2023-02-02,256294.05702114827,23023.582045562347,0.08983268013765353,233270.47497558594,12,next_close
2023-02-03,255952.4826269222,23023.582045562347,0.08995256388710889,232928.90058135986,12,next_close
2023-02-06,255103.1375989986,23023.582045562347,0.09025205359000149,232079.55555343628,12,next_close
2023-02-07,256210.16805554158,23023.582045562347,0.08986209337551063,233186.58600997925,12,next_close
2023-02-08,257120.62428189046,23023.582045562347,0.08954389446534937,234097.04223632812,12,next_close
2023-02-09,257467.86113644368,23023.582045562347,0.08942313011005722,234444.27909088135,12,next_close
2023-02-10,258181.19657421834,23023.582045562347,0.08917606065453279,235157.614528656,12,next_close
2023-02-13,262406.88672543294,23023.582045562347,0.08774000687585941,239383.3046798706,12,next_close
2023-02-14,260574.74024487264,23023.582045562347,0.08835692217874286,237551.1581993103,12,next_close
2023-02-15,263010.4957532955,23023.582045562347,0.08753864358005897,239986.91370773315,12,next_close
2023-02-16,259426.48840237386,23023.582045562347,0.08874800020363562,236402.90635681152,12,next_close
2023-02-17,255688.7110605312,23023.582045562347,0.0900453600398173,232665.12901496887,12,next_close
2023-02-21,252674.3278245998,23023.582045562347,0.09111959352492961,229650.74577903748,12,next_close
2023-02-22,253224.56335736043,23023.582045562347,0.09092159836433626,230200.9813117981,12,next_close
2023-02-23,255182.47116947896,23023.582045562347,0.09022399516725144,232158.88912391663,12,next_close
2023-02-24,254405.81940937764,23023.582045562347,0.0904994315735911,231382.2373638153,12,next_close
2023-02-27,257392.05479145772,23023.582045562347,0.08944946674525887,234368.4727458954,12,next_close
2023-02-28,259482.55170346028,23023.582045562347,0.08872882548139101,236458.96965789795,12,next_close
2023-03-01,267348.02015985735,30438.680342810236,0.11385414533689014,236909.33981704712,12,next_close
2023-03-02,266971.08739389665,30438.680342810236,0.11401489442150771,236532.40705108643,12,next_close
2023-03-03,271404.56951441057,30438.680342810236,0.11215242395244217,240965.88917160034,12,next_close
2023-03-06,269898.8026267458,30438.680342810236,0.11277812293559948,239460.12228393555,12,next_close
2023-03-07,270273.3225127626,30438.680342810236,0.11262184539642416,239834.6421699524,12,next_close
2023-03-08,271210.32608331926,30438.680342810236,0.11223274859180357,240771.64574050903,12,next_close
2023-03-09,265767.7879783083,30438.680342810236,0.11453111219518677,235329.10763549805,12,next_close
2023-03-10,258959.35139765032,30438.680342810236,0.11754230993600806,228520.6710548401,12,next_close
2023-03-13,254120.3402549196,30438.680342810236,0.1197805744800901,223681.65991210938,12,next_close
2023-03-14,259617.28880609758,30438.680342810236,0.1172444272983076,229178.60846328735,12,next_close
2023-03-15,252436.35593332537,30438.680342810236,0.12057962186258875,221997.67559051514,12,next_close
2023-03-16,257295.16233743913,30438.680342810236,0.11830257540128297,226856.4819946289,12,next_close
2023-03-17,252044.29217447527,30438.680342810236,0.12076718770421252,221605.61183166504,12,next_close
2023-03-20,256386.10744776018,30438.680342810236,0.11872203469141655,225947.42710494995,12,next_close
2023-03-21,261894.71923746355,30438.680342810236,0.11622487246568368,231456.03889465332,12,next_close
2023-03-22,256693.198226111,30438.680342810236,0.11858000349505947,226254.51788330078,12,next_close
2023-03-23,257135.39165796526,30438.680342810236,0.1183760825242562,226696.71131515503,12,next_close
2023-03-24,255935.6595984865,30438.680342810236,0.11893098597734537,225496.97925567627,12,next_close
2023-03-27,257539.0729667116,30438.680342810236,0.11819053315744679,227100.39262390137,12,next_close
2023-03-28,257717.27532495745,30438.680342810236,0.11810880859434006,227278.59498214722,12,next_close
2023-03-29,261647.86700357683,30438.680342810236,0.11633452506759448,231209.1866607666,12,next_close
2023-03-30,261969.09020532854,30438.680342810236,0.1161918771369276,231530.4098625183,12,next_close
2023-03-31,266922.52310861833,30438.680342810236,0.11403563846286541,236483.8427658081,12,next_close
2023-04-03,267920.2592075373,22180.88151436098,0.0827891163586071,245739.37769317627,12,next_close
2023-04-04,262497.9487598444,22180.88151436098,0.08449925654334903,240317.0672454834,12,next_close
2023-04-05,257986.72866707094,22180.88151436098,0.08597683155626647,235805.84715270996,12,next_close
2023-04-06,257687.46775322207,22180.88151436098,0.0860766792725939,235506.58623886108,12,next_close
2023-04-10,262323.8553188349,22180.88151436098,0.08455533518826104,240142.97380447388,12,next_close
2023-04-11,263176.7301967646,22180.88151436098,0.0842813173405468,240995.84868240356,12,next_close
2023-04-12,261646.4198520685,22180.88151436098,0.08477425957863961,239465.53833770752,12,next_close
2023-04-13,263932.8089817072,22180.88151436098,0.08403987969490487,241751.9274673462,12,next_close
2023-04-14,264399.5706737543,22180.88151436098,0.08389151865049821,242218.6891593933,12,next_close
2023-04-17,265885.28409462224,22180.88151436098,0.08342274973919704,243704.40258026123,12,next_close
2023-04-18,268768.80609779607,22180.88151436098,0.08252773763592972,246587.92458343506,12,next_close
2023-04-19,266462.465914538,22180.88151436098,0.08324204851228469,244281.584400177,12,next_close
2023-04-20,266513.3692424799,22180.88151436098,0.08322614950764556,244332.4877281189,12,next_close
2023-04-21,267158.541998675,22180.88151436098,0.08302516306767009,244977.66048431396,12,next_close
2023-04-24,265811.2355030085,22180.88151436098,0.08344598930284847,243630.35398864746,12,next_close
2023-04-25,260918.2769916559,22180.88151436098,0.08501083852807413,238737.39547729492,12,next_close
2023-04-26,258103.99551277407,22180.88151436098,0.08593776888379553,235923.1139984131,12,next_close
2023-04-27,258670.13779335268,22180.88151436098,0.08574967989571691,236489.2562789917,12,next_close
2023-04-28,257835.2278926874,22180.88151436098,0.0860273504735854,235654.34637832642,12,next_close
2023-05-01,257787.79273883588,46179.965306203434,0.17913945736363177,211607.82743263245,12,next_close
2023-05-02,257052.20291797406,46179.965306203434,0.17965208927207507,210872.23761177063,12,next_close
2023-05-03,259564.88139430768,46179.965306203434,0.17791299446264833,213384.91608810425,12,next_close
2023-05-04,255347.41055957563,46179.965306203434,0.18085151208310019,209167.4452533722,12,next_close
2023-05-05,260267.496832769,46179.965306203434,0.1774327023857139,214087.53152656555,12,next_close
2023-05-08,260912.13018886335,46179.965306203434,0.17699432093393164,214732.1648826599,12,next_close
2023-05-09,260265.14974300153,46179.965306203434,0.17743430248653644,214085.1844367981,12,next_close
2023-05-10,261627.59895602948,46179.965306203434,0.17651029742456445,215447.63364982605,12,next_close
2023-05-11,261732.89523021466,46179.965306203434,0.17643928656955604,215552.92992401123,12,next_close
2023-05-12,260891.20198337323,46179.965306203434,0.1770085190881466,214711.2366771698,12,next_close
2023-05-15,264682.1905869652,46179.965306203434,0.1744732624578696,218502.22528076172,12,next_close
2023-05-16,263760.1935681511,46179.965306203434,0.17508314913437203,217580.22826194763,12,next_close
2023-05-17,267740.0119008232,46179.965306203434,0.17248062767439298,221560.04659461975,12,next_close
2023-05-18,272642.1609067131,46179.965306203434,0.16937939881574043,226462.19560050964,12,next_close
2023-05-19,268705.1196793724,46179.965306203434,0.17186112926060676,222525.15437316895,12,next_close
2023-05-22,267457.4789952446,46179.965306203434,0.17266283029245375,221277.51368904114,12,next_close
2023-05-23,261874.55409518964,46179.965306203434,0.17634384320294566,215694.5887889862,12,next_close
2023-05-24,260794.33186237104,46179.965306203434,0.17707426759019435,214614.3665561676,12,next_close
2023-05-25,268733.1738881279,46179.965306203434,0.17184318794012343,222553.20858192444,12,next_close
2023-05-26,271506.15427295456,46179.965306203434,0.17008809774446995,225326.1889667511,12,next_close
2023-05-30,272542.07306949387,46179.965306203434,0.16944160138691056,226362.1077632904,12,next_close
2023-05-31,270057.73672382126,46179.965306203434,0.17100034187663393,223877.7714176178,12,next_close
2023-06-01,271946.52363380196,1311.1622904181677,0.004821397504546718,270635.3613433838,12,next_close
2023-06-02,274408.3399713874,1311.1622904181677,0.004778143005984741,273097.17768096924,12,next_close
2023-06-05,273342.860906446,1311.1622904181677,0.004796768008025366,272031.69861602783,12,next_close
2023-06-06,276705.908033216,1311.1622904181677,0.004738468722036736,275394.74574279785,12,next_close
2023-06-07,274261.8755625129,1311.1622904181677,0.004780694683608377,272950.7132720947,12,next_close
2023-06-08,276690.48819526436,1311.1622904181677,0.004738732794792939,275379.3259048462,12,next_close
2023-06-09,275822.3226526618,1311.1622904181677,0.004753648210225868,274511.16036224365,12,next_close
2023-06-12,282788.7252024055,1311.1622904181677,0.004636543728819832,281477.5629119873,12,next_close
2023-06-13,283301.0842569709,1311.1622904181677,0.004628158391476065,281989.92196655273,12,next_close
2023-06-14,281991.5841349006,1311.1622904181677,0.0046496504299608004,280680.4218444824,12,next_close
2023-06-15,282825.40142616036,1311.1622904181677,0.004635942471243991,281514.2391357422,12,next_close
2023-06-16,279057.4122522712,1311.1622904181677,0.004698539557991964,277746.249961853,12,next_close
2023-06-20,280933.3052194953,1311.1622904181677,0.004667165715342105,279622.14292907715,12,next_close
2023-06-21,279916.2438944221,1311.1622904181677,0.004684123622753054,278605.0816040039,12,next_close
2023-06-22,282166.37370857,1311.1622904181677,0.004646770177414463,280855.21141815186,12,next_close
2023-06-23,278258.614522779,1311.1622904181677,0.004712027667739402,276947.45223236084,12,next_close
2023-06-26,277308.88583930733,1311.1622904181677,0.004728165440677401,275997.72354888916,12,next_close
2023-06-27,284814.13441261055,1311.1622904181677,0.004603571705183301,283502.9721221924,12,next_close
2023-06-28,285825.2279871345,1311.1622904181677,0.0045872867823871216,284514.0656967163,12,next_close
2023-06-29,288168.25175269844,1311.1622904181677,0.004549988704319124,286857.0894622803,12,next_close
2023-06-30,291730.7830866218,1311.1622904181677,0.004494425567797734,290419.6207962036,12,next_close
2023-07-03,290979.2095298362,1626.5285148215553,0.005589844434073822,289352.68101501465,12,next_close
2023-07-05,288652.04494853737,1626.5285148215553,0.005634910762927534,287025.5164337158,12,next_close
2023-07-06,282637.3742713523,1626.5285148215553,0.005754824601717288,281010.84575653076,12,next_close
2023-07-07,282959.8334350181,1626.5285148215553,0.005748266441480955,281333.30492019653,12,next_close
2023-07-10,287619.26388545753,1626.5285148215553,0.005655144557595799,285992.735370636,12,next_close
2023-07-11,287321.4657630515,1626.5285148215553,0.005661005906752968,285694.93724823,12,next_close
2023-07-12,291831.65869136574,1626.5285148215553,0.005573516328266952,290205.1301765442,12,next_close
2023-07-13,296731.33540721657,1626.5285148215553,0.005481485508058674,295104.806892395,12,next_close
2023-07-14,296725.89278789284,1626.5285148215553,0.005481586050814375,295099.3642730713,12,next_close
2023-07-17,302771.3297614646,1626.5285148215553,0.005372135188965876,301144.80124664307,12,next_close
2023-07-18,302886.1281928611,1626.5285148215553,0.005370099068339875,301259.59967803955,12,next_close
2023-07-19,298976.83492275,1626.5285148215553,0.005440316187847194,297350.30640792847,12,next_close
2023-07-20,289936.6514777732,1626.5285148215553,0.005609944470736382,288310.12296295166,12,next_close
2023-07-21,290554.61587138893,1626.5285148215553,0.005598012992991038,288928.0873565674,12,next_close
2023-07-24,290727.0046195579,1626.5285148215553,0.005594693609387998,289100.4761047363,12,next_close
2023-07-25,296611.5517158103,1626.5285148215553,0.005483699152688315,294985.02320098877,12,next_close
2023-07-26,296433.27960963966,1626.5285148215553,0.005486996996300352,294806.7510948181,12,next_close
2023-07-27,297979.90323253395,1626.5285148215553,0.005458517494558231,296353.3747177124,12,next_close
2023-07-28,304088.04944988014,1626.5285148215553,0.005348873517930339,302461.5209350586,12,next_close
2023-07-31,306558.6488456321,1626.5285148215553,0.005305766191710335,304932.12033081055,12,next_close
2023-08-01,306623.8477970672,7638.825427682423,0.024912691829299675,298985.02236938477,12,next_close
2023-08-02,299686.47131696466,7638.825427682423,0.02548939027548957,292047.6458892822,12,next_close
2023-08-03,296974.29483381036,7638.825427682423,0.025722177173472815,289335.46940612793,12,next_close
2023-08-04,293788.02752652887,7638.825427682423,0.026001146105222556,286149.20209884644,12,next_close
2023-08-07,298443.5065380645,7638.825427682423,0.025595549108414394,290804.6811103821,12,next_close
2023-08-08,296237.96046033624,7638.825427682423,0.025786112677160418,288599.1350326538,12,next_close
2023-08-09,291729.54022947076,7638.825427682423,0.026184614083557736,284090.71480178833,12,next_close
2023-08-10,291996.0927502227,7638.825427682423,0.026160711109983154,284357.2673225403,12,next_close
2023-08-11,286907.66398587945,7638.825427682423,0.02662468238582284,279268.838558197,12,next_close
2023-08-14,292409.8586765838,7638.825427682423,0.026123693169084455,284771.03324890137,12,next_close
2023-08-15,288764.079402597,7638.825427682423,0.02645351680681972,281125.25397491455,12,next_close
2023-08-16,284450.80364194635,7638.825427682423,0.02685464526687654,276811.9782142639,12,next_close
2023-08-17,276151.0299870086,7638.825427682423,0.02766176692530094,268512.2045593262,12,next_close
2023-08-18,277388.3421780181,7638.825427682423,0.027538379470828996,269749.5167503357,12,next_close
2023-08-21,282005.25857892755,7638.825427682423,0.027087528318357475,274366.4331512451,12,next_close
2023-08-22,281887.9918781829,7638.825427682423,0.02709879685468659,274249.1664505005,12,next_close
2023-08-23,289186.98553815606,7638.825427682423,0.026414831267275465,281548.16011047363,12,next_close
2023-08-24,281066.1978298736,7638.825427682423,0.02717802954130444,273427.37240219116,12,next_close
2023-08-25,280935.2789036346,7638.825427682423,0.027190694801640294,273296.45347595215,12,next_close
2023-08-28,284704.39768567804,7638.825427682423,0.026830725095142047,277065.5722579956,12,next_close
2023-08-29,295253.78369870904,7638.825427682423,0.025872066166228856,287614.9582710266,12,next_close
2023-08-30,297850.71614804986,7638.825427682423,0.025646490048677483,290211.89072036743,12,next_close
2023-08-31,302722.4514385772,7638.825427682423,0.02523375914598244,295083.6260108948,12,next_close
2023-09-01,301960.4424546313,1554.5851624560491,0.005148307340586908,300405.8572921753,12,next_close
2023-09-05,295709.8629410815,1554.5851624560491,0.005257129900891372,294155.2777786255,12,next_close
2023-09-06,295837.39625864744,1554.5851624560491,0.0052548635910008214,294282.8110961914,12,next_close
2023-09-07,292710.38547068357,1554.5851624560491,0.00531100104274144,291155.80030822754,12,next_close
2023-09-08,291364.74903422117,1554.5851624560491,0.005335529324013939,289810.16387176514,12,next_close
2023-09-11,291214.15252238035,1554.5851624560491,0.005338288503463362,289659.5673599243,12,next_close
2023-09-12,286483.7727082324,1554.5851624560491,0.005426433573392328,284929.18754577637,12,next_close
2023-09-13,285080.4171097827,1554.5851624560491,0.005453146091958285,283525.83194732666,12,next_close
2023-09-14,288354.01680308103,1554.5851624560491,0.005391238102702367,286799.431640625,12,next_close
2023-09-15,278647.7795365405,1554.5851624560491,0.005579033018105168,277093.1943740845,12,next_close
2023-09-18,279758.04593210935,1554.5851624560491,0.005556891696452977,278203.4607696533,12,next_close
2023-09-19,277075.2352936816,1554.5851624560491,0.005610696895405649,275520.6501312256,12,next_close
2023-09-20,271453.6946976733,1554.5851624560491,0.005726888942099095,269899.1095352173,12,next_close
2023-09-21,264387.76423960447,1554.5851624560491,0.005879943676391879,262833.17907714844,12,next_close
2023-09-22,266572.38236552,1554.5851624560491,0.005831756270701837,265017.79720306396,12,next_close
2023-09-25,268793.7158158374,1554.5851624560491,0.005783562155601752,267239.13065338135,12,next_close
2023-09-26,264138.35090952634,1554.5851624560491,0.005885495828617978,262583.7657470703,12,next_close
2023-09-27,267384.06532603025,1554.5851624560491,0.0058140531320013105,265829.4801635742,12,next_close
2023-09-28,272164.72452097654,1554.5851624560491,0.005711927455669343,270610.1393585205,12,next_close
2023-09-29,270497.2195542407,1554.5851624560491,0.0057471391573558125,268942.63439178467,12,next_close
2023-10-02,270340.3663213802,584.3068502498027,0.0021613747817267495,269756.0594711304,12,next_close
2023-10-03,265803.73163967853,584.3068502498027,0.002198264285626676,265219.4247894287,12,next_close
2023-10-04,264453.3078535152,584.3068502498027,0.0022094896637612086,263869.0010032654,12,next_close
2023-10-05,263942.3487623287,584.3068502498027,0.0022137669570257237,263358.04191207886,12,next_close
2023-10-06,268362.30249005085,584.3068502498027,0.002177305995768407,267777.995639801,12,next_close
2023-10-09,272605.60214977985,584.3068502498027,0.002143414682757555,272021.29529953003,12,next_close
2023-10-10,274932.2563703609,584.3068502498027,0.002125275724150329,274347.9495201111,12,next_close
2023-10-11,277478.8622243953,584.3068502498027,0.0021057706722801737,276894.5553741455,12,next_close
2023-10-12,276894.15365582233,584.3068502498027,0.002110217361165712,276309.8468055725,12,next_close
2023-10-13,274789.6693151546,584.3068502498027,0.0021263785196366488,274205.3624649048,12,next_close
2023-10-16,277324.2791364742,584.3068502498027,0.002106944448099545,276739.97228622437,12,next_close
2023-10-17,278920.6272962642,584.3068502498027,0.0020948857598443696,278336.3204460144,12,next_close
2023-10-18,277325.38104992633,584.3068502498027,0.0021069360764516937,276741.0741996765,12,next_close
2023-10-19,272648.33862286335,584.3068502498027,0.0021430787115781264,272064.0317726135,12,next_close
2023-10-20,268300.1106069637,584.3068502498027,0.002177810694628305,267715.80375671387,12,next_close
2023-10-23,267281.3955839229,584.3068502498027,0.002186111191814463,266697.0887336731,12,next_close
2023-10-24,265861.1080549312,584.3068502498027,0.00219778987052546,265276.8012046814,12,next_close
2023-10-25,258354.02496319538,584.3068502498027,0.002261651818016158,257769.71811294556,12,next_close
2023-10-26,254816.05469113117,584.3068502498027,0.002293053516420131,254231.74784088135,12,next_close
2023-10-27,255159.8524931026,584.3068502498027,0.002289963897300801,254575.54564285278,12,next_close
2023-10-30,254492.9775121761,584.3068502498027,0.0022959645329382293,253908.67066192627,12,next_close
2023-10-31,260796.9371755672,584.3068502498027,0.002240466688672997,260212.63032531738,12,next_close
2023-11-01,264746.9988246322,1667.948104417359,0.006300158686679594,263079.05072021484,12,next_close
2023-11-02,269134.47306016687,1667.948104417359,0.006197452468470948,267466.5249557495,12,next_close
2023-11-03,269129.5173945785,1667.948104417359,0.006197566586395399,267461.56929016113,12,next_close
2023-11-06,266753.61582521204,1667.948104417359,0.006252766618579849,265085.6677207947,12,next_close
2023-11-07,264887.8916468978,1667.948104417359,0.006296807657183423,263219.94354248047,12,next_close
2023-11-08,262531.38380388025,1667.948104417359,0.0063533284297292705,260863.4356994629,12,next_close
2023-11-09,262068.1811519027,1667.948104417359,0.006364557868437166,260400.23304748535,12,next_close
2023-11-10,263842.28530458215,1667.948104417359,0.006321761890789655,262174.3372001648,12,next_close
2023-11-13,266724.7071261764,1667.948104417359,0.006253444318633452,265056.75902175903,12,next_close
2023-11-14,270977.9108348251,1667.948104417359,0.006155291770014637,269309.9627304077,12,next_close
2023-11-15,269508.8173480392,1667.948104417359,0.006188844286542947,267840.8692436218,12,next_close
2023-11-16,268207.5534930587,1667.948104417359,0.00621887073161989,266539.60538864136,12,next_close
2023-11-17,271080.24316743616,1667.948104417359,0.0061529681577979466,269412.2950630188,12,next_close
2023-11-20,274075.3374438644,1667.948104417359,0.0060857285444699495,272407.389339447,12,next_close
2023-11-21,271602.9611621261,1667.948104417359,0.006141126360628013,269935.01305770874,12,next_close
2023-11-22,272979.59391359094,1667.948104417359,0.0061101567355446055,271311.6458091736,12,next_close
2023-11-24,273105.4944835067,1667.948104417359,0.006107339977072812,271437.54637908936,12,next_close
2023-11-27,272888.7320781112,1667.948104417359,0.006112191191316498,271220.78397369385,12,next_close
2023-11-28,271532.41950944666,1667.948104417359,0.006142721769395683,269864.4714050293,12,next_close
2023-11-29,267276.6350055099,1667.948104417359,0.00624053091802422,265608.68690109253,12,next_close
2023-11-30,270423.08667711023,1667.948104417359,0.006167920516375576,268755.1385726929,12,next_close
2023-12-01,272765.4260118867,1669.9738224411522,0.006122380856173382,271095.4521894455,12,next_close
2023-12-04,273365.12034210213,1669.9738224411522,0.006108949892185468,271695.14651966095,12,next_close
2023-12-05,271725.0894688035,1669.9738224411522,0.006145821225805062,270055.1156463623,12,next_close
2023-12-06,268160.7996710206,1669.9738224411522,0.006227509108303206,266490.8258485794,12,next_close
2023-12-07,270571.34328350076,1669.9738224411522,0.0061720276884288435,268901.36946105957,12,next_close
2023-12-08,275738.4654005433,1669.9738224411522,0.006056368740630054,274068.4915781021,12,next_close
2023-12-11,277813.112764206,1669.9738224411522,0.006011141107866075,276143.13894176483,12,next_close
2023-12-12,278984.7485025788,1669.9738224411522,0.005985896474285997,277314.77468013763,12,next_close
2023-12-13,279264.9288004304,1669.9738224411522,0.0059798909573588336,277594.9549779892,12,next_close
2023-12-14,284230.87463840493,1669.9738224411522,0.0058754131639135706,282560.90081596375,12,next_close
2023-12-15,282723.6514748002,1669.9738224411522,0.005906735477311139,281053.677652359,12,next_close
2023-12-18,284977.597344246,1669.9738224411522,0.005860017903175261,283307.6235218048,12,next_close
2023-12-19,286875.6514118577,1669.9738224411522,0.0058212462933761745,285205.6775894165,12,next_close
2023-12-20,282909.8279846574,1669.9738224411522,0.0059028483893168865,281239.8541622162,12,next_close
2023-12-21,287710.95582946786,1669.9738224411522,0.005804345606605887,286040.9820070267,12,next_close
2023-12-22,288607.9750355149,1669.9738224411522,0.005786305185210672,286938.00121307373,12,next_close
2023-12-26,290608.96856197366,1669.9738224411522,0.005746463471876721,288938.99473953247,12,next_close
2023-12-27,291247.2400997544,1669.9738224411522,0.0057338700338213444,289577.26627731323,12,next_close
2023-12-28,289785.75778755196,1669.9738224411522,0.005762787775324159,288115.7839651108,12,next_close
2023-12-29,287220.67679962167,1669.9738224411522,0.005814253489856521,285550.7029771805,12,next_close
2024-01-02,281516.18764763,7568.433925915993,0.02688454255209402,273947.753721714,12,next_close
2024-01-03,276428.0533888829,7568.433925915993,0.02737939884584946,268859.6194629669,12,next_close
2024-01-04,276116.258273412,7568.433925915993,0.02741031612278942,268547.82434749603,12,next_close
2024-01-05,278194.9381068242,7568.433925915993,0.02720550552580431,270626.5041809082,12,next_close
2024-01-08,284593.3645451558,7568.433925915993,0.026593852383073137,277024.9306192398,12,next_close
2024-01-09,286399.6224749577,7568.433925915993,0.02642613094428141,278831.18854904175,12,next_close
2024-01-10,288634.47744636657,7568.433925915993,0.02622151723825974,281066.0435204506,12,next_close
2024-01-11,289945.34295539977,7568.433925915993,0.02610296771374663,282376.9090294838,12,next_close
2024-01-12,291036.87211494567,7568.433925915993,0.026005068948537984,283468.4381890297,12,next_close
2024-01-16,293840.82769994857,7568.433925915993,0.02575691739353659,286272.3937740326,12,next_close
2024-01-17,291931.1099665654,7568.433925915993,0.025925410713448113,284362.6760406494,12,next_close
2024-01-18,296326.8839724553,7568.433925915993,0.025540827833290713,288758.4500465393,12,next_close
2024-01-19,305824.54854421737,7568.433925915993,0.024747633772184637,298256.1146183014,12,next_close
2024-01-22,307013.0898106587,7568.433925915993,0.024651828137307118,299444.65588474274,12,next_close
2024-01-23,307311.2111647618,7568.433925915993,0.02462791349925159,299742.7772388458,12,next_close
2024-01-24,308331.95594244124,7568.433925915993,0.024546381846093347,300763.52201652527,12,next_close
2024-01-25,307155.39563923003,7568.433925915993,0.024640406886439696,299586.96171331406,12,next_close
2024-01-26,305107.0660675061,7568.433925915993,0.02480582971566266,297538.6321415901,12,next_close
2024-01-29,308646.0324028027,7568.433925915993,0.02452140358648351,301077.59847688675,12,next_close
2024-01-30,308457.2009346974,7568.433925915993,0.024536415110368213,300888.76700878143,12,next_close
2024-01-31,302517.4780614865,7568.433925915993,0.02501817076624483,294949.0441355705,12,next_close
2024-02-01,309372.34031635406,2602.9208169568083,0.008413553759509161,306769.4194993973,12,next_close
2024-02-02,313389.95341259125,2602.9208169568083,0.008305693238129915,310787.03259563446,12,next_close
2024-02-05,317530.3637161839,2602.9208169568083,0.008197391854101108,314927.44289922714,12,next_close
2024-02-06,317936.5489841092,2602.9208169568083,0.008186919136141549,315333.6281671524,12,next_close
2024-02-07,321619.8537936795,2602.9208169568083,0.00809315963008488,319016.9329767227,12,next_close
2024-02-08,326664.1370649922,2602.9208169568083,0.007968186652944208,324061.21624803543,12,next_close
2024-02-09,328042.5201888669,2602.9208169568083,0.007934705584685196,325439.5993719101,12,next_close
2024-02-12,328918.7264967549,2602.9208169568083,0.007913568329416745,326315.8056797981,12,next_close
2024-02-13,325504.56165319565,2602.9208169568083,0.007996572471171862,322901.64083623886,12,next_close
2024-02-14,338775.2186022389,2602.9208169568083,0.007683327097230618,336172.29778528214,12,next_close
2024-02-15,347303.67216020706,2602.9208169568083,0.007494653888243692,344700.7513432503,12,next_close
2024-02-16,331843.714748441,2602.9208169568083,0.007843815330147176,329240.7939314842,12,next_close
2024-02-20,326155.3488364804,2602.9208169568083,0.007980616679267754,323552.4280195236,12,next_close
2024-02-21,320532.24376970413,2602.9208169568083,0.008120620834723117,317929.32295274734,12,next_close
2024-02-22,343297.40602546814,2602.9208169568083,0.007582116180521637,340694.48520851135,12,next_close
2024-02-23,336383.4017553914,2602.9208169568083,0.007737958541871158,333780.4809384346,12,next_close
2024-02-26,339997.5430546391,2602.9208169568083,0.007655704784132829,337394.62223768234,12,next_close
2024-02-27,339561.9110475171,2602.9208169568083,0.007665526468875848,336958.9902305603,12,next_close
2024-02-28,336008.3719225514,2602.9208169568083,0.00774659512816178,333405.45110559464,12,next_close
2024-02-29,344246.8389473546,2602.9208169568083,0.007561204701010692,341643.9181303978,12,next_close
2024-03-01,354985.12038264284,1445.088789320056,0.004070843272986702,353540.03159332275,12,next_close
2024-03-04,366106.1954787732,1445.088789320056,0.003947184743569416,364661.1066894531,12,next_close
2024-03-05,360461.4294341565,1445.088789320056,0.00400899700028522,359016.3406448364,12,next_close
2024-03-06,367043.5042022229,1445.088789320056,0.003937104928368064,365598.41541290283,12,next_close
2024-03-07,364999.80858454714,1445.088789320056,0.003959149444280658,363554.71979522705,12,next_close
2024-03-08,354245.8330291272,1445.088789320056,0.004079338850546864,352800.7442398071,12,next_close
2024-03-11,342974.3606856824,1445.088789320056,0.004213401801904377,341529.2718963623,12,next_close
2024-03-12,356832.74858698854,1445.088789320056,0.004049765037100491,355387.65979766846,12,next_close
2024-03-13,357818.9392226697,1445.088789320056,0.0040386034133894225,356373.8504333496,12,next_close
2024-03-14,354553.53919062624,1445.088789320056,0.004075798517253277,353108.45040130615,12,next_close
2024-03-15,349194.57962641725,1445.088789320056,0.004138348283830956,347749.49083709717,12,next_close
2024-03-18,350500.63346705446,1445.088789320056,0.004122927753441245,349055.5446777344,12,next_close
2024-03-19,347962.11076197634,1445.088789320056,0.004153006159652164,346517.02197265625,12,next_close
2024-03-20,355930.69051966676,1445.088789320056,0.004060028617397939,354485.6017303467,12,next_close
2024-03-21,366688.3636306287,1445.088789320056,0.0039409180455361225,365243.2748413086,12,next_close
2024-03-22,366752.38179621706,1445.088789320056,0.003940230141771806,365307.293006897,12,next_close
2024-03-25,368282.43456873903,1445.088789320056,0.003923860205312979,366837.34577941895,12,next_close
2024-03-26,370846.5311873914,1445.088789320056,0.0038967299618338416,369401.4423980713,12,next_close
2024-03-27,369957.168112135,1445.088789320056,0.0039060975536553077,368512.07932281494,12,next_close
2024-03-28,370107.6066115857,1445.088789320056,0.0039045098331000356,368662.5178222656,12,next_close
2024-04-01,369514.32582058915,2218.421714449003,0.0060036149059241525,367295.90410614014,12,next_close
2024-04-02,364263.3336826802,2218.421714449003,0.006090159259294352,362044.9119682312,12,next_close
2024-04-03,370072.5553967,2218.421714449003,0.005994558856359833,367854.133682251,12,next_close
2024-04-04,356691.892871523,2218.421714449003,0.006219434079619122,354473.471157074,12,next_close
2024-04-05,365092.2226673604,2218.421714449003,0.00607633243524399,362873.8009529114,12,next_close
2024-04-08,361825.2070080281,2218.421714449003,0.006131197250720514,359606.7852935791,12,next_close
2024-04-09,357462.1409107686,2218.421714449003,0.006206032641098001,355243.7191963196,12,next_close
2024-04-10,355111.54486813553,2218.421714449003,0.0062471123412019035,352893.1231536865,12,next_close
2024-04-11,362726.1142536641,2218.421714449003,0.006115969121808532,360507.6925392151,12,next_close
2024-04-12,351445.7688595296,2218.421714449003,0.006312273218277642,349227.34714508057,12,next_close
2024-04-15,344323.72440304764,2218.421714449003,0.006442837240724757,342105.30268859863,12,next_close
2024-04-16,350563.1849667073,2218.421714449003,0.006328165105698947,348344.7632522583,12,next_close
2024-04-17,343417.1197086812,2218.421714449003,0.006459846021453088,341198.6979942322,12,next_close
2024-04-18,340704.1276051045,2218.421714449003,0.0065112851142803884,338485.7058906555,12,next_close
2024-04-19,320160.5567814351,2218.421714449003,0.006929091255808439,317942.1350669861,12,next_close
2024-04-22,325194.21771969803,2218.421714449003,0.006821836286035003,322975.796005249,12,next_close
2024-04-23,334467.3815189839,2218.421714449003,0.0066326997400285755,332248.9598045349,12,next_close
2024-04-24,336093.81798901566,2218.421714449003,0.0066006025571154845,333875.39627456665,12,next_close
2024-04-25,344334.1978374959,2218.421714449003,0.006442641272290819,342115.7761230469,12,next_close
2024-04-26,354498.80862774857,2218.421714449003,0.006257910211423359,352280.38691329956,12,next_close
2024-04-29,357928.73737683304,2218.421714449003,0.006197942447167671,355710.31566238403,12,next_close
2024-04-30,352811.9895359517,2218.421714449003,0.006287829723039911,350593.5678215027,12,next_close
2024-05-01,340450.28142559057,1421.5846520615305,0.004175601342166124,339028.69677352905,12,next_close
2024-05-02,345830.86253368383,1421.5846520615305,0.0041106355911860485,344409.2778816223,12,next_close
2024-05-03,349279.91509258276,1421.5846520615305,0.0040700440839397094,347858.33044052124,12,next_close
2024-05-06,358695.5301324082,1421.5846520615305,0.003963207045085757,357273.9454803467,12,next_close
2024-05-07,355430.9158669663,1421.5846520615305,0.003999608893317579,354009.3312149048,12,next_close
2024-05-08,357770.5398560715,1421.5846520615305,0.0039734536349287555,356348.95520401,12,next_close
2024-05-09,358029.48752986913,1421.5846520615305,0.003970579802991598,356607.9028778076,12,next_close
2024-05-10,354253.6728783799,1421.5846520615305,0.0040129002488834605,352832.08822631836,12,next_close
2024-05-13,350472.1481820298,1421.5846520615305,0.0040561986435600625,349050.56352996826,12,next_close
2024-05-14,357755.63452541357,1421.5846520615305,0.00397361918267858,356334.04987335205,12,next_close
2024-05-15,374892.31844722753,1421.5846520615305,0.003791981275982433,373470.733795166,12,next_close
2024-05-16,360720.8057862473,1421.5846520615305,0.003940955523657597,359299.2211341858,12,next_close
2024-05-17,356527.3281289292,1421.5846520615305,0.003987309078162586,355105.7434768677,12,next_close
2024-05-20,361072.7467995835,1421.5846520615305,0.003937114237122397,359651.162147522,12,next_close
2024-05-21,360847.3359605027,1421.5846520615305,0.003939573637914104,359425.75130844116,12,next_close
2024-05-22,354889.8234902573,1421.5846520615305,0.004005707005291339,353468.2388381958,12,next_close
2024-05-23,358436.4864999009,1421.5846520615305,0.003966071272328253,357014.90184783936,12,next_close
2024-05-24,367774.3115082932,1421.5846520615305,0.003865372342705002,366352.7268562317,12,next_close
2024-05-28,370999.38886272436,1421.5846520615305,0.0038317708727750475,369577.80421066284,12,next_close
2024-05-29,363635.73399364477,1421.5846520615305,0.003909364562302272,362214.14934158325,12,next_close
2024-05-30,361255.89949047094,1421.5846520615305,0.003935118164344409,359834.3148384094,12,next_close
2024-05-31,358240.2696343613,1421.5846520615305,0.003968243585547973,356818.6849822998,12,next_close
2024-06-03,356626.2499840928,6369.830985374487,0.017861363221744364,350256.41899871826,12,next_close
2024-06-04,348739.6149247361,6369.830985374487,0.018265292248915294,342369.7839393616,12,next_close
2024-06-05,359215.1228478623,6369.830985374487,0.017732635905956244,352845.2918624878,12,next_close
2024-06-06,352734.4617493821,6369.830985374487,0.018058431131972166,346364.63076400757,12,next_close
2024-06-07,349484.43625957496,6369.830985374487,0.018226365252624235,343114.60527420044,12,next_close
2024-06-10,359175.9244797898,6369.830985374487,0.017734571142540224,352806.0934944153,12,next_close
2024-06-11,361524.259986229,6369.830985374487,0.01761937355356767,355154.4290008545,12,next_close
2024-06-12,367701.1178734971,6369.830985374487,0.017323393037836633,361331.28688812256,12,next_close
2024-06-13,367104.1379464341,6369.830985374487,0.017351564112044793,360734.30696105957,12,next_close
2024-06-14,360447.1652596665,6369.830985374487,0.017672024083711838,354077.334274292,12,next_close
2024-06-17,362393.2411416245,6369.830985374487,0.01757712413539505,356023.41015625,12,next_close
2024-06-18,370702.8217690659,6369.830985374487,0.01718311976956748,364332.9907836914,12,next_close
2024-06-20,364034.09126598365,6369.830985374487,0.017497896867907165,357664.26028060913,12,next_close
2024-06-21,362923.16560298926,6369.830985374487,0.017551458790984437,356553.33461761475,12,next_close
2024-06-24,359196.5589822007,6369.830985374487,0.017733552357582946,352826.7279968262,12,next_close
2024-06-25,365670.6787751389,6369.830985374487,0.017419583672147455,359300.8477897644,12,next_close
2024-06-26,363464.3402131272,6369.830985374487,0.01752532581776623,357094.5092277527,12,next_close
2024-06-27,362472.4672082139,6369.830985374487,0.01757328228109388,356102.63622283936,12,next_close
2024-06-28,357830.6867287827,6369.830985374487,0.017801242938682037,351460.8557434082,12,next_close
2024-07-01,355940.03271859174,18293.481082849532,0.05139484014520071,337646.5516357422,12,next_close
2024-07-02,355998.03915017133,18293.481082849532,0.05138646585391095,337704.5580673218,12,next_close
2024-07-03,360666.5629462529,18293.481082849532,0.050721311488960114,342373.0818634033,12,next_close
2024-07-05,361910.58557503705,18293.481082849532,0.05054696328868954,343617.1044921875,12,next_close
2024-07-08,366949.0758933354,18293.481082849532,0.04985291498095249,348655.59481048584,12,next_close
2024-07-09,366924.46140664106,18293.481082849532,0.04985625927669055,348630.9803237915,12,next_close
2024-07-10,369955.39249032026,18293.481082849532,0.04944780223288183,351661.9114074707,12,next_close
2024-07-11,369604.3161353398,18293.481082849532,0.04949477125735437,351310.83505249023,12,next_close
2024-07-12,370825.6092032719,18293.481082849532,0.04933176304126766,352532.12812042236,12,next_close
2024-07-15,371844.11110299116,18293.481082849532,0.049196640572271196,353550.6300201416,12,next_close
2024-07-16,375071.5003012944,18293.481082849532,0.04877331673602075,356778.0192184448,12,next_close
2024-07-17,359020.96268074994,18293.481082849532,0.05095379653114165,340727.4815979004,12,next_close
2024-07-18,361086.081996851,18293.481082849532,0.05066238217126593,342792.60091400146,12,next_close
2024-07-19,360262.36388009076,18293.481082849532,0.05077821864550444,341968.8827972412,12,next_close
2024-07-22,366188.0206488896,18293.481082849532,0.04995652520372803,347894.53956604004,12,next_close
2024-07-23,369723.01822274213,18293.481082849532,0.04947888062470728,351429.5371398926,12,next_close
2024-07-24,359432.39889901166,18293.481082849532,0.05089547057773548,341138.9178161621,12,next_close
2024-07-25,360260.3340796757,18293.481082849532,0.050778504743194175,341966.8529968262,12,next_close
2024-07-26,367506.67820351606,18293.481082849532,0.049777275265509756,349213.1971206665,12,next_close
2024-07-29,365961.2320136357,18293.481082849532,0.04998748359817501,347667.75093078613,12,next_close
2024-07-30,358342.3558997441,18293.481082849532,0.051050289706661485,340048.87481689453,12,next_close
2024-07-31,371168.3640860844,18293.481082849532,0.04928620769685737,352874.88300323486,12,next_close
2024-08-01,368892.5378442288,33540.60287718775,0.09092242167107986,335351.934967041,12,next_close
2024-08-02,355170.40454344754,33540.60287718775,0.09443524136055872,321629.80166625977,12,next_close
2024-08-05,345874.9337411404,33540.60287718775,0.0969732108493592,312334.33086395264,12,next_close
2024-08-06,351731.28595976834,33540.60287718775,0.09535859963570084,318190.68308258057,12,next_close
2024-08-07,345127.18059782987,33540.60287718775,0.09718331317483794,311586.5777206421,12,next_close
2024-08-08,358688.29406218533,33540.60287718775,0.09350905349415407,325147.69118499756,12,next_close
2024-08-09,359973.1396966458,33540.60287718775,0.09317529331619819,326432.536819458,12,next_close
2024-08-12,363335.07782225613,33540.60287718775,0.0923131426732099,329794.47494506836,12,next_close
2024-08-13,370054.8765969754,33540.60287718775,0.09063683523272856,336514.2737197876,12,next_close
2024-08-14,371072.111177969,33540.60287718775,0.09038836890951749,337531.50830078125,12,next_close
2024-08-15,378207.30365996365,33540.60287718775,0.08868311783672807,344666.7007827759,12,next_close
2024-08-16,379505.6862588406,33540.60287718775,0.08837971100731148,345965.08338165283,12,next_close
2024-08-19,387026.51404814725,33540.60287718775,0.08666228710370784,353485.9111709595,12,next_close
2024-08-20,381067.76667265897,33540.60287718775,0.08801742317397175,347527.1637954712,12,next_close
2024-08-21,384255.3594079495,33540.60287718775,0.08728727408998596,350714.7565307617,12,next_close
2024-08-22,380970.42142729764,33540.60287718775,0.08803991331276742,347429.81855010986,12,next_close
2024-08-23,389567.2848763943,33540.60287718775,0.08609707277609269,356026.68199920654,12,next_close
2024-08-26,385519.88610320096,33540.60287718775,0.08700096697011674,351979.2832260132,12,next_close
2024-08-27,388055.01337676053,33540.60287718775,0.0864325977528948,354514.41049957275,12,next_close
2024-08-28,384953.24733214383,33540.60287718775,0.08712902958900977,351412.64445495605,12,next_close
2024-08-29,382886.4329171658,33540.60287718775,0.08759935060024437,349345.830039978,12,next_close
2024-08-30,386319.85527281766,33540.60287718775,0.08682081031921464,352779.2523956299,12,next_close
2024-09-03,364682.5806467724,101961.546642561,0.2795898462211439,262721.0340042114,12,next_close
2024-09-04,366369.0149615002,101961.546642561,0.27830286535905774,264407.4683189392,12,next_close
2024-09-05,364567.14167811396,101961.546642561,0.2796783774128102,262605.595035553,12,next_close
2024-09-06,354955.061435957,101961.546642561,0.28725198685737713,252993.514793396,12,next_close
2024-09-09,358496.6284945202,101961.546642561,0.28441424141348526,256535.08185195923,12,next_close
2024-09-10,360586.498192091,101961.546642561,0.2827658471789042,258624.95154953003,12,next_close
2024-09-11,366472.35705973627,101961.546642561,0.2782243863101001,264510.8104171753,12,next_close
2024-09-12,371387.9583323193,101961.546642561,0.27454187556432685,269426.4116897583,12,next_close
2024-09-13,377393.3872988415,101961.546642561,0.27017311398151783,275431.8406562805,12,next_close
2024-09-16,379602.6653139782,101961.546642561,0.26860071321740125,277641.11867141724,12,next_close
2024-09-17,380750.06815745356,101961.546642561,0.2677912761407473,278788.5215148926,12,next_close
2024-09-18,381353.96937586786,101961.546642561,0.2673672095492633,279392.4227333069,12,next_close
2024-09-19,387668.8864405346,101961.546642561,0.2630119419145109,285707.33979797363,12,next_close
2024-09-20,391169.9191286755,101961.546642561,0.26065794340648346,289208.3724861145,12,next_close
2024-09-23,391739.48196818354,101961.546642561,0.26027896430118364,289777.93532562256,12,next_close
2024-09-24,391836.59981562616,101961.546642561,0.2602144533985282,289875.0531730652,12,next_close
2024-09-25,392423.21129633905,101961.546642561,0.2598254733855806,290461.6646537781,12,next_close
2024-09-26,388653.5350344372,101961.546642561,0.2623456046360843,286691.9883918762,12,next_close
2024-09-27,389716.55212809565,101961.546642561,0.2616300131102652,287755.00548553467,12,next_close
2024-09-30,390896.49815394403,101961.546642561,0.26084026621902917,288934.95151138306,12,next_close
2024-10-01,389886.44601277355,132275.59107045177,0.3392669645820879,257610.85494232178,12,next_close
2024-10-02,389378.5938322926,132275.59107045177,0.33970945800740027,257103.00276184082,12,next_close
2024-10-03,389576.23231343273,132275.59107045177,0.33953711776756884,257300.64124298096,12,next_close
2024-10-04,395581.18736104015,132275.59107045177,0.3343829163183286,263305.5962905884,12,next_close
2024-10-07,391232.2740614796,132275.59107045177,0.33809989574036403,258956.68299102783,12,next_close
2024-10-08,395349.9446623707,132275.59107045177,0.33457849901412096,263074.35359191895,12,next_close
2024-10-09,395136.020704546,132275.59107045177,0.33475963754101234,262860.42963409424,12,next_close
2024-10-10,394473.075681963,132275.59107045177,0.3353222291325572,262197.48461151123,12,next_close
2024-10-11,394835.4750883961,132275.59107045177,0.3350144539085243,262559.88401794434,12,next_close
2024-10-14,395886.1133788014,132275.59107045177,0.3341253623207658,263610.5223083496,12,next_close
2024-10-15,394216.011228838,132275.59107045177,0.33554088951924194,261940.42015838623,12,next_close
2024-10-16,400531.4259856129,132275.59107045177,0.3302502188060597,268255.83491516113,12,next_close
2024-10-17,401456.84345845226,132275.59107045177,0.3294889431474875,269181.2523880005,12,next_close
2024-10-18,402938.7863448048,132275.59107045177,0.32827713675908143,270663.195274353,12,next_close
2024-10-21,403395.6812575245,132275.59107045177,0.32790532277912043,271120.09018707275,12,next_close
2024-10-22,402291.2262175465,132275.59107045177,0.32880555788935173,270015.6351470947,12,next_close
2024-10-23,400051.3682158375,132275.59107045177,0.33064651587214633,267775.77714538574,12,next_close
2024-10-24,397393.670515337,132275.59107045177,0.3328578205559183,265118.07944488525,12,next_close
2024-10-25,398234.3251479054,132275.59107045177,0.3321551727649901,265958.7340774536,12,next_close
2024-10-28,402575.786077776,132275.59107045177,0.32857314236206114,270300.1950073242,12,next_close
2024-10-29,402463.2234557057,132275.59107045177,0.3286650390927204,270187.6323852539,12,next_close
2024-10-30,400211.84321431164,132275.59107045177,0.33051393484030106,267936.25214385986,12,next_close
2024-10-31,396842.2941496754,132275.59107045177,0.3333202963002777,264566.70307922363,12,next_close
2024-11-01,397892.76193054195,135290.67672927855,0.34001793868493524,262602.0852012634,12,next_close
2024-11-04,397644.5743695068,135290.67672927855,0.34023015891463215,262353.8976402283,12,next_close
2024-11-05,406786.23419387813,135290.67672927855,0.33258420604468575,271495.5574645996,12,next_close
2024-11-06,420054.623182373,135290.67672927855,0.32207877086152215,284763.9464530945,12,next_close
2024-11-07,423315.1039639282,135290.67672927855,0.3195980381101805,288024.42723464966,12,next_close
2024-11-08,430912.78385360714,135290.67672927855,0.3139630147877917,295622.1071243286,12,next_close
2024-11-11,433024.364500122,135290.67672927855,0.31243201958267736,297733.6877708435,12,next_close
2024-11-12,430301.6470280456,135290.67672927855,0.3144089214245112,295010.9702987671,12,next_close
2024-11-13,427765.2931347656,135290.67672927855,0.31627315002074236,292474.61640548706,12,next_close
2024-11-14,421878.68895919796,135290.67672927855,0.3206862073622382,286588.01222991943,12,next_close
2024-11-15,415733.57666213985,135290.67672927855,0.325426389216638,280442.8999328613,12,next_close
2024-11-18,418625.38723571773,135290.67672927855,0.3231783853880311,283334.7105064392,12,next_close
2024-11-19,424499.30404479976,135290.67672927855,0.31870647475784925,289208.62731552124,12,next_close
2024-11-20,425202.66860778804,135290.67672927855,0.3181792747732547,289911.9918785095,12,next_close
2024-11-21,431279.6333485412,135290.67672927855,0.31369595563522146,295988.9566192627,12,next_close
2024-11-22,436169.2419377136,135290.67672927855,0.31017931509392976,300878.56520843506,12,next_close
2024-11-25,433760.69633682247,135290.67672927855,0.3119016496234667,298470.01960754395,12,next_close
2024-11-26,436192.46539505,135290.67672927855,0.31016280074152297,300901.7886657715,12,next_close
2024-11-27,434160.4098454284,135290.67672927855,0.3116144946920547,298869.7331161499,12,next_close
2024-11-29,434346.6284733581,135290.67672927855,0.3114808953503296,299055.9517440796,12,next_close
2024-12-02,430957.97180367465,69026.74700737948,0.16017048418546254,361931.22479629517,12,next_close
2024-12-03,436850.8857898807,69026.74700737948,0.15800985931977807,367824.1387825012,12,next_close
2024-12-04,436481.784929285,69026.74700737948,0.15814347675141266,367455.0379219055,12,next_close
2024-12-05,437738.74242974276,69026.74700737948,0.15768937111719852,368711.9954223633,12,next_close
2024-12-06,440065.2117977237,69026.74700737948,0.1568557230993021,371038.46479034424,12,next_close
2024-12-09,427500.80190087314,69026.74700737948,0.16146577199493786,358474.05489349365,12,next_close
2024-12-10,424962.3131198978,69026.74700737948,0.16243027881840535,355935.5661125183,12,next_close
2024-12-11,430499.3568096256,69026.74700737948,0.1603411153013739,361472.6098022461,12,next_close
2024-12-12,425641.3594265079,69026.74700737948,0.1621711459158559,356614.6124191284,12,next_close
2024-12-13,426354.5826625919,69026.74700737948,0.16189985944634683,357327.8356552124,12,next_close
2024-12-16,430469.7976513004,69026.74700737948,0.16035212547778835,361443.0506439209,12,next_close
2024-12-17,423121.3422412967,69026.74700737948,0.1631370014136868,354094.59523391724,12,next_close
2024-12-18,406033.4287357425,69026.74700737948,0.17000262077510853,337006.68172836304,12,next_close
2024-12-19,409098.8922100162,69026.74700737948,0.16872875561819833,340072.1452026367,12,next_close
2024-12-20,418607.6632976627,69026.74700737948,0.16489604242695405,349580.9162902832,12,next_close
2024-12-23,420668.60002327914,69026.74700737948,0.16408818486466462,351641.85301589966,12,next_close
2024-12-24,427622.5291881656,69026.74700737948,0.16141980905081318,358595.78218078613,12,next_close
2024-12-26,428775.79977227206,69026.74700737948,0.160985641083383,359749.0527648926,12,next_close
2024-12-27,421442.03083230014,69026.74700737948,0.1637870500743827,352415.28382492065,12,next_close
2024-12-30,416502.1547947025,69026.74700737948,0.16572962759677284,347475.407787323,12,next_close
2024-12-31,415027.27286721225,69026.74700737948,0.16631858077785783,346000.52585983276,12,next_close
2025-01-02,417070.74806555745,67108.16324576375,0.160903548275736,349962.5848197937,12,next_close
2025-01-03,425526.878577795,67108.16324576375,0.15770605013261227,358418.71533203125,12,next_close
2025-01-06,424967.20354041096,67108.16324576375,0.15791374648839765,357859.0402946472,12,next_close
2025-01-07,418595.30609854695,67108.16324576375,0.1603175245112876,351487.1428527832,12,next_close
2025-01-08,422102.85829123494,67108.16324576375,0.15898533243160762,354994.6950454712,12,next_close
2025-01-10,421020.30819281575,67108.16324576375,0.15939412408351106,353912.144947052,12,next_close
2025-01-13,416473.8376575374,67108.16324576375,0.16113416300820838,349365.6744117737,12,next_close
2025-01-14,423014.5961833858,67108.16324576375,0.1586426658825525,355906.43293762207,12,next_close
2025-01-15,427161.5237613582,67108.16324576375,0.1571025467248192,360053.3605155945,12,next_close
2025-01-16,432325.30693396565,67108.16324576375,0.1552260813082913,365217.1436882019,12,next_close
2025-01-17,435453.2741123104,67108.16324576375,0.15411105446977413,368345.11086654663,12,next_close
2025-01-21,442285.18627890584,67108.16324576375,0.15173052439392626,375177.0230331421,12,next_close
2025-01-22,442624.68848761555,67108.16324576375,0.15161414397164022,375516.5252418518,12,next_close
2025-01-23,445326.4469028377,67108.16324576375,0.1506943136040729,378218.283657074,12,next_close
2025-01-24,443504.0341068172,67108.16324576375,0.15131353513145465,376395.87086105347,12,next_close
2025-01-27,423854.1726184749,67108.16324576375,0.1583284242105834,356746.0093727112,12,next_close
2025-01-28,433937.32453879353,67108.16324576375,0.15464943772027231,366829.1612930298,12,next_close
2025-01-29,435441.43806418416,67108.16324576375,0.1541152434736172,368333.2748184204,12,next_close
2025-01-30,444667.6028896236,67108.16324576375,0.1509175905995146,377559.43964385986,12,next_close
2025-01-31,442316.19950064656,67108.16324576375,0.15171988573225578,375208.0362548828,12,next_close
2025-02-03,442613.7410598374,28264.894547996562,0.06385905344989143,414348.8465118408,12,next_close
2025-02-04,455134.2564101792,28264.894547996562,0.06210232288585081,426869.3618621826,12,next_close
2025-02-05,460387.1125350571,28264.894547996562,0.06139375707621328,432122.21798706055,12,next_close
2025-02-06,461606.8113494492,28264.894547996562,0.061231536998701805,433341.91680145264,12,next_close
2025-02-07,458787.69869380957,28264.894547996562,0.061607786408545966,430522.804145813,12,next_close
2025-02-10,461224.6572204209,28264.894547996562,0.06128227124355294,432959.7626724243,12,next_close
2025-02-11,453009.52501064306,28264.894547996562,0.062393598782128266,424744.6304626465,12,next_close
2025-02-12,458590.26036983496,28264.894547996562,0.06163431060485681,430325.3658218384,12,next_close
2025-02-13,462258.2808089829,28264.894547996562,0.06114524221941705,433993.3862609863,12,next_close
2025-02-14,466987.4881606675,28264.894547996562,0.06052602107033754,438722.5936126709,12,next_close
2025-02-18,474002.53424983984,28264.894547996562,0.05963026040088332,445737.63970184326,12,next_close
2025-02-19,460289.836503563,28264.894547996562,0.061406731816416656,432024.9419555664,12,next_close
2025-02-20,442852.0436111069,28264.894547996562,0.06382469033566783,414587.14906311035,12,next_close
2025-02-21,423154.6325317002,28264.894547996562,0.06679566374800146,394889.7379837036,12,next_close
2025-02-24,413032.4733710862,28264.894547996562,0.06843262060560105,384767.5788230896,12,next_close
2025-02-25,405642.3331580735,28264.894547996562,0.069679351087309,377377.4386100769,12,next_close
2025-02-26,417496.83402782446,28264.894547996562,0.0677008596096631,389231.9394798279,12,next_close
2025-02-27,406469.7407775498,28264.894547996562,0.06953751217477513,378204.8462295532,12,next_close
2025-02-28,413836.136704979,28264.894547996562,0.06829972552190727,385571.2421569824,12,next_close
2025-03-03,399073.25936782605,64451.50569713359,0.16150294259061992,334621.75367069244,12,next_close
2025-03-04,391259.354236486,64451.50569713359,0.16472834450924753,326807.8485393524,12,next_close
2025-03-05,396948.6585415626,64451.50569713359,0.16236735988461634,332497.152844429,12,next_close
2025-03-06,383768.91058480984,64451.50569713359,0.16794353038894827,319317.40488767624,12,next_close
2025-03-07,386717.94877851254,64451.50569713359,0.16666282467806354,322266.44308137894,12,next_close
2025-03-10,375735.2171353126,64451.50569713359,0.17153437516058767,311283.711438179,12,next_close
2025-03-11,377112.08183563,64451.50569713359,0.1709080901980376,312660.5761384964,12,next_close
2025-03-12,383135.53635728604,64451.50569713359,0.16822116348150623,318684.03066015244,12,next_close
2025-03-13,375125.2070730949,64451.50569713359,0.17181331587928964,310673.7013759613,12,next_close
2025-03-14,386629.2040327812,64451.50569713359,0.16670107954821986,322177.6983356476,12,next_close
2025-03-17,390763.1970356727,64451.50569713359,0.16493750226751733,326311.6913385391,12,next_close
2025-03-18,388254.5944293762,64451.50569713359,0.16600320156380627,323803.0887322426,12,next_close
2025-03-19,393676.5533317352,64451.50569713359,0.16371690198888458,329225.0476346016,12,next_close
2025-03-20,392540.66132390744,64451.50569713359,0.16419064837706332,328089.15562677383,12,next_close
2025-03-21,394879.7467683578,64451.50569713359,0.16321805872444953,330428.2410712242,12,next_close
2025-03-24,404021.3510316635,64451.50569713359,0.1595249991926354,339569.8453345299,12,next_close
2025-03-25,404383.8109916473,64451.50569713359,0.15938201269502567,339932.3052945137,12,next_close
2025-03-26,399216.93629396206,64451.50569713359,0.16144481818695922,334765.43059682846,12,next_close
2025-03-27,396592.289238813,64451.50569713359,0.16251325970264469,332140.7835416794,12,next_close
2025-03-28,386764.783151033,64451.50569713359,0.1666426430349659,322313.2774538994,12,next_close
2025-03-31,402992.3393081451,64451.50569713359,0.15993233471331875,338540.8336110115,12,next_close
2025-04-01,397279.02137531526,87508.20860065703,0.22026888884723353,309770.8127746582,12,next_close
2025-04-02,395794.45138324983,87508.20860065703,0.22109508684325233,308286.2427825928,12,next_close
2025-04-03,384319.33768238313,87508.20860065703,0.2276966054541271,296811.1290817261,12,next_close
2025-04-04,363361.93892063387,87508.20860065703,0.24082931982529607,275853.7303199768,12,next_close
2025-04-07,365028.29554523714,87508.20860065703,0.23972993236030476,277520.0869445801,12,next_close
2025-04-08,361021.1800552774,87508.20860065703,0.24239078878213818,273512.97145462036,12,next_close
2025-04-09,381065.9534965921,87508.20860065703,0.22964058530471582,293557.74489593506,12,next_close
2025-04-10,372131.96559299715,87508.20860065703,0.23515370000857508,284623.7569923401,12,next_close
2025-04-11,376587.8900734354,87508.20860065703,0.23237127615439987,289079.6814727783,12,next_close
2025-04-14,378754.8055244852,87508.20860065703,0.23104184375820397,291246.5969238281,12,next_close
2025-04-15,382712.999692576,87508.20860065703,0.22865230256340974,295204.79109191895,12,next_close
2025-04-16,374150.25900043733,87508.20860065703,0.23388520118745862,286642.0503997803,12,next_close
2025-04-17,375052.5307823587,87508.20860065703,0.23332253862709607,287544.32218170166,12,next_close
2025-04-21,368241.38228382356,87508.20860065703,0.23763817107662744,280733.1736831665,12,next_close
2025-04-22,377898.91581501253,87508.20860065703,0.2315651221489444,290390.70721435547,12,next_close
2025-04-23,383714.0920845438,87508.20860065703,0.228055759237991,296205.8834838867,12,next_close
2025-04-24,391094.4385620523,87508.20860065703,0.2237521170651285,303586.22996139526,12,next_close
2025-04-25,393751.7956177164,87508.20860065703,0.22224205597176888,306243.5870170593,12,next_close
2025-04-28,396135.2110535074,87508.20860065703,0.22090489852677345,308627.00245285034,12,next_close
2025-04-29,398457.876481669,87508.20860065703,0.2196172136772476,310949.66788101196,12,next_close
2025-04-30,400597.16943516023,87508.20860065703,0.218444400703188,313088.9608345032,12,next_close
2025-05-01,398324.0593827272,111497.83959512955,0.27991741138588255,286826.21978759766,12,next_close
2025-05-02,406775.8593552614,111497.83959512955,0.27410141735513344,295278.01976013184,12,next_close
2025-05-05,408739.7837327028,111497.83959512955,0.2727844071768753,297241.94413757324,12,next_close
2025-05-06,399297.4713395143,111497.83959512955,0.27923502550890256,287799.63174438477,12,next_close
2025-05-07,398462.31070261245,111497.83959512955,0.27982029065314695,286964.4711074829,12,next_close
2025-05-08,397663.4143937135,111497.83959512955,0.28038244293889003,286165.574798584,12,next_close
2025-05-09,396186.6090500856,111497.83959512955,0.2814275824780188,284688.76945495605,12,next_close
2025-05-12,402233.6948044801,111497.83959512955,0.27719666710002255,290735.8552093506,12,next_close
2025-05-13,407194.65880136733,111497.83959512955,0.27381950422271883,295696.8192062378,12,next_close
2025-05-14,406623.5104477907,111497.83959512955,0.27420411444567855,295125.67085266113,12,next_close
2025-05-15,408949.5480988527,111497.83959512955,0.2726444866205792,297451.70850372314,12,next_close
2025-05-16,414082.2463410402,111497.83959512955,0.26926496023521707,302584.40674591064,12,next_close
2025-05-19,414398.11233072524,111497.83959512955,0.2690597188486822,302900.2727355957,12,next_close
2025-05-20,415176.67325906997,111497.83959512955,0.26855516404592167,303678.83366394043,12,next_close
2025-05-21,408792.9085572267,111497.83959512955,0.2727489573844235,297295.06896209717,12,next_close
2025-05-22,408177.6359513307,111497.83959512955,0.2731600895655735,296679.7963562012,12,next_close
2025-05-23,409821.00963907485,111497.83959512955,0.27206472331256165,298323.1700439453,12,next_close
2025-05-27,409865.0260041261,111497.83959512955,0.2720355056447463,298367.1864089966,12,next_close
2025-05-28,408862.5908844972,111497.83959512955,0.2727024728623985,297364.7512893677,12,next_close
2025-05-29,406104.41169290786,111497.83959512955,0.27455461301278133,294606.5720977783,12,next_close
2025-05-30,411939.5800431276,111497.83959512955,0.27066551746121703,300441.74044799805,12,next_close
2025-06-02,409803.9572153498,65733.98771003971,0.16040349672733115,344069.96950531006,12,next_close
2025-06-03,410971.2219248224,65733.98771003971,0.15994790925303332,345237.2342147827,12,next_close
2025-06-04,410486.1801004816,65733.98771003971,0.16013690812672157,344752.1923904419,12,next_close
2025-06-05,406601.13148597965,65733.98771003971,0.16166700636027703,340867.14377593994,12,next_close
2025-06-06,411409.7904673029,65733.98771003971,0.15977740256345205,345675.8027572632,12,next_close
2025-06-09,409815.3828363825,65733.98771003971,0.160399024690305,344081.3951263428,12,next_close
2025-06-10,402806.88090614567,65733.98771003971,0.1631898332078289,337072.89319610596,12,next_close
2025-06-11,407052.30797676335,65733.98771003971,0.16148781476456375,341318.32026672363,12,next_close
2025-06-12,407858.60819343815,65733.98771003971,0.16116856770830632,342124.62048339844,12,next_close
2025-06-13,407945.73333076725,65733.98771003971,0.1611341468712992,342211.74562072754,12,next_close
2025-06-16,411467.54793648014,65733.98771003971,0.15975497469897024,345733.56022644043,12,next_close
2025-06-17,409416.67864326725,65733.98771003971,0.16055522683606893,343682.69093322754,12,next_close
2025-06-18,406233.5169916559,65733.98771003971,0.16181330432020924,340499.5292816162,12,next_close
2025-06-20,405078.28968147526,65733.98771003971,0.16227477350545802,339344.30197143555,12,next_close
2025-06-23,411401.37604622135,65733.98771003971,0.15978067050182748,345667.38833618164,12,next_close
2025-06-24,417874.6397791315,65733.98771003971,0.15730552049002913,352140.6520690918,12,next_close
2025-06-25,414732.69763283024,65733.98771003971,0.15849723951168931,348998.7099227905,12,next_close
2025-06-26,421938.4363718439,65733.98771003971,0.15579047093995954,356204.4486618042,12,next_close
2025-06-27,417586.24992470036,65733.98771003971,0.15741415748696932,351852.26221466064,12,next_close
2025-06-30,421037.40995125065,65733.98771003971,0.15612386490229135,355303.42224121094,12,next_close
2025-07-01,411076.79305258044,3220.6715773607284,0.007834720012882788,407856.1214752197,12,next_close
2025-07-02,411577.8487547899,3220.6715773607284,0.007825182008955836,408357.1771774292,12,next_close
2025-07-03,418163.30976095446,3220.6715773607284,0.007701946828385887,414942.63818359375,12,next_close
2025-07-07,422722.87760916003,3220.6715773607284,0.007618872192525355,419502.2060317993,12,next_close
2025-07-08,417855.11110677966,3220.6715773607284,0.007707627576530255,414634.43952941895,12,next_close
2025-07-09,421688.4958037401,3220.6715773607284,0.007637560923311684,418467.8242263794,12,next_close
2025-07-10,414048.67945852526,3220.6715773607284,0.007778485325862123,410828.00788116455,12,next_close
2025-07-11,415796.1639098192,3220.6715773607284,0.007745794350472291,412575.4923324585,12,next_close
2025-07-14,422586.9338912035,3220.6715773607284,0.007621323138660746,419366.2623138428,12,next_close
2025-07-15,418846.04846945056,3220.6715773607284,0.0076893922937311295,415625.37689208984,12,next_close
2025-07-16,418082.654159453,3220.6715773607284,0.00770343267131191,414861.9825820923,12,next_close
2025-07-17,424079.65087881335,3220.6715773607284,0.007594496860876449,420858.97930145264,12,next_close
2025-07-18,426864.4811553026,3220.6715773607284,0.007544950961120089,423643.8095779419,12,next_close
2025-07-21,424192.980583098,3220.6715773607284,0.007592467873781351,420972.3090057373,12,next_close
2025-07-22,417256.2611998583,3220.6715773607284,0.007718689632360207,414035.58962249756,12,next_close
2025-07-23,427644.80335989245,3220.6715773607284,0.007531183711474479,424424.13178253174,12,next_close
2025-07-24,425436.203567412,3220.6715773607284,0.007570280926621706,422215.53199005127,12,next_close
2025-07-25,435485.22777548083,3220.6715773607284,0.007395593172729112,432264.5561981201,12,next_close
2025-07-28,437669.32788839587,3220.6715773607284,0.007358686963281988,434448.65631103516,12,next_close
2025-07-29,431078.21694937,3220.6715773607284,0.007471200006700861,427857.5453720093,12,next_close
2025-07-30,438084.2087096239,3220.6715773607284,0.007351718033496824,434863.5371322632,12,next_close
2025-07-31,429848.2246169115,3220.6715773607284,0.007492578526364856,426627.5530395508,12,next_close
2025-08-01,424436.99382608663,20295.390638525576,0.04781720475299009,404141.60318756104,12,next_close
2025-08-04,432263.9918882204,20295.390638525576,0.04695137929456262,411968.6012496948,12,next_close
2025-08-05,434450.55800455343,20295.390638525576,0.04671507554678492,414155.16736602783,12,next_close
2025-08-06,429619.51527231466,20295.390638525576,0.04724038344873912,409324.12463378906,12,next_close
2025-08-07,433313.91666239034,20295.390638525576,0.04683761554406388,413018.52602386475,12,next_close
2025-08-08,431235.66834848654,20295.390638525576,0.0470633394409403,410940.27770996094,12,next_close
2025-08-11,428330.17822855245,20295.390638525576,0.04738258397402989,408034.78759002686,12,next_close
2025-08-12,434414.27349680196,20295.390638525576,0.0467189774294444,414118.88285827637,12,next_close
2025-08-13,428482.8380338503,20295.390638525576,0.047365702513672746,408187.4473953247,12,next_close
2025-08-14,422655.38091104757,20295.390638525576,0.048018767902062894,402359.990272522,12,next_close
2025-08-15,419154.751394446,20295.390638525576,0.048419803356652344,398859.3607559204,12,next_close
2025-08-18,423465.3328992678,20295.390638525576,0.04792692355610928,403169.9422607422,12,next_close
2025-08-19,409807.72190683614,20295.390638525576,0.04952417817822242,389512.33126831055,12,next_close
2025-08-20,406019.3519880129,20295.390638525576,0.04998626429787703,385723.9613494873,12,next_close
2025-08-21,405196.38709085714,20295.390638525576,0.05008778776197415,384900.99645233154,12,next_close
2025-08-22,409049.147337134,20295.390638525576,0.049616019910190226,388753.7566986084,12,next_close
2025-08-25,407647.15981119405,20295.390638525576,0.04978666022823658,387351.76917266846,12,next_close
2025-08-26,417530.7968732668,20295.390638525576,0.04860812852730918,397235.4062347412,12,next_close
2025-08-27,417524.80310648214,20295.390638525576,0.04860882632007278,397229.41246795654,12,next_close
2025-08-28,423957.7353574587,20295.390638525576,0.047871259198546234,403662.3447189331,12,next_close
2025-08-29,413123.1279355837,20295.390638525576,0.04912673550847567,392827.7372970581,12,next_close
2025-09-02,407513.75169311767,1670.2108224511903,0.004098538553636245,405843.5408706665,12,next_close
2025-09-03,412202.6823114038,1670.2108224511903,0.004051916433647581,410532.47148895264,12,next_close
2025-09-04,419009.10452209716,1670.2108224511903,0.003986096732566604,417338.893699646,12,next_close
2025-09-05,417487.73133789306,1670.2108224511903,0.004000622526316606,415817.5205154419,12,next_close
2025-09-08,425756.70887695556,1670.2108224511903,0.0039229230864190195,424086.4980545044,12,next_close
2025-09-09,430417.28925262694,1670.2108224511903,0.0038804454750210678,428747.0784301758,12,next_close
2025-09-10,446222.2552560449,1670.2108224511903,0.003743002064056204,444552.04443359375,12,next_close
2025-09-11,446911.69644104247,1670.2108224511903,0.0037372278142456896,445241.4856185913,12,next_close
2025-09-12,447458.77670227294,1670.2108224511903,0.0037326585361907067,445788.5658798218,12,next_close
2025-09-15,457028.94969879393,1670.2108224511903,0.003654496774333326,455358.7388763428,12,next_close
2025-09-16,455054.04359375243,1670.2108224511903,0.0036703570619015615,453383.83277130127,12,next_close
2025-09-17,452734.88214050536,1670.2108224511903,0.003689158685000207,451064.6713180542,12,next_close
2025-09-18,461318.09268890624,1670.2108224511903,0.003620518789358455,459647.8818664551,12,next_close
2025-09-19,467294.88548980956,1670.2108224511903,0.003574211647320957,465624.6746673584,12,next_close
2025-09-22,476214.4352410913,1670.2108224511903,0.0035072662625307,474544.22441864014,12,next_close
2025-09-23,470191.0047067285,1670.2108224511903,0.0035521964600172397,468520.79388427734,12,next_close
2025-09-24,457576.0764001489,1670.2108224511903,0.0036501270686857237,455905.86557769775,12,next_close
2025-09-25,453490.51734863524,1670.2108224511903,0.0036830115703768125,451820.3065261841,12,next_close
2025-09-26,452218.2141183496,1670.2108224511903,0.0036933736198738803,450548.00329589844,12,next_close
2025-09-29,462851.7334893823,1670.2108224511903,0.003608522344422643,461181.52266693115,12,next_close
2025-09-30,470443.75939880614,1670.2108224511903,0.003550287976155963,468773.548576355,12,next_close
2025-10-01,481020.329977758,4458.394444234444,0.009268619570488001,476561.93553352356,12,next_close
2025-10-02,487367.9126689506,4458.394444234444,0.009147903110443077,482909.5182247162,12,next_close
2025-10-03,480890.50373721845,4458.394444234444,0.009271121824170442,476432.109292984,12,next_close
2025-10-06,493120.4347827507,4458.394444234444,0.009041187770283005,488662.04033851624,12,next_close
2025-10-07,487689.2044398857,4458.394444234444,0.00914187643205049,483230.80999565125,12,next_close
2025-10-08,502651.96495700604,4458.394444234444,0.00886974438589092,498193.5705127716,12,next_close
2025-10-09,502762.0692279411,4458.394444234444,0.008867801922847737,498303.67478370667,12,next_close
2025-10-10,482297.85186458356,4458.394444234444,0.009244068633103186,477839.4574203491,12,next_close
2025-10-13,498396.0827109886,4458.394444234444,0.00894548452303906,493937.68826675415,12,next_close
2025-10-14,482216.0075519157,4458.394444234444,0.009245637586501003,477757.6131076813,12,next_close
2025-10-15,491612.0939605308,4458.394444234444,0.009068927512170574,487153.6995162964,12,next_close
2025-10-16,492811.5356280876,4458.394444234444,0.00904685487638236,488353.14118385315,12,next_close
2025-10-17,482977.4544456077,4458.394444234444,0.009231061208337504,478519.0600013733,12,next_close
2025-10-20,483329.46411014325,4458.394444234444,0.00922433821087813,478871.0696659088,12,next_close
2025-10-21,472350.251185186,4458.394444234444,0.009438746847382367,467891.85674095154,12,next_close
2025-10-22,466763.17288280255,4458.394444234444,0.009551727092561095,462304.7784385681,12,next_close
2025-10-23,482048.8662135673,4458.394444234444,0.009248843336681956,477590.4717693329,12,next_close
2025-10-24,491404.83643222577,4458.394444234444,0.00907275247147337,486946.44198799133,12,next_close
2025-10-27,495035.7999084068,4458.394444234444,0.009006206106829751,490577.40546417236,12,next_close
2025-10-28,499307.42940021283,4458.394444234444,0.008929157031751034,494849.0349559784,12,next_close
2025-10-29,517016.2582767082,4458.394444234444,0.008623315752380657,512557.86383247375,12,next_close
2025-10-30,508590.09253383405,4458.394444234444,0.008766184221211207,504131.6980895996,12,next_close
2025-10-31,518665.9603507591,4458.394444234444,0.008595887883637781,514207.56590652466,12,next_close
2025-11-03,524223.0225945258,25574.607883527293,0.04878573962080382,498648.41471099854,12,next_close
2025-11-04,502757.77919585945,25574.607883527293,0.05086864677545683,477183.17131233215,12,next_close
2025-11-05,525432.9619980598,25574.607883527293,0.04867339838421049,499858.35411453247,12,next_close
2025-11-06,509013.98696525337,25574.607883527293,0.05024342854702946,483439.3790817261,12,next_close
2025-11-07,505952.4416085029,25574.607883527293,0.050547454227558554,480377.8337249756,12,next_close
2025-11-10,527069.0602932716,25574.607883527293,0.048522309143505936,501494.45240974426,12,next_close
2025-11-11,511828.7071591163,25574.607883527293,0.04996712283974472,486254.099275589,12,next_close
2025-11-12,509849.98203094245,25574.607883527293,0.050161044983571636,484275.37414741516,12,next_close
2025-11-13,484487.16664893867,25574.607883527293,0.05278696659897032,458912.5587654114,12,next_close
2025-11-14,491731.1504803443,25574.607883527293,0.05200933042078971,466156.542596817,12,next_close
2025-11-17,484474.100200727,25574.607883527293,0.05278839028326021,458899.4923171997,12,next_close
2025-11-18,473116.7083760047,25574.607883527293,0.054055600723367674,447542.1004924774,12,next_close
2025-11-19,474966.91779716255,25574.607883527293,0.053845029885742655,449392.30991363525,12,next_close
2025-11-20,445816.27123077156,25574.607883527293,0.05736580186479757,420241.66334724426,12,next_close
2025-11-21,448369.29063232185,25574.607883527293,0.057039160392675835,422794.68274879456,12,next_close
2025-11-24,469349.8801995063,25574.607883527293,0.054489430939358735,443775.272315979,12,next_close
2025-11-25,471996.3507538581,25574.607883527293,0.05418391019905199,446421.7428703308,12,next_close
2025-11-26,485826.51985748054,25574.607883527293,0.05264144059288843,460251.91197395325,12,next_close
2025-11-28,494960.35278327705,25574.607883527293,0.05167001304188372,469385.74489974976,12,next_close
2025-12-01,494419.95840877295,20350.229786336444,0.04115980643627543,474069.7286224365,12,next_close
2025-12-02,495880.76423305273,20350.229786336444,0.041038554536009984,475530.5344467163,12,next_close
2025-12-03,485435.6608070731,20350.229786336444,0.04192157978773678,465085.4310207367,12,next_close
2025-12-04,492180.55098193884,20350.229786336444,0.041347082378074745,471830.3211956024,12,next_close
2025-12-05,500226.2030929923,20350.229786336444,0.04068205475944115,479875.9733066559,12,next_close
2025-12-08,504648.3847774863,20350.229786336444,0.040325562114519466,484298.1549911499,12,next_close
2025-12-09,503419.97858279943,20350.229786336444,0.04042396140817713,483069.748796463,12,next_close
2025-12-10,515936.34619373083,20350.229786336444,0.03944329554695699,495586.1164073944,12,next_close
2025-12-11,525122.5365490317,20350.229786336444,0.03875329731622802,504772.3067626953,12,next_close
2025-12-12,496512.2390922904,20350.229786336444,0.04098636082675456,476162.009305954,12,next_close
2025-12-15,492251.1700767875,20350.229786336444,0.04134115066331272,471900.94029045105,12,next_close
2025-12-16,488534.12190288305,20350.229786336444,0.0416556978805708,468183.89211654663,12,next_close
2025-12-17,473972.8809360862,20350.229786336444,0.0429354307068058,453622.65114974976,12,next_close
2025-12-18,487179.75937122107,20350.229786336444,0.041771500960141456,466829.52958488464,12,next_close
2025-12-19,506033.90640872717,20350.229786336444,0.040215150662057456,485683.67662239075,12,next_close
2025-12-22,514069.33788341284,20350.229786336444,0.03958654657390153,493719.1080970764,12,next_close
2025-12-23,515723.5660099387,20350.229786336444,0.03945956928783097,495373.3362236023,12,next_close
2025-12-24,518903.8494400382,20350.229786336444,0.03921772753911321,498553.6196537018,12,next_close
2025-12-26,520964.5659355521,20350.229786336444,0.03906259871972549,500614.3361492157,12,next_close
2025-12-29,517479.10195583105,20350.229786336444,0.03932570360700947,497128.8721694946,12,next_close
2025-12-30,513553.0324215293,20350.229786336444,0.03962634528780813,493202.8026351929,12,next_close
2025-12-31,507107.0584129691,20350.229786336444,0.04013004640484411,486756.8286266327,12,next_close
2026-01-02,532723.7949126506,27983.84274132491,0.05252974056830585,504739.9521713257,12,next_close
2026-01-05,534821.174948051,27983.84274132491,0.05232373745120147,506837.3322067261,12,next_close
2026-01-06,563697.438658073,27983.84274132491,0.04964337394887352,535713.595916748,12,next_close
2026-01-07,566963.9357436443,27983.84274132491,0.04935735939645013,538980.0930023193,12,next_close
2026-01-08,557378.2121871257,27983.84274132491,0.050206201335925266,529394.3694458008,12,next_close
2026-01-09,581538.4689925456,27983.84274132491,0.04812036388547774,553554.6262512207,12,next_close
2026-01-12,594963.1759398723,27983.84274132491,0.047034579404210033,566979.3331985474,12,next_close
2026-01-13,600517.2035811687,27983.84274132491,0.046599568795771366,572533.3608398438,12,next_close
2026-01-14,597871.8927977824,27983.84274132491,0.04680575066068519,569888.0500564575,12,next_close
2026-01-15,609170.3826354289,27983.84274132491,0.045937628517426526,581186.539894104,12,next_close
2026-01-16,621261.5766890788,27983.84274132491,0.04504357551043256,593277.7339477539,12,next_close
2026-01-20,617298.6766799235,27983.84274132491,0.04533274377297078,589314.8339385986,12,next_close
2026-01-21,628645.4315779948,27983.84274132491,0.04451450903107852,600661.5888366699,12,next_close
2026-01-22,641532.8790038371,27983.84274132491,0.04362027833207522,613549.0362625122,12,next_close
2026-01-23,638849.9308150554,27983.84274132491,0.04380346837577748,610866.0880737305,12,next_close
2026-01-26,619003.6234496379,27983.84274132491,0.045207881959356044,591019.780708313,12,next_close
2026-01-27,638314.471746757,27983.84274132491,0.04384021353103073,610330.6290054321,12,next_close
2026-01-28,667789.8726943278,27983.84274132491,0.0419051619163056,639806.0299530029,12,next_close
2026-01-29,666531.4642775798,27983.84274132491,0.04198427867415862,638547.6215362549,12,next_close
2026-01-30,630488.0844939494,27983.84274132491,0.04438441174314288,602504.2417526245,12,next_close
2026-02-02,642659.6941319442,8396.118269059698,0.013064641124569879,634263.5758628845,12,next_close
2026-02-03,664708.6344166732,8396.118269059698,0.012631276072452196,656312.5161476135,12,next_close
2026-02-04,624803.7168522811,8396.118269059698,0.01343800947817464,616407.5985832214,12,next_close
2026-02-05,613257.259437654,8396.118269059698,0.013691021410425355,604861.1411685944,12,next_close
2026-02-06,652567.4504147506,8396.118269059698,0.01286628418828337,644171.3321456909,12,next_close
2026-02-09,662682.0567837692,8396.118269059698,0.01266990434267835,654285.9385147095,12,next_close
2026-02-10,649221.0530072189,8396.118269059698,0.012932603202204442,640824.9347381592,12,next_close
2026-02-11,668969.4851475692,8396.118269059698,0.01255082399940497,660573.3668785095,12,next_close
2026-02-12,649890.51134691,8396.118269059698,0.012919281205781246,641494.3930778503,12,next_close
2026-02-13,655020.6814480758,8396.118269059698,0.012818096446203993,646624.5631790161,12,next_close
2026-02-17,656665.8657055831,8396.118269059698,0.01278598250274228,648269.7474365234,12,next_close
2026-02-18,671197.0954304672,8396.118269059698,0.012509169551270051,662800.9771614075,12,next_close
2026-02-19,669016.581823442,8396.118269059698,0.012549940460631947,660620.4635543823,12,next_close
2026-02-20,673585.3852292037,8396.118269059698,0.012464816566948993,665189.266960144,12,next_close
2026-02-23,673554.9668522811,8396.118269059698,0.012465379489809433,665158.8485832214,12,next_close
2026-02-24,678461.1506291366,8396.118269059698,0.012375238082938106,670065.0323600769,12,next_close
2026-02-25,686721.3192616439,8396.118269059698,0.012226383590489259,678325.2009925842,12,next_close
2026-02-26,668239.9753476119,8396.118269059698,0.01256452558782063,659843.8570785522,12,next_close
2026-02-27,657642.9668484664,8396.118269059698,0.01276698557166251,649246.8485794067,12,next_close
2026-03-02,661556.5420939708,5593.223536231555,0.008454641712903,655963.3185577393,12,next_close
2026-03-03,628501.2798716808,5593.223536231555,0.00889930333534644,622908.0563354492,12,next_close
2026-03-04,647354.3873240734,5593.223536231555,0.00864012609747174,641761.1637878418,12,next_close
2026-03-05,622683.2421977306,5593.223536231555,0.008982453930333088,617090.018661499,12,next_close
2026-03-06,593404.3601023937,5593.223536231555,0.009425652914424876,587811.1365661621,12,next_close
2026-03-09,623716.5056483531,5593.223536231555,0.008967573385631988,618123.2821121216,12,next_close
2026-03-10,637736.8091609264,5593.223536231555,0.00877042606900892,632143.5856246948,12,next_close
2026-03-11,642847.6320216442,5593.223536231555,0.008700698668892719,637254.4084854126,12,next_close
2026-03-12,625724.1834285045,5593.223536231555,0.008938800328260988,620130.959892273,12,next_close
2026-03-13,630226.1024195934,5593.223536231555,0.008874947443080811,624632.8788833618,12,next_close
2026-03-16,652796.5802485729,5593.223536231555,0.008568095644897158,647203.3567123413,12,next_close
2026-03-17,672203.8880755687,5593.223536231555,0.008320724761417578,666610.6645393372,12,next_close
2026-03-18,664291.8104235912,5593.223536231555,0.008419829130009882,658698.5868873596,12,next_close
2026-03-19,674636.7390734935,5593.223536231555,0.008290718859920021,669043.515537262,12,next_close
2026-03-20,644341.6340243602,5593.223536231555,0.00868052480374114,638748.4104881287,12,next_close
2026-03-23,657038.9957415843,5593.223536231555,0.008512772563702427,651445.7722053528,12,next_close
2026-03-24,671921.5781314159,5593.223536231555,0.008324220739845954,666328.3545951843,12,next_close
2026-03-25,677525.2477443004,5593.223536231555,0.008255372851201039,671932.0242080688,12,next_close
2026-03-26,628895.6945979381,5593.223536231555,0.0088937220977596,623302.4710617065,12,next_close
2026-03-27,628932.577196815,5593.223536231555,0.008893200541719179,623339.3536605835,12,next_close
2026-03-30,592322.8776652599,5593.223536231555,0.009442862579068675,586729.6541290283,12,next_close
2026-03-31,632497.4031398082,5593.223536231555,0.008843077471094724,626904.1796035767,12,next_close
2026-04-01,661554.1479621006,4738.147706515803,0.007162146471474085,656816.0002555847,12,next_close
2026-04-02,662279.0896945072,4738.147706515803,0.007154306666546565,657540.9419879913,12,next_close
2026-04-06,658976.7450633121,4738.147706515803,0.007190159200626388,654238.5973567963,12,next_close
2026-04-07,667061.4693961216,4738.147706515803,0.007103015125135561,662323.3216896057,12,next_close
2026-04-08,707897.71163512,4738.147706515803,0.006693266030725697,703159.5639286041,12,next_close
2026-04-09,709098.1695532871,4738.147706515803,0.00668193475876649,704360.0218467712,12,next_close
2026-04-10,720735.2484736515,4738.147706515803,0.006574047428025882,715997.1007671356,12,next_close
2026-04-13,744604.5332064701,4738.147706515803,0.006363307628697945,739866.3854999542,12,next_close
2026-04-14,760623.3508963657,4738.147706515803,0.006229295617774654,755885.2031898499,12,next_close
2026-04-15,758280.2900748325,4738.147706515803,0.006248543933600343,753542.1423683167,12,next_close
2026-04-16,759343.5657496525,4738.147706515803,0.006239794370072954,754605.4180431366,12,next_close
2026-04-17,771178.4698672367,4738.147706515803,0.006144035254681716,766440.3221607208,12,next_close
2026-04-20,766238.9331908298,4738.147706515803,0.006183642596683064,761500.785484314,12,next_close
2026-04-21,764178.4350962711,4738.147706515803,0.006200315906479214,759440.2873897552,12,next_close
2026-04-22,779223.8781523777,4738.147706515803,0.006080598707717291,774485.7304458618,12,next_close
2026-04-23,783884.8478732181,4738.147706515803,0.006044443542149101,779146.7001667023,12,next_close
2026-04-24,791127.4657740665,4738.147706515803,0.005989107838494566,786389.3180675507,12,next_close
2026-04-27,781896.1275553775,4738.147706515803,0.00605981733319203,777157.9798488617,12,next_close
2026-04-28,763949.7977252079,4738.147706515803,0.006202171557115997,759211.650018692,12,next_close
2026-04-29,754981.3316664768,4738.147706515803,0.006275847504808164,750243.1839599609,12,next_close
2026-04-30,789248.1316905094,4738.147706515803,0.006003368923239706,784509.9839839935,12,next_close
2026-05-01,786677.0117479777,8966.811262748277,0.011398338999158288,777710.2004852295,12,next_close
2026-05-04,801544.2792040324,8966.811262748277,0.01118691941966413,792577.4679412842,12,next_close
2026-05-05,836052.7088228678,8966.811262748277,0.010725174583039418,827085.8975601196,12,next_close
2026-05-06,853977.5391069865,8966.811262748277,0.010500055156163672,845010.7278442383,12,next_close
2026-05-07,807823.011580131,8966.811262748277,0.011099970085289932,798856.2003173828,12,next_close
2026-05-08,846196.8193346476,8966.811262748277,0.010596602419043304,837230.0080718994,12,next_close
2026-05-11,864126.5139910197,8966.811262748277,0.010376734329484378,855159.7027282715,12,next_close
2026-05-12,837377.3920427775,8966.811262748277,0.010708207969257196,828410.5807800293,12,next_close
2026-05-13,857007.0383593058,8966.811262748277,0.010462937713924448,848040.2270965576,12,next_close
2026-05-14,852854.8126207804,8966.811262748277,0.010513877778556132,843888.0013580322,12,next_close
2026-05-15,825345.9384523844,8966.811262748277,0.01086430652286488,816379.1271896362,12,next_close
2026-05-18,793150.9241472697,8966.811262748277,0.011305302672866014,784184.1128845215,12,next_close
2026-05-19,802559.1965395426,8966.811262748277,0.011172772427767546,793592.3852767944,12,next_close
2026-05-20,830023.5505053019,8966.811262748277,0.010803080535834748,821056.7392425537,12,next_close
2026-05-21,857373.6210848307,8966.811262748277,0.010458464130728228,848406.8098220825,12,next_close
2026-05-22,856859.8993669963,8966.811262748277,0.010464734397504765,847893.088104248,12,next_close
2026-05-26,913688.5174929118,8966.811262748277,0.009813860074932856,904721.7062301636,12,next_close
2026-05-27,904063.4507662272,8966.811262748277,0.00991834284988357,895096.639503479,12,next_close
2026-05-28,907331.8491350627,8966.811262748277,0.009882614912389684,898365.0378723145,12,next_close
2026-05-29,918318.2630831217,8966.811262748277,0.009764383028432317,909351.4518203735,12,next_close
2026-06-01,940458.6011187052,8966.811262748277,0.009534509283111421,931491.789855957,12,next_close
2026-06-02,1003249.872114799,8966.811262748277,0.008937764670576734,994283.0608520508,12,next_close
2026-06-03,1027671.2412630534,8966.811262748277,0.008725369459329882,1018704.4300003052,12,next_close
2026-06-04,995304.9473406291,8966.811262748277,0.009009109506294369,986338.1360778809,12,next_close
2026-06-05,891385.3844057536,8966.811262748277,0.01005941023895747,882418.5731430054,12,next_close
2026-06-08,934310.7771746134,8966.811262748277,0.00959724695658998,925343.9659118652,12,next_close
2026-06-09,915225.7450472331,8966.811262748277,0.009797376561217163,906258.9337844849,12,next_close
2026-06-10,887786.8187853312,8966.811262748277,0.010100185171724734,878820.007522583,12,next_close
2026-06-11,967244.5249086833,8966.811262748277,0.009270469908935205,958277.7136459351,12,next_close
2026-06-12,986376.4161058879,8966.811262748277,0.009090658613015426,977409.6048431396,12,next_close
2026-06-15,1053687.7673098063,8966.811262748277,0.008509932013011447,1044720.9560470581,12,next_close
2026-06-16,1006686.9473635172,8966.811262748277,0.008907248957813634,997720.136100769,12,next_close
2026-06-17,1020230.802557609,8966.811262748277,0.008789002684754708,1011263.9912948608,12,next_close
2026-06-18,1079116.3692766642,8966.811262748277,0.008309401578959241,1070149.558013916,12,next_close
2026-06-22,1103571.9199816203,8966.811262748277,0.00812526225105258,1094605.108718872,12,next_close
