date,ticker,shares,price,market_value_usd,weight,cost_basis,unrealized_pnl_usd
2019-06-03,HEI,164.0,121.5122299194336,19928.00570678711,0.199478909766325,121.5122299194336,0.0
2019-06-03,SBAC,100.0,199.46424865722656,19946.424865722656,0.19966328515226864,199.46424865722656,0.0
2019-06-04,HEI,164.0,124.1807632446289,20365.64517211914,0.20296307363012822,121.5122299194336,437.63946533203125
2019-06-04,SBAC,100.0,199.50099182128906,19950.099182128906,0.19882176159948578,199.46424865722656,3.67431640625
2019-06-05,HEI,164.0,126.12510681152344,20684.517517089844,0.20487921407777773,121.5122299194336,756.5118103027344
2019-06-05,SBAC,100.0,202.49169921875,20249.169921875,0.20056711576150932,199.46424865722656,302.74505615234375
2019-06-06,HEI,164.0,125.56959533691406,20593.413635253906,0.20402003680147138,121.5122299194336,665.4079284667969
2019-06-06,SBAC,100.0,203.18894958496094,20318.894958496094,0.20130036576845037,199.46424865722656,372.4700927734375
2019-06-07,HEI,164.0,126.92864990234375,20816.298583984375,0.20595682435409574,121.5122299194336,888.2928771972656
2019-06-07,SBAC,100.0,202.28994750976562,20228.994750976562,0.2001460298994879,199.46424865722656,282.56988525390625
2019-06-10,HEI,164.0,126.97825622558594,20824.434020996094,0.20582646034561192,121.5122299194336,896.4283142089844
2019-06-10,SBAC,100.0,203.24400329589844,20324.400329589844,0.20088418125884636,199.46424865722656,377.9754638671875
2019-06-11,HEI,164.0,125.9366226196289,20653.60610961914,0.20416245691737117,121.5122299194336,725.6004028320312
2019-06-11,SBAC,100.0,204.83116149902344,20483.116149902344,0.20247715078386677,199.46424865722656,536.6912841796875
2019-06-12,HEI,164.0,126.18463134765625,20694.279541015625,0.2038208526228192,121.5122299194336,766.2738342285156
2019-06-12,SBAC,100.0,208.11546325683594,20811.546325683594,0.20497582958096797,199.46424865722656,865.1214599609375
2019-06-13,HEI,164.0,126.44256591796875,20736.580810546875,0.20458666387606222,121.5122299194336,808.5751037597656
2019-06-13,SBAC,100.0,205.9595489501953,20595.95489501953,0.20319925159362737,199.46424865722656,649.530029296875
2019-06-14,HEI,164.0,125.1628646850586,20526.70980834961,0.20256881064104656,121.5122299194336,598.7041015625
2019-06-14,SBAC,100.0,207.79441833496094,20779.441833496094,0.2050629086344815,199.46424865722656,833.0169677734375
2019-06-17,HEI,164.0,125.26207733154297,20542.980682373047,0.2024677528663156,121.5122299194336,614.9749755859375
2019-06-17,SBAC,100.0,208.9411163330078,20894.11163330078,0.20592843346059528,199.46424865722656,947.686767578125
2019-06-18,HEI,164.0,126.22431182861328,20700.787139892578,0.20337574258670635,121.5122299194336,772.7814331054688
2019-06-18,SBAC,100.0,210.59249877929688,21059.249877929688,0.20689747463705288,199.46424865722656,1112.8250122070312
2019-06-19,HEI,164.0,129.85513305664062,21296.241821289062,0.2072789993711173,121.5122299194336,1368.2361145019531
2019-06-19,SBAC,100.0,214.1979217529297,21419.79217529297,0.2084815305014821,199.46424865722656,1473.3673095703125
2019-06-20,HEI,164.0,128.109130859375,21009.8974609375,0.205026766718472,121.5122299194336,1081.8917541503906
2019-06-20,SBAC,100.0,214.38143920898438,21438.143920898438,0.20920584408939527,199.46424865722656,1491.7190551757812
2019-06-21,HEI,164.0,127.24612426757812,20868.364379882812,0.2042513734341365,121.5122299194336,940.3586730957031
2019-06-21,SBAC,100.0,212.75759887695312,21275.759887695312,0.20823880102965117,199.46424865722656,1329.3350219726562
2019-06-24,HEI,164.0,128.38693237304688,21055.456909179688,0.20559346858963196,121.5122299194336,1127.4512023925781
2019-06-24,SBAC,100.0,213.31723022460938,21331.723022460938,0.2082910357204837,199.46424865722656,1385.2981567382812
2019-06-25,HEI,164.0,128.21827697753906,21027.797424316406,0.20615284674257073,121.5122299194336,1099.7917175292969
2019-06-25,SBAC,100.0,209.47323608398438,20947.323608398438,0.20536389553170628,199.46424865722656,1000.8987426757812
2019-06-26,HEI,164.0,129.26979064941406,21200.245666503906,0.20839648169992317,121.5122299194336,1272.2399597167969
2019-06-26,SBAC,100.0,205.04214477539062,20504.214477539062,0.20155455858188753,199.46424865722656,557.7896118164062
2019-06-27,HEI,164.0,130.49990844726562,21401.984985351562,0.20971215937348361,121.5122299194336,1473.9792785644531
2019-06-27,SBAC,100.0,206.2622833251953,20626.22833251953,0.20211073348120773,199.46424865722656,679.803466796875
2019-06-28,HEI,164.0,132.81253051757812,21781.255004882812,0.21263637728761006,121.5122299194336,1853.2492980957031
2019-06-28,SBAC,100.0,206.27145385742188,20627.145385742188,0.20136954769712814,199.46424865722656,680.7205200195312
2019-07-01,ACM,705.0,36.200035095214844,25521.024742126465,0.2502589448743916,36.200035095214844,0.0
2019-07-01,HD,143.0,178.43072509765625,25515.593688964844,0.25020568801470366,178.43072509765625,0.0
2019-07-01,LPX,1075.0,23.74659538269043,25527.590036392212,0.25032332409240254,23.74659538269043,0.0
2019-07-02,ACM,705.0,35.82633972167969,25257.56950378418,0.24821677238296178,36.200035095214844,-263.45523834228516
2019-07-02,HD,143.0,178.3119659423828,25498.611129760742,0.2505855899527156,178.43072509765625,-16.982559204101562
2019-07-02,LPX,1075.0,23.80060577392578,25585.651206970215,0.2514409694471544,23.74659538269043,58.06117057800293
2019-07-03,ACM,705.0,35.893402099609375,25304.84848022461,0.2474937043420254,36.200035095214844,-216.17626190185547
2019-07-03,HD,143.0,179.97508239746094,25736.436782836914,0.251714847489659,178.43072509765625,220.8430938720703
2019-07-03,LPX,1075.0,23.989641189575195,25788.864278793335,0.25222761385511544,23.74659538269043,261.27424240112305
2019-07-05,ACM,705.0,35.730525970458984,25190.020809173584,0.24695240732302226,36.200035095214844,-331.00393295288086
2019-07-05,HD,143.0,179.43202209472656,25658.7791595459,0.2515479177417772,178.43072509765625,143.1854705810547
2019-07-05,LPX,1075.0,23.94463348388672,25740.480995178223,0.252348888298529,23.74659538269043,212.89095878601074
2019-07-08,ACM,705.0,35.40475082397461,24960.3493309021,0.24520214157175318,36.200035095214844,-560.6754112243652
2019-07-08,HD,143.0,180.66241455078125,25834.72528076172,0.25379171908936343,178.43072509765625,319.131591796875
2019-07-08,LPX,1075.0,23.80060577392578,25585.651206970215,0.25134489851429775,23.74659538269043,58.06117057800293
2019-07-09,ACM,705.0,35.45264434814453,24994.114265441895,0.246304653091413,36.200035095214844,-526.9104766845703
2019-07-09,HD,143.0,179.8902587890625,25724.307006835938,0.2535003419623564,178.43072509765625,208.71331787109375
2019-07-09,LPX,1075.0,23.5755672454834,25343.734788894653,0.24974999069482368,23.74659538269043,-183.8552474975586
2019-07-10,ACM,705.0,35.26101303100586,24859.01418685913,0.24632716059426865,36.200035095214844,-662.010555267334
2019-07-10,HD,143.0,178.82957458496094,25572.629165649414,0.2533983481386191,178.43072509765625,57.03547668457031
2019-07-10,LPX,1075.0,23.323518753051758,25072.78265953064,0.24844538541613556,23.74659538269043,-454.80737686157227
2019-07-11,ACM,705.0,35.14603042602539,24777.9514503479,0.24498651412499203,36.200035095214844,-743.0732917785645
2019-07-11,HD,143.0,181.62124633789062,25971.83822631836,0.25679080553669476,178.43072509765625,456.2445373535156
2019-07-11,LPX,1075.0,23.233497619628906,24976.009941101074,0.24694477364211592,23.74659538269043,-551.5800952911377
2019-07-12,ACM,705.0,35.80717849731445,25244.06084060669,0.24709597570266775,36.200035095214844,-276.9639015197754
2019-07-12,HD,143.0,185.17665100097656,26480.26109313965,0.25919625186236406,178.43072509765625,964.6674041748047
2019-07-12,LPX,1075.0,23.278505325317383,25024.393224716187,0.24494580722456652,23.74659538269043,-503.1968116760254
2019-07-15,ACM,705.0,35.79758834838867,25237.299785614014,0.24618579322909856,36.200035095214844,-283.7249565124512
2019-07-15,HD,143.0,185.57542419433594,26537.28565979004,0.2588669459807522,178.43072509765625,1021.6919708251953
2019-07-15,LPX,1075.0,23.557559967041016,25324.37696456909,0.2470352170801172,23.74659538269043,-203.21307182312012
2019-07-16,ACM,705.0,35.79758834838867,25237.299785614014,0.2465129026940715,36.200035095214844,-283.7249565124512
2019-07-16,HD,143.0,184.353515625,26362.552734375,0.25750414870773,178.43072509765625,846.9590454101562
2019-07-16,LPX,1075.0,23.593563079833984,25363.080310821533,0.2477415017373402,23.74659538269043,-164.5097255706787
2019-07-17,ACM,705.0,35.395164489746094,24953.590965270996,0.2455989970824422,36.200035095214844,-567.4337768554688
2019-07-17,HD,143.0,182.95347595214844,26162.347061157227,0.2574958533417322,178.43072509765625,646.7533721923828
2019-07-17,LPX,1075.0,23.323518753051758,25072.78265953064,0.2467721092253585,23.74659538269043,-454.80737686157227
2019-07-18,ACM,705.0,34.973567962646484,24656.36541366577,0.24340124865406237,36.200035095214844,-864.6593284606934
2019-07-18,HD,143.0,181.96066284179688,26020.374786376953,0.2568663956424232,178.43072509765625,504.7810974121094
2019-07-18,LPX,1075.0,23.44953727722168,25208.252573013306,0.24884933564691986,23.74659538269043,-319.33746337890625
2019-07-19,ACM,705.0,34.9831428527832,24663.11571121216,0.24390725235768432,36.200035095214844,-857.9090309143066
2019-07-19,HD,143.0,180.77272033691406,25850.49900817871,0.25564994540789204,178.43072509765625,334.9053192138672
2019-07-19,LPX,1075.0,23.431535720825195,25188.900899887085,0.24910703417769853,23.74659538269043,-338.68913650512695
2019-07-22,ACM,705.0,34.51363754272461,24332.11446762085,0.24198623528488264,36.200035095214844,-1188.9102745056152
2019-07-22,HD,143.0,179.27078247070312,25635.721893310547,0.25495079098150525,178.43072509765625,120.12820434570312
2019-07-22,LPX,1075.0,23.413532257080078,25169.547176361084,0.25031461910709984,23.74659538269043,-358.04286003112793
2019-07-23,ACM,705.0,34.91606521606445,24615.82597732544,0.24340197320106838,36.200035095214844,-905.1987648010254
2019-07-23,HD,143.0,180.80665588378906,25855.351791381836,0.25565843899071516,178.43072509765625,339.7581024169922
2019-07-23,LPX,1075.0,23.485544204711914,25246.960020065308,0.24964264420267346,23.74659538269043,-280.6300163269043
2019-07-24,ACM,705.0,35.318504333496094,24899.545555114746,0.24413397717410845,36.200035095214844,-621.4791870117188
2019-07-24,HD,143.0,182.1898193359375,26053.144165039062,0.2554447304599448,178.43072509765625,537.5504760742188
2019-07-24,LPX,1075.0,23.83661651611328,25624.362754821777,0.25124063320913514,23.74659538269043,96.77271842956543
2019-07-25,ACM,705.0,35.11729049682617,24757.68980026245,0.2432075687283745,36.200035095214844,-763.3349418640137
2019-07-25,HD,143.0,182.90252685546875,26155.06134033203,0.25693467079695864,178.43072509765625,639.4676513671875
2019-07-25,LPX,1075.0,23.692584991455078,25469.52886581421,0.2502003313752708,23.74659538269043,-58.06117057800293
2019-07-26,ACM,705.0,35.33766555786133,24913.054218292236,0.24334332360015454,36.200035095214844,-607.9705238342285
2019-07-26,HD,143.0,184.0565643310547,26320.08869934082,0.2570868190398659,178.43072509765625,804.4950103759766
2019-07-26,LPX,1075.0,23.935632705688477,25730.805158615112,0.25133087221429473,23.74659538269043,203.2151222229004
2019-07-29,ACM,705.0,35.14603042602539,24777.9514503479,0.24247731630833338,36.200035095214844,-743.0732917785645
2019-07-29,HD,143.0,185.015380859375,26457.199462890625,0.25891045656665546,178.43072509765625,941.6057739257812
2019-07-29,LPX,1075.0,23.75559425354004,25537.263822555542,0.2499079558679261,23.74659538269043,9.673786163330078
2019-07-30,ACM,705.0,35.22268295288086,24831.991481781006,0.2422477681380805,36.200035095214844,-689.033260345459
2019-07-30,HD,143.0,184.43841552734375,26374.693420410156,0.2572975518740887,178.43072509765625,859.0997314453125
2019-07-30,LPX,1075.0,24.079662322998047,25885.6369972229,0.2525265762115999,23.74659538269043,358.0469608306885
2019-07-31,ACM,705.0,34.44655990600586,24284.82473373413,0.24062534790968498,36.200035095214844,-1236.200008392334
2019-07-31,HD,143.0,181.32424926757812,25929.367645263672,0.2569202446024953,178.43072509765625,413.7739562988281
2019-07-31,LPX,1075.0,23.530553817749023,25295.3453540802,0.2506380566076775,23.74659538269043,-232.24468231201172
2019-08-01,HD,138.0,180.5945281982422,24922.044891357422,0.2505739289577702,178.43072509765625,298.6048278808594
2019-08-01,CTAS,412.0,60.32117462158203,24852.323944091797,0.2498729330417784,60.32117462158203,0.0
2019-08-01,TER,467.0,53.23884963989258,24862.542781829834,0.24997567638938747,53.23884963989258,0.0
2019-08-02,HD,138.0,180.0175018310547,24842.415252685547,0.2516520596513384,178.43072509765625,218.97518920898438
2019-08-02,CTAS,412.0,60.176795959472656,24792.839935302734,0.2511498648928837,60.32117462158203,-59.4840087890625
2019-08-02,TER,467.0,51.94672775268555,24259.12186050415,0.2457433353171537,53.23884963989258,-603.4209213256836
2019-08-05,HD,138.0,173.8995361328125,23998.135986328125,0.24898419035001254,178.43072509765625,-625.3040771484375
2019-08-05,CTAS,412.0,58.47916030883789,24093.41404724121,0.24997271424487164,60.32117462158203,-758.9098968505859
2019-08-05,TER,467.0,50.25629425048828,23469.689414978027,0.2435014794517243,53.23884963989258,-1392.8533668518066
2019-08-06,HD,138.0,177.17495727539062,24450.144104003906,0.2515309329647009,178.43072509765625,-173.29595947265625
2019-08-06,CTAS,412.0,59.892677307128906,24675.78305053711,0.2538521943238671,60.32117462158203,-176.5408935546875
2019-08-06,TER,467.0,49.799686431884766,23256.453563690186,0.23925083784546275,53.23884963989258,-1606.0892181396484
2019-08-07,HD,138.0,176.4197235107422,24345.921844482422,0.25136594646119303,178.43072509765625,-277.5182189941406
2019-08-07,CTAS,412.0,60.18611145019531,24796.67791748047,0.2560198974446906,60.32117462158203,-55.646026611328125
2019-08-07,TER,467.0,49.012760162353516,22888.95899581909,0.2363231459563498,53.23884963989258,-1973.5837860107422
2019-08-08,HD,138.0,179.52537536621094,24774.50180053711,0.2509366812194745,178.43072509765625,151.06173706054688
2019-08-08,CTAS,412.0,61.546085357666016,25356.9871673584,0.25683657563454093,60.32117462158203,504.66322326660156
2019-08-08,TER,467.0,50.9072265625,23773.6748046875,0.24079947616746764,53.23884963989258,-1088.867977142334
2019-08-09,HD,138.0,178.2101287841797,24592.997772216797,0.2500335823693308,178.43072509765625,-30.442291259765625
2019-08-09,CTAS,412.0,61.343509674072266,25273.525985717773,0.2569524179135392,60.32117462158203,421.20204162597656
2019-08-09,TER,467.0,50.68376541137695,23669.318447113037,0.240642663346149,53.23884963989258,-1193.2243347167969
2019-08-12,HD,138.0,175.65602111816406,24240.53091430664,0.24773458572374477,178.43072509765625,-382.9091491699219
2019-08-12,CTAS,412.0,60.873085021972656,25079.711029052734,0.25631088047608164,60.32117462158203,227.3870849609375
2019-08-12,TER,467.0,50.76149368286133,23705.61754989624,0.24226785146785046,53.23884963989258,-1156.9252319335938
2019-08-13,HD,138.0,176.77610778808594,24395.10287475586,0.24625489200709635,178.43072509765625,-228.33718872070312
2019-08-13,CTAS,412.0,61.983909606933594,25537.37075805664,0.25778544613878185,60.32117462158203,685.0468139648438
2019-08-13,TER,467.0,52.05359649658203,24309.02956390381,0.2453860301712851,53.23884963989258,-553.5132179260254
2019-08-14,HD,138.0,171.05694580078125,23605.858520507812,0.24505312325022294,178.43072509765625,-1017.58154296875
2019-08-14,CTAS,412.0,59.78324508666992,24630.696975708008,0.2556920019021288,60.32117462158203,-221.62696838378906
2019-08-14,TER,467.0,49.82883071899414,23270.063945770264,0.2415672297277133,53.23884963989258,-1592.4788360595703
2019-08-15,HD,138.0,171.2266387939453,23629.276153564453,0.24358742478046902,178.43072509765625,-994.1639099121094
2019-08-15,CTAS,412.0,60.55170822143555,24947.303787231445,0.2571745932992138,60.32117462158203,94.97984313964844
2019-08-15,TER,467.0,50.547760009765625,23605.803924560547,0.24334545630967197,53.23884963989258,-1256.738857269287
2019-08-16,HD,138.0,172.80494689941406,23847.08267211914,0.24318679565483894,178.43072509765625,-776.3573913574219
2019-08-16,CTAS,412.0,61.57169723510742,25367.539260864258,0.2586920451158773,60.32117462158203,515.2153167724609
2019-08-16,TER,467.0,51.441551208496094,24023.204414367676,0.24498284269050608,53.23884963989258,-839.3383674621582
2019-08-19,HD,138.0,176.45364379882812,24350.60284423828,0.24604137921147304,178.43072509765625,-272.83721923828125
2019-08-19,CTAS,412.0,62.36813735961914,25695.672592163086,0.25963212347484776,60.32117462158203,843.3486480712891
2019-08-19,TER,467.0,51.60670471191406,24100.331100463867,0.24351260382920412,53.23884963989258,-762.2116813659668
2019-08-20,HD,138.0,184.20925903320312,25420.87774658203,0.254171906204054,178.43072509765625,797.4376831054688
2019-08-20,CTAS,412.0,62.37277603149414,25697.583724975586,0.2569385646447054,60.32117462158203,845.2597808837891
2019-08-20,TER,467.0,51.54841232299805,24073.108554840088,0.2406961691345814,53.23884963989258,-789.4342269897461
2019-08-21,HD,138.0,187.01795959472656,25808.478424072266,0.25666860892687265,178.43072509765625,1185.0383605957031
2019-08-21,CTAS,412.0,62.32855224609375,25679.363525390625,0.25538454479524064,60.32117462158203,827.0395812988281
2019-08-21,TER,467.0,51.907867431640625,24240.974090576172,0.241079578448035,53.23884963989258,-621.5686912536621
2019-08-22,HD,138.0,187.5440673828125,25881.081298828125,0.25773320030054814,178.43072509765625,1257.6412353515625
2019-08-22,CTAS,412.0,61.5856819152832,25373.30094909668,0.25267653929496864,60.32117462158203,520.9770050048828
2019-08-22,TER,467.0,52.121612548828125,24340.793060302734,0.2423944510220001,53.23884963989258,-521.7497215270996
2019-08-23,HD,138.0,184.53175354003906,25465.38198852539,0.2586856278245796,178.43072509765625,841.9419250488281
2019-08-23,CTAS,412.0,59.62488555908203,24565.452850341797,0.2495438551147277,60.32117462158203,-286.87109375
2019-08-23,TER,467.0,50.50889587402344,23587.654373168945,0.23961106034780247,53.23884963989258,-1274.8884086608887
2019-08-26,HD,138.0,185.5330047607422,25603.554656982422,0.25809812620258865,178.43072509765625,980.1145935058594
2019-08-26,CTAS,412.0,60.626243591308594,24978.01235961914,0.2517923105854632,60.32117462158203,125.68841552734375
2019-08-26,TER,467.0,50.95578384399414,23796.351055145264,0.2398805048781396,53.23884963989258,-1066.1917266845703
2019-08-27,HD,138.0,185.15965270996094,25552.03207397461,0.258077141677749,178.43072509765625,928.5920104980469
2019-08-27,CTAS,412.0,60.814884185791016,25055.7322845459,0.25306448238316837,60.32117462158203,203.40834045410156
2019-08-27,TER,467.0,50.489463806152344,23578.579597473145,0.23814514672337855,53.23884963989258,-1283.9631843566895
2019-08-28,HD,138.0,188.3331756591797,25989.978240966797,0.26129935796756343,178.43072509765625,1366.5381774902344
2019-08-28,CTAS,412.0,61.05473327636719,25154.55010986328,0.2529000883621238,60.32117462158203,302.2261657714844
2019-08-28,TER,467.0,50.31459045410156,23496.91374206543,0.23623445999439682,53.23884963989258,-1365.6290397644043
2019-08-29,HD,138.0,192.8898468017578,26618.798858642578,0.2642967961397167,178.43072509765625,1995.3587951660156
2019-08-29,CTAS,412.0,61.61827087402344,25386.727600097656,0.2520636188285051,60.32117462158203,534.4036560058594
2019-08-29,TER,467.0,51.15009307861328,23887.093467712402,0.23717382238517307,53.23884963989258,-975.4493141174316
2019-08-30,HD,138.0,193.3905029296875,26687.889404296875,0.2646214632803693,178.43072509765625,2064.4493408203125
2019-08-30,CTAS,412.0,61.431976318359375,25309.974243164062,0.2509588644629272,60.32117462158203,457.6502990722656
2019-08-30,TER,467.0,51.46098327636719,24032.279190063477,0.23828998947414187,53.23884963989258,-830.2635917663574
2019-09-03,HD,131.0,190.13209533691406,24907.304489135742,0.25037880789049616,178.43072509765625,1532.8795013427734
2019-09-03,BKNG,326.0,76.246826171875,24856.46533203125,0.24986775108161777,76.246826171875,0.0
2019-09-03,RMD,191.0,129.8518524169922,24801.703811645508,0.2493172650104159,129.8518524169922,0.0
2019-09-04,HD,131.0,191.3614501953125,25068.349975585938,0.2510146684059369,178.43072509765625,1693.9249877929688
2019-09-04,BKNG,326.0,76.91475677490234,25074.210708618164,0.251073353160224,76.246826171875,217.74537658691406
2019-09-04,RMD,191.0,129.90835571289062,24812.49594116211,0.24845274806918696,129.8518524169922,10.792129516601562
2019-09-05,HD,131.0,194.77635192871094,25515.702102661133,0.25207709810728784,178.43072509765625,2141.277114868164
2019-09-05,BKNG,326.0,78.31459045410156,25530.55648803711,0.252223848933296,76.246826171875,674.0911560058594
2019-09-05,RMD,191.0,132.2646484375,25262.5478515625,0.2495761130772184,129.8518524169922,460.8440399169922
2019-09-06,HD,131.0,197.32046508789062,25848.980926513672,0.2554082801096407,178.43072509765625,2474.555938720703
2019-09-06,BKNG,326.0,77.26184844970703,25187.362594604492,0.24887097015833792,76.246826171875,330.8972625732422
2019-09-06,RMD,191.0,132.23641967773438,25257.156158447266,0.24956058551124033,129.8518524169922,455.4523468017578
2019-09-09,HD,131.0,198.80587768554688,26043.56997680664,0.25841506968571926,178.43072509765625,2669.144989013672
2019-09-09,BKNG,326.0,78.22859191894531,25502.520965576172,0.25304655768582734,76.246826171875,646.0556335449219
2019-09-09,RMD,191.0,127.34465789794922,24322.8296585083,0.2413411727637499,129.8518524169922,-478.87415313720703
2019-09-10,HD,131.0,198.91688537597656,26058.11198425293,0.2579990000383254,178.43072509765625,2683.686996459961
2019-09-10,BKNG,326.0,79.2695541381836,25841.87464904785,0.2558580538221307,76.246826171875,985.4093170166016
2019-09-10,RMD,191.0,126.6378402709961,24187.827491760254,0.23948148314600817,129.8518524169922,-613.8763198852539
2019-09-11,HD,131.0,198.6266326904297,26020.08888244629,0.25700343700874356,178.43072509765625,2645.6638946533203
2019-09-11,BKNG,326.0,80.50251007080078,26243.818283081055,0.25921323825818626,76.246826171875,1387.3529510498047
2019-09-11,RMD,191.0,126.00633239746094,24067.20948791504,0.23771462063591878,129.8518524169922,-734.4943237304688
2019-09-12,HD,131.0,199.59986877441406,26147.582809448242,0.25809930216095794,178.43072509765625,2773.1578216552734
2019-09-12,BKNG,326.0,80.15894317626953,26131.815475463867,0.25794366491035764,76.246826171875,1275.3501434326172
2019-09-12,RMD,191.0,126.26082611083984,24115.81778717041,0.23804402063736468,129.8518524169922,-685.8860244750977
2019-09-13,HD,131.0,199.75352478027344,26167.71174621582,0.2583250884564888,178.43072509765625,2793.2867584228516
2019-09-13,BKNG,326.0,81.04203033447266,26419.701889038086,0.2608127104757943,76.246826171875,1563.236557006836
2019-09-13,RMD,191.0,124.59254455566406,23797.176010131836,0.23492339175285104,129.8518524169922,-1004.5278015136719
2019-09-16,HD,131.0,197.20091247558594,25833.319534301758,0.25625085035893214,178.43072509765625,2458.894546508789
2019-09-16,BKNG,326.0,81.39739227294922,26535.549880981445,0.26321654918232884,76.246826171875,1679.0845489501953
2019-09-16,RMD,191.0,123.19758605957031,23530.73893737793,0.2334106483787627,129.8518524169922,-1270.9648742675781
2019-09-17,HD,131.0,196.5350341796875,25746.089477539062,0.2540000425342685,178.43072509765625,2371.6644897460938
2019-09-17,BKNG,326.0,81.57369995117188,26593.02618408203,0.2623555622986746,76.246826171875,1736.5608520507812
2019-09-17,RMD,191.0,126.23252868652344,24110.412979125977,0.23786314918074863,129.8518524169922,-691.2908325195312
2019-09-18,HD,131.0,197.06430053710938,25815.423370361328,0.255738180354228,178.43072509765625,2440.9983825683594
2019-09-18,BKNG,326.0,80.82490539550781,26348.919158935547,0.26102320861966627,76.246826171875,1492.4538269042969
2019-09-18,RMD,191.0,124.96012115478516,23867.383140563965,0.23644009422649173,129.8518524169922,-934.320671081543
2019-09-19,HD,131.0,194.75071716308594,25512.343948364258,0.2530694522226389,178.43072509765625,2137.918960571289
2019-09-19,BKNG,326.0,80.8327407836914,26351.4734954834,0.2613931897538933,76.246826171875,1495.0081634521484
2019-09-19,RMD,191.0,125.83665466308594,24034.801040649414,0.23841297945605816,129.8518524169922,-766.9027709960938
2019-09-20,HD,131.0,191.80538940429688,25126.50601196289,0.2506039804617939,178.43072509765625,1752.0810241699219
2019-09-20,BKNG,326.0,79.77254486083984,26005.84962463379,0.2593742810130947,76.246826171875,1149.384292602539
2019-09-20,RMD,191.0,126.79804992675781,24218.427536010742,0.24154708729340266,129.8518524169922,-583.2762756347656
2019-09-23,HD,131.0,193.15426635742188,25303.208892822266,0.2521916506693939,178.43072509765625,1928.7839050292969
2019-09-23,BKNG,326.0,78.90240478515625,25722.183959960938,0.2563674852134859,76.246826171875,865.7186279296875
2019-09-23,RMD,191.0,127.72172546386719,24394.849563598633,0.24313822825138456,129.8518524169922,-406.854248046875
2019-09-24,HD,131.0,192.4371337890625,25209.264526367188,0.2520451716530054,178.43072509765625,1834.8395385742188
2019-09-24,BKNG,326.0,78.16537475585938,25481.912170410156,0.25477113464854306,76.246826171875,625.4468383789062
2019-09-24,RMD,191.0,127.82537841796875,24414.64727783203,0.24410049557584323,129.8518524169922,-387.05653381347656
2019-09-25,HD,131.0,194.73367309570312,25510.11117553711,0.254016737727369,178.43072509765625,2135.6861877441406
2019-09-25,BKNG,326.0,78.27885437011719,25518.906524658203,0.25410431734925065,76.246826171875,662.4411926269531
2019-09-25,RMD,191.0,128.1929931640625,24484.861694335938,0.24380782382733318,129.8518524169922,-316.8421173095703
2019-09-26,HD,131.0,196.17645263671875,25699.115295410156,0.25655289463863634,178.43072509765625,2324.6903076171875
2019-09-26,BKNG,326.0,77.68672180175781,25325.871307373047,0.25282681985214395,76.246826171875,469.4059753417969
2019-09-26,RMD,191.0,126.87344360351562,24232.827728271484,0.2419150242139974,129.8518524169922,-568.8760833740234
2019-09-27,HD,131.0,196.23617553710938,25706.938995361328,0.2582079916323033,178.43072509765625,2332.5140075683594
2019-09-27,BKNG,326.0,76.34380340576172,24888.07991027832,0.249983132195429,76.246826171875,31.614578247070312
2019-09-27,RMD,191.0,125.92150115966797,24051.006721496582,0.24157532498961654,129.8518524169922,-750.6970901489258
2019-09-30,HD,131.0,198.0802764892578,25948.516220092773,0.25868978554821404,178.43072509765625,2574.0912322998047
2019-09-30,BKNG,326.0,77.06474304199219,25123.106231689453,0.2504609862180978,76.246826171875,266.6408996582031
2019-09-30,RMD,191.0,127.34465789794922,24322.8296585083,0.24248275064811226,129.8518524169922,-478.87415313720703
2019-10-01,LHX,139.0,179.4381561279297,24941.903701782227,0.25004070700041775,179.4381561279297,0.0
2019-10-01,MLM,97.0,256.3644714355469,24867.353729248047,0.24929334913783502,256.3644714355469,0.0
2019-10-01,SHW,145.0,171.4847412109375,24865.287475585938,0.24927263510041858,171.4847412109375,0.0
2019-10-02,LHX,139.0,179.0681915283203,24890.478622436523,0.2517420310979871,179.4381561279297,-51.425079345703125
2019-10-02,MLM,97.0,249.65017700195312,24216.067169189453,0.24492104096712145,256.3644714355469,-651.2865600585938
2019-10-02,SHW,145.0,170.27297973632812,24689.582061767578,0.24971016546010372,171.4847412109375,-175.70541381835938
2019-10-03,LHX,139.0,181.6581573486328,25250.48387145996,0.25449410841944137,179.4381561279297,308.5801696777344
2019-10-03,MLM,97.0,248.4738311767578,24101.961624145508,0.24291840369955853,256.3644714355469,-765.3921051025391
2019-10-03,SHW,145.0,170.9591064453125,24789.070434570312,0.24984362323144438,171.4847412109375,-76.217041015625
2019-10-04,LHX,139.0,183.03237915039062,25441.500701904297,0.2547570249125247,179.4381561279297,499.5970001220703
2019-10-04,MLM,97.0,250.5206298828125,24300.501098632812,0.2433316900723493,256.3644714355469,-566.8526306152344
2019-10-04,SHW,145.0,172.73736572265625,25046.918029785156,0.25080589369550566,171.4847412109375,181.63055419921875
2019-10-07,LHX,139.0,181.2705078125,25196.6005859375,0.2528316489216578,179.4381561279297,254.69688415527344
2019-10-07,MLM,97.0,250.69271850585938,24317.19369506836,0.24400736750587013,256.3644714355469,-550.1600341796875
2019-10-07,SHW,145.0,172.8758544921875,25066.998901367188,0.2515311795388465,171.4847412109375,201.71142578125
2019-10-08,LHX,139.0,184.33621215820312,25622.733489990234,0.2562036021516166,179.4381561279297,680.8297882080078
2019-10-08,MLM,97.0,251.4961700439453,24395.128494262695,0.24392868924868277,256.3644714355469,-472.22523498535156
2019-10-08,SHW,145.0,171.82464599609375,24914.573669433594,0.24912265987055462,171.4847412109375,49.28619384765625
2019-10-09,LHX,139.0,184.0630645751953,25584.76597595215,0.25405122236133176,179.4381561279297,642.8622741699219
2019-10-09,MLM,97.0,254.5089569091797,24687.36882019043,0.2451402616521685,256.3644714355469,-179.9849090576172
2019-10-09,SHW,145.0,174.88381958007812,25358.153839111328,0.2518010125911726,171.4847412109375,492.8663635253906
2019-10-10,LHX,139.0,184.9352264404297,25705.996475219727,0.254184385075372,179.4381561279297,764.0927734375
2019-10-10,MLM,97.0,256.201904296875,24851.584716796875,0.24573584554393477,256.3644714355469,-15.769012451171875
2019-10-10,SHW,145.0,175.84060668945312,25496.887969970703,0.2521166917699601,171.4847412109375,631.6004943847656
2019-10-11,LHX,139.0,184.0630645751953,25584.76597595215,0.25486106461987296,179.4381561279297,642.8622741699219
2019-10-11,MLM,97.0,253.86813354492188,24625.208953857422,0.24530249666406675,256.3644714355469,-242.144775390625
2019-10-11,SHW,145.0,173.10557556152344,25100.3084564209,0.2500351709882138,171.4847412109375,235.02098083496094
2019-10-14,LHX,139.0,182.03692626953125,25303.132751464844,0.25265763507006334,179.4381561279297,361.2290496826172
2019-10-14,MLM,97.0,254.1455841064453,24652.121658325195,0.24615713867648858,256.3644714355469,-215.23207092285156
2019-10-14,SHW,145.0,173.2125701904297,25115.822677612305,0.25078730064352317,171.4847412109375,250.5352020263672
2019-10-15,LHX,139.0,181.05029296875,25165.99072265625,0.2506305793561632,179.4381561279297,224.08702087402344
2019-10-15,MLM,97.0,254.25070190429688,24662.318084716797,0.24561445396520187,256.3644714355469,-205.03564453125
2019-10-15,SHW,145.0,175.90040588378906,25505.558853149414,0.2540123718003514,171.4847412109375,640.2713775634766
2019-10-16,LHX,139.0,182.16024780273438,25320.274444580078,0.25098103211202477,179.4381561279297,378.37074279785156
2019-10-16,MLM,97.0,255.0349884033203,24738.39387512207,0.24521328317991303,256.3644714355469,-128.95985412597656
2019-10-16,SHW,145.0,177.58424377441406,25749.71534729004,0.2552377601040208,171.4847412109375,884.4278717041016
2019-10-17,LHX,139.0,177.015625,24605.171875,0.24596419430643643,179.4381561279297,-336.73182678222656
2019-10-17,MLM,97.0,255.388916015625,24772.724853515625,0.2476391280794499,256.3644714355469,-94.62887573242188
2019-10-17,SHW,145.0,176.4197235107422,25580.859909057617,0.25571760397211923,171.4847412109375,715.5724334716797
2019-10-18,LHX,139.0,174.49610900878906,24254.95915222168,0.24356054306041336,179.4381561279297,-686.9445495605469
2019-10-18,MLM,97.0,254.20294189453125,24657.68536376953,0.24760459088476408,256.3644714355469,-209.66836547851562
2019-10-18,SHW,145.0,176.5203857421875,25595.455932617188,0.25702138303770766,171.4847412109375,730.16845703125
2019-10-21,LHX,139.0,175.88803100585938,24448.436309814453,0.24555484819063636,179.4381561279297,-493.46739196777344
2019-10-21,MLM,97.0,256.9095764160156,24920.228912353516,0.25029343185406017,256.3644714355469,52.87518310546875
2019-10-21,SHW,145.0,173.23146057128906,25118.561782836914,0.2522854446472552,171.4847412109375,253.27430725097656
2019-10-22,LHX,139.0,176.77777099609375,24572.11016845703,0.24484866569816868,179.4381561279297,-369.7935333251953
2019-10-22,MLM,97.0,256.0487976074219,24836.733367919922,0.2474855022114789,256.3644714355469,-30.620361328125
2019-10-22,SHW,145.0,178.41824340820312,25870.645294189453,0.25778791229596104,171.4847412109375,1005.3578186035156
2019-10-23,LHX,139.0,176.5222625732422,24536.594497680664,0.24574842529194096,179.4381561279297,-405.3092041015625
2019-10-23,MLM,97.0,252.55783081054688,24498.109588623047,0.24536297629251658,256.3644714355469,-369.244140625
2019-10-23,SHW,145.0,177.46778869628906,25732.829360961914,0.25772942102296936,171.4847412109375,867.5418853759766
2019-10-24,LHX,139.0,179.7993621826172,24992.11134338379,0.24783342861137825,179.4381561279297,50.2076416015625
2019-10-24,MLM,97.0,253.36119079589844,24576.03550720215,0.24370742662513387,256.3644714355469,-291.31822204589844
2019-10-24,SHW,145.0,180.67172241210938,26197.39974975586,0.2597856304126803,171.4847412109375,1332.1122741699219
2019-10-25,LHX,139.0,177.0331573486328,24607.60887145996,0.24408376856510192,179.4381561279297,-334.2948303222656
2019-10-25,MLM,97.0,256.64178466796875,24894.25311279297,0.24692700323400107,256.3644714355469,26.899383544921875
2019-10-25,SHW,145.0,180.9486541748047,26237.55485534668,0.2602512621392559,171.4847412109375,1372.2673797607422
2019-10-28,LHX,139.0,176.707275390625,24562.311279296875,0.2432181477830333,179.4381561279297,-379.59242248535156
2019-10-28,MLM,97.0,257.33038330078125,24961.04718017578,0.24716646543781806,256.3644714355469,93.69345092773438
2019-10-28,SHW,145.0,181.99050903320312,26388.623809814453,0.26130245368953126,171.4847412109375,1523.3363342285156
2019-10-29,LHX,139.0,178.82151794433594,24856.190994262695,0.245241545104478,179.4381561279297,-85.71270751953125
2019-10-29,MLM,97.0,256.4792785644531,24878.490020751953,0.24546155659826696,256.3644714355469,11.13629150390625
2019-10-29,SHW,145.0,183.05108642578125,26542.40753173828,0.2618784605967466,171.4847412109375,1677.1200561523438
2019-10-30,LHX,139.0,183.07647705078125,25447.630310058594,0.24940180750985894,179.4381561279297,505.7266082763672
2019-10-30,MLM,97.0,255.22633361816406,24756.954360961914,0.2426327752656184,256.3644714355469,-110.39936828613281
2019-10-30,SHW,145.0,184.5052032470703,26753.254470825195,0.2621976954434802,171.4847412109375,1887.9669952392578
2019-10-31,LHX,139.0,181.74623107910156,25262.726119995117,0.25073011981567134,179.4381561279297,320.8224182128906
2019-10-31,MLM,97.0,250.50149536132812,24298.645050048828,0.24116170819487118,256.3644714355469,-568.7086791992188
2019-10-31,SHW,145.0,180.12722778320312,26118.448028564453,0.2592230772124848,171.4847412109375,1253.1605529785156
2019-11-01,AAPL,408.0,61.425201416015625,25061.482177734375,0.24999629441623256,61.425201416015625,0.0
2019-11-01,BKNG,314.0,79.79021453857422,25054.127365112305,0.24992292780971648,79.79021453857422,0.0
2019-11-01,ORLY,861.0,29.134000778198242,25084.374670028687,0.2502246543433487,29.134000778198242,0.0
2019-11-04,AAPL,408.0,61.8286018371582,25226.069549560547,0.2520538855058944,61.425201416015625,164.58737182617188
2019-11-04,BKNG,314.0,78.83447265625,24754.0244140625,0.24733730410177662,79.79021453857422,-300.1029510498047
2019-11-04,ORLY,861.0,29.099332809448242,25054.525548934937,0.25033985186272373,29.134000778198242,-29.84912109375
2019-11-05,AAPL,408.0,61.73975372314453,25189.81951904297,0.2516323317961475,61.425201416015625,128.33734130859375
2019-11-05,BKNG,314.0,79.53145599365234,24972.877182006836,0.24946519812167087,79.79021453857422,-81.25018310546875
2019-11-05,ORLY,861.0,28.9146671295166,24895.528398513794,0.24869252665662778,29.134000778198242,-188.84627151489258
2019-11-06,AAPL,408.0,61.76616668701172,25200.59600830078,0.2511018218060938,61.425201416015625,139.11383056640625
2019-11-06,BKNG,314.0,79.00764465332031,24808.400421142578,0.24719393699228634,79.79021453857422,-245.72694396972656
2019-11-06,ORLY,861.0,29.3886661529541,25303.64155769348,0.25212858026740137,29.134000778198242,219.26688766479492
2019-11-07,AAPL,408.0,62.47902297973633,25491.441375732422,0.2584845596340718,61.425201416015625,429.9591979980469
2019-11-07,BKNG,314.0,72.64019012451172,22809.01969909668,0.23128466239726223,79.79021453857422,-2245.107666015625
2019-11-07,ORLY,861.0,29.35066795349121,25270.925107955933,0.25624851305168367,29.134000778198242,186.5504379272461
2019-11-08,AAPL,408.0,62.650028228759766,25561.211517333984,0.25821953665947384,61.425201416015625,499.7293395996094
2019-11-08,BKNG,314.0,73.78913116455078,23169.787185668945,0.23406135141618126,79.79021453857422,-1884.3401794433594
2019-11-08,ORLY,861.0,29.281999588012695,25211.80164527893,0.25468979570000805,29.134000778198242,127.42697525024414
2019-11-11,AAPL,408.0,63.14613342285156,25763.622436523438,0.2590826148130548,61.425201416015625,702.1402587890625
2019-11-11,BKNG,314.0,74.45077514648438,23377.543395996094,0.23508786801479095,79.79021453857422,-1676.583969116211
2019-11-11,ORLY,861.0,29.329999923706055,25253.129934310913,0.2539490303320082,29.134000778198242,168.75526428222656
2019-11-12,AAPL,408.0,63.08833312988281,25740.039916992188,0.2595631024480555,61.425201416015625,678.5577392578125
2019-11-12,BKNG,314.0,73.65760040283203,23128.486526489258,0.23322814327807423,79.79021453857422,-1925.6408386230469
2019-11-12,ORLY,861.0,29.327333450317383,25250.834100723267,0.25462994073517997,29.134000778198242,166.45943069458008
2019-11-13,AAPL,408.0,63.69282913208008,25986.674285888672,0.26168228764105417,61.425201416015625,925.1921081542969
2019-11-13,BKNG,314.0,72.9998779296875,22921.961669921875,0.23082104701111777,79.79021453857422,-2132.1656951904297
2019-11-13,ORLY,861.0,29.44266700744629,25350.136293411255,0.25527243633767344,29.134000778198242,265.76162338256836
2019-11-14,AAPL,408.0,63.25210952758789,25806.86068725586,0.25990089294948393,61.425201416015625,745.3785095214844
2019-11-14,BKNG,314.0,73.25353240966797,23001.609176635742,0.2316492050981948,79.79021453857422,-2052.5181884765625
2019-11-14,ORLY,861.0,29.54599952697754,25439.10559272766,0.25619723140719486,29.134000778198242,354.7309226989746
2019-11-15,AAPL,408.0,64.00348663330078,26113.42254638672,0.2624137872951149,61.425201416015625,1051.9403686523438
2019-11-15,BKNG,314.0,72.59660339355469,22795.333465576172,0.22907030959772126,79.79021453857422,-2258.793899536133
2019-11-15,ORLY,861.0,29.68199920654297,25556.201316833496,0.2568142710712818,29.134000778198242,471.82664680480957
2019-11-18,AAPL,408.0,64.32621765136719,26245.096801757812,0.2630335552944591,61.425201416015625,1183.6146240234375
2019-11-18,BKNG,314.0,72.17292785644531,22662.299346923828,0.2271260499968675,79.79021453857422,-2391.8280181884766
2019-11-18,ORLY,861.0,29.992666244506836,25823.685636520386,0.2588100891792281,29.134000778198242,739.3109664916992
2019-11-19,AAPL,408.0,64.13114166259766,26165.505798339844,0.26301435177453214,61.425201416015625,1104.0236206054688
2019-11-19,BKNG,314.0,72.45838165283203,22751.931838989258,0.22870127756635145,79.79021453857422,-2302.195526123047
2019-11-19,ORLY,861.0,29.63800048828125,25518.318420410156,0.2565088567157041,29.134000778198242,433.9437503814697
2019-11-20,AAPL,408.0,63.38456726074219,25860.903442382812,0.2614271161071776,61.425201416015625,799.4212646484375
2019-11-20,BKNG,314.0,72.71440887451172,22832.32438659668,0.23081129906038475,79.79021453857422,-2221.802978515625
2019-11-20,ORLY,861.0,29.246667861938477,25181.38102912903,0.25455784391709674,29.134000778198242,97.0063591003418
2019-11-21,AAPL,408.0,63.10039138793945,25744.959686279297,0.2604309199954559,61.425201416015625,683.4775085449219
2019-11-21,BKNG,314.0,73.55824279785156,23097.28823852539,0.23364759932272103,79.79021453857422,-1956.839126586914
2019-11-21,ORLY,861.0,28.996000289916992,24965.55624961853,0.25254662899128855,29.134000778198242,-118.81842041015625
2019-11-22,AAPL,408.0,63.04498291015625,25722.35302734375,0.2596244637863784,61.425201416015625,660.870849609375
2019-11-22,BKNG,314.0,73.72395324707031,23149.321319580078,0.23365397902072094,79.79021453857422,-1904.8060455322266
2019-11-22,ORLY,861.0,29.21733283996582,25156.12357521057,0.25390931720807514,29.134000778198242,71.74890518188477
2019-11-25,AAPL,408.0,64.15039825439453,26173.36248779297,0.2623684810226266,61.425201416015625,1111.8803100585938
2019-11-25,BKNG,314.0,74.5096664428711,23396.035263061523,0.23452784244990105,79.79021453857422,-1658.0921020507812
2019-11-25,ORLY,861.0,29.200000762939453,25141.20065689087,0.25202182679088164,29.134000778198242,56.82598686218262
2019-11-26,AAPL,408.0,63.649471282958984,25968.984283447266,0.2605364865372576,61.425201416015625,907.5021057128906
2019-11-26,BKNG,314.0,74.11386108398438,23271.752380371094,0.23347623205315793,79.79021453857422,-1782.374984741211
2019-11-26,ORLY,861.0,29.485332489013672,25386.87127304077,0.2546963783203334,29.134000778198242,302.49660301208496
2019-11-27,AAPL,408.0,64.5044174194336,26317.802307128906,0.26199377674544305,61.425201416015625,1256.3201293945312
2019-11-27,BKNG,314.0,74.85954284667969,23505.896453857422,0.23400124812341377,79.79021453857422,-1548.2309112548828
2019-11-27,ORLY,861.0,29.71066665649414,25580.883991241455,0.25465775337695884,29.134000778198242,496.50932121276855
2019-11-29,AAPL,408.0,64.36235046386719,26259.838989257812,0.2621522142973656,61.425201416015625,1198.3568115234375
2019-11-29,BKNG,314.0,74.76451110839844,23476.05648803711,0.2343616879687085,79.79021453857422,-1578.0708770751953
2019-11-29,ORLY,861.0,29.485332489013672,25386.87127304077,0.2534373695525053,29.134000778198242,302.49660301208496
2019-12-02,AAPL,783.0,63.6181640625,49813.0224609375,0.5003645383952361,62.4754708827227,894.728759765625
2019-12-02,BABA,266.0,186.4346160888672,49591.60787963867,0.49814046125050065,186.4346160888672,0.0
2019-12-03,AAPL,783.0,62.483848571777344,48924.85343170166,0.4976635150641793,62.4754708827227,6.559730529785156
2019-12-03,BABA,266.0,185.09555053710938,49235.416442871094,0.5008225614168322,186.4346160888672,-356.1914367675781
2019-12-04,AAPL,783.0,63.03533935546875,49356.67071533203,0.5013481938348001,62.4754708827227,438.37701416015625
2019-12-04,BABA,266.0,183.99392700195312,48942.38458251953,0.49714001687703313,186.4346160888672,-649.2232971191406
2019-12-05,AAPL,783.0,63.960140228271484,50080.78979873657,0.4970630296657854,62.4754708827227,1162.4960975646973
2019-12-05,BABA,266.0,189.9390106201172,50523.77682495117,0.5014597748896081,186.4346160888672,932.1689453125
2019-12-06,AAPL,783.0,65.19559478759766,51048.150718688965,0.49950142087643373,62.4754708827227,2129.85701751709
2019-12-06,BABA,266.0,191.7339324951172,51001.22604370117,0.49904226728319717,186.4346160888672,1409.6181640625
2019-12-09,AAPL,783.0,64.28287506103516,50333.49117279053,0.49989661117029266,62.4754708827227,1415.1974716186523
2019-12-09,BABA,266.0,188.74240112304688,50205.47869873047,0.4986252310120901,186.4346160888672,613.8708190917969
2019-12-10,AAPL,783.0,64.65855407714844,50627.64784240723,0.49921787217590075,62.4754708827227,1709.3541412353516
2019-12-10,BABA,266.0,190.36636352539062,50637.452697753906,0.49931455371714867,186.4346160888672,1045.8448181152344
2019-12-11,AAPL,783.0,65.2100601196289,51059.47707366943,0.4961844138099302,62.4754708827227,2141.1833724975586
2019-12-11,BABA,266.0,194.3455810546875,51695.924560546875,0.5023692660899771,186.4346160888672,2104.316680908203
2019-12-12,AAPL,783.0,65.37623596191406,51189.59275817871,0.4969912343834014,62.4754708827227,2271.299057006836
2019-12-12,BABA,266.0,194.21263122558594,51660.55990600586,0.5015637760181509,186.4346160888672,2068.9520263671875
2019-12-13,AAPL,783.0,66.26490783691406,51885.42283630371,0.4998673247363618,62.4754708827227,2967.129135131836
2019-12-13,BABA,266.0,194.6020050048828,51764.13333129883,0.49869881425555357,186.4346160888672,2172.5254516601562
2019-12-16,AAPL,783.0,67.39922332763672,52773.59186553955,0.5016169765896941,62.4754708827227,3855.298164367676
2019-12-16,BABA,266.0,196.55836486816406,52284.52505493164,0.4969683596164064,186.4346160888672,2692.9171752929688
2019-12-17,AAPL,783.0,67.53166198730469,52877.29133605957,0.5006545711953594,62.4754708827227,3958.9976348876953
2019-12-17,BABA,266.0,197.70748901367188,52590.19207763672,0.49793624821616816,186.4346160888672,2998.584197998047
2019-12-18,AAPL,783.0,67.37033081054688,52750.9690246582,0.49788659989785683,62.4754708827227,3832.675323486328
2019-12-18,BABA,266.0,199.4359588623047,53049.96505737305,0.5007086545608102,186.4346160888672,3458.357177734375
2019-12-19,AAPL,783.0,67.43773651123047,52803.74768829346,0.49798232501565065,62.4754708827227,3885.453987121582
2019-12-19,BABA,266.0,199.55941772460938,53082.805114746094,0.5006140637107542,186.4346160888672,3491.197235107422
2019-12-20,AAPL,783.0,67.298095703125,52694.408935546875,0.49496165685698224,62.4754708827227,3776.115234375
2019-12-20,BABA,266.0,201.57276916503906,53618.35659790039,0.5036403511443971,186.4346160888672,4026.7487182617188
2019-12-23,AAPL,783.0,68.39627075195312,53554.2799987793,0.4959959282837239,62.4754708827227,4635.986297607422
2019-12-23,BABA,266.0,204.02297973632812,54270.11260986328,0.5026256516305498,186.4346160888672,4678.504730224609
2019-12-24,AAPL,783.0,68.46131134033203,53605.20677947998,0.4968958939128611,62.4754708827227,4686.9130783081055
2019-12-24,BABA,266.0,203.4816436767578,54126.11721801758,0.5017244968332917,186.4346160888672,4534.509338378906
2019-12-26,AAPL,783.0,69.81961059570312,54668.75509643555,0.4993526350482404,62.4754708827227,5750.461395263672
2019-12-26,BABA,266.0,205.4949951171875,54661.668701171875,0.4992879068476135,186.4346160888672,5070.060821533203
2019-12-27,AAPL,783.0,69.79308319091797,54647.98413848877,0.500308341004129,62.4754708827227,5729.6904373168945
2019-12-27,BABA,266.0,204.63079833984375,54431.79235839844,0.49832908133808873,186.4346160888672,4840.184478759766
2019-12-30,AAPL,783.0,70.20734405517578,54972.35039520264,0.5047675322550651,62.4754708827227,6054.056694030762
2019-12-30,BABA,266.0,202.1995849609375,53785.089599609375,0.49386585718338954,186.4346160888672,4193.481719970703
2019-12-31,AAPL,783.0,70.72029113769531,55373.98796081543,0.5075372987656684,62.4754708827227,6455.694259643555
2019-12-31,BABA,266.0,201.43032836914062,53580.467346191406,0.49109855845548955,186.4346160888672,3988.8594665527344
2020-01-02,BABA,135.0,208.7144775390625,28176.454467773438,0.25167834267830086,186.4346160888672,3007.781295776367
2020-01-02,RMD,190.0,147.53623962402344,28031.885528564453,0.25038702083848274,147.53623962402344,0.0
2020-01-02,TSLA,977.0,28.68400001525879,28024.268014907837,0.25031897951644133,28.68400001525879,0.0
2020-01-03,BABA,135.0,206.0838165283203,27821.315231323242,0.24778006480466686,186.4346160888672,2652.642059326172
2020-01-03,RMD,190.0,146.76129150390625,27884.645385742188,0.24834409097077526,147.53623962402344,-147.24014282226562
2020-01-03,TSLA,977.0,29.534000396728516,28854.71838760376,0.256983680769747,28.68400001525879,830.4503726959229
2020-01-06,BABA,135.0,205.74192810058594,27775.1602935791,0.2459619736987484,186.4346160888672,2606.4871215820312
2020-01-06,RMD,190.0,147.46066284179688,28017.525939941406,0.24810823431816328,147.53623962402344,-14.359588623046875
2020-01-06,TSLA,977.0,30.1026668548584,29410.305517196655,0.2604419458117457,28.68400001525879,1386.0375022888184
2020-01-07,BABA,135.0,206.68212890625,27902.08740234375,0.24468074800371553,186.4346160888672,2733.4142303466797
2020-01-07,RMD,190.0,146.62904357910156,27859.518280029297,0.24430744816633895,147.53623962402344,-172.36724853515625
2020-01-07,TSLA,977.0,31.270666122436523,30551.440801620483,0.26791362524740037,28.68400001525879,2527.1727867126465
2020-01-08,BABA,135.0,207.03350830078125,27949.52362060547,0.24138848111711347,186.4346160888672,2780.8504486083984
2020-01-08,RMD,190.0,147.68748474121094,28060.622100830078,0.24234799276245927,147.53623962402344,28.736572265625
2020-01-08,TSLA,977.0,32.80933380126953,32054.719123840332,0.27684335758177364,28.68400001525879,4030.451108932495
2020-01-09,BABA,135.0,210.6233673095703,28434.154586791992,0.24553922456579239,186.4346160888672,3265.481414794922
2020-01-09,RMD,190.0,148.92552185058594,28295.849151611328,0.24434490703460512,147.53623962402344,263.963623046875
2020-01-09,TSLA,977.0,32.089332580566406,31351.27793121338,0.2707296413149759,28.68400001525879,3327.009916305542
2020-01-10,BABA,135.0,212.5702362060547,28696.981887817383,0.24795623332765934,186.4346160888672,3528.3087158203125
2020-01-10,RMD,190.0,148.27345275878906,28171.956024169922,0.24341974806037442,147.53623962402344,140.07049560546875
2020-01-10,TSLA,977.0,31.876667022705078,31143.50368118286,0.2690954015861327,28.68400001525879,3119.2356662750244
2020-01-13,BABA,135.0,218.88571166992188,29549.571075439453,0.24649943571617458,186.4346160888672,4380.897903442383
2020-01-13,RMD,190.0,149.5776824951172,28419.759674072266,0.2370746670049228,147.53623962402344,387.8741455078125
2020-01-13,TSLA,977.0,34.990665435791016,34185.88013076782,0.2851750416336536,28.68400001525879,6161.612115859985
2020-01-14,BABA,135.0,215.096435546875,29038.018798828125,0.2415308247252934,186.4346160888672,3869.3456268310547
2020-01-14,RMD,190.0,149.62493896484375,28428.738403320312,0.23646298599168483,147.53623962402344,396.8528747558594
2020-01-14,TSLA,977.0,35.861331939697266,35036.52130508423,0.2914248366925026,28.68400001525879,7012.253290176392
2020-01-15,BABA,135.0,213.73834228515625,28854.676208496094,0.24278538804628164,186.4346160888672,3686.0030364990234
2020-01-15,RMD,190.0,150.00294494628906,28500.559539794922,0.2398058241030565,147.53623962402344,468.67401123046875
2020-01-15,TSLA,977.0,34.56666564941406,33771.63233947754,0.2841570220109482,28.68400001525879,5747.364324569702
2020-01-16,BABA,135.0,212.67469787597656,28711.084213256836,0.24179891644387572,186.4346160888672,3542.4110412597656
2020-01-16,RMD,190.0,151.90257263183594,28861.488800048828,0.24306559330791766,147.53623962402344,829.603271484375
2020-01-16,TSLA,977.0,34.232666015625,33445.314697265625,0.2816696434678427,28.68400001525879,5421.046682357788
2020-01-17,BABA,135.0,215.98912048339844,29158.53126525879,0.24510490504508362,186.4346160888672,3989.8580932617188
2020-01-17,RMD,190.0,151.75135803222656,28832.758026123047,0.24236647428812255,147.53623962402344,800.8724975585938
2020-01-17,TSLA,977.0,34.03333282470703,33250.56616973877,0.2795023106475647,28.68400001525879,5226.298154830933
2020-01-21,BABA,135.0,211.07920837402344,28495.693130493164,0.2356242110615513,186.4346160888672,3327.0199584960938
2020-01-21,RMD,190.0,153.04611206054688,29078.761291503906,0.24044546509471781,147.53623962402344,1046.8757629394531
2020-01-21,TSLA,977.0,36.47999954223633,35640.95955276489,0.2947067452488231,28.68400001525879,7616.691537857056
2020-01-22,BABA,135.0,211.1836700439453,28509.795455932617,0.23207817730252037,186.4346160888672,3341.122283935547
2020-01-22,RMD,190.0,155.35208129882812,29516.895446777344,0.24027626944940714,147.53623962402344,1485.0099182128906
2020-01-22,TSLA,977.0,37.97066879272461,37097.34341049194,0.3019833605884774,28.68400001525879,9073.075395584106
2020-01-23,BABA,135.0,208.10667419433594,28094.40101623535,0.23015874866444405,186.4346160888672,2925.7278442382812
2020-01-23,RMD,190.0,152.52633666992188,28980.003967285156,0.23741390483984612,147.53623962402344,948.1184387207031
2020-01-23,TSLA,977.0,38.14666748046875,37269.29412841797,0.3053225479072066,28.68400001525879,9245.026113510132
2020-01-24,BABA,135.0,202.997314453125,27404.637451171875,0.2263453861066856,186.4346160888672,2235.9642791748047
2020-01-24,RMD,190.0,153.4713592529297,29159.55825805664,0.24083994850798465,147.53623962402344,1127.6727294921875
2020-01-24,TSLA,977.0,37.654666900634766,36788.609561920166,0.3038512022082908,28.68400001525879,8764.34154701233
2020-01-27,BABA,135.0,195.1338348388672,26343.06770324707,0.2209023175580179,186.4346160888672,1174.39453125
2020-01-27,RMD,190.0,151.7985382080078,28841.722259521484,0.24185502467913592,147.53623962402344,809.8367309570312
2020-01-27,TSLA,977.0,37.201332092285156,36345.7014541626,0.30478036100202166,28.68400001525879,8321.43343925476
2020-01-28,BABA,135.0,199.65438842773438,26953.34243774414,0.22289856302279706,186.4346160888672,1784.6692657470703
2020-01-28,RMD,190.0,154.33139038085938,29322.96417236328,0.2424948442919635,147.53623962402344,1291.0786437988281
2020-01-28,TSLA,977.0,37.793331146240234,36924.08452987671,0.3053545363307693,28.68400001525879,8899.816514968872
2020-01-29,BABA,135.0,201.35433959960938,27182.835845947266,0.22185483920990073,186.4346160888672,2014.1626739501953
2020-01-29,RMD,190.0,156.7318572998047,29779.05288696289,0.24304406749545507,147.53623962402344,1747.1673583984375
2020-01-29,TSLA,977.0,38.732666015625,37841.814697265625,0.30884892814906234,28.68400001525879,9817.546682357788
2020-01-30,BABA,135.0,198.08740234375,26741.79931640625,0.21239031220111695,186.4346160888672,1573.1261444091797
2020-01-30,RMD,190.0,156.35389709472656,29707.240447998047,0.2359426154811139,147.53623962402344,1675.3549194335938
2020-01-30,TSLA,977.0,42.72066879272461,41738.09341049194,0.3314947728552873,28.68400001525879,13713.825395584106
2020-01-31,BABA,135.0,196.19749450683594,26486.66175842285,0.2116773407355235,186.4346160888672,1317.9885864257812
2020-01-31,RMD,190.0,150.2392120361328,28545.450286865234,0.22813086307111566,147.53623962402344,513.5647583007812
2020-01-31,TSLA,977.0,43.371334075927734,42373.7933921814,0.3386448614756482,28.68400001525879,14349.52537727356
2020-02-03,BABA,166.0,202.38002014160156,33595.08334350586,0.24930153671373456,189.41237226738988,2152.629547119137
2020-02-03,FICO,81.0,415.8299865722656,33682.228912353516,0.24994822432600725,415.8299865722656,0.0
2020-02-03,GOOG,457.0,73.69198608398438,33677.23764038086,0.2499111852223915,73.69198608398438,0.0
2020-02-04,BABA,166.0,211.66802978515625,35136.89294433594,0.2585811318207364,189.41237226738988,3694.439147949215
2020-02-04,FICO,81.0,421.5799865722656,34147.978912353516,0.2513034675699864,415.8299865722656,465.75
2020-02-04,GOOG,457.0,71.76431274414062,32796.290924072266,0.24135605957258685,73.69198608398438,-880.9467163085938
2020-02-05,BABA,166.0,209.14183044433594,34717.543853759766,0.25789672167555583,189.41237226738988,3275.0900573730432
2020-02-05,FICO,81.0,410.80999755859375,33275.609802246094,0.24718542060183496,415.8299865722656,-406.6191101074219
2020-02-05,GOOG,457.0,71.82184600830078,32822.58362579346,0.24382014896186857,73.69198608398438,-854.6540145874023
2020-02-06,BABA,166.0,209.78761291503906,34824.743743896484,0.2568281484290054,189.41237226738988,3382.289947509762
2020-02-06,FICO,81.0,413.7200012207031,33511.32009887695,0.2471418126060071,415.8299865722656,-170.9088134765625
2020-02-06,GOOG,457.0,73.21044158935547,33457.17180633545,0.24674247569153335,73.69198608398438,-220.06583404541016
2020-02-07,BABA,166.0,205.637451171875,34135.81689453125,0.25231801104804985,189.41237226738988,2693.3630981445276
2020-02-07,FICO,81.0,417.6000061035156,33825.600494384766,0.2500250181684218,415.8299865722656,143.37158203125
2020-02-07,GOOG,457.0,73.35923767089844,33525.171615600586,0.24780437064765415,73.69198608398438,-152.06602478027344
2020-02-10,BABA,166.0,204.9156951904297,34016.00540161133,0.2501025683149142,189.41237226738988,2573.5516052246057
2020-02-10,FICO,81.0,419.7200012207031,33997.32009887695,0.24996518468775297,415.8299865722656,315.0911865234375
2020-02-10,GOOG,457.0,74.81974029541016,34192.62131500244,0.25140113623971555,73.69198608398438,515.383674621582
2020-02-11,BABA,166.0,206.2832489013672,34243.01931762695,0.2525442464047966,189.41237226738988,2800.5655212402307
2020-02-11,FICO,81.0,411.75,33351.75,0.24597108367997958,415.8299865722656,-330.4789123535156
2020-02-11,GOOG,457.0,74.8251953125,34195.1142578125,0.2521909438201852,73.69198608398438,517.8766174316406
2020-02-12,BABA,166.0,213.02609252929688,35362.33135986328,0.258438500612381,189.41237226738988,3919.877563476559
2020-02-12,FICO,81.0,410.57000732421875,33256.17059326172,0.2430460474104144,415.8299865722656,-426.0583190917969
2020-02-12,GOOG,457.0,75.29532623291016,34409.96408843994,0.2514783155738371,73.69198608398438,732.726448059082
2020-02-13,BABA,166.0,209.2747802734375,34739.613525390625,0.2540646525244317,189.41237226738988,3297.1597290039026
2020-02-13,FICO,81.0,418.0899963378906,33865.28970336914,0.24767037361648225,415.8299865722656,183.060791015625
2020-02-13,GOOG,457.0,75.11630249023438,34328.15023803711,0.2510554573573172,73.69198608398438,650.91259765625
2020-02-14,BABA,166.0,208.58151245117188,34624.53106689453,0.2522114620683303,189.41237226738988,3182.077270507809
2020-02-14,FICO,81.0,424.5799865722656,34390.978912353516,0.25051022515476185,415.8299865722656,708.75
2020-02-14,GOOG,457.0,75.41783142089844,34465.948959350586,0.25105632078643786,73.69198608398438,788.7113189697266
2020-02-18,BABA,166.0,209.42674255371094,34764.839263916016,0.2521322344493155,189.41237226738988,3322.3854675292932
2020-02-18,FICO,81.0,430.54998779296875,34874.54901123047,0.25292790514180086,415.8299865722656,1192.3200988769531
2020-02-18,GOOG,457.0,75.36476135253906,34441.69593811035,0.24978863526957376,73.69198608398438,764.4582977294922
2020-02-19,BABA,166.0,210.9652557373047,35020.23245239258,0.25304096063831494,189.41237226738988,3577.7786560058557
2020-02-19,FICO,81.0,431.7799987792969,34974.17990112305,0.2527082049426202,415.8299865722656,1291.9509887695312
2020-02-19,GOOG,457.0,75.71290588378906,34600.7979888916,0.2500103097220658,73.69198608398438,923.5603485107422
2020-02-20,BABA,166.0,207.0714874267578,34373.8669128418,0.25161469747842935,189.41237226738988,2931.4131164550745
2020-02-20,FICO,81.0,420.1199951171875,34029.71960449219,0.24909555928842103,415.8299865722656,347.4906921386719
2020-02-20,GOOG,457.0,75.28939056396484,34407.25148773193,0.25185907061610185,73.69198608398438,730.0138473510742
2020-02-21,BABA,166.0,201.89566040039062,33514.679626464844,0.24984243151289012,189.41237226738988,2072.2258300781214
2020-02-21,FICO,81.0,409.4800109863281,33167.88088989258,0.24725714528737616,415.8299865722656,-514.3480224609375
2020-02-21,GOOG,457.0,73.65083312988281,33658.430740356445,0.25091405529768096,73.69198608398438,-18.806900024414062
2020-02-24,BABA,166.0,195.78912353515625,32500.994506835938,0.24783132524373908,189.41237226738988,1058.540710449215
2020-02-24,FICO,81.0,402.7099914550781,32619.509307861328,0.2487350415959554,415.8299865722656,-1062.7196044921875
2020-02-24,GOOG,457.0,70.50068664550781,32218.81379699707,0.2456795997246053,73.69198608398438,-1458.423843383789
2020-02-25,BABA,166.0,195.2667999267578,32414.288787841797,0.2506806983482924,189.41237226738988,971.8349914550745
2020-02-25,FICO,81.0,390.3800048828125,31620.780395507812,0.24454398378893655,415.8299865722656,-2061.448516845703
2020-02-25,GOOG,457.0,68.8572006225586,31467.740684509277,0.24336042854022402,73.69198608398438,-2209.496955871582
2020-02-26,BABA,166.0,198.23934936523438,32907.731994628906,0.25332327012753075,189.41237226738988,1465.2781982421839
2020-02-26,FICO,81.0,390.3599853515625,31619.158813476562,0.24340385142977838,415.8299865722656,-2063.070098876953
2020-02-26,GOOG,457.0,69.09176635742188,31574.937225341797,0.24306343425006025,73.69198608398438,-2102.3004150390625
2020-02-27,BABA,166.0,194.71597290039062,32322.851501464844,0.2572403726657181,189.41237226738988,880.3977050781214
2020-02-27,FICO,81.0,366.1000061035156,29654.100494384766,0.23600120372722952,415.8299865722656,-4028.12841796875
2020-02-27,GOOG,457.0,65.36783599853516,29873.101051330566,0.23774411260642245,73.69198608398438,-3804.136589050293
2020-02-28,BABA,166.0,197.53656005859375,32791.06896972656,0.2573740877945821,189.41237226738988,1348.61517333984
2020-02-28,FICO,81.0,376.0299987792969,30458.429901123047,0.23906541804703282,415.8299865722656,-3223.7990112304688
2020-02-28,GOOG,457.0,66.42118835449219,30354.48307800293,0.23824954898206321,73.69198608398438,-3322.7545623779297
2020-03-02,BABA,130.0,200.3666534423828,26047.664947509766,0.20089548040093305,189.41237226738988,1424.0565527490799
2020-03-02,JD,683.0,37.938114166259766,25911.73197555542,0.1998470824060216,37.938114166259766,0.0
2020-03-03,BABA,130.0,196.9762420654297,25606.91146850586,0.19987295263745075,189.41237226738988,983.3030737451736
2020-03-03,JD,683.0,36.32596206665039,24810.632091522217,0.1936576497729184,37.938114166259766,-1101.0998840332031
2020-03-04,BABA,130.0,201.29736328125,26168.6572265625,0.2010749096689662,189.41237226738988,1545.0488318018142
2020-03-04,JD,683.0,38.472572326660156,26276.766899108887,0.20190560351975886,37.938114166259766,365.0349235534668
2020-03-05,BABA,130.0,200.822509765625,26106.92626953125,0.2000423863858962,189.41237226738988,1483.3178747705642
2020-03-05,JD,683.0,39.09465408325195,26701.648738861084,0.20459940320104306,37.938114166259766,789.9167633056641
2020-03-06,BABA,130.0,194.3455810546875,25264.925537109375,0.19708529017150686,189.41237226738988,641.3171423486892
2020-03-06,JD,683.0,36.93928146362305,25229.52923965454,0.19680917261301115,37.938114166259766,-682.2027359008789
2020-03-09,BABA,130.0,187.7167205810547,24403.17367553711,0.1936995842189693,189.41237226738988,-220.4347192235764
2020-03-09,JD,683.0,34.967899322509766,23883.07523727417,0.18957131579847872,37.938114166259766,-2028.65673828125
2020-03-10,BABA,130.0,196.00755310058594,25480.981903076172,0.198769729094019,189.41237226738988,857.3735083154861
2020-03-10,JD,683.0,36.62385559082031,25014.093368530273,0.195127667423013,37.938114166259766,-897.6386070251465
2020-03-11,BABA,130.0,188.90383911132812,24557.499084472656,0.19320120375022967,189.41237226738988,-66.10931028802952
2020-03-11,JD,683.0,36.387290954589844,24852.519721984863,0.1955222195060465,37.938114166259766,-1059.2122535705566
2020-03-12,BABA,130.0,175.78855895996094,22852.512664794922,0.18512065571298295,189.41237226738988,-1771.095729965764
2020-03-12,JD,683.0,33.522216796875,22895.674072265625,0.18547029201642456,37.938114166259766,-3016.057903289795
2020-03-13,BABA,130.0,184.24082946777344,23951.307830810547,0.19097932213245278,189.41237226738988,-672.3005639501389
2020-03-13,JD,683.0,34.79266357421875,23763.389221191406,0.18948092509565423,37.938114166259766,-2148.3427543640137
2020-03-16,BABA,130.0,169.8529510498047,22080.88363647461,0.18268635966979965,189.41237226738988,-2542.7247582860764
2020-03-16,JD,683.0,30.876190185546875,21088.437896728516,0.1744753522504896,37.938114166259766,-4823.294078826904
2020-03-17,BABA,130.0,175.5131378173828,22816.707916259766,0.18480358064015148,189.41237226738988,-1806.9004785009201
2020-03-17,JD,683.0,33.601078033447266,22949.536296844482,0.18587942209952327,37.938114166259766,-2962.1956787109375
2020-03-18,BABA,130.0,170.94509887695312,22222.862854003906,0.18143805133793628,189.41237226738988,-2400.7455407567795
2020-03-18,JD,683.0,33.03156661987305,22560.56000137329,0.184195171910727,37.938114166259766,-3351.171974182129
2020-03-19,BABA,130.0,171.7808380126953,22331.50894165039,0.1826002765720527,189.41237226738988,-2292.099453110295
2020-03-19,JD,683.0,32.602237701416016,22267.32835006714,0.18207548472729732,37.938114166259766,-3644.4036254882812
2020-03-20,BABA,130.0,172.17971801757812,22383.363342285156,0.18254492449202736,189.41237226738988,-2240.2450524755295
2020-03-20,JD,683.0,32.996517181396484,22536.6212348938,0.18379480146566343,37.938114166259766,-3375.110740661621
2020-03-23,BABA,130.0,167.46922302246094,21770.998992919922,0.17761439410356927,189.41237226738988,-2852.609401840764
2020-03-23,JD,683.0,33.82887649536133,23105.122646331787,0.18849857835423456,37.938114166259766,-2806.609329223633
2020-03-24,BABA,130.0,176.40585327148438,22932.76092529297,0.18320926554666958,189.41237226738988,-1690.847469467717
2020-03-24,JD,683.0,35.931678771972656,24541.336601257324,0.1960601372375976,37.938114166259766,-1370.3953742980957
2020-03-25,BABA,130.0,179.07449340820312,23279.684143066406,0.1851666435253949,189.41237226738988,-1343.9242516942795
2020-03-25,JD,683.0,36.229576110839844,24744.800483703613,0.1968201811551484,37.938114166259766,-1166.9314918518066
2020-03-26,BABA,130.0,185.4944305419922,24114.275970458984,0.18994732897509398,189.41237226738988,-509.3324243017014
2020-03-26,JD,683.0,36.8078498840332,25139.761470794678,0.19802504326890386,37.938114166259766,-771.9705047607422
2020-03-27,BABA,130.0,179.10296630859375,23283.385620117188,0.18625444829808005,189.41237226738988,-1340.2227746434983
2020-03-27,JD,683.0,35.17818069458008,24026.697414398193,0.19220053923245198,37.938114166259766,-1885.0345611572266
2020-03-30,BABA,130.0,181.64816284179688,23614.261169433594,0.18818697508829857,189.41237226738988,-1009.347225327092
2020-03-30,JD,683.0,35.38845443725586,24170.314380645752,0.19261827916575155,37.938114166259766,-1741.417594909668
2020-03-31,BABA,130.0,184.69668579101562,24010.56915283203,0.19064312301876737,189.41237226738988,-613.0392419286545
2020-03-31,JD,683.0,35.48483657836914,24236.143383026123,0.19243417492774237,37.938114166259766,-1675.5885925292969
2020-04-01,QGEN,625.0,40.05087661743164,25031.797885894775,0.200107304281068,40.05087661743164,0.0
2020-04-01,VRTX,111.0,225.47999572753906,25028.279525756836,0.20007917807271883,225.47999572753906,0.0
2020-04-02,QGEN,625.0,39.9313850402832,24957.115650177002,0.1967161391447539,40.05087661743164,-74.68223571777344
2020-04-02,VRTX,111.0,242.16000366210938,26879.76040649414,0.2118707450980637,225.47999572753906,1851.4808807373047
2020-04-03,QGEN,625.0,40.100669860839844,25062.918663024902,0.19805205749714516,40.05087661743164,31.120777130126953
2020-04-03,VRTX,111.0,238.30999755859375,26452.409729003906,0.20903208612792992,225.47999572753906,1424.1302032470703
2020-04-06,QGEN,625.0,39.83180618286133,24894.87886428833,0.19408945056266844,40.05087661743164,-136.9190216064453
2020-04-06,VRTX,111.0,255.3000030517578,28338.300338745117,0.22093560577701385,225.47999572753906,3310.0208129882812
2020-04-07,QGEN,625.0,40.04092025756836,25025.575160980225,0.19620401321954123,40.05087661743164,-6.222724914550781
2020-04-07,VRTX,111.0,247.6699981689453,27491.36979675293,0.2155361884123879,225.47999572753906,2463.0902709960938
2020-04-08,QGEN,625.0,39.32394790649414,24577.467441558838,0.1930346605953818,40.05087661743164,-454.3304443359375
2020-04-08,VRTX,111.0,249.66000366210938,27712.26040649414,0.21765573668721108,225.47999572753906,2683.9808807373047
2020-04-09,QGEN,625.0,39.642601013183594,24776.625633239746,0.19481215639374425,40.05087661743164,-255.1722526550293
2020-04-09,VRTX,111.0,246.61000061035156,27373.710067749023,0.21523235511300073,225.47999572753906,2345.4305419921875
2020-04-13,QGEN,625.0,39.523109436035156,24701.943397521973,0.1933815421476156,40.05087661743164,-329.85448837280273
2020-04-13,VRTX,111.0,252.27999877929688,28003.079864501953,0.21922480680704157,225.47999572753906,2974.800338745117
2020-04-14,QGEN,625.0,40.03096389770508,25019.352436065674,0.19368022829912984,40.05087661743164,-12.445449829101562
2020-04-14,VRTX,111.0,262.4100036621094,29127.51040649414,0.22548236928717993,225.47999572753906,4099.230880737305
2020-04-15,QGEN,625.0,39.96125793457031,24975.786209106445,0.19460926742635806,40.05087661743164,-56.01167678833008
2020-04-15,VRTX,111.0,255.22999572753906,28330.529525756836,0.22074915082345256,225.47999572753906,3302.25
2020-04-16,QGEN,625.0,40.03096389770508,25019.352436065674,0.19328991765633674,40.05087661743164,-12.445449829101562
2020-04-16,VRTX,111.0,264.760009765625,29388.361083984375,0.22704320219693477,225.47999572753906,4360.081558227539
2020-04-17,QGEN,625.0,40.38945007324219,25243.406295776367,0.1937385289078963,40.05087661743164,211.6084098815918
2020-04-17,VRTX,111.0,270.4599914550781,30021.059051513672,0.23040614046886748,225.47999572753906,4992.779525756836
2020-04-20,QGEN,625.0,40.50894546508789,25318.09091567993,0.1937385365827166,40.05087661743164,286.29302978515625
2020-04-20,VRTX,111.0,273.260009765625,30331.861083984375,0.23210479802021713,225.47999572753906,5303.581558227539
2020-04-21,QGEN,625.0,41.265750885009766,25791.094303131104,0.1984026625018584,40.05087661743164,759.2964172363281
2020-04-21,VRTX,111.0,262.79998779296875,29170.79864501953,0.2244016500600695,225.47999572753906,4142.519119262695
2020-04-22,QGEN,625.0,41.783565521240234,26114.728450775146,0.19927819078011802,40.05087661743164,1082.930564880371
2020-04-22,VRTX,111.0,269.3699951171875,29900.069458007812,0.2281636493759827,225.47999572753906,4871.789932250977
2020-04-23,QGEN,625.0,41.693939208984375,26058.712005615234,0.19918219676648066,40.05087661743164,1026.914119720459
2020-04-23,VRTX,111.0,267.9100036621094,29738.01040649414,0.22730525741078814,225.47999572753906,4709.730880737305
2020-04-24,QGEN,625.0,41.106422424316406,25691.514015197754,0.19660202364403825,40.05087661743164,659.7161293029785
2020-04-24,VRTX,111.0,269.8599853515625,29954.458374023438,0.22922382581308473,225.47999572753906,4926.178848266602
2020-04-27,QGEN,625.0,41.41511917114258,25884.44948196411,0.19801315455831092,40.05087661743164,852.6515960693359
2020-04-27,VRTX,111.0,268.510009765625,29804.611083984375,0.22800195403945378,225.47999572753906,4776.331558227539
2020-04-28,QGEN,625.0,41.11637878417969,25697.736740112305,0.1988187276188671,40.05087661743164,665.9388542175293
2020-04-28,VRTX,111.0,256.9599914550781,28522.559051513672,0.22067386542271683,225.47999572753906,3494.279525756836
2020-04-29,QGEN,625.0,41.4748649597168,25921.790599822998,0.20122467576969685,40.05087661743164,889.9927139282227
2020-04-29,VRTX,111.0,251.0500030517578,27866.550338745117,0.21632138162447048,225.47999572753906,2838.2708129882812
2020-04-30,QGEN,625.0,41.51469802856445,25946.686267852783,0.2013529977839082,40.05087661743164,914.8883819580078
2020-04-30,VRTX,111.0,251.1999969482422,27883.199661254883,0.21638084268806865,225.47999572753906,2854.920135498047
2020-05-01,QGEN,623.0,41.49478530883789,25851.251247406006,0.20020422796258322,40.05087661743164,899.5551147460938
2020-05-01,GILD,406.0,63.63871765136719,25837.319366455078,0.20009633293486664,63.63871765136719,0.0
2020-05-04,QGEN,623.0,41.24583435058594,25696.15480041504,0.19909274041908903,40.05087661743164,744.458667755127
2020-05-04,GILD,406.0,63.87751388549805,25934.270637512207,0.200937652037698,63.63871765136719,96.9512710571289
2020-05-05,QGEN,623.0,41.594364166259766,25913.288875579834,0.2009955727258872,40.05087661743164,961.5927429199219
2020-05-05,GILD,406.0,62.99397659301758,25575.554496765137,0.1983759471266429,63.63871765136719,-261.7648696899414
2020-05-06,QGEN,623.0,41.73377227783203,26000.140129089355,0.20238007168806327,40.05087661743164,1048.4439964294434
2020-05-06,GILD,406.0,61.66469955444336,25035.868019104004,0.1948743637273858,63.63871765136719,-801.4513473510742
2020-05-07,QGEN,623.0,42.35116958618164,26384.778652191162,0.20468911356063488,40.05087661743164,1433.08251953125
2020-05-07,GILD,406.0,61.77613067626953,25081.10905456543,0.19457544242351507,63.63871765136719,-756.2103118896484
2020-05-08,QGEN,623.0,42.649906158447266,26570.891536712646,0.20589761525453962,40.05087661743164,1619.1954040527344
2020-05-08,GILD,406.0,61.680606842041016,25042.326377868652,0.1940527766825143,63.63871765136719,-794.9929885864258
2020-05-11,QGEN,623.0,42.719608306884766,26614.31597518921,0.20447045039621772,40.05087661743164,1662.6198425292969
2020-05-11,GILD,406.0,64.3153076171875,26112.014892578125,0.20061140969452387,63.63871765136719,274.6955261230469
2020-05-12,QGEN,623.0,42.56028366088867,26515.056720733643,0.2053172840053767,40.05087661743164,1563.3605880737305
2020-05-12,GILD,406.0,62.04673767089844,25190.975494384766,0.19506436378499942,63.63871765136719,-646.3438720703125
2020-05-13,QGEN,623.0,42.66981887817383,26583.297161102295,0.20619596127477902,40.05087661743164,1631.6010284423828
2020-05-13,GILD,406.0,61.33833312988281,24903.363250732422,0.19316538852725415,63.63871765136719,-933.9561157226562
2020-05-14,QGEN,623.0,42.11217498779297,26235.88501739502,0.20396393113325023,40.05087661743164,1284.1888847351074
2020-05-14,GILD,406.0,61.47365951538086,24958.30576324463,0.19403172999583754,63.63871765136719,-879.0136032104492
2020-05-15,QGEN,623.0,41.88314437866211,26093.198947906494,0.20357659573438708,40.05087661743164,1141.502815246582
2020-05-15,GILD,406.0,60.701560974121094,24644.833755493164,0.19227659162832314,63.63871765136719,-1192.485610961914
2020-05-18,QGEN,623.0,42.14204788208008,26254.49583053589,0.20535324760585302,40.05087661743164,1302.7996978759766
2020-05-18,GILD,406.0,59.5075798034668,24160.07740020752,0.18897145801485843,63.63871765136719,-1677.2419662475586
2020-05-19,QGEN,623.0,42.07234191894531,26211.06901550293,0.20634589806263873,40.05087661743164,1259.3728828430176
2020-05-19,GILD,406.0,57.581302642822266,23378.00887298584,0.18404271237313513,63.63871765136719,-2459.3104934692383
2020-05-20,QGEN,623.0,42.95859909057617,26763.207233428955,0.208960282877517,40.05087661743164,1811.511100769043
2020-05-20,GILD,406.0,58.81508255004883,23878.923515319824,0.18644053267051308,63.63871765136719,-1958.395851135254
2020-05-21,QGEN,623.0,42.749481201171875,26632.926788330078,0.20836006197538565,40.05087661743164,1681.230655670166
2020-05-21,GILD,406.0,58.50465774536133,23752.8910446167,0.18582838790063136,63.63871765136719,-2084.428321838379
2020-05-22,QGEN,623.0,42.80923080444336,26670.150791168213,0.20867493226425357,40.05087661743164,1718.4546585083008
2020-05-22,GILD,406.0,58.377288818359375,23701.179260253906,0.18544484489207405,63.63871765136719,-2136.140106201172
2020-05-26,QGEN,623.0,43.078094482421875,26837.652862548828,0.20979543420965946,40.05087661743164,1885.956729888916
2020-05-26,GILD,406.0,58.24993896484375,23649.475219726562,0.18487279599166506,63.63871765136719,-2187.8441467285156
2020-05-27,QGEN,623.0,42.839107513427734,26688.76398086548,0.20796993588512888,40.05087661743164,1737.0678482055664
2020-05-27,GILD,406.0,59.61901092529297,24205.318435668945,0.18861789653332436,63.63871765136719,-1632.0009307861328
2020-05-28,QGEN,623.0,43.25733947753906,26949.322494506836,0.20935381315883178,40.05087661743164,1997.6263618469238
2020-05-28,GILD,406.0,59.95333480834961,24341.05393218994,0.1890916722692176,63.63871765136719,-1496.2654342651367
2020-05-29,QGEN,623.0,43.60586929321289,27166.45656967163,0.20936813975496174,40.05087661743164,2214.7604370117188
2020-05-29,GILD,406.0,61.95124053955078,25152.203659057617,0.19384456995079088,63.63871765136719,-685.1157073974609
2020-06-01,ABT,385.0,83.4193115234375,32116.434936523438,0.25003457231983295,83.4193115234375,0.0
2020-06-01,CDNS,350.0,91.68000030517578,32088.000106811523,0.2498131999757338,91.68000030517578,0.0
2020-06-01,RGEN,247.0,129.9600067138672,32100.121658325195,0.24990756932135277,129.9600067138672,0.0
2020-06-02,ABT,385.0,83.06954193115234,31981.773643493652,0.24715324508033176,83.4193115234375,-134.66129302978516
2020-06-02,CDNS,350.0,92.37999725341797,32332.99903869629,0.24986749405059216,91.68000030517578,244.99893188476562
2020-06-02,RGEN,247.0,133.3699951171875,32942.38879394531,0.25457682184483554,129.9600067138672,842.2671356201172
2020-06-03,ABT,385.0,81.975341796875,31560.506591796875,0.24725030435056086,83.4193115234375,-555.9283447265625
2020-06-03,CDNS,350.0,92.95999908447266,32535.99967956543,0.2548924808834728,91.68000030517578,447.99957275390625
2020-06-03,RGEN,247.0,127.1500015258789,31406.05037689209,0.2460402684459417,129.9600067138672,-694.0712814331055
2020-06-04,ABT,385.0,79.15013885498047,30472.80345916748,0.24446642071158123,83.4193115234375,-1643.631477355957
2020-06-04,CDNS,350.0,91.2699966430664,31944.498825073242,0.25627301733676194,91.68000030517578,-143.50128173828125
2020-06-04,RGEN,247.0,121.81999969482422,30089.539924621582,0.24139170969573218,129.9600067138672,-2010.5817337036133
2020-06-05,ABT,385.0,80.5941162109375,31028.734741210938,0.248495517910371,83.4193115234375,-1087.7001953125
2020-06-05,CDNS,350.0,91.4000015258789,31990.000534057617,0.25619387374199637,91.68000030517578,-97.99957275390625
2020-06-05,RGEN,247.0,120.26000213623047,29704.220527648926,0.23788806490837677,129.9600067138672,-2395.9011306762695
2020-06-08,ABT,385.0,83.01573944091797,31961.059684753418,0.25530103402295556,83.4193115234375,-155.37525177001953
2020-06-08,CDNS,350.0,92.12999725341797,32245.49903869629,0.2575731007783979,91.68000030517578,157.49893188476562
2020-06-08,RGEN,247.0,116.76000213623047,28839.720527648926,0.2303681587614617,129.9600067138672,-3260.4011306762695
2020-06-09,ABT,385.0,80.96185302734375,31170.313415527344,0.2508067081793697,83.4193115234375,-946.1215209960938
2020-06-09,CDNS,350.0,92.55999755859375,32395.999145507812,0.2606689831940859,91.68000030517578,307.99903869628906
2020-06-09,RGEN,247.0,115.66999816894531,28570.489547729492,0.22988766070505975,129.9600067138672,-3529.632110595703
2020-06-10,ABT,385.0,82.65696716308594,31822.932357788086,0.2521121071286882,83.4193115234375,-293.50257873535156
2020-06-10,CDNS,350.0,93.19000244140625,32616.500854492188,0.25839902700161604,91.68000030517578,528.5007476806641
2020-06-10,RGEN,247.0,120.01000213623047,29642.470527648926,0.23483774597524393,129.9600067138672,-2457.6511306762695
2020-06-11,ABT,385.0,78.72859191894531,30310.507888793945,0.24946696490046394,83.4193115234375,-1805.9270477294922
2020-06-11,CDNS,350.0,88.41000366210938,30943.50128173828,0.25467674037236393,91.68000030517578,-1144.4988250732422
2020-06-11,RGEN,247.0,113.77999877929688,28103.659698486328,0.23130376809584488,129.9600067138672,-3996.461959838867
2020-06-12,ABT,385.0,79.84073638916016,30738.68350982666,0.2498062178372361,83.4193115234375,-1377.7514266967773
2020-06-12,CDNS,350.0,89.45999908447266,31310.99967956543,0.2544572998435241,91.68000030517578,-777.0004272460938
2020-06-12,RGEN,247.0,116.83000183105469,28857.010452270508,0.2345142932639517,129.9600067138672,-3243.1112060546875
2020-06-15,ABT,385.0,80.31608581542969,30921.69303894043,0.2513789934276439,83.4193115234375,-1194.7418975830078
2020-06-15,CDNS,350.0,90.8499984741211,31797.499465942383,0.2584988926446745,91.68000030517578,-290.5006408691406
2020-06-15,RGEN,247.0,113.94999694824219,28145.64924621582,0.22881104757010742,129.9600067138672,-3954.472412109375
2020-06-16,ABT,385.0,80.48648071289062,30987.29507446289,0.24955039732603593,83.4193115234375,-1129.1398620605469
2020-06-16,CDNS,350.0,92.0199966430664,32206.998825073242,0.25937305383262826,91.68000030517578,118.99871826171875
2020-06-16,RGEN,247.0,116.73999786376953,28834.779472351074,0.23221551467601145,129.9600067138672,-3265.342185974121
2020-06-17,ABT,385.0,81.52689361572266,31387.854042053223,0.251033718375845,83.4193115234375,-728.5808944702148
2020-06-17,CDNS,350.0,93.06999969482422,32574.499893188477,0.2605242722699291,91.68000030517578,486.4997863769531
2020-06-17,RGEN,247.0,117.12000274658203,28928.64067840576,0.23136542649042724,129.9600067138672,-3171.4809799194336
2020-06-18,ABT,385.0,80.9708251953125,31173.767700195312,0.25081860645816384,83.4193115234375,-942.667236328125
2020-06-18,CDNS,350.0,93.7300033569336,32805.50117492676,0.26394724461891833,91.68000030517578,717.5010681152344
2020-06-18,RGEN,247.0,114.02999877929688,28165.409698486328,0.2266138914884303,129.9600067138672,-3934.711959838867
2020-06-19,ABT,385.0,81.32955932617188,31311.880340576172,0.25216735603627055,83.4193115234375,-804.5545959472656
2020-06-19,CDNS,350.0,91.9000015258789,32165.000534057617,0.2590378812564563,91.68000030517578,77.00042724609375
2020-06-19,RGEN,247.0,115.58999633789062,28550.729095458984,0.229930677768336,129.9600067138672,-3549.392562866211
2020-06-22,ABT,385.0,81.02459716796875,31194.46990966797,0.24801396506964746,83.4193115234375,-921.9650268554688
2020-06-22,CDNS,350.0,94.45999908447266,33060.99967956543,0.26285394954424607,91.68000030517578,972.9995727539062
2020-06-22,RGEN,247.0,118.94000244140625,29378.180603027344,0.2335734211540757,129.9600067138672,-2721.9410552978516
2020-06-23,ABT,385.0,81.8856430053711,31525.97255706787,0.24963499443847437,83.4193115234375,-590.4623794555664
2020-06-23,CDNS,350.0,94.55000305175781,33092.501068115234,0.2620393805501202,91.68000030517578,1004.5009613037109
2020-06-23,RGEN,247.0,119.54000091552734,29526.380226135254,0.23380143943845041,129.9600067138672,-2573.7414321899414
2020-06-24,ABT,385.0,78.2980728149414,30144.75803375244,0.24621983750399332,83.4193115234375,-1971.676902770996
2020-06-24,CDNS,350.0,91.98999786376953,32196.499252319336,0.26297828648109733,91.68000030517578,108.4991455078125
2020-06-24,RGEN,247.0,113.13999938964844,27945.579849243164,0.2282571358420355,129.9600067138672,-4154.541809082031
2020-06-25,ABT,385.0,80.37889099121094,30945.87303161621,0.2499530691438275,83.4193115234375,-1170.5619049072266
2020-06-25,CDNS,350.0,92.66000366210938,32431.00128173828,0.26194860611933823,91.68000030517578,343.0011749267578
2020-06-25,RGEN,247.0,114.5199966430664,28286.439170837402,0.22847254232180025,129.9600067138672,-3813.682487487793
2020-06-26,ABT,385.0,79.56270599365234,30631.641807556152,0.24624582989602514,83.4193115234375,-1484.7931289672852
2020-06-26,CDNS,350.0,93.83999633789062,32843.99871826172,0.2640308270870184,91.68000030517578,755.9986114501953
2020-06-26,RGEN,247.0,116.5,28775.5,0.23132442337534612,129.9600067138672,-3324.6216583251953
2020-06-29,ABT,385.0,79.83177185058594,30735.232162475586,0.2454804851258695,83.4193115234375,-1381.2027740478516
2020-06-29,CDNS,350.0,94.02999877929688,32910.499572753906,0.26285421753598465,91.68000030517578,822.4994659423828
2020-06-29,RGEN,247.0,119.08999633789062,29415.229095458984,0.2349376985431645,129.9600067138672,-2684.892562866211
2020-06-30,ABT,385.0,82.00223541259766,31570.860633850098,0.2469715943693247,83.4193115234375,-545.5743026733398
2020-06-30,CDNS,350.0,95.95999908447266,33585.99967956543,0.2627355644671998,91.68000030517578,1497.9995727539062
2020-06-30,RGEN,247.0,123.61000061035156,30531.670150756836,0.23884224580833574,129.9600067138672,-1568.4515075683594
2020-07-01,CDNS,660.0,97.06999969482422,64066.199798583984,0.5003357347380418,94.21166668516217,1886.4997863769531
2020-07-01,MELI,65.0,977.1400146484375,63514.10095214844,0.4960240261795851,977.1400146484375,0.0
2020-07-02,CDNS,660.0,97.81999969482422,64561.199798583984,0.49941125846561846,94.21166668516217,2381.499786376953
2020-07-02,MELI,65.0,988.4199829101562,64247.298889160156,0.49698308723122486,977.1400146484375,733.1979370117188
2020-07-06,CDNS,660.0,98.73999786376953,65168.39859008789,0.4998727831337121,94.21166668516217,2988.6985778808594
2020-07-06,MELI,65.0,995.9299926757812,64735.44952392578,0.496551856743931,977.1400146484375,1221.3485717773438
2020-07-07,CDNS,660.0,98.7699966430664,65188.19778442383,0.4971457706776199,94.21166668516217,3008.497772216797
2020-07-07,MELI,65.0,1007.239990234375,65470.599365234375,0.4992994542630585,977.1400146484375,1956.4984130859375
2020-07-08,CDNS,660.0,99.5999984741211,65735.99899291992,0.4973326677176323,94.21166668516217,3556.2989807128906
2020-07-08,MELI,65.0,1015.0,65975.0,0.499140855168334,977.1400146484375,2460.8990478515625
2020-07-09,CDNS,660.0,101.52999877929688,67009.79919433594,0.5015321768490112,94.21166668516217,4830.099182128906
2020-07-09,MELI,65.0,1017.4500122070312,66134.25079345703,0.49497916966634553,977.1400146484375,2620.1498413085938
2020-07-10,CDNS,660.0,100.97000122070312,66640.20080566406,0.4957047509082116,94.21166668516217,4460.500793457031
2020-07-10,MELI,65.0,1035.8299560546875,67328.94714355469,0.5008280072570129,977.1400146484375,3814.84619140625
2020-07-13,CDNS,660.0,98.20999908447266,64818.59939575195,0.5020309057278762,94.21166668516217,2638.899383544922
2020-07-13,MELI,65.0,981.969970703125,63828.048095703125,0.49435892004831483,977.1400146484375,313.9471435546875
2020-07-14,CDNS,660.0,99.02999877929688,65359.79919433594,0.5064810921218771,94.21166668516217,3180.0991821289062
2020-07-14,MELI,65.0,972.6300048828125,63220.95031738281,0.4899068901133625,977.1400146484375,-293.150634765625
2020-07-15,CDNS,660.0,99.11000061035156,65412.60040283203,0.506938175986242,94.21166668516217,3232.900390625
2020-07-15,MELI,65.0,971.6300048828125,63155.95031738281,0.4894494647729313,977.1400146484375,-358.150634765625
2020-07-16,CDNS,660.0,98.68000030517578,65128.800201416016,0.509713859015391,94.21166668516217,2949.1001892089844
2020-07-16,MELI,65.0,956.6199951171875,62180.29968261719,0.48663817555280575,977.1400146484375,-1333.80126953125
2020-07-17,CDNS,660.0,100.2300033569336,66151.80221557617,0.5115170732193884,94.21166668516217,3972.1022033691406
2020-07-17,MELI,65.0,964.719970703125,62706.798095703125,0.48487866934214274,977.1400146484375,-807.3028564453125
2020-07-20,CDNS,660.0,103.69999694824219,68441.99798583984,0.5050295780481635,94.21166668516217,6262.2979736328125
2020-07-20,MELI,65.0,1024.81005859375,66612.65380859375,0.4915309522755698,977.1400146484375,3098.5528564453125
2020-07-21,CDNS,660.0,103.58000183105469,68362.8012084961,0.5061758176949382,94.21166668516217,6183.1011962890625
2020-07-21,MELI,65.0,1018.9000244140625,66228.50158691406,0.49037291264917454,977.1400146484375,2714.400634765625
2020-07-22,CDNS,660.0,103.66999816894531,68422.1987915039,0.5062735662294588,94.21166668516217,6242.498779296875
2020-07-22,MELI,65.0,1019.3900146484375,66260.35095214844,0.49027749427317663,977.1400146484375,2746.25
2020-07-23,CDNS,660.0,102.94000244140625,67940.40161132812,0.513703659047509,94.21166668516217,5760.701599121094
2020-07-23,MELI,65.0,982.2999877929688,63849.49920654297,0.4827719676782606,977.1400146484375,335.39825439453125
2020-07-24,CDNS,660.0,102.58999633789062,67709.39758300781,0.5111691515006985,94.21166668516217,5529.697570800781
2020-07-24,MELI,65.0,988.989990234375,64284.349365234375,0.48531189897999966,977.1400146484375,770.2484130859375
2020-07-27,CDNS,660.0,105.2699966430664,69478.19778442383,0.4979698030374054,94.21166668516217,7298.497772216797
2020-07-27,MELI,65.0,1070.43994140625,69578.59619140625,0.49868938668442847,977.1400146484375,6064.4952392578125
2020-07-28,CDNS,660.0,104.05000305175781,68673.00201416016,0.5023241759184892,94.21166668516217,6493.302001953125
2020-07-28,MELI,65.0,1039.56005859375,67571.40380859375,0.4942662871619975,977.1400146484375,4057.3028564453125
2020-07-29,CDNS,660.0,105.97000122070312,69940.20080566406,0.4958347202773358,94.21166668516217,7760.500793457031
2020-07-29,MELI,65.0,1086.9100341796875,70649.15222167969,0.5008607671431015,977.1400146484375,7135.05126953125
2020-07-30,CDNS,660.0,107.6500015258789,71049.00100708008,0.4951059479931554,94.21166668516217,8869.300994873047
2020-07-30,MELI,65.0,1107.5,71987.5,0.5016458912294288,977.1400146484375,8473.399047851562
2020-07-31,CDNS,660.0,109.25,72105.0,0.494983850388644,94.21166668516217,9925.299987792969
2020-07-31,MELI,65.0,1124.6199951171875,73100.29968261719,0.5018163484011599,977.1400146484375,9586.19873046875
2020-08-03,MELI,65.0,1172.6199951171875,76220.29968261719,0.5078454232772746,977.1400146484375,12706.19873046875
2020-08-03,CTAS,1051.0,70.24462890625,73827.10498046875,0.49189989457221384,70.24462890625,0.0
2020-08-04,MELI,65.0,1173.9300537109375,76305.45349121094,0.5057109823427686,977.1400146484375,12791.3525390625
2020-08-04,CTAS,1051.0,70.92654418945312,74543.79794311523,0.49403568893953,70.24462890625,716.6929626464844
2020-08-05,MELI,65.0,1225.449951171875,79654.24682617188,0.5178286356851668,977.1400146484375,16140.145874023438
2020-08-05,CTAS,1051.0,70.53386688232422,74131.09409332275,0.4819228709796955,70.24462890625,303.9891128540039
2020-08-06,MELI,65.0,1219.9599609375,79297.3974609375,0.5141738960592573,977.1400146484375,15783.296508789062
2020-08-06,CTAS,1051.0,71.25337219238281,74887.29417419434,0.48557825406374944,70.24462890625,1060.189193725586
2020-08-07,MELI,65.0,1193.969970703125,77608.04809570312,0.5031037745148258,977.1400146484375,14093.947143554688
2020-08-07,CTAS,1051.0,72.8946304321289,76612.25658416748,0.4966484328282831,70.24462890625,2785.1516036987305
2020-08-10,MELI,65.0,1124.31005859375,73080.15380859375,0.4829837255177543,977.1400146484375,9566.052856445312
2020-08-10,CTAS,1051.0,74.39713287353516,78191.38665008545,0.5167636527773226,70.24462890625,4364.281669616699
2020-08-11,MELI,65.0,1100.010009765625,71500.65063476562,0.476013364819667,977.1400146484375,7986.5496826171875
2020-08-11,CTAS,1051.0,74.85095977783203,78668.35872650146,0.5237321592152715,70.24462890625,4841.253746032715
2020-08-12,MELI,65.0,1111.6400146484375,72256.60095214844,0.4774179819523095,977.1400146484375,8742.5
2020-08-12,CTAS,1051.0,75.21778869628906,79053.8959197998,0.5223294613663465,70.24462890625,5226.790939331055
2020-08-13,MELI,65.0,1157.050048828125,75208.25317382812,0.48812606525069285,977.1400146484375,11694.152221679688
2020-08-13,CTAS,1051.0,75.00379943847656,78828.99320983887,0.5116258476879827,70.24462890625,5001.888229370117
2020-08-14,MELI,65.0,1156.43994140625,75168.59619140625,0.48999091747913215,977.1400146484375,11654.495239257812
2020-08-14,CTAS,1051.0,74.40658569335938,78201.3215637207,0.5097599162756334,70.24462890625,4374.216583251953
2020-08-17,MELI,65.0,1189.8699951171875,77341.54968261719,0.4935471146171932,977.1400146484375,13827.44873046875
2020-08-17,CTAS,1051.0,75.47643280029297,79325.73087310791,0.5062089620389614,70.24462890625,5498.62589263916
2020-08-18,MELI,65.0,1208.6400146484375,78561.60095214844,0.49919390755239074,977.1400146484375,15047.5
2020-08-18,CTAS,1051.0,74.95442199707031,78777.0975189209,0.5005632097550888,70.24462890625,4949.992538452148
2020-08-19,MELI,65.0,1212.449951171875,78809.24682617188,0.500192485125696,977.1400146484375,15295.145874023438
2020-08-19,CTAS,1051.0,74.89093017578125,78710.3676147461,0.4995649110721154,70.24462890625,4883.262634277344
2020-08-20,MELI,65.0,1218.300048828125,79189.50317382812,0.500198309887928,977.1400146484375,15675.402221679688
2020-08-20,CTAS,1051.0,75.25070190429688,79088.48770141602,0.49956024844609576,70.24462890625,5261.382720947266
2020-08-21,MELI,65.0,1202.280029296875,78148.20190429688,0.4966082587624413,977.1400146484375,14634.100952148438
2020-08-21,CTAS,1051.0,75.3353500366211,79177.45288848877,0.5031488384128218,70.24462890625,5350.3479080200195
2020-08-24,MELI,65.0,1212.0899658203125,78785.84777832031,0.4947935667727784,977.1400146484375,15271.746826171875
2020-08-24,CTAS,1051.0,76.50395965576172,80405.66159820557,0.5049663767386491,70.24462890625,6578.556617736816
2020-08-25,MELI,65.0,1224.0,79560.0,0.49772216820019227,977.1400146484375,16045.899047851562
2020-08-25,CTAS,1051.0,76.35584259033203,80249.99056243896,0.502038704132505,70.24462890625,6422.885581970215
2020-08-26,MELI,65.0,1215.9300537109375,79035.45349121094,0.49513154276952875,977.1400146484375,15521.3525390625
2020-08-26,CTAS,1051.0,76.64270782470703,80551.48592376709,0.5046289954197327,70.24462890625,6724.38094329834
2020-08-27,MELI,65.0,1201.4000244140625,78091.00158691406,0.48996717257496275,977.1400146484375,14576.900634765625
2020-08-27,CTAS,1051.0,77.3081283569336,81250.8429031372,0.5097929973695424,70.24462890625,7423.737922668457
2020-08-28,MELI,65.0,1178.9000244140625,76628.50158691406,0.48140149296694884,977.1400146484375,13114.400634765625
2020-08-28,CTAS,1051.0,78.5073471069336,82511.2218093872,0.5183583724459683,70.24462890625,8684.116828918457
2020-08-31,MELI,65.0,1168.5899658203125,75958.34777832031,0.4796875641013505,977.1400146484375,12444.246826171875
2020-08-31,CTAS,1051.0,78.35685729980469,82353.05702209473,0.5200710451801482,70.24462890625,8525.952041625977
2020-09-01,CTAS,512.0,78.84358215332031,40367.9140625,0.2507309826196312,70.24462890625,4402.6640625
2020-09-01,CRM,145.0,277.18048095703125,40191.16973876953,0.24963319793120836,277.18048095703125,0.0
2020-09-01,MEDP,312.0,128.97999572753906,40241.75866699219,0.2499474131186293,128.97999572753906,0.0
2020-09-02,CTAS,512.0,80.50599670410156,41219.0703125,0.25489659066987846,70.24462890625,5253.8203125
2020-09-02,CRM,145.0,272.6864929199219,39539.54147338867,0.24451047153192715,277.18048095703125,-651.6282653808594
2020-09-02,MEDP,312.0,130.61000061035156,40750.32019042969,0.2519978642530534,128.97999572753906,508.5615234375
2020-09-03,CTAS,512.0,77.75961303710938,39812.921875,0.25449767252484784,70.24462890625,3847.671875
2020-09-03,CRM,145.0,261.175537109375,37870.452880859375,0.24208075322631994,277.18048095703125,-2320.7168579101562
2020-09-03,MEDP,312.0,123.56999969482422,38553.839904785156,0.24644919439647192,128.97999572753906,-1687.9187622070312
2020-09-04,CTAS,512.0,77.85600280761719,39862.2734375,0.2589205433439919,70.24462890625,3897.0234375
2020-09-04,CRM,145.0,251.0146942138672,36397.13066101074,0.23641313036716252,277.18048095703125,-3794.039077758789
2020-09-04,MEDP,312.0,120.18000030517578,37496.160095214844,0.24355174223538248,128.97999572753906,-2745.5985717773438
2020-09-08,CTAS,512.0,74.95677185058594,38377.8671875,0.25687865954521094,70.24462890625,2412.6171875
2020-09-08,CRM,145.0,237.7790069580078,34477.95600891113,0.2307749693373406,277.18048095703125,-5713.213729858398
2020-09-08,MEDP,312.0,116.48999786376953,36344.879333496094,0.2432710457542519,128.97999572753906,-3896.8793334960938
2020-09-09,CTAS,512.0,76.63800811767578,39238.66015625,0.2584336708594363,70.24462890625,3273.41015625
2020-09-09,CRM,145.0,246.80645751953125,35786.93634033203,0.2356999268175023,277.18048095703125,-4404.2333984375
2020-09-09,MEDP,312.0,117.33000183105469,36606.96057128906,0.24110077056079093,128.97999572753906,-3634.798095703125
2020-09-10,CTAS,512.0,74.65111541748047,38221.37109375,0.2545874557589051,70.24462890625,2256.12109375
2020-09-10,CRM,145.0,244.2145233154297,35411.105880737305,0.23586865394424045,277.18048095703125,-4780.063858032227
2020-09-10,MEDP,312.0,116.33999633789062,36298.078857421875,0.24177666265766812,128.97999572753906,-3943.6798095703125
2020-09-11,CTAS,512.0,75.46704864501953,38639.12890625,0.25814459705591686,70.24462890625,2673.87890625
2020-09-11,CRM,145.0,239.58255004882812,34739.46975708008,0.23209131976386446,277.18048095703125,-5451.699981689453
2020-09-11,MEDP,312.0,115.70999908447266,36101.51971435547,0.24119105485996314,128.97999572753906,-4140.238952636719
2020-09-14,CTAS,512.0,77.08006286621094,39464.9921875,0.25968978942210225,70.24462890625,3499.7421875
2020-09-14,CRM,145.0,243.07130432128906,35245.339126586914,0.2319233880095124,277.18048095703125,-4945.830612182617
2020-09-14,MEDP,312.0,118.77999877929688,37059.359619140625,0.24386010897680704,128.97999572753906,-3182.3990478515625
2020-09-15,CTAS,512.0,77.16471862792969,39508.3359375,0.25799542809417086,70.24462890625,3543.0859375
2020-09-15,CRM,145.0,248.0383758544922,35965.56449890137,0.23486059307132953,277.18048095703125,-4225.605239868164
2020-09-15,MEDP,312.0,120.06999969482422,37461.839904785156,0.24463149849489504,128.97999572753906,-2779.9187622070312
2020-09-16,CTAS,512.0,76.7038345336914,39272.36328125,0.25891320518644484,70.24462890625,3307.11328125
2020-09-16,CRM,145.0,246.97402954101562,35811.234283447266,0.2360948177120985,277.18048095703125,-4379.935455322266
2020-09-16,MEDP,312.0,116.66000366210938,36397.921142578125,0.23996270246480608,128.97999572753906,-3843.8375244140625
2020-09-17,CTAS,512.0,76.42167663574219,39127.8984375,0.25979005581929776,70.24462890625,3162.6484375
2020-09-17,CRM,145.0,240.99183654785156,34943.81629943848,0.232009802455172,277.18048095703125,-5247.353439331055
2020-09-17,MEDP,312.0,116.4800033569336,36341.76104736328,0.24129146997625758,128.97999572753906,-3899.9976196289062
2020-09-18,CTAS,512.0,74.83684539794922,38316.46484375,0.2583398416427837,70.24462890625,2351.21484375
2020-09-18,CRM,145.0,239.2671661376953,34693.73908996582,0.23391445685417372,277.18048095703125,-5497.430648803711
2020-09-18,MEDP,312.0,112.5250015258789,35107.80047607422,0.23670616932957667,128.97999572753906,-5133.958190917969
2020-09-21,CTAS,512.0,74.44182586669922,38114.21484375,0.2580257040091882,70.24462890625,2148.96484375
2020-09-21,CRM,145.0,241.5043182373047,35018.12614440918,0.23706579522981827,277.18048095703125,-5173.043594360352
2020-09-21,MEDP,312.0,110.19999694824219,34382.39904785156,0.23276204839102185,128.97999572753906,-5859.359619140625
2020-09-22,CTAS,512.0,76.1865463256836,39007.51171875,0.2603104276791553,70.24462890625,3042.26171875
2020-09-22,CRM,145.0,244.19480895996094,35408.247299194336,0.23629130881968335,277.18048095703125,-4782.922439575195
2020-09-22,MEDP,312.0,112.93000030517578,35234.160095214844,0.23512956554192418,128.97999572753906,-5007.598571777344
2020-09-23,CTAS,512.0,74.47003173828125,38128.65625,0.2588278060200661,70.24462890625,2163.40625
2020-09-23,CRM,145.0,232.57540893554688,33723.4342956543,0.22892394772517205,277.18048095703125,-6467.735443115234
2020-09-23,MEDP,312.0,113.01499938964844,35260.67980957031,0.23935919309737347,128.97999572753906,-4981.078857421875
2020-09-24,CTAS,512.0,74.92387390136719,38361.0234375,0.262975985804829,70.24462890625,2395.7734375
2020-09-24,CRM,145.0,234.1128387451172,33946.36161804199,0.23271219355073552,277.18048095703125,-6244.808120727539
2020-09-24,MEDP,312.0,106.94000244140625,33365.28076171875,0.22872871507882025,128.97999572753906,-6876.4779052734375
2020-09-25,CTAS,512.0,76.92955780029297,39387.93359375,0.26603917383674475,70.24462890625,3422.68359375
2020-09-25,CRM,145.0,239.2277374267578,34688.02192687988,0.234294410837596,277.18048095703125,-5503.147811889648
2020-09-25,MEDP,312.0,108.26000213623047,33777.120666503906,0.22814188145494954,128.97999572753906,-6464.638000488281
2020-09-28,CTAS,512.0,79.00582885742188,40450.984375,0.2693274331310659,70.24462890625,4485.734375
2020-09-28,CRM,145.0,243.10086059570312,35249.62478637695,0.23469616646499972,277.18048095703125,-4941.544952392578
2020-09-28,MEDP,312.0,109.91000366210938,34291.921142578125,0.2283196624547779,128.97999572753906,-5949.8375244140625
2020-09-29,CTAS,512.0,77.66085815429688,39762.359375,0.2649515651787882,70.24462890625,3797.109375
2020-09-29,CRM,145.0,243.86959838867188,35361.09176635742,0.23562426267435646,277.18048095703125,-4830.077972412109
2020-09-29,MEDP,312.0,111.37999725341797,34750.559143066406,0.2315560540298923,128.97999572753906,-5491.199523925781
2020-09-30,CTAS,512.0,78.26043701171875,40069.34375,0.26527288744978744,70.24462890625,4104.09375
2020-09-30,CRM,145.0,247.68360900878906,35914.123306274414,0.23776389374191137,277.18048095703125,-4277.046432495117
2020-09-30,MEDP,312.0,111.75,34866.0,0.23082495564515676,128.97999572753906,-5375.7586669921875
2020-10-01,CTAS,476.0,80.40019989013672,38270.49514770508,0.25042258071422635,70.24462890625,4834.051788330078
2020-10-01,HD,157.0,242.82920837402344,38124.18571472168,0.24946520648509427,242.82920837402344,0.0
2020-10-01,PWR,721.0,53.03052520751953,38235.00867462158,0.25019037535247923,53.03052520751953,0.0
2020-10-02,CTAS,476.0,78.78243255615234,37500.437896728516,0.2443719001561264,70.24462890625,4063.9945373535156
2020-10-02,HD,157.0,244.30738830566406,38356.25996398926,0.24994887142638178,242.82920837402344,232.07424926757812
2020-10-02,PWR,721.0,54.6543083190918,39405.756298065186,0.25678792258816563,53.03052520751953,1170.7476234436035
2020-10-05,CTAS,476.0,79.09988403320312,37651.54479980469,0.24259349151158366,70.24462890625,4215.1014404296875
2020-10-05,HD,157.0,246.74781799316406,38739.40742492676,0.24960272297649527,242.82920837402344,615.2217102050781
2020-10-05,PWR,721.0,56.33750915527344,40619.34410095215,0.2617153840766594,53.03052520751953,2384.3354263305664
2020-10-06,CTAS,476.0,77.76431274414062,37015.81286621094,0.24086107722707764,70.24462890625,3579.3695068359375
2020-10-06,HD,157.0,241.82339477539062,37966.27297973633,0.24704570020516894,242.82920837402344,-157.91273498535156
2020-10-06,PWR,721.0,56.179080963134766,40505.117374420166,0.26356590463849316,53.03052520751953,2270.108699798584
2020-10-07,CTAS,476.0,78.9352798461914,37573.19320678711,0.2404485385688598,70.24462890625,4136.749847412109
2020-10-07,HD,157.0,247.35140991210938,38834.17135620117,0.24851813093821712,242.82920837402344,709.9856414794922
2020-10-07,PWR,721.0,57.78307342529297,41661.59593963623,0.266612150928986,53.03052520751953,3426.5872650146484
2020-10-08,CTAS,476.0,79.47138214111328,37828.37789916992,0.24061932372285827,70.24462890625,4391.934539794922
2020-10-08,HD,157.0,248.86453247070312,39071.73159790039,0.2485280669138637,242.82920837402344,947.5458831787109
2020-10-08,PWR,721.0,58.416744232177734,42118.47259140015,0.2679078235444198,53.03052520751953,3883.4639167785645
2020-10-09,CTAS,476.0,79.83585357666016,38001.866302490234,0.24091078489397882,70.24462890625,4565.422943115234
2020-10-09,HD,157.0,250.089111328125,39263.990478515625,0.24891195313818207,242.82920837402344,1139.8047637939453
2020-10-09,PWR,721.0,58.644466400146484,42282.660274505615,0.26804864774415305,53.03052520751953,4047.651599884033
2020-10-12,CTAS,476.0,82.0625991821289,39061.79721069336,0.2434596561820984,70.24462890625,5625.353851318359
2020-10-12,HD,157.0,250.9550323486328,39399.94007873535,0.2455671922473206,242.82920837402344,1275.7543640136719
2020-10-12,PWR,721.0,60.733612060546875,43788.9342956543,0.27292238579545014,53.03052520751953,5553.925621032715
2020-10-13,CTAS,476.0,82.92790222167969,39473.68145751953,0.24573089887500218,70.24462890625,6037.238098144531
2020-10-13,HD,157.0,253.9727325439453,39873.719009399414,0.24822120592459898,242.82920837402344,1749.5332946777344
2020-10-13,PWR,721.0,59.773193359375,43096.472412109375,0.2682834362831391,53.03052520751953,4861.463737487793
2020-10-14,CTAS,476.0,82.5775375366211,39306.90786743164,0.24514226046794155,70.24462890625,5870.464508056641
2020-10-14,HD,157.0,251.1124725341797,39424.65818786621,0.2458766245094863,242.82920837402344,1300.4724731445312
2020-10-14,PWR,721.0,60.21875,43417.71875,0.27077982716506643,53.03052520751953,5182.710075378418
2020-10-15,CTAS,476.0,81.91682434082031,38992.40838623047,0.24223609680740507,70.24462890625,5555.965026855469
2020-10-15,HD,157.0,251.50604248046875,39486.448669433594,0.2453052683416007,242.82920837402344,1362.262954711914
2020-10-15,PWR,721.0,61.43659591674805,44295.78565597534,0.2751827513714194,53.03052520751953,6060.77698135376
2020-10-16,CTAS,476.0,81.92152404785156,38994.645446777344,0.24229703095996907,70.24462890625,5558.202087402344
2020-10-16,HD,157.0,251.61106872558594,39502.93778991699,0.24545535498603355,242.82920837402344,1378.7520751953125
2020-10-16,PWR,721.0,61.36728286743164,44245.81094741821,0.27492565971930183,53.03052520751953,6010.802272796631
2020-10-19,CTAS,476.0,80.25674438476562,38202.21032714844,0.23945075441473918,70.24462890625,4765.7669677734375
2020-10-19,HD,157.0,248.17355346679688,38963.24789428711,0.24422092394233352,242.82920837402344,839.0621795654297
2020-10-19,PWR,721.0,61.27817153930664,44181.56167984009,0.2769292191436589,53.03052520751953,5946.553005218506
2020-10-20,CTAS,476.0,80.8069839477539,38464.12435913086,0.23899506643287435,70.24462890625,5027.680999755859
2020-10-20,HD,157.0,250.19406127929688,39280.46762084961,0.24406737771818734,242.82920837402344,1156.2819061279297
2020-10-20,PWR,721.0,62.41680908203125,45002.51934814453,0.27962108277406644,53.03052520751953,6767.510673522949
2020-10-21,CTAS,476.0,79.63834381103516,37907.851654052734,0.238226415310573,70.24462890625,4471.408294677734
2020-10-21,HD,157.0,248.8557891845703,39070.35890197754,0.2455320241056332,242.82920837402344,946.1731872558594
2020-10-21,PWR,721.0,60.961341857910156,43953.12747955322,0.27621707757799485,53.03052520751953,5718.118804931641
2020-10-22,CTAS,476.0,79.5936508178711,37886.57778930664,0.23929963367821147,70.24462890625,4450.134429931641
2020-10-22,HD,157.0,245.9256591796875,38610.32849121094,0.24387099609587828,242.82920837402344,486.1427764892578
2020-10-22,PWR,721.0,60.515785217285156,43631.8811416626,0.2755881840781641,53.03052520751953,5396.872467041016
2020-10-23,CTAS,476.0,79.4925537109375,37838.45556640625,0.23745759448198953,70.24462890625,4402.01220703125
2020-10-23,HD,157.0,247.5350341796875,38863.00036621094,0.24388718945247365,242.82920837402344,738.8146514892578
2020-10-23,PWR,721.0,61.654422760009766,44452.83880996704,0.27896657021810195,53.03052520751953,6217.830135345459
2020-10-26,CTAS,476.0,77.34341430664062,36815.46520996094,0.23514822675589794,70.24462890625,3379.0218505859375
2020-10-26,HD,157.0,241.44720458984375,37907.21112060547,0.242121440689009,242.82920837402344,-216.97459411621094
2020-10-26,PWR,721.0,60.53558349609375,43646.155700683594,0.2787773034836102,53.03052520751953,5411.147026062012
2020-10-27,CTAS,476.0,76.1865463256836,36264.79605102539,0.23267863339389558,70.24462890625,2828.3526916503906
2020-10-27,HD,157.0,242.14700317382812,38017.079498291016,0.24392146286561908,242.82920837402344,-107.10621643066406
2020-10-27,PWR,721.0,60.16924285888672,43382.024101257324,0.27834349509477485,53.03052520751953,5147.015426635742
2020-10-28,CTAS,476.0,74.19493865966797,35316.79080200195,0.229313965287069,70.24462890625,1880.3474426269531
2020-10-28,HD,157.0,235.91928100585938,37039.32711791992,0.24049849321228858,242.82920837402344,-1084.8585968017578
2020-10-28,PWR,721.0,60.278160095214844,43460.5534286499,0.28219188703095005,53.03052520751953,5225.54475402832
2020-10-29,CTAS,476.0,75.2248306274414,35807.01937866211,0.2298870276620229,70.24462890625,2370.5760192871094
2020-10-29,HD,157.0,235.84056091308594,37026.96806335449,0.23771930138629863,242.82920837402344,-1097.2176513671875
2020-10-29,PWR,721.0,62.040557861328125,44731.24221801758,0.28718202451829633,53.03052520751953,6496.233543395996
2020-10-30,CTAS,476.0,73.96214294433594,35205.980041503906,0.22773336491431648,70.24462890625,1769.5366821289062
2020-10-30,HD,157.0,233.28648376464844,36625.977951049805,0.2369187618761665,242.82920837402344,-1498.207763671875
2020-10-30,PWR,721.0,61.812835693359375,44567.05453491211,0.28828640138949035,53.03052520751953,6332.045860290527
2020-11-02,PWR,603.0,65.79308319091797,39673.229164123535,0.25067167156149933,53.03052520751953,7695.822463989258
2020-11-02,GOOG,491.0,80.63945007324219,39593.969985961914,0.25017087969013,80.63945007324219,0.0
2020-11-02,GOOGL,491.0,80.55026245117188,39550.17886352539,0.24989418948638317,80.55026245117188,0.0
2020-11-03,PWR,603.0,66.65449523925781,40192.66062927246,0.2513682785177871,53.03052520751953,8215.253929138184
2020-11-03,GOOG,491.0,81.83860778808594,40182.756423950195,0.2513063367850686,80.63945007324219,588.7864379882812
2020-11-03,GOOGL,491.0,81.60850524902344,40069.77607727051,0.2505997481988297,80.55026245117188,519.5972137451172
2020-11-04,PWR,603.0,62.83264923095703,37888.08748626709,0.23324478879471383,53.03052520751953,5910.6807861328125
2020-11-04,GOOG,491.0,86.74433135986328,42591.46669769287,0.2621995015705457,80.63945007324219,2997.496711730957
2020-11-04,GOOGL,491.0,86.57695007324219,42509.282485961914,0.2616935631508671,80.55026245117188,2959.1036224365234
2020-11-05,PWR,603.0,63.852447509765625,38503.02584838867,0.23505223528440797,53.03052520751953,6525.6191482543945
2020-11-05,GOOG,491.0,87.4505386352539,42938.21446990967,0.26212805533817424,80.63945007324219,3344.244483947754
2020-11-05,GOOGL,491.0,87.40262603759766,42914.68938446045,0.2619844400300717,80.55026245117188,3364.5105209350586
2020-11-06,PWR,603.0,64.47624969482422,38879.178565979004,0.23695907249484097,53.03052520751953,6901.771865844727
2020-11-06,GOOG,491.0,87.37018585205078,42898.76125335693,0.26145744464540005,80.63945007324219,3304.7912673950195
2020-11-06,GOOGL,491.0,87.26525115966797,42847.23831939697,0.2611434249800245,80.55026245117188,3297.059455871582
2020-11-09,PWR,603.0,64.84258270263672,39100.07736968994,0.2378813373808175,53.03052520751953,7122.670669555664
2020-11-09,GOOG,491.0,87.43218994140625,42929.20526123047,0.2611774054481394,80.63945007324219,3335.2352752685547
2020-11-09,GOOGL,491.0,87.34905242919922,42888.38474273682,0.2609290571024306,80.55026245117188,3338.205879211426
2020-11-10,PWR,603.0,65.92180633544922,39750.84922027588,0.24254422465037517,53.03052520751953,7773.442520141602
2020-11-10,GOOG,491.0,86.31088256835938,42378.64334106445,0.2585780025461787,80.63945007324219,2784.673355102539
2020-11-10,GOOGL,491.0,86.17377471923828,42311.323387145996,0.2581672423650271,80.55026245117188,2761.1445236206055
2020-11-11,PWR,603.0,66.8723373413086,40324.01941680908,0.24439411753296617,53.03052520751953,8346.612716674805
2020-11-11,GOOG,491.0,86.92188262939453,42678.644371032715,0.25866492922612555,80.63945007324219,3084.674385070801
2020-11-11,GOOGL,491.0,86.64537811279297,42542.88065338135,0.2578420982075846,80.55026245117188,2992.701789855957
2020-11-12,PWR,603.0,66.406982421875,40043.410400390625,0.24336877955517852,53.03052520751953,8066.003700256348
2020-11-12,GOOG,491.0,86.779541015625,42608.754638671875,0.2589599764629056,80.63945007324219,3014.784652709961
2020-11-12,GOOGL,491.0,86.42668914794922,42435.50437164307,0.25790702653624303,80.55026245117188,2885.325508117676
2020-11-13,PWR,603.0,68.25849151611328,41159.87038421631,0.2464174252388194,53.03052520751953,9182.463684082031
2020-11-13,GOOG,491.0,88.12747955322266,43270.592460632324,0.2590539737655762,80.63945007324219,3676.62247467041
2020-11-13,GOOGL,491.0,87.8866195678711,43152.33020782471,0.2583459569626134,80.55026245117188,3602.1513442993164
2020-11-16,PWR,603.0,68.66442108154297,41404.64591217041,0.2472994749311781,53.03052520751953,9427.239212036133
2020-11-16,GOOG,491.0,88.34369659423828,43376.755027770996,0.2590783837480667,80.63945007324219,3782.785041809082
2020-11-16,GOOGL,491.0,87.9743881225586,43195.42456817627,0.2579953427883172,80.55026245117188,3645.245704650879
2020-11-17,PWR,603.0,66.72379302978516,40234.44719696045,0.24284094363759096,53.03052520751953,8257.040496826172
2020-11-17,GOOG,491.0,87.78677368164062,43103.30587768555,0.2601563635756287,80.63945007324219,3509.335891723633
2020-11-17,GOOGL,491.0,87.36095428466797,42894.22855377197,0.25889444653265686,80.55026245117188,3344.049690246582
2020-11-18,PWR,603.0,66.91191864013672,40347.88694000244,0.2449559389353559,53.03052520751953,8370.480239868164
2020-11-18,GOOG,491.0,86.62779235839844,42534.24604797363,0.25822953735054266,80.63945007324219,2940.2760620117188
2020-11-18,GOOGL,491.0,86.31857299804688,42382.419342041016,0.25730778267817306,80.55026245117188,2832.240478515625
2020-11-19,PWR,603.0,67.54560852050781,40730.00193786621,0.2454340217275542,53.03052520751953,8752.595237731934
2020-11-19,GOOG,491.0,87.4778060913086,42951.60279083252,0.25882111738369185,80.63945007324219,3357.6328048706055
2020-11-19,GOOGL,491.0,87.20772552490234,42818.99323272705,0.2580220283678114,80.55026245117188,3268.81436920166
2020-11-20,PWR,603.0,66.21883392333984,39929.956855773926,0.24335448414984692,53.03052520751953,7952.550155639648
2020-11-20,GOOG,491.0,86.40015411376953,42422.47566986084,0.25854522508720407,80.63945007324219,2828.505683898926
2020-11-20,GOOGL,491.0,86.1073226928711,42278.69544219971,0.25766895158508624,80.55026245117188,2728.5165786743164
2020-11-23,PWR,603.0,68.22874450683594,41141.93293762207,0.24949597464394926,53.03052520751953,9164.526237487793
2020-11-23,GOOG,491.0,86.03663635253906,42243.98844909668,0.25617914177574097,80.63945007324219,2650.0184631347656
2020-11-23,GOOGL,491.0,85.6699447631836,42063.942878723145,0.25508729601514485,80.55026245117188,2513.764015197754
2020-11-24,PWR,603.0,69.93177795410156,42168.86210632324,0.25154364721307776,53.03052520751953,10191.455406188965
2020-11-24,GOOG,491.0,87.72378540039062,43072.3786315918,0.25693326008691575,80.63945007324219,3478.408645629883
2020-11-24,GOOGL,491.0,87.4720458984375,42948.77453613281,0.25619594294271986,80.55026245117188,3398.595672607422
2020-11-25,PWR,603.0,69.00106048583984,41607.639472961426,0.24892870780385448,53.03052520751953,9630.232772827148
2020-11-25,GOOG,491.0,87.85025024414062,43134.47286987305,0.25806339242762333,80.63945007324219,3540.502883911133
2020-11-25,GOOGL,491.0,87.48345184326172,42954.374855041504,0.256985908420409,80.55026245117188,3404.1959915161133
2020-11-27,PWR,603.0,69.23870086669922,41750.93662261963,0.24796059666708786,53.03052520751953,9773.529922485352
2020-11-27,GOOG,491.0,88.92938995361328,43664.33046722412,0.25932432447170484,80.63945007324219,4070.360481262207
2020-11-27,GOOGL,491.0,88.61856079101562,43511.71334838867,0.2584179248814368,80.55026245117188,3961.5344848632812
2020-11-30,PWR,603.0,67.66439056396484,40801.6275100708,0.246024758001889,53.03052520751953,8824.220809936523
2020-11-30,GOOG,491.0,87.32011413574219,42874.176040649414,0.2585217656410308,80.63945007324219,3280.2060546875
2020-11-30,GOOGL,491.0,87.00093078613281,42717.45701599121,0.2575767847059858,80.55026245117188,3167.2781524658203
2020-12-01,GOOG,473.0,89.17290496826172,42178.78404998779,0.2506316493372111,80.63945007324219,4036.3241653442383
2020-12-01,CRUS,517.0,81.37999725341797,42073.45858001709,0.2500057921236724,81.37999725341797,0.0
2020-12-01,UI,176.0,238.6419219970703,42000.978271484375,0.24957510499787725,238.6419219970703,0.0
2020-12-02,GOOG,473.0,90.65324401855469,42878.98442077637,0.2548556541404448,80.63945007324219,4736.5245361328125
2020-12-02,CRUS,517.0,80.75,41747.75,0.24813204600961752,81.37999725341797,-325.70858001708984
2020-12-02,UI,176.0,236.2765350341797,41584.670166015625,0.24716276424306838,238.6419219970703,-416.30810546875
2020-12-03,GOOG,473.0,90.59473419189453,42851.30927276611,0.2549838648799117,80.63945007324219,4708.849388122559
2020-12-03,CRUS,517.0,79.66999816894531,41189.38905334473,0.24509471918373912,81.37999725341797,-884.0695266723633
2020-12-03,UI,176.0,238.50892639160156,41977.571044921875,0.24978474368594997,238.6419219970703,-23.4072265625
2020-12-04,GOOG,473.0,90.65522766113281,42879.92268371582,0.25121151874977554,80.63945007324219,4737.462799072266
2020-12-04,CRUS,517.0,82.75,42781.75,0.25063637524595206,81.37999725341797,708.2914199829102
2020-12-04,UI,176.0,244.2847442626953,42994.114990234375,0.2518805130238944,238.6419219970703,993.13671875
2020-12-07,GOOG,473.0,90.23320007324219,42680.303634643555,0.24854546812462333,80.63945007324219,4537.84375
2020-12-07,CRUS,517.0,83.08999633789062,42957.52810668945,0.25015986353216496,81.37999725341797,884.0695266723633
2020-12-07,UI,176.0,250.25999450683594,44045.759033203125,0.256497092699356,238.6419219970703,2044.78076171875
2020-12-08,GOOG,473.0,90.18706512451172,42658.48180389404,0.2477217162345227,80.63945007324219,4516.021919250488
2020-12-08,CRUS,517.0,82.97000122070312,42895.490631103516,0.24909804823126294,81.37999725341797,822.0320510864258
2020-12-08,UI,176.0,253.48040771484375,44612.5517578125,0.25906917967338344,238.6419219970703,2611.573486328125
2020-12-09,GOOG,473.0,88.48008728027344,41851.081283569336,0.2494016758002198,80.63945007324219,3708.6213989257812
2020-12-09,CRUS,517.0,80.45999908447266,41597.81952667236,0.24789242192555325,81.37999725341797,-475.63905334472656
2020-12-09,UI,176.0,240.45635986328125,42320.3193359375,0.25219798961149037,238.6419219970703,319.341064453125
2020-12-10,GOOG,473.0,88.04367065429688,41644.65621948242,0.24595525744817295,80.63945007324219,3502.196334838867
2020-12-10,CRUS,517.0,81.41999816894531,42094.13905334473,0.2486099237645062,81.37999725341797,20.68047332763672
2020-12-10,UI,176.0,247.40060424804688,43542.50634765625,0.25716404770478857,238.6419219970703,1541.528076171875
2020-12-11,GOOG,473.0,88.363037109375,41795.716552734375,0.2488954010659649,80.63945007324219,3653.2566680908203
2020-12-11,CRUS,517.0,77.98999786376953,40320.82889556885,0.2401123777029299,81.37999725341797,-1752.6296844482422
2020-12-11,UI,176.0,248.7020721435547,43771.564697265625,0.26066166701233434,238.6419219970703,1770.58642578125
2020-12-14,GOOG,473.0,87.28638458251953,41286.45990753174,0.24845248909565903,80.63945007324219,3144.0000228881836
2020-12-14,CRUS,517.0,78.38999938964844,40527.62968444824,0.24388602207115848,81.37999725341797,-1545.8288955688477
2020-12-14,UI,176.0,240.47535705566406,42323.662841796875,0.2546941395372965,238.6419219970703,322.6845703125
2020-12-15,GOOG,473.0,87.66874694824219,41467.317306518555,0.24585548973701815,80.63945007324219,3324.857421875
2020-12-15,CRUS,517.0,81.5,42135.5,0.24981707669296663,81.37999725341797,62.041419982910156
2020-12-15,UI,176.0,244.46522521972656,43025.879638671875,0.2550960466465675,238.6419219970703,1024.9013671875
2020-12-16,GOOG,473.0,87.43218994140625,41355.425842285156,0.24462134675644262,80.63945007324219,3212.9659576416016
2020-12-16,CRUS,517.0,80.98999786376953,41871.82889556885,0.24767592080061152,81.37999725341797,-201.6296844482422
2020-12-16,UI,176.0,248.83506774902344,43794.971923828125,0.2590514979587853,238.6419219970703,1793.99365234375
2020-12-17,GOOG,473.0,86.68333435058594,41001.21714782715,0.24231285977068426,80.63945007324219,2858.7572631835938
2020-12-17,CRUS,517.0,80.6500015258789,41696.050788879395,0.24641925314972005,81.37999725341797,-377.4077911376953
2020-12-17,UI,176.0,252.6919403076172,44473.781494140625,0.26283534802899994,238.6419219970703,2472.80322265625
2020-12-18,GOOG,473.0,85.845703125,40605.017578125,0.23896076684842604,80.63945007324219,2462.5576934814453
2020-12-18,CRUS,517.0,80.43000030517578,41582.31015777588,0.24471213941757528,81.37999725341797,-491.14842224121094
2020-12-18,UI,176.0,259.6552429199219,45699.32275390625,0.26894078271770633,238.6419219970703,3698.344482421875
2020-12-21,GOOG,473.0,86.26030731201172,40801.12535858154,0.23990248748916812,80.63945007324219,2658.6654739379883
2020-12-21,CRUS,517.0,80.06999969482422,41396.18984222412,0.2434013480864601,81.37999725341797,-677.2687377929688
2020-12-21,UI,176.0,260.45318603515625,45839.7607421875,0.26952865959728056,238.6419219970703,3838.782470703125
2020-12-22,GOOG,473.0,85.47327423095703,40428.858711242676,0.2362635583231045,80.63945007324219,2286.398826599121
2020-12-22,CRUS,517.0,80.5,41618.5,0.24321574280145902,81.37999725341797,-454.95858001708984
2020-12-22,UI,176.0,267.236083984375,47033.55078125,0.2748609390019309,238.6419219970703,5032.572509765625
2020-12-23,GOOG,473.0,85.91365051269531,40637.15669250488,0.23836295709764702,80.63945007324219,2494.696807861328
2020-12-23,CRUS,517.0,81.44000244140625,42104.48126220703,0.24696975570077728,81.37999725341797,31.022682189941406
2020-12-23,UI,176.0,259.6932373046875,45706.009765625,0.2680950275952183,238.6419219970703,3705.031494140625
2020-12-24,GOOG,473.0,86.23452758789062,40788.931549072266,0.23947549808247448,80.63945007324219,2646.471664428711
2020-12-24,CRUS,517.0,80.95999908447266,41856.31952667236,0.24574222922436542,81.37999725341797,-217.13905334472656
2020-12-24,UI,176.0,259.3417663574219,45644.15087890625,0.26798092892252545,238.6419219970703,3643.172607421875
2020-12-28,GOOG,473.0,88.08136749267578,41662.486824035645,0.24206889641204588,80.63945007324219,3520.02693939209
2020-12-28,CRUS,517.0,81.98999786376953,42388.82889556885,0.24628911553665767,81.37999725341797,315.3703155517578
2020-12-28,UI,176.0,261.4886779785156,46022.00732421875,0.26739874099914807,238.6419219970703,4021.029052734375
2020-12-29,GOOG,473.0,87.21993255615234,41255.02809906006,0.24125886238883854,80.63945007324219,3112.568214416504
2020-12-29,CRUS,517.0,80.70999908447266,41727.06952667236,0.2440193544566828,81.37999725341797,-346.38905334472656
2020-12-29,UI,176.0,261.25115966796875,45980.2041015625,0.268891629580597,238.6419219970703,3979.225830078125
2020-12-30,GOOG,473.0,86.26775360107422,40804.647453308105,0.2374501202433832,80.63945007324219,2662.187568664551
2020-12-30,CRUS,517.0,81.94999694824219,42368.14842224121,0.24654843419153405,81.37999725341797,294.6898422241211
2020-12-30,UI,176.0,264.9751281738281,46635.62255859375,0.27138168996152817,238.6419219970703,4634.644287109375
2020-12-31,GOOG,473.0,86.88072204589844,41094.58152770996,0.23865266804110258,80.63945007324219,2952.1216430664062
2020-12-31,CRUS,517.0,82.19999694824219,42497.39842224121,0.24679938671318036,81.37999725341797,423.9398422241211
2020-12-31,UI,176.0,264.576171875,46565.40625,0.2704239349045785,238.6419219970703,4564.427978515625
2021-01-04,DIS,492.0,173.59201049804688,85407.26916503906,0.5006522663757508,173.59201049804688,0.0
2021-01-04,KEYS,649.0,131.17999267578125,85135.81524658203,0.4990610198598427,131.17999267578125,0.0
2021-01-05,DIS,492.0,174.33453369140625,85772.59057617188,0.4967035730968482,173.59201049804688,365.3214111328125
2021-01-05,KEYS,649.0,133.83999633789062,86862.15762329102,0.5030131860139496,131.17999267578125,1726.3423767089844
2021-01-06,DIS,492.0,174.99887084960938,86099.44445800781,0.49345252189775585,173.59201049804688,692.17529296875
2021-01-06,KEYS,649.0,136.11000061035156,88335.39039611816,0.5062671593084038,131.17999267578125,3199.575149536133
2021-01-07,DIS,492.0,174.4713134765625,85839.88623046875,0.48388360811226383,173.59201049804688,432.6170654296875
2021-01-07,KEYS,649.0,141.0,91509.0,0.5158406777923725,131.17999267578125,6373.184753417969
2021-01-08,DIS,492.0,174.5787811279297,85892.7603149414,0.47398295028558257,173.59201049804688,485.49114990234375
2021-01-08,KEYS,649.0,146.8000030517578,95273.20198059082,0.5257471432089864,131.17999267578125,10137.386734008789
2021-01-11,DIS,492.0,174.96957397460938,86085.03039550781,0.4689205069006676,173.59201049804688,677.76123046875
2021-01-11,KEYS,649.0,150.14999389648438,97447.34603881836,0.530813065764242,131.17999267578125,12311.530792236328
2021-01-12,DIS,492.0,171.94090270996094,84594.92413330078,0.4701545865005946,173.59201049804688,-812.3450317382812
2021-01-12,KEYS,649.0,146.82000732421875,95286.18475341797,0.5295735796319164,131.17999267578125,10150.369506835938
2021-01-13,DIS,492.0,172.06788635253906,84657.40008544922,0.47069491823816284,173.59201049804688,-749.8690795898438
2021-01-13,KEYS,649.0,146.61000061035156,95149.89039611816,0.5290331363255372,131.17999267578125,10014.075149536133
2021-01-14,DIS,492.0,169.43978881835938,83364.37609863281,0.46615049353822896,173.59201049804688,-2042.89306640625
2021-01-14,KEYS,649.0,147.02999877929688,95422.46920776367,0.5335760092921152,131.17999267578125,10286.65396118164
2021-01-15,DIS,492.0,167.49557495117188,82407.82287597656,0.4645339090840239,173.59201049804688,-2999.4462890625
2021-01-15,KEYS,649.0,146.2899932861328,94942.2056427002,0.5351903785959611,131.17999267578125,9806.390396118164
2021-01-19,DIS,492.0,168.2967071533203,82801.9799194336,0.46439872710099583,173.59201049804688,-2605.2892456054688
2021-01-19,KEYS,649.0,147.07000732421875,95448.43475341797,0.5353269528868648,131.17999267578125,10312.619506835938
2021-01-20,DIS,492.0,169.64495849609375,83465.31958007812,0.46560727946023256,173.59201049804688,-1941.9495849609375
2021-01-20,KEYS,649.0,147.52999877929688,95746.96920776367,0.534119872465332,131.17999267578125,10611.15396118164
2021-01-21,DIS,492.0,167.33926391601562,82330.91784667969,0.46363987613885854,173.59201049804688,-3076.351318359375
2021-01-21,KEYS,649.0,146.67999267578125,95195.31524658203,0.5360846851254295,131.17999267578125,10059.5
2021-01-22,DIS,492.0,168.80474853515625,83051.93627929688,0.4684004377094987,173.59201049804688,-2355.3328857421875
2021-01-22,KEYS,649.0,145.16000366210938,94208.84237670898,0.5313237111890878,131.17999267578125,9073.027130126953
2021-01-25,DIS,492.0,167.9352264404297,82624.1314086914,0.46559431299494675,173.59201049804688,-2783.1377563476562
2021-01-25,KEYS,649.0,146.0500030517578,94786.45198059082,0.5341300687669238,131.17999267578125,9650.636734008789
2021-01-26,DIS,492.0,165.6588134765625,81504.13623046875,0.4607925105324773,173.59201049804688,-3903.1329345703125
2021-01-26,KEYS,649.0,146.8800048828125,95325.12316894531,0.5389309653884213,131.17999267578125,10189.307922363281
2021-01-27,DIS,492.0,159.27906799316406,78365.30145263672,0.44401845859860367,173.59201049804688,-7041.967712402344
2021-01-27,KEYS,649.0,151.1199951171875,98076.87683105469,0.5557044108483394,131.17999267578125,12941.061584472656
2021-01-28,DIS,492.0,167.9254608154297,82619.3267211914,0.46665506310739235,173.59201049804688,-2787.9424438476562
2021-01-28,KEYS,649.0,145.4199981689453,94377.57881164551,0.5330686746564209,131.17999267578125,9241.763565063477
2021-01-29,DIS,492.0,164.30081176757812,80835.99938964844,0.46786368845700976,173.59201049804688,-4571.269775390625
2021-01-29,KEYS,649.0,141.58999633789062,91891.90762329102,0.5318532233732642,131.17999267578125,6756.092376708984
2021-02-01,CRUS,445.0,97.86000061035156,43547.700271606445,0.25005761779599434,97.86000061035156,0.0
2021-02-01,GOOG,462.0,94.29335021972656,43563.52780151367,0.2501485019161548,94.29335021972656,0.0
2021-02-01,GOOGL,464.0,93.87760925292969,43559.210693359375,0.25012371241466336,93.87760925292969,0.0
2021-02-02,CRUS,445.0,89.91000366210938,40009.95162963867,0.23287093185785337,97.86000061035156,-3537.7486419677734
2021-02-02,GOOG,462.0,95.59071350097656,44162.90963745117,0.25704249822709185,94.29335021972656,599.3818359375
2021-02-02,GOOGL,464.0,95.16943359375,44158.6171875,0.257017514772242,93.87760925292969,599.406494140625
2021-02-03,CRUS,445.0,86.37999725341797,38439.098777770996,0.2175104235574229,97.86000061035156,-5108.601493835449
2021-02-03,GOOG,462.0,102.6606674194336,47429.22834777832,0.26838172264571536,94.29335021972656,3865.7005462646484
2021-02-03,GOOGL,464.0,102.10014343261719,47374.466552734375,0.2680718490635162,93.87760925292969,3815.255859375
2021-02-04,CRUS,445.0,87.11000061035156,38763.950271606445,0.21931433601854136,97.86000061035156,-4783.75
2021-02-04,GOOG,462.0,102.27880096435547,47252.80604553223,0.2673416334062217,94.29335021972656,3689.2782440185547
2021-02-04,GOOGL,464.0,101.83979034423828,47253.66271972656,0.267346480201525,93.87760925292969,3694.4520263671875
2021-02-05,CRUS,445.0,85.36000061035156,37985.200271606445,0.21388280635238144,97.86000061035156,-5562.5
2021-02-05,GOOG,462.0,104.0457992553711,48069.159255981445,0.27066243187228717,94.29335021972656,4505.631454467773
2021-02-05,GOOGL,464.0,103.58536529541016,48063.60949707031,0.2706311829121131,93.87760925292969,4504.3988037109375
2021-02-08,CRUS,445.0,89.41999816894531,39791.899185180664,0.22206651811235428,97.86000061035156,-3755.8010864257812
2021-02-08,GOOG,462.0,103.79336547851562,47952.53485107422,0.2676085501595047,94.29335021972656,4389.007049560547
2021-02-08,GOOGL,464.0,103.37163543701172,47964.43884277344,0.2676749827259922,93.87760925292969,4405.2281494140625
2021-02-09,CRUS,445.0,88.36000061035156,39320.200271606445,0.2205382835681213,97.86000061035156,-4227.5
2021-02-09,GOOG,462.0,103.32718658447266,47737.16020202637,0.2677471452497565,94.29335021972656,4173.632400512695
2021-02-09,GOOGL,464.0,102.91888427734375,47754.3623046875,0.2678436280287974,93.87760925292969,4195.151611328125
2021-02-10,CRUS,445.0,87.51000213623047,38941.95095062256,0.2182345271579832,97.86000061035156,-4605.749320983887
2021-02-10,GOOG,462.0,103.91585540771484,48009.12519836426,0.26904786435118094,94.29335021972656,4445.597396850586
2021-02-10,GOOGL,464.0,103.46881866455078,48009.53186035156,0.2690501433249957,93.87760925292969,4450.3211669921875
2021-02-11,CRUS,445.0,88.97000122070312,39591.65054321289,0.22099171263182177,97.86000061035156,-3956.0497283935547
2021-02-11,GOOG,462.0,103.94115447998047,48020.81336975098,0.2680414088059175,94.29335021972656,4457.285568237305
2021-02-11,GOOGL,464.0,103.5813980102539,48061.76867675781,0.268270012143051,93.87760925292969,4502.5579833984375
2021-02-12,CRUS,445.0,89.38999938964844,39778.549728393555,0.22139267500572146,97.86000061035156,-3769.1505432128906
2021-02-12,GOOG,462.0,104.34879302978516,48209.14237976074,0.2683142312644075,94.29335021972656,4645.61457824707
2021-02-12,GOOGL,464.0,103.89282989501953,48206.27307128906,0.26829826175616,93.87760925292969,4647.0623779296875
2021-02-16,CRUS,445.0,89.47000122070312,39814.15054321289,0.22060394292543675,97.86000061035156,-3733.5497283935547
2021-02-16,GOOG,462.0,105.2310562133789,48616.747970581055,0.26937775007611464,94.29335021972656,5053.220169067383
2021-02-16,GOOGL,464.0,104.66991424560547,48566.84020996094,0.2691012190281038,93.87760925292969,5007.6295166015625
2021-02-17,CRUS,445.0,88.36000061035156,39320.200271606445,0.218066224551677,97.86000061035156,-4227.5
2021-02-17,GOOG,462.0,105.5489501953125,48763.614990234375,0.27043853650182664,94.29335021972656,5200.087188720703
2021-02-17,GOOGL,464.0,105.06266021728516,48749.07434082031,0.27035789539373584,93.87760925292969,5189.8636474609375
2021-02-18,CRUS,445.0,86.94999694824219,38692.74864196777,0.21599605923572815,97.86000061035156,-4854.951629638672
2021-02-18,GOOG,462.0,104.99798583984375,48509.06945800781,0.27079409470427956,94.29335021972656,4945.541656494141
2021-02-18,GOOGL,464.0,104.42741394042969,48454.320068359375,0.27048846502366297,93.87760925292969,4895.109375
2021-02-19,CRUS,445.0,88.18000030517578,39240.10013580322,0.21931086014994558,97.86000061035156,-4307.600135803223
2021-02-19,GOOG,462.0,104.20149993896484,48141.09297180176,0.2690580419434557,94.29335021972656,4577.565170288086
2021-02-19,GOOGL,464.0,103.58436584472656,48063.145751953125,0.2686223990227664,93.87760925292969,4503.93505859375
2021-02-22,CRUS,445.0,85.73999786376953,38154.29904937744,0.2165237425141189,97.86000061035156,-5393.401222229004
2021-02-22,GOOG,462.0,102.40328216552734,47310.31636047363,0.2684836837033662,94.29335021972656,3746.788558959961
2021-02-22,GOOGL,464.0,101.87104034423828,47268.16271972656,0.26824446389635737,93.87760925292969,3708.9520263671875
2021-02-23,CRUS,445.0,84.94999694824219,37802.74864196777,0.21462578362945917,97.86000061035156,-5744.951629638672
2021-02-23,GOOG,462.0,102.69984436035156,47447.32809448242,0.2693830565033818,94.29335021972656,3883.80029296875
2021-02-23,GOOGL,464.0,102.1616439819336,47403.00280761719,0.26913139889196963,93.87760925292969,3843.7921142578125
2021-02-24,CRUS,445.0,86.83999633789062,38643.79837036133,0.21700680485999765,97.86000061035156,-4903.901901245117
2021-02-24,GOOG,462.0,103.90544128417969,48004.313873291016,0.2695713985799357,94.29335021972656,4440.786071777344
2021-02-24,GOOGL,464.0,103.33641815185547,47948.09802246094,0.2692557147526316,93.87760925292969,4388.8873291015625
2021-02-25,CRUS,445.0,82.12999725341797,36547.848777770996,0.2113117182608341,97.86000061035156,-6999.851493835449
2021-02-25,GOOG,462.0,100.74092102050781,46542.30551147461,0.26909749488271273,94.29335021972656,2978.7777099609375
2021-02-25,GOOGL,464.0,99.97124481201172,46386.65759277344,0.2681975724455686,93.87760925292969,2827.4468994140625
2021-02-26,CRUS,445.0,81.77999877929688,36392.09945678711,0.21028063402231956,97.86000061035156,-7155.600814819336
2021-02-26,GOOG,462.0,101.01368713378906,46668.32345581055,0.269658656453697,94.29335021972656,3104.795654296875
2021-02-26,GOOGL,464.0,100.26678466796875,46523.7880859375,0.26882350295419516,93.87760925292969,2964.577392578125
2021-03-01,FTNT,1266.0,34.652000427246094,43869.432540893555,0.25037334043302795,34.652000427246094,0.0
2021-03-01,LPX,960.0,45.709041595458984,43880.679931640625,0.25043753198120616,45.709041595458984,0.0
2021-03-01,TROW,329.0,133.1151885986328,43794.897048950195,0.24994794855951144,133.1151885986328,0.0
2021-03-02,FTNT,1266.0,34.66999816894531,43892.217681884766,0.2518138655741707,34.652000427246094,22.785140991210938
2021-03-02,LPX,960.0,44.34765625,42573.75,0.24424968993792698,45.709041595458984,-1306.929931640625
2021-03-02,TROW,329.0,134.24676513671875,44167.18572998047,0.2533913836572668,133.1151885986328,372.28868103027344
2021-03-03,FTNT,1266.0,33.97600173950195,43013.61820220947,0.24849849449022285,34.652000427246094,-855.814338684082
2021-03-03,LPX,960.0,44.02130126953125,42260.44921875,0.24414728279706666,45.709041595458984,-1620.230712890625
2021-03-03,TROW,329.0,134.19134521484375,44148.952575683594,0.25505755402399694,133.1151885986328,354.05552673339844
2021-03-04,FTNT,1266.0,32.7859992980957,41507.07511138916,0.2454893920176016,34.652000427246094,-2362.3574295043945
2021-03-04,LPX,960.0,43.051544189453125,41329.482421875,0.2444390380415962,45.709041595458984,-2551.197509765625
2021-03-04,TROW,329.0,129.39598083496094,42571.27769470215,0.251783510416934,133.1151885986328,-1223.6193542480469
2021-03-05,FTNT,1266.0,33.513999938964844,42428.72392272949,0.24326504557494524,34.652000427246094,-1440.7086181640625
2021-03-05,LPX,960.0,45.15890121459961,43352.545166015625,0.248561773736282,45.709041595458984,-528.134765625
2021-03-05,TROW,329.0,136.66029357910156,44961.236587524414,0.25778520436978536,133.1151885986328,1166.3395385742188
2021-03-08,FTNT,1266.0,33.242000579833984,42084.372734069824,0.23991411009613095,34.652000427246094,-1785.0598068237305
2021-03-08,LPX,960.0,46.343109130859375,44489.384765625,0.2536245751413646,45.709041595458984,608.704833984375
2021-03-08,TROW,329.0,137.29335021972656,45169.51222229004,0.25750183795691894,133.1151885986328,1374.6151733398438
2021-03-09,FTNT,1266.0,35.15399932861328,44504.963150024414,0.2489279418919978,34.652000427246094,635.5306091308594
2021-03-09,LPX,960.0,46.5669059753418,44704.229736328125,0.25004249221864827,45.709041595458984,823.5498046875
2021-03-09,TROW,329.0,139.5327606201172,45906.278244018555,0.2567658650718075,133.1151885986328,2111.3811950683594
2021-03-10,FTNT,1266.0,36.09199905395508,45692.47080230713,0.25344173874964865,34.652000427246094,1823.0382614135742
2021-03-10,LPX,960.0,47.08906936645508,45205.506591796875,0.25074070170670687,45.709041595458984,1324.82666015625
2021-03-10,TROW,329.0,138.9630126953125,45718.83117675781,0.25358795144109575,133.1151885986328,1923.9341278076172
2021-03-11,FTNT,1266.0,37.50600051879883,47482.59665679932,0.25961327135601736,34.652000427246094,3613.1641159057617
2021-03-11,LPX,960.0,48.33857727050781,46405.0341796875,0.25372164917293627,45.709041595458984,2524.354248046875
2021-03-11,TROW,329.0,137.80767822265625,45338.726135253906,0.2478915611158417,133.1151885986328,1543.829086303711
2021-03-12,FTNT,1266.0,37.66999816894531,47690.217681884766,0.2598621198698421,34.652000427246094,3820.785140991211
2021-03-12,LPX,960.0,48.88872146606445,46933.172607421875,0.25573701104355806,45.709041595458984,3052.49267578125
2021-03-12,TROW,329.0,137.46743774414062,45226.787017822266,0.246438983100248,133.1151885986328,1431.8899688720703
2021-03-15,FTNT,1266.0,38.40599822998047,48621.99375915527,0.2606838579426611,34.652000427246094,4752.561218261719
2021-03-15,LPX,960.0,50.8095817565918,48777.198486328125,0.2615159786337781,45.709041595458984,4896.5185546875
2021-03-15,TROW,329.0,138.1362762451172,45446.834884643555,0.24366043703794474,133.1151885986328,1651.9378356933594
2021-03-16,FTNT,1266.0,37.90399932861328,47986.463150024414,0.259275236296978,34.652000427246094,4117.030609130859
2021-03-16,LPX,960.0,50.33403396606445,48320.672607421875,0.2610810004719392,45.709041595458984,4439.99267578125
2021-03-16,TROW,329.0,137.08523559570312,45101.04251098633,0.24368504546203631,133.1151885986328,1306.1454620361328
2021-03-17,FTNT,1266.0,36.53200149536133,46249.51389312744,0.25008532127504574,34.652000427246094,2380.0813522338867
2021-03-17,LPX,960.0,51.294456481933594,49242.67822265625,0.26627027977447876,45.709041595458984,5361.998291015625
2021-03-17,TROW,329.0,139.12367248535156,45771.688247680664,0.24750157130675102,133.1151885986328,1976.7911987304688
2021-03-18,FTNT,1266.0,34.61199951171875,43818.79138183594,0.24239687546824237,34.652000427246094,-50.64115905761719
2021-03-18,LPX,960.0,50.26875305175781,48258.0029296875,0.2669537145504771,45.709041595458984,4377.322998046875
2021-03-18,TROW,329.0,136.85430908203125,45025.06768798828,0.24906975708687845,133.1151885986328,1230.170639038086
2021-03-19,FTNT,1266.0,34.89799880981445,44180.8664932251,0.24394243217778014,34.652000427246094,311.43395233154297
2021-03-19,LPX,960.0,50.25010681152344,48240.1025390625,0.26635529983752004,45.709041595458984,4359.422607421875
2021-03-19,TROW,329.0,136.83837890625,45019.82666015625,0.2485747085423201,133.1151885986328,1224.9296112060547
2021-03-22,FTNT,1266.0,35.82400131225586,45353.18566131592,0.24785546178897166,34.652000427246094,1483.7531204223633
2021-03-22,LPX,960.0,50.86553192138672,48830.91064453125,0.2668612519913808,45.709041595458984,4950.230712890625
2021-03-22,TROW,329.0,137.16485595703125,45127.23760986328,0.2466206541824824,133.1151885986328,1332.340560913086
2021-03-23,FTNT,1266.0,35.2140007019043,44580.92488861084,0.24962039848014575,34.652000427246094,711.4923477172852
2021-03-23,LPX,960.0,48.11477279663086,46190.181884765625,0.2586310543523783,45.709041595458984,2309.501953125
2021-03-23,TROW,329.0,134.20277404785156,44152.712661743164,0.24722272487934327,133.1151885986328,357.81561279296875
2021-03-24,FTNT,1266.0,34.2599983215332,43373.157875061035,0.24533090837579724,34.652000427246094,-496.27466583251953
2021-03-24,LPX,960.0,47.01448440551758,45133.905029296875,0.25529019471628184,45.709041595458984,1253.22509765625
2021-03-24,TROW,329.0,135.61212158203125,44616.38800048828,0.2523629713136585,133.1151885986328,821.4909515380859
2021-03-25,FTNT,1266.0,34.24599838256836,43355.43395233154,0.24061896133807728,34.652000427246094,-513.9985885620117
2021-03-25,LPX,960.0,50.08226776123047,48078.97705078125,0.2668342227383957,45.709041595458984,4198.297119140625
2021-03-25,TROW,329.0,137.01361083984375,45077.477966308594,0.25017615876982685,133.1151885986328,1282.5809173583984
2021-03-26,FTNT,1266.0,36.55400085449219,46277.36508178711,0.2477546352728283,34.652000427246094,2407.9325408935547
2021-03-26,LPX,960.0,52.264217376708984,50173.648681640625,0.2686141271755149,45.709041595458984,6292.96875
2021-03-26,TROW,329.0,141.83892822265625,46665.007385253906,0.24982995173352135,133.1151885986328,2870.110336303711
2021-03-29,FTNT,1266.0,36.73400115966797,46505.24546813965,0.25169455883692554,34.652000427246094,2635.8129272460938
2021-03-29,LPX,960.0,50.240779876708984,48231.148681640625,0.26103545024701313,45.709041595458984,4350.46875
2021-03-29,TROW,329.0,140.91526794433594,46361.12315368652,0.25091454355069964,133.1151885986328,2566.226104736328
2021-03-30,FTNT,1266.0,36.26599884033203,45912.75453186035,0.2502360570197728,34.652000427246094,2043.3219909667969
2021-03-30,LPX,960.0,50.8095817565918,48777.198486328125,0.2658479968397359,45.709041595458984,4896.5185546875
2021-03-30,TROW,329.0,137.1330108642578,45116.76057434082,0.24589768979758775,133.1151885986328,1321.863525390625
2021-03-31,FTNT,1266.0,36.88399887084961,46695.142570495605,0.25245251443268996,34.652000427246094,2825.710029602051
2021-03-31,LPX,960.0,51.71406936645508,49645.506591796875,0.2684033558835921,45.709041595458984,5764.82666015625
2021-03-31,TROW,329.0,136.63931274414062,44954.333892822266,0.24304101028830466,133.1151885986328,1159.4368438720703
2021-04-01,HUBB,532.0,175.68858337402344,93466.32635498047,0.5012023386023047,175.68858337402344,0.0
2021-04-01,NDAQ,1979.0,46.988014221191406,92989.2801437378,0.4986442336032046,46.988014221191406,0.0
2021-04-05,HUBB,532.0,177.5618438720703,94462.9009399414,0.5017914242245518,175.68858337402344,996.5745849609375
2021-04-05,NDAQ,1979.0,47.37736892700195,93759.81310653687,0.49805658820143067,46.988014221191406,770.5329627990723
2021-04-06,HUBB,532.0,177.80174255371094,94590.52703857422,0.5012104658742769,175.68858337402344,1124.20068359375
2021-04-06,NDAQ,1979.0,47.55180740356445,94105.02685165405,0.4986379273496837,46.988014221191406,1115.7467079162598
2021-04-07,HUBB,532.0,173.28012084960938,92185.02429199219,0.4978675146742835,175.68858337402344,-1281.3020629882812
2021-04-07,NDAQ,1979.0,46.96620178222656,92946.11332702637,0.5019779600446519,46.988014221191406,-43.16681671142578
2021-04-08,HUBB,532.0,171.70216369628906,91345.55108642578,0.4910804778862591,175.68858337402344,-2120.7752685546875
2021-04-08,NDAQ,1979.0,47.8196907043457,94635.16790390015,0.5087657026134002,46.988014221191406,1645.8877601623535
2021-04-09,HUBB,532.0,172.9663848876953,92018.1167602539,0.4887501481604306,175.68858337402344,-1448.2095947265625
2021-04-09,NDAQ,1979.0,48.62333297729492,96225.57596206665,0.5110978812011179,46.988014221191406,3236.2958183288574
2021-04-12,HUBB,532.0,172.97560119628906,92023.01983642578,0.48877949353256583,175.68858337402344,-1443.3065185546875
2021-04-12,NDAQ,1979.0,48.62021255493164,96219.40064620972,0.5110685348020425,46.988014221191406,3230.120502471924
2021-04-13,HUBB,532.0,169.6905059814453,90275.3491821289,0.48106418721052924,175.68858337402344,-3190.9771728515625
2021-04-13,NDAQ,1979.0,49.1933479309082,97353.63555526733,0.518783344342422,46.988014221191406,4364.355411529541
2021-04-14,HUBB,532.0,170.6501922607422,90785.90228271484,0.48324795287468264,175.68858337402344,-2680.424072265625
2021-04-14,NDAQ,1979.0,49.040714263916016,97051.5735282898,0.5165997478855513,46.988014221191406,4062.293384552002
2021-04-15,HUBB,532.0,172.85568237304688,91959.22302246094,0.48235003137157456,175.68858337402344,-1507.1033325195312
2021-04-15,NDAQ,1979.0,49.85370635986328,98660.48488616943,0.5174998919722826,46.988014221191406,5671.204742431641
2021-04-16,HUBB,532.0,174.664306640625,92921.4111328125,0.4847623006137128,175.68858337402344,-544.9152221679688
2021-04-16,NDAQ,1979.0,49.89108657836914,98734.46033859253,0.5150884339797563,46.988014221191406,5745.180194854736
2021-04-19,HUBB,532.0,174.45208740234375,92808.51049804688,0.48687125770201833,175.68858337402344,-657.8158569335938
2021-04-19,NDAQ,1979.0,49.411399841308594,97785.1602859497,0.5129786451428471,46.988014221191406,4795.880142211914
2021-04-20,HUBB,532.0,171.4622039794922,91217.89251708984,0.4809068969872369,175.68858337402344,-2248.433837890625
2021-04-20,NDAQ,1979.0,49.73845291137695,98432.39831161499,0.5189422593399848,46.988014221191406,5443.118167877197
2021-04-21,HUBB,532.0,175.27337646484375,93245.43627929688,0.4869606825468522,175.68858337402344,-220.89007568359375
2021-04-21,NDAQ,1979.0,49.62631607055664,98210.47950363159,0.5128898961777982,46.988014221191406,5221.199359893799
2021-04-22,HUBB,532.0,173.82456970214844,92474.67108154297,0.48426118081844227,175.68858337402344,-991.6552734375
2021-04-22,NDAQ,1979.0,49.75090408325195,98457.03918075562,0.5155889877295988,46.988014221191406,5467.759037017822
2021-04-23,HUBB,532.0,176.36221313476562,93824.69738769531,0.48361861113170834,175.68858337402344,358.37103271484375
2021-04-23,NDAQ,1979.0,50.60750198364258,100152.24642562866,0.5162339092652937,46.988014221191406,7162.966281890869
2021-04-26,HUBB,532.0,175.7716064453125,93510.49462890625,0.4865592893666218,175.68858337402344,44.16827392578125
2021-04-26,NDAQ,1979.0,49.84747314453125,98648.14935302734,0.5132918357134217,46.988014221191406,5658.869209289551
2021-04-27,HUBB,532.0,179.09368896484375,95277.84252929688,0.49003858798103156,175.68858337402344,1811.5161743164062
2021-04-27,NDAQ,1979.0,50.08732223510742,99122.81070327759,0.509814253810473,46.988014221191406,6133.530559539795
2021-04-28,HUBB,532.0,176.63906860351562,93971.98449707031,0.4883830358437137,175.68858337402344,505.65814208984375
2021-04-28,NDAQ,1979.0,49.7291145324707,98413.91765975952,0.5114682650704803,46.988014221191406,5424.6375160217285
2021-04-29,HUBB,532.0,180.79159545898438,96181.12878417969,0.49070889648080995,175.68858337402344,2714.8024291992188
2021-04-29,NDAQ,1979.0,50.42683792114258,99794.71224594116,0.5091451279461444,46.988014221191406,6805.432102203369
2021-04-30,HUBB,532.0,177.18348693847656,94261.61505126953,0.48621242305260326,175.68858337402344,795.2886962890625
2021-04-30,NDAQ,1979.0,50.31782531738281,99578.97630310059,0.5136399936187621,46.988014221191406,6589.696159362793
2021-05-03,NDAQ,1927.0,50.613731384277344,97532.66037750244,0.5007889675412728,46.988014221191406,6986.756973266602
2021-05-03,ORLY,2627.0,36.99733352661133,97191.99517440796,0.49903979577999197,36.99733352661133,0.0
2021-05-04,NDAQ,1927.0,50.9407958984375,98162.91369628906,0.5001934144376138,46.988014221191406,7617.010292053223
2021-05-04,ORLY,2627.0,37.32533264160156,98053.6488494873,0.4996366506381113,36.99733352661133,861.6536750793457
2021-05-05,NDAQ,1927.0,50.94391632080078,98168.9267501831,0.500115007706173,46.988014221191406,7623.023345947266
2021-05-05,ORLY,2627.0,37.339332580566406,98090.42668914795,0.49971509441457274,36.99733352661133,898.4315147399902
2021-05-06,NDAQ,1927.0,50.95326232910156,98186.93650817871,0.4996571683469033,46.988014221191406,7641.033103942871
2021-05-06,ORLY,2627.0,37.41466522216797,98288.32553863525,0.5001731204446158,36.99733352661133,1096.330364227295
2021-05-07,NDAQ,1927.0,51.258506774902344,98775.14255523682,0.5006610073333327,46.988014221191406,8229.239151000977
2021-05-07,ORLY,2627.0,37.487998962402344,98480.97327423096,0.4991699531597328,36.99733352661133,1288.978099822998
2021-05-10,NDAQ,1927.0,50.93768310546875,98156.91534423828,0.49902468707368225,46.988014221191406,7611.011940002441
2021-05-10,ORLY,2627.0,37.49800109863281,98507.2488861084,0.5008057647032108,36.99733352661133,1315.2537117004395
2021-05-11,NDAQ,1927.0,49.75403594970703,95876.02727508545,0.49432285563568545,46.988014221191406,5330.123870849609
2021-05-11,ORLY,2627.0,37.321998596191406,98044.89031219482,0.5055051980883039,36.99733352661133,852.8951377868652
2021-05-12,NDAQ,1927.0,49.32728958129883,95053.68702316284,0.49737908447959095,46.988014221191406,4507.783618927002
2021-05-12,ORLY,2627.0,36.551998138427734,96022.09910964966,0.5024464093994376,36.99733352661133,-1169.8960647583008
2021-05-13,NDAQ,1927.0,50.11845779418945,96578.26816940308,0.4985738751412687,46.988014221191406,6032.364765167236
2021-05-13,ORLY,2627.0,36.961334228515625,97097.42501831055,0.5012539609087202,36.99733352661133,-94.57015609741211
2021-05-14,NDAQ,1927.0,51.19622039794922,98655.11670684814,0.5043846622386069,46.988014221191406,8109.213302612305
2021-05-14,ORLY,2627.0,36.888668060302734,96906.53099441528,0.4954448338404364,36.99733352661133,-285.4641799926758
2021-05-17,NDAQ,1927.0,51.00621032714844,98288.96730041504,0.5035319317115787,46.988014221191406,7743.063896179199
2021-05-17,ORLY,2627.0,36.87733459472656,96876.75798034668,0.4962972185342422,36.99733352661133,-315.2371940612793
2021-05-18,NDAQ,1927.0,50.44240951538086,97202.52313613892,0.5030634635024437,46.988014221191406,6656.619731903076
2021-05-18,ORLY,2627.0,36.53799819946289,95985.32126998901,0.4967639378645197,36.99733352661133,-1206.6739044189453
2021-05-19,NDAQ,1927.0,50.13093185424805,96602.30568313599,0.5040815553782295,46.988014221191406,6056.4022789001465
2021-05-19,ORLY,2627.0,36.16466522216797,95004.57553863525,0.49574442211190406,36.99733352661133,-2187.419635772705
2021-05-20,NDAQ,1927.0,50.91587448120117,98114.89012527466,0.5061065922368203,46.988014221191406,7568.986721038818
2021-05-20,ORLY,2627.0,36.43466567993164,95713.86674118042,0.49372137974508434,36.99733352661133,-1478.128433227539
2021-05-21,NDAQ,1927.0,51.0435905456543,98360.99898147583,0.5077957221604638,46.988014221191406,7815.09557723999
2021-05-21,ORLY,2627.0,36.279998779296875,95307.55679321289,0.49203210754572996,36.99733352661133,-1884.4383811950684
2021-05-24,NDAQ,1927.0,51.37064743041992,98991.23759841919,0.5127746697768182,46.988014221191406,8445.33419418335
2021-05-24,ORLY,2627.0,35.79199981689453,94025.58351898193,0.48705257868488894,36.99733352661133,-3166.4116554260254
2021-05-25,NDAQ,1927.0,51.18064498901367,98625.10289382935,0.5128183676499853,46.988014221191406,8079.199489593506
2021-05-25,ORLY,2627.0,35.6533317565918,93661.30252456665,0.48700822471461147,36.99733352661133,-3530.6926498413086
2021-05-26,NDAQ,1927.0,51.535743713378906,99309.37813568115,0.516222576375751,46.988014221191406,8763.474731445312
2021-05-26,ORLY,2627.0,35.41466522216797,93034.32553863525,0.48360406763718383,36.99733352661133,-4157.669635772705
2021-05-27,NDAQ,1927.0,51.700836181640625,99627.51132202148,0.5180193711750265,46.988014221191406,9081.607917785645
2021-05-27,ORLY,2627.0,35.27333450317383,92663.04973983765,0.48180722493647987,36.99733352661133,-4528.9454345703125
2021-05-28,NDAQ,1927.0,52.161827087402344,100515.84079742432,0.5174120048544083,46.988014221191406,9969.937393188477
2021-05-28,ORLY,2627.0,35.67466735839844,93717.3511505127,0.48241632526516076,36.99733352661133,-3474.6440238952637
2021-06-01,NDAQ,1881.0,51.22425079345703,96352.81574249268,0.5007383959589963,46.988014221191406,7968.360992431641
2021-06-01,GEN,3820.0,25.147960662841797,96065.20973205566,0.49924372897677455,25.147960662841797,0.0
2021-06-02,NDAQ,1881.0,51.968711853027344,97753.14699554443,0.49902456517477084,46.988014221191406,9368.692245483398
2021-06-02,GEN,3820.0,25.688968658447266,98131.86027526855,0.5009578761273978,25.147960662841797,2066.6505432128906
2021-06-03,NDAQ,1881.0,52.348724365234375,98467.95053100586,0.5046477265330921,46.988014221191406,10083.495780944824
2021-06-03,GEN,3820.0,25.301246643066406,96650.76217651367,0.4953346458115823,25.147960662841797,585.5524444580078
2021-06-04,NDAQ,1881.0,53.0246467590332,99739.36055374146,0.5044044025640401,46.988014221191406,11354.90580368042
2021-06-04,GEN,3820.0,25.652904510498047,97994.09523010254,0.4955782028771924,25.147960662841797,1928.885498046875
2021-06-07,NDAQ,1881.0,52.61037826538086,98960.1215171814,0.5026194212190497,46.988014221191406,10575.666767120361
2021-06-07,GEN,3820.0,25.634872436523438,97925.21270751953,0.49736310929307426,25.147960662841797,1860.0029754638672
2021-06-08,NDAQ,1881.0,52.629058837890625,98995.25967407227,0.5031059847385425,46.988014221191406,10610.80492401123
2021-06-08,GEN,3820.0,25.5941104888916,97769.50206756592,0.496876535068907,25.147960662841797,1704.292335510254
2021-06-09,NDAQ,1881.0,52.67890548706055,99089.02122116089,0.5003529293752867,46.988014221191406,10704.566471099854
2021-06-09,GEN,3820.0,25.902040481567383,98945.7946395874,0.49962970253570826,25.147960662841797,2880.5849075317383
2021-06-10,NDAQ,1881.0,52.610164642333984,98959.71969223022,0.4994153180409697,46.988014221191406,10575.26494216919
2021-06-10,GEN,3820.0,25.965442657470703,99187.99095153809,0.5005673237653331,25.147960662841797,3122.781219482422
2021-06-11,NDAQ,1881.0,54.044471740722656,101657.65134429932,0.506837980450672,46.988014221191406,13273.196594238281
2021-06-11,GEN,3820.0,25.892982482910156,98911.1930847168,0.4931448708886151,25.147960662841797,2845.983352661133
2021-06-14,NDAQ,1881.0,54.73505401611328,102956.63660430908,0.5112379329894439,46.988014221191406,14572.181854248047
2021-06-14,GEN,3820.0,25.766191482543945,98426.85146331787,0.48874498771902974,25.147960662841797,2361.641731262207
2021-06-15,NDAQ,1881.0,55.08818054199219,103620.8675994873,0.516826925105293,46.988014221191406,15236.41284942627
2021-06-15,GEN,3820.0,25.358644485473633,96870.02193450928,0.4831559195663638,25.147960662841797,804.8122024536133
2021-06-16,NDAQ,1881.0,55.419410705566406,104243.91153717041,0.5204725624734341,46.988014221191406,15859.456787109375
2021-06-16,GEN,3820.0,25.141281127929688,96039.6939086914,0.4795102644435717,25.147960662841797,-25.515823364257812
2021-06-17,NDAQ,1881.0,56.18187713623047,105678.11089324951,0.5260471959724549,46.988014221191406,17293.656143188477
2021-06-17,GEN,3820.0,24.923921585083008,95209.38045501709,0.4739356825675021,25.147960662841797,-855.8292770385742
2021-06-18,NDAQ,1881.0,54.9350471496582,103332.82368850708,0.5268752064196784,46.988014221191406,14948.368938446045
2021-06-18,GEN,3820.0,24.289958953857422,92787.64320373535,0.47310725596285935,25.147960662841797,-3277.5665283203125
2021-06-21,NDAQ,1881.0,55.86626434326172,105084.4432296753,0.5260052210295513,46.988014221191406,16699.988479614258
2021-06-21,GEN,3820.0,24.788074493408203,94690.44456481934,0.4739775621577338,25.147960662841797,-1374.7651672363281
2021-06-22,NDAQ,1881.0,55.84125900268555,105037.40818405151,0.5281808491998562,46.988014221191406,16652.95343399048
2021-06-22,GEN,3820.0,24.561655044555664,93825.52227020264,0.47180185503492056,25.147960662841797,-2239.6874618530273
2021-06-23,NDAQ,1881.0,55.61002731323242,104602.46137619019,0.5261375923449052,46.988014221191406,16218.00662612915
2021-06-23,GEN,3820.0,24.661279678344727,94206.08837127686,0.47384510715899025,25.147960662841797,-1859.1213607788086
2021-06-24,NDAQ,1881.0,55.560028076171875,104508.4128112793,0.5247257223043175,46.988014221191406,16123.958061218262
2021-06-24,GEN,3820.0,24.779016494750977,94655.84300994873,0.47525700809761856,25.147960662841797,-1409.3667221069336
2021-06-25,NDAQ,1881.0,55.6444091796875,104667.13366699219,0.5285904890710318,46.988014221191406,16282.678916931152
2021-06-25,GEN,3820.0,24.434865951538086,93341.18793487549,0.4713921405160878,25.147960662841797,-2724.021797180176
2021-06-28,NDAQ,1881.0,55.34440612792969,104102.82792663574,0.5266894800558729,46.988014221191406,15718.373176574707
2021-06-28,GEN,3820.0,24.489206314086914,93548.76811981201,0.4732931181813236,25.147960662841797,-2516.4416122436523
2021-06-29,NDAQ,1881.0,55.26315689086914,103949.99811172485,0.5231160381277248,46.988014221191406,15565.543361663818
2021-06-29,GEN,3820.0,24.806188583374023,94759.64038848877,0.476866652764691,25.147960662841797,-1305.5693435668945
2021-06-30,NDAQ,1881.0,54.9350471496582,103332.82368850708,0.5231836597490455,46.988014221191406,14948.368938446045
2021-06-30,GEN,3820.0,24.652219772338867,94171.47953033447,0.47679892551066055,25.147960662841797,-1893.7302017211914
2021-07-01,NDAQ,1794.0,55.006927490234375,98682.42791748047,0.5008080781699408,46.988014221191406,14385.930404663086
2021-07-01,SPGI,248.0,396.2215881347656,98262.95385742188,0.4986792696039846,396.2215881347656,0.0
2021-07-02,NDAQ,1794.0,55.585025787353516,99719.5362625122,0.5019538110412708,46.988014221191406,15423.038749694824
2021-07-02,SPGI,248.0,398.5573425292969,98842.22094726562,0.4975377078133776,396.2215881347656,579.26708984375
2021-07-06,NDAQ,1794.0,55.11003875732422,98867.40953063965,0.4991826480473437,46.988014221191406,14570.912017822266
2021-07-06,SPGI,248.0,399.5570983886719,99090.16040039062,0.5003073196610233,396.2215881347656,827.20654296875
2021-07-07,NDAQ,1794.0,55.047550201416016,98755.30506134033,0.4968109063569234,46.988014221191406,14458.80754852295
2021-07-07,SPGI,248.0,402.9118347167969,99922.13500976562,0.5026809084178911,396.2215881347656,1659.18115234375
2021-07-08,NDAQ,1794.0,54.397579193115234,97589.25707244873,0.4950959681544954,46.988014221191406,13292.759559631348
2021-07-08,SPGI,248.0,400.89324951171875,99421.52587890625,0.50439154971609,396.2215881347656,1158.572021484375
2021-07-09,NDAQ,1794.0,54.92567825317383,98536.66678619385,0.4989404862620576,46.988014221191406,14240.169273376465
2021-07-09,SPGI,248.0,398.60540771484375,98854.14111328125,0.5005480177556529,396.2215881347656,591.187255859375
2021-07-12,NDAQ,1794.0,56.13812255859375,100711.79187011719,0.5061696360428792,46.988014221191406,16415.294357299805
2021-07-12,SPGI,248.0,395.7889099121094,98155.64965820312,0.49332266401454933,396.2215881347656,-107.30419921875
2021-07-13,NDAQ,1794.0,55.963138580322266,100397.87061309814,0.5070929954129482,46.988014221191406,16101.373100280762
2021-07-13,SPGI,248.0,393.0976257324219,97488.21118164062,0.4923967881356512,396.2215881347656,-774.74267578125
2021-07-14,NDAQ,1794.0,55.64751434326172,99831.64073181152,0.5046859975402763,46.988014221191406,15535.14321899414
2021-07-14,SPGI,248.0,394.6643371582031,97876.75561523438,0.49480332769828916,396.2215881347656,-386.1982421875
2021-07-15,NDAQ,1794.0,55.82564163208008,100151.20108795166,0.5049138270001912,46.988014221191406,15854.703575134277
2021-07-15,SPGI,248.0,395.5679016113281,98100.83959960938,0.4945768978913374,396.2215881347656,-162.1142578125
2021-07-16,NDAQ,1794.0,55.79439926147461,100095.15227508545,0.5030202076871092,46.988014221191406,15798.654762268066
2021-07-16,SPGI,248.0,398.3554992675781,98792.16381835938,0.4964721430783959,396.2215881347656,529.2099609375
2021-07-19,NDAQ,1794.0,55.35691452026367,99310.30464935303,0.504248395810012,46.988014221191406,15013.807136535645
2021-07-19,SPGI,248.0,393.289794921875,97535.869140625,0.4952386937261884,396.2215881347656,-727.084716796875
2021-07-20,NDAQ,1794.0,56.52873229980469,101412.54574584961,0.50511060017214,46.988014221191406,17116.048233032227
2021-07-20,SPGI,248.0,400.2394714355469,99259.38891601562,0.4943862629554432,396.2215881347656,996.43505859375
2021-07-21,NDAQ,1794.0,58.20991134643555,104428.58095550537,0.512027486603682,46.988014221191406,20132.08344268799
2021-07-21,SPGI,248.0,400.89324951171875,99421.52587890625,0.4874772169102768,396.2215881347656,1158.572021484375
2021-07-22,NDAQ,1794.0,57.91617202758789,103901.61261749268,0.5098433250548599,46.988014221191406,19605.115104675293
2021-07-22,SPGI,248.0,402.3735046386719,99788.62915039062,0.4896609899213056,396.2215881347656,1525.67529296875
2021-07-23,NDAQ,1794.0,58.67237854003906,105258.24710083008,0.51314438137518,46.988014221191406,20961.749588012695
2021-07-23,SPGI,248.0,402.2773132324219,99764.77368164062,0.48636315427959087,396.2215881347656,1501.81982421875
2021-07-26,NDAQ,1794.0,58.30364990234375,104596.74792480469,0.5146293773808143,46.988014221191406,20300.250411987305
2021-07-26,SPGI,248.0,397.37493896484375,98548.98486328125,0.4848736096284938,396.2215881347656,286.031005859375
2021-07-27,NDAQ,1794.0,58.02554702758789,104097.83136749268,0.5138033943206698,46.988014221191406,19801.333854675293
2021-07-27,SPGI,248.0,396.78875732421875,98403.61181640625,0.4856980121535159,396.2215881347656,140.657958984375
2021-07-28,NDAQ,1794.0,57.97555160522461,104008.13957977295,0.5143146372986952,46.988014221191406,19711.642066955566
2021-07-28,SPGI,248.0,395.6351623535156,98117.52026367188,0.4851858426748713,396.2215881347656,-145.43359375
2021-07-29,NDAQ,1794.0,58.33491134643555,104652.83095550537,0.5086969619916428,46.988014221191406,20356.33344268799
2021-07-29,SPGI,248.0,407.1508483886719,100973.41040039062,0.49081201763622206,396.2215881347656,2710.45654296875
2021-07-30,NDAQ,1794.0,58.350528717041016,104680.84851837158,0.5057462110580494,46.988014221191406,20384.3510055542
2021-07-30,SPGI,248.0,412.1011962890625,102201.0966796875,0.49376574744384205,396.2215881347656,3938.142822265625
2021-08-02,NDAQ,888.0,58.88175964355469,52287.00256347656,0.2506546864411667,46.988014221191406,10561.645935058594
2021-08-02,MCO,143.0,363.5606994628906,51989.18002319336,0.24922697760742407,363.5606994628906,0.0
2021-08-02,TROW,311.0,167.70138549804688,52155.13088989258,0.2500225168507883,167.70138549804688,0.0
2021-08-03,NDAQ,888.0,58.956748962402344,52353.59307861328,0.24986968925368858,46.988014221191406,10628.236450195312
2021-08-03,MCO,143.0,363.4935302734375,51979.57482910156,0.24808460024097517,363.5606994628906,-9.605194091796875
2021-08-03,TROW,311.0,170.4822998046875,53019.99523925781,0.25305024842845625,167.70138549804688,864.8643493652344
2021-08-04,NDAQ,888.0,59.17236328125,52545.05859375,0.24991352288543567,46.988014221191406,10819.701965332031
2021-08-04,MCO,143.0,366.95452880859375,52474.497619628906,0.24957792250563274,363.5606994628906,485.3175964355469
2021-08-04,TROW,311.0,170.6205291748047,53062.98457336426,0.2523768697656823,167.70138549804688,907.8536834716797
2021-08-05,NDAQ,888.0,58.959877014160156,52356.37078857422,0.24785176051659602,46.988014221191406,10631.01416015625
2021-08-05,MCO,143.0,370.8659973144531,53033.8376159668,0.25105884579259624,363.5606994628906,1044.6575927734375
2021-08-05,TROW,311.0,172.6046142578125,53680.03503417969,0.2541179036557187,167.70138549804688,1524.9041442871094
2021-08-06,NDAQ,888.0,58.97237014770508,52367.46469116211,0.24767891131624964,46.988014221191406,10642.10806274414
2021-08-06,MCO,143.0,369.0732421875,52777.4736328125,0.24961810331068343,363.5606994628906,788.2936096191406
2021-08-06,TROW,311.0,174.0113067626953,54117.51640319824,0.255956014386649,167.70138549804688,1962.385513305664
2021-08-09,NDAQ,888.0,58.959877014160156,52356.37078857422,0.24758387177064609,46.988014221191406,10631.01416015625
2021-08-09,MCO,143.0,366.6285705566406,52427.88558959961,0.2479220524172435,363.5606994628906,438.70556640625
2021-08-09,TROW,311.0,175.28794860839844,54514.552017211914,0.2577895230891187,167.70138549804688,2359.421127319336
2021-08-10,NDAQ,888.0,59.01612854003906,52406.32214355469,0.24758461360080689,46.988014221191406,10680.965515136719
2021-08-10,MCO,143.0,364.6440124511719,52144.09378051758,0.24634576101046726,363.5606994628906,154.91375732421875
2021-08-10,TROW,311.0,176.68653869628906,54949.5135345459,0.2595994818857185,167.70138549804688,2794.3826446533203
2021-08-11,NDAQ,888.0,59.15985870361328,52533.954528808594,0.2481238622375409,46.988014221191406,10808.597900390625
2021-08-11,MCO,143.0,364.3085021972656,52096.115814208984,0.24605590002380728,363.5606994628906,106.935791015625
2021-08-11,TROW,311.0,176.605224609375,54924.224853515625,0.2594133817507322,167.70138549804688,2769.093963623047
2021-08-12,NDAQ,888.0,59.40048599243164,52747.6315612793,0.24953101126575858,46.988014221191406,11022.274932861328
2021-08-12,MCO,143.0,363.28265380859375,51949.419494628906,0.24575494287557106,363.5606994628906,-39.760528564453125
2021-08-12,TROW,311.0,175.30419921875,54519.60595703125,0.25791361631969995,167.70138549804688,2364.475067138672
2021-08-13,NDAQ,888.0,59.68171310424805,52997.361236572266,0.2503589918040139,46.988014221191406,11272.004608154297
2021-08-13,MCO,143.0,364.93157958984375,52185.215881347656,0.24652242546206488,363.5606994628906,196.03585815429688
2021-08-13,TROW,311.0,174.70248413085938,54332.472564697266,0.256666044046925,167.70138549804688,2177.3416748046875
2021-08-16,NDAQ,888.0,60.05044937133789,53324.79904174805,0.2505262485457408,46.988014221191406,11599.442413330078
2021-08-16,MCO,143.0,368.565185546875,52704.821533203125,0.247613520468193,363.5606994628906,715.6415100097656
2021-08-16,TROW,311.0,175.72702026367188,54651.10330200195,0.2567573837159176,167.70138549804688,2495.972412109375
2021-08-17,NDAQ,888.0,59.369232177734375,52719.878173828125,0.2497809827209861,46.988014221191406,10994.521545410156
2021-08-17,MCO,143.0,366.1012878417969,52352.48416137695,0.2480403103094664,363.5606994628906,363.30413818359375
2021-08-17,TROW,311.0,173.05992126464844,53821.635513305664,0.25500098778373254,167.70138549804688,1666.504623413086
2021-08-18,NDAQ,888.0,58.4005241394043,51859.665435791016,0.2487850079178168,46.988014221191406,10134.308807373047
2021-08-18,MCO,143.0,358.4794921875,51262.5673828125,0.24592056514539096,363.5606994628906,-726.6126403808594
2021-08-18,TROW,311.0,170.92950439453125,53159.07586669922,0.25501863537425007,167.70138549804688,1003.9449768066406
2021-08-19,NDAQ,888.0,58.75362777709961,52173.22146606445,0.2490284096889071,46.988014221191406,10447.864837646484
2021-08-19,MCO,143.0,359.67034912109375,51432.859924316406,0.24549458424827822,363.5606994628906,-556.3200988769531
2021-08-19,TROW,311.0,172.7672119140625,53730.60290527344,0.2564619591648101,167.70138549804688,1575.4720153808594
2021-08-20,NDAQ,888.0,58.956748962402344,52353.59307861328,0.2484695101969536,46.988014221191406,10628.236450195312
2021-08-20,MCO,143.0,361.4756774902344,51691.021881103516,0.24532495542554264,363.5606994628906,-298.15814208984375
2021-08-20,TROW,311.0,175.2066192626953,54489.25859069824,0.2586053525055314,167.70138549804688,2334.127700805664
2021-08-23,NDAQ,888.0,59.54110336303711,52872.49978637695,0.2498220477924606,46.988014221191406,11147.143157958984
2021-08-23,MCO,143.0,364.058837890625,52060.413818359375,0.24598494948363528,363.5606994628906,71.23379516601562
2021-08-23,TROW,311.0,175.3611297607422,54537.31135559082,0.25768826628203445,167.70138549804688,2382.180465698242
2021-08-24,NDAQ,888.0,59.64110565185547,52961.301818847656,0.25018411229221954,46.988014221191406,11235.945190429688
2021-08-24,MCO,143.0,361.4084167480469,51681.4035949707,0.24413799578888448,363.5606994628906,-307.77642822265625
2021-08-24,TROW,311.0,176.45074462890625,54876.181579589844,0.25922982069882694,167.70138549804688,2721.0506896972656
2021-08-25,NDAQ,888.0,59.88172149658203,53174.968688964844,0.25023923958333766,46.988014221191406,11449.612060546875
2021-08-25,MCO,143.0,361.4564208984375,51688.26818847656,0.24324288750447767,363.5606994628906,-300.9118347167969
2021-08-25,TROW,311.0,178.33718872070312,55462.86569213867,0.26100598981253015,167.70138549804688,3307.7348022460938
2021-08-26,NDAQ,888.0,59.73796463012695,53047.312591552734,0.25018754050736813,46.988014221191406,11321.955963134766
2021-08-26,MCO,143.0,360.4674072265625,51546.83923339844,0.2431108438617923,363.5606994628906,-442.3407897949219
2021-08-26,TROW,311.0,177.7029571533203,55265.61967468262,0.2606497631178066,167.70138549804688,3110.488784790039
2021-08-27,NDAQ,888.0,60.45979690551758,53688.29965209961,0.2508200232568711,46.988014221191406,11962.94302368164
2021-08-27,MCO,143.0,362.848876953125,51887.389404296875,0.24240656346834236,363.5606994628906,-101.79061889648438
2021-08-27,TROW,311.0,181.04495239257812,56304.9801940918,0.26304458389021595,167.70138549804688,4149.849304199219
2021-08-30,NDAQ,888.0,60.6535530090332,53860.355072021484,0.25106033502118064,46.988014221191406,12134.998443603516
2021-08-30,MCO,143.0,365.96026611328125,52332.31805419922,0.24393766594285318,363.5606994628906,343.1380310058594
2021-08-30,TROW,311.0,180.60586547851562,56168.42416381836,0.26181898298522954,167.70138549804688,4013.2932739257812
2021-08-31,NDAQ,888.0,61.178531646728516,54326.53610229492,0.2522136871647774,46.988014221191406,12601.179473876953
2021-08-31,MCO,143.0,365.6530456542969,52288.38552856445,0.2427514702063902,363.5606994628906,299.20550537109375
2021-08-31,TROW,311.0,182.03697204589844,56613.498306274414,0.26283102468075764,167.70138549804688,4458.367416381836
2021-09-01,MCO,293.0,366.9397888183594,107513.3581237793,0.5005751462068351,365.29060868923983,483.20977783203125
2021-09-01,DHR,377.0,284.00927734375,107071.49755859375,0.49851787238634715,284.00927734375,0.0
2021-09-02,MCO,293.0,370.37762451171875,108520.6439819336,0.5000059078058281,365.29060868923983,1490.4956359863281
2021-09-02,DHR,377.0,287.32965087890625,108323.27838134766,0.49909655118325735,284.00927734375,1251.7808227539062
2021-09-03,MCO,293.0,370.0895690917969,108436.24374389648,0.49905957461404754,365.29060868923983,1406.0953979492188
2021-09-03,DHR,377.0,288.19659423828125,108650.11602783203,0.500043885831012,284.00927734375,1578.6184692382812
2021-09-07,MCO,293.0,366.6131896972656,107417.66458129883,0.4985310356506918,365.29060868923983,387.5162353515625
2021-09-07,DHR,377.0,286.08990478515625,107855.8941040039,0.5005648819334093,284.00927734375,784.3965454101562
2021-09-08,MCO,293.0,366.7765197753906,107465.52029418945,0.49825699510008303,365.29060868923983,435.3719482421875
2021-09-08,DHR,377.0,286.5320739746094,108022.59188842773,0.5008398218322381,284.00927734375,951.0943298339844
2021-09-09,MCO,293.0,367.3142395019531,107623.07217407227,0.5002367117488229,365.29060868923983,592.923828125
2021-09-09,DHR,377.0,284.6854553222656,107326.41665649414,0.49885784402429445,284.00927734375,254.91909790039062
2021-09-10,MCO,293.0,367.343017578125,107631.50415039062,0.4990357539050178,365.29060868923983,601.3558044433594
2021-09-10,DHR,377.0,286.0812683105469,107852.63815307617,0.5000610464029283,284.00927734375,781.1405944824219
2021-09-13,MCO,293.0,364.11651611328125,106686.1392211914,0.5033733254673268,365.29060868923983,-344.0091247558594
2021-09-13,DHR,377.0,278.67755126953125,105061.43682861328,0.4957075513356829,284.00927734375,-2010.0607299804688
2021-09-14,MCO,293.0,365.0575866699219,106961.87289428711,0.5019776166316271,365.29060868923983,-68.27545166015625
2021-09-14,DHR,377.0,280.9662780761719,105924.2868347168,0.4971081714439192,284.00927734375,-1147.2107238769531
2021-09-15,MCO,293.0,364.7310485839844,106866.19723510742,0.5008546592872082,365.29060868923983,-163.95111083984375
2021-09-15,DHR,377.0,281.9805908203125,106306.68273925781,0.4982323572924204,284.00927734375,-764.8148193359375
2021-09-16,MCO,293.0,365.2304382324219,107012.51840209961,0.5021652463457567,365.29060868923983,-17.62994384765625
2021-09-16,DHR,377.0,280.8882751464844,105894.87973022461,0.49692063284288773,284.00927734375,-1176.6178283691406
2021-09-17,MCO,293.0,355.310546875,104105.990234375,0.4948734739104329,365.29060868923983,-2924.1581115722656
2021-09-17,DHR,377.0,281.3477783203125,106068.11242675781,0.504200528226858,284.00927734375,-1003.3851318359375
2021-09-20,MCO,293.0,354.28302001953125,103804.92486572266,0.49447270046905184,365.29060868923983,-3225.2234802246094
2021-09-20,DHR,377.0,280.9836120605469,105930.82174682617,0.5045993680917853,284.00927734375,-1140.6758117675781
2021-09-21,MCO,293.0,354.7728271484375,103948.43835449219,0.4943641991531411,365.29060868923983,-3081.709991455078
2021-09-21,DHR,377.0,281.49517822265625,106123.6821899414,0.5047093538634734,284.00927734375,-947.8153686523438
2021-09-22,MCO,293.0,355.67547607421875,104212.9144897461,0.49543781533890646,365.29060868923983,-2817.233856201172
2021-09-22,DHR,377.0,281.0010070800781,105937.37966918945,0.5036360819867076,284.00927734375,-1134.1178894042969
2021-09-23,MCO,293.0,361.955810546875,106053.05249023438,0.49912160910277575,365.29060868923983,-977.0958557128906
2021-09-23,DHR,377.0,281.78125,106231.53125,0.4999615906372355,284.00927734375,-839.96630859375
2021-09-24,MCO,293.0,361.3316345214844,105870.16891479492,0.4990973590949542,365.29060868923983,-1159.9794311523438
2021-09-24,DHR,377.0,281.32177734375,106058.31005859375,0.4999843015544743,284.00927734375,-1013.1875
2021-09-27,MCO,293.0,353.58197021484375,103599.51727294922,0.5003007349363261,365.29060868923983,-3430.631072998047
2021-09-27,DHR,377.0,273.95269775390625,103280.16705322266,0.49875853518639546,284.00927734375,-3791.3305053710938
2021-09-28,MCO,293.0,341.3766174316406,100023.3489074707,0.5012195501254421,365.29060868923983,-7006.7994384765625
2021-09-28,DHR,377.0,263.506103515625,99341.80102539062,0.4978042963214414,284.00927734375,-7729.696533203125
2021-09-29,MCO,293.0,345.15057373046875,101129.11810302734,0.5016214948564385,365.29060868923983,-5901.030242919922
2021-09-29,DHR,377.0,265.9960632324219,100280.51583862305,0.4974122508286662,284.00927734375,-6790.981719970703
2021-09-30,MCO,293.0,341.0116882324219,99916.42465209961,0.5003776614960971,365.29060868923983,-7113.723693847656
2021-09-30,DHR,377.0,264.113525390625,99570.79907226562,0.4986467817133913,284.00927734375,-7500.698486328125
2021-10-01,DHR,191.0,262.27423095703125,50094.37811279297,0.25106136293208703,284.00927734375,-4151.393859863281
2021-10-01,MPWR,106.0,467.1021728515625,49512.830322265625,0.2481467807693702,467.1021728515625,0.0
2021-10-01,RGEN,177.0,281.6000061035156,49843.201080322266,0.2498025221103217,281.6000061035156,0.0
2021-10-04,DHR,191.0,259.0209655761719,49473.00442504883,0.2531694715136494,284.00927734375,-4772.767547607422
2021-10-04,MPWR,106.0,448.6628723144531,47558.26446533203,0.24337112372133035,467.1021728515625,-1954.5658569335938
2021-10-04,RGEN,177.0,272.8999938964844,48303.298919677734,0.2471837075993101,281.6000061035156,-1539.9021606445312
2021-10-05,DHR,191.0,259.8450927734375,49630.41271972656,0.2536156598800222,284.00927734375,-4615.3592529296875
2021-10-05,MPWR,106.0,453.9809875488281,48121.98468017578,0.24590746339992037,467.1021728515625,-1390.8456420898438
2021-10-05,RGEN,177.0,270.3900146484375,47859.03259277344,0.2445637557112501,281.6000061035156,-1984.1684875488281
2021-10-06,DHR,191.0,260.78204345703125,49809.37030029297,0.2552219017683288,284.00927734375,-4436.401672363281
2021-10-06,MPWR,106.0,451.3799743652344,47846.277282714844,0.245163064841184,467.1021728515625,-1666.5530395507812
2021-10-06,RGEN,177.0,267.94000244140625,47425.380432128906,0.24300640046242933,281.6000061035156,-2417.8206481933594
2021-10-07,DHR,191.0,262.52581787109375,50142.431213378906,0.2547962532457582,284.00927734375,-4103.340759277344
2021-10-07,MPWR,106.0,456.58203125,48397.6953125,0.2459304651359728,467.1021728515625,-1115.135009765625
2021-10-07,RGEN,177.0,272.1700134277344,48174.092376708984,0.2447942380150369,281.6000061035156,-1669.1087036132812
2021-10-08,DHR,191.0,260.0620422363281,49671.85006713867,0.2565735350280964,284.00927734375,-4573.921905517578
2021-10-08,MPWR,106.0,453.2171630859375,48041.019287109375,0.2481496889724496,467.1021728515625,-1471.81103515625
2021-10-08,RGEN,177.0,258.7799987792969,45804.05978393555,0.23659496317366752,281.6000061035156,-4039.1412963867188
2021-10-11,DHR,191.0,259.16845703125,49501.17529296875,0.2581972837840685,284.00927734375,-4744.5966796875
2021-10-11,MPWR,106.0,445.5881042480469,47232.33905029297,0.2463630727427612,467.1021728515625,-2280.4912719726562
2021-10-11,RGEN,177.0,253.6999969482422,44904.89945983887,0.23422318764164698,281.6000061035156,-4938.301620483398
2021-10-12,DHR,191.0,257.52874755859375,49187.990783691406,0.25750071557898085,284.00927734375,-5057.781188964844
2021-10-12,MPWR,106.0,446.419677734375,47320.48583984375,0.24772426706530226,467.1021728515625,-2192.344482421875
2021-10-12,RGEN,177.0,251.02999877929688,44432.30978393555,0.23260457241493607,281.6000061035156,-5410.891296386719
2021-10-13,DHR,191.0,256.66998291015625,49023.966735839844,0.25580492351561684,284.00927734375,-5221.805236816406
2021-10-13,MPWR,106.0,450.55816650390625,47759.16564941406,0.24920524652662515,467.1021728515625,-1753.6646728515625
2021-10-13,RGEN,177.0,253.00999450683594,44782.76902770996,0.23367453857168236,281.6000061035156,-5060.432052612305
2021-10-14,DHR,191.0,260.6346130371094,49781.21109008789,0.25320881481448965,284.00927734375,-4464.560882568359
2021-10-14,MPWR,106.0,464.18212890625,49203.3056640625,0.2502693373531249,467.1021728515625,-309.524658203125
2021-10-14,RGEN,177.0,268.57000732421875,47536.89129638672,0.24179323165402034,281.6000061035156,-2306.309783935547
2021-10-15,DHR,191.0,261.4587707519531,49938.62521362305,0.2540536796564756,284.00927734375,-4307.146759033203
2021-10-15,MPWR,106.0,465.1296691894531,49303.74493408203,0.2508238416209117,467.1021728515625,-209.08538818359375
2021-10-15,RGEN,177.0,266.9200134277344,47244.842376708984,0.24034954905644484,281.6000061035156,-2598.3587036132812
2021-10-18,DHR,191.0,263.8878173828125,50402.57312011719,0.255297884098753,284.00927734375,-3843.1988525390625
2021-10-18,MPWR,106.0,474.1026611328125,50254.882080078125,0.2545498030447866,467.1021728515625,742.0517578125
2021-10-18,RGEN,177.0,263.7799987792969,46689.05978393555,0.23648828691726945,281.6000061035156,-3154.1412963867188
2021-10-19,DHR,191.0,267.6182556152344,51115.086822509766,0.2574699396686961,284.00927734375,-3130.6851501464844
2021-10-19,MPWR,106.0,479.6625061035156,50844.225646972656,0.25610559471969324,467.1021728515625,1331.3953247070312
2021-10-19,RGEN,177.0,262.6499938964844,46489.048919677734,0.23416829285973967,281.6000061035156,-3354.1521606445312
2021-10-20,DHR,191.0,273.118408203125,52165.615966796875,0.2594370819360929,284.00927734375,-2080.156005859375
2021-10-20,MPWR,106.0,484.40045166015625,51346.44787597656,0.25536308462658447,467.1021728515625,1833.6175537109375
2021-10-20,RGEN,177.0,268.25,47480.25,0.2361351875426258,281.6000061035156,-2362.9510803222656
2021-10-21,DHR,191.0,269.578857421875,51489.561767578125,0.25422578359518144,284.00927734375,-2756.210205078125
2021-10-21,MPWR,106.0,500.3838195800781,53040.68487548828,0.2618843356205622,467.1021728515625,3527.8545532226562
2021-10-21,RGEN,177.0,270.760009765625,47924.521728515625,0.23662367034415055,281.6000061035156,-1918.6793518066406
2021-10-22,DHR,191.0,271.8691711425781,51927.01168823242,0.25574453503369604,284.00927734375,-2318.760284423828
2021-10-22,MPWR,106.0,494.05035400390625,52369.33752441406,0.2579230238708132,467.1021728515625,2856.5072021484375
2021-10-22,RGEN,177.0,274.95001220703125,48666.15216064453,0.23968455051734944,281.6000061035156,-1177.0489196777344
2021-10-25,DHR,191.0,265.5534973144531,50720.71798706055,0.24985299503837366,284.00927734375,-3525.053985595703
2021-10-25,MPWR,106.0,505.5181579589844,53584.924743652344,0.263962232149847,467.1021728515625,4072.0944213867188
2021-10-25,RGEN,177.0,274.6700134277344,48616.592376708984,0.23948795868740164,281.6000061035156,-1226.6087036132812
2021-10-26,DHR,191.0,266.27362060546875,50858.26153564453,0.2504797794790312,284.00927734375,-3387.5104370117188
2021-10-26,MPWR,106.0,506.0113830566406,53637.206604003906,0.26416623919844473,467.1021728515625,4124.376281738281
2021-10-26,RGEN,177.0,273.8299865722656,48467.907623291016,0.2387071529132663,281.6000061035156,-1375.29345703125
2021-10-27,DHR,191.0,264.8074951171875,50578.23156738281,0.24984096450396082,284.00927734375,-3667.5404052734375
2021-10-27,MPWR,106.0,507.6357421875,53809.388671875,0.2658018904286773,467.1021728515625,4296.558349609375
2021-10-27,RGEN,177.0,271.0400085449219,47974.08151245117,0.23697726126098817,281.6000061035156,-1869.1195678710938
2021-10-28,DHR,191.0,264.2261962890625,50467.20349121094,0.24237121270773304,284.00927734375,-3778.5684814453125
2021-10-28,MPWR,106.0,531.5284423828125,56342.014892578125,0.27058528175212854,467.1021728515625,6829.1845703125
2021-10-28,RGEN,177.0,290.0199890136719,51333.53805541992,0.24653182681773667,281.6000061035156,1490.3369750976562
2021-10-29,DHR,191.0,270.4725341796875,51660.25402832031,0.24954801501970136,284.00927734375,-2585.5179443359375
2021-10-29,MPWR,106.0,508.0804443359375,53856.527099609375,0.26015724634637954,467.1021728515625,4343.69677734375
2021-10-29,RGEN,177.0,290.5,51418.5,0.24838020740773573,281.6000061035156,1575.2989196777344
2021-11-01,FDS,251.0,415.5617980957031,104306.01132202148,0.49999680544056757,415.5617980957031,0.0
2021-11-01,ODFL,618.0,168.557861328125,104168.75830078125,0.49933887526677045,168.557861328125,0.0
2021-11-02,FDS,251.0,416.67047119140625,104584.28826904297,0.4992338108593365,415.5617980957031,278.2769470214844
2021-11-02,ODFL,618.0,169.5254364013672,104766.71969604492,0.5001046485160254,168.557861328125,597.9613952636719
2021-11-03,FDS,251.0,420.7322082519531,105603.78427124023,0.5006391527901158,415.5617980957031,1297.77294921875
2021-11-03,ODFL,618.0,170.21934509277344,105195.55526733398,0.49870384882283525,168.557861328125,1026.7969665527344
2021-11-04,FDS,251.0,423.9051513671875,106400.19299316406,0.4975989543627168,415.5617980957031,2094.181671142578
2021-11-04,ODFL,618.0,173.60586547851562,107288.42486572266,0.5017529247511464,168.557861328125,3119.6665649414062
2021-11-05,FDS,251.0,427.1068115234375,107203.80969238281,0.5040403298668769,415.5617980957031,2897.798370361328
2021-11-05,ODFL,618.0,170.46368408203125,105346.55676269531,0.495308080686441,168.557861328125,1177.7984619140625
2021-11-08,FDS,251.0,428.12939453125,107460.47802734375,0.50276994609347,415.5617980957031,3154.4667053222656
2021-11-08,ODFL,618.0,171.74403381347656,106137.81289672852,0.49658165911925867,168.557861328125,1969.0545959472656
2021-11-09,FDS,251.0,426.036376953125,106935.13061523438,0.5011970071702401,415.5617980957031,2629.1192932128906
2021-11-09,ODFL,618.0,171.98342895507812,106285.75909423828,0.49815345112843856,168.557861328125,2117.0007934570312
2021-11-10,FDS,251.0,428.71234130859375,107606.79766845703,0.507727021404678,415.5617980957031,3300.786346435547
2021-11-10,ODFL,618.0,168.59693908691406,104192.90835571289,0.49161908129567744,168.557861328125,24.150054931640625
2021-11-11,FDS,251.0,436.5682678222656,109578.63522338867,0.5091308346932648,415.5617980957031,5272.6239013671875
2021-11-11,ODFL,618.0,170.7275848388672,105509.64743041992,0.4902252592846317,168.557861328125,1340.8891296386719
2021-11-12,FDS,251.0,436.444091796875,109547.46704101562,0.5034010556630983,415.5617980957031,5241.455718994141
2021-11-12,ODFL,618.0,174.64181518554688,107928.64178466797,0.49596210371841865,168.557861328125,3759.8834838867188
2021-11-15,FDS,251.0,442.4649963378906,111058.71408081055,0.5052244379550328,415.5617980957031,6752.7027587890625
2021-11-15,ODFL,618.0,175.76577758789062,108623.2505493164,0.4941451119962991,168.557861328125,4454.492248535156
2021-11-16,FDS,251.0,440.4866943359375,110562.16027832031,0.5029476939736516,415.5617980957031,6256.148956298828
2021-11-16,ODFL,618.0,176.58187866210938,109127.6010131836,0.4964218783378791,168.557861328125,4958.842712402344
2021-11-17,FDS,251.0,440.7543029785156,110629.33004760742,0.5033898943255928,415.5617980957031,6323.3187255859375
2021-11-17,ODFL,618.0,176.3766326904297,109000.75900268555,0.4959795068103457,168.557861328125,4832.000701904297
2021-11-18,FDS,251.0,441.2130432128906,110744.47384643555,0.5099039207525604,415.5617980957031,6438.4625244140625
2021-11-18,ODFL,618.0,172.01275634765625,106303.88342285156,0.48945798436586974,168.557861328125,2135.1251220703125
2021-11-19,FDS,251.0,440.7734375,110634.1328125,0.5097824256817762,415.5617980957031,6328.121490478516
2021-11-19,ODFL,618.0,171.92481994628906,106249.53872680664,0.48957899522308695,168.557861328125,2080.7804260253906
2021-11-22,FDS,251.0,435.5935363769531,109333.97763061523,0.5050250475731203,415.5617980957031,5027.96630859375
2021-11-22,ODFL,618.0,173.17091369628906,107019.62466430664,0.4943348098058655,168.557861328125,2850.8663635253906
2021-11-23,FDS,251.0,444.4146728515625,111548.08288574219,0.509627818319173,415.5617980957031,7242.071563720703
2021-11-23,ODFL,618.0,173.45436096191406,107194.79507446289,0.48973902675607495,168.557861328125,3026.0367736816406
2021-11-24,FDS,251.0,448.294921875,112522.025390625,0.5090868709522169,415.5617980957031,8216.014068603516
2021-11-24,ODFL,618.0,175.35040283203125,108366.54895019531,0.4902861206899464,168.557861328125,4197.7906494140625
2021-11-26,FDS,251.0,438.1834716796875,109984.05139160156,0.5081393969415334,415.5617980957031,5678.040069580078
2021-11-26,ODFL,618.0,172.04208374023438,106322.00775146484,0.4912203198269151,168.557861328125,2153.2494506835938
2021-11-29,FDS,251.0,449.44281005859375,112810.14532470703,0.5108482931612889,415.5617980957031,8504.134002685547
2021-11-29,ODFL,618.0,174.56362915039062,107880.3228149414,0.48852413599037964,168.557861328125,3711.5645141601562
2021-11-30,FDS,251.0,448.619384765625,112603.46557617188,0.5116865283631579,415.5617980957031,8297.45425415039
2021-11-30,ODFL,618.0,173.6591033935547,107321.3258972168,0.48768371725229137,168.557861328125,3152.567596435547
2021-12-01,FDS,123.0,443.1142272949219,54503.04995727539,0.2516663654846981,415.5617980957031,3388.9487915039062
2021-12-01,AZO,30.0,1806.8299560546875,54204.898681640625,0.250289659998263,1806.8299560546875,0.0
2021-12-01,HLI,554.0,97.88371276855469,54227.5768737793,0.2503943759397705,97.88371276855469,0.0
2021-12-02,FDS,123.0,450.4097595214844,55400.40042114258,0.250735545841084,415.5617980957031,4286.299255371094
2021-12-02,AZO,30.0,1868.2900390625,56048.701171875,0.2536696770272919,1806.8299560546875,1843.802490234375
2021-12-02,HLI,554.0,100.8470687866211,55869.276107788086,0.2528576207778891,97.88371276855469,1641.699234008789
2021-12-03,FDS,123.0,446.5226135253906,54922.28146362305,0.251503925986073,415.5617980957031,3808.1802978515625
2021-12-03,AZO,30.0,1863.0,55890.0,0.2559353699221648,1806.8299560546875,1685.101318359375
2021-12-03,HLI,554.0,97.34660339355469,53930.0182800293,0.24696008549666146,97.88371276855469,-297.55859375
2021-12-06,FDS,123.0,440.19403076171875,54143.865783691406,0.24727348795013787,415.5617980957031,3029.764617919922
2021-12-06,AZO,30.0,1879.989990234375,56399.69970703125,0.257575817020784,1806.8299560546875,2194.801025390625
2021-12-06,HLI,554.0,98.89310455322266,54786.77992248535,0.25020965845165244,97.88371276855469,559.2030487060547
2021-12-07,FDS,123.0,446.95343017578125,54975.271911621094,0.24421192958703847,415.5617980957031,3861.1707458496094
2021-12-07,AZO,30.0,2023.5699462890625,60707.098388671875,0.2696739301437424,1806.8299560546875,6502.19970703125
2021-12-07,HLI,554.0,100.71742248535156,55797.452056884766,0.24786422984424827,97.88371276855469,1569.8751831054688
2021-12-08,FDS,123.0,454.2778015136719,55876.16958618164,0.2509382077056025,415.5617980957031,4762.068420410156
2021-12-08,AZO,30.0,1988.8599853515625,59665.799560546875,0.26795732266422373,1806.8299560546875,5460.90087890625
2021-12-08,HLI,554.0,96.55943298339844,53493.925872802734,0.24023962238415844,97.88371276855469,-733.6510009765625
2021-12-09,FDS,123.0,442.9705810546875,54485.38146972656,0.24888842761083038,415.5617980957031,3371.280303955078
2021-12-09,AZO,30.0,1965.8299560546875,58974.898681640625,0.26939647673270173,1806.8299560546875,4770.0
2021-12-09,HLI,554.0,93.54054260253906,51821.46060180664,0.2367196759528346,97.88371276855469,-2406.1162719726562
2021-12-10,FDS,123.0,446.225830078125,54885.777099609375,0.24989453804643258,415.5617980957031,3771.6759338378906
2021-12-10,AZO,30.0,2003.02001953125,60090.6005859375,0.2735920609651424,1806.8299560546875,5885.701904296875
2021-12-10,HLI,554.0,92.1051254272461,51026.239486694336,0.2323220917804017,97.88371276855469,-3201.337387084961
2021-12-13,FDS,123.0,446.6758117675781,54941.12484741211,0.2504106348317719,415.5617980957031,3827.023681640625
2021-12-13,AZO,30.0,1986.0999755859375,59582.999267578125,0.2715673680364778,1806.8299560546875,5378.1005859375
2021-12-13,HLI,554.0,92.50334167480469,51246.8512878418,0.23357287641558605,97.88371276855469,-2980.7255859375
2021-12-14,FDS,123.0,442.22381591796875,54393.529357910156,0.24700309450882582,415.5617980957031,3279.428192138672
2021-12-14,AZO,30.0,1999.5400390625,59986.201171875,0.2723996308418872,1806.8299560546875,5781.302490234375
2021-12-14,HLI,554.0,94.22578430175781,52201.08450317383,0.2370471186776478,97.88371276855469,-2026.4923706054688
2021-12-15,FDS,123.0,449.3565368652344,55270.85403442383,0.248458511326825,415.5617980957031,4156.752868652344
2021-12-15,AZO,30.0,2048.590087890625,61457.70263671875,0.2762701892967956,1806.8299560546875,7252.803955078125
2021-12-15,HLI,554.0,94.03134155273438,52093.363220214844,0.23417476899562592,97.88371276855469,-2134.213653564453
2021-12-16,FDS,123.0,451.328857421875,55513.449462890625,0.2502661124927089,415.5617980957031,4399.348297119141
2021-12-16,AZO,30.0,2011.219970703125,60336.59912109375,0.2720098687645279,1806.8299560546875,6131.700439453125
2021-12-16,HLI,554.0,94.46659088134766,52334.4913482666,0.2359347117813203,97.88371276855469,-1893.0855255126953
2021-12-17,FDS,123.0,452.9756164550781,55716.00082397461,0.25281270924451293,415.5617980957031,4601.899658203125
2021-12-17,AZO,30.0,1996.3699951171875,59891.099853515625,0.271757322666376,1806.8299560546875,5686.201171875
2021-12-17,HLI,554.0,92.3181381225586,51144.24851989746,0.23206827193932772,97.88371276855469,-3083.328353881836
2021-12-20,FDS,123.0,450.91717529296875,55462.812561035156,0.2520244127217628,415.5617980957031,4348.711395263672
2021-12-20,AZO,30.0,1994.300048828125,59829.00146484375,0.2718644847178177,1806.8299560546875,5624.102783203125
2021-12-20,HLI,554.0,92.3181381225586,51144.24851989746,0.23240074929734994,97.88371276855469,-3083.328353881836
2021-12-21,FDS,123.0,454.6127624511719,55917.36978149414,0.25274875248986994,415.5617980957031,4803.268615722656
2021-12-21,AZO,30.0,1990.3699951171875,59711.099853515625,0.26989656446195714,1806.8299560546875,5506.201171875
2021-12-21,HLI,554.0,93.81834411621094,51975.36264038086,0.23493072222278324,97.88371276855469,-2252.2142333984375
2021-12-22,FDS,123.0,457.10211181640625,56223.55975341797,0.25235218892039374,415.5617980957031,5109.458587646484
2021-12-22,AZO,30.0,2024.1600341796875,60724.801025390625,0.27255542921366,1806.8299560546875,6519.90234375
2021-12-22,HLI,554.0,94.25357818603516,52216.48231506348,0.23436693919275073,97.88371276855469,-2011.0945587158203
2021-12-23,FDS,123.0,459.0936279296875,56468.51623535156,0.2524444852047902,415.5617980957031,5354.415069580078
2021-12-23,AZO,30.0,2014.5,60435.0,0.27017679019163465,1806.8299560546875,6230.101318359375
2021-12-23,HLI,554.0,95.93900299072266,53150.20765686035,0.23760987015387397,97.88371276855469,-1077.3692169189453
2021-12-27,FDS,123.0,464.94342041015625,57188.04071044922,0.2526557295780988,415.5617980957031,6073.939544677734
2021-12-27,AZO,30.0,2047.06005859375,61411.8017578125,0.27131622949604994,1806.8299560546875,7206.903076171875
2021-12-27,HLI,554.0,97.67996978759766,54114.7032623291,0.2390777803154901,97.88371276855469,-112.87361145019531
2021-12-28,FDS,123.0,466.9635925292969,57436.521881103516,0.2529808640867837,415.5617980957031,6322.420715332031
2021-12-28,AZO,30.0,2059.93994140625,61798.1982421875,0.27219199697846647,1806.8299560546875,7593.299560546875
2021-12-28,HLI,554.0,97.78182983398438,54171.133728027344,0.23859836512116064,97.88371276855469,-56.443145751953125
2021-12-29,FDS,123.0,468.03582763671875,57568.406799316406,0.2523211521979154,415.5617980957031,6454.305633544922
2021-12-29,AZO,30.0,2104.0400390625,63121.201171875,0.2766589366164816,1806.8299560546875,8916.302490234375
2021-12-29,HLI,554.0,97.170654296875,53832.54248046875,0.23594693512651443,97.88371276855469,-395.0343933105469
2021-12-30,FDS,123.0,464.1008605957031,57084.405853271484,0.2523245545154506,415.5617980957031,5970.3046875
2021-12-30,AZO,30.0,2084.52001953125,62535.6005859375,0.2764199315617214,1806.8299560546875,8330.701904296875
2021-12-30,HLI,554.0,95.63339233398438,52980.899353027344,0.2341862304994879,97.88371276855469,-1246.6775207519531
2021-12-31,FDS,123.0,465.3168029785156,57233.96676635742,0.25227874980797915,415.5617980957031,6119.8656005859375
2021-12-31,AZO,30.0,2096.389892578125,62891.69677734375,0.27721717596581286,1806.8299560546875,8686.798095703125
2021-12-31,HLI,554.0,95.86490631103516,53109.15809631348,0.23409721123449914,97.88371276855469,-1118.4187774658203
2022-01-03,FDS,246.0,455.7521057128906,112115.0180053711,0.5006164996094022,435.6569519042969,4943.4078369140625
2022-01-03,STE,479.0,233.44656372070312,111820.9040222168,0.49930322048451437,233.44656372070312,0.0
2022-01-04,FDS,246.0,452.3436584472656,111276.53997802734,0.49608508243626503,435.6569519042969,4104.9298095703125
2022-01-04,STE,479.0,235.93917846679688,113014.8664855957,0.5038347648848609,233.44656372070312,1193.9624633789062
2022-01-05,FDS,246.0,432.0751037597656,106290.47552490234,0.4910802793464853,435.6569519042969,-881.1346435546875
2022-01-05,STE,479.0,229.92422485351562,110133.70370483398,0.5088366545896362,233.44656372070312,-1687.2003173828125
2022-01-06,FDS,246.0,430.2943115234375,105852.40063476562,0.49051920750782035,435.6569519042969,-1319.2095336914062
2022-01-06,STE,479.0,229.4911651611328,109926.26811218262,0.5093974779535655,233.44656372070312,-1894.6359100341797
2022-01-07,FDS,246.0,423.0561828613281,104071.82098388672,0.4901338268272474,435.6569519042969,-3099.7891845703125
2022-01-07,STE,479.0,225.97845458984375,108243.67974853516,0.5097814997704979,233.44656372070312,-3577.2242736816406
2022-01-10,FDS,246.0,424.0519104003906,104316.7699584961,0.494247553921572,435.6569519042969,-2854.8402099609375
2022-01-10,STE,479.0,222.8121795654297,106727.03401184082,0.5056672624990585,233.44656372070312,-5093.870010375977
2022-01-11,FDS,246.0,425.5837707519531,104693.60760498047,0.4916864072670311,435.6569519042969,-2478.0025634765625
2022-01-11,STE,479.0,225.9207000732422,108216.01533508301,0.5082291555910591,233.44656372070312,-3604.888687133789
2022-01-12,FDS,246.0,428.70501708984375,105461.43420410156,0.48624379486019087,435.6569519042969,-1710.1759643554688
2022-01-12,STE,479.0,232.59002685546875,111410.62286376953,0.5136733106073195,233.44656372070312,-410.2811584472656
2022-01-13,FDS,246.0,415.60748291015625,102239.44079589844,0.485652991270716,435.6569519042969,-4932.169372558594
2022-01-13,STE,479.0,226.01693725585938,108262.11294555664,0.514261605736472,233.44656372070312,-3558.7910766601562
2022-01-14,FDS,246.0,408.9246520996094,100595.4644165039,0.4819557897291629,435.6569519042969,-6576.145751953125
2022-01-14,STE,479.0,225.6993408203125,108109.98425292969,0.5179580723689146,233.44656372070312,-3710.9197692871094
2022-01-18,FDS,246.0,410.4565124511719,100972.30206298828,0.4873373446626968,435.6569519042969,-6199.30810546875
2022-01-18,STE,479.0,221.71507263183594,106201.51979064941,0.5125758806769767,233.44656372070312,-5619.384231567383
2022-01-19,FDS,246.0,411.21282958984375,101158.35607910156,0.4861977616051778,435.6569519042969,-6013.254089355469
2022-01-19,STE,479.0,223.13938903808594,106883.76734924316,0.5137158258729995,233.44656372070312,-4937.136672973633
2022-01-20,FDS,246.0,407.47894287109375,100239.81994628906,0.4893756918183883,435.6569519042969,-6931.790222167969
2022-01-20,STE,479.0,218.3178253173828,104574.23832702637,0.5105365338354652,233.44656372070312,-7246.66569519043
2022-01-21,FDS,246.0,402.2323303222656,98949.15325927734,0.4852257041856238,435.6569519042969,-8222.456909179688
2022-01-21,STE,479.0,219.1165771484375,104956.84045410156,0.514686130612893,233.44656372070312,-6864.063568115234
2022-01-24,FDS,246.0,403.0556945800781,99151.70086669922,0.48948381401706637,435.6569519042969,-8019.9093017578125
2022-01-24,STE,479.0,215.85411071777344,103394.11903381348,0.5104274287704449,233.44656372070312,-8426.78498840332
2022-01-25,FDS,246.0,396.8420104980469,97623.13458251953,0.48916908937231945,435.6569519042969,-9548.4755859375
2022-01-25,STE,479.0,212.79371643066406,101928.19017028809,0.5107408216320112,233.44656372070312,-9892.713851928711
2022-01-26,FDS,246.0,389.53680419921875,95826.05383300781,0.4879279084415479,435.6569519042969,-11345.556335449219
2022-01-26,STE,479.0,209.91616821289062,100549.84457397461,0.5119805459442054,233.44656372070312,-11271.059448242188
2022-01-27,FDS,246.0,389.5177001953125,95821.35424804688,0.49132936877525296,435.6569519042969,-11350.255920410156
2022-01-27,STE,479.0,207.06753540039062,99185.34945678711,0.5085784429032886,233.44656372070312,-12635.554565429688
2022-01-28,FDS,246.0,394.6112060546875,97074.35668945312,0.489188209432113,435.6569519042969,-10097.253479003906
2022-01-28,STE,479.0,211.58111572265625,101347.35443115234,0.5107211887425637,233.44656372070312,-10473.549591064453
2022-01-31,FDS,246.0,403.9269104003906,99366.0199584961,0.4899008919843219,435.6569519042969,-7805.5902099609375
2022-01-31,STE,479.0,215.9599609375,103444.8212890625,0.5100104667756433,233.44656372070312,-8376.082733154297
2022-02-01,AAPL,296.0,170.70521545410156,50528.74377441406,0.24967126396689393,170.70521545410156,0.0
2022-02-01,ATO,529.0,95.70249938964844,50626.62217712402,0.25015489808668834,95.70249938964844,0.0
2022-02-01,SJM,427.0,118.43864440917969,50573.30116271973,0.24989142973050377,118.43864440917969,0.0
2022-02-02,AAPL,296.0,171.90768432617188,50884.674560546875,0.2502020299998389,170.70521545410156,355.9307861328125
2022-02-02,ATO,529.0,96.16175842285156,50869.57020568848,0.250127761268044,95.70249938964844,242.94802856445312
2022-02-02,SJM,427.0,119.36223602294922,50967.67478179932,0.25061014548897476,118.43864440917969,394.37361907958984
2022-02-03,AAPL,296.0,169.033447265625,50033.900390625,0.24670221855492663,170.70521545410156,-494.8433837890625
2022-02-03,ATO,529.0,96.15274047851562,50864.799713134766,0.2507991349387901,95.70249938964844,238.1775360107422
2022-02-03,SJM,427.0,120.04631805419922,51259.77780914307,0.25274665395699775,118.43864440917969,686.4766464233398
2022-02-04,AAPL,296.0,168.7495880126953,49949.87805175781,0.2485571397130604,170.70521545410156,-578.86572265625
2022-02-04,ATO,529.0,95.23426818847656,50378.9278717041,0.2506921478492114,95.70249938964844,-247.69430541992188
2022-02-04,SJM,427.0,117.04473876953125,49978.103454589844,0.24869759301682842,118.43864440917969,-595.1977081298828
2022-02-07,AAPL,296.0,168.03497314453125,49738.35205078125,0.24755606256724141,170.70521545410156,-790.3917236328125
2022-02-07,ATO,529.0,95.39633178710938,50464.65951538086,0.2511710157921875,95.70249938964844,-161.96266174316406
2022-02-07,SJM,427.0,117.24142456054688,50062.088287353516,0.24916735173810786,118.43864440917969,-511.21287536621094
2022-02-08,AAPL,296.0,171.13807678222656,50656.87072753906,0.2508841213798048,170.70521545410156,128.126953125
2022-02-08,ATO,529.0,95.96363830566406,50764.76466369629,0.2514184788121975,95.70249938964844,138.14248657226562
2022-02-08,SJM,427.0,116.71980285644531,49839.35581970215,0.24683528246769146,118.43864440917969,-733.9453430175781
2022-02-09,AAPL,296.0,172.55743408203125,51077.00048828125,0.251064758227445,170.70521545410156,548.2567138671875
2022-02-09,ATO,529.0,98.01670837402344,51850.8387298584,0.254868495901377,95.70249938964844,1224.216552734375
2022-02-09,SJM,427.0,116.77112579345703,49861.27071380615,0.2450889393856842,118.43864440917969,-712.0304489135742
2022-02-10,AAPL,296.0,168.4852752685547,49871.64147949219,0.24919602985818248,170.70521545410156,-657.102294921875
2022-02-10,ATO,529.0,95.40534210205078,50469.42597198486,0.2521830083858738,95.70249938964844,-157.19620513916016
2022-02-10,SJM,427.0,115.07415771484375,49136.66534423828,0.24552353925004602,118.43864440917969,-1436.6358184814453
2022-02-11,AAPL,296.0,165.07875061035156,48863.31018066406,0.24357836469786565,170.70521545410156,-1665.43359375
2022-02-11,ATO,529.0,96.06269073486328,50817.163398742676,0.25331811360066464,95.70249938964844,190.54122161865234
2022-02-11,SJM,427.0,117.73587036132812,50273.21664428711,0.25060659732305013,118.43864440917969,-300.0845184326172
2022-02-14,AAPL,296.0,165.313720703125,48932.861328125,0.24391052103487923,170.70521545410156,-1595.8824462890625
2022-02-14,ATO,529.0,95.43236541748047,50483.72130584717,0.25164093072177274,95.70249938964844,-142.90087127685547
2022-02-14,SJM,427.0,118.38190460205078,50549.07326507568,0.2519666838045363,118.43864440917969,-24.22789764404297
2022-02-15,AAPL,296.0,169.14108276367188,50065.760498046875,0.24902918175394742,170.70521545410156,-462.9832763671875
2022-02-15,ATO,529.0,95.02714538574219,50269.35990905762,0.25004189371967434,95.70249938964844,-357.26226806640625
2022-02-15,SJM,427.0,117.2276382446289,50056.20153045654,0.24898163505029702,118.43864440917969,-517.0996322631836
2022-02-16,AAPL,296.0,168.90621948242188,49996.240966796875,0.24860778085053406,170.70521545410156,-532.5028076171875
2022-02-16,ATO,529.0,95.5313949584961,50536.10793304443,0.2512922852420232,95.70249938964844,-90.51424407958984
2022-02-16,SJM,427.0,116.908935546875,49920.115478515625,0.2482292446177734,118.43864440917969,-653.1856842041016
2022-02-17,AAPL,296.0,165.313720703125,48932.861328125,0.24272156498271832,170.70521545410156,-1595.8824462890625
2022-02-17,ATO,529.0,96.66425323486328,51135.389961242676,0.25364676294252575,95.70249938964844,508.76778411865234
2022-02-17,SJM,427.0,119.15718841552734,50880.119453430176,0.2523805452011452,118.43864440917969,306.8182907104492
2022-02-18,AAPL,296.0,163.76705932617188,48475.049560546875,0.241063227806463,170.70521545410156,-2053.6942138671875
2022-02-18,ATO,529.0,96.1023941040039,50838.16648101807,0.25281485256388236,95.70249938964844,211.54430389404297
2022-02-18,SJM,427.0,119.72572326660156,51122.88383483887,0.25423073320653816,118.43864440917969,549.5826721191406
2022-02-22,AAPL,296.0,160.8500213623047,47611.60632324219,0.23781805404688558,170.70521545410156,-2917.137451171875
2022-02-22,ATO,529.0,96.30177307128906,50943.637954711914,0.25446141770991687,95.70249938964844,317.0157775878906
2022-02-22,SJM,427.0,119.42422485351562,50994.14401245117,0.2547136934320923,118.43864440917969,420.8428497314453
2022-02-23,AAPL,296.0,156.6897735595703,46380.17297363281,0.23434597090133574,170.70521545410156,-4148.57080078125
2022-02-23,ATO,529.0,95.51329040527344,50526.53062438965,0.255296350062776,95.70249938964844,-100.091552734375
2022-02-23,SJM,427.0,117.92533874511719,50354.11964416504,0.2544252058654968,118.43864440917969,-219.1815185546875
2022-02-24,AAPL,296.0,159.3033905029297,47153.80358886719,0.23908174043892874,170.70521545410156,-3374.940185546875
2022-02-24,ATO,529.0,94.93326568603516,50219.6975479126,0.2546266001944805,95.70249938964844,-406.9246292114258
2022-02-24,SJM,427.0,115.22919464111328,49202.86611175537,0.24947100698700317,118.43864440917969,-1370.4350509643555
2022-02-25,AAPL,296.0,161.3688201904297,47765.17077636719,0.23739173065142116,170.70521545410156,-2763.572998046875
2022-02-25,ATO,529.0,98.86654663085938,52300.40316772461,0.25993172472642206,95.70249938964844,1673.780990600586
2022-02-25,SJM,427.0,118.24410247802734,50490.231758117676,0.2509352170887915,118.43864440917969,-83.06940460205078
2022-02-28,AAPL,296.0,161.6331024169922,47843.39831542969,0.23837702902801783,170.70521545410156,-2685.345458984375
2022-02-28,ATO,529.0,99.51905822753906,52645.581802368164,0.2623036369356886,95.70249938964844,2018.9596252441406
2022-02-28,SJM,427.0,116.0733642578125,49563.32653808594,0.24694647422409646,118.43864440917969,-1009.9746246337891
2022-03-01,FCX,873.0,45.06746292114258,39343.89513015747,0.20017995940757885,45.06746292114258,0.0
2022-03-01,RGLD,325.0,120.79557037353516,39258.560371398926,0.19974578001360097,120.79557037353516,0.0
2022-03-02,FCX,873.0,45.30263137817383,39549.19719314575,0.20126452328618324,45.06746292114258,205.30206298828125
2022-03-02,RGLD,325.0,120.04369354248047,39014.20040130615,0.19854194275582812,120.79557037353516,-244.35997009277344
2022-03-03,FCX,873.0,46.17744827270508,40312.91234207153,0.20417751992042327,45.06746292114258,969.0172119140625
2022-03-03,RGLD,325.0,120.57667541503906,39187.419509887695,0.19847710479750783,120.79557037353516,-71.14086151123047
2022-03-04,FCX,873.0,47.13693618774414,41150.545291900635,0.20693903584297513,45.06746292114258,1806.650161743164
2022-03-04,RGLD,325.0,122.34693145751953,39762.75272369385,0.19996006499392335,120.79557037353516,504.1923522949219
2022-03-07,FCX,873.0,44.3525505065918,38719.77659225464,0.1968333861176703,45.06746292114258,-624.118537902832
2022-03-07,RGLD,325.0,123.2415771484375,40053.51257324219,0.20361348126360318,120.79557037353516,794.9522018432617
2022-03-08,FCX,873.0,43.901031494140625,38325.600494384766,0.1949136580602829,45.06746292114258,-1018.2946357727051
2022-03-08,RGLD,325.0,124.19332885742188,40362.83187866211,0.20527446692700607,120.79557037353516,1104.2715072631836
2022-03-09,FCX,873.0,44.20204544067383,38588.38566970825,0.1957176203594134,45.06746292114258,-755.5094604492188
2022-03-09,RGLD,325.0,125.03082275390625,40635.01739501953,0.20609799476684668,120.79557037353516,1376.4570236206055
2022-03-10,FCX,873.0,44.87932586669922,39179.65148162842,0.19663677527441514,45.06746292114258,-164.24364852905273
2022-03-10,RGLD,325.0,129.62777709960938,42129.02755737305,0.21143924999468872,120.79557037353516,2870.467185974121
2022-03-11,FCX,873.0,44.14561080932617,38539.11823654175,0.19375013163741076,45.06746292114258,-804.7768936157227
2022-03-11,RGLD,325.0,130.5604705810547,42432.15293884277,0.21332182970819452,120.79557037353516,3173.5925674438477
2022-03-14,FCX,873.0,41.87859344482422,36560.01207733154,0.18663547543909415,45.06746292114258,-2783.8830528259277
2022-03-14,RGLD,325.0,127.35309600830078,41389.756202697754,0.21129087186457274,120.79557037353516,2131.195831298828
2022-03-15,FCX,873.0,41.652828216552734,36362.91903305054,0.18513154543909835,45.06746292114258,-2980.9760971069336
2022-03-15,RGLD,325.0,129.5802001953125,42113.56506347656,0.21440933762949813,120.79557037353516,2855.0046920776367
2022-03-16,FCX,873.0,43.66585922241211,38120.29510116577,0.19271863650057228,45.06746292114258,-1223.6000289916992
2022-03-16,RGLD,325.0,128.43809509277344,41742.38090515137,0.2110302323468184,120.79557037353516,2483.8205337524414
2022-03-17,FCX,873.0,45.70711898803711,39902.3148765564,0.19941352939231347,45.06746292114258,558.4197463989258
2022-03-17,RGLD,325.0,130.0179901123047,42255.84678649902,0.21117540601904602,120.79557037353516,2997.2864151000977
2022-03-18,FCX,873.0,45.227386474609375,39483.508392333984,0.19756605833419197,45.06746292114258,139.61326217651367
2022-03-18,RGLD,325.0,130.5414581298828,42425.973892211914,0.21228945385463918,120.79557037353516,3167.4135208129883
2022-03-21,FCX,873.0,46.572540283203125,40657.82766723633,0.20161455923677044,45.06746292114258,1313.9325370788574
2022-03-21,RGLD,325.0,132.50205993652344,43063.16947937012,0.21354219917947012,120.79557037353516,3804.6091079711914
2022-03-22,FCX,873.0,46.901763916015625,40945.23989868164,0.20331447242858336,45.06746292114258,1601.34476852417
2022-03-22,RGLD,325.0,130.77938842773438,42503.30123901367,0.21105105964128104,120.79557037353516,3244.740867614746
2022-03-23,FCX,873.0,46.854732513427734,40904.18148422241,0.20210260015646453,45.06746292114258,1560.2863540649414
2022-03-23,RGLD,325.0,133.9962921142578,43548.79493713379,0.2151693145081089,120.79557037353516,4290.234565734863
2022-03-24,FCX,873.0,48.397430419921875,42250.9567565918,0.2075376095831521,45.06746292114258,2907.061626434326
2022-03-24,RGLD,325.0,133.51089477539062,43391.04080200195,0.21313772696916605,120.79557037353516,4132.480430603027
2022-03-25,FCX,873.0,48.84894561767578,42645.12952423096,0.2090531459975032,45.06746292114258,3301.2343940734863
2022-03-25,RGLD,325.0,133.55848693847656,43406.50825500488,0.21278554453256768,120.79557037353516,4147.947883605957
2022-03-28,FCX,873.0,47.287452697753906,41281.94620513916,0.20391571831945632,45.06746292114258,1938.0510749816895
2022-03-28,RGLD,325.0,132.99693298339844,43224.00321960449,0.21350867571429777,120.79557037353516,3965.4428482055664
2022-03-29,FCX,873.0,47.11811828613281,41134.117263793945,0.20294299863389714,45.06746292114258,1790.2221336364746
2022-03-29,RGLD,325.0,134.19613647460938,43613.74435424805,0.21517671095604135,120.79557037353516,4355.183982849121
2022-03-30,FCX,873.0,47.76717758178711,41700.74602890015,0.20472882634828496,45.06746292114258,2356.850898742676
2022-03-30,RGLD,325.0,135.52859497070312,44046.793365478516,0.21624669025993637,120.79557037353516,4788.23299407959
2022-03-31,FCX,873.0,46.78888702392578,40846.69837188721,0.2016176069252814,45.06746292114258,1502.8032417297363
2022-03-31,RGLD,325.0,134.79393005371094,43808.027267456055,0.21623460337888467,120.79557037353516,4549.466896057129
2022-04-01,RGLD,367.0,139.61212158203125,51237.64862060547,0.2501993184327294,122.94896315488893,6115.3791427612305
2022-04-01,SCCO,815.0,62.865455627441406,51235.346336364746,0.25018807611456345,62.865455627441406,0.0
2022-04-01,STLD,640.0,79.99427032470703,51196.3330078125,0.24999756955393182,79.99427032470703,0.0
2022-04-04,RGLD,367.0,138.266845703125,50743.932373046875,0.24954615902157248,122.94896315488893,5621.662895202637
2022-04-04,SCCO,815.0,62.72874069213867,51123.92366409302,0.25141486258291845,62.865455627441406,-111.42267227172852
2022-04-04,STLD,640.0,78.68597412109375,50359.0234375,0.2476532716959969,79.99427032470703,-837.3095703125
2022-04-05,RGLD,367.0,135.45228576660156,49710.98887634277,0.249558319282346,122.94896315488893,4588.719398498535
2022-04-05,SCCO,815.0,59.6888313293457,48646.39753341675,0.24421387467827602,62.865455627441406,-2588.948802947998
2022-04-05,STLD,640.0,77.68827819824219,49720.498046875,0.2496060570696931,79.99427032470703,-1475.8349609375
2022-04-06,RGLD,367.0,136.58767700195312,50127.6774597168,0.2525095488937984,122.94896315488893,5005.407981872559
2022-04-06,SCCO,815.0,58.619224548339844,47774.66800689697,0.24065666869698799,62.865455627441406,-3460.6783294677734
2022-04-06,STLD,640.0,77.34001159667969,49497.607421875,0.24933567950488078,79.99427032470703,-1698.7255859375
2022-04-07,RGLD,367.0,137.60853576660156,50502.33262634277,0.25234506096488724,122.94896315488893,5380.063148498535
2022-04-07,SCCO,815.0,59.053497314453125,48128.6003112793,0.24048423009612516,62.865455627441406,-3106.746025085449
2022-04-07,STLD,640.0,78.72361755371094,50383.115234375,0.251749367291354,79.99427032470703,-813.2177734375
2022-04-08,RGLD,367.0,138.39089965820312,50789.46017456055,0.2534198027786353,122.94896315488893,5667.190696716309
2022-04-08,SCCO,815.0,59.375186920166016,48390.7773399353,0.24145130126690434,62.865455627441406,-2844.5689964294434
2022-04-08,STLD,640.0,78.30948638916016,50118.0712890625,0.2500698313797287,79.99427032470703,-1078.26171875
2022-04-11,RGLD,367.0,137.77072143554688,50561.8547668457,0.2524688366008165,122.94896315488893,5439.585289001465
2022-04-11,SCCO,815.0,59.14195251464844,48200.69129943848,0.24067891717658804,62.865455627441406,-3034.6550369262695
2022-04-11,STLD,640.0,78.73303985595703,50389.1455078125,0.25160645317166086,79.99427032470703,-807.1875
2022-04-12,RGLD,367.0,137.02651977539062,50288.73275756836,0.25082336304537894,122.94896315488893,5166.463279724121
2022-04-12,SCCO,815.0,59.02132034301758,48102.376079559326,0.2399185478964544,62.865455627441406,-3132.97025680542
2022-04-12,STLD,640.0,79.66485595703125,50985.5078125,0.2542986437490427,79.99427032470703,-210.8251953125
2022-04-13,RGLD,367.0,137.9805908203125,50638.87683105469,0.24912829854200508,122.94896315488893,5516.607353210449
2022-04-13,SCCO,815.0,59.994422912597656,48895.45467376709,0.2405511771114774,62.865455627441406,-2339.8916625976562
2022-04-13,STLD,640.0,82.20613098144531,52611.923828125,0.25883510627716594,79.99427032470703,1415.5908203125
2022-04-14,RGLD,367.0,138.27633666992188,50747.41555786133,0.2502624470214027,122.94896315488893,5625.14608001709
2022-04-14,SCCO,815.0,58.538795471191406,47709.118309020996,0.2352789903090857,62.865455627441406,-3526.22802734375
2022-04-14,STLD,640.0,83.12853240966797,53202.2607421875,0.26236859185921607,79.99427032470703,2005.927734375
2022-04-18,RGLD,367.0,136.83572387695312,50218.7106628418,0.24635233795257142,122.94896315488893,5096.441184997559
2022-04-18,SCCO,815.0,58.884605407714844,47990.9534072876,0.23542387720452074,62.865455627441406,-3244.3929290771484
2022-04-18,STLD,640.0,85.18980407714844,54521.474609375,0.26745992801005186,79.99427032470703,3325.1416015625
2022-04-19,RGLD,367.0,135.58583068847656,49759.9998626709,0.24401488353676576,122.94896315488893,4637.73038482666
2022-04-19,SCCO,815.0,58.45033645629883,47637.024211883545,0.23360415890638067,62.865455627441406,-3598.322124481201
2022-04-19,STLD,640.0,86.5733871459961,55406.9677734375,0.2717066886188489,79.99427032470703,4210.634765625
2022-04-20,RGLD,367.0,137.60853576660156,50502.33262634277,0.24782065226970088,122.94896315488893,5380.063148498535
2022-04-20,SCCO,815.0,57.73458480834961,47053.68661880493,0.23089775666092396,62.865455627441406,-4181.659717559814
2022-04-20,STLD,640.0,86.1121826171875,55111.796875,0.2704398141442209,79.99427032470703,3915.4638671875
2022-04-21,RGLD,367.0,133.6108856201172,49035.19502258301,0.24395599454073874,122.94896315488893,3912.9255447387695
2022-04-21,SCCO,815.0,54.82332229614258,44681.0076713562,0.22229338862684295,62.865455627441406,-6554.338665008545
2022-04-21,STLD,640.0,87.75932312011719,56165.966796875,0.2794324420034085,79.99427032470703,4969.6337890625
2022-04-22,RGLD,367.0,130.98712158203125,48072.27362060547,0.24461762276390814,122.94896315488893,2950.0041427612305
2022-04-22,SCCO,815.0,53.19076156616211,43350.47067642212,0.22059054594034253,62.865455627441406,-7884.875659942627
2022-04-22,STLD,640.0,84.34271240234375,53979.3359375,0.27467593772693577,79.99427032470703,2783.0029296875
2022-04-25,RGLD,367.0,128.7641143798828,47256.42997741699,0.24318493430214566,122.94896315488893,2134.160499572754
2022-04-25,SCCO,815.0,51.702972412109375,42137.92251586914,0.2168447325273523,62.865455627441406,-9097.423820495605
2022-04-25,STLD,640.0,84.07917022705078,53810.6689453125,0.27691351205484355,79.99427032470703,2614.3359375
2022-04-26,RGLD,367.0,125.46296691894531,46044.90885925293,0.24160643807385268,122.94896315488893,922.6393814086914
2022-04-26,SCCO,815.0,49.91761016845703,40682.85228729248,0.21347070230636797,62.865455627441406,-10552.494049072266
2022-04-26,STLD,640.0,82.39437103271484,52732.3974609375,0.27669696905201985,79.99427032470703,1536.064453125
2022-04-27,RGLD,367.0,124.32754516601562,45628.209075927734,0.23880618155552935,122.94896315488893,505.9395980834961
2022-04-27,SCCO,815.0,50.6011962890625,41239.97497558594,0.21583930535114962,62.865455627441406,-9995.371360778809
2022-04-27,STLD,640.0,82.94027709960938,53081.77734375,0.2778162197106573,79.99427032470703,1885.4443359375
2022-04-28,RGLD,367.0,125.3293685913086,45995.878273010254,0.23905174125342454,122.94896315488893,873.6087951660156
2022-04-28,SCCO,815.0,50.665531158447266,41292.40789413452,0.2146066642982593,62.865455627441406,-9942.938442230225
2022-04-28,STLD,640.0,84.38037109375,54003.4375,0.2806689697589853,79.99427032470703,2807.1044921875
2022-04-29,RGLD,367.0,124.48975372314453,45687.73961639404,0.241384355354688,122.94896315488893,565.4701385498047
2022-04-29,SCCO,815.0,50.07845687866211,40813.94235610962,0.21563437473229244,62.865455627441406,-10421.403980255127
2022-04-29,STLD,640.0,80.70960235595703,51654.1455078125,0.27290697065535113,79.99427032470703,457.8125
2022-05-02,FCX,988.0,37.914573669433594,37459.59878540039,0.2001581794590904,37.914573669433594,0.0
2022-05-02,LYB,467.0,80.13362121582031,37422.401107788086,0.19995942080516999,80.13362121582031,0.0
2022-05-03,FCX,988.0,37.886268615722656,37431.633392333984,0.19896658961274669,37.914573669433594,-27.96539306640625
2022-05-03,LYB,467.0,82.2925796508789,38430.63469696045,0.2042767474815433,80.13362121582031,1008.2335891723633
2022-05-04,FCX,988.0,38.97141647338867,38503.75947570801,0.201630010326524,37.914573669433594,1044.1606903076172
2022-05-04,LYB,467.0,86.06147003173828,40190.70650482178,0.21046393074188244,80.13362121582031,2768.3053970336914
2022-05-05,FCX,988.0,37.40502166748047,36956.1614074707,0.1967516982684946,37.914573669433594,-503.4373779296875
2022-05-05,LYB,467.0,82.67095184326172,38607.33451080322,0.20554241407455395,80.13362121582031,1184.9334030151367
2022-05-06,FCX,988.0,35.74424362182617,35315.31269836426,0.1901009235375316,37.914573669433594,-2144.286087036133
2022-05-06,LYB,467.0,81.77323150634766,38188.099113464355,0.20556501854077075,80.13362121582031,765.6980056762695
2022-05-09,FCX,988.0,33.5173225402832,33115.114669799805,0.18163484924698295,37.914573669433594,-4344.484115600586
2022-05-09,LYB,467.0,79.0875244140625,36933.87390136719,0.20258056434573907,80.13362121582031,-488.52720642089844
2022-05-10,FCX,988.0,34.03630828857422,33627.87258911133,0.18427572725090993,37.914573669433594,-3831.7261962890625
2022-05-10,LYB,467.0,78.35303497314453,36590.867332458496,0.2005124966071647,80.13362121582031,-831.5337753295898
2022-05-11,FCX,988.0,33.88533020019531,33478.70623779297,0.18298601101548131,37.914573669433594,-3980.892547607422
2022-05-11,LYB,467.0,79.6810531616211,37211.05182647705,0.20338605354261904,80.13362121582031,-211.34928131103516
2022-05-12,FCX,988.0,32.40384292602539,32014.996810913086,0.17695096166887786,37.914573669433594,-5444.601974487305
2022-05-12,LYB,467.0,78.46432495117188,36642.839752197266,0.2025296385542562,80.13362121582031,-779.5613555908203
2022-05-13,FCX,988.0,33.06437683105469,32667.60430908203,0.17958011680844455,37.914573669433594,-4791.994476318359
2022-05-13,LYB,467.0,79.17655181884766,36975.449699401855,0.20326117315610212,80.13362121582031,-446.95140838623047
2022-05-16,FCX,988.0,33.16817092895508,32770.15287780762,0.1798061919516075,37.914573669433594,-4689.445907592773
2022-05-16,LYB,467.0,79.6884536743164,37214.50786590576,0.2041918745290066,80.13362121582031,-207.89324188232422
2022-05-17,FCX,988.0,35.51777648925781,35091.56317138672,0.18870846957049467,37.914573669433594,-2368.035614013672
2022-05-17,LYB,467.0,82.64869689941406,38596.94145202637,0.20755899974991215,80.13362121582031,1174.5403442382812
2022-05-18,FCX,988.0,33.34746170043945,32947.29216003418,0.1796133381976025,37.914573669433594,-4512.306625366211
2022-05-18,LYB,467.0,81.84000396728516,38219.28185272217,0.20835377802032265,80.13362121582031,796.880744934082
2022-05-19,FCX,988.0,34.649658203125,34233.8623046875,0.18577328308272187,37.914573669433594,-3225.7364807128906
2022-05-19,LYB,467.0,80.89036560058594,37775.80073547363,0.20499394608906651,80.13362121582031,353.3996276855469
2022-05-20,FCX,988.0,34.26277160644531,33851.61834716797,0.18448402769733088,37.914573669433594,-3607.980438232422
2022-05-20,LYB,467.0,80.02975463867188,37373.895416259766,0.20367967895712855,80.13362121582031,-48.50569152832031
2022-05-23,FCX,988.0,36.187747955322266,35753.4949798584,0.19326896824731987,37.914573669433594,-1706.1038055419922
2022-05-23,LYB,467.0,79.16913604736328,36971.98653411865,0.1998556419597113,80.13362121582031,-450.4145736694336
2022-05-24,FCX,988.0,35.36680221557617,34942.40058898926,0.18981273237718382,37.914573669433594,-2517.198196411133
2022-05-24,LYB,467.0,78.96881103515625,36878.43475341797,0.20032958092025702,80.13362121582031,-543.9663543701172
2022-05-25,FCX,988.0,35.69706726074219,35268.70245361328,0.19032728528005274,37.914573669433594,-2190.8963317871094
2022-05-25,LYB,467.0,80.87552642822266,37768.87084197998,0.20381942502425499,80.13362121582031,346.46973419189453
2022-05-26,FCX,988.0,36.319862365722656,35884.024017333984,0.19211551129617963,37.914573669433594,-1575.5747680664062
2022-05-26,LYB,467.0,82.7228775024414,38631.58379364014,0.20682536799973364,80.13362121582031,1209.1826858520508
2022-05-27,FCX,988.0,37.41445541381836,36965.48194885254,0.1947618591641841,37.914573669433594,-494.11683654785156
2022-05-27,LYB,467.0,86.86274719238281,40564.90293884277,0.21372630618248806,80.13362121582031,3142.5018310546875
2022-05-31,FCX,988.0,36.876590728759766,36434.07164001465,0.19350343747445392,37.914573669433594,-1025.5271453857422
2022-05-31,LYB,467.0,84.76313018798828,39584.38179779053,0.21023491483068818,80.13362121582031,2161.9806900024414
2022-06-01,HALO,831.0,45.400001525878906,37727.40126800537,0.20019916735565388,45.400001525878906,0.0
2022-06-01,UTHR,163.0,231.2899932861328,37700.26890563965,0.20005519040067032,231.2899932861328,0.0
2022-06-02,HALO,831.0,45.66999816894531,37951.768478393555,0.2016834476684094,45.400001525878906,224.3672103881836
2022-06-02,UTHR,163.0,228.22999572753906,37201.48930358887,0.1976963109220792,231.2899932861328,-498.77960205078125
2022-06-03,HALO,831.0,45.619998931884766,37910.21911239624,0.20143558305808731,45.400001525878906,182.81784439086914
2022-06-03,UTHR,163.0,228.63999938964844,37268.319900512695,0.1980248577962012,231.2899932861328,-431.9490051269531
2022-06-06,HALO,831.0,44.45000076293945,36937.950634002686,0.19777076504002947,45.400001525878906,-789.4506340026855
2022-06-06,UTHR,163.0,225.83999633789062,36811.91940307617,0.19709597684708818,231.2899932861328,-888.3495025634766
2022-06-07,HALO,831.0,46.0099983215332,38234.30860519409,0.20281189181518927,45.400001525878906,506.9073371887207
2022-06-07,UTHR,163.0,228.6199951171875,37265.05920410156,0.19767055902148967,231.2899932861328,-435.20970153808594
2022-06-08,HALO,831.0,46.20000076293945,38392.200634002686,0.2034596673504665,45.400001525878906,664.7993659973145
2022-06-08,UTHR,163.0,228.72999572753906,37282.98930358887,0.19758139612400583,231.2899932861328,-417.27960205078125
2022-06-09,HALO,831.0,44.97999954223633,37378.37961959839,0.20047494616516007,45.400001525878906,-349.0216484069824
2022-06-09,UTHR,163.0,221.16000366210938,36049.08059692383,0.19334539285867178,231.2899932861328,-1651.1883087158203
2022-06-10,HALO,831.0,43.790000915527344,36389.49076080322,0.19629980495228186,45.400001525878906,-1337.9105072021484
2022-06-10,UTHR,163.0,220.64999389648438,35965.94900512695,0.1940150473948072,231.2899932861328,-1734.3199005126953
2022-06-13,HALO,831.0,43.099998474121094,35816.09873199463,0.19452505215784138,45.400001525878906,-1911.3025360107422
2022-06-13,UTHR,163.0,216.4600067138672,35282.98109436035,0.19162957386906748,231.2899932861328,-2417.287811279297
2022-06-14,HALO,831.0,43.59000015258789,36223.29012680054,0.19599429696351375,45.400001525878906,-1504.111141204834
2022-06-14,UTHR,163.0,218.24000549316406,35573.12089538574,0.19247640941182034,231.2899932861328,-2127.1480102539062
2022-06-15,HALO,831.0,44.630001068115234,37087.53088760376,0.19941261870830865,45.400001525878906,-639.8703804016113
2022-06-15,UTHR,163.0,220.08999633789062,35874.66940307617,0.19289129256521584,231.2899932861328,-1825.5995025634766
2022-06-16,HALO,831.0,43.11000061035156,35824.41050720215,0.19435323196809348,45.400001525878906,-1902.9907608032227
2022-06-16,UTHR,163.0,217.6699981689453,35480.209701538086,0.19248588682326875,231.2899932861328,-2220.0592041015625
2022-06-17,HALO,831.0,44.13999938964844,36680.33949279785,0.19777931237019322,45.400001525878906,-1047.0617752075195
2022-06-17,UTHR,163.0,219.3800048828125,35758.94079589844,0.1928111576799309,231.2899932861328,-1941.328109741211
2022-06-21,HALO,831.0,45.7599983215332,38026.55860519409,0.201893975780895,45.400001525878906,299.1573371887207
2022-06-21,UTHR,163.0,228.83999633789062,37300.91940307617,0.1980413478052976,231.2899932861328,-399.34950256347656
2022-06-22,HALO,831.0,45.900001525878906,38142.90126800537,0.20178108688856092,45.400001525878906,415.5
2022-06-22,UTHR,163.0,232.30999755859375,37866.52960205078,0.20031904353874638,231.2899932861328,166.2606964111328
2022-06-23,HALO,831.0,46.79999923706055,38890.799365997314,0.20343286131018007,45.400001525878906,1163.3980979919434
2022-06-23,UTHR,163.0,240.86000061035156,39260.180099487305,0.2053650452907547,231.2899932861328,1559.9111938476562
2022-06-24,HALO,831.0,46.900001525878906,38973.90126800537,0.2041112320999007,45.400001525878906,1246.5
2022-06-24,UTHR,163.0,238.9499969482422,38948.84950256348,0.2039800328474712,231.2899932861328,1248.5805969238281
2022-06-27,HALO,831.0,47.040000915527344,39090.24076080322,0.2042143136045338,45.400001525878906,1362.8394927978516
2022-06-27,UTHR,163.0,241.13999938964844,39305.819900512695,0.2053405370604755,231.2899932861328,1605.5509948730469
2022-06-28,HALO,831.0,45.779998779296875,38043.1789855957,0.20106313965897385,45.400001525878906,315.77771759033203
2022-06-28,UTHR,163.0,234.02000427246094,38145.26069641113,0.2016026547527593,231.2899932861328,444.9917907714844
2022-06-29,HALO,831.0,45.279998779296875,37627.6789855957,0.19857277964506156,45.400001525878906,-99.72228240966797
2022-06-29,UTHR,163.0,238.2899932861328,38841.26890563965,0.204977265126736,231.2899932861328,1141.0
2022-06-30,HALO,831.0,44.0,36564.0,0.19449454344878986,45.400001525878906,-1163.401268005371
2022-06-30,UTHR,163.0,235.63999938964844,38409.319900512695,0.20431033634801268,231.2899932861328,709.0509948730469
2022-07-01,UTHR,159.0,238.0,37842.0,0.20065810391611213,231.2899932861328,1066.8910675048828
2022-07-01,RBA,598.0,63.091007232666016,37728.42232513428,0.2000558555971608,63.091007232666016,0.0
2022-07-05,UTHR,159.0,237.14999389648438,37706.849029541016,0.20188744776330658,231.2899932861328,931.7400970458984
2022-07-05,RBA,598.0,60.27720260620117,36045.7671585083,0.1929937961297276,63.091007232666016,-1682.6551666259766
2022-07-06,UTHR,159.0,241.89999389648438,38462.099029541016,0.2043524995169596,231.2899932861328,1686.9900970458984
2022-07-06,RBA,598.0,61.42702102661133,36733.358573913574,0.19516755012425427,63.091007232666016,-995.0637512207031
2022-07-07,UTHR,159.0,240.1999969482422,38191.79951477051,0.20345026940792874,231.2899932861328,1416.6905822753906
2022-07-07,RBA,598.0,61.05308532714844,36509.745025634766,0.19448985268702684,63.091007232666016,-1218.6772994995117
2022-07-08,UTHR,159.0,244.1699981689453,38823.029708862305,0.20582654363549086,231.2899932861328,2047.9207763671875
2022-07-08,RBA,598.0,61.501808166503906,36778.081283569336,0.19498492026278408,63.091007232666016,-950.3410415649414
2022-07-11,UTHR,159.0,241.7899932861328,38444.60893249512,0.20438176565413066,231.2899932861328,1669.5
2022-07-11,RBA,598.0,61.268096923828125,36638.32196044922,0.1947790637181317,63.091007232666016,-1090.1003646850586
2022-07-12,UTHR,159.0,239.72000122070312,38115.4801940918,0.20251692776298832,231.2899932861328,1340.3712615966797
2022-07-12,RBA,598.0,61.997257232666016,37074.35982513428,0.19698519898824687,63.091007232666016,-654.0625
2022-07-13,UTHR,159.0,236.8300018310547,37655.970291137695,0.2042009941399325,231.2899932861328,880.8613586425781
2022-07-13,RBA,598.0,56.407039642333984,33731.40970611572,0.18291886631722995,63.091007232666016,-3997.0126190185547
2022-07-14,UTHR,159.0,237.1300048828125,37703.67077636719,0.20048767233111287,231.2899932861328,928.5618438720703
2022-07-14,RBA,598.0,62.43663024902344,37337.104888916016,0.19853847375129874,63.091007232666016,-391.3174362182617
2022-07-15,UTHR,159.0,240.0800018310547,38172.720291137695,0.2018841708004649,231.2899932861328,1397.6113586425781
2022-07-15,RBA,598.0,63.36211395263672,37890.54414367676,0.2003918250332431,63.091007232666016,162.12181854248047
2022-07-18,UTHR,159.0,234.11000061035156,37223.4900970459,0.19818114139605197,231.2899932861328,448.38116455078125
2022-07-18,RBA,598.0,62.84796142578125,37583.08093261719,0.20009563469163721,63.091007232666016,-145.34139251708984
2022-07-19,UTHR,159.0,231.42999267578125,36797.36883544922,0.19546579789066915,231.2899932861328,22.259902954101562
2022-07-19,RBA,598.0,64.27822875976562,38438.380798339844,0.2041827720338187,63.091007232666016,709.9584732055664
2022-07-20,UTHR,159.0,226.1300048828125,35954.67077636719,0.19273355866386624,231.2899932861328,-820.4381561279297
2022-07-20,RBA,598.0,62.838592529296875,37577.47833251953,0.20143255294111143,63.091007232666016,-150.9439926147461
2022-07-21,UTHR,159.0,226.1999969482422,35965.79951477051,0.1923206823002025,231.2899932861328,-809.3094177246094
2022-07-21,RBA,598.0,63.586463928222656,38024.70542907715,0.2033303135491549,63.091007232666016,296.2831039428711
2022-07-22,UTHR,159.0,225.4499969482422,35846.54951477051,0.19111932260398315,231.2899932861328,-928.5594177246094
2022-07-22,RBA,598.0,64.70823669433594,38695.52554321289,0.20630891200774254,63.091007232666016,967.1032180786133
2022-07-25,UTHR,159.0,227.97999572753906,36248.81932067871,0.1928733929409643,231.2899932861328,-526.2896118164062
2022-07-25,RBA,598.0,64.67084503173828,38673.16532897949,0.20577289833305054,63.091007232666016,944.7430038452148
2022-07-26,UTHR,159.0,231.44000244140625,36798.960388183594,0.19531601171127977,231.2899932861328,23.851455688476562
2022-07-26,RBA,598.0,64.5306167602539,38589.308822631836,0.2048185550467771,63.091007232666016,860.8864974975586
2022-07-27,UTHR,159.0,231.0,36729.0,0.1946185013254604,231.2899932861328,-46.10893249511719
2022-07-27,RBA,598.0,65.1756591796875,38975.044189453125,0.20651977154959192,63.091007232666016,1246.6218643188477
2022-07-28,UTHR,159.0,229.99000549316406,36568.410873413086,0.19338794754088504,231.2899932861328,-206.69805908203125
2022-07-28,RBA,598.0,66.063720703125,39506.10498046875,0.20892361398898582,63.091007232666016,1777.6826553344727
2022-07-29,UTHR,159.0,231.07000732421875,36740.13116455078,0.19332037837674218,231.2899932861328,-34.97776794433594
2022-07-29,RBA,598.0,67.37248229980469,40288.7444152832,0.2119925832546123,63.091007232666016,2560.322090148926
2022-08-01,ENPH,134.0,280.8900146484375,37639.261962890625,0.19945280479038097,280.8900146484375,0.0
2022-08-01,MNST,767.0,49.244998931884766,37770.914180755615,0.20015043813228697,49.244998931884766,0.0
2022-08-02,ENPH,134.0,292.260009765625,39162.84130859375,0.2065262711271485,280.8900146484375,1523.579345703125
2022-08-02,MNST,767.0,48.45000076293945,37161.15058517456,0.19597030258032974,49.244998931884766,-609.7635955810547
2022-08-03,ENPH,134.0,290.25,38893.5,0.20575183266577457,280.8900146484375,1254.238037109375
2022-08-03,MNST,767.0,48.025001525878906,36835.17617034912,0.19486302347734194,49.244998931884766,-935.7380104064941
2022-08-04,ENPH,134.0,295.82000732421875,39639.88098144531,0.20874478644619493,280.8900146484375,2000.6190185546875
2022-08-04,MNST,767.0,48.18000030517578,36954.060234069824,0.1946011748998816,49.244998931884766,-816.853946685791
2022-08-05,ENPH,134.0,300.9100036621094,40321.940490722656,0.21371832409745684,280.8900146484375,2682.6785278320312
2022-08-05,MNST,767.0,45.689998626708984,35044.22894668579,0.18574487707248344,49.244998931884766,-2726.685234069824
2022-08-08,ENPH,134.0,287.739990234375,38557.15869140625,0.20712282427670806,280.8900146484375,917.896728515625
2022-08-08,MNST,767.0,44.71500015258789,34296.40511703491,0.18423474476509288,49.244998931884766,-3474.509063720703
2022-08-09,ENPH,134.0,290.82000732421875,38969.88098144531,0.20914334674851376,280.8900146484375,1330.6190185546875
2022-08-09,MNST,767.0,44.404998779296875,34058.6340637207,0.1827856933194385,49.244998931884766,-3712.280117034912
2022-08-10,ENPH,134.0,303.25,40635.5,0.215705781558492,280.8900146484375,2996.238037109375
2022-08-10,MNST,767.0,44.90999984741211,34445.96988296509,0.18284984447454222,49.244998931884766,-3324.9442977905273
2022-08-11,ENPH,134.0,292.8999938964844,39248.599182128906,0.21011297662318904,280.8900146484375,1609.3372192382812
2022-08-11,MNST,767.0,44.650001525878906,34246.55117034912,0.18333507323636689,49.244998931884766,-3524.363010406494
2022-08-12,ENPH,134.0,299.260009765625,40100.84130859375,0.21338638881108202,280.8900146484375,2461.579345703125
2022-08-12,MNST,767.0,45.0099983215332,34522.66871261597,0.18370356751412456,49.244998931884766,-3248.2454681396484
2022-08-15,ENPH,134.0,301.1300048828125,40351.420654296875,0.21366312529391326,280.8900146484375,2712.15869140625
2022-08-15,MNST,767.0,45.89500045776367,35201.465351104736,0.186393811664758,49.244998931884766,-2569.448829650879
2022-08-16,ENPH,134.0,292.94000244140625,39253.96032714844,0.20885788932376773,280.8900146484375,1614.6983642578125
2022-08-16,MNST,767.0,46.13999938964844,35389.37953186035,0.18829567900669034,49.244998931884766,-2381.5346488952637
2022-08-17,ENPH,134.0,293.1300048828125,39279.420654296875,0.2092938384000403,280.8900146484375,1640.15869140625
2022-08-17,MNST,767.0,45.755001068115234,35094.085819244385,0.18699298013822904,49.244998931884766,-2676.8283615112305
2022-08-18,ENPH,134.0,294.0,39396.0,0.2098918567936059,280.8900146484375,1756.738037109375
2022-08-18,MNST,767.0,45.630001068115234,34998.210819244385,0.18646155582559829,49.244998931884766,-2772.7033615112305
2022-08-19,ENPH,134.0,283.70001220703125,38015.80163574219,0.2043206563472337,280.8900146484375,376.5396728515625
2022-08-19,MNST,767.0,45.29499816894531,34741.263595581055,0.18672124418672134,49.244998931884766,-3029.6505851745605
2022-08-22,ENPH,134.0,280.760009765625,37621.84130859375,0.20305173083314224,280.8900146484375,-17.420654296875
2022-08-22,MNST,767.0,44.79499816894531,34357.763595581055,0.18543492617531923,49.244998931884766,-3413.1505851745605
2022-08-23,ENPH,134.0,285.4100036621094,38244.940490722656,0.20548124965722517,280.8900146484375,605.6785278320312
2022-08-23,MNST,767.0,45.08000183105469,34576.361404418945,0.1857708198474858,49.244998931884766,-3194.55277633667
2022-08-24,ENPH,134.0,293.0899963378906,39274.059509277344,0.2097341244115579,280.8900146484375,1634.7975463867188
2022-08-24,MNST,767.0,45.21500015258789,34679.90511703491,0.18520009454787983,49.244998931884766,-3091.009063720703
2022-08-25,ENPH,134.0,299.80999755859375,40174.53967285156,0.2131902821118029,280.8900146484375,2535.2777099609375
2022-08-25,MNST,767.0,45.59000015258789,34967.53011703491,0.18555875614528242,49.244998931884766,-2803.384063720703
2022-08-26,ENPH,134.0,288.5899963378906,38671.059509277344,0.20772740410002938,280.8900146484375,1031.7975463867188
2022-08-26,MNST,767.0,44.57500076293945,34189.02558517456,0.18365148572704612,49.244998931884766,-3581.8885955810547
2022-08-29,ENPH,134.0,284.82000732421875,38165.88098144531,0.20580968309412428,280.8900146484375,526.6190185546875
2022-08-29,MNST,767.0,44.29499816894531,33974.263595581055,0.18320636768117884,49.244998931884766,-3796.6505851745605
2022-08-30,ENPH,134.0,285.7699890136719,38293.17852783203,0.20638007245798232,280.8900146484375,653.9165649414062
2022-08-30,MNST,767.0,44.26499938964844,33951.25453186035,0.18297938796676416,49.244998931884766,-3819.6596488952637
2022-08-31,ENPH,134.0,286.44000244140625,38382.96032714844,0.20663583513951594,280.8900146484375,743.6983642578125
2022-08-31,MNST,767.0,44.415000915527344,34066.30570220947,0.18339699358507183,49.244998931884766,-3704.6084785461426
2022-09-01,BJ,496.0,74.4800033569336,36942.08166503906,0.19986117069278028,74.4800033569336,0.0
2022-09-01,FSLR,289.0,127.83999633789062,36945.75894165039,0.1998810652080695,127.83999633789062,0.0
2022-09-02,BJ,496.0,73.37000274658203,36391.52136230469,0.19791458362865477,74.4800033569336,-550.560302734375
2022-09-02,FSLR,289.0,126.41000366210938,36532.49105834961,0.19868124458847627,127.83999633789062,-413.26788330078125
2022-09-06,BJ,496.0,74.3499984741211,36877.59924316406,0.19965688456974914,74.4800033569336,-64.482421875
2022-09-06,FSLR,289.0,127.5999984741211,36876.399559020996,0.19965038942897567,127.83999633789062,-69.35938262939453
2022-09-07,BJ,496.0,77.55999755859375,38469.7587890625,0.20421595402123385,74.4800033569336,1527.6771240234375
2022-09-07,FSLR,289.0,134.8000030517578,38957.20088195801,0.20680353073510357,127.83999633789062,2011.4419403076172
2022-09-08,BJ,496.0,78.31999969482422,38846.71984863281,0.20494855311253038,74.4800033569336,1904.63818359375
2022-09-08,FSLR,289.0,137.52999877929688,39746.1696472168,0.2096938941744124,127.83999633789062,2800.4107055664062
2022-09-09,BJ,496.0,78.91000366210938,39139.36181640625,0.20671228253790858,74.4800033569336,2197.2801513671875
2022-09-09,FSLR,289.0,135.82000732421875,39251.98211669922,0.20730708015987456,127.83999633789062,2306.223175048828
2022-09-12,BJ,496.0,78.45999908447266,38916.15954589844,0.20547146282521797,74.4800033569336,1974.077880859375
2022-09-12,FSLR,289.0,136.7899932861328,39532.30805969238,0.20872463420502768,127.83999633789062,2586.549118041992
2022-09-13,BJ,496.0,76.08000183105469,37735.680908203125,0.20049754197015654,74.4800033569336,793.5992431640625
2022-09-13,FSLR,289.0,136.75999450683594,39523.638412475586,0.20999733304655915,127.83999633789062,2577.8794708251953
2022-09-14,BJ,496.0,77.16999816894531,38276.319091796875,0.20309852141167403,74.4800033569336,1334.2374267578125
2022-09-14,FSLR,289.0,135.75999450683594,39234.638412475586,0.20818347319617825,127.83999633789062,2288.8794708251953
2022-09-15,BJ,496.0,76.44999694824219,37919.198486328125,0.2027506008498021,74.4800033569336,977.1168212890625
2022-09-15,FSLR,289.0,132.02000427246094,38153.78123474121,0.20400489405979436,127.83999633789062,1208.0222930908203
2022-09-16,BJ,496.0,78.44999694824219,38911.198486328125,0.20575833997412343,74.4800033569336,1969.1168212890625
2022-09-16,FSLR,289.0,135.80999755859375,39249.089294433594,0.2075450711587906,127.83999633789062,2303.330352783203
2022-09-19,BJ,496.0,76.91999816894531,38152.319091796875,0.20217674731010749,74.4800033569336,1210.2374267578125
2022-09-19,FSLR,289.0,137.0399932861328,39604.55805969238,0.20987245121056133,127.83999633789062,2658.799118041992
2022-09-20,BJ,496.0,75.5,37448.0,0.20033653824440914,74.4800033569336,505.9183349609375
2022-09-20,FSLR,289.0,133.30999755859375,38526.589294433594,0.20610669540725643,127.83999633789062,1580.8303527832031
2022-09-21,BJ,496.0,75.62999725341797,37512.47863769531,0.19991399583127462,74.4800033569336,570.39697265625
2022-09-21,FSLR,289.0,135.57000732421875,39179.73211669922,0.20879923394818042,127.83999633789062,2233.973175048828
2022-09-22,BJ,496.0,75.0,37200.0,0.1997504149645059,74.4800033569336,257.9183349609375
2022-09-22,FSLR,289.0,131.77000427246094,38081.53123474121,0.20448391576944489,127.83999633789062,1135.7722930908203
2022-09-23,BJ,496.0,73.11000061035156,36262.560302734375,0.19628961584018442,74.4800033569336,-679.5213623046875
2022-09-23,FSLR,289.0,129.85000610351562,37526.651763916016,0.2031321560588212,127.83999633789062,580.892822265625
2022-09-26,BJ,496.0,75.44999694824219,37423.198486328125,0.2018219906379837,74.4800033569336,481.1168212890625
2022-09-26,FSLR,289.0,128.2100067138672,37052.69194030762,0.19982386189199797,127.83999633789062,106.93299865722656
2022-09-27,BJ,496.0,76.0199966430664,37705.91833496094,0.20174987730484648,74.4800033569336,763.836669921875
2022-09-27,FSLR,289.0,132.30999755859375,38237.589294433594,0.20459464426920662,127.83999633789062,1291.8303527832031
2022-09-28,BJ,496.0,76.05999755859375,37725.7587890625,0.20063099940789483,74.4800033569336,783.6771240234375
2022-09-28,FSLR,289.0,136.19000244140625,39358.910705566406,0.20931633567972865,127.83999633789062,2413.1517639160156
2022-09-29,BJ,496.0,74.47000122070312,36937.12060546875,0.19887882788133984,74.4800033569336,-4.9610595703125
2022-09-29,FSLR,289.0,130.92999267578125,37838.76788330078,0.20373352556319127,127.83999633789062,893.0089416503906
2022-09-30,BJ,496.0,72.80999755859375,36113.7587890625,0.19490328451966274,74.4800033569336,-828.3228759765625
2022-09-30,FSLR,289.0,132.27000427246094,38226.03123474121,0.2063030626448865,127.83999633789062,1280.2722930908203
2022-10-03,HUBB,173.0,216.31689453125,37422.82275390625,0.19989158287673617,216.31689453125,0.0
2022-10-03,ORLY,782.0,47.87933349609375,37441.63879394531,0.19999208753539363,47.87933349609375,0.0
2022-10-04,HUBB,173.0,224.8701171875,38902.5302734375,0.20551176168599963,216.31689453125,1479.70751953125
2022-10-04,ORLY,782.0,48.64733123779297,38042.2130279541,0.2009669335865055,47.87933349609375,600.5742340087891
2022-10-05,HUBB,173.0,226.30833435058594,39151.34184265137,0.20641954536538998,216.31689453125,1728.5190887451172
2022-10-05,ORLY,782.0,48.805999755859375,38166.29180908203,0.20122601762095815,47.87933349609375,724.6530151367188
2022-10-06,HUBB,173.0,223.8319091796875,38722.92028808594,0.20460492137971045,216.31689453125,1300.0975341796875
2022-10-06,ORLY,782.0,48.82733154296875,38182.97326660156,0.20175193877772396,47.87933349609375,741.33447265625
2022-10-07,HUBB,173.0,218.21231079101562,37750.7297668457,0.2017065603214516,216.31689453125,327.9070129394531
2022-10-07,ORLY,782.0,47.384666442871094,37054.809158325195,0.1979881751917219,47.87933349609375,-386.8296356201172
2022-10-10,HUBB,173.0,219.18382263183594,37918.80131530762,0.2016483523755054,216.31689453125,495.9785614013672
2022-10-10,ORLY,782.0,48.30466842651367,37774.25070953369,0.20087964686588725,47.87933349609375,332.6119155883789
2022-10-11,HUBB,173.0,217.89797973632812,37696.350494384766,0.20035079181253956,216.31689453125,273.5277404785156
2022-10-11,ORLY,782.0,48.72666549682617,38104.25241851807,0.20251873306972143,47.87933349609375,662.6136245727539
2022-10-12,HUBB,173.0,214.70718383789062,37144.34280395508,0.19818178834335784,216.31689453125,-278.4799499511719
2022-10-12,ORLY,782.0,48.50400161743164,37930.12926483154,0.20237431281187296,47.87933349609375,488.49047088623047
2022-10-13,HUBB,173.0,215.7454071044922,37323.95542907715,0.19837503429330383,216.31689453125,-98.86732482910156
2022-10-13,ORLY,782.0,49.198665618896484,38473.35651397705,0.20448404597260048,47.87933349609375,1031.7177200317383
2022-10-14,HUBB,173.0,207.3159637451172,35865.66172790527,0.19243949237907226,216.31689453125,-1557.1610260009766
2022-10-14,ORLY,782.0,48.79399871826172,38156.906997680664,0.20473331480946852,47.87933349609375,715.2682037353516
2022-10-17,HUBB,173.0,213.0974884033203,36865.865493774414,0.19651187024876576,216.31689453125,-556.9572601318359
2022-10-17,ORLY,782.0,49.08466720581055,38384.20975494385,0.20460533737472467,47.87933349609375,942.5709609985352
2022-10-18,HUBB,173.0,218.86952209472656,37864.427322387695,0.20044244953029464,216.31689453125,441.6045684814453
2022-10-18,ORLY,782.0,49.4739990234375,38688.667236328125,0.20480571814503415,47.87933349609375,1247.0284423828125
2022-10-19,HUBB,173.0,207.36358642578125,35873.900451660156,0.19216290020936092,216.31689453125,-1548.9223022460938
2022-10-19,ORLY,782.0,49.181331634521484,38459.8013381958,0.2060145920453305,47.87933349609375,1018.1625442504883
2022-10-20,HUBB,173.0,202.35354614257812,35007.163482666016,0.18875490206421275,216.31689453125,-2415.6592712402344
2022-10-20,ORLY,782.0,48.72800064086914,38105.29650115967,0.205459705776094,47.87933349609375,663.6577072143555
2022-10-21,HUBB,173.0,206.53494262695312,35730.54507446289,0.19120276401013966,216.31689453125,-1692.2776794433594
2022-10-21,ORLY,782.0,49.60466766357422,38790.85011291504,0.20757919434017721,47.87933349609375,1349.2113189697266
2022-10-24,HUBB,173.0,212.60223388671875,36780.186462402344,0.19440491439533603,216.31689453125,-642.6362915039062
2022-10-24,ORLY,782.0,51.23066711425781,40062.38168334961,0.2117532462644333,47.87933349609375,2620.742889404297
2022-10-25,HUBB,173.0,226.07025146484375,39110.15350341797,0.20380201591386712,216.31689453125,1687.3307495117188
2022-10-25,ORLY,782.0,51.71533203125,40441.3896484375,0.21073905363192863,47.87933349609375,2999.7508544921875
2022-10-26,HUBB,173.0,226.7464599609375,39227.13757324219,0.20419117556613867,216.31689453125,1804.3148193359375
2022-10-26,ORLY,782.0,51.830665588378906,40531.580490112305,0.2109812639878929,47.87933349609375,3089.941696166992
2022-10-27,HUBB,173.0,228.04185485839844,39451.24089050293,0.2031493114449994,216.31689453125,2028.4181365966797
2022-10-27,ORLY,782.0,54.21466827392578,42395.87059020996,0.21831231981820326,47.87933349609375,4954.231796264648
2022-10-28,HUBB,173.0,225.8035430908203,39064.012954711914,0.20031362372219833,216.31689453125,1641.190200805664
2022-10-28,ORLY,782.0,55.753334045410156,43599.10722351074,0.22356881688317873,47.87933349609375,6157.46842956543
2022-10-31,HUBB,173.0,226.1940460205078,39131.56996154785,0.20054393097938114,216.31689453125,1708.7472076416016
2022-10-31,ORLY,782.0,55.81133270263672,43644.462173461914,0.2236718848323137,47.87933349609375,6202.823379516602
2022-11-01,CHH,309.0,126.03780364990234,38945.681327819824,0.19985349583621687,126.03780364990234,0.0
2022-11-01,GILD,554.0,70.40716552734375,39005.56970214844,0.20016081876809153,70.40716552734375,0.0
2022-11-02,CHH,309.0,122.53837585449219,37864.358139038086,0.19611515747662414,126.03780364990234,-1081.3231887817383
2022-11-02,GILD,554.0,69.11155700683594,38287.80258178711,0.19830835122541,70.40716552734375,-717.7671203613281
2022-11-03,CHH,309.0,121.42666625976562,37520.83987426758,0.19390082556348667,126.03780364990234,-1424.841453552246
2022-11-03,GILD,554.0,70.51366424560547,39064.56999206543,0.20187853995610902,70.40716552734375,59.00028991699219
2022-11-04,CHH,309.0,124.09475708007812,38345.27993774414,0.19688237578007517,126.03780364990234,-600.4013900756836
2022-11-04,GILD,554.0,71.2945785522461,39497.196517944336,0.202796847479812,70.40716552734375,491.62681579589844
2022-11-07,CHH,309.0,112.7747573852539,34847.40003204346,0.1816718078824111,126.03780364990234,-4098.281295776367
2022-11-07,GILD,554.0,72.28848266601562,40047.819396972656,0.20878343132934366,70.40716552734375,1042.2496948242188
2022-11-08,CHH,309.0,112.15605926513672,34656.222312927246,0.18049880853142458,126.03780364990234,-4289.459014892578
2022-11-08,GILD,554.0,72.97179412841797,40426.373947143555,0.21055129046720672,70.40716552734375,1420.8042449951172
2022-11-09,CHH,309.0,111.09270477294922,34327.64577484131,0.1790526531188466,126.03780364990234,-4618.035552978516
2022-11-09,GILD,554.0,73.05165100097656,40470.614654541016,0.2110943166559036,70.40716552734375,1465.0449523925781
2022-11-10,CHH,309.0,115.92616271972656,35821.18428039551,0.1852666372069822,126.03780364990234,-3124.4970474243164
2022-11-10,GILD,554.0,73.30011749267578,40608.26509094238,0.210025348612665,70.40716552734375,1602.6953887939453
2022-11-11,CHH,309.0,118.333251953125,36564.974853515625,0.18876172768936375,126.03780364990234,-2380.706474304199
2022-11-11,GILD,554.0,72.60795593261719,40224.80758666992,0.20765511822311572,70.40716552734375,1219.2378845214844
2022-11-14,CHH,309.0,116.49652862548828,35997.42734527588,0.18589054102477043,126.03780364990234,-2948.2539825439453
2022-11-14,GILD,554.0,73.5219955444336,40731.18553161621,0.21033564544567626,70.40716552734375,1725.6158294677734
2022-11-15,CHH,309.0,117.90789794921875,36433.540466308594,0.18764857638740645,126.03780364990234,-2512.1408615112305
2022-11-15,GILD,554.0,73.65509033203125,40804.92004394531,0.2101630820899488,70.40716552734375,1799.350341796875
2022-11-16,CHH,309.0,118.51690673828125,36621.724182128906,0.18849238258716872,126.03780364990234,-2323.957145690918
2022-11-16,GILD,554.0,73.5486068725586,40745.92820739746,0.2097197021730067,70.40716552734375,1740.3585052490234
2022-11-17,CHH,309.0,116.6318588256836,36039.24437713623,0.1857033597126574,126.03780364990234,-2906.4369506835938
2022-11-17,GILD,554.0,74.20530700683594,41109.74008178711,0.21183065799640374,70.40716552734375,2104.170379638672
2022-11-18,CHH,309.0,118.38158416748047,36579.909507751465,0.18796564228823331,126.03780364990234,-2365.7718200683594
2022-11-18,GILD,554.0,74.20530700683594,41109.74008178711,0.2112421491129716,70.40716552734375,2104.170379638672
2022-11-21,CHH,309.0,117.69523620605469,36367.8279876709,0.18673500480127683,126.03780364990234,-2577.853340148926
2022-11-21,GILD,554.0,74.85310363769531,41468.6194152832,0.21292563438873535,70.40716552734375,2463.0497131347656
2022-11-22,CHH,309.0,118.42024993896484,36591.85723114014,0.18725394586800062,126.03780364990234,-2353.8240966796875
2022-11-22,GILD,554.0,75.63402557373047,41901.25016784668,0.21442405563537015,70.40716552734375,2895.680465698242
2022-11-23,CHH,309.0,115.91651153564453,35818.20206451416,0.18393515510083905,126.03780364990234,-3127.479263305664
2022-11-23,GILD,554.0,75.80264282226562,41994.664123535156,0.21565278583937358,70.40716552734375,2989.0944213867188
2022-11-25,CHH,309.0,116.4288558959961,35976.51647186279,0.1842077363790035,126.03780364990234,-2969.1648559570312
2022-11-25,GILD,554.0,76.54806518554688,42407.62811279297,0.21713645305180668,70.40716552734375,3402.0584106445312
2022-11-28,CHH,309.0,115.36548614501953,35647.935218811035,0.18331827736603012,126.03780364990234,-3297.746109008789
2022-11-28,GILD,554.0,75.61627197265625,41891.41467285156,0.21542515512092875,70.40716552734375,2885.844970703125
2022-11-29,CHH,309.0,117.25054931640625,36230.41973876953,0.18550009159996303,126.03780364990234,-2715.261589050293
2022-11-29,GILD,554.0,76.10436248779297,42161.816818237305,0.21586890072473397,70.40716552734375,3156.247116088867
2022-11-30,CHH,309.0,119.11627197265625,36806.92803955078,0.18692610051967606,126.03780364990234,-2138.753288269043
2022-11-30,GILD,554.0,77.94129180908203,43179.475662231445,0.2192894500554926,70.40716552734375,4173.905960083008
2022-12-01,CPRT,1454.0,33.834999084472656,49196.08866882324,0.25041490289824386,33.834999084472656,0.0
2022-12-01,CTAS,439.0,112.03043365478516,49181.36037445068,0.2503399338406428,112.03043365478516,0.0
2022-12-01,DKS,455.0,107.98200225830078,49131.811027526855,0.2500877208043153,107.98200225830078,0.0
2022-12-02,CPRT,1454.0,33.57500076293945,48818.051109313965,0.24807557023247245,33.834999084472656,-378.03755950927734
2022-12-02,CTAS,439.0,112.04981231689453,49189.8676071167,0.24996500636558872,112.03043365478516,8.507232666015625
2022-12-02,DKS,455.0,109.51658630371094,49830.04676818848,0.2532181638928774,107.98200225830078,698.2357406616211
2022-12-05,CPRT,1454.0,32.849998474121094,47763.89778137207,0.24652393731477187,33.834999084472656,-1432.1908874511719
2022-12-05,CTAS,439.0,111.29397583007812,48858.0553894043,0.2521712159939465,112.03043365478516,-323.3049850463867
2022-12-05,DKS,455.0,105.88687896728516,48178.529930114746,0.24866397936731124,107.98200225830078,-953.2810974121094
2022-12-06,CPRT,1454.0,32.119998931884766,46702.47844696045,0.2425771781381686,33.834999084472656,-2493.610221862793
2022-12-06,CTAS,439.0,109.6490707397461,48135.942054748535,0.2500227263939405,112.03043365478516,-1045.4183197021484
2022-12-06,DKS,455.0,107.11823272705078,48738.795890808105,0.2531540073718266,107.98200225830078,-393.01513671875
2022-12-07,CPRT,1454.0,31.545000076293945,45866.4301109314,0.23818384288637995,33.834999084472656,-3329.6585578918457
2022-12-07,CTAS,439.0,109.8089599609375,48206.13342285156,0.25033389521657684,112.03043365478516,-975.2269515991211
2022-12-07,DKS,455.0,108.89171600341797,49545.730781555176,0.2572904088594476,107.98200225830078,413.9197540283203
2022-12-08,CPRT,1454.0,31.950000762939453,46455.301109313965,0.23824897528417988,33.834999084472656,-2740.7875595092773
2022-12-08,CTAS,439.0,110.25955963134766,48403.94667816162,0.24824272839488634,112.03043365478516,-777.4136962890625
2022-12-08,DKS,455.0,112.47926330566406,51178.06480407715,0.2624699701742778,107.98200225830078,2046.253776550293
2022-12-09,CPRT,1454.0,31.895000457763672,46375.33066558838,0.23951805111860605,33.834999084472656,-2820.7580032348633
2022-12-09,CTAS,439.0,109.85256958007812,48225.2780456543,0.24907260921632648,112.03043365478516,-956.0823287963867
2022-12-09,DKS,455.0,110.04328918457031,50069.69657897949,0.25859861207622403,107.98200225830078,937.8855514526367
2022-12-12,CPRT,1454.0,32.189998626708984,46804.25800323486,0.23907153780634466,33.834999084472656,-2391.830665588379
2022-12-12,CTAS,439.0,110.8118896484375,48646.41955566406,0.24848111749023866,112.03043365478516,-534.9408187866211
2022-12-12,DKS,455.0,112.9129409790039,51375.38814544678,0.2624204201352987,107.98200225830078,2243.577117919922
2022-12-13,CPRT,1454.0,31.344999313354492,45575.62900161743,0.23747588476266174,33.834999084472656,-3620.4596672058105
2022-12-13,CTAS,439.0,112.02317810058594,49178.17518615723,0.2562472733603173,112.03043365478516,-3.1851882934570312
2022-12-13,DKS,455.0,105.96487426757812,48214.01779174805,0.25122344515863393,107.98200225830078,-917.7932357788086
2022-12-14,CPRT,1454.0,31.235000610351562,45415.69088745117,0.23613956334715955,33.834999084472656,-3780.3977813720703
2022-12-14,CTAS,439.0,111.2624740600586,48844.22611236572,0.25396628347650985,112.03043365478516,-337.13426208496094
2022-12-14,DKS,455.0,107.94871520996094,49116.66542053223,0.2553828357299694,107.98200225830078,-15.145606994628906
2022-12-15,CPRT,1454.0,30.28499984741211,44034.38977813721,0.2343083531874684,33.834999084472656,-5161.698890686035
2022-12-15,CTAS,439.0,107.68437957763672,47273.44263458252,0.25154345385548477,112.03043365478516,-1907.917739868164
2022-12-15,DKS,455.0,104.78378295898438,47676.62124633789,0.2536887797481968,107.98200225830078,-1455.1897811889648
2022-12-16,CPRT,1454.0,30.19499969482422,43903.529556274414,0.23458501803304851,33.834999084472656,-5292.559112548828
2022-12-16,CTAS,439.0,107.87090301513672,47355.32642364502,0.2530286338097858,112.03043365478516,-1826.033950805664
2022-12-16,DKS,455.0,103.17827606201172,46946.11560821533,0.2508421415735785,107.98200225830078,-2185.6954193115234
2022-12-19,CPRT,1454.0,30.155000686645508,43845.37099838257,0.23542391385039954,33.834999084472656,-5350.717670440674
2022-12-19,CTAS,439.0,107.44213104248047,47167.095527648926,0.25325962538860525,112.03043365478516,-2014.2648468017578
2022-12-19,DKS,455.0,101.71115112304688,46278.57376098633,0.24848878488513004,107.98200225830078,-2853.2372665405273
2022-12-20,CPRT,1454.0,30.125,43801.75,0.23596897412831916,33.834999084472656,-5394.338668823242
2022-12-20,CTAS,439.0,107.54631042480469,47212.83027648926,0.25434516031979587,112.03043365478516,-1968.5300979614258
2022-12-20,DKS,455.0,100.35474395751953,45661.40850067139,0.24598733432243094,107.98200225830078,-3470.4025268554688
2022-12-21,CPRT,1454.0,30.524999618530273,44383.34944534302,0.23380586042131182,33.834999084472656,-4812.739223480225
2022-12-21,CTAS,439.0,112.50039672851562,49387.67416381836,0.26016800886780617,112.03043365478516,206.31378936767578
2022-12-21,DKS,455.0,103.53813934326172,47109.85340118408,0.24816873774589412,107.98200225830078,-2021.9576263427734
2022-12-22,CPRT,1454.0,29.989999771118164,43605.45966720581,0.2339691721539138,33.834999084472656,-5590.629001617432
2022-12-22,CTAS,439.0,109.61997985839844,48123.171157836914,0.25820937568714525,112.03043365478516,-1058.1892166137695
2022-12-22,DKS,455.0,100.42855072021484,45694.990577697754,0.24518074568275536,107.98200225830078,-3436.8204498291016
2022-12-23,CPRT,1454.0,30.2549991607666,43990.76877975464,0.2337312131302627,33.834999084472656,-5205.3198890686035
2022-12-23,CTAS,439.0,110.76828002929688,48627.27493286133,0.25836584075582697,112.03043365478516,-554.0854415893555
2022-12-23,DKS,455.0,102.51392364501953,46643.83525848389,0.24782745340497245,107.98200225830078,-2487.9757690429688
2022-12-27,CPRT,1454.0,30.045000076293945,43685.4301109314,0.22859747383352505,33.834999084472656,-5510.658557891846
2022-12-27,CTAS,439.0,111.20191955566406,48817.64268493652,0.2554533575140809,112.03043365478516,-363.71768951416016
2022-12-27,DKS,455.0,109.12056732177734,49649.85813140869,0.2598081812680348,107.98200225830078,518.0471038818359
2022-12-28,CPRT,1454.0,29.979999542236328,43590.91933441162,0.23090773697079284,33.834999084472656,-5605.169334411621
2022-12-28,CTAS,439.0,109.26631164550781,47967.91081237793,0.25409332728064876,112.03043365478516,-1213.449562072754
2022-12-28,DKS,455.0,106.09406280517578,48272.79857635498,0.2557083641893668,107.98200225830078,-859.012451171875
2022-12-29,CPRT,1454.0,30.614999771118164,44514.20966720581,0.2320995256756682,33.834999084472656,-4681.879001617432
2022-12-29,CTAS,439.0,110.69802856445312,48596.43453979492,0.25338446960060484,112.03043365478516,-584.9258346557617
2022-12-29,DKS,455.0,109.2958755493164,49729.623374938965,0.25929297821176994,107.98200225830078,597.8123474121094
2022-12-30,CPRT,1454.0,30.44499969482422,44267.029556274414,0.23086069438766274,33.834999084472656,-4929.059112548828
2022-12-30,CTAS,439.0,109.40681457519531,48029.59159851074,0.25048314690942275,112.03043365478516,-1151.7687759399414
2022-12-30,DKS,455.0,110.99368286132812,50502.1257019043,0.2633778666529504,107.98200225830078,1370.3146743774414
2023-01-03,EXP,288.0,132.72927856445312,38226.0322265625,0.1996647783267638,132.72927856445312,0.0
2023-01-03,TPR,1073.0,35.70844268798828,38315.159004211426,0.20013031129646305,35.70844268798828,0.0
2023-01-04,EXP,288.0,136.03594970703125,39178.353515625,0.20277338871356776,132.72927856445312,952.3212890625
2023-01-04,TPR,1073.0,36.462520599365234,39124.2846031189,0.20249354702474978,35.70844268798828,809.1255989074707
2023-01-05,EXP,288.0,135.32737731933594,38974.28466796875,0.20185825024905016,132.72927856445312,748.25244140625
2023-01-05,TPR,1073.0,36.52688217163086,39193.34457015991,0.20299282010537334,35.70844268798828,878.1855659484863
2023-01-06,EXP,288.0,140.77947998046875,40544.490234375,0.20690178194047543,132.72927856445312,2318.4580078125
2023-01-06,TPR,1073.0,37.74998092651367,40505.72953414917,0.2067039829818592,35.70844268798828,2190.570529937744
2023-01-09,EXP,288.0,137.7188262939453,39663.02197265625,0.20311268224816761,132.72927856445312,1436.98974609375
2023-01-09,TPR,1073.0,37.93389129638672,40703.06536102295,0.20843870108786333,35.70844268798828,2387.9063568115234
2023-01-10,EXP,288.0,137.47276306152344,39592.15576171875,0.20211841775294456,132.72927856445312,1366.12353515625
2023-01-10,TPR,1073.0,38.568424224853516,41383.91919326782,0.21126539100572314,35.70844268798828,3068.7601890563965
2023-01-11,EXP,288.0,141.11404418945312,40640.8447265625,0.20594411298718338,132.72927856445312,2414.8125
2023-01-11,TPR,1073.0,38.945465087890625,41788.48403930664,0.21175968010648186,35.70844268798828,3473.325035095215
2023-01-12,EXP,288.0,140.090576171875,40346.0859375,0.20399013641007424,132.72927856445312,2120.0537109375
2023-01-12,TPR,1073.0,39.63517761230469,42528.54557800293,0.21502466998206266,35.70844268798828,4213.386573791504
2023-01-13,EXP,288.0,141.90135192871094,40867.58935546875,0.20579675514347526,132.72927856445312,2641.55712890625
2023-01-13,TPR,1073.0,39.89266586303711,42804.83047103882,0.21555211242787786,35.70844268798828,4489.671466827393
2023-01-17,EXP,288.0,140.08071899414062,40343.2470703125,0.20344077919407266,132.72927856445312,2117.21484375
2023-01-17,TPR,1073.0,40.12256622314453,43051.51355743408,0.21709788129705768,35.70844268798828,4736.354553222656
2023-01-18,EXP,288.0,139.1949920654297,40088.15771484375,0.20229385153548743,132.72927856445312,1862.12548828125
2023-01-18,TPR,1073.0,40.23292541503906,43169.928970336914,0.21784516175681562,35.70844268798828,4854.769966125488
2023-01-19,EXP,288.0,135.30770874023438,38968.6201171875,0.19882700652351168,132.72927856445312,742.587890625
2023-01-19,TPR,1073.0,39.24893569946289,42114.10800552368,0.21487602080764853,35.70844268798828,3798.949001312256
2023-01-20,EXP,288.0,138.2010498046875,39801.90234375,0.20118002348154335,132.72927856445312,1575.8701171875
2023-01-20,TPR,1073.0,40.196136474609375,43130.45443725586,0.21800429943066016,35.70844268798828,4815.295433044434
2023-01-23,EXP,288.0,139.9232940673828,40297.90869140625,0.20266351182482986,132.72927856445312,2071.87646484375
2023-01-23,TPR,1073.0,40.66513442993164,43633.68924331665,0.21943959334568805,35.70844268798828,5318.530239105225
2023-01-24,EXP,288.0,140.91726684570312,40584.1728515625,0.2044785029968512,132.72927856445312,2358.140625
2023-01-24,TPR,1073.0,40.05819320678711,42982.44131088257,0.2165618919115387,35.70844268798828,4667.282306671143
2023-01-25,EXP,288.0,142.43276977539062,41020.6376953125,0.20610139022204224,132.72927856445312,2794.60546875
2023-01-25,TPR,1073.0,40.16854476928711,43100.84853744507,0.2165530645646739,35.70844268798828,4785.689533233643
2023-01-26,EXP,288.0,136.83309936523438,39407.9326171875,0.19923764189052634,132.72927856445312,1181.900390625
2023-01-26,TPR,1073.0,40.518001556396484,43475.81567001343,0.21980394347260906,35.70844268798828,5160.656665802002
2023-01-27,EXP,288.0,138.87025451660156,39994.63330078125,0.2015457157592747,132.72927856445312,1768.60107421875
2023-01-27,TPR,1073.0,40.57317352294922,43535.01519012451,0.2193868295052763,35.70844268798828,5219.856185913086
2023-01-30,EXP,288.0,139.2836151123047,40113.68115234375,0.2020244373394915,132.72927856445312,1887.64892578125
2023-01-30,TPR,1073.0,40.57317352294922,43535.01519012451,0.21925529384722747,35.70844268798828,5219.856185913086
2023-01-31,EXP,288.0,143.76136779785156,41403.27392578125,0.2057009947038037,132.72927856445312,3177.24169921875
2023-01-31,TPR,1073.0,41.90660095214844,44965.78282165527,0.22340035888539142,35.70844268798828,6650.623817443848
2023-02-01,TPR,1182.0,42.8721923828125,50674.931396484375,0.25023189864538303,36.369059199609126,7686.703422546387
2023-02-01,ALGM,1277.0,39.68000030517578,50671.36038970947,0.25021426507823785,39.68000030517578,0.0
2023-02-01,BEN,1884.0,26.898277282714844,50676.354400634766,0.2502389254142512,26.898277282714844,0.0
2023-02-02,TPR,1182.0,42.64229202270508,50403.1891708374,0.24358903991956382,36.369059199609126,7414.961196899414
2023-02-02,ALGM,1277.0,41.099998474121094,52484.69805145264,0.2536485769876363,39.68000030517578,1813.337661743164
2023-02-02,BEN,1884.0,28.419233322143555,53541.83557891846,0.2587575218701822,26.898277282714844,2865.4811782836914
2023-02-03,TPR,1182.0,42.403194427490234,50120.57581329346,0.24288750078005125,36.369059199609126,7132.347839355469
2023-02-03,ALGM,1277.0,41.560001373291016,53072.12175369263,0.2571908802857376,39.68000030517578,2400.7613639831543
2023-02-03,BEN,1884.0,27.957069396972656,52671.118743896484,0.2552475941747103,26.898277282714844,1994.7643432617188
2023-02-06,TPR,1182.0,41.060569763183594,48533.59346008301,0.23965872533800878,36.369059199609126,5545.3654861450195
2023-02-06,ALGM,1277.0,41.220001220703125,52637.94155883789,0.2599259827892849,39.68000030517578,1966.581169128418
2023-02-06,BEN,1884.0,26.99071502685547,50850.5071105957,0.2510996373458285,26.898277282714844,174.1527099609375
2023-02-07,TPR,1182.0,41.59394073486328,49164.0379486084,0.23957862075221906,36.369059199609126,6175.80997467041
2023-02-07,ALGM,1277.0,42.84000015258789,54706.680194854736,0.2665881716370903,39.68000030517578,4035.3198051452637
2023-02-07,BEN,1884.0,26.99071502685547,50850.5071105957,0.2477968626344749,26.898277282714844,174.1527099609375
2023-02-08,TPR,1182.0,39.73633575439453,46968.348861694336,0.23292001655425143,36.369059199609126,3980.1208877563477
2023-02-08,ALGM,1277.0,42.540000915527344,54323.58116912842,0.26939523598026616,39.68000030517578,3652.2207794189453
2023-02-08,BEN,1884.0,26.469722747802734,49868.95765686035,0.24730438102439525,26.898277282714844,-807.3967437744141
2023-02-09,TPR,1182.0,41.115745544433594,48598.81123352051,0.24008400456504664,36.369059199609126,5610.5832595825195
2023-02-09,ALGM,1277.0,42.70000076293945,54527.90097427368,0.26937442489128965,39.68000030517578,3856.540584564209
2023-02-09,BEN,1884.0,25.906715393066406,48808.25180053711,0.2411186662938306,26.898277282714844,-1868.1026000976562
2023-02-10,TPR,1182.0,40.86745071411133,48305.32674407959,0.23876708489529988,36.369059199609126,5317.098770141602
2023-02-10,ALGM,1277.0,42.72999954223633,54566.20941543579,0.26971383145662886,39.68000030517578,3894.8490257263184
2023-02-10,BEN,1884.0,25.982341766357422,48950.73188781738,0.24195724041506544,26.898277282714844,-1725.6225128173828
2023-02-13,TPR,1182.0,41.5755500793457,49142.30019378662,0.23891268684341427,36.369059199609126,6154.072219848633
2023-02-13,ALGM,1277.0,43.68000030517578,55779.36038970947,0.27117975366561187,39.68000030517578,5108.0
2023-02-13,BEN,1884.0,26.688201904296875,50280.57238769531,0.24444656839013637,26.898277282714844,-395.7820129394531
2023-02-14,TPR,1182.0,41.47439956665039,49022.74028778076,0.23716178339490998,36.369059199609126,6034.512313842773
2023-02-14,ALGM,1277.0,44.630001068115234,56992.511363983154,0.2757178720710148,39.68000030517578,6321.150974273682
2023-02-14,BEN,1884.0,26.646188735961914,50201.419578552246,0.24286398773944537,26.898277282714844,-474.93482208251953
2023-02-15,TPR,1182.0,41.722686767578125,49316.215759277344,0.2363085218511086,36.369059199609126,6327.9877853393555
2023-02-15,ALGM,1277.0,45.91999816894531,58639.837661743164,0.28098452296248433,39.68000030517578,7968.477272033691
2023-02-15,BEN,1884.0,26.67139434814453,50248.9069519043,0.24077769844302424,26.898277282714844,-427.44744873046875
2023-02-16,TPR,1182.0,41.26288986206055,48772.73581695557,0.23657792683504644,36.369059199609126,5784.507843017578
2023-02-16,ALGM,1277.0,45.029998779296875,57503.30844116211,0.2789266025228177,39.68000030517578,6831.948051452637
2023-02-16,BEN,1884.0,26.217626571655273,49394.008460998535,0.23959148331624586,26.898277282714844,-1282.3459396362305
2023-02-17,TPR,1182.0,40.5639762878418,47946.619972229004,0.23404330825088457,36.369059199609126,4958.391998291016
2023-02-17,ALGM,1277.0,44.5,56826.5,0.27738893928335845,39.68000030517578,6155.139610290527
2023-02-17,BEN,1884.0,26.326868057250977,49599.81941986084,0.24211312147539127,26.898277282714844,-1076.5349807739258
2023-02-21,TPR,1182.0,38.9638557434082,46055.277488708496,0.2318550923002046,36.369059199609126,3067.049514770508
2023-02-21,ALGM,1277.0,42.880001068115234,54757.761363983154,0.2756658195862911,39.68000030517578,4086.4009742736816
2023-02-21,BEN,1884.0,25.125226974487305,47335.92761993408,0.2383022416948071,26.898277282714844,-3340.4267807006836
2023-02-22,TPR,1182.0,39.478843688964844,46663.993240356445,0.23420358689149548,36.369059199609126,3675.765266418457
2023-02-22,ALGM,1277.0,43.040000915527344,54962.08116912842,0.27585115758372397,39.68000030517578,4290.720779418945
2023-02-22,BEN,1884.0,25.015987396240234,47130.1202545166,0.23654304845666901,26.898277282714844,-3546.234146118164
2023-02-23,TPR,1182.0,39.64436721801758,46859.64205169678,0.23385039699432073,36.369059199609126,3871.414077758789
2023-02-23,ALGM,1277.0,43.790000915527344,55919.83116912842,0.27906475905917766,39.68000030517578,5248.470779418945
2023-02-23,BEN,1884.0,25.007583618164062,47114.287536621094,0.23512119090428416,26.898277282714844,-3562.066864013672
2023-02-24,TPR,1182.0,39.17536544799805,46305.28195953369,0.23342952248360405,36.369059199609126,3317.053985595703
2023-02-24,ALGM,1277.0,43.22999954223633,55204.70941543579,0.2782924196197048,39.68000030517578,4533.349025726318
2023-02-24,BEN,1884.0,24.612638473510742,46370.21088409424,0.23375683563696714,26.898277282714844,-4306.143516540527
2023-02-27,TPR,1182.0,39.71793746948242,46946.60208892822,0.23601620979565452,36.369059199609126,3958.3741149902344
2023-02-27,ALGM,1277.0,42.93000030517578,54821.61038970947,0.2756065002226169,39.68000030517578,4150.25
2023-02-27,BEN,1884.0,24.763893127441406,46655.17465209961,0.23455110697648854,26.898277282714844,-4021.1797485351562
2023-02-28,TPR,1182.0,40.01221466064453,47294.437728881836,0.23621447481353852,36.369059199609126,4306.209754943848
2023-02-28,ALGM,1277.0,43.68000030517578,55779.36038970947,0.27859285261877725,39.68000030517578,5108.0
2023-02-28,BEN,1884.0,24.763893127441406,46655.17465209961,0.23302164286117585,26.898277282714844,-4021.1797485351562
2023-03-01,BKNG,496.0,100.22055053710938,49709.39306640625,0.2501484548708326,100.22055053710938,0.0
2023-03-01,BLD,241.0,205.97999572753906,49641.178970336914,0.2498051867341776,205.97999572753906,0.0
2023-03-01,MGM,1121.0,44.380001068115234,49749.98119735718,0.25035270315505337,44.380001068115234,0.0
2023-03-02,BKNG,496.0,101.22225189208984,50206.23693847656,0.25068126757064235,100.22055053710938,496.8438720703125
2023-03-02,BLD,241.0,206.25,49706.25,0.24818481758456476,205.97999572753906,65.07102966308594
2023-03-02,MGM,1121.0,45.27000045776367,50747.670513153076,0.2533846618714647,44.380001068115234,997.6893157958984
2023-03-03,BKNG,496.0,102.8938217163086,51035.33557128906,0.2516334014745081,100.22055053710938,1325.9425048828125
2023-03-03,BLD,241.0,210.36000061035156,50696.76014709473,0.24996403093560596,205.97999572753906,1055.5811767578125
2023-03-03,MGM,1121.0,45.90999984741211,51465.109828948975,0.2537524344368775,44.380001068115234,1715.1286315917969
2023-03-06,BKNG,496.0,102.6201400756836,50899.58947753906,0.2539598354978457,100.22055053710938,1190.1964111328125
2023-03-06,BLD,241.0,203.8800048828125,49135.08117675781,0.2451559484252646,205.97999572753906,-506.09779357910156
2023-03-06,MGM,1121.0,45.290000915527344,50770.09102630615,0.25331371230294547,44.380001068115234,1020.1098289489746
2023-03-07,BKNG,496.0,101.2642593383789,50227.07263183594,0.2529146602256319,100.22055053710938,517.6795654296875
2023-03-07,BLD,241.0,201.25999450683594,48503.65867614746,0.24423653840423817,205.97999572753906,-1137.5202941894531
2023-03-07,MGM,1121.0,44.81999969482422,50243.21965789795,0.2529959673653106,44.380001068115234,493.2384605407715
2023-03-08,BKNG,496.0,101.4201431274414,50304.39099121094,0.2521365791494226,100.22055053710938,594.9979248046875
2023-03-08,BLD,241.0,203.0800018310547,48942.28044128418,0.2453093839937974,205.97999572753906,-698.8985290527344
2023-03-08,MGM,1121.0,45.18000030517578,50646.78034210205,0.25385270925198083,44.380001068115234,896.799144744873
2023-03-09,BKNG,496.0,98.3777847290039,48795.38122558594,0.25019884249461927,100.22055053710938,-914.0118408203125
2023-03-09,BLD,241.0,200.02999877929688,48207.22970581055,0.24718308924578325,205.97999572753906,-1433.9492645263672
2023-03-09,MGM,1121.0,43.18000030517578,48404.78034210205,0.24819603225991205,44.380001068115234,-1345.200855255127
2023-03-10,BKNG,496.0,97.4000473022461,48310.42346191406,0.2512856945306755,100.22055053710938,-1398.9696044921875
2023-03-10,BLD,241.0,192.86000061035156,46479.26014709473,0.2417609354333716,205.97999572753906,-3161.9188232421875
2023-03-10,MGM,1121.0,42.68000030517578,47844.28034210205,0.24886106048239398,44.380001068115234,-1905.700855255127
2023-03-13,BKNG,496.0,95.76657104492188,47500.21923828125,0.24966096012594546,100.22055053710938,-2209.173828125
2023-03-13,BLD,241.0,192.32000732421875,46349.12176513672,0.24361079646454903,205.97999572753906,-3292.0572052001953
2023-03-13,MGM,1121.0,41.7400016784668,46790.54188156128,0.24593089881044822,44.380001068115234,-2959.4393157958984
2023-03-14,BKNG,496.0,97.21392822265625,48218.1083984375,0.25085931060459676,100.22055053710938,-1491.28466796875
2023-03-14,BLD,241.0,194.6999969482422,46922.69926452637,0.24411982095895204,205.97999572753906,-2718.479705810547
2023-03-14,MGM,1121.0,42.33000183105469,47451.932052612305,0.24687320504593313,44.380001068115234,-2298.049144744873
2023-03-15,BKNG,496.0,94.8571548461914,47049.14880371094,0.2501474882317815,100.22055053710938,-2660.2442626953125
2023-03-15,BLD,241.0,188.42999267578125,45411.62823486328,0.24144123811588544,205.97999572753906,-4229.550735473633
2023-03-15,MGM,1121.0,41.040000915527344,46005.84102630615,0.24460050541474262,44.380001068115234,-3744.1401710510254
2023-03-16,BKNG,496.0,95.8066177368164,47520.08239746094,0.24950960459761615,100.22055053710938,-2189.3106689453125
2023-03-16,BLD,241.0,192.07000732421875,46288.87176513672,0.24304499295241389,205.97999572753906,-3352.3072052001953
2023-03-16,MGM,1121.0,41.95000076293945,47025.95085525513,0.24691511065958438,44.380001068115234,-2724.030342102051
2023-03-17,BKNG,496.0,95.8435287475586,47538.39025878906,0.251425589571216,100.22055053710938,-2171.0028076171875
2023-03-17,BLD,241.0,189.52999877929688,45676.72970581055,0.24157946100931,205.97999572753906,-3964.449264526367
2023-03-17,MGM,1121.0,41.25,46241.25,0.2445651499865521,44.380001068115234,-3508.7311973571777
2023-03-20,BKNG,496.0,97.91992950439453,48568.28503417969,0.25427161765018524,100.22055053710938,-1141.1080322265625
2023-03-20,BLD,241.0,190.77000427246094,45975.571029663086,0.24069787125232953,205.97999572753906,-3665.607940673828
2023-03-20,MGM,1121.0,41.790000915527344,46846.59102630615,0.2452579594538427,44.380001068115234,-2903.3901710510254
2023-03-21,BKNG,496.0,100.96662139892578,50079.44421386719,0.25731315516179776,100.22055053710938,370.0511474609375
2023-03-21,BLD,241.0,195.36000061035156,47081.76014709473,0.24191075688226807,205.97999572753906,-2559.4188232421875
2023-03-21,MGM,1121.0,42.68000030517578,47844.28034210205,0.24582866133052855,44.380001068115234,-1905.700855255127
2023-03-22,BKNG,496.0,100.45301818847656,49824.697021484375,0.25944731714207653,100.22055053710938,115.303955078125
2023-03-22,BLD,241.0,190.77000427246094,45975.571029663086,0.23940413631773047,205.97999572753906,-3665.607940673828
2023-03-22,MGM,1121.0,41.59000015258789,46622.390171051025,0.2427722549605168,44.380001068115234,-3127.5910263061523
2023-03-23,BKNG,496.0,99.68809509277344,49445.295166015625,0.2588518879486028,100.22055053710938,-264.097900390625
2023-03-23,BLD,241.0,189.77000427246094,45734.571029663086,0.23942581424176634,205.97999572753906,-3906.607940673828
2023-03-23,MGM,1121.0,41.22999954223633,46218.829486846924,0.24196096375348913,44.380001068115234,-3531.151710510254
2023-03-24,BKNG,496.0,98.13983154296875,48677.3564453125,0.25498111341355667,100.22055053710938,-1032.03662109375
2023-03-24,BLD,241.0,193.0500030517578,46525.05073547363,0.24370693284219333,205.97999572753906,-3116.1282348632812
2023-03-24,MGM,1121.0,41.11000061035156,46084.3106842041,0.24139825387510708,44.380001068115234,-3665.670513153076
2023-03-27,BKNG,496.0,98.492431640625,48852.24609375,0.25402775677016814,100.22055053710938,-857.14697265625
2023-03-27,BLD,241.0,195.27000427246094,47060.071029663086,0.244708590351581,205.97999572753906,-2581.107940673828
2023-03-27,MGM,1121.0,41.72999954223633,46779.329486846924,0.2432487568729539,44.380001068115234,-2970.651710510254
2023-03-28,BKNG,496.0,99.9378433227539,49569.17028808594,0.256576659422555,100.22055053710938,-140.2227783203125
2023-03-28,BLD,241.0,195.58999633789062,47137.18911743164,0.24398839940289893,205.97999572753906,-2503.9898529052734
2023-03-28,MGM,1121.0,41.810001373291016,46869.01153945923,0.24260027636819217,44.380001068115234,-2880.969657897949
2023-03-29,BKNG,496.0,100.98429870605469,50088.212158203125,0.25608124900120377,100.22055053710938,378.819091796875
2023-03-29,BLD,241.0,197.49000549316406,47595.09132385254,0.24333490670503816,205.97999572753906,-2046.087646484375
2023-03-29,MGM,1121.0,43.08000183105469,48292.682052612305,0.24690141262360096,44.380001068115234,-1457.299144744873
2023-03-30,BKNG,496.0,102.47602844238281,50828.110107421875,0.25827513822129544,100.22055053710938,1118.717041015625
2023-03-30,BLD,241.0,198.25,47778.25,0.24277774830978308,205.97999572753906,-1862.928970336914
2023-03-30,MGM,1121.0,43.33000183105469,48572.932052612305,0.24681580159460226,44.380001068115234,-1177.049144744873
2023-03-31,BKNG,496.0,104.1507339477539,51658.76403808594,0.2567094896751138,100.22055053710938,1949.3709716796875
2023-03-31,BLD,241.0,208.13999938964844,50161.73985290527,0.24927028121233097,205.97999572753906,520.5608825683594
2023-03-31,MGM,1121.0,44.41999816894531,49794.817947387695,0.2474469248686408,44.380001068115234,44.83675003051758
2023-04-03,BKNG,956.0,104.6525650024414,100047.85214233398,0.5008094365776354,102.35310979867081,2198.2791748046875
2023-04-03,ADI,534.0,186.6091766357422,99649.30032348633,0.4988144061240068,186.6091766357422,0.0
2023-04-04,BKNG,956.0,103.59786224365234,99039.55630493164,0.49975790418989036,102.35310979867081,1189.9833374023438
2023-04-04,ADI,534.0,185.5063018798828,99060.36520385742,0.49986290679797585,186.6091766357422,-588.9351196289062
2023-04-05,BKNG,956.0,102.70533752441406,98186.30267333984,0.503751208435476,102.35310979867081,336.7297058105469
2023-04-05,ADI,534.0,180.99037170410156,96648.85848999023,0.4958632511117224,186.6091766357422,-3000.4418334960938
2023-04-06,BKNG,956.0,101.45862579345703,96994.44625854492,0.5049326235652071,102.35310979867081,-855.126708984375
2023-04-06,ADI,534.0,177.94802856445312,95024.24725341797,0.4946761832124,186.6091766357422,-4625.053070068359
2023-04-10,BKNG,956.0,101.01570129394531,96571.01043701172,0.4988443453725543,102.35310979867081,-1278.5625305175781
2023-04-10,ADI,534.0,181.54177856445312,96943.30975341797,0.5007674836718731,186.6091766357422,-2705.9905700683594
2023-04-11,BKNG,956.0,100.77616882324219,96342.01739501953,0.5002736473893968,102.35310979867081,-1507.5555725097656
2023-04-11,ADI,534.0,180.07766723632812,96161.47430419922,0.4993361441795014,186.6091766357422,-3487.8260192871094
2023-04-12,BKNG,956.0,100.021484375,95620.5390625,0.5012061748134167,102.35310979867081,-2229.033905029297
2023-04-12,ADI,534.0,178.06210327148438,95085.16314697266,0.4983999396955274,186.6091766357422,-4564.137176513672
2023-04-13,BKNG,956.0,103.25624084472656,98712.9662475586,0.5067603539462553,102.35310979867081,863.3932800292969
2023-04-13,ADI,534.0,179.78294372558594,96004.09194946289,0.49285387184687,186.6091766357422,-3645.2083740234375
2023-04-14,BKNG,956.0,104.05060577392578,99472.37911987305,0.5094561785895055,102.35310979867081,1622.80615234375
2023-04-14,ADI,534.0,179.22201538085938,95704.5562133789,0.4901589558174304,186.6091766357422,-3944.744110107422
2023-04-17,BKNG,956.0,105.07898712158203,100455.51168823242,0.5105137763883688,102.35310979867081,2605.938720703125
2023-04-17,ADI,534.0,180.2297821044922,96242.70364379883,0.48910433346364546,186.6091766357422,-3406.5966796875
2023-04-18,BKNG,956.0,105.88906860351562,101229.94958496094,0.5124195200898018,102.35310979867081,3380.3766174316406
2023-04-18,ADI,534.0,180.23928833007812,96247.77996826172,0.48720009664385483,186.6091766357422,-3401.5203552246094
2023-04-19,BKNG,956.0,105.08802795410156,100464.1547241211,0.5118823206344082,102.35310979867081,2614.581756591797
2023-04-19,ADI,534.0,179.26004028320312,95724.86151123047,0.48773479841971235,186.6091766357422,-3924.4388122558594
2023-04-20,BKNG,956.0,104.47901153564453,99881.93502807617,0.512517711974759,102.35310979867081,2032.362060546875
2023-04-20,ADI,534.0,177.76734924316406,94927.76449584961,0.4870966972017091,186.6091766357422,-4721.535827636719
2023-04-21,BKNG,956.0,105.52192687988281,100878.96209716797,0.5158545942209722,102.35310979867081,3029.389129638672
2023-04-21,ADI,534.0,177.15892028808594,94602.86343383789,0.48376114022464284,186.6091766357422,-5046.4368896484375
2023-04-24,BKNG,956.0,105.221923828125,100592.1591796875,0.5143144595514958,102.35310979867081,2742.586212158203
2023-04-24,ADI,534.0,177.7483673095703,94917.62814331055,0.48530132983062857,186.6091766357422,-4731.672180175781
2023-04-25,BKNG,956.0,103.86055755615234,99290.69302368164,0.5189534606819086,102.35310979867081,1441.1200561523438
2023-04-25,ADI,534.0,172.21510314941406,91962.86508178711,0.48065378168963124,186.6091766357422,-7686.435241699219
2023-04-26,BKNG,956.0,101.989501953125,97501.9638671875,0.5150759233069682,102.35310979867081,-347.6091003417969
2023-04-26,ADI,534.0,171.75877380371094,91719.18521118164,0.4845271021613828,186.6091766357422,-7930.1151123046875
2023-04-27,BKNG,956.0,103.64144134521484,99081.21792602539,0.5233195154882507,102.35310979867081,1231.6449584960938
2023-04-27,ADI,534.0,168.86854553222656,90175.80331420898,0.47628358519359876,186.6091766357422,-9473.497009277344
2023-04-28,BKNG,956.0,105.48186492919922,100840.66287231445,0.524558819776266,102.35310979867081,2991.0899047851562
2023-04-28,ADI,534.0,171.0172119140625,91323.19116210938,0.4750502823930805,186.6091766357422,-8326.109161376953
2023-05-01,BYD,698.0,69.16117858886719,48274.5026550293,0.2502272218765361,69.16117858886719,0.0
2023-05-01,OC,481.0,100.29867553710938,48243.66293334961,0.25006736651905065,100.29867553710938,0.0
2023-05-01,ORLY,779.0,61.973331451416016,48277.225200653076,0.25024133398521464,61.973331451416016,0.0
2023-05-02,BYD,698.0,68.96713256835938,48139.058532714844,0.24961789851891375,69.16117858886719,-135.44412231445312
2023-05-02,OC,481.0,99.68409729003906,47948.05079650879,0.2486274564295611,100.29867553710938,-295.6121368408203
2023-05-02,ORLY,779.0,62.43466567993164,48636.60456466675,0.2521978491597817,61.973331451416016,359.3793640136719
2023-05-03,BYD,698.0,67.92893981933594,47414.399993896484,0.24657390439008972,69.16117858886719,-860.1026611328125
2023-05-03,OC,481.0,100.553955078125,48366.452392578125,0.2515249588620877,100.29867553710938,122.78945922851562
2023-05-03,ORLY,779.0,62.111331939697266,48384.72758102417,0.25161999717469286,61.973331451416016,107.50238037109375
2023-05-04,BYD,698.0,65.96898651123047,46046.35258483887,0.24250235951634083,69.16117858886719,-2228.1500701904297
2023-05-04,OC,481.0,98.17129516601562,47220.392974853516,0.24868542394520027,100.29867553710938,-1023.2699584960938
2023-05-04,ORLY,779.0,62.2413330078125,48485.99841308594,0.25535071419642263,61.973331451416016,208.77321243286133
2023-05-05,BYD,698.0,68.50141143798828,47813.98518371582,0.248399924792049,69.16117858886719,-460.51747131347656
2023-05-05,OC,481.0,99.14515686035156,47688.8204498291,0.24774967758164357,100.29867553710938,-554.8424835205078
2023-05-05,ORLY,779.0,62.718666076660156,48857.84087371826,0.25382289202421077,61.973331451416016,580.6156730651855
2023-05-08,BYD,698.0,68.19092559814453,47597.26606750488,0.2464921130342154,69.16117858886719,-677.2365875244141
2023-05-08,OC,481.0,100.23248291015625,48211.824279785156,0.24967472760104056,100.29867553710938,-31.838653564453125
2023-05-08,ORLY,779.0,63.10933303833008,49162.17043685913,0.2545962882646064,61.973331451416016,884.9452362060547
2023-05-09,BYD,698.0,68.84101104736328,48051.02571105957,0.24797381771536775,69.16117858886719,-223.47694396972656
2023-05-09,OC,481.0,99.95829010009766,48079.93753814697,0.24812302110975729,100.29867553710938,-163.72539520263672
2023-05-09,ORLY,779.0,63.56399917602539,49516.35535812378,0.25553584956415704,61.973331451416016,1239.1301574707031
2023-05-10,BYD,698.0,67.80281829833984,47326.36717224121,0.2450414690993065,69.16117858886719,-948.1354827880859
2023-05-10,OC,481.0,99.99610137939453,48098.12476348877,0.24903739410364037,100.29867553710938,-145.53816986083984
2023-05-10,ORLY,779.0,63.65133285522461,49584.38829421997,0.2567328125521688,61.973331451416016,1307.1630935668945
2023-05-11,BYD,698.0,66.53173828125,46439.1533203125,0.2417526808400464,69.16117858886719,-1835.3493347167969
2023-05-11,OC,481.0,99.29642486572266,47761.5803604126,0.24863696402140512,100.29867553710938,-482.0825729370117
2023-05-11,ORLY,779.0,63.88399887084961,49765.635120391846,0.25906966091907496,61.973331451416016,1488.4099197387695
2023-05-12,BYD,698.0,66.28917694091797,46269.84550476074,0.24065124225321408,69.16117858886719,-2004.6571502685547
2023-05-12,OC,481.0,99.5989990234375,47907.11853027344,0.24916676209554353,100.29867553710938,-336.5444030761719
2023-05-12,ORLY,779.0,64.13999938964844,49965.05952453613,0.25987019218809,61.973331451416016,1687.8343238830566
2023-05-15,BYD,698.0,66.35710144042969,46317.25680541992,0.24079330847792443,69.16117858886719,-1957.245849609375
2023-05-15,OC,481.0,101.489990234375,48816.685302734375,0.25378729168596986,100.29867553710938,573.0223693847656
2023-05-15,ORLY,779.0,63.0186653137207,49091.54027938843,0.25521620271708273,61.973331451416016,814.3150787353516
2023-05-16,BYD,698.0,64.04784393310547,44705.39506530762,0.23525415557068804,69.16117858886719,-3569.1075897216797
2023-05-16,OC,481.0,100.84706115722656,48507.43641662598,0.25526171900330263,100.29867553710938,263.7734832763672
2023-05-16,ORLY,779.0,62.503334045410156,48690.09722137451,0.2562229388586289,61.973331451416016,412.87202072143555
2023-05-17,BYD,698.0,64.64942169189453,45125.29634094238,0.2354532828115891,69.16117858886719,-3149.206314086914
2023-05-17,OC,481.0,103.14462280273438,49612.563568115234,0.2588667977391819,100.29867553710938,1368.900634765625
2023-05-17,ORLY,779.0,62.628665924072266,48787.730754852295,0.2545630122928519,61.973331451416016,510.50555419921875
2023-05-18,BYD,698.0,65.56147003173828,45761.90608215332,0.23641845563362418,69.16117858886719,-2512.5965728759766
2023-05-18,OC,481.0,105.53675079345703,50763.17713165283,0.2622563823931686,100.29867553710938,2519.5141983032227
2023-05-18,ORLY,779.0,62.78666687011719,48910.81349182129,0.25268656792314503,61.973331451416016,633.5882911682129
2023-05-19,BYD,698.0,64.80464935302734,45233.645248413086,0.23436340222069207,69.16117858886719,-3040.857406616211
2023-05-19,OC,481.0,104.12793731689453,50085.53784942627,0.25950190368211795,100.29867553710938,1841.8749160766602
2023-05-19,ORLY,779.0,63.619998931884766,49559.97916793823,0.2567788925256276,61.973331451416016,1282.7539672851562
2023-05-22,BYD,698.0,64.1254653930664,44759.57484436035,0.2343477052945176,69.16117858886719,-3514.9278106689453
2023-05-22,OC,481.0,103.75920104980469,49908.175704956055,0.26130423473773695,100.29867553710938,1664.5127716064453
2023-05-22,ORLY,779.0,61.875999450683594,48201.40357208252,0.2523680879090336,61.973331451416016,-75.82162857055664
2023-05-23,BYD,698.0,62.72827911376953,43784.33882141113,0.23234456824554667,69.16117858886719,-4490.163833618164
2023-05-23,OC,481.0,102.22749328613281,49171.42427062988,0.26093150312895114,100.29867553710938,927.7613372802734
2023-05-23,ORLY,779.0,60.79933166503906,47362.67936706543,0.2513332754293357,61.973331451416016,-914.5458335876465
2023-05-24,BYD,698.0,62.81559753417969,43845.28707885742,0.23145609912464288,69.16117858886719,-4429.215576171875
2023-05-24,OC,481.0,102.32203674316406,49216.899673461914,0.25981245347852927,100.29867553710938,973.2367401123047
2023-05-24,ORLY,779.0,61.9293327331543,48242.9501991272,0.2546710446500599,61.973331451416016,-34.275001525878906
2023-05-25,BYD,698.0,63.038753509521484,44001.049949645996,0.23117568680046094,69.16117858886719,-4273.452705383301
2023-05-25,OC,481.0,103.22026062011719,49648.94535827637,0.26084898099597364,100.29867553710938,1405.2824249267578
2023-05-25,ORLY,779.0,62.33466720581055,48558.705753326416,0.2551210065558229,61.973331451416016,281.48055267333984
2023-05-26,BYD,698.0,63.24250793457031,44143.27053833008,0.23216136001102616,69.16117858886719,-4131.232116699219
2023-05-26,OC,481.0,103.81592559814453,49935.46021270752,0.26262404698111946,100.29867553710938,1691.7972793579102
2023-05-26,ORLY,779.0,61.53333282470703,47934.46627044678,0.2521002804059695,61.973331451416016,-342.7589302062988
2023-05-30,BYD,698.0,62.252838134765625,43452.481018066406,0.22931199307105826,69.16117858886719,-4822.021636962891
2023-05-30,OC,481.0,103.35263061523438,49712.615325927734,0.26234863082786064,100.29867553710938,1468.952392578125
2023-05-30,ORLY,779.0,61.87200164794922,48198.28928375244,0.2543570705128985,61.973331451416016,-78.93591690063477
2023-05-31,BYD,698.0,61.83562088012695,43161.26337432861,0.23135599096888365,69.16117858886719,-5113.239280700684
2023-05-31,OC,481.0,100.53504180908203,48357.35511016846,0.2592084414934312,100.29867553710938,113.69217681884766
2023-05-31,ORLY,779.0,60.22066879272461,46911.90098953247,0.25146041828151805,61.973331451416016,-1365.3242111206055
2023-06-01,AAPL,527.0,177.60015869140625,93595.2836303711,0.5011054191841182,177.60015869140625,0.0
2023-06-01,GOOGL,759.0,122.7058334350586,93133.72757720947,0.49863426646653114,122.7058334350586,0.0
2023-06-02,AAPL,527.0,178.4483184814453,94042.26383972168,0.5003851766275499,177.60015869140625,446.98020935058594
2023-06-02,GOOGL,759.0,123.64804077148438,93848.86294555664,0.49935611866323254,122.7058334350586,715.135368347168
2023-06-05,AAPL,527.0,177.09725952148438,93330.25576782227,0.4958138717796568,177.60015869140625,-265.0278625488281
2023-06-05,GOOGL,759.0,124.9770736694336,94857.5989151001,0.503927831322121,122.7058334350586,1723.871337890625
2023-06-06,AAPL,527.0,176.73236083984375,93137.95416259766,0.4927340171893929,177.60015869140625,-457.3294677734375
2023-06-06,GOOGL,759.0,126.26641082763672,95836.20581817627,0.5070087603872104,122.7058334350586,2702.478240966797
2023-06-07,AAPL,527.0,175.36155700683594,92415.54054260254,0.5004103903599724,177.60015869140625,-1179.7430877685547
2023-06-07,GOOGL,759.0,121.49583435058594,92215.33827209473,0.4993263378754275,122.7058334350586,-918.3893051147461
2023-06-08,AAPL,527.0,178.0735626220703,93844.76750183105,0.5049823089467069,177.60015869140625,249.48387145996094
2023-06-08,GOOGL,759.0,121.1387939453125,91944.34460449219,0.49475606012942847,122.7058334350586,-1189.3829727172852
2023-06-09,AAPL,527.0,178.45814514160156,94047.44248962402,0.5053375723424934,177.60015869140625,452.1588592529297
2023-06-09,GOOGL,759.0,121.2280502319336,92012.0901260376,0.49440117689091273,122.7058334350586,-1121.637451171875
2023-06-12,AAPL,527.0,181.2490234375,95518.2353515625,0.5063510166221918,177.60015869140625,1922.9517211914062
2023-06-12,GOOGL,759.0,122.62648010253906,93073.49839782715,0.49339123949333713,122.7058334350586,-60.22917938232422
2023-06-13,AAPL,527.0,180.77566528320312,95268.77560424805,0.5053136853315378,177.60015869140625,1673.4919738769531
2023-06-13,GOOGL,759.0,122.81493377685547,93216.5347366333,0.4944284252930309,122.7058334350586,82.80715942382812
2023-06-14,AAPL,527.0,181.4068145751953,95601.39128112793,0.5065078869343099,177.60015869140625,2006.107650756836
2023-06-14,GOOGL,759.0,122.65625,93096.09375,0.4932345135908004,122.7058334350586,-37.633827209472656
2023-06-15,AAPL,527.0,183.43833923339844,96672.00477600098,0.5064393518469634,177.60015869140625,3076.721145629883
2023-06-15,GOOGL,759.0,124.06459045410156,94165.02415466309,0.4933059359846863,122.7058334350586,1031.2965774536133
2023-06-16,AAPL,527.0,182.36343383789062,96105.52963256836,0.5081054436868363,177.60015869140625,2510.2460021972656
2023-06-16,GOOGL,759.0,122.51739501953125,92990.70281982422,0.49163749989892047,122.7058334350586,-143.0247573852539
2023-06-20,AAPL,527.0,182.45216369628906,96152.29026794434,0.5090980551138902,177.60015869140625,2557.006637573242
2023-06-20,GOOGL,759.0,122.0909194946289,92667.00789642334,0.4906445115537779,122.7058334350586,-466.7196807861328
2023-06-21,AAPL,527.0,181.4167022705078,95606.60209655762,0.512903677061255,177.60015869140625,2011.3184661865234
2023-06-21,GOOGL,759.0,119.56182098388672,90747.42212677002,0.48683548491392425,122.7058334350586,-2386.305450439453
2023-06-22,AAPL,527.0,184.41465759277344,97186.5245513916,0.5116701771544864,177.60015869140625,3591.240921020508
2023-06-22,GOOGL,759.0,122.1405029296875,92704.64172363281,0.48807384226083217,122.7058334350586,-429.08585357666016
2023-06-23,AAPL,527.0,184.0990447998047,97020.19660949707,0.5128901157698256,177.60015869140625,3424.9129791259766
2023-06-23,GOOGL,759.0,121.33714294433594,92094.89149475098,0.48685285343906093,122.7058334350586,-1038.836082458496
2023-06-26,AAPL,527.0,182.70858764648438,96287.42568969727,0.5192941201503878,177.60015869140625,2692.142059326172
2023-06-26,GOOGL,759.0,117.36993408203125,89083.77996826172,0.48044365925175103,122.7058334350586,-4049.947608947754
2023-06-27,AAPL,527.0,185.4600067138672,97737.42353820801,0.5230451640067495,177.60015869140625,4142.139907836914
2023-06-27,GOOGL,759.0,117.36002349853516,89076.25783538818,0.4766946395963114,122.7058334350586,-4057.469741821289
2023-06-28,AAPL,527.0,186.633544921875,98355.87817382812,0.5207502929390053,177.60015869140625,4760.594543457031
2023-06-28,GOOGL,759.0,119.19486236572266,90468.9005355835,0.4789922811986134,122.7058334350586,-2664.8270416259766
2023-06-29,AAPL,527.0,186.96885681152344,98532.58753967285,0.5234493360939586,177.60015869140625,4937.303909301758
2023-06-29,GOOGL,759.0,118.12371063232422,89655.89636993408,0.47629236787123724,122.7058334350586,-3477.8312072753906
2023-06-30,AAPL,527.0,191.28831481933594,100808.94190979004,0.5278918855096508,177.60015869140625,7213.658279418945
2023-06-30,GOOGL,759.0,118.71879577636719,90107.5659942627,0.47185350833225204,122.7058334350586,-3026.1615829467773
2023-07-03,LPX,1324.0,71.68282318115234,94908.0578918457,0.5011466159805764,71.68282318115234,0.0
2023-07-03,OC,759.0,124.43729400634766,94447.90615081787,0.4987168592984151,124.43729400634766,0.0
2023-07-05,LPX,1324.0,69.9145278930664,92566.83493041992,0.5005486503127803,71.68282318115234,-2341.2229614257812
2023-07-05,OC,759.0,121.65751647949219,92338.05500793457,0.49931153897042124,124.43729400634766,-2109.851142883301
2023-07-06,LPX,1324.0,68.28077697753906,90403.74871826172,0.49865134132069705,71.68282318115234,-4504.309173583984
2023-07-06,OC,759.0,119.71924591064453,90866.9076461792,0.5012060453448682,124.43729400634766,-3580.998504638672
2023-07-07,LPX,1324.0,69.77997589111328,92388.68807983398,0.5030763697361997,71.68282318115234,-2519.3698120117188
2023-07-07,OC,759.0,120.20144653320312,91232.89791870117,0.4967828425682733,124.43729400634766,-3215.008232116699
2023-07-10,LPX,1324.0,71.75006866455078,94997.09091186523,0.5068329250283894,71.68282318115234,89.03302001953125
2023-07-10,OC,759.0,121.7520523071289,92409.80770111084,0.4930291305648296,124.43729400634766,-2038.0984497070312
2023-07-11,LPX,1324.0,71.82695770263672,95098.89199829102,0.5036315703046753,71.68282318115234,190.8341064453125
2023-07-11,OC,759.0,123.45397186279297,93701.56464385986,0.4962315033327648,124.43729400634766,-746.3415069580078
2023-07-12,LPX,1324.0,75.45964050292969,99908.5640258789,0.5108863923501173,71.68282318115234,5000.506134033203
2023-07-12,OC,759.0,125.98793029785156,95624.83909606934,0.488981395550806,124.43729400634766,1176.9329452514648
2023-07-13,LPX,1324.0,75.36354064941406,99781.32781982422,0.5101745744469262,71.68282318115234,4873.269927978516
2023-07-13,OC,759.0,126.18647003173828,95775.53075408936,0.4896932293096649,124.43729400634766,1327.6246032714844
2023-07-14,LPX,1324.0,75.51729583740234,99984.8996887207,0.511738385508087,71.68282318115234,5076.841796875
2023-07-14,OC,759.0,125.65492248535156,95372.08616638184,0.48812928301440456,124.43729400634766,924.1800155639648
2023-07-17,LPX,1324.0,75.53650665283203,100010.33480834961,0.5071092025990155,71.68282318115234,5102.276916503906
2023-07-17,OC,759.0,128.03738403320312,97180.37448120117,0.4927596963441151,124.43729400634766,2732.468330383301
2023-07-18,LPX,1324.0,74.8734130859375,99132.39892578125,0.4999883596288366,71.68282318115234,4224.341033935547
2023-07-18,OC,759.0,130.58123779296875,99111.15948486328,0.49988123548638586,124.43729400634766,4663.25333404541
2023-07-19,LPX,1324.0,74.41211700439453,98521.64291381836,0.5006879959012872,71.68282318115234,3613.5850219726562
2023-07-19,OC,759.0,129.4137420654297,98225.03022766113,0.49918060719969126,124.43729400634766,3777.1240768432617
2023-07-20,LPX,1324.0,72.53811645507812,96040.46618652344,0.5044879983589511,71.68282318115234,1132.4082946777344
2023-07-20,OC,759.0,124.25010681152344,94305.83106994629,0.49537618713402864,124.43729400634766,-142.07508087158203
2023-07-21,LPX,1324.0,73.05706024169922,96727.54776000977,0.5073795973152346,71.68282318115234,1819.4898681640625
2023-07-21,OC,759.0,123.69957733154297,93887.97919464111,0.49248477997922235,124.43729400634766,-559.9269561767578
2023-07-24,LPX,1324.0,72.70149993896484,96256.78591918945,0.5052987230062086,71.68282318115234,1348.72802734375
2023-07-24,OC,759.0,124.126708984375,94212.17211914062,0.49456554993856744,124.43729400634766,-235.7340316772461
2023-07-25,LPX,1324.0,73.39344024658203,97172.91488647461,0.5076664568700503,71.68282318115234,2264.8569946289062
2023-07-25,OC,759.0,124.126708984375,94212.17211914062,0.4921984656900792,124.43729400634766,-235.7340316772461
2023-07-26,LPX,1324.0,73.28772735595703,97032.95101928711,0.4929353861260405,71.68282318115234,2124.8931274414062
2023-07-26,OC,759.0,131.4735107421875,99788.39465332031,0.5069332668193807,124.43729400634766,5340.488502502441
2023-07-27,LPX,1324.0,72.97058868408203,96613.05941772461,0.49086129228711306,71.68282318115234,1705.0015258789062
2023-07-27,OC,759.0,131.9955596923828,100184.62980651855,0.5090073448715544,124.43729400634766,5736.723655700684
2023-07-28,LPX,1324.0,72.78797912597656,96371.28436279297,0.4884271874331599,71.68282318115234,1463.2264709472656
2023-07-28,OC,759.0,132.95425415039062,100912.27890014648,0.5114417732062351,124.43729400634766,6464.372749328613
2023-07-31,LPX,1324.0,73.16279602050781,96867.54193115234,0.48985337192067535,71.68282318115234,1959.4840393066406
2023-07-31,OC,759.0,132.87831115722656,100854.63816833496,0.5100158793717706,124.43729400634766,6406.73201751709
2023-08-01,LPX,1352.0,73.460693359375,99318.857421875,0.5003656448908784,71.71964297774275,2353.900115966797
2023-08-01,ON,917.0,108.08999633789062,99118.5266418457,0.4993563839857206,108.08999633789062,0.0
2023-08-02,LPX,1352.0,64.82109069824219,87638.11462402344,0.47976987873158305,71.71964297774275,-9326.842681884766
2023-08-02,ON,917.0,103.56999969482422,94973.68972015381,0.5199280677729086,108.08999633789062,-4144.8369216918945
2023-08-03,LPX,1352.0,63.50448226928711,85858.06002807617,0.4767531436789107,71.71964297774275,-11106.897277832031
2023-08-03,ON,917.0,102.69999694824219,94175.89720153809,0.522940479145849,108.08999633789062,-4942.629440307617
2023-08-04,LPX,1352.0,62.51464080810547,84519.7943725586,0.4737836233924269,71.71964297774275,-12445.16293334961
2023-08-04,ON,917.0,102.30999755859375,93818.26776123047,0.5259070868580853,108.08999633789062,-5300.258880615234
2023-08-07,LPX,1352.0,62.428138732910156,84402.84356689453,0.4703417230951099,71.71964297774275,-12562.113739013672
2023-08-07,ON,917.0,103.58999633789062,94992.0266418457,0.5293508086088548,108.08999633789062,-4126.5
2023-08-08,LPX,1352.0,61.36140441894531,82960.61877441406,0.471417370249807,71.71964297774275,-14004.33853149414
2023-08-08,ON,917.0,101.37999725341797,92965.45748138428,0.5282691008985179,108.08999633789062,-6153.069160461426
2023-08-09,LPX,1352.0,61.38062286376953,82986.6021118164,0.47718871045277406,71.71964297774275,-13978.355194091797
2023-08-09,ON,917.0,99.08999633789062,90865.5266418457,0.5224940216784768,108.08999633789062,-8253.0
2023-08-10,LPX,1352.0,61.46744918823242,83103.99130249023,0.4809882827637286,71.71964297774275,-13860.966003417969
2023-08-10,ON,917.0,97.7300033569336,89618.4130783081,0.5186923748781995,108.08999633789062,-9500.113563537598
2023-08-11,LPX,1352.0,60.48350524902344,81773.69909667969,0.48516114279990347,71.71964297774275,-15191.258209228516
2023-08-11,ON,917.0,94.56999969482422,86720.68972015381,0.5145115042341775,108.08999633789062,-12397.836921691895
2023-08-14,LPX,1352.0,61.61214065551758,83299.61416625977,0.48313765349193594,71.71964297774275,-13665.343139648438
2023-08-14,ON,917.0,97.12000274658203,89059.04251861572,0.5165423304218714,108.08999633789062,-10059.48412322998
2023-08-15,LPX,1352.0,59.837188720703125,80899.87915039062,0.4836419276251767,71.71964297774275,-16065.078155517578
2023-08-15,ON,917.0,94.12999725341797,86317.20748138428,0.5160282197197502,108.08999633789062,-12801.319160461426
2023-08-16,LPX,1352.0,59.18122863769531,80013.02111816406,0.4861139412167113,71.71964297774275,-16951.93618774414
2023-08-16,ON,917.0,92.18000030517578,84529.06027984619,0.5135508454217438,108.08999633789062,-14589.466361999512
2023-08-17,LPX,1352.0,58.120113372802734,78578.3932800293,0.4874859983991149,71.71964297774275,-18386.564025878906
2023-08-17,ON,917.0,90.02999877929688,82557.50888061523,0.5121717047406077,108.08999633789062,-16561.01776123047
2023-08-18,LPX,1352.0,57.22298812866211,77365.47994995117,0.4816675824104228,71.71964297774275,-19599.47735595703
2023-08-18,ON,917.0,90.7300033569336,83199.4130783081,0.5179889038537538,108.08999633789062,-15919.113563537598
2023-08-21,LPX,1352.0,57.3194465637207,77495.89175415039,0.4758448581060172,71.71964297774275,-19469.065551757812
2023-08-21,ON,917.0,93.02999877929688,85308.50888061523,0.523816351869494,108.08999633789062,-13810.017761230469
2023-08-22,LPX,1352.0,57.44485855102539,77665.44876098633,0.47816510304928184,71.71964297774275,-19299.508544921875
2023-08-22,ON,917.0,92.37000274658203,84703.29251861572,0.5214951982112642,108.08999633789062,-14415.23412322998
2023-08-23,LPX,1352.0,59.58638381958008,80560.79092407227,0.4859297052640028,71.71964297774275,-16404.166381835938
2023-08-23,ON,917.0,92.87999725341797,85170.95748138428,0.5137374868251839,108.08999633789062,-13947.569160461426
2023-08-24,LPX,1352.0,58.40951156616211,78969.65963745117,0.4889212616844647,71.71964297774275,-17995.29766845703
2023-08-24,ON,917.0,89.95999908447266,82493.31916046143,0.510737134611434,108.08999633789062,-16625.207481384277
2023-08-25,LPX,1352.0,58.534908294677734,79139.1960144043,0.4829925013533375,71.71964297774275,-17825.761291503906
2023-08-25,ON,917.0,92.31999969482422,84657.43972015381,0.5166707602281453,108.08999633789062,-14461.086921691895
2023-08-28,LPX,1352.0,59.44168472290039,80365.15774536133,0.4833150199764259,71.71964297774275,-16599.799560546875
2023-08-28,ON,917.0,93.62999725341797,85858.70748138428,0.5163531570857962,108.08999633789062,-13259.819160461426
2023-08-29,LPX,1352.0,60.5220947265625,81825.8720703125,0.4774266294061574,71.71964297774275,-15139.085235595703
2023-08-29,ON,917.0,97.61000061035156,89508.37055969238,0.5222514417350842,108.08999633789062,-9610.15608215332
2023-08-30,LPX,1352.0,60.40633010864258,81669.35830688477,0.47380267322895736,71.71964297774275,-15295.598999023438
2023-08-30,ON,917.0,98.8499984741211,90645.44860076904,0.5258772292748857,108.08999633789062,-8473.07804107666
2023-08-31,LPX,1352.0,60.27128219604492,81486.77352905273,0.4742296665476362,71.71964297774275,-15478.183776855469
2023-08-31,ON,917.0,98.45999908447266,90287.81916046143,0.5254492296042764,108.08999633789062,-8830.707481384277
2023-09-01,BR,486.0,179.3827362060547,87180.00979614258,0.5005555156642231,179.3827362060547,0.0
2023-09-01,EXE,1042.0,83.44977569580078,86954.66627502441,0.4992616761397879,83.44977569580078,0.0
2023-09-05,BR,486.0,179.3349609375,87156.791015625,0.504676822583112,179.3827362060547,-23.218780517578125
2023-09-05,EXE,1042.0,82.06295013427734,85509.59403991699,0.49513881497427525,83.44977569580078,-1445.0722351074219
2023-09-06,BR,486.0,177.04176330566406,86042.29696655273,0.5024751763521225,179.3827362060547,-1137.7128295898438
2023-09-06,EXE,1042.0,81.73011016845703,85162.77479553223,0.49733888788040803,83.44977569580078,-1791.8914794921875
2023-09-07,BR,486.0,178.79989624023438,86896.7495727539,0.5071029367932791,179.3827362060547,-283.2602233886719
2023-09-07,EXE,1042.0,81.02745056152344,84430.60348510742,0.4927112601223383,83.44977569580078,-2524.062789916992
2023-09-08,BR,486.0,179.3731689453125,87175.36010742188,0.5054913426061061,179.3827362060547,-4.649688720703125
2023-09-08,EXE,1042.0,81.81332397460938,85249.48358154297,0.49432403673480835,83.44977569580078,-1705.1826934814453
2023-09-11,BR,486.0,180.58663940429688,87765.10675048828,0.5102159292250534,179.3827362060547,585.0969543457031
2023-09-11,EXE,1042.0,80.82405853271484,84218.66899108887,0.489598976727121,83.44977569580078,-2735.997283935547
2023-09-12,BR,486.0,180.39552307128906,87672.22421264648,0.5077321421912367,179.3827362060547,492.21441650390625
2023-09-12,EXE,1042.0,81.54520416259766,84970.10273742676,0.49208346967955713,83.44977569580078,-1984.5635375976562
2023-09-13,BR,486.0,179.76492309570312,87365.75262451172,0.5095624950382652,179.3827362060547,185.74282836914062
2023-09-13,EXE,1042.0,80.66687774658203,84054.88661193848,0.49025180297160215,83.44977569580078,-2899.7796630859375
2023-09-14,BR,486.0,180.42703247070312,87687.53778076172,0.5096808321446867,179.3827362060547,507.5279846191406
2023-09-14,EXE,1042.0,80.9257583618164,84324.6402130127,0.49013410436413196,83.44977569580078,-2630.0260620117188
2023-09-15,BR,486.0,177.6538543701172,86339.77322387695,0.5118177688098271,179.3827362060547,-840.236572265625
2023-09-15,EXE,1042.0,79.002685546875,82320.79833984375,0.4879934908294472,83.44977569580078,-4633.867935180664
2023-09-18,BR,486.0,177.4811553955078,86255.8415222168,0.5120721230613354,179.3827362060547,-924.1682739257812
2023-09-18,EXE,1042.0,78.84552001953125,82157.03186035156,0.48773885903497916,83.44977569580078,-4797.634414672852
2023-09-19,BR,486.0,178.24880981445312,86628.92156982422,0.5149429773740513,179.3827362060547,-551.0882263183594
2023-09-19,EXE,1042.0,78.28153991699219,81569.36459350586,0.4848677636190347,83.44977569580078,-5385.301681518555
2023-09-20,BR,486.0,177.0301513671875,86036.65356445312,0.5157783393044909,179.3827362060547,-1143.3562316894531
2023-09-20,EXE,1042.0,77.48643493652344,80740.86520385742,0.48403078971052776,83.44977569580078,-6213.801071166992
2023-09-21,BR,486.0,176.08016967773438,85574.9624633789,0.5177627822853559,179.3827362060547,-1605.0473327636719
2023-09-21,EXE,1042.0,76.46018981933594,79671.51779174805,0.4820445786161543,83.44977569580078,-7283.148483276367
2023-09-22,BR,486.0,176.79983520507812,85924.71990966797,0.5206891446208144,179.3827362060547,-1255.2898864746094
2023-09-22,EXE,1042.0,75.87772369384766,79064.58808898926,0.47911791606807147,83.44977569580078,-7890.078186035156
2023-09-25,BR,486.0,177.60586547851562,86316.4506225586,0.5187426717488012,179.3827362060547,-863.5591735839844
2023-09-25,EXE,1042.0,76.82074737548828,80047.21876525879,0.4810659825428334,83.44977569580078,-6907.447509765625
2023-09-26,BR,486.0,174.70803833007812,84908.10662841797,0.5146646510833796,179.3827362060547,-2271.9031677246094
2023-09-26,EXE,1042.0,76.81150817871094,80037.5915222168,0.48514235860429616,83.44977569580078,-6917.074752807617
2023-09-27,BR,486.0,173.89239501953125,84511.70397949219,0.5059728989019605,179.3827362060547,-2668.3058166503906
2023-09-27,EXE,1042.0,79.15986633300781,82484.58071899414,0.49383648010729647,83.44977569580078,-4470.085556030273
2023-09-28,BR,486.0,173.6812744140625,84409.09936523438,0.5024792874759739,179.3827362060547,-2770.910430908203
2023-09-28,EXE,1042.0,80.17686462402344,83544.29293823242,0.49733117760971035,83.44977569580078,-3410.373336791992
2023-09-29,BR,486.0,171.81011962890625,83499.71813964844,0.5011873410901955,179.3827362060547,-3680.2916564941406
2023-09-29,EXE,1042.0,79.72384643554688,83072.24798583984,0.49862155243179024,83.44977569580078,-3882.4182891845703
2023-10-02,DTM,689.0,47.1716194152832,32501.245777130127,0.19991202444160042,47.1716194152832,0.0
2023-10-02,FANG,240.0,135.30865478515625,32474.0771484375,0.19974491282992593,135.30865478515625,0.0
2023-10-03,DTM,689.0,47.016334533691406,32394.25449371338,0.19920223455896116,47.1716194152832,-106.99128341674805
2023-10-03,FANG,240.0,135.9302520751953,32623.260498046875,0.20061046291623066,135.30865478515625,149.183349609375
2023-10-04,DTM,689.0,47.68316650390625,32853.701721191406,0.20290559517953854,47.1716194152832,352.4559440612793
2023-10-04,FANG,240.0,131.08363342285156,31460.072021484375,0.19429849007830302,135.30865478515625,-1014.005126953125
2023-10-05,DTM,689.0,48.77933883666992,33608.964458465576,0.20671355150519477,47.1716194152832,1107.7186813354492
2023-10-05,FANG,240.0,130.7322998046875,31375.751953125,0.19297807063921155,135.30865478515625,-1098.3251953125
2023-10-06,DTM,689.0,48.834136962890625,33646.72036743164,0.20523061677288557,47.1716194152832,1145.4745903015137
2023-10-06,FANG,240.0,136.23654174804688,32696.77001953125,0.1994363255708246,135.30865478515625,222.69287109375
2023-10-09,DTM,689.0,49.26347732543945,33942.53587722778,0.2052463175392005,47.1716194152832,1441.2901000976562
2023-10-09,FANG,240.0,140.95701599121094,33829.683837890625,0.20456391521120354,135.30865478515625,1355.606689453125
2023-10-10,DTM,689.0,49.327415466308594,33986.58925628662,0.2054821364428396,47.1716194152832,1485.3434791564941
2023-10-10,FANG,240.0,140.87596130371094,33810.230712890625,0.20441587674835573,135.30865478515625,1336.153564453125
2023-10-11,DTM,689.0,49.68367004394531,34232.04866027832,0.20599537666280004,47.1716194152832,1730.8028831481934
2023-10-11,FANG,240.0,143.10105895996094,34344.254150390625,0.20667058638888747,135.30865478515625,1870.177001953125
2023-10-12,DTM,689.0,50.140403747558594,34546.73818206787,0.20655464122532433,47.1716194152832,2045.4924049377441
2023-10-12,FANG,240.0,146.26307678222656,35103.138427734375,0.2098813533599299,135.30865478515625,2629.061279296875
2023-10-13,DTM,689.0,50.53319549560547,34817.37169647217,0.2067132904431931,47.1716194152832,2316.125919342041
2023-10-13,FANG,240.0,150.05567932128906,36013.363037109375,0.21381397878692965,135.30865478515625,3539.285888671875
2023-10-16,DTM,689.0,50.843772888183594,35031.359519958496,0.2074963957977889,47.1716194152832,2530.113742828369
2023-10-16,FANG,240.0,150.8124237060547,36194.981689453125,0.21438871769306042,135.30865478515625,3720.904541015625
2023-10-17,DTM,689.0,51.044734954833984,35169.822383880615,0.2078638940012296,47.1716194152832,2668.5766067504883
2023-10-17,FANG,240.0,151.76731872558594,36424.156494140625,0.21527737393556998,135.30865478515625,3950.079345703125
2023-10-18,DTM,689.0,50.50579071044922,34798.48979949951,0.20573953089768213,47.1716194152832,2297.2440223693848
2023-10-18,FANG,240.0,153.07357788085938,36737.65869140625,0.2172045025229165,135.30865478515625,4263.58154296875
2023-10-19,DTM,689.0,50.56974411010742,34842.553691864014,0.20620992817458164,47.1716194152832,2341.3079147338867
2023-10-19,FANG,240.0,152.17269897460938,36521.44775390625,0.21614618677973957,135.30865478515625,4047.37060546875
2023-10-20,DTM,689.0,50.313968658447266,34666.324405670166,0.20602506530438544,47.1716194152832,2165.078628540039
2023-10-20,FANG,240.0,149.97462463378906,35993.909912109375,0.21391502466265408,135.30865478515625,3519.832763671875
2023-10-23,DTM,689.0,49.54664993286133,34137.641803741455,0.2038272982889315,47.1716194152832,1636.3960266113281
2023-10-23,FANG,240.0,148.9296112060547,35743.106689453125,0.2134131265085156,135.30865478515625,3269.029541015625
2023-10-24,DTM,689.0,49.300010681152344,33967.707359313965,0.20356051901119201,47.1716194152832,1466.461582183838
2023-10-24,FANG,240.0,147.07386779785156,35297.728271484375,0.21153102300527188,135.30865478515625,2823.651123046875
2023-10-25,DTM,689.0,49.20867156982422,33904.77471160889,0.20288661732512955,47.1716194152832,1403.5289344787598
2023-10-25,FANG,240.0,148.3530731201172,35604.737548828125,0.2130592172776592,135.30865478515625,3130.660400390625
2023-10-26,DTM,689.0,49.4461669921875,34068.40905761719,0.20444856522223417,47.1716194152832,1567.1632804870605
2023-10-26,FANG,240.0,145.68653869628906,34964.769287109375,0.2098277293191551,135.30865478515625,2490.692138671875
2023-10-27,DTM,689.0,48.39567565917969,33344.620529174805,0.2014163128152328,47.1716194152832,843.3747520446777
2023-10-27,FANG,240.0,144.18209838867188,34603.70361328125,0.20902173366885643,135.30865478515625,2129.62646484375
2023-10-30,DTM,689.0,48.74279022216797,33583.78246307373,0.20299717429464048,47.1716194152832,1082.5366859436035
2023-10-30,FANG,240.0,142.72271728515625,34253.4521484375,0.20704499273168211,135.30865478515625,1779.375
2023-10-31,DTM,689.0,49.300010681152344,33967.707359313965,0.20433889932727092,47.1716194152832,1466.461582183838
2023-10-31,FANG,240.0,144.42535400390625,34662.0849609375,0.2085160536265692,135.30865478515625,2188.0078125
2023-11-01,FANG,233.0,143.60556030273438,33460.09555053711,0.20069023864888721,135.30865478515625,1933.1789855957031
2023-11-01,CHRD,232.0,143.18661499023438,33219.294677734375,0.1992459395865414,143.18661499023438,0.0
2023-11-02,FANG,233.0,147.0558319091797,34264.00883483887,0.20246929613258863,135.30865478515625,2737.092269897461
2023-11-02,CHRD,232.0,150.5213165283203,34920.94543457031,0.2063511971556855,143.18661499023438,1701.6507568359375
2023-11-03,FANG,233.0,146.02886962890625,34024.726623535156,0.20171654428344551,135.30865478515625,2497.81005859375
2023-11-03,CHRD,232.0,149.16172790527344,34605.52087402344,0.2051597992563496,143.18661499023438,1386.2261962890625
2023-11-06,FANG,233.0,144.26318359375,33613.32177734375,0.20088002907171018,135.30865478515625,2086.4052124023438
2023-11-06,CHRD,232.0,145.135009765625,33671.322265625,0.20122665175450508,143.18661499023438,452.027587890625
2023-11-07,FANG,233.0,143.04702758789062,33329.957427978516,0.20058591790350067,135.30865478515625,1803.0408630371094
2023-11-07,CHRD,232.0,141.32479858398438,32787.353271484375,0.19732042459995183,143.18661499023438,-431.94140625
2023-11-08,FANG,233.0,140.50660705566406,32738.039443969727,0.1983730888650892,135.30865478515625,1211.1228790283203
2023-11-08,CHRD,232.0,139.00404357910156,32248.938110351562,0.19540942506708064,143.18661499023438,-970.3565673828125
2023-11-09,FANG,233.0,140.1552734375,32656.1787109375,0.19799938585360785,135.30865478515625,1129.2621459960938
2023-11-09,CHRD,232.0,138.91741943359375,32228.84130859375,0.19540837408933187,143.18661499023438,-990.453369140625
2023-11-10,FANG,233.0,142.07412719726562,33103.27163696289,0.19973567214985136,135.30865478515625,1576.3550720214844
2023-11-10,CHRD,232.0,140.45880126953125,32586.44189453125,0.19661726931874407,143.18661499023438,-632.852783203125
2023-11-13,FANG,233.0,142.49749755859375,33201.916931152344,0.2000221826158757,135.30865478515625,1675.0003662109375
2023-11-13,CHRD,232.0,141.13607788085938,32743.570068359375,0.19726091012425737,143.18661499023438,-475.724609375
2023-11-14,FANG,233.0,143.38034057617188,33407.61935424805,0.20035308830780377,135.30865478515625,1880.7027893066406
2023-11-14,CHRD,232.0,143.4931640625,33290.4140625,0.19965018152720576,143.18661499023438,71.119384765625
2023-11-15,FANG,233.0,143.38034057617188,33407.61935424805,0.2003776046890952,135.30865478515625,1880.7027893066406
2023-11-15,CHRD,232.0,143.4052276611328,33270.01281738281,0.19955224602003724,143.18661499023438,50.7181396484375
2023-11-16,FANG,233.0,140.35240173339844,32702.109603881836,0.19827599640481686,135.30865478515625,1175.1930389404297
2023-11-16,CHRD,232.0,138.72616577148438,32184.470458984375,0.19513750110662673,143.18661499023438,-1034.82421875
2023-11-17,FANG,233.0,143.71165466308594,33484.81553649902,0.2008607051906482,135.30865478515625,1957.8989715576172
2023-11-17,CHRD,232.0,143.00064086914062,33176.148681640625,0.199009148264248,143.18661499023438,-43.14599609375
2023-11-20,FANG,233.0,143.71165466308594,33484.81553649902,0.20106989292041894,135.30865478515625,1957.8989715576172
2023-11-20,CHRD,232.0,142.25306701660156,33002.71154785156,0.19817495096476775,143.18661499023438,-216.5831298828125
2023-11-21,FANG,233.0,142.73609924316406,33257.51112365723,0.20030726337931842,135.30865478515625,1730.5945587158203
2023-11-21,CHRD,232.0,141.07447814941406,32729.278930664062,0.19712576418011793,143.18661499023438,-490.0157470703125
2023-11-22,FANG,233.0,141.88018798828125,33058.08380126953,0.19919850428278166,135.30865478515625,1531.167236328125
2023-11-22,CHRD,232.0,141.60220336914062,32851.711181640625,0.19795496223714687,143.18661499023438,-367.58349609375
2023-11-24,FANG,233.0,142.312744140625,33158.869384765625,0.19951047227781601,135.30865478515625,1631.9528198242188
2023-11-24,CHRD,232.0,142.2266845703125,32996.5908203125,0.19853407369622011,143.18661499023438,-222.703857421875
2023-11-27,FANG,233.0,141.75132751464844,33028.059310913086,0.19879201875149238,135.30865478515625,1501.1427459716797
2023-11-27,CHRD,232.0,142.5432891845703,33070.04309082031,0.19904471420307826,143.18661499023438,-149.2515869140625
2023-11-28,FANG,233.0,141.7237091064453,33021.62422180176,0.19901518770111257,135.30865478515625,1494.7076568603516
2023-11-28,CHRD,232.0,141.62860107421875,32857.83544921875,0.19802806323079591,143.18661499023438,-361.459228515625
2023-11-29,FANG,233.0,141.53964233398438,32978.73666381836,0.19875920579586973,135.30865478515625,1451.8200988769531
2023-11-29,CHRD,232.0,141.8044891357422,32898.64147949219,0.19827648096056064,143.18661499023438,-320.6531982421875
2023-11-30,FANG,233.0,142.11024475097656,33111.68702697754,0.19917798894750355,135.30865478515625,1584.7704620361328
2023-11-30,CHRD,232.0,142.60484313964844,33084.32360839844,0.1990133887361379,143.18661499023438,-134.9710693359375
2023-12-01,AIZ,255.0,162.515869140625,41441.546630859375,0.2501045968469083,162.515869140625,0.0
2023-12-01,CTAS,303.0,136.635498046875,41400.555908203125,0.24985721302564975,136.635498046875,0.0
2023-12-01,RGA,264.0,157.01361083984375,41451.59326171875,0.2501652294430595,157.01361083984375,0.0
2023-12-04,AIZ,255.0,165.53829956054688,42212.26638793945,0.25374887416103964,162.515869140625,770.7197570800781
2023-12-04,CTAS,303.0,135.85223388671875,41163.22686767578,0.2474428257065222,136.635498046875,-237.32904052734375
2023-12-04,RGA,264.0,157.48423767089844,41575.83874511719,0.24992314264577434,157.01361083984375,124.2454833984375
2023-12-05,AIZ,255.0,165.48033142089844,42197.4845123291,0.2545833170382574,162.515869140625,755.9378814697266
2023-12-05,CTAS,303.0,134.8805694580078,40868.81254577637,0.24656725351196096,136.635498046875,-531.7433624267578
2023-12-05,RGA,264.0,156.37013244628906,41281.71496582031,0.2490583514748549,157.01361083984375,-169.8782958984375
2023-12-06,AIZ,255.0,164.0415496826172,41830.59516906738,0.2534518934185619,162.515869140625,389.0485382080078
2023-12-06,CTAS,303.0,134.84384155273438,40857.683990478516,0.24755701720786485,136.635498046875,-542.8719177246094
2023-12-06,RGA,264.0,155.1215362548828,40952.08557128906,0.24812899710204125,157.01361083984375,-499.5076904296875
2023-12-07,AIZ,255.0,161.9171600341797,41288.87580871582,0.25019716875707504,162.515869140625,-152.6708221435547
2023-12-07,CTAS,303.0,135.53404235839844,41066.81483459473,0.2488515514224222,136.635498046875,-333.74107360839844
2023-12-07,RGA,264.0,156.31248474121094,41266.49597167969,0.25006155421795256,157.01361083984375,-185.0972900390625
2023-12-08,AIZ,255.0,161.9171600341797,41288.87580871582,0.249902589744574,162.515869140625,-152.6708221435547
2023-12-08,CTAS,303.0,135.4312744140625,41035.67614746094,0.24837008856040063,136.635498046875,-364.8797607421875
2023-12-08,RGA,264.0,157.1672821044922,41492.16247558594,0.251132990512731,157.01361083984375,40.5692138671875
2023-12-11,AIZ,255.0,162.6606903076172,41478.47602844238,0.24904300185100467,162.515869140625,36.92939758300781
2023-12-11,CTAS,303.0,136.9658966064453,41500.66667175293,0.24917623780739018,136.635498046875,100.11076354980469
2023-12-11,RGA,264.0,159.7316436767578,42169.15393066406,0.2531899357442242,157.01361083984375,717.5606689453125
2023-12-12,AIZ,255.0,164.22503662109375,41877.384338378906,0.24905234229648568,162.515869140625,435.83770751953125
2023-12-12,CTAS,303.0,138.17010498046875,41865.54180908203,0.24898191264318476,136.635498046875,464.98590087890625
2023-12-12,RGA,264.0,162.88192749023438,43000.828857421875,0.2557336690633864,157.01361083984375,1549.235595703125
2023-12-13,AIZ,255.0,163.57803344726562,41712.398529052734,0.2482675923966072,162.515869140625,270.8518981933594
2023-12-13,CTAS,303.0,140.71066284179688,42635.33084106445,0.2537607836569609,136.635498046875,1234.7749328613281
2023-12-13,RGA,264.0,160.08702087402344,42262.97351074219,0.25154455392263025,157.01361083984375,811.3802490234375
2023-12-14,AIZ,255.0,158.65333557128906,40456.60057067871,0.24637431766788506,162.515869140625,-984.9460601806641
2023-12-14,CTAS,303.0,137.9008331298828,41783.95243835449,0.25445768122514917,136.635498046875,383.3965301513672
2023-12-14,RGA,264.0,153.65206909179688,40564.146240234375,0.24702925383605429,157.01361083984375,-887.447021484375
2023-12-15,AIZ,255.0,157.6780242919922,40207.89619445801,0.24567475537295977,162.515869140625,-1233.6504364013672
2023-12-15,CTAS,303.0,136.74806213378906,41434.662826538086,0.2531704370862826,136.635498046875,34.10691833496094
2023-12-15,RGA,264.0,153.853759765625,40617.392578125,0.24817682420533418,157.01361083984375,-834.20068359375
2023-12-18,AIZ,255.0,159.94728088378906,40786.55662536621,0.24650183722323832,162.515869140625,-654.9900054931641
2023-12-18,CTAS,303.0,137.225341796875,41579.278564453125,0.25129281323494124,136.635498046875,178.72265625
2023-12-18,RGA,264.0,157.926025390625,41692.470703125,0.251976912910188,157.01361083984375,240.87744140625
2023-12-19,AIZ,255.0,161.6468048095703,41219.93522644043,0.2489719010663318,162.515869140625,-221.6114044189453
2023-12-19,CTAS,303.0,137.13475036621094,41551.829360961914,0.2509765697580859,136.635498046875,151.27345275878906
2023-12-19,RGA,264.0,156.7638702392578,41385.66174316406,0.2499729032682789,157.01361083984375,-65.9315185546875
2023-12-20,AIZ,255.0,158.43124389648438,40399.967193603516,0.24702420739254807,162.515869140625,-1041.5794372558594
2023-12-20,CTAS,303.0,135.51202392578125,41060.14324951172,0.251060831139512,136.635498046875,-340.41265869140625
2023-12-20,RGA,264.0,154.1034698486328,40683.31604003906,0.2487567341510702,157.01361083984375,-768.2772216796875
2023-12-21,AIZ,255.0,159.50306701660156,40673.2820892334,0.24350734649419695,162.515869140625,-768.2645416259766
2023-12-21,CTAS,303.0,144.394287109375,43751.468994140625,0.26193617954442083,136.635498046875,2350.9130859375
2023-12-21,RGA,264.0,156.0723876953125,41203.1103515625,0.2466793814918728,157.01361083984375,-248.48291015625
2023-12-22,AIZ,255.0,160.23696899414062,40860.42709350586,0.24439207407535807,162.515869140625,-581.1195373535156
2023-12-22,CTAS,303.0,145.68902587890625,44143.774841308594,0.2640302478066282,136.635498046875,2743.2189331054688
2023-12-22,RGA,264.0,154.4876708984375,40784.7451171875,0.2439394093217509,157.01361083984375,-666.84814453125
2023-12-26,AIZ,255.0,160.59422302246094,40951.52687072754,0.2439999411477692,162.515869140625,-490.01976013183594
2023-12-26,CTAS,303.0,147.44882202148438,44676.993072509766,0.2661972461921542,136.635498046875,3276.4371643066406
2023-12-26,RGA,264.0,154.5548553466797,40802.48181152344,0.2431118915815353,157.01361083984375,-649.1114501953125
2023-12-27,AIZ,255.0,160.65220642089844,40966.3126373291,0.2436485703384434,162.515869140625,-475.23399353027344
2023-12-27,CTAS,303.0,148.37399291992188,44957.31985473633,0.26738522468027476,136.635498046875,3556.763946533203
2023-12-27,RGA,264.0,154.58367919921875,40810.09130859375,0.24271943854814268,157.01361083984375,-641.501953125
2023-12-28,AIZ,255.0,162.2841033935547,41382.446365356445,0.24562580538533837,162.515869140625,-59.10026550292969
2023-12-28,CTAS,303.0,147.12088012695312,44577.6266784668,0.26459082090979813,136.635498046875,3177.070770263672
2023-12-28,RGA,264.0,155.73622131347656,41114.36242675781,0.24403459125682112,157.01361083984375,-337.2308349609375
2023-12-29,AIZ,255.0,162.69931030273438,41488.324127197266,0.2460665950601549,162.515869140625,46.777496337890625
2023-12-29,CTAS,303.0,147.50509643554688,44694.0442199707,0.26507967029371393,136.635498046875,3293.488311767578
2023-12-29,RGA,264.0,155.380859375,41020.546875,0.24329221556625483,157.01361083984375,-431.04638671875
2024-01-02,CTAS,580.0,144.87399291992188,84026.91589355469,0.5002179513669285,140.57008956383015,2496.263946533203
2024-01-02,DKS,604.0,138.8797607421875,83883.37548828125,0.49936344556125045,138.8797607421875,0.0
2024-01-03,CTAS,580.0,142.0274658203125,82375.93017578125,0.5077986886188756,140.57008956383015,845.2782287597656
2024-01-03,DKS,604.0,132.0784454345703,79775.38104248047,0.49176784761032893,138.8797607421875,-4107.994445800781
2024-01-04,CTAS,580.0,142.5414581298828,82674.04571533203,0.5092956732318449,140.57008956383015,1143.3937683105469
2024-01-04,DKS,604.0,131.76455688476562,79585.79235839844,0.4902711527923145,138.8797607421875,-4297.5831298828125
2024-01-05,CTAS,580.0,141.2882843017578,81947.20489501953,0.5063506776466054,140.57008956383015,416.5529479980469
2024-01-05,DKS,604.0,132.1544952392578,79821.31512451172,0.4932148333273559,138.8797607421875,-4062.0603637695312
2024-01-08,CTAS,580.0,142.96978759765625,82922.47680664062,0.5076594021970737,140.57008956383015,1391.8248596191406
2024-01-08,DKS,604.0,133.0297088623047,80349.94415283203,0.49191010912892047,138.8797607421875,-3533.4313354492188
2024-01-09,CTAS,580.0,143.06280517578125,82976.42700195312,0.5057236856099788,140.57008956383015,1445.7750549316406
2024-01-09,DKS,604.0,134.15213012695312,81027.88659667969,0.49384774600978787,138.8797607421875,-2855.4888916015625
2024-01-10,CTAS,580.0,143.67713928222656,83332.7407836914,0.5080196110736049,140.57008956383015,1802.0888366699219
2024-01-10,DKS,604.0,133.49575805664062,80631.43786621094,0.4915517156866937,138.8797607421875,-3251.9376220703125
2024-01-11,CTAS,580.0,143.9781494140625,83507.32666015625,0.5094159419595218,140.57008956383015,1976.6747131347656
2024-01-11,DKS,604.0,133.0297088623047,80349.94415283203,0.4901551052350897,138.8797607421875,-3533.4313354492188
2024-01-12,CTAS,580.0,145.14076232910156,84181.6421508789,0.509664593464595,140.57008956383015,2650.990203857422
2024-01-12,DKS,604.0,133.97137451171875,80918.71020507812,0.4899096820472269,138.8797607421875,-2964.665283203125
2024-01-16,CTAS,580.0,144.0565185546875,83552.78076171875,0.5044089335541131,140.57008956383015,2022.1288146972656
2024-01-16,DKS,604.0,135.7977294921875,82021.82861328125,0.4951665608469973,138.8797607421875,-1861.546875
2024-01-17,CTAS,580.0,144.13482666015625,83598.19946289062,0.5061242800198531,140.57008956383015,2067.5475158691406
2024-01-17,DKS,604.0,134.94163513183594,81504.7476196289,0.4934500021797257,138.8797607421875,-2378.6278686523438
2024-01-18,CTAS,580.0,145.0477752685547,84127.70965576172,0.5041191697219609,140.57008956383015,2597.0577087402344
2024-01-18,DKS,604.0,136.8916778564453,82682.57342529297,0.49545946794688545,138.8797607421875,-1200.8020629882812
2024-01-19,CTAS,580.0,146.62158203125,85040.517578125,0.5023787286025817,140.57008956383015,3509.8656311035156
2024-01-19,DKS,604.0,139.3458251953125,84164.87841796875,0.4972058709986778,138.8797607421875,281.5029296875
2024-01-22,CTAS,580.0,147.2285614013672,85392.56561279297,0.4937452628919207,140.57008956383015,3861.9136657714844
2024-01-22,DKS,604.0,144.8439483642578,87485.74481201172,0.5058481585782324,138.8797607421875,3602.3693237304688
2024-01-23,CTAS,580.0,147.7523193359375,85696.34521484375,0.4979686627739847,140.57008956383015,4165.693267822266
2024-01-23,DKS,604.0,142.9224853515625,86325.18115234375,0.5016227344863319,138.8797607421875,2441.8056640625
2024-01-24,CTAS,580.0,146.35232543945312,84884.34875488281,0.49469261595059577,140.57008956383015,3353.696807861328
2024-01-24,DKS,604.0,143.43612670898438,86635.42053222656,0.5048975864894268,138.8797607421875,2752.0450439453125
2024-01-25,CTAS,580.0,146.4893798828125,84963.84033203125,0.4910480587934166,140.57008956383015,3433.1883850097656
2024-01-25,DKS,604.0,145.68104553222656,87991.35150146484,0.5085455433340875,138.8797607421875,4107.976013183594
2024-01-26,CTAS,580.0,146.3180389404297,84864.46258544922,0.49095131935992714,140.57008956383015,3333.8106384277344
2024-01-26,DKS,604.0,145.56689453125,87922.404296875,0.5086418870252629,138.8797607421875,4039.02880859375
2024-01-29,CTAS,580.0,147.34359741210938,85459.28649902344,0.4944001625457264,140.57008956383015,3928.634552001953
2024-01-29,DKS,604.0,144.57762145996094,87324.8833618164,0.5051930374923266,138.8797607421875,3441.5078735351562
2024-01-30,CTAS,580.0,149.0103759765625,86426.01806640625,0.4954271887909382,140.57008956383015,4895.366119384766
2024-01-30,DKS,604.0,145.6144561767578,87951.13153076172,0.5041697259705672,138.8797607421875,4067.7560424804688
2024-01-31,CTAS,580.0,147.9726104736328,85824.11407470703,0.5003106703857119,140.57008956383015,4293.462127685547
2024-01-31,DKS,604.0,141.80001831054688,85647.21105957031,0.4992794163255853,138.8797607421875,1763.8355712890625
2024-02-01,DKS,302.0,145.1388397216797,43831.929595947266,0.2506803499743914,138.8797607421875,1890.2418518066406
2024-02-01,PTC,244.0,179.39999389648438,43773.59851074219,0.2503467471193862,179.39999389648438,0.0
2024-02-01,TPR,1148.0,38.13468551635742,43778.61897277832,0.2503754597768451,38.13468551635742,0.0
2024-02-02,DKS,302.0,148.35403442382812,44802.918395996094,0.2550715325544472,138.8797607421875,2861.2306518554688
2024-02-02,PTC,244.0,178.72999572753906,43610.11895751953,0.24828069857097412,179.39999389648438,-163.47955322265625
2024-02-02,TPR,1148.0,38.12515640258789,43767.6795501709,0.24917772098104468,38.13468551635742,-10.939422607421875
2024-02-05,DKS,302.0,148.8201141357422,44943.67446899414,0.255634654180248,138.8797607421875,3001.9867248535156
2024-02-05,PTC,244.0,177.2100067138672,43239.241638183594,0.24594002857551903,179.39999389648438,-534.3568725585938
2024-02-05,TPR,1148.0,38.468196868896484,44161.490005493164,0.2511856753819039,38.13468551635742,382.87103271484375
2024-02-06,DKS,302.0,149.2862091064453,45084.435150146484,0.2552657118244454,138.8797607421875,3142.7474060058594
2024-02-06,PTC,244.0,177.11000061035156,43214.84014892578,0.24468016279359597,179.39999389648438,-558.7583618164062
2024-02-06,TPR,1148.0,39.06852340698242,44850.66487121582,0.2539421167421093,38.13468551635742,1072.0458984375
2024-02-07,DKS,302.0,150.85572814941406,45558.42990112305,0.25719317128906466,138.8797607421875,3616.742156982422
2024-02-07,PTC,244.0,180.2100067138672,43971.241638183594,0.24823294189432607,179.39999389648438,197.64312744140625
2024-02-07,TPR,1148.0,38.44913864135742,44139.61116027832,0.2491834463658355,38.13468551635742,360.9921875
2024-02-08,DKS,302.0,152.16844177246094,45954.8694152832,0.2542512206239017,138.8797607421875,4013.181671142578
2024-02-08,PTC,244.0,181.5399932861328,44295.758361816406,0.24507197551099424,179.39999389648438,522.1598510742188
2024-02-08,TPR,1148.0,40.96477127075195,47027.55741882324,0.2601860048528385,38.13468551635742,3248.938446044922
2024-02-09,DKS,302.0,154.2611541748047,46586.868560791016,0.2578481744750201,138.8797607421875,4645.180816650391
2024-02-09,PTC,244.0,183.10000610351562,44676.40148925781,0.24727415518572898,179.39999389648438,902.802978515625
2024-02-09,TPR,1148.0,40.02141189575195,45944.58085632324,0.2542932518712684,38.13468551635742,2165.961883544922
2024-02-12,DKS,302.0,158.31338500976562,47810.64227294922,0.26217443691046627,138.8797607421875,5868.954528808594
2024-02-12,PTC,244.0,178.5399932861328,43563.758361816406,0.23888622438931117,179.39999389648438,-209.84014892578125
2024-02-12,TPR,1148.0,41.39357376098633,47519.822677612305,0.26057969858390917,38.13468551635742,3741.2037048339844
2024-02-13,DKS,302.0,157.466796875,47554.97265625,0.2625783842739863,138.8797607421875,5613.284912109375
2024-02-13,PTC,244.0,177.80999755859375,43385.639404296875,0.2395570948557119,179.39999389648438,-387.9591064453125
2024-02-13,TPR,1148.0,40.67890167236328,46699.37911987305,0.2578541597433346,38.13468551635742,2920.7601470947266
2024-02-14,DKS,302.0,158.78900146484375,47954.27844238281,0.260718980934588,138.8797607421875,6012.5906982421875
2024-02-14,PTC,244.0,180.75,44103.0,0.23978025714584775,179.39999389648438,329.4014892578125
2024-02-14,TPR,1148.0,42.1654167175293,48405.89839172363,0.26317435919876814,38.13468551635742,4627.2794189453125
2024-02-15,DKS,302.0,161.88052368164062,48887.91815185547,0.26214661581522186,138.8797607421875,6946.230407714844
2024-02-15,PTC,244.0,181.99000549316406,44405.56134033203,0.23811133852304328,179.39999389648438,631.9628295898438
2024-02-15,TPR,1148.0,43.31841278076172,49729.53787231445,0.26665954600047465,38.13468551635742,5950.918899536133
2024-02-16,DKS,302.0,160.90074157714844,48592.02395629883,0.2615850863450066,138.8797607421875,6650.336212158203
2024-02-16,PTC,244.0,178.19000244140625,43478.360595703125,0.23405673986321063,179.39999389648438,-295.2379150390625
2024-02-16,TPR,1148.0,43.747215270996094,50221.803131103516,0.2703586646291298,38.13468551635742,6443.184158325195
2024-02-20,DKS,302.0,158.33241271972656,47816.38864135742,0.25765088601130665,138.8797607421875,5874.700897216797
2024-02-20,PTC,244.0,176.88999938964844,43161.15985107422,0.23256693767305,179.39999389648438,-612.4386596679688
2024-02-20,TPR,1148.0,44.547637939453125,51140.68835449219,0.2755633380134951,38.13468551635742,7362.069381713867
2024-02-21,DKS,302.0,157.989990234375,47712.97705078125,0.25700996914627433,138.8797607421875,5771.289306640625
2024-02-21,PTC,244.0,176.6199951171875,43095.27880859375,0.23213634867425262,179.39999389648438,-678.3197021484375
2024-02-21,TPR,1148.0,44.74775314331055,51370.42060852051,0.2767110968903755,38.13468551635742,7591.8016357421875
2024-02-22,DKS,302.0,160.64390563964844,48514.45950317383,0.2580004395746038,138.8797607421875,6572.771759033203
2024-02-22,PTC,244.0,179.3800048828125,43768.72119140625,0.23276255002412918,179.39999389648438,-4.8773193359375
2024-02-22,TPR,1148.0,45.548179626464844,52289.31021118164,0.2780751379628401,38.13468551635742,8510.69123840332
2024-02-23,DKS,302.0,164.2490692138672,49603.21890258789,0.26061684287879167,138.8797607421875,7661.531158447266
2024-02-23,PTC,244.0,180.94000244140625,44149.360595703125,0.23196210302733367,179.39999389648438,375.7620849609375
2024-02-23,TPR,1148.0,46.262847900390625,53109.74938964844,0.2790402622699932,38.13468551635742,9331.130416870117
2024-02-26,DKS,302.0,166.96009826660156,50421.94967651367,0.2649470212268014,138.8797607421875,8480.261932373047
2024-02-26,PTC,244.0,181.6699981689453,44327.479553222656,0.23292303731739267,179.39999389648438,553.8810424804688
2024-02-26,TPR,1148.0,45.376651763916016,52092.396224975586,0.273724544507297,38.13468551635742,8313.777252197266
2024-02-27,DKS,302.0,168.46304321289062,50875.83905029297,0.26659824153087874,138.8797607421875,8934.151306152344
2024-02-27,PTC,244.0,182.36000061035156,44495.84014892578,0.23316593810700753,179.39999389648438,722.2416381835938
2024-02-27,TPR,1148.0,45.29090118408203,51993.95455932617,0.27245736118573066,38.13468551635742,8215.335586547852
2024-02-28,DKS,302.0,168.8149871826172,50982.12612915039,0.2660606904241482,138.8797607421875,9040.438385009766
2024-02-28,PTC,244.0,184.2899932861328,44966.758361816406,0.23466825894183416,179.39999389648438,1193.1598510742188
2024-02-28,TPR,1148.0,45.471946716308594,52201.794830322266,0.2724257819054344,38.13468551635742,8423.175857543945
2024-02-29,DKS,302.0,169.21450805664062,51102.78143310547,0.2672475385193302,138.8797607421875,9161.093688964844
2024-02-29,PTC,244.0,183.00999450683594,44654.43865966797,0.23352523054699562,179.39999389648438,880.8401489257812
2024-02-29,TPR,1148.0,45.29090118408203,51993.95455932617,0.27190802504664024,38.13468551635742,8215.335586547852
2024-03-01,DKS,280.0,172.401123046875,48272.314453125,0.2507556964531845,138.8797607421875,9385.9814453125
2024-03-01,AAON,584.0,82.4803466796875,48168.5224609375,0.25021653785716336,82.4803466796875,0.0
2024-03-01,AWI,405.0,118.74080657958984,48090.02666473389,0.24980878305467097,118.74080657958984,0.0
2024-03-04,DKS,280.0,170.95526123046875,47867.47314453125,0.24942751084117176,138.8797607421875,8981.14013671875
2024-03-04,AAON,584.0,81.72745513916016,47728.83380126953,0.24870508987297038,82.4803466796875,-439.68865966796875
2024-03-04,AWI,405.0,119.34954071044922,48336.56398773193,0.2518718462884315,118.74080657958984,246.53732299804688
2024-03-05,DKS,280.0,172.06817626953125,48179.08935546875,0.2525610906952326,138.8797607421875,9292.75634765625
2024-03-05,AAON,584.0,80.16223907470703,46814.747619628906,0.24540903279014423,82.4803466796875,-1353.7748413085938
2024-03-05,AWI,405.0,118.00444030761719,47791.79832458496,0.25053086043382583,118.74080657958984,-298.2283401489258
2024-03-06,DKS,280.0,171.77330017089844,48096.52404785156,0.25144755041271827,138.8797607421875,9210.191040039062
2024-03-06,AAON,584.0,80.24148559570312,46861.027587890625,0.24498840259380972,82.4803466796875,-1307.494873046875
2024-03-06,AWI,405.0,119.36917877197266,48344.517402648926,0.2527440541168194,118.74080657958984,254.49073791503906
2024-03-07,DKS,280.0,173.2857666015625,48520.0146484375,0.25258532251023713,138.8797607421875,9633.681640625
2024-03-07,AAON,584.0,80.36038208007812,46930.463134765625,0.244310440801388,82.4803466796875,-1238.059326171875
2024-03-07,AWI,405.0,120.16444396972656,48666.59980773926,0.25334841501970407,118.74080657958984,576.5731430053711
2024-03-08,DKS,280.0,172.2774658203125,48237.6904296875,0.25115376276055285,138.8797607421875,9351.357421875
2024-03-08,AAON,584.0,80.98448181152344,47294.93737792969,0.2462452363739486,82.4803466796875,-873.5850830078125
2024-03-08,AWI,405.0,119.88953399658203,48555.26126861572,0.25280722316525667,118.74080657958984,465.23460388183594
2024-03-11,DKS,280.0,171.67819213867188,48069.893798828125,0.25279274273399116,138.8797607421875,9183.560791015625
2024-03-11,AAON,584.0,78.9833984375,46126.3046875,0.24257168370155918,82.4803466796875,-2042.2177734375
2024-03-11,AWI,405.0,118.4757308959961,47982.67101287842,0.2523340504934507,118.74080657958984,-107.35565185546875
2024-03-12,DKS,280.0,173.36184692382812,48541.317138671875,0.2538842243616282,138.8797607421875,9654.984130859375
2024-03-12,AAON,584.0,79.2409439086914,46276.71124267578,0.24203972270240792,82.4803466796875,-1891.8112182617188
2024-03-12,AWI,405.0,119.50662231445312,48400.182037353516,0.25314604958927817,118.74080657958984,310.1553726196289
2024-03-13,DKS,280.0,178.6031494140625,50008.8818359375,0.25904738264186017,138.8797607421875,11122.548828125
2024-03-13,AAON,584.0,79.94429779052734,46687.46990966797,0.24184237755899754,82.4803466796875,-1481.0525512695312
2024-03-13,AWI,405.0,119.4477310180664,48376.331062316895,0.25059072475609134,118.74080657958984,286.3043975830078
2024-03-14,DKS,280.0,206.2364044189453,57746.19323730469,0.2871717966659357,138.8797607421875,18859.860229492188
2024-03-14,AAON,584.0,80.53868103027344,47034.58972167969,0.23390299651985072,82.4803466796875,-1133.9327392578125
2024-03-14,AWI,405.0,119.32990264892578,48328.61057281494,0.24033816171275962,118.74080657958984,238.5839080810547
2024-03-15,DKS,280.0,201.16635131835938,56326.578369140625,0.28063303337812756,138.8797607421875,17440.245361328125
2024-03-15,AAON,584.0,81.75836181640625,47746.88330078125,0.23788685702220366,82.4803466796875,-421.63916015625
2024-03-15,AWI,405.0,120.15463256835938,48662.62619018555,0.24244931602981087,118.74080657958984,572.5995254516602
2024-03-18,DKS,280.0,202.65028381347656,56742.07946777344,0.28202389811681305,138.8797607421875,17855.746459960938
2024-03-18,AAON,584.0,82.1946792602539,48001.69268798828,0.23858174770913085,82.4803466796875,-166.82977294921875
2024-03-18,AWI,405.0,119.69318389892578,48475.73947906494,0.24093789195275409,118.74080657958984,385.7128143310547
2024-03-19,DKS,280.0,204.4766387939453,57253.45886230469,0.2809721674140769,138.8797607421875,18367.125854492188
2024-03-19,AAON,584.0,84.46548461914062,49327.843017578125,0.24207709441351213,82.4803466796875,1159.320556640625
2024-03-19,AWI,405.0,121.50952911376953,49211.35929107666,0.24150544886136657,118.74080657958984,1121.3326263427734
2024-03-20,DKS,280.0,208.61448669433594,58412.05627441406,0.28545360386390956,138.8797607421875,19525.723266601562
2024-03-20,AAON,584.0,84.61421203613281,49414.69982910156,0.24148446484752434,82.4803466796875,1246.1773681640625
2024-03-20,AWI,405.0,120.55717468261719,48825.65574645996,0.23860586808258888,118.74080657958984,735.6290817260742
2024-03-21,DKS,280.0,213.7130889892578,59839.66491699219,0.2868841742315267,138.8797607421875,20953.331909179688
2024-03-21,AAON,584.0,87.60887145996094,51163.58093261719,0.24528916876360657,82.4803466796875,2995.0584716796875
2024-03-21,AWI,405.0,122.48153686523438,49605.02243041992,0.2378171053836624,118.74080657958984,1514.9957656860352
2024-03-22,DKS,280.0,210.4503631591797,58926.10168457031,0.28535735822450026,138.8797607421875,20039.768676757812
2024-03-22,AAON,584.0,85.72481536865234,50063.29217529297,0.24243804342657949,82.4803466796875,1894.7697143554688
2024-03-22,AWI,405.0,122.30480194091797,49533.44478607178,0.2398721881107187,118.74080657958984,1443.4181213378906
2024-03-25,DKS,280.0,209.36598205566406,58622.47497558594,0.2856983607876729,138.8797607421875,19736.141967773438
2024-03-25,AAON,584.0,84.79270935058594,49518.94226074219,0.24133202560494693,82.4803466796875,1350.4197998046875
2024-03-25,AWI,405.0,121.1659164428711,49072.19615936279,0.23915479530367542,118.74080657958984,982.1694946289062
2024-03-26,DKS,280.0,207.8820343017578,58206.96960449219,0.2834104307048699,138.8797607421875,19320.636596679688
2024-03-26,AAON,584.0,85.84381103515625,50132.78564453125,0.24409713249966183,82.4803466796875,1964.26318359375
2024-03-26,AWI,405.0,121.1462631225586,49064.23656463623,0.23889435425815433,118.74080657958984,974.2098999023438
2024-03-27,DKS,280.0,212.80564880371094,59585.58166503906,0.2875107631508026,138.8797607421875,20699.248657226562
2024-03-27,AAON,584.0,85.94296264648438,50190.690185546875,0.24217878277051172,82.4803466796875,2022.167724609375
2024-03-27,AWI,405.0,122.20661926269531,49493.6808013916,0.23881559163665164,118.74080657958984,1403.6541366577148
2024-03-28,DKS,280.0,214.9758758544922,60193.24523925781,0.2885820061234515,138.8797607421875,21306.912231445312
2024-03-28,AAON,584.0,87.3609619140625,51018.8017578125,0.2445973481370273,82.4803466796875,2850.279296875
2024-03-28,AWI,405.0,121.96117401123047,49394.27547454834,0.23680894842604294,118.74080657958984,1304.2488098144531
2024-04-01,FANG,554.0,186.6674346923828,103413.75881958008,0.5010265493881898,186.6674346923828,0.0
2024-04-01,CROX,706.0,145.75,102899.5,0.49853503061150384,145.75,0.0
2024-04-02,FANG,554.0,187.5284881591797,103890.78244018555,0.5092854262875722,186.6674346923828,477.02362060546875
2024-04-02,CROX,706.0,141.66000366210938,100011.96258544922,0.49027097306262485,145.75,-2887.5374145507812
2024-04-03,FANG,554.0,190.19586181640625,105368.50744628906,0.5179759413519259,186.6674346923828,1954.7486267089844
2024-04-03,CROX,706.0,138.75999450683594,97964.55612182617,0.4815792157081902,145.75,-4934.943878173828
2024-04-04,FANG,554.0,188.1649169921875,104243.36401367188,0.523293933312038,186.6674346923828,829.6051940917969
2024-04-04,CROX,706.0,134.3800048828125,94872.28344726562,0.4762518059269742,145.75,-8027.216552734375
2024-04-05,FANG,554.0,191.225341796875,105938.83935546875,0.5278549697940071,186.6674346923828,2525.080535888672
2024-04-05,CROX,706.0,134.08999633789062,94667.53741455078,0.4716941435874922,145.75,-8231.962585449219
2024-04-08,FANG,554.0,193.3311309814453,107105.4465637207,0.5331193590372297,186.6674346923828,3691.687744140625
2024-04-08,CROX,706.0,132.72999572753906,93707.37698364258,0.4664302176720614,145.75,-9192.123016357422
2024-04-09,FANG,554.0,192.3577880859375,106566.21459960938,0.5404513642905847,186.6674346923828,3152.455780029297
2024-04-09,CROX,706.0,128.22000122070312,90523.3208618164,0.45908970721816705,145.75,-12376.179138183594
2024-04-10,FANG,554.0,193.012939453125,106929.16845703125,0.5411603433527987,186.6674346923828,3515.409637451172
2024-04-10,CROX,706.0,128.2899932861328,90572.73526000977,0.4583816859232859,145.75,-12326.764739990234
2024-04-11,FANG,554.0,194.91282653808594,107981.70590209961,0.5414363002652424,186.6674346923828,4567.947082519531
2024-04-11,CROX,706.0,129.41000366210938,91363.46258544922,0.45810996176089924,145.75,-11536.037414550781
2024-04-12,FANG,554.0,193.1158905029297,106986.20333862305,0.54666257173398,186.6674346923828,3572.4445190429688
2024-04-12,CROX,706.0,125.54000091552734,88631.2406463623,0.45287504777003584,145.75,-14268.259353637695
2024-04-15,FANG,554.0,192.18934631347656,106472.89785766602,0.5498055591804856,186.6674346923828,3059.1390380859375
2024-04-15,CROX,706.0,123.36000061035156,87092.1604309082,0.44972715995730206,145.75,-15807.339569091797
2024-04-16,FANG,554.0,190.87905883789062,105746.9985961914,0.5535403240619521,186.6674346923828,2333.239776611328
2024-04-16,CROX,706.0,120.68000030517578,85200.0802154541,0.4459859914574006,145.75,-17699.4197845459
2024-04-17,FANG,554.0,188.25851440429688,104295.21697998047,0.5529010750352843,186.6674346923828,881.4581604003906
2024-04-17,CROX,706.0,119.33000183105469,84246.98129272461,0.44661920147465656,145.75,-18652.51870727539
2024-04-18,FANG,554.0,186.80784606933594,103491.54672241211,0.5473874578379047,186.6674346923828,77.78790283203125
2024-04-18,CROX,706.0,121.08000183105469,85482.48129272461,0.45213391437667527,145.75,-17417.01870727539
2024-04-19,FANG,554.0,187.8748016357422,104082.64010620117,0.5499035017247759,186.6674346923828,668.8812866210938
2024-04-19,CROX,706.0,120.54000091552734,85101.2406463623,0.44961840115515384,145.75,-17798.259353637695
2024-04-22,FANG,554.0,189.5968475341797,105036.65353393555,0.5424174340798749,186.6674346923828,1622.8947143554688
2024-04-22,CROX,706.0,125.37999725341797,88518.27806091309,0.45711526062144486,145.75,-14381.221939086914
2024-04-23,FANG,554.0,191.27212524414062,105964.7573852539,0.5425330880180979,186.6674346923828,2550.998565673828
2024-04-23,CROX,706.0,126.43000030517578,89259.5802154541,0.4570036008616242,145.75,-13639.919784545898
2024-04-24,FANG,554.0,192.0863800048828,106415.85452270508,0.544884149053618,186.6674346923828,3002.095703125
2024-04-24,CROX,706.0,125.7699966430664,88793.61763000488,0.4546525045607243,145.75,-14105.882369995117
2024-04-25,FANG,554.0,193.82717895507812,107380.25714111328,0.5516048361365665,186.6674346923828,3966.498321533203
2024-04-25,CROX,706.0,123.51000213623047,87198.06150817871,0.4479303152202015,145.75,-15701.438491821289
2024-04-26,FANG,554.0,194.44488525390625,107722.46643066406,0.5486377012282423,186.6674346923828,4308.707611083984
2024-04-26,CROX,706.0,125.4000015258789,88532.40107727051,0.450901419366536,145.75,-14367.098922729492
2024-04-29,FANG,554.0,192.66665649414062,106737.3276977539,0.5418772184370033,186.6674346923828,3323.568878173828
2024-04-29,CROX,706.0,127.69000244140625,90149.14172363281,0.4576633799565632,145.75,-12750.358276367188
2024-04-30,FANG,554.0,188.2397918701172,104284.84469604492,0.5426399303367294,186.6674346923828,871.0858764648438
2024-04-30,CROX,706.0,124.37000274658203,87805.22193908691,0.4568892024061692,145.75,-15094.278060913086
2024-05-01,FANG,258.0,183.44793701171875,47329.56774902344,0.2512752262661324,186.6674346923828,-830.6304016113281
2024-05-01,AAON,503.0,93.67752838134766,47119.79677581787,0.25016154086262726,93.67752838134766,0.0
2024-05-01,CMG,751.0,62.77320098876953,47142.67394256592,0.250282996973983,62.77320098876953,0.0
2024-05-02,FANG,258.0,184.96409606933594,47720.73678588867,0.25517331857059605,186.6674346923828,-439.46136474609375
2024-05-02,AAON,503.0,90.12757110595703,45334.16826629639,0.24241180963009373,93.67752838134766,-1785.6285095214844
2024-05-02,CMG,751.0,62.83980178833008,47192.69114303589,0.25234974190102266,62.77320098876953,50.0172004699707
2024-05-03,FANG,258.0,188.58607482910156,48655.2073059082,0.26745554849178105,186.6674346923828,495.0091552734375
2024-05-03,AAON,503.0,77.74234771728516,39104.40090179443,0.21495518302646155,93.67752838134766,-8015.3958740234375
2024-05-03,CMG,751.0,63.107601165771484,47393.808475494385,0.2605216942398796,62.77320098876953,251.1345329284668
2024-05-06,FANG,258.0,191.10369873046875,49304.75427246094,0.27071521346114175,186.6674346923828,1144.5561218261719
2024-05-06,AAON,503.0,75.56079864501953,38007.081718444824,0.2086836328923923,93.67752838134766,-9112.715057373047
2024-05-06,CMG,751.0,63.981998443603516,48050.48083114624,0.26382843535191985,62.77320098876953,907.8068885803223
2024-05-07,FANG,258.0,190.62637329101562,49181.60430908203,0.2686778761228767,186.6674346923828,1021.4061584472656
2024-05-07,AAON,503.0,77.80184173583984,39134.32639312744,0.2137898477797983,93.67752838134766,-7985.47038269043
2024-05-07,CMG,751.0,63.873600006103516,47969.07360458374,0.2620538511648658,62.77320098876953,826.3996620178223
2024-05-08,FANG,258.0,190.19586181640625,49070.53234863281,0.26954499296733253,186.6674346923828,910.3341979980469
2024-05-08,AAON,503.0,76.34416961669922,38401.11731719971,0.21093777470483663,93.67752838134766,-8718.679458618164
2024-05-08,CMG,751.0,63.665000915527344,47812.415687561035,0.2626341438216308,62.77320098876953,669.7417449951172
2024-05-09,FANG,258.0,190.66380310058594,49191.26119995117,0.2683704732074695,186.6674346923828,1031.0630493164062
2024-05-09,AAON,503.0,77.09779357910156,38780.190170288086,0.21157127776764953,93.67752838134766,-8339.606605529785
2024-05-09,CMG,751.0,64.6594009399414,48559.210105895996,0.2649222214841928,62.77320098876953,1416.5361633300781
2024-05-10,FANG,258.0,189.23184204101562,48821.81524658203,0.2670905622277665,186.6674346923828,661.6170959472656
2024-05-10,AAON,503.0,76.64165496826172,38550.752449035645,0.21090043649364773,93.67752838134766,-8569.044326782227
2024-05-10,CMG,751.0,64.78459930419922,48653.23407745361,0.266168301574079,62.77320098876953,1510.5601348876953
2024-05-13,FANG,258.0,187.90284729003906,48478.93460083008,0.2679989971870346,186.6674346923828,318.7364501953125
2024-05-13,AAON,503.0,74.85674285888672,37652.94165802002,0.2081512452486632,93.67752838134766,-9466.855117797852
2024-05-13,CMG,751.0,63.90800094604492,47994.908710479736,0.2653232277153138,62.77320098876953,852.2347679138184
2024-05-14,FANG,258.0,187.1939697265625,48296.044189453125,0.2677414764839363,186.6674346923828,135.84603881835938
2024-05-14,AAON,503.0,74.76750946044922,37608.05725860596,0.20848988663776513,93.67752838134766,-9511.739517211914
2024-05-14,CMG,751.0,63.53340148925781,47713.58451843262,0.26451246228766734,62.77320098876953,570.9105758666992
2024-05-15,FANG,258.0,185.95579528808594,47976.59518432617,0.2663184947554364,186.6674346923828,-183.60296630859375
2024-05-15,AAON,503.0,75.18397521972656,37817.53953552246,0.20992548899645308,93.67752838134766,-9302.25724029541
2024-05-15,CMG,751.0,63.36600112915039,47587.86684799194,0.26416066039883873,62.77320098876953,445.1929054260254
2024-05-16,FANG,258.0,183.92361450195312,47452.292541503906,0.26538190760503977,186.6674346923828,-707.9056091308594
2024-05-16,AAON,503.0,74.23204040527344,37338.71632385254,0.20882067514189226,93.67752838134766,-9781.080451965332
2024-05-16,CMG,751.0,62.917598724365234,47251.11664199829,0.2642568103522935,62.77320098876953,108.44269943237305
2024-05-17,FANG,258.0,186.8347930908203,48203.37661743164,0.2669316416266914,186.6674346923828,43.178466796875
2024-05-17,AAON,503.0,74.25186920166016,37348.69020843506,0.2068225898170596,93.67752838134766,-9771.106567382812
2024-05-17,CMG,751.0,64.26860046386719,48265.71894836426,0.26727686932455064,62.77320098876953,1123.0450057983398
2024-05-20,FANG,258.0,186.9860382080078,48242.397857666016,0.2678410356326007,186.6674346923828,82.19970703125
2024-05-20,AAON,503.0,74.35102844238281,37398.567306518555,0.20763625863098986,93.67752838134766,-9721.229469299316
2024-05-20,CMG,751.0,63.527801513671875,47709.37893676758,0.26488172295070583,62.77320098876953,566.7049942016602
2024-05-21,FANG,258.0,185.78564453125,47932.6962890625,0.26532733204058023,186.6674346923828,-227.50186157226562
2024-05-21,AAON,503.0,76.14584350585938,38301.359283447266,0.21201389153907613,93.67752838134766,-8818.437492370605
2024-05-21,CMG,751.0,63.45600128173828,47655.45696258545,0.2637926975107954,62.77320098876953,512.7830200195312
2024-05-22,FANG,258.0,181.7969512939453,46903.61343383789,0.26202406476393336,186.6674346923828,-1256.584716796875
2024-05-22,AAON,503.0,75.49137878417969,37972.16352844238,0.21212908573959152,93.67752838134766,-9147.633247375488
2024-05-22,CMG,751.0,63.06760025024414,47363.76778793335,0.26459468790897084,62.77320098876953,221.09384536743164
2024-05-23,FANG,258.0,181.4377899169922,46810.949798583984,0.2618789060267947,186.6674346923828,-1349.2483520507812
2024-05-23,AAON,503.0,75.62030029296875,38037.01104736328,0.21279403397010158,93.67752838134766,-9082.78572845459
2024-05-23,CMG,751.0,62.76559829711914,47136.964321136475,0.26370275978071867,62.77320098876953,-5.709621429443359
2024-05-24,FANG,258.0,182.85557556152344,47176.73849487305,0.2616362437809684,186.6674346923828,-983.4596557617188
2024-05-24,AAON,503.0,77.60352325439453,39034.57219696045,0.2164808160343607,93.67752838134766,-8085.224578857422
2024-05-24,CMG,751.0,63.03260040283203,47337.482902526855,0.26252771199960984,62.77320098876953,194.8089599609375
2024-05-28,FANG,258.0,186.9198760986328,48225.328033447266,0.26628126701306226,186.6674346923828,65.1298828125
2024-05-28,AAON,503.0,77.02838897705078,38745.27965545654,0.2139361737524069,93.67752838134766,-8374.517120361328
2024-05-28,CMG,751.0,63.07680130004883,47370.67777633667,0.2615622249122266,62.77320098876953,228.00383377075195
2024-05-29,FANG,258.0,184.330078125,47557.16015625,0.2674447377992932,186.6674346923828,-603.0379943847656
2024-05-29,AAON,503.0,74.24195861816406,37343.70518493652,0.21000786020077156,93.67752838134766,-9776.091590881348
2024-05-29,CMG,751.0,61.457000732421875,46154.20755004883,0.2595550259099049,62.77320098876953,-988.4663925170898
2024-05-30,FANG,258.0,186.5228729248047,48122.90121459961,0.2689757286440366,186.6674346923828,-37.29693603515625
2024-05-30,AAON,503.0,74.30145263671875,37373.63067626953,0.2088942954289909,93.67752838134766,-9746.16609954834
2024-05-30,CMG,751.0,62.116798400878906,46649.71559906006,0.26074157890729033,62.77320098876953,-492.9583435058594
2024-05-31,FANG,258.0,188.33763122558594,48591.10885620117,0.2702577671888479,186.6674346923828,430.91070556640625
2024-05-31,AAON,503.0,74.42044067382812,37433.48165893555,0.20820041792393726,93.67752838134766,-9686.315116882324
2024-05-31,CMG,751.0,62.59040069580078,47005.39092254639,0.26143819920143896,62.77320098876953,-137.28302001953125
2024-06-03,ETR,834.0,52.76492691040039,44005.949043273926,0.25042346551163513,52.76492691040039,0.0
2024-06-03,FSLR,161.0,272.7200012207031,43907.9201965332,0.24986561540148797,272.7200012207031,0.0
2024-06-03,PEG,628.0,70.0431137084961,43987.07540893555,0.250316061830529,70.0431137084961,0.0
2024-06-04,ETR,834.0,52.67523193359375,43931.14343261719,0.25178505243856597,52.76492691040039,-74.80561065673828
2024-06-04,FSLR,161.0,266.1700134277344,42853.372161865234,0.24560796086481052,272.7200012207031,-1054.5480346679688
2024-06-04,PEG,628.0,69.85517120361328,43869.04751586914,0.251429158591218,70.0431137084961,-118.02789306640625
2024-06-05,ETR,834.0,52.340087890625,43651.63330078125,0.24856381623629537,52.76492691040039,-354.3157424926758
2024-06-05,FSLR,161.0,273.05999755859375,43962.659606933594,0.2503348813663078,272.7200012207031,54.739410400390625
2024-06-05,PEG,628.0,70.34380340576172,44175.90853881836,0.25154917655550163,70.0431137084961,188.8331298828125
2024-06-06,ETR,834.0,51.85388946533203,43246.143814086914,0.24708573148896187,52.76492691040039,-759.8052291870117
2024-06-06,FSLR,161.0,273.45001220703125,44025.45196533203,0.2515382885870814,272.7200012207031,117.53176879882812
2024-06-06,PEG,628.0,69.94914245605469,43928.061462402344,0.2509818504510037,70.0431137084961,-59.013946533203125
2024-06-07,ETR,834.0,51.20246124267578,42702.8526763916,0.2469418698074647,52.76492691040039,-1303.0963668823242
2024-06-07,FSLR,161.0,267.3399963378906,43041.73941040039,0.2489015825316533,272.7200012207031,-866.1807861328125
2024-06-07,PEG,628.0,69.03973388671875,43356.952880859375,0.25072439761085935,70.0431137084961,-630.1225280761719
2024-06-10,ETR,834.0,51.00893020629883,42541.44779205322,0.24294885630815374,52.76492691040039,-1464.5012512207031
2024-06-10,FSLR,161.0,279.79998779296875,45047.79803466797,0.25726230722612325,272.7200012207031,1139.8778381347656
2024-06-10,PEG,628.0,69.57022094726562,43690.09875488281,0.24950865744799267,70.0431137084961,-296.9766540527344
2024-06-11,ETR,834.0,51.05613708496094,42580.81832885742,0.23968632176389193,52.76492691040039,-1425.130714416504
2024-06-11,FSLR,161.0,294.5299987792969,47419.3298034668,0.26692217733634227,272.7200012207031,3511.4096069335938
2024-06-11,PEG,628.0,69.78809356689453,43826.922760009766,0.2467006112810612,70.0431137084961,-160.15264892578125
2024-06-12,ETR,834.0,50.67850112915039,42265.869941711426,0.2375054079419578,52.76492691040039,-1740.0791015625
2024-06-12,FSLR,161.0,300.7099914550781,48414.30862426758,0.2720554465314979,272.7200012207031,4506.388427734375
2024-06-12,PEG,628.0,69.19129180908203,43452.131256103516,0.24417138873896982,70.0431137084961,-534.9441528320312
2024-06-13,ETR,834.0,50.55576705932617,42163.50972747803,0.23890957556661613,52.76492691040039,-1842.4393157958984
2024-06-13,FSLR,161.0,291.55999755859375,46941.159606933594,0.26598100088875326,272.7200012207031,3033.2394104003906
2024-06-13,PEG,628.0,69.35233306884766,43553.26516723633,0.2467842967271667,70.0431137084961,-433.81024169921875
2024-06-14,ETR,834.0,50.51800537109375,42132.01647949219,0.24322471190999417,52.76492691040039,-1873.9325637817383
2024-06-14,FSLR,161.0,273.6099853515625,44051.20764160156,0.2543040467367873,272.7200012207031,143.28744506835938
2024-06-14,PEG,628.0,68.81238555908203,43214.178131103516,0.24947194330185804,70.0431137084961,-772.8972778320312
2024-06-17,ETR,834.0,50.211177825927734,41876.12230682373,0.24453862782327304,52.76492691040039,-2129.8267364501953
2024-06-17,FSLR,161.0,261.3299865722656,42074.127838134766,0.24569489536336303,272.7200012207031,-1833.7923583984375
2024-06-17,PEG,628.0,69.21971893310547,43469.983489990234,0.25384609482837356,70.0431137084961,-517.0919189453125
2024-06-18,ETR,834.0,50.060123443603516,41750.14295196533,0.24355783397539751,52.76492691040039,-2255.8060913085938
2024-06-18,FSLR,161.0,262.3699951171875,42241.56921386719,0.24642466765415041,272.7200012207031,-1666.3509826660156
2024-06-18,PEG,628.0,69.42813873291016,43600.87112426758,0.25435442802399255,70.0431137084961,-386.20428466796875
2024-06-20,ETR,834.0,50.173404693603516,41844.61951446533,0.24425618643444214,52.76492691040039,-2161.3295288085938
2024-06-20,FSLR,161.0,260.07000732421875,41871.27117919922,0.24441175802442347,272.7200012207031,-2036.6490173339844
2024-06-20,PEG,628.0,69.70284271240234,43773.38522338867,0.2555148132795083,70.0431137084961,-213.690185546875
2024-06-21,ETR,834.0,49.94683074951172,41655.65684509277,0.24418121190187692,52.76492691040039,-2350.2921981811523
2024-06-21,FSLR,161.0,258.8699951171875,41678.06921386719,0.24431259092176083,272.7200012207031,-2229.8509826660156
2024-06-21,PEG,628.0,69.16287994384766,43434.28860473633,0.254607369871538,70.0431137084961,-552.7868041992188
2024-06-24,ETR,834.0,50.853153228759766,42411.529792785645,0.24547653477612189,52.76492691040039,-1594.4192504882812
2024-06-24,FSLR,161.0,261.2799987792969,42066.0798034668,0.24347708163847853,272.7200012207031,-1841.8403930664062
2024-06-24,PEG,628.0,70.81119537353516,44469.43069458008,0.2573875972809006,70.0431137084961,482.35528564453125
2024-06-25,ETR,834.0,50.343345642089844,41986.35026550293,0.24565758842145094,52.76492691040039,-2019.598777770996
2024-06-25,FSLR,161.0,256.739990234375,41335.138427734375,0.241847418482742,272.7200012207031,-2572.781768798828
2024-06-25,PEG,628.0,69.69336700439453,43767.434478759766,0.2560785192677237,70.0431137084961,-219.64093017578125
2024-06-26,ETR,834.0,50.225337982177734,41887.93187713623,0.24767638845561726,52.76492691040039,-2118.0171661376953
2024-06-26,FSLR,161.0,247.92999267578125,39916.72882080078,0.2360209919720223,272.7200012207031,-3991.191375732422
2024-06-26,PEG,628.0,69.25761413574219,43493.781677246094,0.2571715117780098,70.0431137084961,-493.2937316894531
2024-06-27,ETR,834.0,50.39527130126953,42029.65626525879,0.24782849193011336,52.76492691040039,-1976.2927780151367
2024-06-27,FSLR,161.0,249.9199981689453,40237.119705200195,0.23725877350069763,272.7200012207031,-3670.800491333008
2024-06-27,PEG,628.0,69.26708984375,43499.732421875,0.2564968178049971,70.0431137084961,-487.3429870605469
2024-06-28,ETR,834.0,50.50856399536133,42124.14237213135,0.2536175408313336,52.76492691040039,-1881.8066711425781
2024-06-28,FSLR,161.0,225.4600067138672,36299.06108093262,0.2185463747725602,272.7200012207031,-7608.859115600586
2024-06-28,PEG,628.0,69.81652069091797,43844.774993896484,0.26397698293821786,70.0431137084961,-142.3004150390625
2024-07-01,HALO,792.0,52.02000045776367,41199.84036254883,0.25045399243672256,52.02000045776367,0.0
2024-07-01,HEI,187.0,220.3267059326172,41201.094009399414,0.25046161336088324,220.3267059326172,0.0
2024-07-01,UTHR,129.0,319.010009765625,41152.291259765625,0.25016494125293054,319.010009765625,0.0
2024-07-02,HALO,792.0,51.29999923706055,40629.59939575195,0.24723080648412776,52.02000045776367,-570.240966796875
2024-07-02,HEI,187.0,223.86248779296875,41862.285217285156,0.25473169042912347,220.3267059326172,661.1912078857422
2024-07-02,UTHR,129.0,317.04998779296875,40899.44842529297,0.24887283579759817,319.010009765625,-252.84283447265625
2024-07-03,HALO,792.0,52.0099983215332,41191.9186706543,0.24986878325560175,52.02000045776367,-7.92169189453125
2024-07-03,HEI,187.0,227.75782775878906,42590.713790893555,0.2583538270699618,220.3267059326172,1389.6197814941406
2024-07-03,UTHR,129.0,311.0400085449219,40124.16110229492,0.2433918020168524,319.010009765625,-1028.1301574707031
2024-07-05,HALO,792.0,51.560001373291016,40835.521087646484,0.24777623400285131,52.02000045776367,-364.31927490234375
2024-07-05,HEI,187.0,226.98873901367188,42446.89419555664,0.2575535051045107,220.3267059326172,1245.8001861572266
2024-07-05,UTHR,129.0,314.55999755859375,40578.239685058594,0.24621513681799173,319.010009765625,-574.0515747070312
2024-07-08,HALO,792.0,52.54999923706055,41619.59939575195,0.25062020557807263,52.02000045776367,419.759033203125
2024-07-08,HEI,187.0,227.91763305664062,42620.5973815918,0.25664790225551887,220.3267059326172,1419.5033721923828
2024-07-08,UTHR,129.0,316.8900146484375,40878.81188964844,0.24615941499467547,319.010009765625,-273.4793701171875
2024-07-09,HALO,792.0,52.880001068115234,41880.960845947266,0.2516061341243877,52.02000045776367,681.1204833984375
2024-07-09,HEI,187.0,224.62156677246094,42004.232986450195,0.25234670993952407,220.3267059326172,803.1389770507812
2024-07-09,UTHR,129.0,322.6499938964844,41621.849212646484,0.25004948224619244,319.010009765625,469.5579528808594
2024-07-10,HALO,792.0,52.959999084472656,41944.319274902344,0.2503301728594698,52.02000045776367,744.4789123535156
2024-07-10,HEI,187.0,225.62037658691406,42191.01042175293,0.2518024637084229,220.3267059326172,989.9164123535156
2024-07-10,UTHR,129.0,329.25,42473.25,0.25348691308397037,319.010009765625,1320.958740234375
2024-07-11,HALO,792.0,52.81999969482422,41833.43975830078,0.25089128949933687,52.02000045776367,633.5993957519531
2024-07-11,HEI,187.0,225.55047607421875,42177.939025878906,0.25295738461304557,220.3267059326172,976.8450164794922
2024-07-11,UTHR,129.0,323.8800048828125,41780.52062988281,0.250573913054926,319.010009765625,628.2293701171875
2024-07-12,HALO,792.0,53.18000030517578,42118.56024169922,0.25251644462239997,52.02000045776367,918.7198791503906
2024-07-12,HEI,187.0,226.0498809814453,42271.32774353027,0.25343234265392933,220.3267059326172,1070.2337341308594
2024-07-12,UTHR,129.0,321.3800048828125,41458.02062988281,0.2485562638054165,319.010009765625,305.7293701171875
2024-07-15,HALO,792.0,52.54999923706055,41619.59939575195,0.24945803857193025,52.02000045776367,419.759033203125
2024-07-15,HEI,187.0,224.9012451171875,42056.53283691406,0.25207691431319723,220.3267059326172,855.4388275146484
2024-07-15,UTHR,129.0,327.260009765625,42216.541259765625,0.2530359669686539,319.010009765625,1064.25
2024-07-16,HALO,792.0,55.099998474121094,43639.198791503906,0.256654062539204,52.02000045776367,2439.358428955078
2024-07-16,HEI,187.0,230.52452087402344,43108.08540344238,0.2535304394551457,220.3267059326172,1906.9913940429688
2024-07-16,UTHR,129.0,328.19000244140625,42336.510314941406,0.2489925953493466,319.010009765625,1184.2190551757812
2024-07-17,HALO,792.0,54.75,43362.0,0.2558865667866104,52.02000045776367,2162.159637451172
2024-07-17,HEI,187.0,226.6990966796875,42392.73107910156,0.25016674536551214,220.3267059326172,1191.6370697021484
2024-07-17,UTHR,129.0,331.44000244140625,42755.760314941406,0.2523090428795158,319.010009765625,1603.4690551757812
2024-07-18,HALO,792.0,54.29999923706055,43005.59939575195,0.2556945419833907,52.02000045776367,1805.759033203125
2024-07-18,HEI,187.0,223.74261474609375,41839.86895751953,0.2487635628860646,220.3267059326172,638.7749481201172
2024-07-18,UTHR,129.0,328.6700134277344,42398.431732177734,0.25208455956654124,319.010009765625,1246.1404724121094
2024-07-19,HALO,792.0,54.040000915527344,42799.680725097656,0.25531060594106036,52.02000045776367,1599.8403625488281
2024-07-19,HEI,187.0,221.54525756835938,41428.9631652832,0.24713393908650919,220.3267059326172,227.86915588378906
2024-07-19,UTHR,129.0,329.1600036621094,42461.64047241211,0.25329411282047015,319.010009765625,1309.3492126464844
2024-07-22,HALO,792.0,54.34000015258789,43037.28012084961,0.25456704513110107,52.02000045776367,1837.4397583007812
2024-07-22,HEI,187.0,225.49053955078125,42166.730895996094,0.24941771545250996,220.3267059326172,965.6368865966797
2024-07-22,UTHR,129.0,332.6300048828125,42909.27062988281,0.25380986443165515,319.010009765625,1756.9793701171875
2024-07-23,HALO,792.0,55.400001525878906,43876.801208496094,0.25591571700681776,52.02000045776367,2676.9608459472656
2024-07-23,HEI,187.0,230.94403076171875,43186.533752441406,0.2518896648316993,220.3267059326172,1985.4397430419922
2024-07-23,UTHR,129.0,336.739990234375,43439.458740234375,0.25336487445995826,319.010009765625,2287.16748046875
2024-07-24,HALO,792.0,55.150001525878906,43678.801208496094,0.2572089919226826,52.02000045776367,2478.9608459472656
2024-07-24,HEI,187.0,226.8289337158203,42417.0106048584,0.24977875390790769,220.3267059326172,1215.9165954589844
2024-07-24,UTHR,129.0,331.5899963378906,42775.10952758789,0.2518874716468445,319.010009765625,1622.8182678222656
2024-07-25,HALO,792.0,55.970001220703125,44328.240966796875,0.2580704364106381,52.02000045776367,3128.400604248047
2024-07-25,HEI,187.0,230.4845733642578,43100.61521911621,0.25092343699123437,220.3267059326172,1899.5212097167969
2024-07-25,UTHR,129.0,336.3699951171875,43391.72937011719,0.2526182472150465,319.010009765625,2239.4381103515625
2024-07-26,HALO,792.0,56.22999954223633,44534.15963745117,0.2576303672474731,52.02000045776367,3334.3192749023438
2024-07-26,HEI,187.0,233.95042419433594,43748.72932434082,0.2530866484109387,220.3267059326172,2547.6353149414062
2024-07-26,UTHR,129.0,338.2200012207031,43630.3801574707,0.2524019978062703,319.010009765625,2478.088897705078
2024-07-29,HALO,792.0,55.470001220703125,43932.240966796875,0.25475111646475884,52.02000045776367,2732.400604248047
2024-07-29,HEI,187.0,237.0167694091797,44322.1358795166,0.25701201101813137,220.3267059326172,3121.0418701171875
2024-07-29,UTHR,129.0,335.2699890136719,43249.82858276367,0.25079399265554486,319.010009765625,2097.537322998047
2024-07-30,HALO,792.0,55.689998626708984,44106.478912353516,0.25469649277902395,52.02000045776367,2906.6385498046875
2024-07-30,HEI,187.0,238.37513732910156,44576.15068054199,0.25740865106199723,220.3267059326172,3375.056671142578
2024-07-30,UTHR,129.0,337.5400085449219,43542.66110229492,0.2514406804283343,319.010009765625,2390.369842529297
2024-07-31,HALO,792.0,55.2599983215332,43765.9186706543,0.2571373387082451,52.02000045776367,2566.0783081054688
2024-07-31,HEI,187.0,241.0519256591797,45076.7100982666,0.2648386147133073,220.3267059326172,3875.6160888671875
2024-07-31,UTHR,129.0,313.2900085449219,40414.41110229492,0.23744626942500582,319.010009765625,-737.8801574707031
2024-08-01,HALO,780.0,55.04999923706055,42938.99940490723,0.2502019399884398,52.02000045776367,2363.3990478515625
2024-08-01,UTHR,130.0,327.7900085449219,42612.701110839844,0.24830062725824034,319.0775482177734,1132.6198425292969
2024-08-01,AAPL,198.0,216.48472595214844,42863.97573852539,0.2497647833910824,216.48472595214844,0.0
2024-08-02,HALO,780.0,54.09000015258789,42190.200119018555,0.246511930881698,52.02000045776367,1614.5997619628906
2024-08-02,UTHR,130.0,327.67999267578125,42598.39904785156,0.24889698489534573,319.0775482177734,1118.3177795410156
2024-08-02,AAPL,198.0,217.97181701660156,43158.41976928711,0.25216911418094745,216.48472595214844,294.44403076171875
2024-08-05,HALO,780.0,52.11000061035156,40645.80047607422,0.24299412969794307,52.02000045776367,70.20011901855469
2024-08-05,UTHR,130.0,325.7200012207031,42343.600158691406,0.25314414154287784,319.0775482177734,863.5188903808594
2024-08-05,AAPL,198.0,207.47279357910156,41079.61312866211,0.24558760618832742,216.48472595214844,-1784.3626098632812
2024-08-06,HALO,780.0,51.939998626708984,40513.19892883301,0.2436900997837842,52.02000045776367,-62.40142822265625
2024-08-06,UTHR,130.0,321.9599914550781,41854.798889160156,0.25175992978601014,319.0775482177734,374.7176208496094
2024-08-06,AAPL,198.0,205.45028686523438,40679.156799316406,0.24468834951689084,216.48472595214844,-2184.8189392089844
2024-08-07,HALO,780.0,54.119998931884766,42213.59916687012,0.2505365604401429,52.02000045776367,1637.9988098144531
2024-08-07,UTHR,130.0,322.2300109863281,41889.901428222656,0.24861542318429303,319.0775482177734,409.8201599121094
2024-08-07,AAPL,198.0,208.01805114746094,41187.574127197266,0.2444471297960286,216.48472595214844,-1676.401611328125
2024-08-08,HALO,780.0,54.459999084472656,42478.79928588867,0.2490134724220212,52.02000045776367,1903.1989288330078
2024-08-08,UTHR,130.0,331.0400085449219,43035.201110839844,0.25227513595352946,319.0775482177734,1555.1198425292969
2024-08-08,AAPL,198.0,211.47808837890625,41872.66149902344,0.2454602534607769,216.48472595214844,-991.3142395019531
2024-08-09,HALO,780.0,55.20000076293945,43056.00059509277,0.25085162126910476,52.02000045776367,2480.4002380371094
2024-08-09,UTHR,130.0,330.260009765625,42933.80126953125,0.25013966710449537,319.0775482177734,1453.7200012207031
2024-08-09,AAPL,198.0,214.38291931152344,42447.81802368164,0.24730824561977693,216.48472595214844,-416.15771484375
2024-08-12,HALO,780.0,56.06999969482422,43734.59976196289,0.25268698827129593,52.02000045776367,3158.9994049072266
2024-08-12,UTHR,130.0,333.7799987792969,43391.399841308594,0.2507040696028483,319.0775482177734,1911.3185729980469
2024-08-12,AAPL,198.0,215.9114532470703,42750.46774291992,0.2470009328985062,216.48472595214844,-113.50799560546875
2024-08-13,HALO,780.0,55.9900016784668,43672.2013092041,0.2532807167843818,52.02000045776367,3096.6009521484375
2024-08-13,UTHR,130.0,323.5899963378906,42066.69952392578,0.24396947002366046,319.0775482177734,586.6182556152344
2024-08-13,AAPL,198.0,219.6236572265625,43485.484130859375,0.2521978343248447,216.48472595214844,621.5083923339844
2024-08-14,HALO,780.0,57.40999984741211,44779.799880981445,0.2578612409762913,52.02000045776367,4204.199523925781
2024-08-14,UTHR,130.0,323.8699951171875,42103.099365234375,0.24244765452554967,319.0775482177734,623.0180969238281
2024-08-14,AAPL,198.0,220.07029724121094,43573.918853759766,0.25091726224088806,216.48472595214844,709.943115234375
2024-08-15,HALO,780.0,59.099998474121094,46097.99880981445,0.26272116734591033,52.02000045776367,5522.398452758789
2024-08-15,UTHR,130.0,323.0799865722656,42000.39825439453,0.23936817092455645,319.0775482177734,520.3169860839844
2024-08-15,AAPL,198.0,223.04795837402344,44163.49575805664,0.2516960705279584,216.48472595214844,1299.52001953125
2024-08-16,HALO,780.0,59.41999816894531,46347.598571777344,0.26378395190541876,52.02000045776367,5771.99821472168
2024-08-16,UTHR,130.0,320.989990234375,41728.69873046875,0.23749582282988965,319.0775482177734,248.61746215820312
2024-08-16,AAPL,198.0,224.3680877685547,44424.88137817383,0.2528409482686765,216.48472595214844,1560.9056396484375
2024-08-19,HALO,780.0,61.7400016784668,48157.2013092041,0.2659623693917452,52.02000045776367,7581.6009521484375
2024-08-19,UTHR,130.0,348.5799865722656,45315.39825439453,0.25026767258100263,319.0775482177734,3835.3169860839844
2024-08-19,AAPL,198.0,224.20924377441406,44393.430267333984,0.24517583203222276,216.48472595214844,1529.4545288085938
2024-08-20,HALO,780.0,60.93000030517578,47525.40023803711,0.2635369244305479,52.02000045776367,6949.799880981445
2024-08-20,UTHR,130.0,346.8800048828125,45094.400634765625,0.25005659274413955,319.0775482177734,3614.319366455078
2024-08-20,AAPL,198.0,224.8246612548828,44515.2829284668,0.2468452805103266,216.48472595214844,1651.3071899414062
2024-08-21,HALO,780.0,62.16999816894531,48492.598571777344,0.2665933539809704,52.02000045776367,7916.99821472168
2024-08-21,UTHR,130.0,351.6099853515625,45709.298095703125,0.25129185579552754,319.0775482177734,4229.216827392578
2024-08-21,AAPL,198.0,224.7154541015625,44493.659912109375,0.24460875218515088,216.48472595214844,1629.6841735839844
2024-08-22,HALO,780.0,61.63999938964844,48079.19952392578,0.26636652927441445,52.02000045776367,7503.599166870117
2024-08-22,UTHR,130.0,346.8699951171875,45093.099365234375,0.24982305219467246,319.0775482177734,3613.018096923828
2024-08-22,AAPL,198.0,222.85939025878906,44126.159271240234,0.2444660479307948,216.48472595214844,1262.1835327148438
2024-08-23,HALO,780.0,62.720001220703125,48921.60095214844,0.26887781228080715,52.02000045776367,8346.000595092773
2024-08-23,UTHR,130.0,348.0299987792969,45243.899841308594,0.2486648141437974,319.0775482177734,3763.818572998047
2024-08-23,AAPL,198.0,225.15220642089844,44580.13687133789,0.24501670918064827,216.48472595214844,1716.1611328125
2024-08-26,HALO,780.0,62.15999984741211,48484.799880981445,0.26728033714044797,52.02000045776367,7909.199523925781
2024-08-26,UTHR,130.0,346.6700134277344,45067.10174560547,0.24843972086256386,319.0775482177734,3587.020477294922
2024-08-26,AAPL,198.0,225.48965454101562,44646.951599121094,0.24612357491419207,216.48472595214844,1782.9758605957031
2024-08-27,HALO,780.0,63.20000076293945,49296.00059509277,0.26980225379418266,52.02000045776367,8720.40023803711
2024-08-27,UTHR,130.0,349.2300109863281,45399.901428222656,0.2484784887110608,319.0775482177734,3919.8201599121094
2024-08-27,AAPL,198.0,226.3333282470703,44813.99899291992,0.2452717823730234,216.48472595214844,1950.0232543945312
2024-08-28,HALO,780.0,64.41999816894531,50247.598571777344,0.27199112497016453,52.02000045776367,9671.99821472168
2024-08-28,UTHR,130.0,359.8399963378906,46779.19952392578,0.2532166206020999,319.0775482177734,5299.118255615234
2024-08-28,AAPL,198.0,224.8048095703125,44511.352294921875,0.24094072410933293,216.48472595214844,1647.3765563964844
2024-08-29,HALO,780.0,63.7400016784668,49717.2013092041,0.2688762326529505,52.02000045776367,9141.600952148438
2024-08-29,UTHR,130.0,360.2200012207031,46828.600158691406,0.2532543518041778,319.0775482177734,5348.518890380859
2024-08-29,AAPL,198.0,228.0802459716797,45159.88870239258,0.24422977202214202,216.48472595214844,2295.9129638671875
2024-08-30,HALO,780.0,63.849998474121094,49802.99880981445,0.2688118784962,52.02000045776367,9227.398452758789
2024-08-30,UTHR,130.0,363.54998779296875,47261.49841308594,0.2550941202854475,319.0775482177734,5781.417144775391
2024-08-30,AAPL,198.0,227.29612731933594,45004.633209228516,0.242912681627941,216.48472595214844,2140.657470703125
2024-09-03,HALO,737.0,61.220001220703125,45119.1408996582,0.2502227543007215,52.02000045776367,6780.400562286377
2024-09-03,UTHR,129.0,352.3999938964844,45459.599212646484,0.2521108757299385,319.0775482177734,4298.595492553715
2024-09-03,ROIV,3832.0,11.770000457763672,45102.64175415039,0.2501312529655841,11.770000457763672,0.0
2024-09-04,HALO,737.0,62.130001068115234,45789.81078720093,0.2529333901658694,52.02000045776367,7451.070449829102
2024-09-04,UTHR,129.0,353.3699951171875,45584.72937011719,0.2518005630763652,319.0775482177734,4423.725650024418
2024-09-04,ROIV,3832.0,11.75,45026.0,0.2487142582557198,11.770000457763672,-76.64175415039062
2024-09-05,HALO,737.0,61.04999923706055,44993.84943771362,0.2479112843728577,52.02000045776367,6655.109100341797
2024-09-05,UTHR,129.0,350.010009765625,45151.291259765625,0.2487787719251941,319.0775482177734,3990.287539672856
2024-09-05,ROIV,3832.0,12.1899995803833,46712.07839202881,0.25737854161433005,11.770000457763672,1609.436637878418
2024-09-06,HALO,737.0,59.209999084472656,43637.76932525635,0.2424426144252837,52.02000045776367,5299.0289878845215
2024-09-06,UTHR,129.0,345.6300048828125,44586.27062988281,0.24771229570448555,319.0775482177734,3425.2669097900434
2024-09-06,ROIV,3832.0,12.300000190734863,47133.600730895996,0.2618647461858721,11.770000457763672,2030.9589767456055
2024-09-09,HALO,737.0,59.2400016784668,43659.88123703003,0.24097784663539887,52.02000045776367,5321.140899658203
2024-09-09,UTHR,129.0,348.7099914550781,44983.58889770508,0.2482839641191475,319.0775482177734,3822.585177612309
2024-09-09,ROIV,3832.0,12.5,47900.0,0.2643809036302548,11.770000457763672,2797.3582458496094
2024-09-10,HALO,737.0,59.2599983215332,43674.61876296997,0.24372193848076873,52.02000045776367,5335.8784255981445
2024-09-10,UTHR,129.0,342.4599914550781,44177.33889770508,0.24652731902492214,319.0775482177734,3016.335177612309
2024-09-10,ROIV,3832.0,12.1899995803833,46712.07839202881,0.26067218486686805,11.770000457763672,1609.436637878418
2024-09-11,HALO,737.0,59.38999938964844,43770.4295501709,0.24249059472711126,52.02000045776367,5431.689212799072
2024-09-11,UTHR,129.0,346.19000244140625,44658.510314941406,0.24741061116350624,319.0775482177734,3497.506594848637
2024-09-11,ROIV,3832.0,12.380000114440918,47440.1604385376,0.2628211063248668,11.770000457763672,2337.518684387207
2024-09-12,HALO,737.0,60.540000915527344,44617.98067474365,0.24829214516805004,52.02000045776367,6279.240337371826
2024-09-12,UTHR,129.0,341.1099853515625,44003.18811035156,0.24487091986072262,319.0775482177734,2842.1843902587934
2024-09-12,ROIV,3832.0,12.119999885559082,46443.8395614624,0.2584527668031337,11.770000457763672,1341.1978073120117
2024-09-13,HALO,737.0,62.29999923706055,45915.09943771362,0.25501280184753905,52.02000045776367,7576.359100341797
2024-09-13,UTHR,129.0,339.1199951171875,43746.47937011719,0.24296826995382562,319.0775482177734,2585.4756500244184
2024-09-13,ROIV,3832.0,11.9399995803833,45754.07839202881,0.2541184897689557,11.770000457763672,651.436637878418
2024-09-16,HALO,737.0,62.90999984741211,46364.669887542725,0.2552573973319461,52.02000045776367,8025.929550170898
2024-09-16,UTHR,129.0,344.9800109863281,44502.42141723633,0.24500492063214913,319.0775482177734,3341.417697143559
2024-09-16,ROIV,3832.0,12.039999961853027,46137.2798538208,0.25400551765011364,11.770000457763672,1034.6380996704102
2024-09-17,HALO,737.0,61.93000030517578,45642.41022491455,0.2522236036248865,52.02000045776367,7303.669887542725
2024-09-17,UTHR,129.0,345.0199890136719,44507.57858276367,0.24595243334968925,319.0775482177734,3346.574862670903
2024-09-17,ROIV,3832.0,12.050000190734863,46175.600730895996,0.2551700569382526,11.770000457763672,1072.9589767456055
2024-09-18,HALO,737.0,62.310001373291016,45922.47101211548,0.254087178392727,52.02000045776367,7583.730674743652
2024-09-18,UTHR,129.0,342.5899963378906,44194.10952758789,0.24452422406628363,319.0775482177734,3033.1058074951216
2024-09-18,ROIV,3832.0,12.0,45984.0,0.2544276157989984,11.770000457763672,881.3582458496094
2024-09-19,HALO,737.0,59.5,43851.5,0.24431843170773435,52.02000045776367,5512.759662628174
2024-09-19,UTHR,129.0,351.3299865722656,45321.568267822266,0.25250891033897027,319.0775482177734,4160.564547729497
2024-09-19,ROIV,3832.0,11.920000076293945,45677.4402923584,0.2544916496961946,11.770000457763672,574.7985382080078
2024-09-20,HALO,737.0,59.2400016784668,43659.88123703003,0.24295923469558492,52.02000045776367,5321.140899658203
2024-09-20,UTHR,129.0,353.0,45537.0,0.2534050564697655,319.0775482177734,4375.996279907231
2024-09-20,ROIV,3832.0,11.970000267028809,45869.041023254395,0.2552528038894036,11.770000457763672,766.3992691040039
2024-09-23,HALO,737.0,58.529998779296875,43136.6091003418,0.2406598909771063,52.02000045776367,4797.868762969971
2024-09-23,UTHR,129.0,355.5899963378906,45871.10952758789,0.2559157163287722,319.0775482177734,4710.105807495122
2024-09-23,ROIV,3832.0,11.899999618530273,45600.79853820801,0.2544076466267065,11.770000457763672,498.1567840576172
2024-09-24,HALO,737.0,56.20000076293945,41419.40056228638,0.23398778521991698,52.02000045776367,3080.660224914551
2024-09-24,UTHR,129.0,357.8699951171875,46165.22937011719,0.2607980711415419,319.0775482177734,5004.225650024418
2024-09-24,ROIV,3832.0,11.6899995803833,44796.07839202881,0.2530634202135832,11.770000457763672,-306.56336212158203
2024-09-25,HALO,737.0,55.869998931884766,41176.18921279907,0.23225312673487558,52.02000045776367,2837.448875427246
2024-09-25,UTHR,129.0,359.510009765625,46376.791259765625,0.26158697499532435,319.0775482177734,5215.787539672856
2024-09-25,ROIV,3832.0,11.770000457763672,45102.64175415039,0.2544001708673977,11.770000457763672,0.0
2024-09-26,HALO,737.0,56.95000076293945,41972.15056228638,0.2370119042599273,52.02000045776367,3633.410224914551
2024-09-26,UTHR,129.0,357.7200012207031,46145.8801574707,0.2605804749900035,319.0775482177734,4984.876437377934
2024-09-26,ROIV,3832.0,11.569999694824219,44336.238830566406,0.25036163866231625,11.770000457763672,-766.4029235839844
2024-09-27,HALO,737.0,56.970001220703125,41986.8908996582,0.2373976387228621,52.02000045776367,3648.150562286377
2024-09-27,UTHR,129.0,358.5299987792969,46250.3698425293,0.26150373022178,319.0775482177734,5089.366122436528
2024-09-27,ROIV,3832.0,11.479999542236328,43991.35824584961,0.24873107648609488,11.770000457763672,-1111.2835083007812
2024-09-30,HALO,737.0,57.2400016784668,42185.88123703003,0.23797687086285055,52.02000045776367,3847.140899658203
2024-09-30,UTHR,129.0,358.3500061035156,46227.150787353516,0.26077427733388364,319.0775482177734,5066.147067260747
2024-09-30,ROIV,3832.0,11.539999961853027,44221.2798538208,0.24945885913899596,11.770000457763672,-881.3619003295898
2024-10-01,AEE,524.0,83.81316375732422,43918.09780883789,0.25031600854662234,83.81316375732422,0.0
2024-10-01,EXP,155.0,281.9232177734375,43698.09875488281,0.24906209984343197,281.9232177734375,0.0
2024-10-01,PEG,507.0,86.59915161132812,43905.76986694336,0.2502457440915891,86.59915161132812,0.0
2024-10-02,AEE,524.0,83.71737670898438,43867.90539550781,0.2504062850493863,83.81316375732422,-50.192413330078125
2024-10-02,EXP,155.0,279.6091613769531,43339.420013427734,0.24738959072499467,281.9232177734375,-358.6787414550781
2024-10-02,PEG,507.0,86.88549041748047,44050.9436416626,0.2514511019110154,86.59915161132812,145.17377471923828
2024-10-03,AEE,524.0,84.3112564086914,44179.0983581543,0.2505833219996513,83.81316375732422,261.00054931640625
2024-10-03,EXP,155.0,283.0354919433594,43870.5012512207,0.2488329628685526,281.9232177734375,172.40249633789062
2024-10-03,PEG,507.0,87.42953491210938,44326.77420043945,0.2514209376259123,86.59915161132812,421.00433349609375
2024-10-04,AEE,524.0,84.04303741455078,44038.55160522461,0.2501730465292312,83.81316375732422,120.45379638671875
2024-10-04,EXP,155.0,280.8406677246094,43530.30349731445,0.24728580403569025,281.9232177734375,-167.79525756835938
2024-10-04,PEG,507.0,87.83995056152344,44534.85493469238,0.2529924334393317,86.59915161132812,629.0850677490234
2024-10-07,AEE,524.0,83.46833801269531,43737.409118652344,0.24987403600089914,83.81316375732422,-180.68869018554688
2024-10-07,EXP,155.0,282.76739501953125,43828.946228027344,0.2503969921481491,281.9232177734375,130.84747314453125
2024-10-07,PEG,507.0,85.88328552246094,43542.825759887695,0.24876237140592433,86.59915161132812,-362.94410705566406
2024-10-08,AEE,524.0,83.09476470947266,43541.65670776367,0.24751421091207712,83.81316375732422,-376.44110107421875
2024-10-08,EXP,155.0,286.541259765625,44413.895263671875,0.2524724843039624,281.9232177734375,715.7965087890625
2024-10-08,PEG,507.0,86.84730529785156,44031.58378601074,0.2502992201043241,86.59915161132812,125.81391906738281
2024-10-09,AEE,524.0,82.7403564453125,43355.94677734375,0.24636428136722135,83.81316375732422,-562.1510314941406
2024-10-09,EXP,155.0,291.1395568847656,45126.63131713867,0.2564259558686437,281.9232177734375,1428.5325622558594
2024-10-09,PEG,507.0,85.9405517578125,43571.85974121094,0.247591177471098,86.59915161132812,-333.9101257324219
2024-10-10,AEE,524.0,82.19437408447266,43069.85202026367,0.24685273189471615,83.81316375732422,-848.2457885742188
2024-10-10,EXP,155.0,287.445068359375,44553.985595703125,0.2553589702588864,281.9232177734375,855.8868408203125
2024-10-10,PEG,507.0,84.66156005859375,42923.41094970703,0.24601341212385913,86.59915161132812,-982.3589172363281
2024-10-11,AEE,524.0,82.80741119384766,43391.08346557617,0.2484051273222493,83.81316375732422,-527.0143432617188
2024-10-11,EXP,155.0,289.9278869628906,44938.82247924805,0.2572656183735453,281.9232177734375,1240.7237243652344
2024-10-11,PEG,507.0,83.66891479492188,42420.13980102539,0.24284667232753104,86.59915161132812,-1485.6300659179688
2024-10-14,AEE,524.0,83.57369995117188,43792.61877441406,0.24790874578089397,83.81316375732422,-125.47903442382812
2024-10-14,EXP,155.0,295.3603820800781,45780.85922241211,0.2591641173382126,281.9232177734375,2082.760467529297
2024-10-14,PEG,507.0,85.10061645507812,43146.01254272461,0.24424832664181528,86.59915161132812,-759.75732421875
2024-10-15,AEE,524.0,84.22505187988281,44133.927185058594,0.2504071212428895,83.81316375732422,215.82937622070312
2024-10-15,EXP,155.0,293.6720886230469,45519.173736572266,0.2582667345449573,281.9232177734375,1821.0749816894531
2024-10-15,PEG,507.0,84.15570068359375,42666.94024658203,0.24208372924959323,86.59915161132812,-1238.8296203613281
2024-10-16,AEE,524.0,84.99134063720703,44535.462493896484,0.24964339256562326,83.81316375732422,617.3646850585938
2024-10-16,EXP,155.0,298.5682678222656,46278.08151245117,0.2594116379004728,281.9232177734375,2579.9827575683594
2024-10-16,PEG,507.0,86.10281372070312,43654.126556396484,0.24470306678686535,86.59915161132812,-251.643310546875
2024-10-17,AEE,524.0,84.58903503417969,44324.654357910156,0.24830159335476062,83.81316375732422,406.5565490722656
2024-10-17,EXP,155.0,302.26275634765625,46850.72723388672,0.2624523617955141,281.9232177734375,3152.6284790039062
2024-10-17,PEG,507.0,85.61602783203125,43407.326110839844,0.24316282648389748,86.59915161132812,-498.4437561035156
2024-10-18,AEE,524.0,85.0967025756836,44590.6721496582,0.24969343801469282,83.81316375732422,672.5743408203125
2024-10-18,EXP,155.0,300.81280517578125,46625.984802246094,0.2610905349670286,281.9232177734375,2927.8860473632812
2024-10-18,PEG,507.0,85.67330932617188,43436.36782836914,0.24322970466861246,86.59915161132812,-469.40203857421875
2024-10-21,AEE,524.0,84.51241302490234,44284.50442504883,0.24936762625456405,83.81316375732422,366.4066162109375
2024-10-21,EXP,155.0,295.0922546386719,45739.29946899414,0.2575596291121222,281.9232177734375,2041.2007141113281
2024-10-21,PEG,507.0,86.06463623046875,43634.770568847656,0.2457089517018809,86.59915161132812,-270.9992980957031
2024-10-22,AEE,524.0,84.06221771240234,44048.60208129883,0.250413917883082,83.81316375732422,130.5042724609375
2024-10-22,EXP,155.0,286.9981689453125,44484.71618652344,0.25289320295850404,281.9232177734375,786.617431640625
2024-10-22,PEG,507.0,85.68284606933594,43441.20295715332,0.2469608867490791,86.59915161132812,-464.56690979003906
2024-10-23,AEE,524.0,85.4415283203125,44771.36083984375,0.25335363744298595,83.81316375732422,853.2630310058594
2024-10-23,EXP,155.0,284.5749206542969,44109.112701416016,0.24960608607056492,281.9232177734375,411.0139465332031
2024-10-23,PEG,507.0,86.59915161132812,43905.76986694336,0.24845540300453298,86.59915161132812,0.0
2024-10-24,AEE,524.0,85.25955200195312,44676.00524902344,0.25247621633107437,83.81316375732422,757.9074401855469
2024-10-24,EXP,155.0,287.4649353027344,44557.06497192383,0.2518040525831275,281.9232177734375,858.9662170410156
2024-10-24,PEG,507.0,86.37006378173828,43789.62233734131,0.24746702621851577,86.59915161132812,-116.14752960205078
2024-10-25,AEE,524.0,84.10053253173828,44068.67904663086,0.25077597416749636,83.81316375732422,150.58123779296875
2024-10-25,EXP,155.0,286.18377685546875,44358.485412597656,0.25242513804800126,281.9232177734375,660.3866577148438
2024-10-25,PEG,507.0,85.54922485351562,43373.45700073242,0.24681976332581404,86.59915161132812,-532.3128662109375
2024-10-28,AEE,524.0,84.40704345703125,44229.290771484375,0.2507220834440016,83.81316375732422,311.1929626464844
2024-10-28,EXP,155.0,287.0577392578125,44493.94958496094,0.25222235188510084,281.9232177734375,795.850830078125
2024-10-28,PEG,507.0,86.30325317382812,43755.74935913086,0.24803772456256018,86.59915161132812,-150.0205078125
2024-10-29,AEE,524.0,82.38595581054688,43170.24084472656,0.24908851670090537,83.81316375732422,-747.8569641113281
2024-10-29,EXP,155.0,280.979736328125,43551.859130859375,0.25129042085938946,281.9232177734375,-146.2396240234375
2024-10-29,PEG,507.0,84.14615631103516,42662.101249694824,0.24615659564772652,86.59915161132812,-1243.6686172485352
2024-10-30,AEE,524.0,82.9606704711914,43471.3913269043,0.2490575228782415,83.81316375732422,-446.70648193359375
2024-10-30,EXP,155.0,286.35260009765625,44384.65301513672,0.2542898075341503,281.9232177734375,686.5542602539062
2024-10-30,PEG,507.0,84.33705139160156,42758.88505554199,0.24497541182625682,86.59915161132812,-1146.8848114013672
2024-10-31,AEE,524.0,83.43959045410156,43722.34539794922,0.25004080634589787,83.81316375732422,-195.75241088867188
2024-10-31,EXP,155.0,283.50225830078125,43942.850036621094,0.25130183562405534,281.9232177734375,244.75128173828125
2024-10-31,PEG,507.0,85.33924102783203,43266.99520111084,0.24743673446112266,86.59915161132812,-638.7746658325195
2024-11-01,AEE,526.0,82.26142883300781,43269.51156616211,0.24995798588489077,83.80726362453214,-813.1091003417969
2024-11-01,CPAY,131.0,329.80999755859375,43205.10968017578,0.2495859510472958,329.80999755859375,0.0
2024-11-01,ORCL,258.0,167.31739807128906,43167.88870239258,0.24937093404565644,167.31739807128906,0.0
2024-11-04,AEE,526.0,82.39552307128906,43340.04513549805,0.2504478891896454,83.80726362453214,-742.5755310058594
2024-11-04,CPAY,131.0,329.6700134277344,43186.7717590332,0.24956217267770875,329.80999755859375,-18.337921142578125
2024-11-04,ORCL,258.0,166.8942108154297,43058.70639038086,0.24882212496532177,167.31739807128906,-109.18231201171875
2024-11-05,AEE,526.0,83.96642303466797,44166.33851623535,0.25298360173480233,83.80726362453214,83.71784973144531
2024-11-05,CPAY,131.0,330.80999755859375,43336.10968017578,0.24822807324259472,329.80999755859375,131.0
2024-11-05,ORCL,258.0,169.04940795898438,43614.74725341797,0.24982410178436623,167.31739807128906,446.8585510253906
2024-11-06,AEE,526.0,84.07179260253906,44221.76290893555,0.24647326847690745,83.80726362453214,139.14224243164062
2024-11-06,CPAY,131.0,348.9700012207031,45715.07015991211,0.2547963269616267,329.80999755859375,2509.960479736328
2024-11-06,ORCL,258.0,178.35902404785156,46016.6282043457,0.2564770830409379,167.31739807128906,2848.739501953125
2024-11-07,AEE,526.0,82.9031982421875,43607.082275390625,0.24255487389723965,83.80726362453214,-475.53839111328125
2024-11-07,CPAY,131.0,346.5,45391.5,0.2524803078769601,329.80999755859375,2186.3903198242188
2024-11-07,ORCL,258.0,183.407470703125,47319.12744140625,0.26320231463766036,167.31739807128906,4151.238739013672
2024-11-08,AEE,526.0,86.38982391357422,45441.04737854004,0.24575568031440426,83.80726362453214,1358.4267120361328
2024-11-08,CPAY,131.0,366.010009765625,47947.311279296875,0.25931013439304873,329.80999755859375,4742.201599121094
2024-11-08,ORCL,258.0,186.24169921875,48050.3583984375,0.25986743701545273,167.31739807128906,4882.469696044922
2024-11-11,AEE,526.0,88.41092681884766,46504.14750671387,0.24885653585007175,83.80726362453214,2421.526840209961
2024-11-11,CPAY,131.0,373.1499938964844,48882.64920043945,0.2615845552579885,329.80999755859375,5677.539520263672
2024-11-11,ORCL,258.0,186.12359619140625,48019.88781738281,0.2569676808378802,167.31739807128906,4851.999114990234
2024-11-12,AEE,526.0,88.15229797363281,46368.10873413086,0.24792629045018857,83.80726362453214,2285.488067626953
2024-11-12,CPAY,131.0,374.4800109863281,49056.881439208984,0.26230292691073614,329.80999755859375,5851.771759033203
2024-11-12,ORCL,258.0,186.56646728515625,48134.14855957031,0.25736915354428347,167.31739807128906,4966.259857177734
2024-11-13,AEE,526.0,87.53925323486328,46045.647201538086,0.2472541830183953,83.80726362453214,1963.0265350341797
2024-11-13,CPAY,131.0,370.7699890136719,48570.868560791016,0.26081402161486156,329.80999755859375,5365.758880615234
2024-11-13,ORCL,258.0,186.6156463623047,48146.83676147461,0.2585370716209804,167.31739807128906,4978.948059082031
2024-11-14,AEE,526.0,85.93962860107422,45204.24464416504,0.24478744792312335,83.80726362453214,1121.6239776611328
2024-11-14,CPAY,131.0,370.2799987792969,48506.67984008789,0.26267060668188386,329.80999755859375,5301.570159912109
2024-11-14,ORCL,258.0,184.07666015625,47491.7783203125,0.25717476984455306,167.31739807128906,4323.889617919922
2024-11-15,AEE,526.0,87.37642669677734,45960.00044250488,0.2502230042173889,83.80726362453214,1877.3797760009766
2024-11-15,CPAY,131.0,363.3599853515625,47600.15808105469,0.2591526205741476,329.80999755859375,4395.048400878906
2024-11-15,ORCL,258.0,180.81927490234375,46651.37292480469,0.25398708815752524,167.31739807128906,3483.4842224121094
2024-11-18,AEE,526.0,88.45880126953125,46529.32946777344,0.25163330911539505,83.80726362453214,2446.7088012695312
2024-11-18,CPAY,131.0,364.57000732421875,47758.670959472656,0.25828165911586914,329.80999755859375,4553.561279296875
2024-11-18,ORCL,258.0,182.77764892578125,47156.63342285156,0.25502580524295715,167.31739807128906,3988.7447204589844
2024-11-19,AEE,526.0,88.23851013183594,46413.4563293457,0.24943753727769188,83.80726362453214,2330.835662841797
2024-11-19,CPAY,131.0,368.19000244140625,48232.89031982422,0.2592156311693407,329.80999755859375,5027.7806396484375
2024-11-19,ORCL,258.0,185.89723205566406,47961.48587036133,0.2577570356922047,167.31739807128906,4793.59716796875
2024-11-20,AEE,526.0,88.35343933105469,46473.909088134766,0.2488693532777939,83.80726362453214,2391.2884216308594
2024-11-20,CPAY,131.0,369.239990234375,48370.438720703125,0.2590253335340354,329.80999755859375,5165.329040527344
2024-11-20,ORCL,258.0,187.71786499023438,48431.20916748047,0.2593507613296443,167.31739807128906,5263.320465087891
2024-11-21,AEE,526.0,90.01055145263672,47345.550064086914,0.2507002863895838,83.80726362453214,3262.929397583008
2024-11-21,CPAY,131.0,375.4599914550781,49185.258880615234,0.2604417621260108,329.80999755859375,5980.149200439453
2024-11-21,ORCL,258.0,189.37115478515625,48857.75793457031,0.2587076058884091,167.31739807128906,5689.869232177734
2024-11-22,AEE,526.0,89.85728454589844,47264.93167114258,0.24966323898871204,83.80726362453214,3182.311004638672
2024-11-22,CPAY,131.0,379.8699951171875,49762.96936035156,0.2628583957053898,329.80999755859375,6557.859680175781
2024-11-22,ORCL,258.0,189.23338317871094,48822.21286010742,0.2578891234215575,167.31739807128906,5654.324157714844
2024-11-25,AEE,526.0,89.5890884399414,47123.86051940918,0.25025858053202155,83.80726362453214,3041.2398529052734
2024-11-25,CPAY,131.0,381.5400085449219,49981.741119384766,0.26543579934212547,329.80999755859375,6776.631439208984
2024-11-25,ORCL,258.0,185.00173950195312,47730.448791503906,0.25347996176582926,167.31739807128906,4562.560089111328
2024-11-26,AEE,526.0,90.29790496826172,47496.698013305664,0.25083229446083294,83.80726362453214,3414.077346801758
2024-11-26,CPAY,131.0,382.1400146484375,50060.34191894531,0.26437101841280075,329.80999755859375,6855.232238769531
2024-11-26,ORCL,258.0,187.34388732910156,48334.7229309082,0.25525794343623553,167.31739807128906,5166.834228515625
2024-11-27,AEE,526.0,90.9780044555664,47854.43034362793,0.2551316505198542,83.80726362453214,3771.8096771240234
2024-11-27,CPAY,131.0,380.6199951171875,49861.21936035156,0.2658306681532339,329.80999755859375,6656.109680175781
2024-11-27,ORCL,258.0,179.79580688476562,46387.31817626953,0.2473098721376203,167.31739807128906,3219.429473876953
2024-11-29,AEE,526.0,90.4128646850586,47557.16682434082,0.25311574233410605,83.80726362453214,3474.546157836914
2024-11-29,CPAY,131.0,381.17999267578125,49934.579040527344,0.2657691550186108,329.80999755859375,6729.4693603515625
2024-11-29,ORCL,258.0,181.90179443359375,46930.66296386719,0.24978127141609074,167.31739807128906,3762.7742614746094
2024-12-02,AEE,1047.0,88.96647644042969,93147.90083312988,0.5004340045121575,86.37455099519367,2713.7459411621094
2024-12-02,ORCL,520.0,178.52633666992188,92833.69506835938,0.4987459444732459,172.9649786729079,2891.9061584472656
2024-12-03,AEE,1047.0,87.93199157714844,92064.79518127441,0.49548219179526193,86.37455099519367,1630.6402893066406
2024-12-03,ORCL,520.0,179.9827880859375,93591.0498046875,0.5036963195143033,172.9649786729079,3649.2608947753906
2024-12-04,AEE,1047.0,88.53544616699219,92696.61213684082,0.4900628536932761,86.37455099519367,2262.457244873047
2024-12-04,ORCL,520.0,185.19854736328125,96303.24462890625,0.5091301806488211,172.9649786729079,6361.455718994141
2024-12-05,AEE,1047.0,88.39176177978516,92546.17458343506,0.492255932301558,86.37455099519367,2112.019691467285
2024-12-05,ORCL,520.0,183.27955627441406,95305.36926269531,0.5069321731656927,172.9649786729079,5363.580352783203
2024-12-06,AEE,1047.0,87.92240905761719,92054.7622833252,0.4837305922214847,86.37455099519367,1620.6073913574219
2024-12-06,ORCL,520.0,188.64291381835938,98094.31518554688,0.5154673153380234,172.9649786729079,8152.526275634766
2024-12-09,AEE,1047.0,87.32852935791016,91432.97023773193,0.483656217004479,86.37455099519367,998.8153457641602
2024-12-09,ORCL,520.0,187.42262268066406,97459.76379394531,0.5155363600697891,172.9649786729079,7517.974884033203
2024-12-10,AEE,1047.0,87.39558410644531,91503.17655944824,0.5010812987584943,86.37455099519367,1069.0216674804688
2024-12-10,ORCL,520.0,174.91465759277344,90955.62194824219,0.49808283044252194,172.9649786729079,1013.8330383300781
2024-12-11,AEE,1047.0,86.70081329345703,90775.75151824951,0.4979091954109487,86.37455099519367,341.5966262817383
2024-12-11,ORCL,520.0,175.74130249023438,91385.47729492188,0.5012535694955105,172.9649786729079,1443.6883850097656
2024-12-12,AEE,1047.0,86.6429214477539,90715.13875579834,0.5023403749341966,86.37455099519367,280.9838638305664
2024-12-12,ORCL,520.0,172.5331268310547,89717.22595214844,0.4968143745464709,172.9649786729079,-224.56295776367188
2024-12-13,AEE,1047.0,86.691162109375,90765.64672851562,0.5052419796356029,86.37455099519367,331.49183654785156
2024-12-13,ORCL,520.0,170.63381958007812,88729.58618164062,0.49390836060198356,172.9649786729079,-1212.2027282714844
2024-12-16,AEE,1047.0,85.62007141113281,89644.21476745605,0.5052624694776766,86.37455099519367,-789.9401245117188
2024-12-16,ORCL,520.0,168.5081329345703,87624.22912597656,0.4938772067903861,172.9649786729079,-2317.559783935547
2024-12-17,AEE,1047.0,85.57182312011719,89593.6988067627,0.5073464402238466,86.37455099519367,-840.4560852050781
2024-12-17,ORCL,520.0,167.01231384277344,86846.40319824219,0.4917892005318932,172.9649786729079,-3095.385711669922
2024-12-18,AEE,1047.0,83.88316345214844,87825.67213439941,0.5087678642324398,86.37455099519367,-2608.4827575683594
2024-12-18,ORCL,520.0,162.78065490722656,84645.94055175781,0.49034790561649694,172.9649786729079,-5295.848358154297
2024-12-19,AEE,1047.0,85.4656753540039,89482.56209564209,0.5083924537763238,86.37455099519367,-951.5927963256836
2024-12-19,ORCL,520.0,166.10691833496094,86375.59753417969,0.4907403291589077,172.9649786729079,-3566.191375732422
2024-12-20,AEE,1047.0,86.16044616699219,90209.98713684082,0.5091332839640762,86.37455099519367,-224.16775512695312
2024-12-20,ORCL,520.0,166.96310424804688,86820.81420898438,0.4900052384178087,172.9649786729079,-3120.9747009277344
2024-12-23,AEE,1047.0,86.54642486572266,90614.10683441162,0.5110160235680978,86.37455099519367,179.95194244384766
2024-12-23,ORCL,520.0,166.4513702392578,86554.71252441406,0.48812316934418876,172.9649786729079,-3387.076385498047
2024-12-24,AEE,1047.0,87.70437622070312,91826.48190307617,0.5110116655305835,86.37455099519367,1392.3270111083984
2024-12-24,ORCL,520.0,168.68528747558594,87716.34948730469,0.488138899768398,172.9649786729079,-2225.439422607422
2024-12-26,AEE,1047.0,87.5113754272461,91624.41007232666,0.5100685432642745,86.37455099519367,1190.2551803588867
2024-12-26,ORCL,520.0,168.95098876953125,87854.51416015625,0.48908171983304266,172.9649786729079,-2087.2747497558594
2024-12-27,AEE,1047.0,86.96135711669922,91048.54090118408,0.5124766601856571,86.37455099519367,614.3860092163086
2024-12-27,ORCL,520.0,166.27423095703125,86462.60009765625,0.48666419132520866,172.9649786729079,-3479.1888122558594
2024-12-30,AEE,1047.0,86.4788818359375,90543.38928222656,0.514130983348247,86.37455099519367,109.23439025878906
2024-12-30,ORCL,520.0,164.25682067871094,85413.54675292969,0.4850022859920196,172.9649786729079,-4528.242156982422
2024-12-31,AEE,1047.0,86.01570129394531,90058.43925476074,0.5131930907438517,86.37455099519367,-375.71563720703125
2024-12-31,ORCL,520.0,163.99111938476562,85275.38208007812,0.4859371010221536,172.9649786729079,-4666.406829833984
2025-01-02,BR,196.0,222.0759735107422,43526.89080810547,0.24978314504051383,222.0759735107422,0.0
2025-01-02,CSCO,765.0,56.99872970581055,43604.02822494507,0.2502258053413251,56.99872970581055,0.0
2025-01-02,TPR,677.0,64.41474914550781,43608.78517150879,0.25025310352530783,64.41474914550781,0.0
2025-01-03,BR,196.0,224.4256591796875,43987.42919921875,0.25050417074440534,222.0759735107422,460.53839111328125
2025-01-03,CSCO,765.0,57.154090881347656,43722.87952423096,0.24899758583685414,56.99872970581055,118.85129928588867
2025-01-03,TPR,677.0,65.53363800048828,44366.27292633057,0.252661649265645,64.41474914550781,757.4877548217773
2025-01-06,BR,196.0,220.71510314941406,43260.160217285156,0.24664722185693347,222.0759735107422,-266.7305908203125
2025-01-06,CSCO,765.0,57.06670379638672,43656.02840423584,0.24890425900248508,56.99872970581055,52.000179290771484
2025-01-06,TPR,677.0,66.40716552734375,44957.65106201172,0.2563254430858067,64.41474914550781,1348.8658905029297
2025-01-07,BR,196.0,221.57666015625,43429.025390625,0.24748530479562295,222.0759735107422,-97.86541748046875
2025-01-07,CSCO,765.0,57.22206497192383,43774.87970352173,0.24945619544472797,56.99872970581055,170.85147857666016
2025-01-07,TPR,677.0,66.11271667480469,44758.30918884277,0.25506038167111794,64.41474914550781,1149.5240173339844
2025-01-08,BR,196.0,224.6802215576172,44037.32342529297,0.24870358772682818,222.0759735107422,510.4326171875
2025-01-08,CSCO,765.0,57.48423767089844,43975.441818237305,0.24835410741122377,56.99872970581055,371.4135932922363
2025-01-08,TPR,677.0,67.26103973388672,45535.72389984131,0.2571658998040812,64.41474914550781,1926.9387283325195
2025-01-10,BR,196.0,216.81851196289062,42496.42834472656,0.24385680107382326,222.0759735107422,-1030.4624633789062
2025-01-10,CSCO,765.0,57.03757858276367,43633.74761581421,0.25038306810495514,56.99872970581055,29.719390869140625
2025-01-10,TPR,677.0,65.90660858154297,44618.77400970459,0.256035434544762,64.41474914550781,1009.9888381958008
2025-01-13,BR,196.0,220.09828186035156,43139.263244628906,0.24699013334592088,222.0759735107422,-387.6275634765625
2025-01-13,CSCO,765.0,57.05699157714844,43648.598556518555,0.24990628877231363,56.99872970581055,44.57033157348633
2025-01-13,TPR,677.0,65.5140151977539,44352.988288879395,0.25393921147052323,64.41474914550781,744.2031173706055
2025-01-14,BR,196.0,222.35987854003906,43582.536193847656,0.24744356882402518,222.0759735107422,55.6453857421875
2025-01-14,CSCO,765.0,57.6104736328125,44072.01232910156,0.2502226113566283,56.99872970581055,467.98410415649414
2025-01-14,TPR,677.0,66.40716552734375,44957.65106201172,0.2552509008482117,64.41474914550781,1348.8658905029297
2025-01-15,BR,196.0,223.30953979492188,43768.66979980469,0.2475693906843607,222.0759735107422,241.77899169921875
2025-01-15,CSCO,765.0,58.241634368896484,44554.85029220581,0.25201627532494775,56.99872970581055,950.8220672607422
2025-01-15,TPR,677.0,66.39735412597656,44951.00874328613,0.254257072379028,64.41474914550781,1342.2235717773438
2025-01-16,BR,196.0,226.1977081298828,44334.75079345703,0.2482954989090386,222.0759735107422,807.8599853515625
2025-01-16,CSCO,765.0,58.086273193359375,44435.99899291992,0.2488625365431599,56.99872970581055,831.9707679748535
2025-01-16,TPR,677.0,68.3406753540039,46266.637214660645,0.2591149733439584,64.41474914550781,2657.8520431518555
2025-01-17,BR,196.0,225.57113647460938,44211.94274902344,0.245748035278603,222.0759735107422,685.0519409179688
2025-01-17,CSCO,765.0,58.48439025878906,44740.55854797363,0.24868629779166818,56.99872970581055,1136.5303230285645
2025-01-17,TPR,677.0,70.0680923461914,47436.09851837158,0.2636692098862712,64.41474914550781,3827.313346862793
2025-01-21,BR,196.0,228.6551055908203,44816.40069580078,0.24506735913182945,222.0759735107422,1289.5098876953125
2025-01-21,CSCO,765.0,59.26120376586914,45334.82088088989,0.24790221118839648,56.99872970581055,1730.7926559448242
2025-01-21,TPR,677.0,72.6788330078125,49203.56994628906,0.2690575048282524,64.41474914550781,5594.784774780273
2025-01-22,BR,196.0,230.0257568359375,45085.04833984375,0.24620981491098815,222.0759735107422,1558.1575317382812
2025-01-22,CSCO,765.0,59.84381103515625,45780.51544189453,0.25000776639995836,56.99872970581055,2176.487216949463
2025-01-22,TPR,677.0,71.98197174072266,48731.79486846924,0.26612472730216963,64.41474914550781,5123.009696960449
2025-01-23,BR,196.0,231.79783630371094,45432.375915527344,0.24678705149288732,222.0759735107422,1905.485107421875
2025-01-23,CSCO,765.0,60.426422119140625,46226.21292114258,0.25109914589767873,56.99872970581055,2622.1846961975098
2025-01-23,TPR,677.0,72.25680541992188,48917.85726928711,0.26572006234680196,64.41474914550781,5309.07209777832
2025-01-24,BR,196.0,232.37548828125,45545.595703125,0.24633478163636627,222.0759735107422,2018.7048950195312
2025-01-24,CSCO,765.0,60.426422119140625,46226.21292114258,0.25001592118872057,56.99872970581055,2622.1846961975098
2025-01-24,TPR,677.0,73.26773071289062,49602.25369262695,0.26827534349729765,64.41474914550781,5993.468521118164
2025-01-27,BR,196.0,234.51956176757812,45965.83410644531,0.25318350404600926,222.0759735107422,2438.9432983398438
2025-01-27,CSCO,765.0,57.36772155761719,43886.30699157715,0.24172930176868818,56.99872970581055,282.2787666320801
2025-01-27,TPR,677.0,71.1673583984375,48180.30163574219,0.2653809689579943,64.41474914550781,4571.516464233398
2025-01-28,BR,196.0,232.9237518310547,45653.05535888672,0.2503606311731172,222.0759735107422,2126.16455078125
2025-01-28,CSCO,765.0,57.70756912231445,44146.29037857056,0.24209755593015705,56.99872970581055,542.2621536254883
2025-01-28,TPR,677.0,72.42366027832031,49030.81800842285,0.2688842279454027,64.41474914550781,5422.0328369140625
2025-01-29,BR,196.0,230.6230010986328,45202.10821533203,0.24783753606023923,222.0759735107422,1675.2174072265625
2025-01-29,CSCO,765.0,57.824100494384766,44235.436878204346,0.24253739737572272,56.99872970581055,631.4086532592773
2025-01-29,TPR,677.0,73.01253509521484,49429.48625946045,0.2710157239770712,64.41474914550781,5820.70108795166
2025-01-30,BR,196.0,234.1083526611328,45885.23712158203,0.24834704720202672,222.0759735107422,2358.3463134765625
2025-01-30,CSCO,765.0,58.71743392944336,44918.83695602417,0.24311654949541336,56.99872970581055,1314.8087310791016
2025-01-30,TPR,677.0,74.50439453125,50439.47509765625,0.2729961854557198,64.41474914550781,6830.689926147461
2025-01-31,BR,196.0,233.2272491455078,45712.54083251953,0.2501877152673638,222.0759735107422,2185.6500244140625
2025-01-31,CSCO,765.0,58.84366226196289,45015.40163040161,0.24637222697848882,56.99872970581055,1411.373405456543
2025-01-31,TPR,677.0,71.58938598632812,48466.01431274414,0.26525765508082966,64.41474914550781,4857.229141235352
2025-02-03,BR,196.0,233.64822387695312,45795.05187988281,0.24986463406170534,222.0759735107422,2268.1610717773438
2025-02-03,TPR,636.0,72.16847229003906,45899.148376464844,0.25043260007457935,64.41474914550781,4931.367919921875
2025-02-03,GOOGL,228.0,200.303955078125,45669.3017578125,0.24917852263821078,200.303955078125,0.0
2025-02-04,BR,196.0,235.5475616455078,46167.32208251953,0.25027727007988076,222.0759735107422,2640.4312744140625
2025-02-04,TPR,636.0,71.60901641845703,45543.33444213867,0.24689457608435358,64.41474914550781,4575.553985595703
2025-02-04,GOOGL,228.0,205.43026733398438,46838.10095214844,0.25391362360322184,200.303955078125,1168.7991943359375
2025-02-05,BR,196.0,235.0580291748047,46071.37371826172,0.2542355362823953,222.0759735107422,2544.48291015625
2025-02-05,TPR,636.0,72.021240234375,45805.5087890625,0.2527684145667072,64.41474914550781,4837.728332519531
2025-02-05,GOOGL,228.0,190.44952392578125,43422.491455078125,0.23961821649402382,200.303955078125,-2246.810302734375
2025-02-06,BR,196.0,234.9993133544922,46059.86541748047,0.24661178728662622,222.0759735107422,2532.974609375
2025-02-06,TPR,636.0,80.67792510986328,51311.16036987305,0.27472804906986814,64.41474914550781,10343.379913330078
2025-02-06,GOOGL,228.0,190.71827697753906,43483.767150878906,0.23281895068160469,200.303955078125,-2185.5346069335938
2025-02-07,BR,196.0,235.38113403320312,46134.70227050781,0.2503391787621401,222.0759735107422,2607.8114624023438
2025-02-07,TPR,636.0,78.89163208007812,50175.07800292969,0.2722633333131832,64.41474914550781,9207.297546386719
2025-02-07,GOOGL,228.0,184.48709106445312,42063.05676269531,0.22824534608365474,200.303955078125,-3606.2449951171875
2025-02-10,BR,196.0,237.26087951660156,46503.132385253906,0.25261984565345275,222.0759735107422,2976.2415771484375
2025-02-10,TPR,636.0,77.58625793457031,49344.86004638672,0.2680570165777098,64.41474914550781,8377.07958984375
2025-02-10,GOOGL,228.0,185.6118927001953,42319.51153564453,0.229893082979805,200.303955078125,-3349.7902221679688
2025-02-11,BR,196.0,236.50704956054688,46355.38171386719,0.2504117250230964,222.0759735107422,2828.4909057617188
2025-02-11,TPR,636.0,79.85347747802734,50786.81167602539,0.27435030518607906,64.41474914550781,9819.031219482422
2025-02-11,GOOGL,228.0,184.46719360351562,42058.52014160156,0.2272000831658876,200.303955078125,-3610.7816162109375
2025-02-12,BR,196.0,237.30006408691406,46510.812561035156,0.24840567528322094,222.0759735107422,2983.9217529296875
2025-02-12,TPR,636.0,83.55366516113281,53140.13104248047,0.2838116431297287,64.41474914550781,12172.3505859375
2025-02-12,GOOGL,228.0,182.76504516601562,41670.43029785156,0.2225540859750963,200.303955078125,-3998.8714599609375
2025-02-13,BR,196.0,237.66229248046875,46581.809326171875,0.24669291499638774,222.0759735107422,3054.9185180664062
2025-02-13,TPR,636.0,85.03571319580078,54082.7135925293,0.2864170039775536,64.41474914550781,13114.933135986328
2025-02-13,GOOGL,228.0,185.28338623046875,42244.612060546875,0.2237235230416995,200.303955078125,-3424.689697265625
2025-02-14,BR,196.0,235.29299926757812,46117.42785644531,0.24424553128818902,222.0759735107422,2590.5370483398438
2025-02-14,TPR,636.0,86.07608032226562,54744.38708496094,0.28993533529740934,64.41474914550781,13776.606628417969
2025-02-14,GOOGL,228.0,184.37759399414062,42038.09143066406,0.22264069036515058,200.303955078125,-3631.2103271484375
2025-02-18,BR,196.0,234.1377410888672,45890.99725341797,0.2427201656655433,222.0759735107422,2364.1064453125
2025-02-18,TPR,636.0,87.35201263427734,55555.88003540039,0.2938382953724786,64.41474914550781,14588.099578857422
2025-02-18,GOOGL,228.0,182.92433166503906,41706.747619628906,0.22058942488667238,200.303955078125,-3962.5541381835938
2025-02-19,BR,196.0,233.92234802246094,45848.780212402344,0.24194752356731522,222.0759735107422,2321.889404296875
2025-02-19,TPR,636.0,87.55812072753906,55686.964782714844,0.293864376800008,64.41474914550781,14719.184326171875
2025-02-19,GOOGL,228.0,184.41741943359375,42047.171630859375,0.22188614401445708,200.303955078125,-3622.130126953125
2025-02-20,BR,196.0,231.3474884033203,45344.10772705078,0.242282474138526,222.0759735107422,1817.2169189453125
2025-02-20,TPR,636.0,84.91793060302734,54007.80386352539,0.2885743043309906,64.41474914550781,13040.023406982422
2025-02-20,GOOGL,228.0,183.71067810058594,41886.034606933594,0.2238053102181937,200.303955078125,-3783.2671508789062
2025-02-21,BR,196.0,230.3978271484375,45157.97412109375,0.2445585818336534,222.0759735107422,1631.0833129882812
2025-02-21,TPR,636.0,83.02366638183594,52803.051818847656,0.2859614435908518,64.41474914550781,11835.271362304688
2025-02-21,GOOGL,228.0,178.83323669433594,40773.977966308594,0.2208165096250235,200.303955078125,-4895.323791503906
2025-02-24,BR,196.0,231.47474670410156,45369.050354003906,0.245710755362128,222.0759735107422,1842.1595458984375
2025-02-24,TPR,636.0,82.82738494873047,52678.21682739258,0.2852959087041216,64.41474914550781,11710.43637084961
2025-02-24,GOOGL,228.0,178.42510986328125,40680.925048828125,0.22032069758091222,200.303955078125,-4988.376708984375
2025-02-25,BR,196.0,231.83700561523438,45440.05310058594,0.2474662754314759,222.0759735107422,1913.1622924804688
2025-02-25,TPR,636.0,82.47405242919922,52453.4973449707,0.2856614536206898,64.41474914550781,11485.716888427734
2025-02-25,GOOGL,228.0,174.6127166748047,39811.69940185547,0.21681429261902976,200.303955078125,-5857.602355957031
2025-02-26,BR,196.0,231.3866424560547,45351.78192138672,0.2458068521225396,222.0759735107422,1824.89111328125
2025-02-26,TPR,636.0,84.95718383789062,54032.76892089844,0.29285783881509114,64.41474914550781,13064.988464355469
2025-02-26,GOOGL,228.0,171.9351043701172,39201.20379638672,0.21247069236015878,200.303955078125,-6468.097961425781
2025-02-27,BR,196.0,232.44400024414062,45559.02404785156,0.24985144577453994,222.0759735107422,2032.1332397460938
2025-02-27,TPR,636.0,82.74885559082031,52628.27215576172,0.2886200958326523,64.41474914550781,11660.49169921875
2025-02-27,GOOGL,228.0,167.72459411621094,38241.207458496094,0.2097196147492966,200.303955078125,-7428.094299316406
2025-02-28,BR,196.0,236.1643524169922,46288.21307373047,0.2513334860052346,222.0759735107422,2761.322265625
2025-02-28,TPR,636.0,83.83830261230469,53321.16046142578,0.289520641362157,64.41474914550781,12353.380004882812
2025-02-28,GOOGL,228.0,169.49639892578125,38645.178955078125,0.20983371141600943,200.303955078125,-7024.122802734375
2025-03-03,GILD,407.0,112.19833374023438,45664.72183227539,0.2500735727159623,112.19833374023438,0.0
2025-03-03,ICE,267.0,170.70867919921875,45579.217346191406,0.24960532476742994,170.70867919921875,0.0
2025-03-03,WH,441.0,103.56806945800781,45673.518630981445,0.2501217465970815,103.56806945800781,0.0
2025-03-04,GILD,407.0,110.98918914794922,45172.59998321533,0.25034665497723607,112.19833374023438,-492.1218490600586
2025-03-04,ICE,267.0,167.40689086914062,44697.63986206055,0.24771442487264028,170.70867919921875,-881.5774841308594
2025-03-04,WH,441.0,101.77384948730469,44882.26762390137,0.24873763236147106,103.56806945800781,-791.2510070800781
2025-03-05,GILD,407.0,111.66631317138672,45448.189460754395,0.25031226268970364,112.19833374023438,-216.5323715209961
2025-03-05,ICE,267.0,169.14157104492188,45160.79946899414,0.24872942209769272,170.70867919921875,-418.4178771972656
2025-03-05,WH,441.0,102.65145874023438,45269.29330444336,0.24932696707718258,103.56806945800781,-404.22532653808594
2025-03-06,GILD,407.0,112.24669647216797,45684.40546417236,0.25494034812502814,112.19833374023438,19.683631896972656
2025-03-06,ICE,267.0,167.2097625732422,44645.006607055664,0.24914001639734704,170.70867919921875,-934.2107391357422
2025-03-06,WH,441.0,97.912353515625,43179.347900390625,0.24096095535642575,103.56806945800781,-2494.1707305908203
2025-03-07,GILD,407.0,113.57190704345703,46223.76616668701,0.25810179840775516,112.19833374023438,559.0443344116211
2025-03-07,ICE,267.0,167.79127502441406,44800.270431518555,0.25015335889835116,170.70867919921875,-778.9469146728516
2025-03-07,WH,441.0,96.09862518310547,42379.49370574951,0.23663635502178432,103.56806945800781,-3294.0249252319336
2025-03-10,GILD,407.0,113.37844848632812,46145.02853393555,0.261345889595713,112.19833374023438,480.30670166015625
2025-03-10,ICE,267.0,166.71694946289062,44513.4255065918,0.2521051813721906,170.70867919921875,-1065.7918395996094
2025-03-10,WH,441.0,91.20348358154297,40220.73625946045,0.22779320832346986,103.56806945800781,-5452.782371520996
2025-03-11,GILD,407.0,110.68932342529297,45050.55463409424,0.2584637672632606,112.19833374023438,-614.1671981811523
2025-03-11,ICE,267.0,165.93829345703125,44305.524353027344,0.2541893840789962,170.70867919921875,-1273.6929931640625
2025-03-11,WH,441.0,89.01920318603516,39257.468605041504,0.22522770943199974,103.56806945800781,-6416.050025939941
2025-03-12,GILD,407.0,110.26371002197266,44877.32997894287,0.2574247855318848,112.19833374023438,-787.3918533325195
2025-03-12,ICE,267.0,166.58883666992188,44479.21939086914,0.2551411484973077,170.70867919921875,-1099.9979553222656
2025-03-12,WH,441.0,89.08747100830078,39287.574714660645,0.22536090047547103,103.56806945800781,-6385.943916320801
2025-03-13,GILD,407.0,109.6446304321289,44625.364585876465,0.2586286255940822,112.19833374023438,-1039.3572463989258
2025-03-13,ICE,267.0,166.7071075439453,44510.7977142334,0.25796464732014246,170.70867919921875,-1068.4196319580078
2025-03-13,WH,441.0,85.53800964355469,37722.26225280762,0.21862133634715145,103.56806945800781,-7951.256378173828
2025-03-14,GILD,407.0,108.55364227294922,44181.33240509033,0.2545123231276734,112.19833374023438,-1483.3894271850586
2025-03-14,ICE,267.0,168.59947204589844,45016.05903625488,0.25932087466990233,170.70867919921875,-563.1583099365234
2025-03-14,WH,441.0,87.77104949951172,38707.03282928467,0.2229769069985163,103.56806945800781,-6966.485801696777
2025-03-17,GILD,407.0,109.35240173339844,44506.427505493164,0.25343911252322127,112.19833374023438,-1158.2943267822266
2025-03-17,ICE,267.0,170.8134765625,45607.1982421875,0.25970738374235947,170.70867919921875,27.98089599609375
2025-03-17,WH,441.0,90.26898956298828,39808.62439727783,0.22668776182431433,103.56806945800781,-5864.894233703613
2025-03-18,GILD,407.0,107.3749771118164,43701.61568450928,0.2515859832023018,112.19833374023438,-1963.1061477661133
2025-03-18,ICE,267.0,170.83323669433594,45612.474197387695,0.2625866112155451,170.70867919921875,33.25685119628906
2025-03-18,WH,441.0,87.7612533569336,38702.712730407715,0.22280778141407073,103.56806945800781,-6970.8059005737305
2025-03-19,GILD,407.0,104.72543334960938,42623.251373291016,0.2456143172456941,112.19833374023438,-3041.470458984375
2025-03-19,ICE,267.0,171.6733856201172,45836.79396057129,0.26413219289066187,170.70867919921875,257.5766143798828
2025-03-19,WH,441.0,89.31879425048828,39389.58826446533,0.22698049811911053,103.56806945800781,-6283.930366516113
2025-03-20,GILD,407.0,103.12791442871094,41973.06117248535,0.24209929709963654,112.19833374023438,-3691.660659790039
2025-03-20,ICE,267.0,173.5513153076172,46338.20118713379,0.2672772874526644,170.70867919921875,758.9838409423828
2025-03-20,WH,441.0,89.27961730957031,39372.31123352051,0.22709825322609462,103.56806945800781,-6301.2073974609375
2025-03-21,GILD,407.0,104.30656433105469,42452.77168273926,0.24494109552872295,112.19833374023438,-3211.950149536133
2025-03-21,ICE,267.0,172.365234375,46021.517578125,0.2655318012619561,170.70867919921875,442.30023193359375
2025-03-21,WH,441.0,88.7898178100586,39156.30965423584,0.2259213946087296,103.56806945800781,-6517.2089767456055
2025-03-24,GILD,407.0,103.97537231445312,42317.97653198242,0.24282979124922732,112.19833374023438,-3346.7453002929688
2025-03-24,ICE,267.0,173.21524047851562,46248.46920776367,0.2653838166111263,170.70867919921875,669.2518615722656
2025-03-24,WH,441.0,90.73918914794922,40015.982414245605,0.22962044626448985,103.56806945800781,-5657.53621673584
2025-03-25,GILD,407.0,105.09558868408203,42773.90459442139,0.24482239536650377,112.19833374023438,-2890.817237854004
2025-03-25,ICE,267.0,173.59085083007812,46348.75717163086,0.2652835615689619,170.70867919921875,769.5398254394531
2025-03-25,WH,441.0,90.48450469970703,39903.6665725708,0.22839418862586588,103.56806945800781,-5769.8520584106445
2025-03-26,GILD,407.0,106.4398422241211,43321.015785217285,0.24737531044677466,112.19833374023438,-2343.7060470581055
2025-03-26,ICE,267.0,173.71932983398438,46383.06106567383,0.26486045912404776,170.70867919921875,803.8437194824219
2025-03-26,WH,441.0,90.09266662597656,39730.865982055664,0.2268745348760737,103.56806945800781,-5942.652648925781
2025-03-27,GILD,407.0,108.28089141845703,44070.32280731201,0.2502213891458266,112.19833374023438,-1594.399024963379
2025-03-27,ICE,267.0,174.31236267089844,46541.40083312988,0.2642516148605628,170.70867919921875,962.1834869384766
2025-03-27,WH,441.0,90.30818176269531,39825.90815734863,0.2261225565943091,103.56806945800781,-5847.6104736328125
2025-03-28,GILD,407.0,108.89457702636719,44320.092849731445,0.2534797174173604,112.19833374023438,-1344.6289825439453
2025-03-28,ICE,267.0,172.68153381347656,46105.96952819824,0.26369367426386014,170.70867919921875,526.7521820068359
2025-03-28,WH,441.0,87.82981872558594,38732.9500579834,0.22152519555242442,103.56806945800781,-6940.568572998047
2025-03-31,GILD,407.0,109.14784240722656,44423.17185974121,0.25423347831143756,112.19833374023438,-1241.5499725341797
2025-03-31,ICE,267.0,170.4971923828125,45522.75036621094,0.26052635783068767,170.70867919921875,-56.46697998046875
2025-03-31,WH,441.0,88.66246795654297,39100.14836883545,0.22376985492364224,103.56806945800781,-6573.370262145996
2025-04-01,AM,2026.0,17.179546356201172,34805.760917663574,0.20017351464872127,17.179546356201172,0.0
2025-04-01,GL,266.0,130.7471160888672,34778.73287963867,0.200018072066147,130.7471160888672,0.0
2025-04-02,AM,2026.0,17.358203887939453,35167.72107696533,0.201542765120929,17.179546356201172,361.9601593017578
2025-04-02,GL,266.0,131.6970672607422,35031.41989135742,0.20076163637572086,130.7471160888672,252.68701171875
2025-04-03,AM,2026.0,16.897451400756836,34234.23653793335,0.1988528990639627,17.179546356201172,-571.5243797302246
2025-04-03,GL,266.0,126.43196868896484,33630.90367126465,0.19534838131300586,130.7471160888672,-1147.8292083740234
2025-04-04,AM,2026.0,15.35533618927002,31109.91111946106,0.18704822072787755,17.179546356201172,-3695.8497982025146
2025-04-04,GL,266.0,116.22895812988281,30916.902862548828,0.18588775932692425,130.7471160888672,-3861.8300170898438
2025-04-07,AM,2026.0,15.186079025268555,30766.99610519409,0.186223851942895,17.179546356201172,-4038.7648124694824
2025-04-07,GL,266.0,113.3634033203125,30154.665283203125,0.18251758812875338,130.7471160888672,-4624.067596435547
2025-04-08,AM,2026.0,14.998017311096191,30385.983072280884,0.18465009170641275,17.179546356201172,-4419.77784538269
2025-04-08,GL,266.0,112.33219146728516,29880.36293029785,0.1815775300794386,130.7471160888672,-4898.36994934082
2025-04-09,AM,2026.0,15.336528778076172,31071.807304382324,0.18527208141143184,17.179546356201172,-3733.95361328125
2025-04-09,GL,266.0,121.59322357177734,32343.797470092773,0.19285658601483188,130.7471160888672,-2434.9354095458984
2025-04-10,AM,2026.0,14.932194709777832,30252.626482009888,0.18243490249802935,17.179546356201172,-4553.1344356536865
2025-04-10,GL,266.0,117.59729766845703,31280.88117980957,0.1886356714014427,130.7471160888672,-3497.8516998291016
2025-04-11,AM,2026.0,15.15787124633789,30709.847145080566,0.18441964344137785,17.179546356201172,-4095.913772583008
2025-04-11,GL,266.0,118.48968505859375,31518.256225585938,0.18927432453689919,130.7471160888672,-3260.4766540527344
2025-04-14,AM,2026.0,15.543399810791016,31490.928016662598,0.18771535636061387,17.179546356201172,-3314.8329010009766
2025-04-14,GL,266.0,120.20506286621094,31974.54672241211,0.19059817574416438,130.7471160888672,-2804.1861572265625
2025-04-15,AM,2026.0,15.731462478637695,31871.94298171997,0.18909331375589544,17.179546356201172,-2933.8179359436035
2025-04-15,GL,266.0,121.75187683105469,32385.999237060547,0.19214316235894568,130.7471160888672,-2392.733642578125
2025-04-16,AM,2026.0,15.853704452514648,32119.605220794678,0.19075101963726532,17.179546356201172,-2686.1556968688965
2025-04-16,GL,266.0,120.19514465332031,31971.908477783203,0.18987388232088567,130.7471160888672,-2806.8244018554688
2025-04-17,AM,2026.0,16.154605865478516,32729.231483459473,0.19366121351764085,17.179546356201172,-2076.5294342041016
2025-04-17,GL,266.0,120.22489166259766,31979.821182250977,0.18922689893778266,130.7471160888672,-2798.9116973876953
2025-04-21,AM,2026.0,15.50578784942627,31414.726182937622,0.18855031381127307,17.179546356201172,-3391.034734725952
2025-04-21,GL,266.0,116.17938232421875,30903.715698242188,0.18548324307861436,130.7471160888672,-3875.0171813964844
2025-04-22,AM,2026.0,15.731462478637695,31871.94298171997,0.1894223293208549,17.179546356201172,-2933.8179359436035
2025-04-22,GL,266.0,120.65126037597656,32093.235260009766,0.19073752051702433,130.7471160888672,-2685.4976196289062
2025-04-23,AM,2026.0,15.888727188110352,32190.561283111572,0.1906233053541496,17.179546356201172,-2615.199634552002
2025-04-23,GL,266.0,121.75187683105469,32385.999237060547,0.1917806330703628,130.7471160888672,-2392.733642578125
2025-04-24,AM,2026.0,16.184200286865234,32789.189781188965,0.19314266462423224,17.179546356201172,-2016.5711364746094
2025-04-24,GL,266.0,122.872314453125,32684.03564453125,0.1925232607815065,130.7471160888672,-2094.697235107422
2025-04-25,AM,2026.0,16.088886260986328,32596.0835647583,0.1925112877781522,17.179546356201172,-2209.6773529052734
2025-04-25,GL,266.0,121.92042541503906,32430.83316040039,0.19153532488108824,130.7471160888672,-2347.8997192382812
2025-04-28,AM,2026.0,16.231857299804688,32885.7428894043,0.19369753780068452,17.179546356201172,-1920.0180282592773
2025-04-28,GL,266.0,122.55502319335938,32599.636169433594,0.19201236476406108,130.7471160888672,-2179.096710205078
2025-04-29,AM,2026.0,16.127012252807617,32673.326824188232,0.1925766502264908,17.179546356201172,-2132.434093475342
2025-04-29,GL,266.0,122.9218978881836,32697.224838256836,0.1927175051667043,130.7471160888672,-2081.508041381836
2025-04-30,AM,2026.0,15.774352073669434,31958.837301254272,0.1893482746200674,17.179546356201172,-2846.9236164093018
2025-04-30,GL,266.0,122.2972183227539,32531.06007385254,0.19273855423720293,130.7471160888672,-2247.672805786133
2025-05-01,RGLD,190.0,176.53494262695312,33541.639099121094,0.20013840851895576,176.53494262695312,0.0
2025-05-01,RSG,136.0,246.7020263671875,33551.4755859375,0.20019710150086506,246.7020263671875,0.0
2025-05-02,RGLD,190.0,174.9785614013672,33245.926666259766,0.19854736363216396,176.53494262695312,-295.7124328613281
2025-05-02,RSG,136.0,247.7999725341797,33700.79626464844,0.20126388167249726,246.7020263671875,149.3206787109375
2025-05-05,RGLD,190.0,177.68487548828125,33760.12634277344,0.20096715981150143,176.53494262695312,218.48724365234375
2025-05-05,RSG,136.0,248.00770568847656,33729.04797363281,0.20078215660640822,246.7020263671875,177.5723876953125
2025-05-06,RGLD,190.0,182.9290008544922,34756.510162353516,0.20565885129447392,176.53494262695312,1214.8710632324219
2025-05-06,RSG,136.0,248.1263885498047,33745.18884277344,0.19967472976147457,246.7020263671875,193.7132568359375
2025-05-07,RGLD,190.0,181.06527709960938,34402.40264892578,0.20383488602560135,176.53494262695312,860.7635498046875
2025-05-07,RSG,136.0,249.07595825195312,33874.330322265625,0.20070604750764953,246.7020263671875,322.854736328125
2025-05-08,RGLD,190.0,177.1693878173828,33662.183685302734,0.20072619688691734,176.53494262695312,120.54458618164062
2025-05-08,RSG,136.0,246.6228790283203,33540.71154785156,0.200001863599266,246.7020263671875,-10.7640380859375
2025-05-09,RGLD,190.0,182.81002807617188,34733.905334472656,0.20592472396501307,176.53494262695312,1192.2662353515625
2025-05-09,RSG,136.0,245.88104248046875,33439.82177734375,0.19825257202231308,246.7020263671875,-111.65380859375
2025-05-12,RGLD,190.0,169.38751220703125,32183.627319335938,0.19485773552467536,176.53494262695312,-1358.0117797851562
2025-05-12,RSG,136.0,238.8383331298828,32482.013305664062,0.19666433168710554,246.7020263671875,-1069.4622802734375
2025-05-13,RGLD,190.0,167.7914581298828,31880.377044677734,0.19392582524720536,176.53494262695312,-1661.2620544433594
2025-05-13,RSG,136.0,235.40602111816406,32015.218872070312,0.19474605747401688,246.7020263671875,-1536.2567138671875
2025-05-14,RGLD,190.0,164.19296264648438,31196.66290283203,0.1905468523445555,176.53494262695312,-2344.9761962890625
2025-05-14,RSG,136.0,235.4851531982422,32025.980834960938,0.19561226341279234,246.7020263671875,-1525.4947509765625
2025-05-15,RGLD,190.0,167.82119750976562,31886.02752685547,0.19285362497439226,176.53494262695312,-1655.611572265625
2025-05-15,RSG,136.0,242.3003387451172,32952.84606933594,0.19930597539446185,246.7020263671875,-598.6295166015625
2025-05-16,RGLD,190.0,169.65516662597656,32234.481658935547,0.19410513068282914,176.53494262695312,-1307.1574401855469
2025-05-16,RSG,136.0,245.099609375,33333.546875,0.20072332915893232,246.7020263671875,-217.9287109375
2025-05-19,RGLD,190.0,171.59815979003906,32603.650360107422,0.19548502525465222,176.53494262695312,-937.9887390136719
2025-05-19,RSG,136.0,247.65158081054688,33680.614990234375,0.20194229171388073,246.7020263671875,129.139404296875
2025-05-20,RGLD,190.0,176.0194549560547,33443.69644165039,0.1992258658548845,176.53494262695312,-97.94265747070312
2025-05-20,RSG,136.0,249.4518280029297,33925.44860839844,0.20209568895339572,246.7020263671875,373.9730224609375
2025-05-21,RGLD,190.0,178.14088439941406,33846.76803588867,0.20114401395986667,176.53494262695312,305.1289367675781
2025-05-21,RSG,136.0,249.4518280029297,33925.44860839844,0.2016115955664323,246.7020263671875,373.9730224609375
2025-05-22,RGLD,190.0,175.1966552734375,33287.364501953125,0.19866905675967375,176.53494262695312,-254.27459716796875
2025-05-22,RSG,136.0,248.27476501464844,33765.36804199219,0.20152192642503203,246.7020263671875,213.8924560546875
2025-05-23,RGLD,190.0,179.02316284179688,34014.400939941406,0.20183104698764837,176.53494262695312,472.7618408203125
2025-05-23,RSG,136.0,250.11456298828125,34015.58056640625,0.20183804653013257,246.7020263671875,464.10498046875
2025-05-27,RGLD,190.0,177.12973022460938,33654.64874267578,0.19979594511033408,176.53494262695312,113.0096435546875
2025-05-27,RSG,136.0,252.14231872558594,34291.35534667969,0.20357585078332485,246.7020263671875,739.8797607421875
2025-05-28,RGLD,190.0,176.9314727783203,33616.97982788086,0.19974939358317767,176.53494262695312,75.34072875976562
2025-05-28,RSG,136.0,251.32131958007812,34179.699462890625,0.20309302844942834,246.7020263671875,628.223876953125
2025-05-29,RGLD,190.0,177.84349060058594,33790.26321411133,0.20051487201416598,176.53494262695312,248.62411499023438
2025-05-29,RSG,136.0,251.6774139404297,34228.12829589844,0.20311320811701553,246.7020263671875,676.6527099609375
2025-05-30,RGLD,190.0,176.57460021972656,33549.17404174805,0.1989162535611887,176.53494262695312,7.534942626953125
2025-05-30,RSG,136.0,254.4964599609375,34611.5185546875,0.2052149955284944,246.7020263671875,1060.04296875
2025-06-02,CEG,136.0,311.7908935546875,42403.5615234375,0.2495914551335708,311.7908935546875,0.0
2025-06-02,MELI,16.0,2593.43994140625,41495.0390625,0.2442438042547269,2593.43994140625,0.0
2025-06-02,THC,250.0,170.1199951171875,42529.998779296875,0.25033567702294196,170.1199951171875,0.0
2025-06-03,CEG,136.0,311.3929748535156,42349.444580078125,0.2485166471010499,311.7908935546875,-54.116943359375
2025-06-03,MELI,16.0,2602.260009765625,41636.16015625,0.24433092388326402,2593.43994140625,141.12109375
2025-06-03,THC,250.0,171.83999633789062,42959.999084472656,0.25209952663604973,170.1199951171875,430.00030517578125
2025-06-04,CEG,136.0,297.9735107421875,40524.3974609375,0.24172955384802122,311.7908935546875,-1879.1640625
2025-06-04,MELI,16.0,2573.9599609375,41183.359375,0.24566028643060214,2593.43994140625,-311.6796875
2025-06-04,THC,250.0,169.88999938964844,42472.49984741211,0.2533500577971965,170.1199951171875,-57.498931884765625
2025-06-05,CEG,136.0,288.36407470703125,39217.51416015625,0.23490766773862012,311.7908935546875,-3186.04736328125
2025-06-05,MELI,16.0,2581.739990234375,41307.83984375,0.2474284391761433,2593.43994140625,-187.19921875
2025-06-05,THC,250.0,171.83999633789062,42959.999084472656,0.2573246521891871,170.1199951171875,430.00030517578125
2025-06-06,CEG,136.0,297.2373962402344,40424.285888671875,0.2428310810960745,311.7908935546875,-1979.275634765625
2025-06-06,MELI,16.0,2482.389892578125,39718.23828125,0.23858981127407386,2593.43994140625,-1776.80078125
2025-06-06,THC,250.0,171.4600067138672,42865.0016784668,0.25749260549545167,170.1199951171875,335.0028991699219
2025-06-09,CEG,136.0,298.0928955078125,40540.6337890625,0.24610499502444574,311.7908935546875,-1862.927734375
2025-06-09,MELI,16.0,2448.60009765625,39177.6015625,0.2378306044196589,2593.43994140625,-2317.4375
2025-06-09,THC,250.0,166.19000244140625,41547.50061035156,0.25221725649852456,170.1199951171875,-982.4981689453125
2025-06-10,CEG,136.0,289.4980773925781,39371.738525390625,0.2455851769449703,311.7908935546875,-3031.822998046875
2025-06-10,MELI,16.0,2396.43994140625,38343.0390625,0.23916856063390066,2593.43994140625,-3152.0
2025-06-10,THC,250.0,156.55999755859375,39139.99938964844,0.24413968078991438,170.1199951171875,-3389.9993896484375
2025-06-11,CEG,136.0,290.66192626953125,39530.02197265625,0.2447106567706142,311.7908935546875,-2873.53955078125
2025-06-11,MELI,16.0,2387.0,38192.0,0.23642762986188362,2593.43994140625,-3303.0390625
2025-06-11,THC,250.0,161.41000366210938,40352.500915527344,0.24980221382639345,170.1199951171875,-2177.4978637695312
2025-06-12,CEG,136.0,298.80914306640625,40638.04345703125,0.24872194953180188,311.7908935546875,-1765.51806640625
2025-06-12,MELI,16.0,2368.820068359375,37901.12109375,0.23197083141677072,2593.43994140625,-3593.91796875
2025-06-12,THC,250.0,165.5399932861328,41384.9983215332,0.2532936280454987,170.1199951171875,-1145.0004577636719
2025-06-13,CEG,136.0,295.3373718261719,40165.882568359375,0.24691127739155241,311.7908935546875,-2237.678955078125
2025-06-13,MELI,16.0,2371.97998046875,37951.6796875,0.2332999329679217,2593.43994140625,-3543.359375
2025-06-13,THC,250.0,164.3699951171875,41092.498779296875,0.25260745478551133,170.1199951171875,-1437.5
2025-06-16,CEG,136.0,306.39923095703125,41670.29541015625,0.2518303107402607,311.7908935546875,-733.26611328125
2025-06-16,MELI,16.0,2454.760009765625,39276.16015625,0.2373615910201102,2593.43994140625,-2218.87890625
2025-06-16,THC,250.0,164.24000549316406,41060.001373291016,0.24814205906280218,170.1199951171875,-1469.9974060058594
2025-06-17,CEG,136.0,304.101318359375,41357.779296875,0.2507782303632364,311.7908935546875,-1045.7822265625
2025-06-17,MELI,16.0,2389.47998046875,38231.6796875,0.23182272208144858,2593.43994140625,-3263.359375
2025-06-17,THC,250.0,167.4600067138672,41865.0016784668,0.25385383871113987,170.1199951171875,-664.9971008300781
2025-06-18,CEG,136.0,304.8274841308594,41456.537841796875,0.2508582484758014,311.7908935546875,-947.023681640625
2025-06-18,MELI,16.0,2402.75,38444.0,0.2326290376974158,2593.43994140625,-3051.0390625
2025-06-18,THC,250.0,167.5800018310547,41895.00045776367,0.25351143587614083,170.1199951171875,-634.9983215332031
2025-06-20,CEG,136.0,303.3254089355469,41252.255615234375,0.24974274382190606,311.7908935546875,-1151.305908203125
2025-06-20,MELI,16.0,2403.81005859375,38460.9609375,0.2328441383702462,2593.43994140625,-3034.078125
2025-06-20,THC,250.0,168.00999450683594,42002.498626708984,0.2542847438998287,170.1199951171875,-527.5001525878906
2025-06-23,CEG,136.0,313.5615539550781,42644.371337890625,0.25438991844298864,311.7908935546875,240.809814453125
2025-06-23,MELI,16.0,2452.889892578125,39246.23828125,0.23411876039758572,2593.43994140625,-2248.80078125
2025-06-23,THC,250.0,169.1199951171875,42279.998779296875,0.2522162973400046,170.1199951171875,-250.0
2025-06-24,CEG,136.0,318.98309326171875,43381.70068359375,0.2549043082545778,311.7908935546875,978.13916015625
2025-06-24,MELI,16.0,2528.949951171875,40463.19921875,0.2377556353046187,2593.43994140625,-1031.83984375
2025-06-24,THC,250.0,171.52000427246094,42880.001068115234,0.2519563972363382,170.1199951171875,350.0022888183594
2025-06-25,CEG,136.0,313.491943359375,42634.904296875,0.2522795054999512,311.7908935546875,231.3427734375
2025-06-25,MELI,16.0,2540.5,40648.0,0.24052258375336966,2593.43994140625,-847.0390625
2025-06-25,THC,250.0,169.00999450683594,42252.498626708984,0.25001673242796074,170.1199951171875,-277.5001525878906
2025-06-26,CEG,136.0,320.82342529296875,43631.98583984375,0.2548620154992343,311.7908935546875,1228.42431640625
2025-06-26,MELI,16.0,2560.199951171875,40963.19921875,0.23927316882867491,2593.43994140625,-531.83984375
2025-06-26,THC,250.0,172.55999755859375,43139.99938964844,0.2519882371029142,170.1199951171875,610.0006103515625
2025-06-27,CEG,136.0,318.4956359863281,43315.406494140625,0.25308891927078137,311.7908935546875,911.844970703125
2025-06-27,MELI,16.0,2560.050048828125,40960.80078125,0.23933112121652764,2593.43994140625,-534.23828125
2025-06-27,THC,250.0,173.6300048828125,43407.501220703125,0.25362702237779927,170.1199951171875,877.50244140625
2025-06-30,CEG,136.0,321.0721130371094,43665.807373046875,0.25248061804551053,311.7908935546875,1262.245849609375
2025-06-30,MELI,16.0,2613.6298828125,41818.078125,0.24179683935015533,2593.43994140625,323.0390625
2025-06-30,THC,250.0,176.0,44000.0,0.25441295746794523,170.1199951171875,1470.001220703125
2025-07-01,CEG,276.0,306.30975341796875,84541.49194335938,0.49967385300454087,309.0106050795403,-745.43505859375
2025-07-01,THC,477.0,177.42999267578125,84634.10650634766,0.5002212419193673,173.59875705806965,1827.4993896484375
2025-07-02,CEG,276.0,305.02642822265625,84187.29418945312,0.5060732070174203,309.0106050795403,-1099.6328125
2025-07-02,THC,477.0,172.22000122070312,82148.94058227539,0.4938200973652847,173.59875705806965,-657.6665344238281
2025-07-03,CEG,276.0,310.2490234375,85628.73046875,0.5113629030672917,309.0106050795403,341.803466796875
2025-07-03,THC,477.0,171.5,81805.5,0.4885311009269013,173.59875705806965,-1001.1071166992188
2025-07-07,CEG,276.0,316.585693359375,87377.6513671875,0.5141091810173942,309.0106050795403,2090.724365234375
2025-07-07,THC,477.0,173.08999633789062,82563.92825317383,0.4857863866979373,173.59875705806965,-242.67886352539062
2025-07-08,CEG,276.0,311.2039794921875,85892.29833984375,0.5108377474565089,309.0106050795403,605.371337890625
2025-07-08,THC,477.0,172.38999938964844,82230.0297088623,0.4890566903164491,173.59875705806965,-576.5774078369141
2025-07-09,CEG,276.0,315.45166015625,87064.658203125,0.5156630699664366,309.0106050795403,1777.731201171875
2025-07-09,THC,477.0,171.39999389648438,81757.79708862305,0.48423180553988704,173.59875705806965,-1048.8100280761719
2025-07-10,CEG,276.0,311.97991943359375,86106.45776367188,0.5096262021256399,309.0106050795403,819.53076171875
2025-07-10,THC,477.0,173.66000366210938,82835.82174682617,0.4902687479335848,173.59875705806965,29.214630126953125
2025-07-11,CEG,276.0,319.85845947265625,88280.93481445312,0.5128693390540503,309.0106050795403,2994.0078125
2025-07-11,THC,477.0,175.75,83832.75,0.48702754647931484,173.59875705806965,1026.1428833007812
2025-07-14,CEG,276.0,324.2851867675781,89502.71154785156,0.5134908598944888,309.0106050795403,4215.7845458984375
2025-07-14,THC,477.0,177.74000549316406,84781.98262023926,0.48640730997240134,173.59875705806965,1975.375503540039
2025-07-15,CEG,276.0,316.3270263671875,87306.25927734375,0.5143526825393996,309.0106050795403,2019.332275390625
2025-07-15,THC,477.0,172.77999877929688,82416.05941772461,0.48554275027602495,173.59875705806965,-390.5476989746094
2025-07-16,CEG,276.0,306.5882263183594,84618.35046386719,0.5056577509952902,309.0106050795403,-668.5765380859375
2025-07-16,THC,477.0,173.38999938964844,82707.0297088623,0.49423618405256087,173.59875705806965,-99.57740783691406
2025-07-17,CEG,276.0,306.4688415527344,84585.40026855469,0.503050556812647,309.0106050795403,-701.5267333984375
2025-07-17,THC,477.0,175.13999938964844,83541.7797088623,0.4968438840063761,173.59875705806965,735.1725921630859
2025-07-18,CEG,276.0,319.7391357421875,88248.00146484375,0.5137586619808957,309.0106050795403,2961.074462890625
2025-07-18,THC,477.0,175.05999755859375,83503.61883544922,0.48613800620237163,173.59875705806965,697.01171875
2025-07-21,CEG,276.0,316.2176208496094,87276.06335449219,0.5115774442089007,309.0106050795403,1989.1363525390625
2025-07-21,THC,477.0,174.64999389648438,83308.04708862305,0.48831851682548316,173.59875705806965,501.4399719238281
2025-07-22,CEG,276.0,316.12811279296875,87251.35913085938,0.5396986870235823,309.0106050795403,1964.43212890625
2025-07-22,THC,477.0,155.97000122070312,74397.69058227539,0.4601915239465827,173.59875705806965,-8408.916534423828
2025-07-23,CEG,276.0,322.0072021484375,88873.98779296875,0.5405775996686576,309.0106050795403,3587.060791015625
2025-07-23,THC,477.0,158.30999755859375,75513.86883544922,0.459314440259544,173.59875705806965,-7292.73828125
2025-07-24,CEG,276.0,319.9878234863281,88316.63928222656,0.5550607941601072,309.0106050795403,3029.7122802734375
2025-07-24,THC,477.0,148.3800048828125,70777.26232910156,0.4448276537258984,173.59875705806965,-12029.344787597656
2025-07-25,CEG,276.0,325.6380920410156,89876.11340332031,0.5517785056133612,309.0106050795403,4589.1864013671875
2025-07-25,THC,477.0,153.02000427246094,72990.54203796387,0.4481125260600004,173.59875705806965,-9816.065078735352
2025-07-28,CEG,276.0,326.94122314453125,90235.77758789062,0.5471701219487668,309.0106050795403,4948.8505859375
2025-07-28,THC,477.0,156.52000427246094,74660.04203796387,0.4527222505155752,173.59875705806965,-8146.565078735352
2025-07-29,CEG,276.0,328.7915344238281,90746.46350097656,0.5492966678667585,309.0106050795403,5459.5364990234375
2025-07-29,THC,477.0,156.05999755859375,74440.61883544922,0.45059589434922365,173.59875705806965,-8365.98828125
2025-07-30,CEG,276.0,343.4643859863281,94796.17053222656,0.5525590305717699,309.0106050795403,9509.243530273438
2025-07-30,THC,477.0,160.88999938964844,76744.5297088623,0.447337510571687,173.59875705806965,-6062.077407836914
2025-07-31,CEG,276.0,346.0209655761719,95501.78649902344,0.553793759357778,309.0106050795403,10214.859497070312
2025-07-31,THC,477.0,161.27999877929688,76930.55941772461,0.44610331671517234,173.59875705806965,-5876.047698974609
2025-08-01,PDD,765.0,110.05999755859375,84195.89813232422,0.5007352046124115,110.05999755859375,0.0
2025-08-01,TNL,1474.0,56.951141357421875,83945.98236083984,0.49924888962859343,56.951141357421875,0.0
2025-08-04,PDD,765.0,112.04000091552734,85710.60070037842,0.5009490623726643,110.05999755859375,1514.7025680541992
2025-08-04,TNL,1474.0,57.92616271972656,85383.16384887695,0.4990353062864211,56.951141357421875,1437.1814880371094
2025-08-05,PDD,765.0,112.62000274658203,86154.30210113525,0.502618890365252,110.05999755859375,1958.4039688110352
2025-08-05,TNL,1474.0,57.838409423828125,85253.81549072266,0.49736550696040416,56.951141357421875,1307.8331298828125
2025-08-06,PDD,765.0,113.94000244140625,87164.10186767578,0.5047745019330473,110.05999755859375,2968.2037353515625
2025-08-06,TNL,1474.0,58.013916015625,85512.51220703125,0.49521001000935116,56.951141357421875,1566.5298461914062
2025-08-07,PDD,765.0,114.19000244140625,87355.35186767578,0.50705070031963,110.05999755859375,3159.4537353515625
2025-08-07,TNL,1474.0,57.614158630371094,84923.26982116699,0.49293377584332443,56.951141357421875,977.2874603271484
2025-08-08,PDD,765.0,114.26000213623047,87408.90163421631,0.5080937077374426,110.05999755859375,3213.00350189209
2025-08-08,TNL,1474.0,57.409400939941406,84621.45698547363,0.49189074602286414,56.951141357421875,675.4746246337891
2025-08-11,PDD,765.0,113.04000091552734,86475.60070037842,0.5091741572137748,110.05999755859375,2279.702568054199
2025-08-11,TNL,1474.0,56.55138397216797,83356.73997497559,0.4908100953458915,56.951141357421875,-589.2423858642578
2025-08-12,PDD,765.0,116.43000030517578,89068.95023345947,0.5060535918172615,110.05999755859375,4873.052101135254
2025-08-12,TNL,1474.0,58.979190826416016,86935.3272781372,0.49393121294904196,56.951141357421875,2989.3449172973633
2025-08-13,PDD,765.0,116.62999725341797,89221.94789886475,0.5020589152817535,110.05999755859375,5026.049766540527
2025-08-13,TNL,1474.0,60.0322151184082,88487.48508453369,0.49792603528348434,56.951141357421875,4541.502723693848
2025-08-14,PDD,765.0,114.73999786376953,87776.09836578369,0.5014497596024534,110.05999755859375,3580.2002334594727
2025-08-14,TNL,1474.0,59.20344543457031,87265.87857055664,0.4985349616286949,56.951141357421875,3319.896209716797
2025-08-15,PDD,765.0,118.94999694824219,90996.74766540527,0.5129380895715926,110.05999755859375,6800.849533081055
2025-08-15,TNL,1474.0,58.61842727661133,86403.5618057251,0.48704683477010585,56.951141357421875,2457.579444885254
2025-08-18,PDD,765.0,118.33999633789062,90530.09719848633,0.5121527087760294,110.05999755859375,6334.199066162109
2025-08-18,TNL,1474.0,58.501426696777344,86231.1029510498,0.4878321610579606,56.951141357421875,2285.120590209961
2025-08-19,PDD,765.0,119.06999969482422,91088.54976654053,0.5116984293665006,110.05999755859375,6892.651634216309
2025-08-19,TNL,1474.0,58.96943664550781,86920.94961547852,0.488286546566832,56.951141357421875,2974.967254638672
2025-08-20,PDD,765.0,118.0,90270.0,0.5167778159252581,110.05999755859375,6074.101867675781
2025-08-20,TNL,1474.0,57.263145446777344,84405.8763885498,0.4832068732838382,56.951141357421875,459.89402770996094
2025-08-21,PDD,765.0,122.95999908447266,94064.39929962158,0.524811428288962,110.05999755859375,9868.501167297363
2025-08-21,TNL,1474.0,57.779911041259766,85167.5888748169,0.4751736501175911,56.951141357421875,1221.6065139770508
2025-08-22,PDD,765.0,127.11000061035156,97239.15046691895,0.5198522313287948,110.05999755859375,13043.252334594727
2025-08-22,TNL,1474.0,60.929237365722656,89809.6958770752,0.4801334706491633,56.951141357421875,5863.713516235352
2025-08-25,PDD,765.0,128.2100067138672,98080.6551361084,0.5238860068835407,110.05999755859375,13884.75700378418
2025-08-25,TNL,1474.0,60.470977783203125,89134.2212524414,0.476099707774325,56.951141357421875,5188.2388916015625
2025-08-26,PDD,765.0,123.91000366210938,94791.15280151367,0.5167436784356173,110.05999755859375,10595.254669189453
2025-08-26,TNL,1474.0,60.139469146728516,88645.57752227783,0.4832417419991547,56.951141357421875,4699.595161437988
2025-08-27,PDD,765.0,122.22000122070312,93498.30093383789,0.511336665287299,110.05999755859375,9302.402801513672
2025-08-27,TNL,1474.0,60.617225646972656,89349.7906036377,0.4886487082124901,56.951141357421875,5403.808242797852
2025-08-28,PDD,765.0,122.22000122070312,93498.30093383789,0.5092951248314742,110.05999755859375,9302.402801513672
2025-08-28,TNL,1474.0,61.1144905090332,90082.75901031494,0.49069030706544137,56.951141357421875,6136.776649475098
2025-08-29,PDD,765.0,120.22000122070312,91968.30093383789,0.5030663728007246,110.05999755859375,7772.402801513672
2025-08-29,TNL,1474.0,61.63125228881836,90844.46587371826,0.4969189978728417,56.951141357421875,6898.483512878418
2025-09-02,PDD,750.0,121.69000244140625,91267.50183105469,0.5007086054002834,110.05999755859375,8722.503662109375
2025-09-02,SSD,486.0,187.17868041992188,90968.83868408203,0.4990700899944168,187.17868041992188,0.0
2025-09-03,PDD,750.0,124.38999938964844,93292.49954223633,0.5068593049272494,110.05999755859375,10747.501373291016
2025-09-03,SSD,486.0,186.68130493164062,90727.11419677734,0.4929215345871889,187.17868041992188,-241.7244873046875
2025-09-04,PDD,750.0,123.87000274658203,92902.50205993652,0.4989433943190729,110.05999755859375,10357.503890991211
2025-09-04,SSD,486.0,191.884033203125,93255.64013671875,0.5008399622993341,187.17868041992188,2286.8014526367188
2025-09-05,PDD,750.0,124.68000030517578,93510.00022888184,0.4967035223549297,110.05999755859375,10965.002059936523
2025-09-05,SSD,486.0,194.87831115722656,94710.85922241211,0.5030822079551662,187.17868041992188,3742.020538330078
2025-09-08,PDD,750.0,125.02999877929688,93772.49908447266,0.49772341753232047,110.05999755859375,11227.500915527344
2025-09-08,SSD,486.0,194.62960815429688,94589.98956298828,0.5020624738520246,187.17868041992188,3621.15087890625
2025-09-09,PDD,750.0,126.05999755859375,94544.99816894531,0.5067024444081554,110.05999755859375,12000.0
2025-09-09,SSD,486.0,189.30752563476562,92003.4574584961,0.4930813653929943,187.17868041992188,1034.6187744140625
2025-09-10,PDD,750.0,124.68000030517578,93510.00022888184,0.5024975876037987,110.05999755859375,10965.002059936523
2025-09-10,SSD,486.0,190.4117431640625,92540.10717773438,0.49728564324231467,187.17868041992188,1571.2684936523438
2025-09-11,PDD,750.0,125.72000122070312,94290.00091552734,0.5013702759585688,110.05999755859375,11745.002746582031
2025-09-11,SSD,486.0,192.8688507080078,93734.2614440918,0.4984152303604218,187.17868041992188,2765.4227600097656
2025-09-12,PDD,750.0,125.44000244140625,94080.00183105469,0.5075133794770439,110.05999755859375,11535.003662109375
2025-09-12,SSD,486.0,187.76560974121094,91254.08633422852,0.49226901408591367,187.17868041992188,285.2476501464844
2025-09-15,PDD,750.0,127.38999938964844,95542.49954223633,0.5118982503280933,110.05999755859375,12997.501373291016
2025-09-15,SSD,486.0,187.36769104003906,91060.69784545898,0.4878856228807279,187.17868041992188,91.85916137695312
2025-09-16,PDD,750.0,129.05999755859375,96794.99816894531,0.5171077819733795,110.05999755859375,14250.0
2025-09-16,SSD,486.0,185.90536499023438,90350.0073852539,0.4826767168146554,187.17868041992188,-618.831298828125
2025-09-17,PDD,750.0,134.86000061035156,101145.00045776367,0.5342102223953488,110.05999755859375,18600.00228881836
2025-09-17,SSD,486.0,181.37908935546875,88150.23742675781,0.46557672378097753,187.17868041992188,-2818.6012573242188
2025-09-18,PDD,750.0,132.9600067138672,99720.00503540039,0.5281775596256607,110.05999755859375,17175.006866455078
2025-09-18,SSD,486.0,183.20948791503906,89039.81112670898,0.4716087823475316,187.17868041992188,-1929.0275573730469
2025-09-19,PDD,750.0,129.47000122070312,97102.50091552734,0.5246779335996672,110.05999755859375,14557.502746582031
2025-09-19,SSD,486.0,180.92147827148438,87927.8384399414,0.4751041028148919,187.17868041992188,-3041.000244140625
2025-09-22,PDD,750.0,128.57000732421875,96427.50549316406,0.5251409425174156,110.05999755859375,13882.50732421875
2025-09-22,SSD,486.0,179.329833984375,87154.29931640625,0.47463937445428506,187.17868041992188,-3814.5393676757812
2025-09-23,PDD,750.0,128.52000427246094,96390.0032043457,0.5262774272606376,110.05999755859375,13845.00503540039
2025-09-23,SSD,486.0,178.44447326660156,86724.01400756836,0.4735023286269678,187.17868041992188,-4244.824676513672
2025-09-24,PDD,750.0,130.9600067138672,98220.00503540039,0.5349343652968724,110.05999755859375,15675.006866455078
2025-09-24,SSD,486.0,175.61929321289062,85350.97650146484,0.464845938725249,187.17868041992188,-5617.8621826171875
2025-09-25,PDD,750.0,131.00999450683594,98257.49588012695,0.5402632737890964,110.05999755859375,15712.49771118164
2025-09-25,SSD,486.0,171.95848083496094,83571.82168579102,0.4595149263275294,187.17868041992188,-7397.016998291016
2025-09-26,PDD,750.0,129.99000549316406,97492.50411987305,0.540717496349941,110.05999755859375,14947.505950927734
2025-09-26,SSD,486.0,170.30712890625,82769.2646484375,0.4590587754356995,187.17868041992188,-8199.574035644531
2025-09-29,PDD,750.0,130.6699981689453,98002.49862670898,0.5473400868426682,110.05999755859375,15457.500457763672
2025-09-29,SSD,486.0,166.68612670898438,81009.4575805664,0.45243462328562095,187.17868041992188,-9959.381103515625
2025-09-30,PDD,750.0,132.1699981689453,99127.49862670898,0.5503140823416723,110.05999755859375,16582.500457763672
2025-09-30,SSD,486.0,166.58665466308594,80961.11416625977,0.44946197437650204,187.17868041992188,-10007.724517822266
2025-10-01,PDD,338.0,134.39999389648438,45427.19793701172,0.250734091748197,110.05999755859375,8226.918762207031
2025-10-01,TER,321.0,140.95449829101562,45246.393951416016,0.249736149432326,140.95449829101562,0.0
2025-10-01,UTHR,103.0,438.17999267578125,45132.53924560547,0.2491077317101445,438.17999267578125,0.0
2025-10-02,PDD,338.0,135.24000549316406,45711.12185668945,0.24965683175399345,110.05999755859375,8510.842681884766
2025-10-02,TER,321.0,144.36048889160156,46339.7169342041,0.253089979949316,140.95449829101562,1093.322982788086
2025-10-02,UTHR,103.0,443.44000244140625,45674.320251464844,0.2494558353270704,438.17999267578125,541.781005859375
2025-10-03,PDD,338.0,134.25,45376.5,0.24646542847070468,110.05999755859375,8176.2208251953125
2025-10-03,TER,321.0,145.46920776367188,46695.61569213867,0.25363029165463,140.95449829101562,1449.2217407226562
2025-10-03,UTHR,103.0,453.07000732421875,46666.21075439453,0.2534705768114785,438.17999267578125,1533.6715087890625
2025-10-06,PDD,338.0,134.3300018310547,45403.540618896484,0.24559361662101903,110.05999755859375,8203.261444091797
2025-10-06,TER,321.0,147.6965789794922,47410.60185241699,0.2564500701134367,140.95449829101562,2164.2079010009766
2025-10-06,UTHR,103.0,453.2799987792969,46687.83987426758,0.2525405572043046,438.17999267578125,1555.3006286621094
2025-10-07,PDD,338.0,133.47999572753906,45116.2385559082,0.24724803245299526,110.05999755859375,7915.959381103516
2025-10-07,TER,321.0,139.97564697265625,44932.182678222656,0.2462393611834973,140.95449829101562,-314.2112731933594
2025-10-07,UTHR,103.0,456.8399963378906,47054.519622802734,0.2578702872213464,438.17999267578125,1921.9803771972656
2025-10-08,PDD,338.0,133.77000427246094,45214.2614440918,0.2468204207024162,110.05999755859375,8013.982269287109
2025-10-08,TER,321.0,144.430419921875,46362.164794921875,0.25308671763901286,140.95449829101562,1115.7708435058594
2025-10-08,UTHR,103.0,448.92999267578125,46239.78924560547,0.2524186809709073,438.17999267578125,1107.25
2025-10-09,PDD,338.0,131.25,44362.5,0.2435377304046163,110.05999755859375,7162.2208251953125
2025-10-09,TER,321.0,145.0197296142578,46551.33320617676,0.25555381316069514,140.95449829101562,1304.9392547607422
2025-10-09,UTHR,103.0,445.3800048828125,45874.14050292969,0.25183621442312715,438.17999267578125,741.6012573242188
2025-10-10,PDD,338.0,124.2699966430664,42003.258865356445,0.23996119841466612,110.05999755859375,4802.979690551758
2025-10-10,TER,321.0,131.92510986328125,42347.96026611328,0.24193044945506684,140.95449829101562,-2898.4336853027344
2025-10-10,UTHR,103.0,440.0,45320.0,0.2589094705011618,438.17999267578125,187.46075439453125
2025-10-13,PDD,338.0,127.55000305175781,43111.90103149414,0.24163548177969718,110.05999755859375,5911.621856689453
2025-10-13,TER,321.0,138.9668426513672,44608.35649108887,0.2500228812515246,140.95449829101562,-638.0374603271484
2025-10-13,UTHR,103.0,440.05999755859375,45326.179748535156,0.25404616866162966,438.17999267578125,193.6405029296875
2025-10-14,PDD,338.0,127.0999984741211,42959.79948425293,0.24283682088051492,110.05999755859375,5759.520309448242
2025-10-14,TER,321.0,136.8093719482422,43915.80839538574,0.24824080710717392,140.95449829101562,-1330.5855560302734
2025-10-14,UTHR,103.0,433.6099853515625,44661.82849121094,0.2524577995177082,438.17999267578125,-470.71075439453125
2025-10-15,PDD,338.0,127.58000183105469,43122.040618896484,0.24195171718321737,110.05999755859375,5921.761444091797
2025-10-15,TER,321.0,140.86460876464844,45217.53941345215,0.2537092667894373,140.95449829101562,-28.854537963867188
2025-10-15,UTHR,103.0,432.19000244140625,44515.570251464844,0.2497706163518681,438.17999267578125,-616.968994140625
2025-10-16,PDD,338.0,127.3499984741211,43044.29948425293,0.24230531157490248,110.05999755859375,5844.020309448242
2025-10-16,TER,321.0,139.13662719726562,44662.857330322266,0.2514165102212484,140.95449829101562,-583.53662109375
2025-10-16,UTHR,103.0,432.69000244140625,44567.070251464844,0.2508773048382943,438.17999267578125,-565.468994140625
2025-10-17,PDD,338.0,128.47999572753906,43426.2385559082,0.2443406351994359,110.05999755859375,6225.959381103516
2025-10-17,TER,321.0,137.99798583984375,44297.353454589844,0.24924202142936547,140.95449829101562,-949.0404968261719
2025-10-17,UTHR,103.0,433.3399963378906,44634.019622802734,0.25113629613808547,438.17999267578125,-498.5196228027344
2025-10-20,PDD,338.0,131.55999755859375,44467.27917480469,0.24837531961584283,110.05999755859375,7267.0
2025-10-20,TER,321.0,139.02676391601562,44627.591217041016,0.24927075453940067,140.95449829101562,-618.802734375
2025-10-20,UTHR,103.0,432.69000244140625,44567.070251464844,0.24893271015154078,438.17999267578125,-565.468994140625
2025-10-21,PDD,338.0,130.7100067138672,44179.98226928711,0.24677941621335642,110.05999755859375,6979.703094482422
2025-10-21,TER,321.0,143.1619110107422,45954.97343444824,0.2566941165147832,140.95449829101562,708.5794830322266
2025-10-21,UTHR,103.0,422.5299987792969,43520.58987426758,0.24309619901995413,438.17999267578125,-1611.9493713378906
2025-10-22,PDD,338.0,130.05999755859375,43960.27917480469,0.24797755931926804,110.05999755859375,6760.0
2025-10-22,TER,321.0,138.6771697998047,44515.371505737305,0.25110880516222905,140.95449829101562,-731.0224456787109
2025-10-22,UTHR,103.0,421.6400146484375,43428.92150878906,0.2449801994385406,438.17999267578125,-1703.6177368164062
2025-10-23,PDD,338.0,133.2899932861328,45052.01773071289,0.24914631923532415,110.05999755859375,7851.738555908203
2025-10-23,TER,321.0,144.86988830566406,46503.234146118164,0.25717182500674757,140.95449829101562,1256.8401947021484
2025-10-23,UTHR,103.0,426.2099914550781,43899.62911987305,0.24277338867235573,438.17999267578125,-1232.9101257324219
2025-10-24,PDD,338.0,133.9600067138672,45278.48226928711,0.2515157613107564,110.05999755859375,8078.203094482422
2025-10-24,TER,321.0,144.1107940673828,46259.56489562988,0.25696554079333284,140.95449829101562,1013.1709442138672
2025-10-24,UTHR,103.0,418.5799865722656,43113.73861694336,0.23949090710906903,438.17999267578125,-2018.8006286621094
2025-10-27,PDD,338.0,137.75999450683594,46562.87814331055,0.25500962709108366,110.05999755859375,9362.59896850586
2025-10-27,TER,321.0,147.32701110839844,47291.9705657959,0.2590026273991979,140.95449829101562,2045.5766143798828
2025-10-27,UTHR,103.0,421.0400085449219,43367.12088012695,0.2375075116623545,438.17999267578125,-1765.4183654785156
2025-10-28,PDD,338.0,138.02999877929688,46654.139587402344,0.2576204041067949,110.05999755859375,9453.860412597656
2025-10-28,TER,321.0,144.21067810058594,46291.627670288086,0.2556186424752135,140.95449829101562,1045.2337188720703
2025-10-28,UTHR,103.0,415.3399963378906,42780.019622802734,0.23622782544893342,438.17999267578125,-2352.5196228027344
2025-10-29,PDD,338.0,138.0800018310547,46671.040618896484,0.23969647040478287,110.05999755859375,9470.761444091797
2025-10-29,TER,321.0,173.7360076904297,55769.25846862793,0.2864237487477354,140.95449829101562,10522.864517211914
2025-10-29,UTHR,103.0,455.32000732421875,46897.96075439453,0.24086190307612199,438.17999267578125,1765.4215087890625
2025-10-30,PDD,338.0,136.00999450683594,45971.37814331055,0.23603205059629695,110.05999755859375,8771.09896850586
2025-10-30,TER,321.0,176.67257690429688,56711.8971862793,0.2911773787671772,140.95449829101562,11465.503234863281
2025-10-30,UTHR,103.0,453.5299987792969,46713.58987426758,0.2398428077219218,438.17999267578125,1581.0506286621094
2025-10-31,PDD,338.0,134.8699951171875,45586.058349609375,0.23363981945924828,110.05999755859375,8385.779174804688
2025-10-31,TER,321.0,181.5468292236328,58276.53218078613,0.29868163535895215,140.95449829101562,13030.138229370117
2025-10-31,UTHR,103.0,445.42999267578125,45879.28924560547,0.23514270029783668,438.17999267578125,746.75
2025-11-03,CRUS,370.0,131.24000549316406,48558.8020324707,0.2502596197119402,131.24000549316406,0.0
2025-11-03,GOOG,171.0,283.73486328125,48518.66162109375,0.2500527463199739,283.73486328125,0.0
2025-11-03,GOOGL,171.0,283.3350830078125,48450.29919433594,0.24970042389423622,283.3350830078125,0.0
2025-11-04,CRUS,370.0,129.6300048828125,47963.101806640625,0.2506592689655026,131.24000549316406,-595.7002258300781
2025-11-04,GOOG,171.0,277.6830749511719,47483.80581665039,0.24815442716120514,283.73486328125,-1034.8558044433594
2025-11-04,GOOGL,171.0,277.1634826660156,47394.95553588867,0.2476900880008044,283.3350830078125,-1055.3436584472656
2025-11-05,CRUS,370.0,119.41999816894531,44185.399322509766,0.23271562069700563,131.24000549316406,-4373.4027099609375
2025-11-05,GOOG,171.0,284.364013671875,48626.246337890625,0.256104669691711,283.73486328125,107.584716796875
2025-11-05,GOOGL,171.0,283.9242858886719,48551.05288696289,0.2557086408932096,283.3350830078125,100.75369262695312
2025-11-06,CRUS,370.0,118.62000274658203,43889.40101623535,0.23130297014206957,131.24000549316406,-4669.401016235352
2025-11-06,GOOG,171.0,284.9532165527344,48727.00003051758,0.25679775919024794,283.73486328125,208.33840942382812
2025-11-06,GOOGL,171.0,284.36370849609375,48626.19415283203,0.25626649883178876,283.3350830078125,175.89495849609375
2025-11-07,CRUS,370.0,118.63999938964844,43896.79977416992,0.23376486808005284,131.24000549316406,-4662.002258300781
2025-11-07,GOOG,171.0,279.32086181640625,47763.86737060547,0.25435827240993597,283.73486328125,-754.7942504882812
2025-11-07,GOOGL,171.0,278.4516906738281,47615.23910522461,0.25356677810901956,283.3350830078125,-835.0600891113281
2025-11-10,CRUS,370.0,118.73999786376953,43933.79920959473,0.2292958963413959,131.24000549316406,-4625.002822875977
2025-11-10,GOOG,171.0,290.19610595703125,49623.534118652344,0.258991321945116,283.73486328125,1104.8724975585938
2025-11-10,GOOGL,171.0,289.7064208984375,49539.79797363281,0.25855429271536906,283.3350830078125,1089.498779296875
2025-11-11,CRUS,370.0,120.4000015258789,44548.000564575195,0.23127367490235098,131.24000549316406,-4010.801467895508
2025-11-11,GOOG,171.0,291.3445129394531,49819.911712646484,0.2586431246985485,283.73486328125,1301.2500915527344
2025-11-11,GOOGL,171.0,290.9147644042969,49746.424713134766,0.2582616124371848,283.3350830078125,1296.1255187988281
2025-11-12,CRUS,370.0,121.43000030517578,44929.10011291504,0.2346414151181213,131.24000549316406,-3629.701919555664
2025-11-12,GOOG,171.0,287.04034423828125,49083.898864746094,0.25633977667467533,283.73486328125,565.2372436523438
2025-11-12,GOOGL,171.0,286.3210144042969,48960.893463134766,0.255697383182958,283.3350830078125,510.5942687988281
2025-11-13,CRUS,370.0,119.58000183105469,44244.600677490234,0.23536088276452616,131.24000549316406,-4314.201354980469
2025-11-13,GOOG,171.0,278.74163818359375,47664.82012939453,0.2535548738306076,283.73486328125,-853.8414916992188
2025-11-13,GOOGL,171.0,278.19207763671875,47570.845275878906,0.25305497092398344,283.3350830078125,-879.4539184570312
2025-11-14,CRUS,370.0,119.30999755859375,44144.69909667969,0.2358761704046127,131.24000549316406,-4414.102935791016
2025-11-14,GOOG,171.0,276.60455322265625,47299.37860107422,0.2527324121635801,283.73486328125,-1219.2830200195312
2025-11-14,GOOGL,171.0,276.0350036621094,47201.9856262207,0.252212017135347,283.3350830078125,-1248.3135681152344
2025-11-17,CRUS,370.0,115.44000244140625,42712.80090332031,0.2263980098508988,131.24000549316406,-5846.001129150391
2025-11-17,GOOG,171.0,285.2128601074219,48771.39907836914,0.258511440492501,283.73486328125,252.73745727539062
2025-11-17,GOOGL,171.0,284.63330078125,48672.29443359375,0.25798613908707657,283.3350830078125,221.9952392578125
2025-11-18,CRUS,370.0,115.51000213623047,42738.70079040527,0.22678744303737,131.24000549316406,-5820.10124206543
2025-11-18,GOOG,171.0,284.5736999511719,48662.10269165039,0.2582192167324575,283.73486328125,143.44107055664062
2025-11-18,GOOGL,171.0,283.8943176269531,48545.928314208984,0.257602752274738,283.3350830078125,95.62911987304688
2025-11-19,CRUS,370.0,115.79000091552734,42842.30033874512,0.22385494821831553,131.24000549316406,-5716.501693725586
2025-11-19,GOOG,171.0,292.59283447265625,50033.37469482422,0.2614289712022853,283.73486328125,1514.7130737304688
2025-11-19,GOOGL,171.0,292.4127502441406,50002.58029174805,0.2612680676221431,283.3350830078125,1552.2810974121094
2025-11-20,CRUS,370.0,113.48999786376953,41991.29920959473,0.22165381923356597,131.24000549316406,-6567.502822875977
2025-11-20,GOOG,171.0,289.5869445800781,49519.36752319336,0.26139122018492916,283.73486328125,1000.7059020996094
2025-11-20,GOOGL,171.0,289.05731201171875,49428.800354003906,0.26091315545900073,283.3350830078125,978.5011596679688
2025-11-21,CRUS,370.0,118.12000274658203,43704.40101623535,0.22463964260397412,131.24000549316406,-4854.401016235352
2025-11-21,GOOG,171.0,299.2438049316406,51170.69064331055,0.26301620410360144,283.73486328125,2652.029022216797
2025-11-21,GOOGL,171.0,299.2534484863281,51172.33969116211,0.26302468017263336,283.3350830078125,2722.040496826172
2025-11-24,CRUS,370.0,116.77999877929688,43208.599548339844,0.21550169824991044,131.24000549316406,-5350.202484130859
2025-11-24,GOOG,171.0,318.0382995605469,54384.549224853516,0.2712414389501334,283.73486328125,5865.887603759766
2025-11-24,GOOGL,171.0,318.14776611328125,54403.268005371094,0.27133479835156904,283.3350830078125,5952.968811035156
2025-11-25,CRUS,370.0,118.55999755859375,43867.19909667969,0.2162290337285961,131.24000549316406,-4691.602935791016
2025-11-25,GOOG,171.0,323.2012939453125,55267.42126464844,0.2724227063229739,283.73486328125,6748.7596435546875
2025-11-25,GOOGL,171.0,323.0011901855469,55233.203521728516,0.27225404113257407,283.3350830078125,6782.904327392578
2025-11-26,CRUS,370.0,119.7699966430664,44314.89875793457,0.21921604184329171,131.24000549316406,-4243.903274536133
2025-11-26,GOOG,171.0,319.8458557128906,54693.6413269043,0.2705573949558868,283.73486328125,6174.979705810547
2025-11-26,GOOGL,171.0,319.5159606933594,54637.22927856445,0.2702783369799929,283.3350830078125,6186.930084228516
2025-11-28,CRUS,370.0,120.33999633789062,44525.79864501953,0.22001678392403745,131.24000549316406,-4033.003387451172
2025-11-28,GOOG,171.0,319.68603515625,54666.31201171875,0.2701244340094882,283.73486328125,6147.650390625
2025-11-28,GOOGL,171.0,319.74560546875,54676.49853515625,0.2701747690106401,283.3350830078125,6226.1993408203125
2025-12-01,GOOG,317.0,314.6928405761719,99757.63046264648,0.4998869074479386,297.99311149910045,5293.814117431641
2025-12-01,GOOGL,317.0,314.4627990722656,99684.7073059082,0.4995214884706215,297.67150744128304,5322.839447021484
2025-12-02,GOOG,317.0,315.59161376953125,100042.5415649414,0.49987142669990736,297.99311149910045,5578.7252197265625
2025-12-02,GOOGL,317.0,315.38153076171875,99975.94525146484,0.4995386723165246,297.67150744128304,5614.077392578125
2025-12-03,GOOG,317.0,320.1853942871094,101498.76998901367,0.5004818899896435,297.99311149910045,7034.953643798828
2025-12-03,GOOGL,317.0,319.1963806152344,101185.2526550293,0.4989359624096935,297.67150744128304,6823.384796142578
2025-12-04,GOOG,317.0,317.9584045410156,100792.81423950195,0.5003122531934057,297.99311149910045,6328.997894287109
2025-12-04,GOOGL,317.0,317.1890869140625,100548.94055175781,0.49910172052666285,297.67150744128304,6187.072692871094
2025-12-05,GOOG,317.0,321.65338134765625,101964.12188720703,0.5003475434638406,297.99311149910045,7500.3055419921875
2025-12-05,GOOGL,317.0,320.8341064453125,101704.41174316406,0.49907312134182896,297.67150744128304,7342.543884277344
2025-12-08,GOOG,317.0,314.2286376953125,99610.47814941406,0.500284092883198,297.99311149910045,5146.661804199219
2025-12-08,GOOGL,317.0,313.49932861328125,99379.28717041016,0.4991229583182152,297.67150744128304,5017.4193115234375
2025-12-09,GOOG,317.0,317.52630615234375,100655.83905029297,0.5002339019530693,297.99311149910045,6192.022705078125
2025-12-09,GOOGL,317.0,316.85693359375,100443.64794921875,0.49917936618592873,297.67150744128304,6081.780090332031
2025-12-10,GOOG,317.0,320.7740173339844,101685.36349487305,0.5003250853751937,297.99311149910045,7221.547149658203
2025-12-10,GOOGL,317.0,319.9847412109375,101435.16296386719,0.49909401732632214,297.67150744128304,7073.295104980469
2025-12-11,GOOG,317.0,313.4791564941406,99372.89260864258,0.5007159996424588,297.99311149910045,4909.076263427734
2025-12-11,GOOGL,317.0,312.210205078125,98970.63500976562,0.49868912077793104,297.67150744128304,4608.767150878906
2025-12-12,GOOG,317.0,310.3013916015625,98365.54113769531,0.5006910178681138,297.99311149910045,3901.7247924804688
2025-12-12,GOOGL,317.0,309.07244873046875,97975.9662475586,0.4987080404349356,297.67150744128304,3614.098388671875
2025-12-15,GOOG,317.0,309.10223388671875,97985.40814208984,0.5005883844215885,297.99311149910045,3521.591796875
2025-12-15,GOOGL,317.0,308.003173828125,97637.00610351562,0.49880846619778374,297.67150744128304,3275.1382446289062
2025-12-16,GOOG,317.0,307.51336669921875,97481.73724365234,0.5006402998397236,297.99311149910045,3017.9208984375
2025-12-16,GOOGL,317.0,306.3543395996094,97114.32565307617,0.4987533715383651,297.67150744128304,2752.457794189453
2025-12-17,GOOG,317.0,297.85015869140625,94418.50030517578,0.5008125200265348,297.99311149910045,-45.3160400390625
2025-12-17,GOOGL,317.0,296.5112609863281,93994.06973266602,0.49856126477562646,297.67150744128304,-367.7981262207031
2025-12-18,GOOG,317.0,303.5361633300781,96220.96377563477,0.5007560012020565,297.99311149910045,1757.1474304199219
2025-12-18,GOOGL,317.0,302.2472229003906,95812.36965942383,0.4986295835512671,297.67150744128304,1450.5018005371094
2025-12-19,GOOG,317.0,308.3927307128906,97760.49563598633,0.5008740817095588,297.99311149910045,3296.6792907714844
2025-12-19,GOOGL,317.0,306.9439392089844,97301.22872924805,0.49852103625213123,297.67150744128304,2939.360870361328
2025-12-22,GOOG,317.0,311.1108093261719,98622.12655639648,0.5009470365290417,297.99311149910045,4158.310211181641
2025-12-22,GOOGL,317.0,309.56207275390625,98131.17706298828,0.49845327876498013,297.67150744128304,3769.3092041015625
2025-12-23,GOOG,317.0,315.457763671875,100000.11108398438,0.5007591418296977,297.99311149910045,5536.294738769531
2025-12-23,GOOGL,317.0,314.1288757324219,99578.85360717773,0.4986496588472451,297.67150744128304,5216.985748291016
2025-12-24,GOOG,317.0,315.4477844238281,99996.94766235352,0.5009578565513643,297.99311149910045,5533.131317138672
2025-12-24,GOOGL,317.0,313.8690490722656,99496.4885559082,0.498450690811636,297.67150744128304,5134.620697021484
2025-12-26,GOOG,317.0,314.7382507324219,99772.02548217773,0.5008564289350865,297.99311149910045,5308.209136962891
2025-12-26,GOOGL,317.0,313.2894592285156,99312.75857543945,0.4985509050998699,297.67150744128304,4950.890716552734
2025-12-29,GOOG,317.0,314.168701171875,99591.47827148438,0.5003638058962484,297.99311149910045,5127.661926269531
2025-12-29,GOOGL,317.0,313.33941650390625,99328.59503173828,0.49904303768767616,297.67150744128304,4966.7271728515625
2025-12-30,GOOG,317.0,314.32855224609375,99642.15106201172,0.5002601171432116,297.99311149910045,5178.334716796875
2025-12-30,GOOGL,317.0,313.6292419433594,99420.46969604492,0.49914715094441886,297.67150744128304,5058.601837158203
2025-12-31,GOOG,317.0,313.5790710449219,99404.56552124023,0.5003405159296905,297.99311149910045,4940.749176025391
2025-12-31,GOOGL,317.0,312.7798156738281,99151.20156860352,0.4990652399892394,297.67150744128304,4789.333709716797
2026-01-02,GOOG,159.0,315.0980224609375,50100.58557128906,0.25117766876276554,297.99311149910045,2719.680842932088
2026-01-02,GOOGL,159.0,314.9283142089844,50073.601959228516,0.25104238729459744,297.67150744128304,2743.8322760645096
2026-01-02,KNX,959.0,52.058780670166016,49924.37066268921,0.25029422100584514,52.058780670166016,0.0
2026-01-05,GOOG,159.0,317.09661865234375,50418.362365722656,0.24991625320019875,297.99311149910045,3037.457637365682
2026-01-05,GOOGL,159.0,316.3173522949219,50294.45901489258,0.24930208289110012,297.67150744128304,2964.689331728572
2026-01-05,KNX,959.0,53.8728141784668,51664.02879714966,0.2560908346953555,52.058780670166016,1739.6581344604492
2026-01-06,GOOG,159.0,314.32855224609375,49978.239807128906,0.24754245397546612,297.99311149910045,2597.335078771932
2026-01-06,GOOGL,159.0,314.1188659667969,49944.8996887207,0.2473773202140842,297.67150744128304,2615.130005556697
2026-01-06,KNX,959.0,54.85957336425781,52610.33085632324,0.260579213171445,52.058780670166016,2685.960193634033
2026-01-07,GOOG,159.0,322.2030029296875,51230.27746582031,0.2505648189233195,297.99311149910045,3849.372737463338
2026-01-07,GOOGL,159.0,321.7535095214844,51158.808013916016,0.2502152652772965,297.67150744128304,3829.0383307520096
2026-01-07,KNX,959.0,54.95924377441406,52705.914779663086,0.25778208993236673,52.058780670166016,2781.544116973877
2026-01-08,GOOG,159.0,325.7804870605469,51799.09744262695,0.24996931418496485,297.99311149910045,4418.192714269979
2026-01-08,GOOGL,159.0,325.2110595703125,51708.55847167969,0.249532396061058,297.67150744128304,4378.7887885156815
2026-01-08,KNX,959.0,56.673606872558594,54349.98899078369,0.2622792701945116,52.058780670166016,4425.618328094482
2026-01-09,GOOG,159.0,328.9082946777344,52296.418853759766,0.25079527936828233,297.99311149910045,4915.514125402791
2026-01-09,GOOGL,159.0,328.3388671875,52205.8798828125,0.25036108622446623,297.67150744128304,4876.110199648494
2026-01-09,KNX,959.0,56.992557525634766,54655.86266708374,0.2621103442099318,52.058780670166016,4731.492004394531
2026-01-12,GOOG,159.0,332.4957580566406,52866.82553100586,0.25270409709138747,297.99311149910045,5485.920802648885
2026-01-12,GOOGL,159.0,331.62652587890625,52728.617614746094,0.2520434614973546,297.67150744128304,5398.847931582088
2026-01-12,KNX,959.0,56.56396484375,54244.84228515625,0.2592910346677726,52.058780670166016,4320.471622467041
2026-01-13,GOOG,159.0,336.1931457519531,53454.71017456055,0.25361585718075924,297.99311149910045,6073.8054462035725
2026-01-13,GOOGL,159.0,335.7336730957031,53381.6540222168,0.25326924228679604,297.67150744128304,6051.884339052791
2026-01-13,KNX,959.0,56.90285110473633,54569.83420944214,0.25890656284628083,52.058780670166016,4645.46354675293
2026-01-14,GOOG,159.0,336.0732421875,53435.6455078125,0.2534812140647424,297.99311149910045,6054.740779455526
2026-01-14,GOOGL,159.0,335.603759765625,53360.997802734375,0.25312710978228203,297.67150744128304,6031.228119570369
2026-01-14,KNX,959.0,56.98258590698242,54646.29988479614,0.25922416221057776,52.058780670166016,4721.929222106934
2026-01-15,GOOG,159.0,332.92547607421875,52935.15069580078,0.25189771263713046,297.99311149910045,5554.245967443807
2026-01-15,GOOGL,159.0,332.5458984375,52874.7978515625,0.25161051701730247,297.67150744128304,5545.028168398494
2026-01-15,KNX,959.0,57.32147216796875,54971.29180908203,0.2615869131456813,52.058780670166016,5046.921146392822
2026-01-16,GOOG,159.0,330.1074523925781,52487.08493041992,0.2518167989747724,297.99311149910045,5106.1802020629475
2026-01-16,GOOGL,159.0,329.7678527832031,52433.0885925293,0.25155774124691416,297.67150744128304,5103.318909365291
2026-01-16,KNX,959.0,56.46429443359375,54149.258361816406,0.25979139297994625,52.058780670166016,4224.887699127197
2026-01-20,GOOG,159.0,321.9331970214844,51187.378326416016,0.25048563646025584,297.99311149910045,3806.4735980590413
2026-01-20,GOOGL,159.0,321.77349853515625,51161.986267089844,0.25036138031842353,297.67150744128304,3832.2165839258378
2026-01-20,KNX,959.0,54.88947296142578,52639.004570007324,0.25758917517266405,52.058780670166016,2714.6339073181152
2026-01-21,GOOG,159.0,328.1488342285156,52175.664642333984,0.24953891147935175,297.99311149910045,4794.75991397701
2026-01-21,GOOGL,159.0,328.1490173339844,52175.693756103516,0.2495390507208623,297.67150744128304,4845.92407293951
2026-01-21,KNX,959.0,57.74009704589844,55372.7530670166,0.2648295258082246,52.058780670166016,5448.382404327393
2026-01-22,GOOG,159.0,330.6070861816406,52566.52670288086,0.24881714325198254,297.99311149910045,5185.621974523885
2026-01-22,GOOGL,159.0,330.3074951171875,52518.89172363281,0.24859166897778598,297.67150744128304,5189.1220404688065
2026-01-22,KNX,959.0,59.245147705078125,56816.09664916992,0.26893195624051464,52.058780670166016,6891.725986480713
2026-01-23,GOOG,159.0,328.19879150390625,52183.607849121094,0.2507766419692759,297.99311149910045,4802.703120764119
2026-01-23,GOOGL,159.0,327.6993103027344,52104.190338134766,0.25039498846658415,297.67150744128304,4774.42065497076
2026-01-23,KNX,959.0,56.763309478759766,54436.013790130615,0.2616009375961933,52.058780670166016,4511.643127441406
2026-01-26,GOOG,159.0,333.35516357421875,53003.47100830078,0.2534780812526896,297.99311149910045,5622.566279943807
2026-01-26,GOOGL,159.0,333.02557373046875,52951.06622314453,0.2532274662620641,297.67150744128304,5621.296539980525
2026-01-26,KNX,959.0,56.085540771484375,53786.033599853516,0.2572205241605485,52.058780670166016,3861.6629371643066
2026-01-27,GOOG,159.0,334.76416015625,53227.50146484375,0.25562589077218684,297.99311149910045,5846.596736486776
2026-01-27,GOOGL,159.0,334.31463623046875,53156.02716064453,0.2552826343318988,297.67150744128304,5826.257477480525
2026-01-27,KNX,959.0,54.72003173828125,52476.51043701172,0.2520192448623036,52.058780670166016,2552.1397743225098
2026-01-28,GOOG,159.0,336.04327392578125,53430.88055419922,0.2552837071541006,297.99311149910045,6049.975825842244
2026-01-28,GOOGL,159.0,335.7736511230469,53388.01052856445,0.25507888142492824,297.67150744128304,6058.240845400447
2026-01-28,KNX,959.0,55.38783264160156,53116.9315032959,0.25378371170688324,52.058780670166016,3192.5608406066895
2026-01-29,GOOG,159.0,338.4216003417969,53809.0344543457,0.2559007946508515,297.99311149910045,6428.129725988729
2026-01-29,GOOGL,159.0,338.0120544433594,53743.91665649414,0.2555911125243256,297.67150744128304,6414.146973330135
2026-01-29,KNX,959.0,55.63701248168945,53355.894969940186,0.25374578935624,52.058780670166016,3431.5243072509766
2026-01-30,GOOG,159.0,338.29168701171875,53788.37823486328,0.25671649678604824,297.99311149910045,6407.473506506307
2026-01-30,GOOGL,159.0,337.7622375488281,53704.19577026367,0.25631471803547007,297.67150744128304,6374.426087099666
2026-01-30,KNX,959.0,54.91937255859375,52667.678283691406,0.25136771746132297,52.058780670166016,2743.3076210021973
2026-02-02,ADI,170.0,315.8709411621094,53698.059997558594,0.25033623844732833,315.8709411621094,0.0
2026-02-02,CNQ,1485.0,36.17146301269531,53714.62257385254,0.25041345190808667,36.17146301269531,0.0
2026-02-02,VNOM,1340.0,40.069644927978516,53693.32420349121,0.25031416053849986,40.069644927978516,0.0
2026-02-03,ADI,170.0,310.318359375,52754.12109375,0.24423837390039474,315.8709411621094,-943.9389038085938
2026-02-03,CNQ,1485.0,37.142642974853516,55156.82481765747,0.2553622906357094,36.17146301269531,1442.2022438049316
2026-02-03,VNOM,1340.0,40.810237884521484,54685.71876525879,0.2531811875524449,40.069644927978516,992.3945617675781
2026-02-04,ADI,170.0,319.4397888183594,54304.764099121094,0.24682037460977058,315.8709411621094,606.7041015625
2026-02-04,CNQ,1485.0,38.183189392089844,56702.03624725342,0.25771620703735615,36.17146301269531,2987.413673400879
2026-02-04,VNOM,1340.0,41.502098083496094,55612.811431884766,0.252765575514994,40.069644927978516,1919.4872283935547
2026-02-05,ADI,170.0,321.1145324707031,54589.47052001953,0.24945163339125442,315.8709411621094,891.4105224609375
2026-02-05,CNQ,1485.0,37.5489501953125,55760.19104003906,0.2548013490631885,36.17146301269531,2045.5684661865234
2026-02-05,VNOM,1340.0,41.11231231689453,55090.49850463867,0.2517411270966777,40.069644927978516,1397.174301147461
2026-02-06,ADI,170.0,319.44976806640625,54306.46057128906,0.24545336869424353,315.8709411621094,608.4005737304688
2026-02-06,CNQ,1485.0,38.7480583190918,57540.86660385132,0.26007217920160897,36.17146301269531,3826.2440299987793
2026-02-06,VNOM,1340.0,41.79443359375,56004.541015625,0.25312832229997395,40.069644927978516,2311.216812133789
2026-02-09,ADI,170.0,321.9618835449219,54733.52020263672,0.24583701954740383,315.8709411621094,1035.460205078125
2026-02-09,CNQ,1485.0,38.81742858886719,57643.88145446777,0.25890898227349085,36.17146301269531,3929.2588806152344
2026-02-09,VNOM,1340.0,42.43757629394531,56866.35223388672,0.2554166896986483,40.069644927978516,3173.028030395508
2026-02-10,ADI,170.0,324.1450500488281,55104.65850830078,0.24770146310217564,315.8709411621094,1406.5985107421875
2026-02-10,CNQ,1485.0,38.73815155029297,57526.15505218506,0.2585863547438985,36.17146301269531,3811.5324783325195
2026-02-10,VNOM,1340.0,42.11600875854492,56435.451736450195,0.25368352412246886,40.069644927978516,2742.1275329589844
2026-02-11,ADI,170.0,335.9480895996094,57111.175231933594,0.2509725346464235,315.8709411621094,3413.115234375
2026-02-11,CNQ,1485.0,40.26428985595703,59792.47043609619,0.26275536787986953,36.17146301269531,6077.847862243652
2026-02-11,VNOM,1340.0,42.72991180419922,57258.08181762695,0.25161810914244787,40.069644927978516,3564.757614135742
2026-02-12,ADI,170.0,330.32568359375,56155.3662109375,0.24902036011300557,315.8709411621094,2457.3062133789062
2026-02-12,CNQ,1485.0,39.63005065917969,58850.625228881836,0.2609724568854704,36.17146301269531,5136.002655029297
2026-02-12,VNOM,1340.0,42.612979888916016,57101.39305114746,0.25321550583675956,40.069644927978516,3408.06884765625
2026-02-13,ADI,170.0,336.04779052734375,57128.12438964844,0.25037274144048666,315.8709411621094,3430.0643920898438
2026-02-13,CNQ,1485.0,40.313838958740234,59866.05085372925,0.26237212286597916,36.17146301269531,6151.428279876709
2026-02-13,VNOM,1340.0,43.119693756103516,57780.38963317871,0.2532313936177427,40.069644927978516,4087.0654296875
2026-02-17,ADI,170.0,336.4565124511719,57197.60711669922,0.25110580910216884,315.8709411621094,3499.547119140625
2026-02-17,CNQ,1485.0,40.224647521972656,59733.601570129395,0.26223919336784174,36.17146301269531,6018.9789962768555
2026-02-17,VNOM,1340.0,42.87607955932617,57453.94660949707,0.25223117673533774,40.069644927978516,3760.6224060058594
2026-02-18,ADI,170.0,345.2888488769531,58699.10430908203,0.25338957211940755,315.8709411621094,5001.0443115234375
2026-02-18,CNQ,1485.0,41.28501892089844,61308.25309753418,0.264652624646079,36.17146301269531,7593.630523681641
2026-02-18,VNOM,1340.0,43.47050094604492,58250.471267700195,0.2514529338055452,40.069644927978516,4557.147064208984
2026-02-19,ADI,170.0,344.22216796875,58517.7685546875,0.25078631145271396,315.8709411621094,4819.708557128906
2026-02-19,CNQ,1485.0,42.11745834350586,62544.4256401062,0.26804312938816477,36.17146301269531,8829.803066253662
2026-02-19,VNOM,1340.0,43.93824005126953,58877.24166870117,0.25232688517171453,40.069644927978516,5183.917465209961
2026-02-20,ADI,170.0,353.92181396484375,60166.70837402344,0.25542300566074283,315.8709411621094,6468.648376464844
2026-02-20,CNQ,1485.0,42.01836013793945,62397.26480484009,0.2648922859862237,36.17146301269531,8682.642230987549
2026-02-20,VNOM,1340.0,44.47418975830078,59595.41427612305,0.2529977166671212,40.069644927978516,5902.090072631836
2026-02-23,ADI,170.0,354.04144287109375,60187.04528808594,0.2565504197402091,315.8709411621094,6488.985290527344
2026-02-23,CNQ,1485.0,41.95889663696289,62308.96150588989,0.2655951982922295,36.17146301269531,8594.338932037354
2026-02-23,VNOM,1340.0,43.811561584472656,58707.49252319336,0.2502437489102304,40.069644927978516,5014.168319702148
2026-02-24,ADI,170.0,354.978515625,60346.34765625,0.2558994962104236,315.8709411621094,6648.287658691406
2026-02-24,CNQ,1485.0,42.20664596557617,62676.869258880615,0.2657821043082298,36.17146301269531,8962.246685028076
2026-02-24,VNOM,1340.0,44.32802200317383,59399.54948425293,0.2518845858697494,40.069644927978516,5706.225280761719
2026-02-25,ADI,170.0,359.6737976074219,61144.54559326172,0.2590708915866268,315.8709411621094,7446.485595703125
2026-02-25,CNQ,1485.0,42.186824798583984,62647.43482589722,0.2654386689521638,36.17146301269531,8932.812252044678
2026-02-25,VNOM,1340.0,43.899261474609375,58825.01037597656,0.2492429657924596,40.069644927978516,5131.686172485352
2026-02-26,ADI,170.0,353.24395751953125,60051.47277832031,0.25283235572220036,315.8709411621094,6353.412780761719
2026-02-26,CNQ,1485.0,42.702144622802734,63412.68476486206,0.2669839344482736,36.17146301269531,9698.062191009521
2026-02-26,VNOM,1340.0,45.26350021362305,60653.09028625488,0.25536532227135267,40.069644927978516,6959.766082763672
2026-02-27,ADI,170.0,354.679443359375,60295.50537109375,0.2524120844500973,315.8709411621094,6597.445373535156
2026-02-27,CNQ,1485.0,43.37602615356445,64413.39883804321,0.2696506176896653,36.17146301269531,10698.776264190674
2026-02-27,VNOM,1340.0,45.35120391845703,60770.61325073242,0.25440100500893803,40.069644927978516,7077.289047241211
2026-03-02,PR,3220.0,18.6336612701416,60000.38928985596,0.2504068882474537,18.6336612701416,0.0
2026-03-02,TPL,113.0,531.0900268554688,60013.17303466797,0.2504602401972729,531.0900268554688,0.0
2026-03-02,TRGP,251.0,238.41262817382812,59841.56967163086,0.24974406710807287,238.41262817382812,0.0
2026-03-03,PR,3220.0,18.236988067626953,58723.10157775879,0.24611649138273348,18.6336612701416,-1277.287712097168
2026-03-03,TPL,113.0,523.6400146484375,59171.32165527344,0.24799504258117672,531.0900268554688,-841.8513793945312
2026-03-03,TRGP,251.0,242.8204803466797,60947.9405670166,0.25544109364684536,238.41262817382812,1106.3708953857422
2026-03-04,PR,3220.0,18.375825881958008,59170.159339904785,0.24632912632577852,18.6336612701416,-830.2299499511719
2026-03-04,TPL,113.0,536.1099853515625,60580.42834472656,0.2522001656421758,531.0900268554688,567.2553100585938
2026-03-04,TRGP,251.0,241.83543395996094,60700.693923950195,0.25270083887658507,238.41262817382812,859.1242523193359
2026-03-05,PR,3220.0,18.683244705200195,60160.04795074463,0.2519874475112772,18.6336612701416,159.65866088867188
2026-03-05,TPL,113.0,523.3099975585938,59134.029724121094,0.24768984930725665,531.0900268554688,-879.143310546875
2026-03-05,TRGP,251.0,237.81561279296875,59691.718811035156,0.25002579574186434,238.41262817382812,-149.85086059570312
2026-03-06,PR,3220.0,18.69316291809082,60191.98459625244,0.25235983174711973,18.6336612701416,191.59530639648438
2026-03-06,TPL,113.0,525.030029296875,59328.393310546875,0.2487391544589264,531.0900268554688,-684.7797241210938
2026-03-06,TRGP,251.0,236.01466369628906,59239.680587768555,0.24836721909337342,238.41262817382812,-601.8890838623047
2026-03-09,PR,3220.0,19.000581741333008,61181.873207092285,0.25433114360277803,18.6336612701416,1181.4839172363281
2026-03-09,TPL,113.0,539.7899780273438,60996.267517089844,0.2535595865234823,531.0900268554688,983.094482421875
2026-03-09,TRGP,251.0,233.5669708251953,58625.30967712402,0.24370358854134505,238.41262817382812,-1216.259994506836
2026-03-10,PR,3220.0,18.56424331665039,59776.86347961426,0.25282302893815456,18.6336612701416,-223.52581024169922
2026-03-10,TPL,113.0,520.760009765625,58845.881103515625,0.2488854890521154,531.0900268554688,-1167.2919311523438
2026-03-10,TRGP,251.0,231.3083038330078,58058.38426208496,0.2455548135174643,238.41262817382812,-1783.1854095458984
2026-03-11,PR,3220.0,19.189001083374023,61788.583488464355,0.25753755106325904,18.6336612701416,1788.1941986083984
2026-03-11,TPL,113.0,524.8300170898438,59305.791931152344,0.2471891659511445,531.0900268554688,-707.381103515625
2026-03-11,TRGP,251.0,235.33807373046875,59069.856506347656,0.24620577665683235,238.41262817382812,-771.7131652832031
2026-03-12,PR,3220.0,18.911331176757812,60894.486389160156,0.2538285819874692,18.6336612701416,894.0970993041992
2026-03-12,TPL,113.0,528.969970703125,59773.606689453125,0.24915638058425937,531.0900268554688,-239.56634521484375
2026-03-12,TRGP,251.0,236.96987915039062,59479.43966674805,0.24793019406609873,238.41262817382812,-362.1300048828125
2026-03-13,PR,3220.0,19.189001083374023,61788.583488464355,0.25583832859980443,18.6336612701416,1788.1941986083984
2026-03-13,TPL,113.0,531.1300048828125,60017.69055175781,0.2485058690502052,531.0900268554688,4.51751708984375
2026-03-13,TRGP,251.0,238.85043334960938,59951.45877075195,0.2482316334682244,238.41262817382812,109.88909912109375
2026-03-16,PR,3220.0,19.06999969482422,61405.399017333984,0.25540132366477897,18.6336612701416,1405.0097274780273
2026-03-16,TPL,113.0,526.8900146484375,59538.57165527344,0.2476366940564069,531.0900268554688,-474.60137939453125
2026-03-16,TRGP,251.0,237.9549102783203,59726.6824798584,0.24841909681517915,238.41262817382812,-114.88719177246094
2026-03-17,PR,3220.0,19.5,62790.0,0.25893580181247555,18.6336612701416,2789.610710144043
2026-03-17,TPL,113.0,529.1799926757812,59797.33917236328,0.24659455271298675,531.0900268554688,-215.8338623046875
2026-03-17,TRGP,251.0,239.636474609375,60148.755126953125,0.2480437352575228,238.41262817382812,307.1854553222656
2026-03-18,PR,3220.0,19.610000610351562,63144.20196533203,0.2617536982191503,18.6336612701416,3143.812675476074
2026-03-18,TPL,113.0,530.0800170898438,59899.041931152344,0.24830143160050047,531.0900268554688,-114.131103515625
2026-03-18,TRGP,251.0,232.8107452392578,58435.49705505371,0.24223455179356537,238.41262817382812,-1406.0726165771484
2026-03-19,PR,3220.0,19.969999313354492,64303.397789001465,0.26347783635376654,18.6336612701416,4303.008499145508
2026-03-19,TPL,113.0,532.52001953125,60174.76220703125,0.24656109466306936,531.0900268554688,161.58917236328125
2026-03-19,TRGP,251.0,238.33302307128906,59821.588790893555,0.2451139958978227,238.41262817382812,-19.980880737304688
2026-03-20,PR,3220.0,20.06999969482422,64625.399017333984,0.2666424034385105,18.6336612701416,4625.009727478027
2026-03-20,TPL,113.0,519.4099731445312,58693.32696533203,0.2421668570841745,531.0900268554688,-1319.8460693359375
2026-03-20,TRGP,251.0,236.22361755371094,59292.128005981445,0.24463749171216984,238.41262817382812,-549.4416656494141
2026-03-23,PR,3220.0,19.920000076293945,64142.400245666504,0.2634540313259257,18.6336612701416,4142.010955810547
2026-03-23,TPL,113.0,527.8699951171875,59649.30944824219,0.24499942284290707,531.0900268554688,-363.86358642578125
2026-03-23,TRGP,251.0,238.7210693359375,59918.98840332031,0.2461070834169888,238.41262817382812,77.41873168945312
2026-03-24,PR,3220.0,20.68000030517578,66589.60098266602,0.26818976966015634,18.6336612701416,6589.211692810059
2026-03-24,TPL,113.0,535.260009765625,60484.381103515625,0.2436009826881459,531.0900268554688,471.20806884765625
2026-03-24,TRGP,251.0,244.8701934814453,61462.41856384277,0.24754003078774964,238.41262817382812,1620.848892211914
2026-03-25,PR,3220.0,20.920000076293945,67362.4002456665,0.27123748322485075,18.6336612701416,7362.010955810547
2026-03-25,TPL,113.0,530.3599853515625,59930.67834472656,0.24131334843917512,531.0900268554688,-82.49468994140625
2026-03-25,TRGP,251.0,244.2333984375,61302.5830078125,0.24683737915486811,238.41262817382812,1461.0133361816406
2026-03-26,PR,3220.0,21.459999084472656,69101.19705200195,0.275922935098329,18.6336612701416,9100.807762145996
2026-03-26,TPL,113.0,522.280029296875,59017.643310546875,0.23565903427950208,531.0900268554688,-995.5297241210938
2026-03-26,TRGP,251.0,249.24819946289062,62561.29806518555,0.24980894285690672,238.41262817382812,2719.7283935546875
2026-03-27,PR,3220.0,21.649999618530273,69712.99877166748,0.2790852419664847,18.6336612701416,9712.609481811523
2026-03-27,TPL,113.0,511.75,57827.75,0.23150448102207433,531.0900268554688,-2185.4230346679688
2026-03-27,TRGP,251.0,248.97955322265625,62493.86785888672,0.2501845644302893,238.41262817382812,2652.2981872558594
2026-03-30,PR,3220.0,21.489999771118164,69197.79926300049,0.2839158235216195,18.6336612701416,9197.409973144531
2026-03-30,TPL,113.0,467.3699951171875,52812.80944824219,0.21668886072516225,531.0900268554688,-7200.363586425781
2026-03-30,TRGP,251.0,246.85023498535156,61959.40898132324,0.25421699552880317,238.41262817382812,2117.839309692383
2026-03-31,PR,3220.0,21.31999969482422,68650.39901733398,0.28060558685074205,18.6336612701416,8650.009727478027
2026-03-31,TPL,113.0,474.55999755859375,53625.279724121094,0.21919105063355485,531.0900268554688,-6387.893310546875
2026-03-31,TRGP,251.0,249.47705078125,62618.73974609375,0.2559514360560361,238.41262817382812,2777.1700744628906
2026-04-01,CNQ,1015.0,46.560001373291016,47258.40139389038,0.20009928960498155,46.560001373291016,0.0
2026-04-01,LNG,171.0,275.202392578125,47059.609130859375,0.19925757280038786,275.202392578125,0.0
2026-04-02,CNQ,1015.0,47.529998779296875,48242.94876098633,0.20264448308297575,46.560001373291016,984.5473670959473
2026-04-02,LNG,171.0,280.5101013183594,47967.22732543945,0.20148631532548417,275.202392578125,907.6181945800781
2026-04-06,CNQ,1015.0,48.25,48973.75,0.20466209398329244,46.560001373291016,1715.3486061096191
2026-04-06,LNG,171.0,283.3934020996094,48460.2717590332,0.2025162601026702,275.202392578125,1400.6626281738281
2026-04-07,CNQ,1015.0,49.15999984741211,49897.39984512329,0.20768779834295742,46.560001373291016,2638.99845123291
2026-04-07,LNG,171.0,283.6129150390625,48497.80847167969,0.20186228334954023,275.202392578125,1438.1993408203125
2026-04-08,CNQ,1015.0,46.43000030517578,47126.45030975342,0.19974308595386417,46.560001373291016,-131.9510841369629
2026-04-08,LNG,171.0,274.5738525390625,46952.12878417969,0.19900423294801672,275.202392578125,-107.4803466796875
2026-04-09,CNQ,1015.0,45.70000076293945,46385.500774383545,0.19858178181134292,46.560001373291016,-872.9006195068359
2026-04-09,LNG,171.0,265.1556701660156,45341.61959838867,0.19411280378011164,275.202392578125,-1717.9895324707031
2026-04-10,CNQ,1015.0,46.349998474121094,47045.24845123291,0.20087262604418987,46.560001373291016,-213.1529426574707
2026-04-10,LNG,171.0,264.92620849609375,45302.38165283203,0.19343097694751388,275.202392578125,-1757.2274780273438
2026-04-13,CNQ,1015.0,46.849998474121094,47552.74845123291,0.2031824039393932,46.560001373291016,294.3470573425293
2026-04-13,LNG,171.0,260.9953308105469,44630.201568603516,0.19069500582722743,275.202392578125,-2429.4075622558594
2026-04-14,CNQ,1015.0,45.650001525878906,46334.75154876709,0.19929428094050364,46.560001373291016,-923.649845123291
2026-04-14,LNG,171.0,259.0797424316406,44302.63595581055,0.19055377835121035,275.202392578125,-2756.973175048828
2026-04-15,CNQ,1015.0,45.77000045776367,46456.55046463013,0.20014362486307605,46.560001373291016,-801.8509292602539
2026-04-15,LNG,171.0,256.1565246582031,43802.765716552734,0.18871061716503487,275.202392578125,-3256.8434143066406
2026-04-16,CNQ,1015.0,46.310001373291016,47004.65139389038,0.2011444179767022,46.560001373291016,-253.75
2026-04-16,LNG,171.0,262.1326599121094,44824.6848449707,0.1918158070905863,275.202392578125,-2234.924285888672
2026-04-17,CNQ,1015.0,43.0,43645.0,0.19114418712133696,46.560001373291016,-3613.401393890381
2026-04-17,LNG,171.0,250.4896697998047,42833.7335357666,0.187591228733327,275.202392578125,-4225.875595092773
2026-04-20,CNQ,1015.0,43.29999923706055,43949.499225616455,0.19203799379813918,46.560001373291016,-3308.902168273926
2026-04-20,LNG,171.0,251.76670837402344,43052.10713195801,0.1881168256311983,275.202392578125,-4007.501998901367
2026-04-21,CNQ,1015.0,44.279998779296875,44944.19876098633,0.19474958297902997,46.560001373291016,-2314.2026329040527
2026-04-21,LNG,171.0,257.18414306640625,43978.48846435547,0.1905650233977683,275.202392578125,-3081.1206665039062
2026-04-22,CNQ,1015.0,44.68000030517578,45350.20030975342,0.19620717645864313,46.560001373291016,-1908.201084136963
2026-04-22,LNG,171.0,256.8848571777344,43927.31057739258,0.19005105862693267,275.202392578125,-3132.298553466797
2026-04-23,CNQ,1015.0,45.43000030517578,46111.45030975342,0.19888824438831143,46.560001373291016,-1146.951084136963
2026-04-23,LNG,171.0,256.59552001953125,43877.833923339844,0.1892541938705641,275.202392578125,-3181.7752075195312
2026-04-24,CNQ,1015.0,44.2400016784668,44903.6017036438,0.19470724054096397,46.560001373291016,-2354.799690246582
2026-04-24,LNG,171.0,256.4957275390625,43860.76940917969,0.19018539840139162,275.202392578125,-3198.8397216796875
2026-04-27,CNQ,1015.0,45.02000045776367,45695.30046463013,0.1971265638396513,46.560001373291016,-1563.100929260254
2026-04-27,LNG,171.0,258.8003845214844,44254.86575317383,0.19091262187587044,275.202392578125,-2804.743377685547
2026-04-28,CNQ,1015.0,46.36000061035156,47055.400619506836,0.20098924742048574,46.560001373291016,-203.00077438354492
2026-04-28,LNG,171.0,264.3675231933594,45206.84646606445,0.19309345855831683,275.202392578125,-1852.7626647949219
2026-04-29,CNQ,1015.0,47.209999084472656,47918.149070739746,0.2028550811976866,46.560001373291016,659.7476768493652
2026-04-29,LNG,171.0,271.60076904296875,46443.731506347656,0.19661333145266802,275.202392578125,-615.8776245117188
2026-04-30,CNQ,1015.0,47.689998626708984,48405.34860610962,0.2040956886323274,46.560001373291016,1146.9472122192383
2026-04-30,LNG,171.0,274.3144836425781,46907.77670288086,0.1977813457411511,275.202392578125,-151.83242797851562
2026-05-01,CNQ,1015.0,46.959999084472656,47664.399070739746,0.20231527595873966,46.560001373291016,405.99767684936523
2026-05-01,LNG,171.0,269.4357604980469,46073.515045166016,0.19556264407986879,275.202392578125,-986.0940856933594
2026-05-04,CNQ,1015.0,47.58000183105469,48293.70185852051,0.20402919728131544,46.560001373291016,1035.300464630127
2026-05-04,LNG,171.0,272.2193298339844,46549.50540161133,0.1966603895629378,275.202392578125,-510.1037292480469
2026-05-05,CNQ,1015.0,47.849998474121094,48567.74845123291,0.20544221506038796,46.560001373291016,1309.3470573425293
2026-05-05,LNG,171.0,268.8970031738281,45981.38754272461,0.19450187438301292,275.202392578125,-1078.2215881347656
2026-05-06,CNQ,1015.0,45.630001068115234,46314.45108413696,0.19897028764321587,46.560001373291016,-943.950309753418
2026-05-06,LNG,171.0,260.81573486328125,44599.490661621094,0.1916026915565252,275.202392578125,-2460.1184692382812
2026-05-07,CNQ,1015.0,44.7400016784668,45411.1017036438,0.19798214031724154,46.560001373291016,-1847.299690246582
2026-05-07,LNG,171.0,246.20957946777344,42101.83808898926,0.18355449886562036,275.202392578125,-4957.771041870117
2026-05-08,CNQ,1015.0,44.529998779296875,45197.94876098633,0.19822044635671324,46.560001373291016,-2060.4526329040527
2026-05-08,LNG,171.0,239.55499267578125,40963.903747558594,0.17965158835622583,275.202392578125,-6095.705383300781
2026-05-11,CNQ,1015.0,45.189998626708984,45867.84860610962,0.20039753447645287,46.560001373291016,-1390.5527877807617
2026-05-11,LNG,171.0,240.6999969482422,41159.699478149414,0.17982753815303665,275.202392578125,-5899.909652709961
2026-05-12,CNQ,1015.0,46.91999816894531,47623.79814147949,0.2059340201975315,46.560001373291016,365.3967475891113
2026-05-12,LNG,171.0,244.30999755859375,41777.00958251953,0.180651436275632,275.202392578125,-5282.599548339844
2026-05-13,CNQ,1015.0,47.20000076293945,47908.000774383545,0.20766477936575437,46.560001373291016,649.5993804931641
2026-05-13,LNG,171.0,239.3800048828125,40933.98083496094,0.17743479087525255,275.202392578125,-6125.6282958984375
2026-05-14,CNQ,1015.0,47.56999969482422,48283.54969024658,0.20868996732727502,46.560001373291016,1025.1482963562012
2026-05-14,LNG,171.0,241.0800018310547,41224.68031311035,0.17818029624607787,275.202392578125,-5834.928817749023
2026-05-15,CNQ,1015.0,47.97999954223633,48699.69953536987,0.20999297702597425,46.560001373291016,1441.2981414794922
2026-05-15,LNG,171.0,241.83999633789062,41354.6393737793,0.1783210968196691,275.202392578125,-5704.969757080078
