date,ticker,shares,price,market_value_usd,weight,cost_basis,unrealized_pnl_usd
2019-07-01,PAYC,78.0,221.28439331054688,17260.182678222656,0.17301010698003338,221.28439331054688,0.0
2019-07-01,ROKU,198.0,91.37000274658203,18091.260543823242,0.18134054432921104,91.37000274658203,0.0
2019-07-01,NOW,323.0,56.70199966430664,18314.745891571045,0.183580684230575,56.70199966430664,0.0
2019-07-01,HEI,154.0,131.76046752929688,20291.11199951172,0.20339109517123938,131.76046752929688,0.0
2019-07-01,MELI,33.0,619.3099975585938,20437.229919433594,0.2048557307100787,619.3099975585938,0.0
2019-07-02,PAYC,78.0,227.05532836914062,17710.31561279297,0.1742527538367382,221.28439331054688,450.1329345703125
2019-07-02,ROKU,198.0,93.05000305175781,18423.900604248047,0.18127375518850367,91.37000274658203,332.6400604248047
2019-07-02,NOW,323.0,57.6619987487793,18624.825595855713,0.18325066705544796,56.70199966430664,310.07970428466797
2019-07-02,HEI,154.0,135.17481994628906,20816.922271728516,0.20481882489060674,131.76046752929688,525.8102722167969
2019-07-02,MELI,33.0,626.97998046875,20690.33935546875,0.20357336872657225,619.3099975585938,253.10943603515625
2019-07-03,PAYC,78.0,229.80435180664062,17924.73944091797,0.1748931692851115,221.28439331054688,664.5567626953125
2019-07-03,ROKU,198.0,93.51000213623047,18514.980422973633,0.18065219949773617,91.37000274658203,423.7198791503906
2019-07-03,NOW,323.0,58.630001068115234,18937.49034500122,0.18477466384715524,56.70199966430664,622.7444534301758
2019-07-03,HEI,154.0,135.30386352539062,20836.794982910156,0.2033063367150758,131.76046752929688,545.6829833984375
2019-07-03,MELI,33.0,633.52001953125,20906.16064453125,0.20398314322824487,619.3099975585938,468.93072509765625
2019-07-05,PAYC,78.0,233.27468872070312,18195.425720214844,0.17520379545601156,221.28439331054688,935.2430419921875
2019-07-05,ROKU,198.0,98.11000061035156,19425.78012084961,0.18705088076535556,91.37000274658203,1334.5195770263672
2019-07-05,NOW,323.0,58.90599822998047,19026.63742828369,0.18320753487494376,56.70199966430664,711.8915367126465
2019-07-05,HEI,154.0,134.90684509277344,20775.65414428711,0.20004882079327016,131.76046752929688,484.5421447753906
2019-07-05,MELI,33.0,638.1799926757812,21059.93975830078,0.20278620761425573,619.3099975585938,622.7098388671875
2019-07-08,PAYC,78.0,233.040771484375,18177.18017578125,0.1741694347512026,221.28439331054688,916.9974975585938
2019-07-08,ROKU,198.0,103.25,20443.5,0.19588477447565245,91.37000274658203,2352.239456176758
2019-07-08,NOW,323.0,58.599998474121094,18927.799507141113,0.18136169138242975,56.70199966430664,613.0536155700684
2019-07-08,HEI,154.0,134.14256286621094,20657.954681396484,0.1979396284341526,131.76046752929688,366.8426818847656
2019-07-08,MELI,33.0,629.969970703125,20789.009033203125,0.19919536018985476,619.3099975585938,351.77911376953125
2019-07-09,PAYC,78.0,233.87908935546875,18242.568969726562,0.17302212941339265,221.28439331054688,982.3862915039062
2019-07-09,ROKU,198.0,103.4000015258789,20473.200302124023,0.19417861146962725,91.37000274658203,2381.9397583007812
2019-07-09,NOW,323.0,59.604000091552734,19252.092029571533,0.18259697765961086,56.70199966430664,937.3461380004883
2019-07-09,HEI,154.0,136.0978240966797,20959.064910888672,0.19878680724263326,131.76046752929688,667.9529113769531
2019-07-09,MELI,33.0,640.5599975585938,21138.479919433594,0.20048847365149702,619.3099975585938,701.25
2019-07-10,PAYC,78.0,238.31454467773438,18588.53448486328,0.17621132966724107,221.28439331054688,1328.351806640625
2019-07-10,ROKU,198.0,103.5,20493.0,0.19426484545144232,91.37000274658203,2401.739456176758
2019-07-10,NOW,323.0,59.75,19299.25,0.1829486077479504,56.70199966430664,984.5041084289551
2019-07-10,HEI,154.0,135.32369995117188,20839.84979248047,0.1975528326339477,131.76046752929688,548.73779296875
2019-07-10,MELI,33.0,633.3300170898438,20899.890563964844,0.1981219933811881,619.3099975585938,462.66064453125
2019-07-11,PAYC,78.0,237.7296142578125,18542.909912109375,0.1751316030130911,221.28439331054688,1282.7272338867188
2019-07-11,ROKU,198.0,104.54000091552734,20698.920181274414,0.19549440131935794,91.37000274658203,2607.659637451172
2019-07-11,NOW,323.0,60.46200180053711,19529.226581573486,0.18444703517667935,56.70199966430664,1214.4806900024414
2019-07-11,HEI,154.0,135.1152801513672,20807.753143310547,0.1965222923673322,131.76046752929688,516.6411437988281
2019-07-11,MELI,33.0,634.2899780273438,20931.569274902344,0.19769169445725934,619.3099975585938,494.33935546875
2019-07-12,PAYC,78.0,237.50538635253906,18525.420135498047,0.17525678158011979,221.28439331054688,1265.2374572753906
2019-07-12,ROKU,198.0,102.47000122070312,20289.06024169922,0.19194141742738818,91.37000274658203,2197.7996978759766
2019-07-12,NOW,323.0,60.22600173950195,19452.99856185913,0.18403198929353046,56.70199966430664,1138.252670288086
2019-07-12,HEI,154.0,134.9961700439453,20789.410186767578,0.19667489825508833,131.76046752929688,498.2981872558594
2019-07-12,MELI,33.0,644.7899780273438,21278.069274902344,0.20129777959596934,619.3099975585938,840.83935546875
2019-07-15,PAYC,78.0,237.251953125,18505.65234375,0.17454745060637594,221.28439331054688,1245.4696655273438
2019-07-15,ROKU,198.0,104.33999633789062,20659.319274902344,0.19486108588413253,91.37000274658203,2568.0587310791016
2019-07-15,NOW,323.0,60.220001220703125,19451.06039428711,0.1834646485488591,56.70199966430664,1136.3145027160645
2019-07-15,HEI,154.0,134.71824645996094,20746.609954833984,0.19568442166072358,131.76046752929688,455.4979553222656
2019-07-15,MELI,33.0,645.1099853515625,21288.629516601562,0.2007968127792819,619.3099975585938,851.3995971679688
2019-07-16,PAYC,78.0,233.92782592773438,18246.37042236328,0.1710090862074784,221.28439331054688,986.187744140625
2019-07-16,ROKU,198.0,111.94000244140625,22164.120483398438,0.20772712066685664,91.37000274658203,4072.8599395751953
2019-07-16,NOW,323.0,59.099998474121094,19089.299507141113,0.17890920711858796,56.70199966430664,774.5536155700684
2019-07-16,HEI,154.0,135.7703094482422,20908.627655029297,0.1959603595878255,131.76046752929688,617.5156555175781
2019-07-16,MELI,33.0,633.9500122070312,20920.35040283203,0.1960702278160365,619.3099975585938,483.1204833984375
2019-07-17,PAYC,78.0,236.30641174316406,18431.900115966797,0.17323816628775424,221.28439331054688,1171.7174377441406
2019-07-17,ROKU,198.0,109.33999633789062,21649.319274902344,0.20347811939981822,91.37000274658203,3558.0587310791016
2019-07-17,NOW,323.0,59.3120002746582,19157.7760887146,0.18006054605760974,56.70199966430664,843.0301971435547
2019-07-17,HEI,154.0,135.97879028320312,20940.73370361328,0.1968182490524447,131.76046752929688,649.6217041015625
2019-07-17,MELI,33.0,631.72998046875,20847.08935546875,0.1959381024016001,619.3099975585938,409.85943603515625
2019-07-18,PAYC,78.0,235.95542907714844,18404.523468017578,0.1721574898898304,221.28439331054688,1144.3407897949219
2019-07-18,ROKU,198.0,109.0199966430664,21585.95933532715,0.20191691365938735,91.37000274658203,3494.6987915039062
2019-07-18,NOW,323.0,58.93600082397461,19036.3282661438,0.17806744612068723,56.70199966430664,721.5823745727539
2019-07-18,HEI,154.0,137.03086853027344,21102.75375366211,0.1973969672350875,131.76046752929688,811.6417541503906
2019-07-18,MELI,33.0,648.6699829101562,21406.109436035156,0.20023458228727367,619.3099975585938,968.8795166015625
2019-07-19,PAYC,78.0,226.9481201171875,17701.953369140625,0.1692563463247643,221.28439331054688,441.77069091796875
2019-07-19,ROKU,198.0,106.8499984741211,21156.299697875977,0.20228490686550946,91.37000274658203,3065.0391540527344
2019-07-19,NOW,323.0,57.948001861572266,18717.20460128784,0.17896362046404168,56.70199966430664,402.4587097167969
2019-07-19,HEI,154.0,136.10781860351562,20960.604064941406,0.20041377280863415,131.76046752929688,669.4920654296875
2019-07-19,MELI,33.0,626.7000122070312,20681.10040283203,0.19774131245092613,619.3099975585938,243.8704833984375
2019-07-22,PAYC,78.0,228.03988647460938,17787.11114501953,0.16842334644991847,221.28439331054688,526.928466796875
2019-07-22,ROKU,198.0,108.5999984741211,21502.799697875977,0.20360661456667314,91.37000274658203,3411.5391540527344
2019-07-22,NOW,323.0,58.762001037597656,18980.126335144043,0.17971981888145314,56.70199966430664,665.380443572998
2019-07-22,HEI,154.0,136.13755798339844,20965.18392944336,0.1985160157569266,131.76046752929688,674.0719299316406
2019-07-22,MELI,33.0,636.510009765625,21004.830322265625,0.1988914211895094,619.3099975585938,567.6004028320312
2019-07-23,PAYC,78.0,226.05126953125,17631.9990234375,0.16851009404983355,221.28439331054688,371.81634521484375
2019-07-23,ROKU,198.0,104.91999816894531,20774.159637451172,0.19853991539245627,91.37000274658203,2682.8990936279297
2019-07-23,NOW,323.0,58.20199966430664,18799.245891571045,0.1796655438242523,56.70199966430664,484.5
2019-07-23,HEI,154.0,137.08050537109375,21110.397827148438,0.201753364354977,131.76046752929688,819.2858276367188
2019-07-23,MELI,33.0,634.8300170898438,20949.390563964844,0.20021460808430633,619.3099975585938,512.16064453125
2019-07-24,PAYC,78.0,229.20968627929688,17878.355529785156,0.16742686261945658,221.28439331054688,618.1728515625
2019-07-24,ROKU,198.0,107.66000366210938,21316.680725097656,0.19962602093452336,91.37000274658203,3225.420181274414
2019-07-24,NOW,323.0,59.44200134277344,19199.76643371582,0.1798015847524664,56.70199966430664,885.0205421447754
2019-07-24,HEI,154.0,137.9142303466797,21238.791473388672,0.1988966052439311,131.76046752929688,947.6794738769531
2019-07-24,MELI,33.0,660.0,21780.0,0.2039649039184078,619.3099975585938,1342.7700805664062
2019-07-25,PAYC,78.0,229.19993591308594,17877.595001220703,0.169014908195668,221.28439331054688,617.4123229980469
2019-07-25,ROKU,198.0,106.88999938964844,21164.21987915039,0.2000866827816207,91.37000274658203,3072.9593353271484
2019-07-25,NOW,323.0,57.145999908447266,18458.157970428467,0.17450355456760755,56.70199966430664,143.41207885742188
2019-07-25,HEI,154.0,138.78765869140625,21373.299438476562,0.20206332239800595,131.76046752929688,1082.1874389648438
2019-07-25,MELI,33.0,652.5,21532.5,0.20356840562025957,619.3099975585938,1095.2700805664062
2019-07-26,PAYC,78.0,229.27793884277344,17883.679229736328,0.1677392768892825,221.28439331054688,623.4965515136719
2019-07-26,ROKU,198.0,110.44999694824219,21869.099395751953,0.20512037102319253,91.37000274658203,3777.838851928711
2019-07-26,NOW,323.0,57.86600112915039,18690.718364715576,0.17530886920771768,56.70199966430664,375.97247314453125
2019-07-26,HEI,154.0,137.646240234375,21197.52099609375,0.19882132742673736,131.76046752929688,906.4089965820312
2019-07-26,MELI,33.0,654.7100219726562,21605.430725097656,0.2026473009358936,619.3099975585938,1168.2008056640625
2019-07-29,PAYC,78.0,223.82867431640625,17458.636596679688,0.16673638162127621,221.28439331054688,198.45391845703125
2019-07-29,ROKU,198.0,105.12999725341797,20815.739456176758,0.19879794498696512,91.37000274658203,2724.4789123535156
2019-07-29,NOW,323.0,57.167999267578125,18465.263763427734,0.17635004019626294,56.70199966430664,150.51787185668945
2019-07-29,HEI,154.0,136.6040802001953,21037.028350830078,0.200911335078061,131.76046752929688,745.9163513183594
2019-07-29,MELI,33.0,653.3900146484375,21561.870483398438,0.20592376990492972,619.3099975585938,1124.6405639648438
2019-07-30,PAYC,78.0,222.8636016845703,17383.360931396484,0.1673477983842249,221.28439331054688,123.17825317382812
2019-07-30,ROKU,198.0,105.76000213623047,20940.480422973633,0.20159181585899913,91.37000274658203,2849.2198791503906
2019-07-30,NOW,323.0,56.20000076293945,18152.600246429443,0.1747531848517435,56.70199966430664,-162.14564514160156
2019-07-30,HEI,154.0,137.1102752685547,21114.982391357422,0.20327172806573457,131.76046752929688,823.8703918457031
2019-07-30,MELI,33.0,633.780029296875,20914.740966796875,0.20134402480525604,619.3099975585938,477.51104736328125
2019-07-31,PAYC,78.0,234.68817138671875,18305.677368164062,0.1769292289890986,221.28439331054688,1045.4946899414062
2019-07-31,ROKU,198.0,103.33000183105469,20459.340362548828,0.1977449532824557,91.37000274658203,2368.079818725586
2019-07-31,NOW,323.0,55.47800064086914,17919.394207000732,0.17319569974013674,56.70199966430664,-395.3516845703125
2019-07-31,HEI,154.0,135.73065185546875,20902.520385742188,0.20202840579994294,131.76046752929688,611.4083862304688
2019-07-31,MELI,33.0,621.4199829101562,20506.859436035156,0.19820423773640516,619.3099975585938,69.6295166015625
2019-08-01,PAYC,93.0,231.89047241210938,21565.813934326172,0.20997851553700805,222.99505123015373,827.274169921875
2019-08-01,HEI,154.0,136.98121643066406,21095.107330322266,0.20539541590241062,131.76046752929688,803.9953308105469
2019-08-01,MELI,33.0,626.4500122070312,20672.85040283203,0.20128405321145787,619.3099975585938,235.6204833984375
2019-08-01,CDNS,230.0,73.04000091552734,16799.20021057129,0.1635677249728144,73.04000091552734,0.0
2019-08-01,MA,65.0,263.90496826171875,17153.82293701172,0.16702055795655474,263.90496826171875,0.0
2019-08-02,PAYC,93.0,230.564697265625,21442.516845703125,0.2117761954519009,222.99505123015373,703.9770812988281
2019-08-02,HEI,154.0,135.4130096435547,20853.603485107422,0.2059598152267995,131.76046752929688,562.4914855957031
2019-08-02,MELI,33.0,614.7100219726562,20285.430725097656,0.20034827874812414,619.3099975585938,-151.7991943359375
2019-08-02,CDNS,230.0,71.2699966430664,16392.099227905273,0.16189593949888711,73.04000091552734,-407.1009826660156
2019-08-02,MA,65.0,259.37109375,16859.12109375,0.1665084630497903,263.90496826171875,-294.70184326171875
2019-08-05,PAYC,93.0,215.60118103027344,20050.90983581543,0.20831357471208906,222.99505123015373,-687.6299285888672
2019-08-05,HEI,154.0,131.42298889160156,20239.14028930664,0.21026914475641653,131.76046752929688,-51.971710205078125
2019-08-05,MELI,33.0,574.25,18950.25,0.19687856319300162,619.3099975585938,-1486.9799194335938
2019-08-05,CDNS,230.0,67.5,15525.0,0.1612928427630955,73.04000091552734,-1274.200210571289
2019-08-05,MA,65.0,247.2327880859375,16070.131225585938,0.16695633809666624,263.90496826171875,-1083.6917114257812
2019-08-06,PAYC,93.0,219.63693237304688,20426.23471069336,0.20531345035636905,222.99505123015373,-312.3050537109375
2019-08-06,HEI,154.0,138.59910583496094,21344.262298583984,0.2145409665511911,131.76046752929688,1053.1502990722656
2019-08-06,MELI,33.0,601.0399780273438,19834.319274902344,0.1993638369223363,619.3099975585938,-602.91064453125
2019-08-06,CDNS,230.0,69.1500015258789,15904.500350952148,0.1598634251244842,73.04000091552734,-894.6998596191406
2019-08-06,MA,65.0,254.77951049804688,16560.668182373047,0.16645886884624628,263.90496826171875,-593.1547546386719
2019-08-07,PAYC,93.0,225.37864685058594,20960.214157104492,0.2082502588890929,222.99505123015373,221.6743927001953
2019-08-07,HEI,154.0,138.44029235839844,21319.80502319336,0.21182297481631912,131.76046752929688,1028.6930236816406
2019-08-07,MELI,33.0,613.5399780273438,20246.819274902344,0.20116232229668957,619.3099975585938,-190.41064453125
2019-08-07,CDNS,230.0,68.93000030517578,15853.90007019043,0.1575164628220123,73.04000091552734,-945.3001403808594
2019-08-07,MA,65.0,259.2362976074219,16850.359344482422,0.16741678637254281,263.90496826171875,-303.4635925292969
2019-08-08,PAYC,93.0,234.4152374267578,21800.617080688477,0.206498830585876,222.99505123015373,1062.0773162841797
2019-08-08,HEI,154.0,141.75538635253906,21830.329498291016,0.20678027121969358,131.76046752929688,1539.2174987792969
2019-08-08,MELI,33.0,688.0999755859375,22707.299194335938,0.2150870643724867,619.3099975585938,2270.0692749023438
2019-08-08,CDNS,230.0,71.38999938964844,16419.69985961914,0.15552994702090084,73.04000091552734,-379.50035095214844
2019-08-08,MA,65.0,267.6397399902344,17396.583099365234,0.16478313677602954,263.90496826171875,242.76016235351562
2019-08-09,PAYC,93.0,234.56146240234375,21814.21600341797,0.20749117779825962,222.99505123015373,1075.6762390136719
2019-08-09,HEI,154.0,141.35838317871094,21769.191009521484,0.2070629117073546,131.76046752929688,1478.0790100097656
2019-08-09,MELI,33.0,690.0999755859375,22773.299194335938,0.21661372893000333,619.3099975585938,2336.0692749023438
2019-08-09,CDNS,230.0,70.23999786376953,16155.199508666992,0.153664077273919,73.04000091552734,-644.0007019042969
2019-08-09,MA,65.0,264.6654052734375,17203.251342773438,0.16363287511741242,263.90496826171875,49.42840576171875
2019-08-12,PAYC,93.0,232.9334716796875,21662.812866210938,0.2124829746802993,222.99505123015373,924.2731018066406
2019-08-12,HEI,154.0,140.1970977783203,21590.353057861328,0.21177224169663844,131.76046752929688,1299.2410583496094
2019-08-12,MELI,33.0,623.6500244140625,20580.450805664062,0.20186646279301712,619.3099975585938,143.22088623046875
2019-08-12,CDNS,230.0,68.72000122070312,15805.600280761719,0.15503161962417158,73.04000091552734,-993.5999298095703
2019-08-12,MA,65.0,259.9005432128906,16893.53530883789,0.16570279480590844,263.90496826171875,-260.2876281738281
2019-08-13,PAYC,93.0,237.44692993164062,22082.564483642578,0.21285009342064334,222.99505123015373,1344.0247192382812
2019-08-13,HEI,154.0,140.95140075683594,21706.515716552734,0.20922542313993017,131.76046752929688,1415.4037170410156
2019-08-13,MELI,33.0,637.5700073242188,21039.81024169922,0.20279916215417637,619.3099975585938,602.580322265625
2019-08-13,CDNS,230.0,70.97000122070312,16323.100280761719,0.15733559488746274,73.04000091552734,-476.0999298095703
2019-08-13,MA,65.0,264.2611083984375,17176.972045898438,0.1655659199981729,263.90496826171875,23.14910888671875
2019-08-14,PAYC,93.0,226.45094299316406,21059.937698364258,0.20973244348039066,222.99505123015373,321.39793395996094
2019-08-14,HEI,154.0,137.54698181152344,21182.23519897461,0.2109503841030994,131.76046752929688,891.1231994628906
2019-08-14,MELI,33.0,620.0,20460.0,0.20375776296537135,619.3099975585938,22.77008056640625
2019-08-14,CDNS,230.0,67.7300033569336,15577.900772094727,0.15513774257177676,73.04000091552734,-1221.2994384765625
2019-08-14,MA,65.0,257.1571350097656,16715.213775634766,0.16646405505431566,263.90496826171875,-438.6091613769531
2019-08-15,PAYC,93.0,229.21945190429688,21317.40902709961,0.21055477281409846,222.99505123015373,578.8692626953125
2019-08-15,HEI,154.0,140.17724609375,21587.2958984375,0.21322047992736995,131.76046752929688,1296.1838989257812
2019-08-15,MELI,33.0,613.25,20237.25,0.19988590408502666,619.3099975585938,-199.97991943359375
2019-08-15,CDNS,230.0,68.13999938964844,15672.19985961914,0.15479632054459969,73.04000091552734,-1127.0003509521484
2019-08-15,MA,65.0,261.7198181152344,17011.788177490234,0.16802760552746068,263.90496826171875,-142.03475952148438
2019-08-16,PAYC,93.0,235.34130859375,21886.74169921875,0.21311616580473158,222.99505123015373,1148.2019348144531
2019-08-16,HEI,154.0,140.74298095703125,21674.419067382812,0.21104873220349984,131.76046752929688,1383.3070678710938
2019-08-16,MELI,33.0,624.530029296875,20609.490966796875,0.20067928586134778,619.3099975585938,172.26104736328125
2019-08-16,CDNS,230.0,69.31999969482422,15943.59992980957,0.15524644704364055,73.04000091552734,-855.6002807617188
2019-08-16,MA,65.0,264.0973815917969,17166.329803466797,0.16715244502496793,263.90496826171875,12.506866455078125
2019-08-19,PAYC,93.0,237.52490234375,22089.81591796875,0.21530635421062902,222.99505123015373,1351.2761535644531
2019-08-19,HEI,154.0,141.3782196044922,21772.245819091797,0.21221104275808372,131.76046752929688,1481.1338195800781
2019-08-19,MELI,33.0,603.3499755859375,19910.549194335938,0.1940653454643203,619.3099975585938,-526.6807250976562
2019-08-19,CDNS,230.0,69.5999984741211,16007.999649047852,0.15602773945426582,73.04000091552734,-791.2005615234375
2019-08-19,MA,65.0,267.6686706542969,17398.463592529297,0.16958039754087303,263.90496826171875,244.64065551757812
2019-08-20,PAYC,93.0,240.7515869140625,22389.897583007812,0.21689503907654495,222.99505123015373,1651.3578186035156
2019-08-20,HEI,154.0,143.2442169189453,22059.609405517578,0.2136954770018335,131.76046752929688,1768.4974060058594
2019-08-20,MELI,33.0,612.2999877929688,20205.89959716797,0.19573825054164212,619.3099975585938,-231.330322265625
2019-08-20,CDNS,230.0,68.79000091552734,15821.700210571289,0.15326770802353257,73.04000091552734,-977.5
2019-08-20,MA,65.0,266.6770935058594,17334.01107788086,0.16791774040733093,263.90496826171875,180.18814086914062
2019-08-21,PAYC,93.0,245.5574188232422,22836.839950561523,0.21800394757348307,222.99505123015373,2098.3001861572266
2019-08-21,HEI,154.0,143.12513732910156,22041.27114868164,0.21040932678743793,131.76046752929688,1750.1591491699219
2019-08-21,MELI,33.0,629.8300170898438,20784.390563964844,0.1984109535584837,619.3099975585938,347.16064453125
2019-08-21,CDNS,230.0,69.69000244140625,16028.700561523438,0.1530124134709581,73.04000091552734,-770.4996490478516
2019-08-21,MA,65.0,271.4612731933594,17644.98275756836,0.16844168914540916,263.90496826171875,491.1598205566406
2019-08-22,PAYC,93.0,242.3405303955078,22537.669326782227,0.21642259390823398,222.99505123015373,1799.1295623779297
2019-08-22,HEI,154.0,143.6213836669922,22117.693084716797,0.21238968587458817,131.76046752929688,1826.5810852050781
2019-08-22,MELI,33.0,619.4000244140625,20440.200805664062,0.19628122208316112,619.3099975585938,2.97088623046875
2019-08-22,CDNS,230.0,69.80999755859375,16056.299438476562,0.15418390973165225,73.04000091552734,-742.9007720947266
2019-08-22,MA,65.0,270.2676086425781,17567.394561767578,0.16869451069410837,263.90496826171875,413.5716247558594
2019-08-23,PAYC,93.0,242.64273071289062,22565.773956298828,0.22169938298450512,222.99505123015373,1827.2341918945312
2019-08-23,HEI,154.0,140.8025665283203,21683.595245361328,0.21303234252421913,131.76046752929688,1392.4832458496094
2019-08-23,MELI,33.0,598.1799926757812,19739.93975830078,0.19393673237363127,619.3099975585938,-697.2901611328125
2019-08-23,CDNS,230.0,66.80999755859375,15366.299438476562,0.15096752767544597,73.04000091552734,-1432.9007720947266
2019-08-23,MA,65.0,261.7198181152344,17011.788177490234,0.16713377301911406,263.90496826171875,-142.03475952148438
2019-08-26,PAYC,93.0,246.3177947998047,22907.554916381836,0.22207330498977967,222.99505123015373,2169.015151977539
2019-08-26,HEI,154.0,143.20452880859375,22053.497436523438,0.21379379336596324,131.76046752929688,1762.3854370117188
2019-08-26,MELI,33.0,602.6199951171875,19886.459838867188,0.19278582446202375,619.3099975585938,-550.7700805664062
2019-08-26,CDNS,230.0,67.79000091552734,15591.700210571289,0.15115102457727947,73.04000091552734,-1207.5
2019-08-26,MA,65.0,266.0899353027344,17295.845794677734,0.16767156740376943,263.90496826171875,142.02285766601562
2019-08-27,PAYC,93.0,248.6768341064453,23126.945571899414,0.22437132132815812,222.99505123015373,2388.405807495117
2019-08-27,HEI,154.0,144.01840209960938,22178.833923339844,0.21517300057747465,131.76046752929688,1887.721923828125
2019-08-27,MELI,33.0,594.1300048828125,19606.290161132812,0.1902148822947802,619.3099975585938,-830.9397583007812
2019-08-27,CDNS,230.0,67.11000061035156,15435.30014038086,0.14974907416230504,73.04000091552734,-1363.9000701904297
2019-08-27,MA,65.0,266.2922058105469,17308.993377685547,0.16792713516524618,263.90496826171875,155.17044067382812
2019-08-28,PAYC,93.0,246.85394287109375,22957.41668701172,0.2238958430645979,222.99505123015373,2218.876922607422
2019-08-28,HEI,154.0,142.68838500976562,21974.011291503906,0.21430502615765626,131.76046752929688,1682.8992919921875
2019-08-28,MELI,33.0,588.1500244140625,19408.950805664062,0.18928886742261375,619.3099975585938,-1028.2791137695312
2019-08-28,CDNS,230.0,66.81999969482422,15368.59992980957,0.1498847054491971,73.04000091552734,-1430.6002807617188
2019-08-28,MA,65.0,267.83233642578125,17409.10186767578,0.16978502384660513,263.90496826171875,255.2789306640625
2019-08-29,PAYC,93.0,247.7020721435547,23036.292709350586,0.221868796848674,222.99505123015373,2297.752944946289
2019-08-29,HEI,154.0,144.862060546875,22308.75732421875,0.21486170579454283,131.76046752929688,2017.6453247070312
2019-08-29,MELI,33.0,593.489990234375,19585.169677734375,0.18863009284094814,619.3099975585938,-852.0602416992188
2019-08-29,CDNS,230.0,69.0199966430664,15874.599227905273,0.1528925802249681,73.04000091552734,-924.6009826660156
2019-08-29,MA,65.0,270.8548278808594,17605.56381225586,0.16956397065063508,263.90496826171875,451.7408752441406
2019-08-30,PAYC,93.0,243.82228088378906,22675.472122192383,0.21975809752533237,222.99505123015373,1936.932357788086
2019-08-30,HEI,154.0,143.59161376953125,22113.108520507812,0.21430798144582003,131.76046752929688,1821.9965209960938
2019-08-30,MELI,33.0,594.5999755859375,19621.799194335938,0.19016359340766192,619.3099975585938,-815.4307250976562
2019-08-30,CDNS,230.0,68.4800033569336,15750.400772094727,0.15264414739790694,73.04000091552734,-1048.7994384765625
2019-08-30,MA,65.0,270.84521484375,17604.93896484375,0.17061730283345466,263.90496826171875,451.11602783203125
2019-09-03,PAYC,86.0,238.1195831298828,20478.284149169922,0.20222962801633415,222.99505123015373,1300.7097433767012
2019-09-03,BFAM,102.0,163.36000061035156,16662.72006225586,0.16454970813884814,163.36000061035156,0.0
2019-09-03,SBAC,69.0,242.78672790527344,16752.284225463867,0.1654341829941247,242.78672790527344,0.0
2019-09-03,MKTX,54.0,374.50860595703125,20223.464721679688,0.1997132043913219,374.50860595703125,0.0
2019-09-03,EW,302.0,72.87000274658203,22006.740829467773,0.21732362825796303,72.87000274658203,0.0
2019-09-04,PAYC,86.0,241.63865661621094,20780.92446899414,0.203177427037829,222.99505123015373,1603.35006320092
2019-09-04,BFAM,102.0,163.82000732421875,16709.640747070312,0.1633720299008691,163.36000061035156,46.920684814453125
2019-09-04,SBAC,69.0,245.90057373046875,16967.139587402344,0.1658896249155638,242.78672790527344,214.85536193847656
2019-09-04,MKTX,54.0,380.5625,20550.375,0.20092331904638436,374.50860595703125,326.9102783203125
2019-09-04,EW,302.0,73.28666687011719,22132.57339477539,0.21639265003757713,72.87000274658203,125.83256530761719
2019-09-05,PAYC,86.0,246.3275604248047,21184.170196533203,0.2053948230740638,222.99505123015373,2006.5957907399825
2019-09-05,BFAM,102.0,165.33999633789062,16864.679626464844,0.1635144476249245,163.36000061035156,201.95956420898438
2019-09-05,SBAC,69.0,240.34848022460938,16584.045135498047,0.1607935068901282,242.78672790527344,-168.2390899658203
2019-09-05,MKTX,54.0,383.6824951171875,20718.854736328125,0.20088327573773768,374.50860595703125,495.3900146484375
2019-09-05,EW,302.0,74.99333190917969,22647.986236572266,0.21958750722300455,72.87000274658203,641.2454071044922
2019-09-06,PAYC,86.0,243.3348388671875,20926.796142578125,0.20251056399287898,222.99505123015373,1749.2217367849044
2019-09-06,BFAM,102.0,165.35000610351562,16865.700622558594,0.16321096272640484,163.36000061035156,202.98056030273438
2019-09-06,SBAC,69.0,239.5996551513672,16532.376205444336,0.1599853511591824,242.78672790527344,-219.90802001953125
2019-09-06,MKTX,54.0,390.61187744140625,21093.041381835938,0.20411933472557284,374.50860595703125,869.57666015625
2019-09-06,EW,302.0,75.43000030517578,22779.860092163086,0.22044283718886043,72.87000274658203,773.1192626953125
2019-09-09,PAYC,86.0,222.96107482910156,19174.652435302734,0.1980092082510804,222.99505123015373,-2.9219704904862738
2019-09-09,BFAM,102.0,158.69000244140625,16186.380249023438,0.16715047891346324,163.36000061035156,-476.3398132324219
2019-09-09,SBAC,69.0,230.1208953857422,15878.341781616211,0.1639694849816054,242.78672790527344,-873.9424438476562
2019-09-09,MKTX,54.0,344.3139953613281,18592.95574951172,0.19200225190157733,374.50860595703125,-1630.5089721679688
2019-09-09,EW,302.0,72.40333557128906,21865.807342529297,0.2257997225385707,72.87000274658203,-140.93348693847656
2019-09-10,PAYC,86.0,205.99920654296875,17715.931762695312,0.19147436267352194,222.99505123015373,-1461.6426430979081
2019-09-10,BFAM,102.0,150.02000427246094,15302.040435791016,0.165384947249412,163.36000061035156,-1360.6796264648438
2019-09-10,SBAC,69.0,220.15809631347656,15190.908645629883,0.1641838312720589,242.78672790527344,-1561.3755798339844
2019-09-10,MKTX,54.0,318.58050537109375,17203.347290039062,0.18593433313779817,374.50860595703125,-3020.117431640625
2019-09-10,EW,302.0,72.75666809082031,21972.513763427734,0.23747963841487685,72.87000274658203,-34.22706604003906
2019-09-11,PAYC,86.0,201.49549865722656,17328.612884521484,0.18775433646721915,222.99505123015373,-1848.9615212717363
2019-09-11,BFAM,102.0,151.5800018310547,15461.160186767578,0.16752061409790645,163.36000061035156,-1201.5598754882812
2019-09-11,SBAC,69.0,221.20823669433594,15263.36833190918,0.1653775528664601,242.78672790527344,-1488.9158935546875
2019-09-11,MKTX,54.0,317.9937438964844,17171.662170410156,0.18605378620492144,374.50860595703125,-3051.8025512695312
2019-09-11,EW,302.0,72.61666870117188,21930.233947753906,0.23761258623933534,72.87000274658203,-76.50688171386719
2019-09-12,PAYC,86.0,207.1592559814453,17815.696014404297,0.19011313658580717,222.99505123015373,-1361.8783913889238
2019-09-12,BFAM,102.0,154.0399932861328,15712.079315185547,0.16766522500607361,163.36000061035156,-950.6407470703125
2019-09-12,SBAC,69.0,224.550537109375,15493.987060546875,0.16533793997825852,242.78672790527344,-1258.2971649169922
2019-09-12,MKTX,54.0,321.44915771484375,17358.254516601562,0.18523173100493767,374.50860595703125,-2865.210205078125
2019-09-12,EW,302.0,73.48332977294922,22191.965591430664,0.2368127623069045,72.87000274658203,185.22476196289062
2019-09-13,PAYC,86.0,204.3809814453125,17576.764404296875,0.18977624997068357,222.99505123015373,-1600.8100014963456
2019-09-13,BFAM,102.0,155.39999389648438,15850.799377441406,0.17114101297011777,163.36000061035156,-811.9206848144531
2019-09-13,SBAC,69.0,222.3771514892578,15344.023452758789,0.1656693554824529,242.78672790527344,-1408.2607727050781
2019-09-13,MKTX,54.0,307.6184997558594,16611.398986816406,0.17935320369397292,374.50860595703125,-3612.0657348632812
2019-09-13,EW,302.0,73.16666412353516,22096.332565307617,0.23857400804234774,72.87000274658203,89.59173583984375
2019-09-16,PAYC,86.0,205.96994018554688,17713.41485595703,0.1905757823883949,222.99505123015373,-1464.1595498361894
2019-09-16,BFAM,102.0,157.9199981689453,16107.839813232422,0.17330165865569067,163.36000061035156,-554.8802490234375
2019-09-16,SBAC,69.0,224.9066162109375,15518.556518554688,0.16696165443601574,242.78672790527344,-1233.7277069091797
2019-09-16,MKTX,54.0,311.3997497558594,16815.586486816406,0.18091619132191408,374.50860595703125,-3407.8782348632812
2019-09-16,EW,302.0,71.69667053222656,21652.394500732422,0.23295463105870534,72.87000274658203,-354.34632873535156
2019-09-17,PAYC,86.0,210.04469299316406,18063.84359741211,0.19071551526044403,222.99505123015373,-1113.7308083811113
2019-09-17,BFAM,102.0,159.41000366210938,16259.820373535156,0.1716688922741383,163.36000061035156,-402.8996887207031
2019-09-17,SBAC,69.0,231.02490234375,15940.71826171875,0.16829985714340454,242.78672790527344,-811.5659637451172
2019-09-17,MKTX,54.0,318.9717102050781,17224.47235107422,0.18185355192042343,374.50860595703125,-2998.9923706054688
2019-09-17,EW,302.0,73.13999938964844,22088.279815673828,0.2332049457550999,72.87000274658203,81.53898620605469
2019-09-18,PAYC,86.0,210.62960815429688,18114.14630126953,0.19109628206328774,222.99505123015373,-1063.4281045236894
2019-09-18,BFAM,102.0,160.2100067138672,16341.420684814453,0.17239480594684647,163.36000061035156,-321.29937744140625
2019-09-18,SBAC,69.0,231.3902587890625,15965.927856445312,0.16843352164178696,242.78672790527344,-786.3563690185547
2019-09-18,MKTX,54.0,320.38739013671875,17300.919067382812,0.1825170921702773,374.50860595703125,-2922.545654296875
2019-09-18,EW,302.0,72.61333465576172,21929.22706604004,0.23134370735142915,72.87000274658203,-77.51376342773438
2019-09-19,PAYC,86.0,213.7978057861328,18386.611297607422,0.19490524673614312,222.99505123015373,-790.9631081857988
2019-09-19,BFAM,102.0,157.74000549316406,16089.480560302734,0.17055476551409168,163.36000061035156,-573.239501953125
2019-09-19,SBAC,69.0,229.3994903564453,15828.564834594727,0.1677889571183338,242.78672790527344,-923.7193908691406
2019-09-19,MKTX,54.0,319.22320556640625,17238.053100585938,0.18273008214719996,374.50860595703125,-2985.41162109375
2019-09-19,EW,302.0,71.70333099365234,21654.405960083008,0.2295451439234913,72.87000274658203,-352.3348693847656
2019-09-20,PAYC,86.0,210.5223388671875,18104.921142578125,0.1918693990455919,222.99505123015373,-1072.6532632150956
2019-09-20,BFAM,102.0,155.07000732421875,15817.140747070312,0.16762433074744498,163.36000061035156,-845.5793151855469
2019-09-20,SBAC,69.0,234.47677612304688,16178.897552490234,0.17145809839050524,242.78672790527344,-573.3866729736328
2019-09-20,MKTX,54.0,314.9668884277344,17008.211975097656,0.18024687237258677,374.50860595703125,-3215.2527465820312
2019-09-20,EW,302.0,73.22000122070312,22112.440368652344,0.23433963680665085,72.87000274658203,105.69953918457031
2019-09-23,PAYC,86.0,211.96511840820312,18229.00018310547,0.1931931536406222,222.99505123015373,-948.5742226877519
2019-09-23,BFAM,102.0,155.80999755859375,15892.619750976562,0.1684319106073618,163.36000061035156,-770.1003112792969
2019-09-23,SBAC,69.0,233.38095092773438,16103.285614013672,0.1706645729605216,242.78672790527344,-648.9986114501953
2019-09-23,MKTX,54.0,312.5173645019531,16875.93768310547,0.17885323324882088,374.50860595703125,-3347.5270385742188
2019-09-23,EW,302.0,73.23332977294922,22116.465591430664,0.2343929832724868,72.87000274658203,109.72476196289062
2019-09-24,PAYC,86.0,203.66937255859375,17515.566040039062,0.18685403532686623,222.99505123015373,-1662.0083657541581
2019-09-24,BFAM,102.0,157.5800018310547,16073.160186767578,0.17146661629360344,163.36000061035156,-589.5598754882812
2019-09-24,SBAC,69.0,232.6503448486328,16052.873794555664,0.17125020340472763,242.78672790527344,-699.4104309082031
2019-09-24,MKTX,54.0,313.0296325683594,16903.600158691406,0.18032565399161385,374.50860595703125,-3319.8645629882812
2019-09-24,EW,302.0,73.02999877929688,22055.059631347656,0.23528082861105104,72.87000274658203,48.31880187988281
2019-09-25,PAYC,86.0,205.9407196044922,17710.901885986328,0.18991839721294848,222.99505123015373,-1466.6725198068925
2019-09-25,BFAM,102.0,155.22999572753906,15833.459564208984,0.16978611716831468,163.36000061035156,-829.260498046875
2019-09-25,SBAC,69.0,224.6509246826172,15500.913803100586,0.16622014642576094,242.78672790527344,-1251.3704223632812
2019-09-25,MKTX,54.0,310.61749267578125,16773.344604492188,0.17986473775828316,374.50860595703125,-3450.1201171875
2019-09-25,EW,302.0,73.83333587646484,22297.667434692383,0.239103422741834,72.87000274658203,290.9266052246094
2019-09-26,PAYC,86.0,206.9545135498047,17798.088165283203,0.19153329652320814,222.99505123015373,-1379.4862405100175
2019-09-26,BFAM,102.0,151.8000030517578,15483.600311279297,0.16662604332142922,163.36000061035156,-1179.1197509765625
2019-09-26,SBAC,69.0,224.6144256591797,15498.395370483398,0.16678525966170699,242.78672790527344,-1253.8888549804688
2019-09-26,MKTX,54.0,309.2110290527344,16697.395568847656,0.1796882444313092,374.50860595703125,-3526.0691528320312
2019-09-26,EW,302.0,73.86666870117188,22307.733947753906,0.24006363949304543,72.87000274658203,300.9931182861328
2019-09-27,PAYC,86.0,201.2030792236328,17303.464813232422,0.1907398160575842,222.99505123015373,-1874.1095925607988
2019-09-27,BFAM,102.0,148.50999450683594,15148.019439697266,0.16697987788867683,163.36000061035156,-1514.7006225585938
2019-09-27,SBAC,69.0,216.26797485351562,14922.490264892578,0.16449382126463188,242.78672790527344,-1829.793960571289
2019-09-27,MKTX,54.0,302.4215087890625,16330.761474609375,0.18001749784616586,374.50860595703125,-3892.7032470703125
2019-09-27,EW,302.0,72.43000030517578,21873.860092163086,0.24112026669120704,72.87000274658203,-132.8807373046875
2019-09-30,PAYC,86.0,204.2152862548828,17562.514617919922,0.19077263837917857,222.99505123015373,-1615.0597878732988
2019-09-30,BFAM,102.0,152.5,15555.0,0.16896603103522911,163.36000061035156,-1107.7200622558594
2019-09-30,SBAC,69.0,220.21287536621094,15194.688400268555,0.1650521499074518,242.78672790527344,-1557.5958251953125
2019-09-30,MKTX,54.0,305.01995849609375,16471.077758789062,0.1789169164754243,374.50860595703125,-3752.386962890625
2019-09-30,EW,302.0,73.30332946777344,22137.605499267578,0.24046951705785305,72.87000274658203,130.8646697998047
2019-10-01,NEE,299.0,49.0515251159668,14666.406009674072,0.1619396075471842,49.0515251159668,0.0
2019-10-01,TER,277.0,56.52928161621094,15658.61100769043,0.17289507188378714,56.52928161621094,0.0
2019-10-01,PODD,104.0,162.8300018310547,16934.320190429688,0.1869808570625738,162.8300018310547,0.0
2019-10-01,MLM,75.0,255.9986114501953,19199.89585876465,0.21199628581564472,255.9986114501953,0.0
2019-10-01,DG,135.0,144.71499633789062,19536.524505615234,0.2157131821653139,144.71499633789062,0.0
2019-10-02,NEE,299.0,48.434234619140625,14481.836151123047,0.1628568568746094,49.0515251159668,-184.5698585510254
2019-10-02,TER,277.0,55.780235290527344,15451.125175476074,0.1737570881893346,56.52928161621094,-207.48583221435547
2019-10-02,PODD,104.0,157.30999755859375,16360.23974609375,0.1839806219984934,162.8300018310547,-574.0804443359375
2019-10-02,MLM,75.0,249.29391479492188,18697.04360961914,0.21025937065818437,255.9986114501953,-502.8522491455078
2019-10-02,DG,135.0,143.4228973388672,19362.09114074707,0.21773822551205002,144.71499633789062,-174.43336486816406
2019-10-03,NEE,299.0,48.6583137512207,14548.83581161499,0.1628952499994952,49.0515251159668,-117.57019805908203
2019-10-03,TER,277.0,56.840579986572266,15744.840656280518,0.1762862532862917,56.52928161621094,86.22964859008789
2019-10-03,PODD,104.0,158.69000244140625,16503.76025390625,0.184783455343247,162.8300018310547,-430.5599365234375
2019-10-03,MLM,75.0,248.11929321289062,18608.946990966797,0.20835406430945216,255.9986114501953,-590.9488677978516
2019-10-03,DG,135.0,143.23184204101562,19336.29867553711,0.21649781794237485,144.71499633789062,-200.225830078125
2019-10-04,NEE,299.0,49.38131332397461,14765.012683868408,0.16367060537419104,49.0515251159668,98.60667419433594
2019-10-04,TER,277.0,58.32896041870117,16157.122035980225,0.17910217900610195,56.52928161621094,498.5110282897949
2019-10-04,PODD,104.0,155.60000610351562,16182.400634765625,0.1793823930265571,162.8300018310547,-751.9195556640625
2019-10-04,MLM,75.0,250.16314697265625,18762.23602294922,0.20797994514455112,255.9986114501953,-437.6598358154297
2019-10-04,DG,135.0,146.47117614746094,19773.608779907227,0.2191910422790043,144.71499633789062,237.0842742919922
2019-10-07,NEE,299.0,49.16145706176758,14699.275661468506,0.16300285955785923,49.0515251159668,32.869651794433594
2019-10-07,TER,277.0,57.755001068115234,15998.13529586792,0.1774061430561312,56.52928161621094,339.52428817749023
2019-10-07,PODD,104.0,158.07000732421875,16439.28076171875,0.1822980829088658,162.8300018310547,-495.0394287109375
2019-10-07,MLM,75.0,250.33497619628906,18775.12321472168,0.20820065172143568,255.9986114501953,-424.77264404296875
2019-10-07,DG,135.0,145.8876495361328,19694.83268737793,0.21839947222511502,144.71499633789062,158.3081817626953
2019-10-08,NEE,299.0,48.616031646728516,14536.193462371826,0.16300602175670936,49.0515251159668,-130.2125473022461
2019-10-08,TER,277.0,56.461181640625,15639.747314453125,0.17538105815724397,56.52928161621094,-18.863693237304688
2019-10-08,PODD,104.0,153.07000732421875,15919.28076171875,0.17851569139562642,162.8300018310547,-1015.0394287109375
2019-10-08,MLM,75.0,251.13729858398438,18835.297393798828,0.21121532983963856,255.9986114501953,-364.5984649658203
2019-10-08,DG,135.0,145.73268127441406,19673.9119720459,0.22061938919954546,144.71499633789062,137.38746643066406
2019-10-09,NEE,299.0,49.33269119262695,14750.474666595459,0.16316635622335576,49.0515251159668,84.06865692138672
2019-10-09,TER,277.0,58.221946716308594,16127.47924041748,0.17839846392781195,56.52928161621094,468.8682327270508
2019-10-09,PODD,104.0,154.74000549316406,16092.960571289062,0.17801662635372228,162.8300018310547,-841.359619140625
2019-10-09,MLM,75.0,254.14578247070312,19060.933685302734,0.21084766191891688,255.9986114501953,-138.96217346191406
2019-10-09,DG,135.0,146.65350341796875,19798.22296142578,0.2190033862184197,144.71499633789062,261.6984558105469
2019-10-10,NEE,299.0,49.0451774597168,14664.508060455322,0.1621706977399242,49.0515251159668,-1.89794921875
2019-10-10,TER,277.0,58.251136779785156,16135.564888000488,0.17843870421887267,56.52928161621094,476.9538803100586
2019-10-10,PODD,104.0,154.89999389648438,16109.599365234375,0.17815155875672672,162.8300018310547,-824.7208251953125
2019-10-10,MLM,75.0,255.83624267578125,19187.718200683594,0.21219161500773087,255.9986114501953,-12.177658081054688
2019-10-10,DG,135.0,146.35264587402344,19757.607192993164,0.2184938581608009,144.71499633789062,221.0826873779297
2019-10-11,NEE,299.0,48.5251350402832,14509.015377044678,0.16031653345922392,49.0515251159668,-157.39063262939453
2019-10-11,TER,277.0,59.515785217285156,16485.87250518799,0.1821597029433165,56.52928161621094,827.2614974975586
2019-10-11,PODD,104.0,153.38999938964844,15952.559936523438,0.17626689629609174,162.8300018310547,-981.76025390625
2019-10-11,MLM,75.0,253.5058135986328,19012.93601989746,0.21008234634684328,255.9986114501953,-186.9598388671875
2019-10-11,DG,135.0,147.92994689941406,19970.5428314209,0.22066336790143262,144.71499633789062,434.01832580566406
2019-10-14,NEE,299.0,48.389835357666016,14468.560771942139,0.16060983645664942,49.0515251159668,-197.8452377319336
2019-10-14,TER,277.0,58.97099685668945,16334.966129302979,0.18132807263317696,56.52928161621094,676.3551216125488
2019-10-14,PODD,104.0,152.25,15834.0,0.17576704349103156,162.8300018310547,-1100.3201904296875
2019-10-14,MLM,75.0,253.78280639648438,19033.710479736328,0.21128577855800923,255.9986114501953,-166.1853790283203
2019-10-14,DG,135.0,146.9817352294922,19842.534255981445,0.22026421507789404,144.71499633789062,306.00975036621094
2019-10-15,NEE,299.0,48.10231399536133,14382.591884613037,0.15851919057050504,49.0515251159668,-283.81412506103516
2019-10-15,TER,277.0,60.01187515258789,16623.289417266846,0.1832152649664981,56.52928161621094,964.678409576416
2019-10-15,PODD,104.0,155.4199981689453,16163.679809570312,0.17814963120764643,162.8300018310547,-770.640380859375
2019-10-15,MLM,75.0,253.88792419433594,19041.594314575195,0.2098688568885581,255.9986114501953,-158.30154418945312
2019-10-15,DG,135.0,147.76583862304688,19948.388214111328,0.21986317753131526,144.71499633789062,411.86370849609375
2019-10-16,NEE,299.0,48.60334777832031,14532.400985717773,0.16041094937915643,49.0515251159668,-134.00502395629883
2019-10-16,TER,277.0,58.620784759521484,16237.957378387451,0.1792371516314004,56.52928161621094,579.3463706970215
2019-10-16,PODD,104.0,155.61000061035156,16183.440063476562,0.1786353808537393,162.8300018310547,-750.880126953125
2019-10-16,MLM,75.0,254.6710968017578,19100.332260131836,0.21083250003328657,255.9986114501953,-99.5635986328125
2019-10-16,DG,135.0,147.92083740234375,19969.313049316406,0.22042444795175786,144.71499633789062,432.7885437011719
2019-10-17,NEE,299.0,48.852806091308594,14606.98902130127,0.16073291039519408,49.0515251159668,-59.416988372802734
2019-10-17,TER,277.0,58.66943359375,16251.43310546875,0.1788281032679311,56.52928161621094,592.8220977783203
2019-10-17,PODD,104.0,156.47999572753906,16273.919555664062,0.17907554047617974,162.8300018310547,-660.400634765625
2019-10-17,MLM,75.0,255.0243682861328,19126.82762145996,0.21046847271133026,255.9986114501953,-73.0682373046875
2019-10-17,DG,135.0,148.49522399902344,20046.855239868164,0.22059230566109556,144.71499633789062,510.3307342529297
2019-10-18,NEE,299.0,49.14665603637695,14694.850154876709,0.16253715682023984,49.0515251159668,28.44414520263672
2019-10-18,TER,277.0,57.32697296142578,15879.571510314941,0.17564115166929561,56.52928161621094,220.96050262451172
2019-10-18,PODD,104.0,153.74000549316406,15988.960571289062,0.17685108486157586,162.8300018310547,-945.359619140625
2019-10-18,MLM,75.0,253.8401336669922,19038.010025024414,0.21057608538837486,255.9986114501953,-161.88583374023438
2019-10-18,DG,135.0,149.89930725097656,20236.406478881836,0.22383133809939357,144.71499633789062,699.8819732666016
2019-10-21,NEE,299.0,49.214298248291016,14715.075176239014,0.1618040674823023,49.0515251159668,48.669166564941406
2019-10-21,TER,277.0,58.426246643066406,16184.070320129395,0.17795684866394518,56.52928161621094,525.4593124389648
2019-10-21,PODD,104.0,153.8800048828125,16003.5205078125,0.17597155849952845,162.8300018310547,-930.7996826171875
2019-10-21,MLM,75.0,256.5429992675781,19240.72494506836,0.21156722069944325,255.9986114501953,40.82908630371094
2019-10-21,DG,135.0,149.84461975097656,20229.023666381836,0.2224343587249623,144.71499633789062,692.4991607666016
2019-10-22,NEE,299.0,49.941524505615234,14932.515827178955,0.1646055353763921,49.0515251159668,266.1098175048828
2019-10-22,TER,277.0,57.54099655151367,15938.856044769287,0.17569872102604336,56.52928161621094,280.2450370788574
2019-10-22,PODD,104.0,150.8699951171875,15690.4794921875,0.17296079287744207,162.8300018310547,-1243.8406982421875
2019-10-22,MLM,75.0,255.68345642089844,19176.259231567383,0.21138557319212023,255.9986114501953,-23.636627197265625
2019-10-22,DG,135.0,151.16656494140625,20407.486267089844,0.22495775270276808,144.71499633789062,870.9617614746094
2019-10-23,NEE,299.0,49.89078903198242,14917.345920562744,0.16564629876352244,49.0515251159668,250.93991088867188
2019-10-23,TER,277.0,59.048828125,16356.525390625,0.18162734215701554,56.52928161621094,697.9143829345703
2019-10-23,PODD,104.0,146.49000549316406,15234.960571289062,0.16917317892076014,162.8300018310547,-1699.359619140625
2019-10-23,MLM,75.0,252.19744873046875,18914.808654785156,0.21003522088781904,255.9986114501953,-285.0872039794922
2019-10-23,DG,135.0,148.5955352783203,20060.397262573242,0.22275615085728334,144.71499633789062,523.8727569580078
2019-10-24,NEE,299.0,50.21846008300781,15015.319564819336,0.16472874904861415,49.0515251159668,348.9135551452637
2019-10-24,TER,277.0,61.39327621459961,17005.93751144409,0.18656724557648757,56.52928161621094,1347.326503753662
2019-10-24,PODD,104.0,149.35000610351562,15532.400634765625,0.1704014966342561,162.8300018310547,-1401.9195556640625
2019-10-24,MLM,75.0,252.99961853027344,18974.971389770508,0.20816894950365633,255.9986114501953,-224.92446899414062
2019-10-24,DG,135.0,148.53170776367188,20051.780548095703,0.21998231283896638,144.71499633789062,515.2560424804688
2019-10-25,NEE,299.0,50.076820373535156,14972.969291687012,0.164464433199951,49.0515251159668,306.56328201293945
2019-10-25,TER,277.0,61.8893928527832,17143.361820220947,0.1883042187543715,56.52928161621094,1484.7508125305176
2019-10-25,PODD,104.0,145.8699951171875,15170.4794921875,0.1666339028985602,162.8300018310547,-1763.8406982421875
2019-10-25,MLM,75.0,256.2755432128906,19220.665740966797,0.21112151071924462,255.9986114501953,20.769882202148438
2019-10-25,DG,135.0,147.8660888671875,19961.921997070312,0.21926353570046642,144.71499633789062,425.3974914550781
2019-10-28,NEE,299.0,49.30520248413086,14742.255542755127,0.16169898959969053,49.0515251159668,75.84953308105469
2019-10-28,TER,277.0,62.31743240356445,17261.928775787354,0.1893357792836763,56.52928161621094,1603.3177680969238
2019-10-28,PODD,104.0,147.16000366210938,15304.640380859375,0.1678674527513371,162.8300018310547,-1629.6798095703125
2019-10-28,MLM,75.0,256.9631652832031,19272.237396240234,0.21138565297959977,255.9986114501953,72.34153747558594
2019-10-28,DG,135.0,148.28550720214844,20018.54347229004,0.21957143826051415,144.71499633789062,482.0189666748047
2019-10-29,NEE,299.0,49.172027587890625,14702.436248779297,0.16214385807727572,49.0515251159668,36.03023910522461
2019-10-29,TER,277.0,61.8893928527832,17143.361820220947,0.1890632803237683,56.52928161621094,1484.7508125305176
2019-10-29,PODD,104.0,146.9199981689453,15279.679809570312,0.1685099117307776,162.8300018310547,-1654.640380859375
2019-10-29,MLM,75.0,256.1132507324219,19208.49380493164,0.21183831309886875,255.9986114501953,8.597946166992188
2019-10-29,DG,135.0,146.44378662109375,19769.911193847656,0.2180298299257532,144.71499633789062,233.38668823242188
2019-10-30,NEE,299.0,49.776634216308594,14883.21363067627,0.16415652933776784,49.0515251159668,216.80762100219727
2019-10-30,TER,277.0,61.062530517578125,16914.32095336914,0.18655891749663736,56.52928161621094,1255.709945678711
2019-10-30,PODD,104.0,146.99000549316406,15286.960571289062,0.1686097138546608,162.8300018310547,-1647.359619140625
2019-10-30,MLM,75.0,254.86216735839844,19114.662551879883,0.21082789925905443,255.9986114501953,-85.23330688476562
2019-10-30,DG,135.0,147.3647003173828,19894.23454284668,0.21942629981834466,144.71499633789062,357.7100372314453
2019-10-31,NEE,299.0,50.385459899902344,15065.2525100708,0.16787142841068808,49.0515251159668,398.8465003967285
2019-10-31,TER,277.0,59.5546760559082,16496.645267486572,0.18382137326846398,56.52928161621094,838.0342597961426
2019-10-31,PODD,104.0,145.32000732421875,15113.28076171875,0.16840660504996574,162.8300018310547,-1821.0394287109375
2019-10-31,MLM,75.0,250.14405822753906,18760.80436706543,0.20905079587132308,255.9986114501953,-439.09149169921875
2019-10-31,DG,135.0,146.1884765625,19735.4443359375,0.21991116503216723,144.71499633789062,198.91983032226562
2019-11-01,COST,52.0,269.9420166015625,14036.98486328125,0.1566015098421391,269.9420166015625,0.0
2019-11-01,AMD,431.0,34.88999938964844,15037.589736938477,0.16776460757974654,34.88999938964844,0.0
2019-11-01,ROKU,109.0,146.5,15968.5,0.17815016787940335,146.5,0.0
2019-11-01,CPRT,905.0,20.727500915527344,18758.388328552246,0.20927513729396144,20.727500915527344,0.0
2019-11-01,LRCX,826.0,25.7601261138916,21277.864170074463,0.23738329047899973,25.7601261138916,0.0
2019-11-04,COST,52.0,270.60760498046875,14071.595458984375,0.15734107975403108,269.9420166015625,34.610595703125
2019-11-04,AMD,431.0,36.290000915527344,15640.990394592285,0.17488921737984647,34.88999938964844,603.4006576538086
2019-11-04,ROKU,109.0,140.50999450683594,15315.589401245117,0.17125075692271413,146.5,-652.9105987548828
2019-11-04,CPRT,905.0,20.53499984741211,18584.17486190796,0.207798337269807,20.727500915527344,-174.2134666442871
2019-11-04,LRCX,826.0,25.745309829711914,21265.62591934204,0.23778089368382702,25.7601261138916,-12.238250732421875
2019-11-05,COST,52.0,272.75921630859375,14183.479248046875,0.15865862729417443,269.9420166015625,146.494384765625
2019-11-05,AMD,431.0,36.150001525878906,15580.650657653809,0.17428760619745925,34.88999938964844,543.060920715332
2019-11-05,ROKU,109.0,139.57000732421875,15213.130798339844,0.17017647130859684,146.5,-755.3692016601562
2019-11-05,CPRT,905.0,20.5625,18609.0625,0.2081638968723466,20.727500915527344,-149.3258285522461
2019-11-05,LRCX,826.0,25.731422424316406,21254.15492248535,0.23775231629175939,25.7601261138916,-23.709247589111328
2019-11-06,COST,52.0,274.9382019042969,14296.786499023438,0.16009624567939498,269.9420166015625,259.8016357421875
2019-11-06,AMD,431.0,35.93000030517578,15485.830131530762,0.1734112253446796,34.88999938964844,448.24039459228516
2019-11-06,ROKU,109.0,141.0500030517578,15374.450332641602,0.1721639878869545,146.5,-594.0496673583984
2019-11-06,CPRT,905.0,20.46500015258789,18520.82513809204,0.20739727572315877,20.727500915527344,-237.56319046020508
2019-11-06,LRCX,826.0,25.505542755126953,21067.578315734863,0.23591596574070473,25.7601261138916,-210.2858543395996
2019-11-07,COST,52.0,278.25665283203125,14469.345947265625,0.16631252977235686,269.9420166015625,432.361083984375
2019-11-07,AMD,431.0,36.279998779296875,15636.679473876953,0.17973001198657576,34.88999938964844,599.0897369384766
2019-11-07,ROKU,109.0,118.45999908447266,12912.13990020752,0.1484138024900786,146.5,-3056.3600997924805
2019-11-07,CPRT,905.0,20.405000686645508,18466.525621414185,0.21225662883427196,20.727500915527344,-291.8627071380615
2019-11-07,LRCX,826.0,25.375930786132812,20960.518829345703,0.2409229086480151,25.7601261138916,-317.34534072875977
2019-11-08,COST,52.0,275.89544677734375,14346.563232421875,0.16468299520200627,269.9420166015625,309.578369140625
2019-11-08,AMD,431.0,36.290000915527344,15640.990394592285,0.17954161595204848,34.88999938964844,603.4006576538086
2019-11-08,ROKU,109.0,121.94000244140625,13291.460266113281,0.15257155680918302,146.5,-2677.0397338867188
2019-11-08,CPRT,905.0,20.364999771118164,18430.32479286194,0.21156015139396753,20.727500915527344,-328.0635356903076
2019-11-08,LRCX,826.0,25.24355125427246,20851.173336029053,0.23934886863310473,25.7601261138916,-426.69083404541016
2019-11-11,COST,52.0,274.27264404296875,14262.177490234375,0.1619488206963984,269.9420166015625,225.192626953125
2019-11-11,AMD,431.0,36.310001373291016,15649.610591888428,0.17770329821302394,34.88999938964844,612.0208549499512
2019-11-11,ROKU,109.0,129.2100067138672,14083.890731811523,0.15992435211212125,146.5,-1884.6092681884766
2019-11-11,CPRT,905.0,20.74250030517578,18771.962776184082,0.21315800030123888,20.727500915527344,13.574447631835938
2019-11-11,LRCX,826.0,25.112089157104492,20742.58564376831,0.23553467102077963,25.7601261138916,-535.2785263061523
2019-11-12,COST,52.0,273.9627685546875,14246.06396484375,0.1607103787160324,269.9420166015625,209.0791015625
2019-11-12,AMD,431.0,36.709999084472656,15822.009605407715,0.1784886802424002,34.88999938964844,784.4198684692383
2019-11-12,ROKU,109.0,135.35000610351562,14753.150665283203,0.16643084268914088,146.5,-1215.3493347167969
2019-11-12,CPRT,905.0,20.575000762939453,18620.375690460205,0.21005715237791184,20.727500915527344,-138.01263809204102
2019-11-12,LRCX,826.0,24.99637222290039,20647.003456115723,0.23291961575998588,25.7601261138916,-630.8607139587402
2019-11-13,COST,52.0,276.1507263183594,14359.837768554688,0.15892887406679437,269.9420166015625,322.8529052734375
2019-11-13,AMD,431.0,37.52000045776367,16171.120197296143,0.17897541509716855,34.88999938964844,1133.530460357666
2019-11-13,ROKU,109.0,142.3699951171875,15518.329467773438,0.17175059143854257,146.5,-450.1705322265625
2019-11-13,CPRT,905.0,20.899999618530273,18914.499654769897,0.20933802889138836,20.727500915527344,156.11132621765137
2019-11-13,LRCX,826.0,25.223182678222656,20834.348892211914,0.2305861434315684,25.7601261138916,-443.5152778625488
2019-11-14,COST,52.0,277.6914978027344,14439.957885742188,0.156640962975624,269.9420166015625,402.9730224609375
2019-11-14,AMD,431.0,38.349998474121094,16528.84934234619,0.17930072222859822,34.88999938964844,1491.2596054077148
2019-11-14,ROKU,109.0,148.6999969482422,16208.299667358398,0.17582348149362428,146.5,239.79966735839844
2019-11-14,CPRT,905.0,21.454999923706055,19416.77493095398,0.2106281989969433,20.727500915527344,658.3866024017334
2019-11-14,LRCX,826.0,25.466657638549805,21035.45920944214,0.22818727127001706,25.7601261138916,-242.40496063232422
2019-11-15,COST,52.0,276.8436279296875,14395.86865234375,0.15336909334570692,269.9420166015625,358.8837890625
2019-11-15,AMD,431.0,38.560001373291016,16619.360591888428,0.17705748277637423,34.88999938964844,1581.7708549499512
2019-11-15,ROKU,109.0,157.3000030517578,17145.7003326416,0.1826649421649389,146.5,1177.2003326416016
2019-11-15,CPRT,905.0,21.497499465942383,19455.237016677856,0.20727002545886172,20.727500915527344,696.8486881256104
2019-11-15,LRCX,826.0,26.261882781982422,21692.31517791748,0.2311031582567873,25.7601261138916,414.4510078430176
2019-11-18,COST,52.0,277.6458740234375,14437.58544921875,0.1524406523371315,269.9420166015625,400.6005859375
2019-11-18,AMD,431.0,39.880001068115234,17188.280460357666,0.18148413355865387,34.88999938964844,2150.6907234191895
2019-11-18,ROKU,109.0,160.1199951171875,17453.079467773438,0.1842800396726412,146.5,1484.5794677734375
2019-11-18,CPRT,905.0,21.5,19457.5,0.20544390911364194,20.727500915527344,699.1116714477539
2019-11-18,LRCX,826.0,26.171157836914062,21617.376373291016,0.2282491741955436,25.7601261138916,339.51220321655273
2019-11-19,COST,52.0,275.5489807128906,14328.546997070312,0.15216733809507135,269.9420166015625,291.5621337890625
2019-11-19,AMD,431.0,41.290000915527344,17795.990394592285,0.1889911438797145,34.88999938964844,2758.4006576538086
2019-11-19,ROKU,109.0,153.91000366210938,16776.190399169922,0.17816099824634946,146.5,807.6903991699219
2019-11-19,CPRT,905.0,21.594999313354492,19543.474378585815,0.20754920048255324,20.727500915527344,785.0860500335693
2019-11-19,LRCX,826.0,25.621261596679688,21163.162078857422,0.2247500768830739,25.7601261138916,-114.70209121704102
2019-11-20,COST,52.0,274.0264587402344,14249.375854492188,0.15164387595513473,269.9420166015625,212.3909912109375
2019-11-20,AMD,431.0,40.97999954223633,17662.379802703857,0.1879655473491721,34.88999938964844,2624.790065765381
2019-11-20,ROKU,109.0,158.92999267578125,17323.369201660156,0.18435774851944722,146.5,1354.8692016601562
2019-11-20,CPRT,905.0,21.229999542236328,19213.149585723877,0.20446905901260554,20.727500915527344,454.76125717163086
2019-11-20,LRCX,826.0,25.37778091430664,20962.047035217285,0.22308107336308822,25.7601261138916,-315.81713485717773
2019-11-21,COST,52.0,273.75299072265625,14235.155517578125,0.15327378226807148,269.9420166015625,198.170654296875
2019-11-21,AMD,431.0,39.52000045776367,17033.120197296143,0.1834002272221352,34.88999938964844,1995.530460357666
2019-11-21,ROKU,109.0,155.91000366210938,16994.190399169922,0.18298105952183363,146.5,1025.6903991699219
2019-11-21,CPRT,905.0,21.962499618530273,19876.062154769897,0.21401095473069792,20.727500915527344,1117.6738262176514
2019-11-21,LRCX,826.0,24.43073272705078,20179.785232543945,0.21728122352650017,25.7601261138916,-1098.0789375305176
2019-11-22,COST,52.0,272.87774658203125,14189.642822265625,0.15232977112595983,269.9420166015625,152.657958984375
2019-11-22,AMD,431.0,39.150001525878906,16873.65065765381,0.18114334341852045,34.88999938964844,1836.060920715332
2019-11-22,ROKU,109.0,158.75,17303.75,0.18576057975079907,146.5,1335.25
2019-11-22,CPRT,905.0,22.315000534057617,20195.075483322144,0.21679976478468946,20.727500915527344,1436.6871547698975
2019-11-22,LRCX,826.0,24.252992630004883,20032.971912384033,0.21505953776354442,25.7601261138916,-1244.8922576904297
2019-11-25,COST,52.0,272.6407775878906,14177.320434570312,0.15077008142586423,269.9420166015625,140.3355712890625
2019-11-25,AMD,431.0,39.790000915527344,17149.490394592285,0.18237790950255267,34.88999938964844,2111.9006576538086
2019-11-25,ROKU,109.0,158.0800018310547,17230.72019958496,0.18324175569757056,146.5,1262.220199584961
2019-11-25,CPRT,905.0,22.485000610351562,20348.925552368164,0.21640261124226912,20.727500915527344,1590.537223815918
2019-11-25,LRCX,826.0,24.903793334960938,20570.533294677734,0.21875932014976787,25.7601261138916,-707.3308753967285
2019-11-26,COST,52.0,274.6372375488281,14281.136352539062,0.15079734120566426,269.9420166015625,244.1514892578125
2019-11-26,AMD,431.0,38.9900016784668,16804.69072341919,0.17744405055166096,34.88999938964844,1767.100986480713
2019-11-26,ROKU,109.0,164.27999877929688,17906.51986694336,0.18907848223866175,146.5,1938.0198669433594
2019-11-26,CPRT,905.0,22.700000762939453,20543.500690460205,0.2169228839151407,20.727500915527344,1785.112361907959
2019-11-26,LRCX,826.0,24.954710006713867,20612.590465545654,0.21765241650485867,25.7601261138916,-665.2737045288086
2019-11-27,COST,52.0,274.1997985839844,14258.389526367188,0.15080065813541732,269.9420166015625,221.4046630859375
2019-11-27,AMD,431.0,39.40999984741211,16985.70993423462,0.17964555058922527,34.88999938964844,1948.1201972961426
2019-11-27,ROKU,109.0,161.63999938964844,17618.75993347168,0.18634086188935756,146.5,1650.2599334716797
2019-11-27,CPRT,905.0,22.5575008392334,20414.538259506226,0.21590978415698783,20.727500915527344,1656.1499309539795
2019-11-27,LRCX,826.0,25.08246612548828,20718.11701965332,0.2191205168096102,25.7601261138916,-559.7471504211426
2019-11-29,COST,52.0,273.3336181640625,14213.34814453125,0.15174964389278395,269.9420166015625,176.36328125
2019-11-29,AMD,431.0,39.150001525878906,16873.65065765381,0.1801525194790514,34.88999938964844,1836.060920715332
2019-11-29,ROKU,109.0,160.3699951171875,17480.329467773438,0.18662976132641823,146.5,1511.8294677734375
2019-11-29,CPRT,905.0,22.25,20136.25,0.2149858524370118,20.727500915527344,1377.861671447754
2019-11-29,LRCX,826.0,24.70197868347168,20403.834392547607,0.21784273287555855,25.7601261138916,-874.0297775268555
2019-12-02,CPRT,732.0,21.989999771118164,16096.679832458496,0.17897261858380503,20.727500915527344,924.1491622924805
2019-12-02,LRCX,843.0,24.34185791015625,20520.18621826172,0.22815583707542048,25.731525212985908,-1171.4895362854004
2019-12-02,LULU,66.0,225.52999877929688,14884.979919433594,0.16550020634544135,225.52999877929688,0.0
2019-12-02,AAPL,266.0,63.618160247802734,16922.430625915527,0.18815381516228527,63.618160247802734,0.0
2019-12-02,RNG,103.0,164.9323272705078,16988.029708862305,0.1888831854283203,164.9323272705078,0.0
2019-12-03,CPRT,732.0,21.81999969482422,15972.239776611328,0.1792075587612862,20.727500915527344,799.7091064453125
2019-12-03,LRCX,843.0,23.86972999572754,20122.182386398315,0.22576966241743043,25.731525212985908,-1569.4933681488037
2019-12-03,LULU,66.0,223.19000244140625,14730.540161132812,0.16527576460361404,225.52999877929688,-154.43975830078125
2019-12-03,AAPL,266.0,62.483856201171875,16620.70574951172,0.18648330753344095,63.618160247802734,-301.7248764038086
2019-12-03,RNG,103.0,166.54696655273438,17154.33755493164,0.19247062393140268,164.9323272705078,166.30784606933594
2019-12-04,CPRT,732.0,21.762500762939453,15930.15055847168,0.17786884745825332,20.727500915527344,757.6198883056641
2019-12-04,LRCX,843.0,24.33538055419922,20514.72580718994,0.22905813864429883,25.731525212985908,-1176.9499473571777
2019-12-04,LULU,66.0,225.5800018310547,14888.28012084961,0.16623579394375831,225.52999877929688,3.300201416015625
2019-12-04,AAPL,266.0,63.03535079956055,16767.403312683105,0.18721723257716472,63.618160247802734,-155.02731323242188
2019-12-04,RNG,103.0,164.40408325195312,16933.620574951172,0.18907313925919947,164.9323272705078,-54.40913391113281
2019-12-05,CPRT,732.0,22.059999465942383,16147.919609069824,0.17839671748743782,20.727500915527344,975.3889389038086
2019-12-05,LRCX,843.0,24.515897750854492,20666.901803970337,0.2283208940669165,25.731525212985908,-1024.7739505767822
2019-12-05,LULU,66.0,230.7899932861328,15232.139556884766,0.16827949129326433,225.52999877929688,347.1596374511719
2019-12-05,AAPL,266.0,63.96013641357422,17013.396286010742,0.1879582091201726,63.618160247802734,90.96566009521484
2019-12-05,RNG,103.0,164.36422729492188,16929.515411376953,0.18703152177858848,164.9323272705078,-58.51429748535156
2019-12-06,CPRT,732.0,22.145000457763672,16210.140335083008,0.17747541267442785,20.727500915527344,1037.6096649169922
2019-12-06,LRCX,843.0,24.982481002807617,21060.23148536682,0.2305762440436834,25.731525212985908,-631.4442691802979
2019-12-06,LULU,66.0,229.3800048828125,15139.080322265625,0.16574899859999537,225.52999877929688,254.10040283203125
2019-12-06,AAPL,266.0,65.19561767578125,17342.034301757812,0.18986786238101933,63.618160247802734,419.60367584228516
2019-12-06,RNG,103.0,165.62002563476562,17058.86264038086,0.1867675803093206,164.9323272705078,70.83293151855469
2019-12-09,CPRT,732.0,22.049999237060547,16140.59944152832,0.17747739692525127,20.727500915527344,968.0687713623047
2019-12-09,LRCX,843.0,24.812150955200195,20916.643255233765,0.2299934033305952,25.731525212985908,-775.0324993133545
2019-12-09,LULU,66.0,230.8800048828125,15238.080322265625,0.16755355583482107,225.52999877929688,353.10040283203125
2019-12-09,AAPL,266.0,64.2828598022461,17099.24070739746,0.18801834102512374,63.618160247802734,176.8100814819336
2019-12-09,RNG,103.0,165.27120971679688,17022.934600830078,0.18717930098747582,164.9323272705078,34.90489196777344
2019-12-10,CPRT,732.0,22.094999313354492,16173.539497375488,0.1774665696997676,20.727500915527344,1001.0088272094727
2019-12-10,LRCX,843.0,25.009252548217773,21082.799898147583,0.2313341602311603,25.731525212985908,-608.8758563995361
2019-12-10,LULU,66.0,229.64999389648438,15156.899597167969,0.16631133705950232,225.52999877929688,271.919677734375
2019-12-10,AAPL,266.0,64.65856170654297,17199.17741394043,0.18872053441394365,63.618160247802734,276.74678802490234
2019-12-10,RNG,103.0,165.01206970214844,16996.24317932129,0.18649380831614973,164.9323272705078,8.213470458984375
2019-12-11,CPRT,732.0,22.072500228881836,16157.070167541504,0.17624391704951337,20.727500915527344,984.5394973754883
2019-12-11,LRCX,843.0,25.6052188873291,21585.199522018433,0.23545482408675314,25.731525212985908,-106.47623252868652
2019-12-11,LULU,66.0,233.19000244140625,15390.540161132812,0.1678824845952027,225.52999877929688,505.56024169921875
2019-12-11,AAPL,266.0,65.21006774902344,17345.878021240234,0.1892116241017487,63.618160247802734,423.44739532470703
2019-12-11,RNG,103.0,161.83261108398438,16668.75894165039,0.18182550040120193,164.9323272705078,-319.27076721191406
2019-12-12,CPRT,732.0,22.1200008392334,16191.840614318848,0.17649602013246246,20.727500915527344,1019.309944152832
2019-12-12,LRCX,843.0,26.469886779785156,22314.114555358887,0.24323068053905575,25.731525212985908,622.4388008117676
2019-12-12,LULU,66.0,224.47000122070312,14815.020080566406,0.16148825477507223,225.52999877929688,-69.9598388671875
2019-12-12,AAPL,266.0,65.37623596191406,17390.07876586914,0.18955718284749587,63.618160247802734,467.6481399536133
2019-12-12,RNG,103.0,160.2179718017578,16502.451095581055,0.17988176947745838,164.9323272705078,-485.57861328125
2019-12-13,CPRT,732.0,22.155000686645508,16217.460502624512,0.17621110437571333,20.727500915527344,1044.929832458496
2019-12-13,LRCX,843.0,26.214208602905273,22098.577852249146,0.24011248911920105,25.731525212985908,406.90209770202637
2019-12-13,LULU,66.0,223.5500030517578,14754.300201416016,0.16031311020375735,225.52999877929688,-130.67971801757812
2019-12-13,AAPL,266.0,66.26490783691406,17626.46548461914,0.1915206729674158,63.618160247802734,704.0348587036133
2019-12-13,RNG,103.0,163.2080535888672,16810.42951965332,0.18265401973439835,164.9323272705078,-177.60018920898438
2019-12-16,CPRT,732.0,22.547500610351562,16504.770446777344,0.17724294113908057,20.727500915527344,1332.2397766113281
2019-12-16,LRCX,843.0,26.428043365478516,22278.84055709839,0.23925005429444016,25.731525212985908,587.1648025512695
2019-12-16,LULU,66.0,225.35000610351562,14873.100402832031,0.1597206133678471,225.52999877929688,-11.8795166015625
2019-12-16,AAPL,266.0,67.39923095703125,17928.195434570312,0.1925289478206547,63.618160247802734,1005.7648086547852
2019-12-16,RNG,103.0,165.1217041015625,17007.535522460938,0.1826420808001579,164.9323272705078,19.505813598632812
2019-12-17,CPRT,732.0,22.594999313354492,16539.53949737549,0.17682227581562004,20.727500915527344,1367.0088272094727
2019-12-17,LRCX,843.0,27.015644073486328,22774.187953948975,0.24347617081533274,25.731525212985908,1082.5121994018555
2019-12-17,LULU,66.0,222.97999572753906,14716.679718017578,0.15733429583105207,225.52999877929688,-168.30020141601562
2019-12-17,AAPL,266.0,67.53168487548828,17963.428176879883,0.19204490259177767,63.618160247802734,1040.9975509643555
2019-12-17,RNG,103.0,165.21139526367188,17016.773712158203,0.1819243308013922,164.9323272705078,28.744003295898438
2019-12-18,CPRT,732.0,22.475000381469727,16451.70027923584,0.1760581636514303,20.727500915527344,1279.1696090698242
2019-12-18,LRCX,843.0,26.7785587310791,22574.325010299683,0.24157954129520057,25.731525212985908,882.6492557525635
2019-12-18,LULU,66.0,224.30999755859375,14804.459838867188,0.15843019073061868,225.52999877929688,-80.52008056640625
2019-12-18,AAPL,266.0,67.3703384399414,17920.510025024414,0.19177665731516677,63.618160247802734,998.0793991088867
2019-12-18,RNG,103.0,166.66656494140625,17166.656188964844,0.18370927705747106,164.9323272705078,178.62648010253906
2019-12-19,CPRT,732.0,22.350000381469727,16360.20027923584,0.17441576101745557,20.727500915527344,1187.6696090698242
2019-12-19,LRCX,843.0,27.268537521362305,22987.377130508423,0.24506795806781848,25.731525212985908,1295.7013759613037
2019-12-19,LULU,66.0,224.1300048828125,14792.580322265625,0.15770339667506245,225.52999877929688,-92.39959716796875
2019-12-19,AAPL,266.0,67.43775177001953,17938.441970825195,0.19124136345567289,63.618160247802734,1016.011344909668
2019-12-19,RNG,103.0,166.9356689453125,17194.373901367188,0.18330886896487994,164.9323272705078,206.3441925048828
2019-12-20,CPRT,732.0,22.68000030517578,16601.760223388672,0.17489941339108375,20.727500915527344,1429.2295532226562
2019-12-20,LRCX,843.0,27.651594161987305,23310.293878555298,0.24557376268990128,25.731525212985908,1618.6181240081787
2019-12-20,LULU,66.0,230.2899932861328,15199.139556884766,0.16012281570018716,225.52999877929688,314.1596374511719
2019-12-20,AAPL,266.0,67.29808044433594,17901.28939819336,0.1885899430276783,63.618160247802734,978.858772277832
2019-12-20,RNG,103.0,168.75961303710938,17382.240142822266,0.18312176320433707,164.9323272705078,394.21043395996094
2019-12-23,CPRT,732.0,22.467500686645508,16446.21050262451,0.1737809872057474,20.727500915527344,1273.679832458496
2019-12-23,LRCX,843.0,27.376386642456055,23078.293939590454,0.24385974527119383,25.731525212985908,1386.618185043335
2019-12-23,LULU,66.0,228.1300048828125,15056.580322265625,0.15909728213246435,225.52999877929688,171.60040283203125
2019-12-23,AAPL,266.0,68.3962631225586,18193.405990600586,0.19224295184455922,63.618160247802734,1270.9753646850586
2019-12-23,RNG,103.0,168.31109619140625,17336.042907714844,0.18318351514855738,164.9323272705078,348.01319885253906
2019-12-24,CPRT,732.0,22.727500915527344,16636.530670166016,0.1753518992356038,20.727500915527344,1464.0
2019-12-24,LRCX,843.0,27.379175186157227,23080.644681930542,0.2432739710459279,25.731525212985908,1388.9689273834229
2019-12-24,LULU,66.0,229.02999877929688,15115.979919433594,0.15932503237788814,225.52999877929688,231.0
2019-12-24,AAPL,266.0,68.46127319335938,18210.698669433594,0.19194390112951343,63.618160247802734,1288.2680435180664
2019-12-24,RNG,103.0,168.0021209716797,17304.218460083008,0.18238944356378065,164.9323272705078,316.1887512207031
2019-12-26,CPRT,732.0,22.7549991607666,16656.659385681152,0.17454468349125438,20.727500915527344,1484.1287155151367
2019-12-26,LRCX,843.0,27.42008399963379,23115.130811691284,0.2422228309989906,25.731525212985908,1423.455057144165
2019-12-26,LULU,66.0,231.1699981689453,15257.21987915039,0.15987999472763886,225.52999877929688,372.2399597167969
2019-12-26,AAPL,266.0,69.81959533691406,18572.01235961914,0.19461561553525303,63.618160247802734,1649.5817337036133
2019-12-26,RNG,103.0,167.97222900390625,17301.139587402344,0.18129817410549526,164.9323272705078,313.10987854003906
2019-12-27,CPRT,732.0,22.704999923706055,16620.059944152832,0.1744719665337647,20.727500915527344,1447.5292739868164
2019-12-27,LRCX,843.0,27.30665397644043,23019.509302139282,0.24165129789435602,25.731525212985908,1327.833547592163
2019-12-27,LULU,66.0,230.02000427246094,15181.320281982422,0.15936854698940212,225.52999877929688,296.3403625488281
2019-12-27,AAPL,266.0,69.79309844970703,18564.96418762207,0.19488893670223412,63.618160247802734,1642.533561706543
2019-12-27,RNG,103.0,168.4107666015625,17346.308959960938,0.18209589174264038,164.9323272705078,358.2792510986328
2019-12-30,CPRT,732.0,22.71500015258789,16627.380111694336,0.17481450081948813,20.727500915527344,1454.8494415283203
2019-12-30,LRCX,843.0,27.198801040649414,22928.589277267456,0.24106322596074553,25.731525212985908,1236.913522720337
2019-12-30,LULU,66.0,230.8300018310547,15234.78012084961,0.16017318808077685,225.52999877929688,349.8002014160156
2019-12-30,AAPL,266.0,70.20732879638672,18675.149459838867,0.19634403668049613,63.618160247802734,1752.7188339233398
2019-12-30,RNG,103.0,166.22801208496094,17121.485244750977,0.18000935061587264,164.9323272705078,133.45553588867188
2019-12-31,CPRT,732.0,22.735000610351562,16642.020446777344,0.1742546880929205,20.727500915527344,1469.4897766113281
2019-12-31,LRCX,843.0,27.185779571533203,22917.61217880249,0.23996493543697506,25.731525212985908,1225.936424255371
2019-12-31,LULU,66.0,231.6699981689453,15290.21987915039,0.16010030178934626,225.52999877929688,405.2399597167969
2019-12-31,AAPL,266.0,70.7203140258789,18811.60353088379,0.19697188308866723,63.618160247802734,1889.1729049682617
2019-12-31,RNG,103.0,168.11175537109375,17315.510803222656,0.18130664746115296,164.9323272705078,327.48109436035156
2020-01-02,CPRT,771.0,23.3700008392334,18018.27064704895,0.18532821431521923,20.861168226843215,1934.3099441528302
2020-01-02,LRCX,864.0,27.69621467590332,23929.52947998047,0.24612889076868846,25.77927808187626,1656.2332172393799
2020-01-02,AAPL,212.0,72.33389282226562,15334.785278320312,0.1577270331991531,63.618160247802734,1847.7353057861328
2020-01-02,TER,227.0,67.88062286376953,15408.901390075684,0.15848935977936016,67.88062286376953,0.0
2020-01-02,CRUS,232.0,85.0,19720.0,0.20283147355735212,85.0,0.0
2020-01-03,CPRT,771.0,23.165000915527344,17860.215705871582,0.18598997427474115,20.861168226843215,1776.255002975462
2020-01-03,LRCX,864.0,27.398700714111328,23672.477416992188,0.24651681358799737,25.77927808187626,1399.1811542510986
2020-01-03,AAPL,212.0,71.63064575195312,15185.696899414062,0.15813848064206273,63.618160247802734,1698.6469268798828
2020-01-03,TER,227.0,66.46804809570312,15088.24691772461,0.15712367097313265,67.88062286376953,-320.6544723510742
2020-01-03,CRUS,232.0,83.66000366210938,19409.120849609375,0.2021197250337479,85.0,-310.879150390625
2020-01-06,CPRT,771.0,23.372499465942383,18020.197088241577,0.18903242969356557,20.861168226843215,1936.2363853454572
2020-01-06,LRCX,864.0,26.8873348236084,23230.657287597656,0.24369031975341346,25.77927808187626,957.3610248565674
2020-01-06,AAPL,212.0,72.2013931274414,15306.695343017578,0.1605677117237425,63.618160247802734,1819.6453704833984
2020-01-06,TER,227.0,65.02629089355469,14760.968032836914,0.15484301521302019,67.88062286376953,-647.9333572387695
2020-01-06,CRUS,232.0,82.75,19198.0,0.2013876189858696,85.0,-522.0
2020-01-07,CPRT,771.0,23.342500686645508,17997.068029403687,0.18687409007313116,20.861168226843215,1913.1073265075665
2020-01-07,LRCX,864.0,27.54281234741211,23796.989868164062,0.24709807290982544,25.77927808187626,1523.6936054229736
2020-01-07,AAPL,212.0,71.8618392944336,15234.709930419922,0.1581909092705502,63.618160247802734,1747.6599578857422
2020-01-07,TER,227.0,66.45832061767578,15086.038780212402,0.15664716970865242,67.88062286376953,-322.86260986328125
2020-01-07,CRUS,232.0,83.52999877929688,19378.959716796875,0.20122308021081986,85.0,-341.040283203125
2020-01-08,CPRT,771.0,23.502500534057617,18120.427911758423,0.18648569078006738,20.861168226843215,2036.4672088623029
2020-01-08,LRCX,864.0,27.889606475830078,24096.619995117188,0.2479894430273497,25.77927808187626,1823.3237323760986
2020-01-08,AAPL,212.0,73.017822265625,15479.7783203125,0.15930954650980172,63.618160247802734,1992.7283477783203
2020-01-08,TER,227.0,66.53628540039062,15103.736785888672,0.15543952944119163,67.88062286376953,-305.1646041870117
2020-01-08,CRUS,232.0,84.29000091552734,19555.280212402344,0.20125241835162308,85.0,-164.71978759765625
2020-01-09,CPRT,771.0,23.822500228881836,18367.147676467896,0.18777564010153247,20.861168226843215,2283.1869735717755
2020-01-09,LRCX,864.0,27.699935913085938,23932.74462890625,0.24467524959453055,25.77927808187626,1659.4483661651611
2020-01-09,AAPL,212.0,74.56880187988281,15808.585998535156,0.16161830934578272,63.618160247802734,2321.5360260009766
2020-01-09,TER,227.0,66.4972915649414,15094.8851852417,0.1543218238262121,67.88062286376953,-314.0162048339844
2020-01-09,CRUS,232.0,85.33999633789062,19798.879150390625,0.20241287712412123,85.0,78.879150390625
2020-01-10,CPRT,771.0,23.827499389648438,18371.002029418945,0.1887403297200776,20.861168226843215,2287.0413265228253
2020-01-10,LRCX,864.0,27.36615562438965,23644.358459472656,0.24291783347006268,25.77927808187626,1371.0621967315674
2020-01-10,AAPL,212.0,74.73737335205078,15844.323150634766,0.16278169099613612,63.618160247802734,2357.273178100586
2020-01-10,TER,227.0,66.17581939697266,15021.911003112793,0.15433237834348254,67.88062286376953,-386.9903869628906
2020-01-10,CRUS,232.0,84.66000366210938,19641.120849609375,0.20178929920592983,85.0,-78.879150390625
2020-01-13,CPRT,771.0,24.065000534057617,18554.115411758423,0.18803686715368642,20.861168226843215,2470.154708862303
2020-01-13,LRCX,864.0,27.64043426513672,23881.335205078125,0.2420256291261447,25.77927808187626,1608.0389423370361
2020-01-13,AAPL,212.0,76.33409118652344,16182.827331542969,0.16400502452323598,63.618160247802734,2695.777359008789
2020-01-13,TER,227.0,67.481201171875,15318.232666015625,0.15524278128740265,67.88062286376953,-90.6687240600586
2020-01-13,CRUS,232.0,85.87999725341797,19924.15936279297,0.20192159119998246,85.0,204.15936279296875
2020-01-14,CPRT,771.0,24.084999084472656,18569.534294128418,0.1880564179882673,20.861168226843215,2485.573591232298
2020-01-14,LRCX,864.0,27.963048934936523,24160.074279785156,0.24467264258875246,25.77927808187626,1886.7780170440674
2020-01-14,AAPL,212.0,75.30330657958984,15964.300994873047,0.16167283536731628,63.618160247802734,2477.251022338867
2020-01-14,TER,227.0,68.45538330078125,15539.372009277344,0.1573695167345069,67.88062286376953,130.47061920166016
2020-01-14,CRUS,232.0,84.91000366210938,19699.120849609375,0.19949590796506345,85.0,-20.879150390625
2020-01-15,CPRT,771.0,24.167499542236328,18633.14214706421,0.1902183844720516,20.861168226843215,2549.181444168089
2020-01-15,LRCX,864.0,27.738054275512695,23965.67889404297,0.24465614473504446,25.77927808187626,1692.3826313018799
2020-01-15,AAPL,212.0,74.98062896728516,15895.893341064453,0.16227489315610294,63.618160247802734,2408.8433685302734
2020-01-15,TER,227.0,67.36431884765625,15291.700378417969,0.15610692597392242,67.88062286376953,-117.20101165771484
2020-01-15,CRUS,232.0,83.44000244140625,19358.08056640625,0.19761899430374832,85.0,-361.91943359375
2020-01-16,CPRT,771.0,24.302499771118164,18737.227323532104,0.18849139346386926,20.861168226843215,2653.2666206359845
2020-01-16,LRCX,864.0,28.445598602294922,24576.997192382812,0.2472378846646009,25.77927808187626,2303.7009296417236
2020-01-16,AAPL,212.0,75.91986846923828,16095.012115478516,0.16191142953441606,63.618160247802734,2607.962142944336
2020-01-16,TER,227.0,68.67945098876953,15590.235374450684,0.15683351327382863,67.88062286376953,181.333984375
2020-01-16,CRUS,232.0,84.45999908447266,19594.719787597656,0.1971175336416901,85.0,-125.28021240234375
2020-01-17,CPRT,771.0,24.280000686645508,18719.880529403687,0.18794279048549056,20.861168226843215,2635.9198265075665
2020-01-17,LRCX,864.0,28.63619041442871,24741.668518066406,0.24839999460725923,25.77927808187626,2468.3722553253174
2020-01-17,AAPL,212.0,76.76034545898438,16273.193237304688,0.16337867874342046,63.618160247802734,2786.143264770508
2020-01-17,TER,227.0,68.4748764038086,15543.79694366455,0.15605572737195314,67.88062286376953,134.8955535888672
2020-01-17,CRUS,232.0,84.11000061035156,19513.520141601562,0.19591072826810646,85.0,-206.4798583984375
2020-01-21,CPRT,771.0,24.649999618530273,19005.14970588684,0.190438326682907,20.861168226843215,2921.189002990721
2020-01-21,LRCX,864.0,28.69940948486328,24796.289794921875,0.24846760007508262,25.77927808187626,2522.993532180786
2020-01-21,AAPL,212.0,76.24017333984375,16162.916748046875,0.16195814647330864,63.618160247802734,2675.8667755126953
2020-01-21,TER,227.0,69.70235443115234,15822.434455871582,0.15854639339635504,67.88062286376953,413.53306579589844
2020-01-21,CRUS,232.0,82.75,19198.0,0.19237075488681854,85.0,-522.0
2020-01-22,CPRT,771.0,24.90999984741211,19205.609882354736,0.19049043584912156,20.861168226843215,3121.6491794586163
2020-01-22,LRCX,864.0,28.946727752685547,25009.972778320312,0.24806088660032619,25.77927808187626,2736.6765155792236
2020-01-22,AAPL,212.0,76.5123062133789,16220.608917236328,0.1608837668425897,63.618160247802734,2733.5589447021484
2020-01-22,TER,227.0,71.6896743774414,16273.5560836792,0.1614089221943052,67.88062286376953,864.6546936035156
2020-01-22,CRUS,232.0,83.19000244140625,19300.08056640625,0.19142744133294487,85.0,-419.91943359375
2020-01-23,CPRT,771.0,24.975000381469727,19255.72529411316,0.1882694589685128,20.861168226843215,3171.764591217039
2020-01-23,LRCX,864.0,29.047138214111328,25096.727416992188,0.24537882736215952,25.77927808187626,2823.4311542510986
2020-01-23,AAPL,212.0,76.88079071044922,16298.727630615234,0.15935793568000245,63.618160247802734,2811.6776580810547
2020-01-23,TER,227.0,74.24199676513672,16852.933265686035,0.1647765835615226,67.88062286376953,1444.0318756103516
2020-01-23,CRUS,232.0,86.04000091552734,19961.280212402344,0.19516789778138308,85.0,241.28021240234375
2020-01-24,CPRT,771.0,25.072500228881836,19330.897676467896,0.1928014243236887,20.861168226843215,3246.9369735717755
2020-01-24,LRCX,864.0,28.500452041625977,24624.390563964844,0.2455973671421708,25.77927808187626,2351.094301223755
2020-01-24,AAPL,212.0,76.6592025756836,16251.750946044922,0.16209080315838897,63.618160247802734,2764.700973510742
2020-01-24,TER,227.0,70.23809814453125,15944.048278808594,0.15902185553348996,67.88062286376953,535.1468887329102
2020-01-24,CRUS,232.0,83.19000244140625,19300.08056640625,0.19249406235773833,85.0,-419.91943359375
2020-01-27,CPRT,771.0,24.875,19178.625,0.1968013055632862,20.861168226843215,3094.66429710388
2020-01-27,LRCX,864.0,27.315021514892578,23600.178588867188,0.24217304200983,25.77927808187626,1326.8823261260986
2020-01-27,AAPL,212.0,74.40503692626953,15773.86782836914,0.1618634173412205,63.618160247802734,2286.817855834961
2020-01-27,TER,227.0,67.69551086425781,15366.880966186523,0.15768712494149714,67.88062286376953,-42.020423889160156
2020-01-27,CRUS,232.0,80.69000244140625,18720.08056640625,0.19209595556087322,85.0,-999.91943359375
2020-01-28,CPRT,771.0,25.177499771118164,19411.852323532104,0.19461861626223712,20.861168226843215,3327.8916206359845
2020-01-28,LRCX,864.0,28.04952049255371,24234.785705566406,0.24297219970664677,25.77927808187626,1961.4894428253174
2020-01-28,AAPL,212.0,76.50992584228516,16220.104278564453,0.16261890919583397,63.618160247802734,2733.0543060302734
2020-01-28,TER,227.0,69.31266021728516,15733.97386932373,0.15774508128942993,67.88062286376953,325.0724792480469
2020-01-28,CRUS,232.0,83.31999969482422,19330.23992919922,0.19380038979985775,85.0,-389.76007080078125
2020-01-29,CPRT,771.0,25.18000030517578,19413.780235290527,0.1957797218881076,20.861168226843215,3329.8195323944074
2020-01-29,LRCX,864.0,27.726898193359375,23956.0400390625,0.24158648133156016,25.77927808187626,1682.7437763214111
2020-01-29,AAPL,212.0,78.1114273071289,16559.622589111328,0.16699675517985088,63.618160247802734,3072.5726165771484
2020-01-29,TER,227.0,68.22157287597656,15486.29704284668,0.15617272326044612,67.88062286376953,77.3956527709961
2020-01-29,CRUS,232.0,81.61000061035156,18933.520141601562,0.19093650297675605,85.0,-786.4798583984375
2020-01-30,CPRT,771.0,25.587499618530273,19727.96220588684,0.1959120181974108,20.861168226843215,3644.001502990721
2020-01-30,LRCX,864.0,28.91046714782715,24978.643615722656,0.24805483868627023,25.77927808187626,2705.3473529815674
2020-01-30,AAPL,212.0,77.99825286865234,16535.629608154297,0.16420999467100011,63.618160247802734,3048.579635620117
2020-01-30,TER,227.0,67.07203674316406,15225.352340698242,0.15119805450269905,67.88062286376953,-183.5490493774414
2020-01-30,CRUS,232.0,83.69999694824219,19418.399291992188,0.19283784892502262,85.0,-301.6007080078125
2020-01-31,CPRT,771.0,25.364999771118164,19556.414823532104,0.2025752272951186,20.861168226843215,3472.4541206359845
2020-01-31,LRCX,864.0,27.72597312927246,23955.240783691406,0.2481404894738842,25.77927808187626,1681.9445209503174
2020-01-31,AAPL,212.0,74.5399169921875,15802.46240234375,0.16368989111058246,63.618160247802734,2315.4124298095703
2020-01-31,TER,227.0,64.28591918945312,14592.90365600586,0.15116067038289785,67.88062286376953,-815.9977340698242
2020-01-31,CRUS,232.0,76.80999755859375,17819.91943359375,0.18458773053316588,85.0,-1900.08056640625
2020-02-03,CPRT,875.0,25.200000762939453,22050.00066757202,0.2263898154528344,21.376869465419226,3345.2398853302
2020-02-03,LRCX,599.0,28.67710304260254,17177.58472251892,0.17636417766533766,25.77927808187626,1735.7971514750407
2020-02-03,AMD,270.0,48.02000045776367,12965.400123596191,0.1331172087250691,48.02000045776367,0.0
2020-02-03,PCTY,127.0,144.1199951171875,18303.239379882812,0.18792139954420192,144.1199951171875,0.0
2020-02-03,RNG,107.0,205.07899475097656,21943.452438354492,0.22529587290321548,205.07899475097656,0.0
2020-02-04,CPRT,875.0,25.662500381469727,22454.68783378601,0.22407294228985372,21.376869465419226,3749.9270515441895
2020-02-04,LRCX,599.0,30.25395393371582,18122.118406295776,0.1808386926543682,25.77927808187626,2680.330835251896
2020-02-04,AMD,270.0,49.45000076293945,13351.500205993652,0.13323320089265134,48.02000045776367,386.10008239746094
2020-02-04,PCTY,127.0,149.75999450683594,19019.519302368164,0.18979376077577556,144.1199951171875,716.2799224853516
2020-02-04,RNG,107.0,208.45779418945312,22304.983978271484,0.22257906343366213,205.07899475097656,361.5315399169922
2020-02-05,CPRT,875.0,25.540000915527344,22347.500801086426,0.2274202861412775,21.376869465419226,3642.7400188446045
2020-02-05,LRCX,599.0,30.274402618408203,18134.367168426514,0.18454515371285057,25.77927808187626,2692.5795973826334
2020-02-05,AMD,270.0,49.84000015258789,13456.80004119873,0.13694369420345165,48.02000045776367,491.39991760253906
2020-02-05,PCTY,127.0,136.77999877929688,17371.059844970703,0.17677732448401734,144.1199951171875,-932.1795349121094
2020-02-05,RNG,107.0,205.5773468017578,21996.776107788086,0.2238511214809123,205.07899475097656,53.32366943359375
2020-02-06,CPRT,875.0,25.737499237060547,22520.31183242798,0.22979646400290515,21.376869465419226,3815.551050186157
2020-02-06,LRCX,599.0,30.079158782958984,18017.41611099243,0.1838490756070785,25.77927808187626,2575.6285399485514
2020-02-06,AMD,270.0,49.31999969482422,13316.399917602539,0.13588007293519466,48.02000045776367,350.99979400634766
2020-02-06,PCTY,127.0,136.2899932861328,17308.829147338867,0.17661867933646927,144.1199951171875,-994.4102325439453
2020-02-06,RNG,107.0,204.4810028076172,21879.46730041504,0.22325730910452055,205.07899475097656,-63.985137939453125
2020-02-07,CPRT,875.0,25.645000457763672,22439.375400543213,0.2282272301542515,21.376869465419226,3734.6146183013916
2020-02-07,LRCX,599.0,29.324207305908203,17565.200176239014,0.17865278831383846,25.77927808187626,2123.4126051951334
2020-02-07,AMD,270.0,49.72999954223633,13427.099876403809,0.13656484456879983,48.02000045776367,461.6997528076172
2020-02-07,PCTY,127.0,140.19000244140625,17804.130310058594,0.18108290776541228,144.1199951171875,-499.10906982421875
2020-02-07,RNG,107.0,206.78335571289062,22125.819061279297,0.2250380997292675,205.07899475097656,182.3666229248047
2020-02-10,CPRT,875.0,25.63249969482422,22428.43723297119,0.22373720847471462,21.376869465419226,3723.67645072937
2020-02-10,LRCX,599.0,29.736080169677734,17811.912021636963,0.17768458104873186,25.77927808187626,2370.1244505930827
2020-02-10,AMD,270.0,52.2599983215332,14110.199546813965,0.1407577632285672,48.02000045776367,1144.7994232177734
2020-02-10,PCTY,127.0,143.7899932861328,18261.329147338867,0.18216778833155836,144.1199951171875,-41.91023254394531
2020-02-10,RNG,107.0,211.90634155273438,22673.978546142578,0.22618663138383382,205.07899475097656,730.5261077880859
2020-02-11,CPRT,875.0,25.577499389648438,22380.311965942383,0.21887137870680873,21.376869465419226,3675.5511837005615
2020-02-11,LRCX,599.0,30.279052734375,18137.152587890625,0.1773748104480558,25.77927808187626,2695.3650168467448
2020-02-11,AMD,270.0,53.79999923706055,14525.999794006348,0.14205903862498348,48.02000045776367,1560.5996704101562
2020-02-11,PCTY,127.0,142.0500030517578,18040.350387573242,0.1764281198443877,144.1199951171875,-262.8889923095703
2020-02-11,RNG,107.0,226.26864624023438,24210.745147705078,0.23677235500833466,205.07899475097656,2267.292709350586
2020-02-12,CPRT,875.0,25.622499465942383,22419.687032699585,0.216035767690486,21.376869465419226,3714.9262504577637
2020-02-12,LRCX,599.0,31.11118507385254,18635.59985923767,0.17957236049241818,25.77927808187626,3193.8122881937907
2020-02-12,AMD,270.0,53.88999938964844,14550.299835205078,0.1402064707879547,48.02000045776367,1584.8997116088867
2020-02-12,PCTY,127.0,142.8000030517578,18135.600387573242,0.17475437308927932,144.1199951171875,-167.6389923095703
2020-02-12,RNG,107.0,234.37173461914062,25077.775604248047,0.24164906926361834,205.07899475097656,3134.3231658935547
2020-02-13,CPRT,875.0,25.837499618530273,22607.81216621399,0.21368288316127695,21.376869465419226,3903.051383972168
2020-02-13,LRCX,599.0,31.758283615112305,19023.21188545227,0.17980221760450188,25.77927808187626,3581.4243144083903
2020-02-13,AMD,270.0,54.529998779296875,14723.099670410156,0.13915872812079122,48.02000045776367,1757.6995468139648
2020-02-13,PCTY,127.0,146.3699951171875,18588.989379882812,0.17569806474612587,144.1199951171875,285.75
2020-02-13,RNG,107.0,242.0462646484375,25898.950317382812,0.2447898245960969,205.07899475097656,3955.4978790283203
2020-02-14,CPRT,875.0,25.8125,22585.9375,0.21312312490939472,21.376869465419226,3881.1767177581787
2020-02-14,LRCX,599.0,31.546289443969727,18896.227376937866,0.1783066577409706,25.77927808187626,3454.439805893986
2020-02-14,AMD,270.0,55.310001373291016,14933.700370788574,0.1409158636644172,48.02000045776367,1968.3002471923828
2020-02-14,PCTY,127.0,147.64999389648438,18751.549224853516,0.17694146048589393,144.1199951171875,448.3098449707031
2020-02-14,RNG,107.0,241.5877685546875,25849.891235351562,0.243922112980526,205.07899475097656,3906.4387969970703
2020-02-18,CPRT,875.0,25.604999542236328,22404.374599456787,0.2118128496704649,21.376869465419226,3699.613817214966
2020-02-18,LRCX,599.0,30.24837303161621,18118.77544593811,0.1712964333240728,25.77927808187626,2676.98787489423
2020-02-18,AMD,270.0,56.88999938964844,15360.299835205078,0.14521757192751295,48.02000045776367,2394.8997116088867
2020-02-18,PCTY,127.0,147.4499969482422,18726.149612426758,0.1770385999910818,144.1199951171875,422.9102325439453
2020-02-18,RNG,107.0,244.91671752929688,26206.088775634766,0.24775457657358432,205.07899475097656,4262.636337280273
2020-02-19,CPRT,875.0,26.125,22859.375,0.21193183148034697,21.376869465419226,4154.614217758179
2020-02-19,LRCX,599.0,31.039587020874023,18592.71262550354,0.17237512569397614,25.77927808187626,3150.92505445966
2020-02-19,AMD,270.0,58.900001525878906,15903.000411987305,0.14743850185515492,48.02000045776367,2937.6002883911133
2020-02-19,PCTY,127.0,149.72999572753906,19015.70945739746,0.1762967768018329,144.1199951171875,712.4700775146484
2020-02-19,RNG,107.0,247.9665985107422,26532.426040649414,0.24598509996059303,205.07899475097656,4588.973602294922
2020-02-20,CPRT,875.0,24.325000762939453,21284.37566757202,0.20383911484427522,21.376869465419226,2579.6148853302
2020-02-20,LRCX,599.0,30.54123878479004,18294.202032089233,0.1752024117242429,25.77927808187626,2852.414461045353
2020-02-20,AMD,270.0,57.27000045776367,15462.900123596191,0.14808721304996747,48.02000045776367,2497.5
2020-02-20,PCTY,127.0,145.0500030517578,18421.350387573242,0.1764201034545788,144.1199951171875,118.11100769042969
2020-02-20,RNG,107.0,242.95323181152344,25995.995803833008,0.2489620018416677,205.07899475097656,4052.5433654785156
2020-02-21,CPRT,875.0,23.8125,20835.9375,0.20711735156518807,21.376869465419226,2131.1767177581787
2020-02-21,LRCX,599.0,29.454368591308594,17643.166786193848,0.17537996444745338,25.77927808187626,2201.3792151499674
2020-02-21,AMD,270.0,53.279998779296875,14385.599670410156,0.14299847580231964,48.02000045776367,1420.1995468139648
2020-02-21,PCTY,127.0,138.72000122070312,17617.440155029297,0.175124231691896,144.1199951171875,-685.7992248535156
2020-02-21,RNG,107.0,235.1292266845703,25158.827255249023,0.25008856307009214,205.07899475097656,3215.3748168945312
2020-02-24,CPRT,875.0,23.1924991607666,20293.436765670776,0.2080137794599119,21.376869465419226,1588.675983428955
2020-02-24,LRCX,599.0,27.93515968322754,16733.160650253296,0.1715198874079924,25.77927808187626,1291.3730792094157
2020-02-24,AMD,270.0,49.119998931884766,13262.399711608887,0.1359435526163142,48.02000045776367,296.9995880126953
2020-02-24,PCTY,127.0,136.52999877929688,17339.309844970703,0.17773309744065896,144.1199951171875,-963.9295349121094
2020-02-24,RNG,107.0,233.3750457763672,24971.12989807129,0.2559615292107236,205.07899475097656,3027.677459716797
2020-02-25,CPRT,875.0,22.235000610351562,19455.625534057617,0.2035061618722138,21.376869465419226,750.8647518157959
2020-02-25,LRCX,599.0,27.169048309326172,16274.259937286377,0.17022902560240433,25.77927808187626,832.4723662424967
2020-02-25,AMD,270.0,47.56999969482422,12843.899917602539,0.13434740358908445,48.02000045776367,-121.50020599365234
2020-02-25,PCTY,127.0,133.66000366210938,16974.82046508789,0.17755690020209214,144.1199951171875,-1328.4189147949219
2020-02-25,RNG,107.0,234.5312042236328,25094.83885192871,0.2624924255772634,205.07899475097656,3151.3864135742188
2020-02-26,CPRT,875.0,22.09000015258789,19328.750133514404,0.20163194691640435,21.376869465419226,623.989351272583
2020-02-26,LRCX,599.0,27.576278686523438,16518.19093322754,0.17231300391371912,25.77927808187626,1076.4033621836588
2020-02-26,AMD,270.0,47.4900016784668,12822.300453186035,0.13375854033314633,48.02000045776367,-143.09967041015625
2020-02-26,PCTY,127.0,135.27000427246094,17179.29054260254,0.17920940437537272,144.1199951171875,-1123.9488372802734
2020-02-26,RNG,107.0,234.1524658203125,25054.313842773438,0.26135937625960226,205.07899475097656,3110.8614044189453
2020-02-27,CPRT,875.0,21.147499084472656,18504.061698913574,0.19928906572866867,21.376869465419226,-200.69908332824707
2020-02-27,LRCX,599.0,26.562854766845703,15911.150005340576,0.17136336177582018,25.77927808187626,469.36243429669594
2020-02-27,AMD,270.0,44.0099983215332,11882.699546813965,0.12797688040340174,48.02000045776367,-1082.7005767822266
2020-02-27,PCTY,127.0,129.55999755859375,16454.119689941406,0.17721115470495002,144.1199951171875,-1849.1196899414062
2020-02-27,RNG,107.0,234.94981384277344,25139.630081176758,0.2707542523994181,205.07899475097656,3196.1776428222656
2020-02-28,CPRT,875.0,21.1200008392334,18480.000734329224,0.1973288968461828,21.376869465419226,-224.76004791259766
2020-02-28,LRCX,599.0,27.281557083129883,16341.6526927948,0.17449568021511758,25.77927808187626,899.8651217509196
2020-02-28,AMD,270.0,45.47999954223633,12279.599876403809,0.13112120135482447,48.02000045776367,-685.8002471923828
2020-02-28,PCTY,127.0,129.52000427246094,16449.04054260254,0.17564236447351592,144.1199951171875,-1854.1988372802734
2020-02-28,RNG,107.0,234.96975708007812,25141.76400756836,0.268463006452397,205.07899475097656,3198.311569213867
2020-03-02,LRCX,593.0,27.923078536987305,16558.38557243347,0.1730177802821031,25.77927808187626,1271.2736698808494
2020-03-02,RNG,93.0,239.09605407714844,22235.933029174805,0.23234220258852975,205.07899475097656,3163.5865173339844
2020-03-02,MSCI,52.0,295.6705017089844,15374.866088867188,0.1606512417043228,295.6705017089844,0.0
2020-03-02,TSLA,358.0,49.574668884277344,17747.73146057129,0.18544519868307527,49.574668884277344,0.0
2020-03-02,NVDA,2779.0,6.87574577331543,19107.69750404358,0.1996554189410415,6.87574577331543,0.0
2020-03-03,LRCX,593.0,27.098390579223633,16069.345613479614,0.17297674361532475,25.77927808187626,782.233710926992
2020-03-03,RNG,93.0,225.15234375,20939.16796875,0.2253974229174845,205.07899475097656,1866.8214569091797
2020-03-03,MSCI,52.0,289.2235107421875,15039.62255859375,0.16189240047254186,295.6705017089844,-335.2435302734375
2020-03-03,TSLA,358.0,49.70066833496094,17792.839263916016,0.19152910576279755,49.574668884277344,45.10780334472656
2020-03-03,NVDA,2779.0,6.61358118057251,18379.142100811005,0.19784029963079489,6.87574577331543,-728.5554032325745
2020-03-04,LRCX,593.0,28.472558975219727,16884.227472305298,0.17547916562742405,25.77927808187626,1597.1155697526756
2020-03-04,RNG,93.0,232.0693817138672,21582.45249938965,0.22430820497997656,205.07899475097656,2510.105987548828
2020-03-04,MSCI,52.0,298.42547607421875,15518.124755859375,0.16128114767033966,295.6705017089844,143.2586669921875
2020-03-04,TSLA,358.0,49.96666717529297,17888.066848754883,0.18591215087903032,49.574668884277344,140.33538818359375
2020-03-04,NVDA,2779.0,7.076723098754883,19666.21349143982,0.204392575271166,6.87574577331543,558.5159873962402
2020-03-05,LRCX,593.0,27.81151008605957,16492.225481033325,0.17748950111132697,25.77927808187626,1205.113578480703
2020-03-05,RNG,93.0,224.77362060546875,20903.946716308594,0.22496849065047517,205.07899475097656,1831.6002044677734
2020-03-05,MSCI,52.0,281.9519958496094,14661.503784179688,0.15778725528513934,295.6705017089844,-713.3623046875
2020-03-05,TSLA,358.0,48.30266571044922,17292.35432434082,0.18610049599414327,49.574668884277344,-455.37713623046875
2020-03-05,NVDA,2779.0,6.797643184661865,18890.650410175323,0.20330137499189868,6.87574577331543,-217.04709386825562
2020-03-06,LRCX,593.0,27.372661590576172,16231.98832321167,0.18015729775572017,25.77927808187626,944.8764206590477
2020-03-06,RNG,93.0,215.92300415039062,20080.839385986328,0.22287533039144833,205.07899475097656,1008.4928741455078
2020-03-06,MSCI,52.0,267.84912109375,13928.154296875,0.15458726256360683,295.6705017089844,-1446.7117919921875
2020-03-06,TSLA,358.0,46.89866638183594,16789.722564697266,0.18634753716515812,49.574668884277344,-958.0088958740234
2020-03-06,NVDA,2779.0,6.617312431335449,18389.511246681213,0.2041034399040893,6.87574577331543,-718.1862573623657
2020-03-09,LRCX,593.0,24.880016326904297,14753.849681854248,0.17799190389777653,25.77927808187626,-533.2622206983742
2020-03-09,RNG,93.0,208.7866973876953,19417.162857055664,0.23425057593416995,205.07899475097656,344.81634521484375
2020-03-09,MSCI,52.0,241.62086486816406,12564.284973144531,0.15157677838040426,295.6705017089844,-2810.5811157226562
2020-03-09,TSLA,358.0,40.53333282470703,14510.933151245117,0.1750613348121677,49.574668884277344,-3236.798309326172
2020-03-09,NVDA,2779.0,6.104920387268066,16965.573756217957,0.20467436219723428,6.87574577331543,-2142.1237478256226
2020-03-10,LRCX,593.0,26.736719131469727,15854.874444961548,0.18185879819227285,25.77927808187626,567.7625424089256
2020-03-10,RNG,93.0,213.1621551513672,19824.08042907715,0.22738643907991352,205.07899475097656,751.7339172363281
2020-03-10,MSCI,52.0,257.2323303222656,13376.081176757812,0.1534265096687972,295.6705017089844,-1998.784912109375
2020-03-10,TSLA,358.0,43.02199935913086,15401.875770568848,0.17666280658768913,49.574668884277344,-2345.8556900024414
2020-03-10,NVDA,2779.0,6.493940353393555,18046.66024208069,0.20699904968670504,6.87574577331543,-1061.0372619628906
2020-03-11,LRCX,593.0,25.719581604003906,15251.711891174316,0.1829263761527856,25.77927808187626,-35.40001137830586
2020-03-11,RNG,93.0,198.6802520751953,18477.263442993164,0.22161307969651384,205.07899475097656,-595.0830688476562
2020-03-11,MSCI,52.0,246.05322265625,12794.767578125,0.153458213968619,295.6705017089844,-2580.0985107421875
2020-03-11,TSLA,358.0,42.28200149536133,15136.956535339355,0.18155002040093324,49.574668884277344,-2610.7749252319336
2020-03-11,NVDA,2779.0,6.130539894104004,17036.770365715027,0.20433605660691917,6.87574577331543,-2070.9271383285522
2020-03-12,LRCX,593.0,22.1140193939209,13113.613500595093,0.17415712460534238,25.77927808187626,-2173.4984019575295
2020-03-12,RNG,93.0,179.2148895263672,16666.98472595215,0.22134815362533475,205.07899475097656,-2405.361785888672
2020-03-12,MSCI,52.0,240.5338897705078,12507.762268066406,0.16611103505184055,295.6705017089844,-2867.1038208007812
2020-03-12,TSLA,358.0,37.369998931884766,13378.459617614746,0.17767444942210167,49.574668884277344,-4369.271842956543
2020-03-12,NVDA,2779.0,5.380359172821045,14952.018141269684,0.19857230704658752,6.87574577331543,-4155.679362773895
2020-03-13,LRCX,593.0,24.338903427124023,14432.969732284546,0.18316262654352614,25.77927808187626,-854.1421702680764
2020-03-13,RNG,93.0,174.02215576171875,16184.060485839844,0.20538496800800193,205.07899475097656,-2888.2860260009766
2020-03-13,MSCI,52.0,265.5627746582031,13809.264282226562,0.1752474482717534,295.6705017089844,-1565.601806640625
2020-03-13,TSLA,358.0,36.44133377075195,13045.9974899292,0.1655611568830921,49.574668884277344,-4701.73397064209
2020-03-13,NVDA,2779.0,5.990502834320068,16647.60737657547,0.21126764271792683,6.87574577331543,-2460.090127468109
2020-03-16,LRCX,593.0,19.853803634643555,11773.305555343628,0.1796435141282727,25.77927808187626,-3513.8063472089943
2020-03-16,RNG,93.0,138.50009155273438,12880.508514404297,0.19653782044555027,205.07899475097656,-6191.837997436523
2020-03-16,MSCI,52.0,230.89151000976562,12006.358520507812,0.1831995633145699,295.6705017089844,-3368.507568359375
2020-03-16,TSLA,358.0,29.67133331298828,10622.337326049805,0.16208141346007995,49.574668884277344,-7125.394134521484
2020-03-16,NVDA,2779.0,4.885129928588867,13575.776071548462,0.20714659184264256,6.87574577331543,-5531.921432495117
2020-03-17,LRCX,593.0,21.319089889526367,12642.220304489136,0.179855711127017,25.77927808187626,-2644.8915980634865
2020-03-17,RNG,93.0,162.70970153808594,15132.002243041992,0.21527682310927038,205.07899475097656,-3940.344268798828
2020-03-17,MSCI,52.0,241.3865966796875,12552.10302734375,0.17857364938663914,295.6705017089844,-2822.7630615234375
2020-03-17,TSLA,358.0,28.68000030517578,10267.44010925293,0.1460706820342319,49.574668884277344,-7480.291351318359
2020-03-17,NVDA,2779.0,5.404237270355225,15018.37537431717,0.21366029999976702,6.87574577331543,-4089.32212972641
2020-03-18,LRCX,593.0,18.050098419189453,10703.708362579346,0.16665001217433492,25.77927808187626,-4583.403539973277
2020-03-18,RNG,93.0,164.07516479492188,15258.990325927734,0.23757288945521426,205.07899475097656,-3813.356185913086
2020-03-18,MSCI,52.0,210.51046752929688,10946.544311523438,0.17043081528266502,295.6705017089844,-4428.32177734375
2020-03-18,TSLA,358.0,24.08133316040039,8621.11727142334,0.13422537774495708,49.574668884277344,-9126.61418914795
2020-03-18,NVDA,2779.0,5.044816970825195,14019.546361923218,0.2182755258972834,6.87574577331543,-5088.151142120361
2020-03-19,LRCX,593.0,18.1309871673584,10751.67539024353,0.15582140084782467,25.77927808187626,-4535.436512309092
2020-03-19,RNG,93.0,183.62026977539062,17076.685089111328,0.24748821889071335,205.07899475097656,-1995.6614227294922
2020-03-19,MSCI,52.0,222.4111785888672,11565.381286621094,0.1676142413168313,295.6705017089844,-3809.4848022460938
2020-03-19,TSLA,358.0,28.50933265686035,10206.341091156006,0.14791800427659876,49.574668884277344,-7541.390369415283
2020-03-19,NVDA,2779.0,5.2972822189331055,14721.1472864151,0.21334998583922057,6.87574577331543,-4386.550217628479
2020-03-20,LRCX,593.0,17.469005584716797,10359.12031173706,0.15155955187341882,25.77927808187626,-4927.991590815562
2020-03-20,RNG,93.0,183.25149536132812,17042.389068603516,0.24933940067898325,205.07899475097656,-2029.9574432373047
2020-03-20,MSCI,52.0,227.7711639404297,11844.100524902344,0.17328561826471503,295.6705017089844,-3530.7655639648438
2020-03-20,TSLA,358.0,28.50200080871582,10203.716289520264,0.14928590669335287,49.574668884277344,-7544.015171051025
2020-03-20,NVDA,2779.0,5.1176958084106445,14222.076651573181,0.20807669948380034,6.87574577331543,-4885.620852470398
2020-03-23,LRCX,593.0,17.93016242980957,10632.586320877075,0.15316347845802653,25.77927808187626,-4654.525581675547
2020-03-23,RNG,93.0,190.95590209960938,17758.898895263672,0.25581872992107685,205.07899475097656,-1313.4476165771484
2020-03-23,MSCI,52.0,216.97622680664062,11282.763793945312,0.16252935054078113,295.6705017089844,-4092.102294921875
2020-03-23,TSLA,358.0,28.952667236328125,10365.054870605469,0.14930966093104692,49.574668884277344,-7382.67658996582
2020-03-23,NVDA,2779.0,5.290316104888916,14701.788455486298,0.21178074566627086,6.87574577331543,-4405.9090485572815
2020-03-24,LRCX,593.0,21.572311401367188,12792.380661010742,0.16177564216905135,25.77927808187626,-2494.73124154188
2020-03-24,RNG,93.0,204.40126037597656,19009.31721496582,0.24039657520661362,205.07899475097656,-63.029296875
2020-03-24,MSCI,52.0,256.1078186035156,13317.606567382812,0.1684177802150318,295.6705017089844,-2057.259521484375
2020-03-24,TSLA,358.0,33.66666793823242,12052.667121887207,0.15242103992698544,49.574668884277344,-5695.064338684082
2020-03-24,NVDA,2779.0,6.197946071624756,17224.092133045197,0.21782017276072302,6.87574577331543,-1883.6053709983826
2020-03-25,LRCX,593.0,21.844497680664062,12953.787124633789,0.16612040486350274,25.77927808187626,-2333.324777918833
2020-03-25,RNG,93.0,189.72998046875,17644.88818359375,0.2262794610277105,205.07899475097656,-1427.4583282470703
2020-03-25,MSCI,52.0,247.1682586669922,12852.749450683594,0.1648246896304529,295.6705017089844,-2522.1166381835938
2020-03-25,TSLA,358.0,35.95000076293945,12870.100273132324,0.1650471979689153,49.574668884277344,-4877.631187438965
2020-03-25,NVDA,2779.0,6.1093974113464355,16978.015406131744,0.21772743105233996,6.87574577331543,-2129.6820979118347
2020-03-26,LRCX,593.0,24.350223541259766,14439.682559967041,0.17207522229264596,25.77927808187626,-847.4293425855813
2020-03-26,RNG,93.0,217.07916259765625,20188.36212158203,0.2405812513792264,205.07899475097656,1116.015609741211
2020-03-26,MSCI,52.0,273.4902648925781,14221.493774414062,0.16947510392994167,295.6705017089844,-1153.372314453125
2020-03-26,TSLA,358.0,35.21066665649414,12605.418663024902,0.15021661380185003,49.574668884277344,-5142.312797546387
2020-03-26,NVDA,2779.0,6.398425579071045,17781.224684238434,0.2118958070905678,6.87574577331543,-1326.4728198051453
2020-03-27,LRCX,593.0,22.561885833740234,13379.198299407959,0.1604409467685825,25.77927808187626,-1907.9136031446633
2020-03-27,RNG,93.0,238.17910766601562,22150.657012939453,0.26562670671077576,205.07899475097656,3078.310501098633
2020-03-27,MSCI,52.0,258.3848876953125,13436.01416015625,0.1611222723821158,295.6705017089844,-1938.8519287109375
2020-03-27,TSLA,358.0,34.29066848754883,12276.05931854248,0.14721230193152837,49.574668884277344,-5471.672142028809
2020-03-27,NVDA,2779.0,6.286247730255127,17469.482442378998,0.20949090071685705,6.87574577331543,-1638.2150616645813
2020-03-30,LRCX,593.0,23.87882423400879,14160.142770767212,0.16731782244516077,25.77927808187626,-1126.9691317854104
2020-03-30,RNG,93.0,227.27529907226562,21136.602813720703,0.24975245051772832,205.07899475097656,2064.256301879883
2020-03-30,MSCI,52.0,275.23321533203125,14312.127197265625,0.16911368733854232,295.6705017089844,-1062.7388916015625
2020-03-30,TSLA,358.0,33.47533416748047,11984.169631958008,0.14160628173694578,49.574668884277344,-5763.561828613281
2020-03-30,NVDA,2779.0,6.6061201095581055,18358.407784461975,0.2169249889484016,6.87574577331543,-749.289719581604
2020-03-31,LRCX,593.0,22.447784423828125,13311.536163330078,0.16146963507817277,25.77927808187626,-1975.5757392225441
2020-03-31,RNG,93.0,211.2086639404297,19642.40574645996,0.23826341671034143,205.07899475097656,570.0592346191406
2020-03-31,MSCI,52.0,270.7727966308594,14080.185424804688,0.17079339112184516,295.6705017089844,-1294.6806640625
2020-03-31,TSLA,358.0,34.93333435058594,12506.133697509766,0.15170006072917194,49.574668884277344,-5241.597763061523
2020-03-31,NVDA,2779.0,6.556621074676514,18220.84996652603,0.2210198701945367,6.87574577331543,-886.8475375175476
2020-04-01,RNG,71.0,209.97276306152344,14908.066177368164,0.1913882710314181,205.07899475097656,347.4575500488281
2020-04-01,NVDA,2716.0,6.045970439910889,16420.855714797974,0.21080931267145614,6.87574577331543,-2253.6698055267334
2020-04-01,VRTX,61.0,225.47999572753906,13754.279739379883,0.1765760754804416,225.47999572753906,0.0
2020-04-01,JD,400.0,35.84406661987305,14337.626647949219,0.18406502508089995,35.84406661987305,0.0
2020-04-01,AMD,339.0,43.65999984741211,14800.739948272705,0.19001042757549857,43.65999984741211,0.0
2020-04-02,RNG,71.0,219.30178833007812,15570.426971435547,0.19365629809958448,205.07899475097656,1009.8183441162109
2020-04-02,NVDA,2716.0,6.354401111602783,17258.55341911316,0.21465227458635563,6.87574577331543,-1415.9721012115479
2020-04-02,VRTX,61.0,242.16000366210938,14771.760223388672,0.18372292593671877,225.47999572753906,1017.4804840087891
2020-04-02,JD,400.0,35.11684799194336,14046.739196777344,0.17470551823714267,35.84406661987305,-290.887451171875
2020-04-02,AMD,339.0,44.4900016784668,15082.110569000244,0.18758289067341619,43.65999984741211,281.37062072753906
2020-04-03,RNG,71.0,223.01942443847656,15834.379135131836,0.20058793198756703,205.07899475097656,1273.7705078125
2020-04-03,NVDA,2716.0,6.066864490509033,16477.603956222534,0.20873622347184706,6.87574577331543,-2196.921564102173
2020-04-03,VRTX,61.0,238.30999755859375,14536.909851074219,0.18415175357567884,225.47999572753906,782.6301116943359
2020-04-03,JD,400.0,34.95037078857422,13980.148315429688,0.17709876816386852,35.84406661987305,-357.47833251953125
2020-04-03,AMD,339.0,42.59000015258789,14438.010051727295,0.18289890330250522,43.65999984741211,-362.72989654541016
2020-04-06,RNG,71.0,222.3616180419922,15787.674880981445,0.1883059948180251,205.07899475097656,1227.0662536621094
2020-04-06,NVDA,2716.0,6.6760149002075195,18132.056468963623,0.21626838386429623,6.87574577331543,-542.469051361084
2020-04-06,VRTX,61.0,255.3000030517578,15573.300186157227,0.18574906097710123,225.47999572753906,1819.0204467773438
2020-04-06,JD,400.0,36.41358184814453,14565.432739257812,0.17372781759174852,35.84406661987305,227.80609130859375
2020-04-06,AMD,339.0,47.52000045776367,16109.280155181885,0.19214191122456264,43.65999984741211,1308.5402069091797
2020-04-07,RNG,71.0,194.3446502685547,13798.470169067383,0.17052589996732567,205.07899475097656,-762.1384582519531
2020-04-07,NVDA,2716.0,6.442949295043945,17499.050285339355,0.21625885057681488,6.87574577331543,-1175.4752349853516
2020-04-07,VRTX,61.0,247.6699981689453,15107.869888305664,0.18670787976684158,225.47999572753906,1353.5901489257812
2020-04-07,JD,400.0,36.79033279418945,14716.133117675781,0.18186667168047663,35.84406661987305,378.5064697265625
2020-04-07,AMD,339.0,47.560001373291016,16122.840465545654,0.1992512102233007,43.65999984741211,1322.1005172729492
2020-04-08,RNG,71.0,216.8000946044922,15392.806716918945,0.18479312218819668,205.07899475097656,832.1980895996094
2020-04-08,NVDA,2716.0,6.639946937561035,18034.09588241577,0.21650222374909203,6.87574577331543,-640.4296379089355
2020-04-08,VRTX,61.0,249.66000366210938,15229.260223388672,0.1828297202097146,225.47999572753906,1474.980484008789
2020-04-08,JD,400.0,36.071868896484375,14428.74755859375,0.17321943682221186,35.84406661987305,91.12091064453125
2020-04-08,AMD,339.0,48.790000915527344,16539.81031036377,0.1985630849436425,43.65999984741211,1739.0703620910645
2020-04-09,RNG,71.0,204.4610595703125,14516.735229492188,0.17666035256193574,205.07899475097656,-43.87339782714844
2020-04-09,NVDA,2716.0,6.5404534339904785,17763.87152671814,0.21617614134061294,6.87574577331543,-910.6539936065674
2020-04-09,VRTX,61.0,246.61000061035156,15043.210037231445,0.18306724940753236,225.47999572753906,1288.9302978515625
2020-04-09,JD,400.0,36.93927764892578,14775.711059570312,0.17981194007271947,35.84406661987305,438.08441162109375
2020-04-09,AMD,339.0,48.380001068115234,16400.820362091064,0.19958858942234325,43.65999984741211,1600.0804138183594
2020-04-13,RNG,71.0,210.28173828125,14930.00341796875,0.17672084687518502,205.07899475097656,369.39479064941406
2020-04-13,NVDA,2716.0,6.712080478668213,18230.010580062866,0.21578179308217463,6.87574577331543,-444.5149402618408
2020-04-13,VRTX,61.0,252.27999877929688,15389.07992553711,0.18215476319300328,225.47999572753906,1634.8001861572266
2020-04-13,JD,400.0,37.482505798339844,14993.002319335938,0.17746654122569108,35.84406661987305,655.3756713867188
2020-04-13,AMD,339.0,50.939998626708984,17268.659534454346,0.20440264157308566,43.65999984741211,2467.9195861816406
2020-04-14,RNG,71.0,221.295166015625,15711.956787109375,0.17740176728924417,205.07899475097656,1151.348159790039
2020-04-14,NVDA,2716.0,7.062794208526611,19182.549070358276,0.21658779694367275,6.87574577331543,508.02355003356934
2020-04-14,VRTX,61.0,262.4100036621094,16007.010223388672,0.18073317926739166,225.47999572753906,2252.730484008789
2020-04-14,JD,400.0,38.428768157958984,15371.507263183594,0.17355779368140134,35.84406661987305,1033.880615234375
2020-04-14,AMD,339.0,54.93000030517578,18621.27010345459,0.21025046531654612,43.65999984741211,3820.5301551818848
2020-04-15,RNG,71.0,230.6740264892578,16377.855880737305,0.1843012699948319,205.07899475097656,1817.2472534179688
2020-04-15,NVDA,2716.0,6.985438346862793,18972.450550079346,0.21349844306581825,6.87574577331543,297.9250297546387
2020-04-15,VRTX,61.0,255.22999572753906,15569.029739379883,0.17519948731078,225.47999572753906,1814.75
2020-04-15,JD,400.0,39.077125549316406,15630.850219726562,0.1758951579237437,35.84406661987305,1293.2235717773438
2020-04-15,AMD,339.0,54.9900016784668,18641.610569000244,0.20977547535124344,43.65999984741211,3840.870620727539
2020-04-16,RNG,71.0,232.19895935058594,16486.1261138916,0.17886396654689055,205.07899475097656,1925.5174865722656
2020-04-16,NVDA,2716.0,7.3301825523376465,19908.775812149048,0.21599753551886391,6.87574577331543,1234.2502918243408
2020-04-16,VRTX,61.0,264.760009765625,16150.360595703125,0.175221124559757,225.47999572753906,2396.080856323242
2020-04-16,JD,400.0,41.61802291870117,16647.20916748047,0.18061161506718862,35.84406661987305,2309.58251953125
2020-04-16,AMD,339.0,56.95000076293945,19306.050258636475,0.20945834720405482,43.65999984741211,4505.3103103637695
2020-04-17,RNG,71.0,235.72723388671875,16736.63360595703,0.18188642146187356,205.07899475097656,2176.0249786376953
2020-04-17,NVDA,2716.0,7.270983695983887,19747.991718292236,0.21461254570455773,6.87574577331543,1073.4661979675293
2020-04-17,VRTX,61.0,270.4599914550781,16498.059478759766,0.1792937020852687,225.47999572753906,2743.779739379883
2020-04-17,JD,400.0,40.4351921081543,16174.076843261719,0.17577280035712475,35.84406661987305,1836.4501953125
2020-04-17,AMD,339.0,56.599998474121094,19187.39948272705,0.20852027422231822,43.65999984741211,4386.659534454346
2020-04-20,RNG,71.0,252.2722930908203,17911.332809448242,0.19301230030994965,205.07899475097656,3350.7241821289062
2020-04-20,NVDA,2716.0,7.139902591705322,19391.975439071655,0.20896768693142082,6.87574577331543,717.4499187469482
2020-04-20,VRTX,61.0,273.260009765625,16668.860595703125,0.1796234351374127,225.47999572753906,2914.580856323242
2020-04-20,JD,400.0,39.60282897949219,15841.131591796875,0.17070383765257705,35.84406661987305,1503.5049438476562
2020-04-20,AMD,339.0,56.970001220703125,19312.83041381836,0.20811482112044277,43.65999984741211,4512.090465545654
2020-04-21,RNG,71.0,233.80361938476562,16600.05697631836,0.18948802924338357,205.07899475097656,2039.4483489990234
2020-04-21,NVDA,2716.0,6.703622817993164,18207.039573669434,0.20783157865618826,6.87574577331543,-467.48594665527344
2020-04-21,VRTX,61.0,262.79998779296875,16030.799255371094,0.18299000795178433,225.47999572753906,2276.519515991211
2020-04-21,JD,400.0,37.88554000854492,15154.216003417969,0.1729838957367892,35.84406661987305,816.58935546875
2020-04-21,AMD,339.0,52.91999816894531,17939.87937927246,0.20478197112768512,43.65999984741211,3139.139430999756
2020-04-22,RNG,71.0,243.3519287109375,17277.986938476562,0.18895863458432752,205.07899475097656,2717.3783111572266
2020-04-22,NVDA,2716.0,7.11751651763916,19331.17486190796,0.2114130783767729,6.87574577331543,656.649341583252
2020-04-22,VRTX,61.0,269.3699951171875,16431.569702148438,0.17970189386362265,225.47999572753906,2677.2899627685547
2020-04-22,JD,400.0,39.4188346862793,15767.533874511719,0.17243974557330963,35.84406661987305,1429.9072265625
2020-04-22,AMD,339.0,55.91999816894531,18956.87937927246,0.20731964066428196,43.65999984741211,4156.139430999756
2020-04-23,RNG,71.0,238.1193084716797,16906.470901489258,0.18617721695025177,205.07899475097656,2345.862274169922
2020-04-23,NVDA,2716.0,7.064287185668945,19186.603996276855,0.21128646868807752,6.87574577331543,512.0784759521484
2020-04-23,VRTX,61.0,267.9100036621094,16342.510223388672,0.1799667765733133,225.47999572753906,2588.230484008789
2020-04-23,JD,400.0,39.37502670288086,15750.010681152344,0.17344206089133496,35.84406661987305,1412.384033203125
2020-04-23,AMD,339.0,55.900001525878906,18950.10051727295,0.20868204818089048,43.65999984741211,4149.360569000244
2020-04-24,RNG,71.0,237.9398956298828,16893.73258972168,0.18478216287174953,205.07899475097656,2333.1239624023438
2020-04-24,NVDA,2716.0,7.203079700469971,19563.56446647644,0.21398454938228528,6.87574577331543,889.0389461517334
2020-04-24,VRTX,61.0,269.8599853515625,16461.459106445312,0.18005399348895074,225.47999572753906,2707.1793670654297
2020-04-24,JD,400.0,39.471405029296875,15788.56201171875,0.17269390418403655,35.84406661987305,1450.9353637695312
2020-04-24,AMD,339.0,56.18000030517578,19045.02010345459,0.20831275669613683,43.65999984741211,4244.280155181885
2020-04-27,RNG,71.0,232.67735290527344,16520.092056274414,0.18002415874700467,205.07899475097656,1959.4834289550781
2020-04-27,NVDA,2716.0,7.3893818855285645,20069.56120109558,0.21870373720323905,6.87574577331543,1395.035680770874
2020-04-27,VRTX,61.0,268.510009765625,16379.110595703125,0.17848784352843233,225.47999572753906,2624.830856323242
2020-04-27,JD,400.0,39.93577575683594,15974.310302734375,0.17407661918694553,35.84406661987305,1636.6836547851562
2020-04-27,AMD,339.0,56.4900016784668,19150.110569000244,0.20868422121092361,43.65999984741211,4349.370620727539
2020-04-28,RNG,71.0,222.65065002441406,15808.196151733398,0.17776009841226892,205.07899475097656,1247.5875244140625
2020-04-28,NVDA,2716.0,7.247105121612549,19683.137510299683,0.2213330621222988,6.87574577331543,1008.6119899749756
2020-04-28,VRTX,61.0,256.9599914550781,15674.559478759766,0.17625737995462398,225.47999572753906,1920.2797393798828
2020-04-28,JD,400.0,38.183441162109375,15273.37646484375,0.17174615480593922,35.84406661987305,935.7498168945312
2020-04-28,AMD,339.0,55.5099983215332,18817.889430999756,0.21160351535737482,43.65999984741211,4017.149482727051
2020-04-29,RNG,71.0,224.53440856933594,15941.943008422852,0.17948184279851362,205.07899475097656,1381.3343811035156
2020-04-29,NVDA,2716.0,7.4237060546875,20162.78564453125,0.2270020612619102,6.87574577331543,1488.260124206543
2020-04-29,VRTX,61.0,251.0500030517578,15314.050186157227,0.17241273204076898,225.47999572753906,1559.7704467773438
2020-04-29,JD,400.0,38.849327087402344,15539.730834960938,0.17495355022772732,35.84406661987305,1202.1041870117188
2020-04-29,AMD,339.0,53.65999984741211,18190.739948272705,0.20479984943237628,43.65999984741211,3390.0
2020-04-30,RNG,71.0,227.77365112304688,16171.929229736328,0.18423551211697356,205.07899475097656,1611.3206024169922
2020-04-30,NVDA,2716.0,7.269989013671875,19745.290161132812,0.22494432130246558,6.87574577331543,1070.7646408081055
2020-04-30,VRTX,61.0,251.1999969482422,15323.199813842773,0.1745665297485392,225.47999572753906,1568.9200744628906
2020-04-30,JD,400.0,37.762874603271484,15105.149841308594,0.17208243846998855,35.84406661987305,767.523193359375
2020-04-30,AMD,339.0,52.38999938964844,17760.20979309082,0.2023296849777474,43.65999984741211,2959.4698448181152
2020-05-01,NVDA,2442.0,7.033693313598633,17176.27907180786,0.20224593600376703,6.87574577331543,385.70789337158203
2020-05-01,AMD,307.0,49.880001068115234,15313.160327911377,0.18030822803627258,43.65999984741211,1909.5403747558594
2020-05-01,MRNA,314.0,47.93000030517578,15050.020095825195,0.17720982457438025,47.93000030517578,0.0
2020-05-01,DXCM,183.0,85.37999725341797,15624.539497375488,0.18397463164540517,85.37999725341797,0.0
2020-05-01,SE,320.0,54.779998779296875,17529.599609375,0.20640618762350849,54.779998779296875,0.0
2020-05-04,NVDA,2442.0,7.245364189147949,17693.179349899292,0.20169805893039575,6.87574577331543,902.6081714630127
2020-05-04,AMD,307.0,52.560001373291016,16135.920421600342,0.18394567554703767,43.65999984741211,2732.300468444824
2020-05-04,MRNA,314.0,50.5,15857.0,0.18076604872473018,47.93000030517578,806.9799041748047
2020-05-04,DXCM,183.0,88.12750244140625,16127.332946777344,0.18384778036558616,85.37999725341797,502.79344940185547
2020-05-04,SE,320.0,55.22999954223633,17673.599853515625,0.2014748573035246,54.779998779296875,144.000244140625
2020-05-05,NVDA,2442.0,7.306303977966309,17841.994314193726,0.20093562367215656,6.87574577331543,1051.4231357574463
2020-05-05,AMD,307.0,52.189998626708984,16022.329578399658,0.18044265286843092,43.65999984741211,2618.7096252441406
2020-05-05,MRNA,314.0,49.34000015258789,15492.760047912598,0.17447866801268316,47.93000030517578,442.73995208740234
2020-05-05,DXCM,183.0,91.06999969482422,16665.809944152832,0.18768949570093543,85.37999725341797,1041.2704467773438
2020-05-05,SE,320.0,57.93000030517578,18537.60009765625,0.2087695002819484,54.779998779296875,1008.00048828125
2020-05-06,NVDA,2442.0,7.407040596008301,18087.99313545227,0.200499647033973,6.87574577331543,1297.4219570159912
2020-05-06,AMD,307.0,52.15999984741211,16013.119953155518,0.17750033817889732,43.65999984741211,2609.5
2020-05-06,MRNA,314.0,48.95000076293945,15370.300239562988,0.17037488624420102,47.93000030517578,320.28014373779297
2020-05-06,DXCM,183.0,91.62999725341797,16768.28949737549,0.1858711522284751,85.37999725341797,1143.75
2020-05-06,SE,320.0,61.689998626708984,19740.799560546875,0.2188204802168116,54.779998779296875,2211.199951171875
2020-05-07,NVDA,2442.0,7.583144187927246,18518.038106918335,0.19864812197107073,6.87574577331543,1727.4669284820557
2020-05-07,AMD,307.0,51.95000076293945,15948.650234222412,0.17108558685912478,43.65999984741211,2545.0302810668945
2020-05-07,MRNA,314.0,53.189998626708984,16701.65956878662,0.17916332648111968,47.93000030517578,1651.6394729614258
2020-05-07,DXCM,183.0,101.08999633789062,18499.469329833984,0.19844892955804033,85.37999725341797,2874.929832458496
2020-05-07,SE,320.0,60.369998931884766,19318.399658203125,0.20723382193251413,54.779998779296875,1788.800048828125
2020-05-08,NVDA,2442.0,7.772928714752197,18981.491921424866,0.1962969729382704,6.87574577331543,2190.9207429885864
2020-05-08,AMD,307.0,53.189998626708984,16329.329578399658,0.16886965364051318,43.65999984741211,2925.7096252441406
2020-05-08,MRNA,314.0,59.25,18604.5,0.19239831348071978,47.93000030517578,3554.4799041748047
2020-05-08,DXCM,183.0,101.375,18551.625,0.19185150701855777,85.37999725341797,2927.0855026245117
2020-05-08,SE,320.0,62.4900016784668,19996.800537109375,0.2067967802601626,54.779998779296875,2467.200927734375
2020-05-11,NVDA,2442.0,8.024649620056152,19596.194372177124,0.1933374255209083,6.87574577331543,2805.6231937408447
2020-05-11,AMD,307.0,55.7400016784668,17112.180515289307,0.16882997091376167,43.65999984741211,3708.560562133789
2020-05-11,MRNA,314.0,66.9000015258789,21006.600479125977,0.2072525909085112,47.93000030517578,5956.580383300781
2020-05-11,DXCM,183.0,105.33999633789062,19277.219329833984,0.19019039542308455,85.37999725341797,3652.679832458496
2020-05-11,SE,320.0,62.90999984741211,20131.199951171875,0.1986158280167025,54.779998779296875,2601.600341796875
2020-05-12,NVDA,2442.0,7.762979507446289,18957.195957183838,0.1931813587614779,6.87574577331543,2166.6247787475586
2020-05-12,AMD,307.0,53.7599983215332,16504.319484710693,0.1681855729450182,43.65999984741211,3100.699531555176
2020-05-12,MRNA,314.0,62.349998474121094,19577.899520874023,0.19950657468964486,47.93000030517578,4527.879425048828
2020-05-12,DXCM,183.0,102.69999694824219,18794.09944152832,0.19151934046643274,85.37999725341797,3169.559944152832
2020-05-12,SE,320.0,62.70000076293945,20064.000244140625,0.20446013419431378,54.779998779296875,2534.400634765625
2020-05-13,NVDA,2442.0,7.740592956542969,18902.52799987793,0.19271501195701757,6.87574577331543,2111.9568214416504
2020-05-13,AMD,307.0,52.18000030517578,16019.260093688965,0.1633195253310975,43.65999984741211,2615.6401405334473
2020-05-13,MRNA,314.0,65.18000030517578,20466.520095825195,0.20866022073930873,47.93000030517578,5416.5
2020-05-13,DXCM,183.0,101.80000305175781,18629.40055847168,0.18993042366614266,85.37999725341797,3004.8610610961914
2020-05-13,SE,320.0,61.97999954223633,19833.599853515625,0.20220747367471956,54.779998779296875,2304.000244140625
2020-05-14,NVDA,2442.0,7.9898247718811035,19511.152092933655,0.19728165098081762,6.87574577331543,2720.5809144973755
2020-05-14,AMD,307.0,54.5099983215332,16734.569484710693,0.1692069991906122,43.65999984741211,3330.949531555176
2020-05-14,MRNA,314.0,64.55999755859375,20271.839233398438,0.20497312989687405,47.93000030517578,5221.819137573242
2020-05-14,DXCM,183.0,100.76249694824219,18439.53694152832,0.18644630895291814,85.37999725341797,2814.997444152832
2020-05-14,SE,320.0,61.59000015258789,19708.800048828125,0.19928011395553694,54.779998779296875,2179.200439453125
2020-05-15,NVDA,2442.0,8.44774055480957,20629.38243484497,0.20348195366760216,6.87574577331543,3838.8112564086914
2020-05-15,AMD,307.0,54.20000076293945,16639.400234222412,0.16412598284075477,43.65999984741211,3235.7802810668945
2020-05-15,MRNA,314.0,66.69000244140625,20940.660766601562,0.20655230845307732,47.93000030517578,5890.640670776367
2020-05-15,DXCM,183.0,104.43250274658203,19111.14800262451,0.1885065510170689,85.37999725341797,3486.6085052490234
2020-05-15,SE,320.0,61.959999084472656,19827.19970703125,0.19556946723377505,54.779998779296875,2297.60009765625
2020-05-18,NVDA,2442.0,8.705928802490234,21259.878135681152,0.19581629913988943,6.87574577331543,4469.306957244873
2020-05-18,AMD,307.0,54.59000015258789,16759.130046844482,0.1543616949087495,43.65999984741211,3355.510093688965
2020-05-18,MRNA,314.0,80.0,25120.0,0.2313703494912542,47.93000030517578,10069.979904174805
2020-05-18,DXCM,183.0,103.61000061035156,18960.630111694336,0.17463883819733744,85.37999725341797,3336.0906143188477
2020-05-18,SE,320.0,69.48999786376953,22236.79931640625,0.20481433238072438,54.779998779296875,4707.19970703125
2020-05-19,NVDA,2442.0,8.760896682739258,21394.109699249268,0.20275444049518065,6.87574577331543,4603.538520812988
2020-05-19,AMD,307.0,55.470001220703125,17029.29037475586,0.16138854528191698,43.65999984741211,3625.670421600342
2020-05-19,MRNA,314.0,71.66999816894531,22504.379425048828,0.21327659450008074,47.93000030517578,7454.359329223633
2020-05-19,DXCM,183.0,101.14250183105469,18509.077835083008,0.17541266139556594,85.37999725341797,2884.5383377075195
2020-05-19,SE,320.0,68.2699966430664,21846.39892578125,0.2070408375622532,54.779998779296875,4316.79931640625
2020-05-20,NVDA,2442.0,8.924566268920898,21793.790828704834,0.20202751956858025,6.87574577331543,5003.219650268555
2020-05-20,AMD,307.0,56.38999938964844,17311.72981262207,0.16047900344528207,43.65999984741211,3908.1098594665527
2020-05-20,MRNA,314.0,73.47000122070312,23069.58038330078,0.21385403480093923,47.93000030517578,8019.560287475586
2020-05-20,DXCM,183.0,99.98999786376953,18298.169609069824,0.1696232586529438,85.37999725341797,2673.630111694336
2020-05-20,SE,320.0,72.4000015258789,23168.00048828125,0.2147663850130324,54.779998779296875,5638.40087890625
2020-05-21,NVDA,2442.0,8.73080062866211,21320.61513519287,0.20008774060737428,6.87574577331543,4530.043956756592
2020-05-21,AMD,307.0,54.650001525878906,16777.550468444824,0.15745240673737018,43.65999984741211,3373.9305152893066
2020-05-21,MRNA,314.0,67.05000305175781,21053.700958251953,0.19758282908106328,47.93000030517578,6003.680862426758
2020-05-21,DXCM,183.0,99.84249877929688,18271.177276611328,0.17146965771543096,85.37999725341797,2646.63777923584
2020-05-21,SE,320.0,77.80999755859375,24899.19921875,0.23367170614083305,54.779998779296875,7369.599609375
2020-05-22,NVDA,2442.0,8.98052978515625,21930.453735351562,0.2019603506582982,6.87574577331543,5139.882556915283
2020-05-22,AMD,307.0,55.16999816894531,16937.18943786621,0.15597674171800027,43.65999984741211,3533.5694847106934
2020-05-22,MRNA,314.0,69.0,21666.0,0.19952496241831832,47.93000030517578,6615.979904174805
2020-05-22,DXCM,183.0,101.3125,18540.1875,0.17073895569860958,85.37999725341797,2915.6480026245117
2020-05-22,SE,320.0,79.0,25280.0,0.23280675020470262,54.779998779296875,7750.400390625
2020-05-26,NVDA,2442.0,8.673593521118164,21180.915378570557,0.20377361677953698,6.87574577331543,4390.344200134277
2020-05-26,AMD,307.0,53.189998626708984,16329.329578399658,0.15709833537893741,43.65999984741211,2925.7096252441406
2020-05-26,MRNA,314.0,57.709999084472656,18120.939712524414,0.17433474232189886,47.93000030517578,3070.9196166992188
2020-05-26,DXCM,183.0,95.44750213623047,17466.892890930176,0.16804240395987227,85.37999725341797,1842.3533935546875
2020-05-26,SE,320.0,83.16000366210938,26611.201171875,0.25601635305748444,54.779998779296875,9081.6015625
2020-05-27,NVDA,2442.0,8.482069969177246,20713.214864730835,0.20874517394800574,6.87574577331543,3922.6436862945557
2020-05-27,AMD,307.0,52.7400016784668,16191.180515289307,0.16317268058868986,43.65999984741211,2787.560562133789
2020-05-27,MRNA,314.0,52.18000030517578,16384.520095825195,0.16512113256167252,47.93000030517578,1334.5
2020-05-27,DXCM,183.0,89.90750122070312,16453.072723388672,0.16581199731920937,85.37999725341797,828.5332260131836
2020-05-27,SE,320.0,78.91000366210938,25251.201171875,0.25447842913049556,54.779998779296875,7721.6015625
2020-05-28,NVDA,2442.0,8.444013595581055,20620.281200408936,0.20840559433399447,6.87574577331543,3829.7100219726562
2020-05-28,AMD,307.0,51.7400016784668,15884.180515289307,0.16053864875187407,43.65999984741211,2480.560562133789
2020-05-28,MRNA,314.0,55.540000915527344,17439.560287475586,0.1762586014861329,47.93000030517578,2389.5401916503906
2020-05-28,DXCM,183.0,90.4574966430664,16553.721885681152,0.1673055868877586,85.37999725341797,929.1823883056641
2020-05-28,SE,320.0,75.66000366210938,24211.201171875,0.24469839769519958,54.779998779296875,6681.6015625
2020-05-29,NVDA,2442.0,8.830544471740723,21564.189599990845,0.2064160110857544,6.87574577331543,4773.618421554565
2020-05-29,AMD,307.0,53.79999923706055,16516.599765777588,0.1580996412846028,43.65999984741211,3112.9798126220703
2020-05-29,MRNA,314.0,61.5,19311.0,0.18484810530875204,47.93000030517578,4260.979904174805
2020-05-29,DXCM,183.0,94.57749938964844,17307.682388305664,0.1656720157818838,85.37999725341797,1683.1428909301758
2020-05-29,SE,320.0,79.80000305175781,25536.0009765625,0.24443485048314534,54.779998779296875,8006.4013671875
2020-06-01,NVDA,2695.0,8.761643409729004,23612.628989219666,0.22480030089568315,7.052789224897112,4605.362028121948
2020-06-01,SE,240.0,82.47000122070312,19792.80029296875,0.18843422574669363,54.779998779296875,6645.6005859375
2020-06-01,NOW,234.0,76.67400360107422,17941.716842651367,0.17081127843301888,76.67400360107422,0.0
2020-06-01,PDD,280.0,65.76000213623047,18412.80059814453,0.17529615684407088,65.76000213623047,0.0
2020-06-01,DOCU,137.0,147.22000122070312,20169.140167236328,0.19201711001650618,147.22000122070312,0.0
2020-06-02,NVDA,2695.0,8.780550003051758,23663.582258224487,0.22098351515977252,7.052789224897112,4656.31529712677
2020-06-02,SE,240.0,86.86000061035156,20846.400146484375,0.19467512283336605,54.779998779296875,7699.200439453125
2020-06-02,NOW,234.0,78.58000183105469,18387.720428466797,0.17171462256715112,76.67400360107422,446.0035858154297
2020-06-02,PDD,280.0,67.30000305175781,18844.000854492188,0.17597561954306945,65.76000213623047,431.20025634765625
2020-06-02,DOCU,137.0,147.67999267578125,20232.15899658203,0.18893900194600446,147.22000122070312,63.018829345703125
2020-06-03,NVDA,2695.0,8.725082397460938,23514.097061157227,0.2193370439083212,7.052789224897112,4506.830100059509
2020-06-03,SE,240.0,88.06999969482422,21136.799926757812,0.1971618642875721,54.779998779296875,7989.6002197265625
2020-06-03,NOW,234.0,77.61799621582031,18162.611114501953,0.169418941375894,76.67400360107422,220.89427185058594
2020-06-03,PDD,280.0,68.1500015258789,19082.000427246094,0.17799490895541537,65.76000213623047,669.1998291015625
2020-06-03,DOCU,137.0,147.4499969482422,20200.64958190918,0.1884295515494384,147.22000122070312,31.509414672851562
2020-06-04,NVDA,2695.0,8.726079940795898,23516.785440444946,0.22507240899919964,7.052789224897112,4509.518479347229
2020-06-04,SE,240.0,85.30999755859375,20474.3994140625,0.19595460487594854,54.779998779296875,7327.19970703125
2020-06-04,NOW,234.0,75.38999938964844,17641.259857177734,0.1688394387018205,76.67400360107422,-300.4569854736328
2020-06-04,PDD,280.0,66.2699966430664,18555.599060058594,0.17759031698643818,65.76000213623047,142.7984619140625
2020-06-04,DOCU,137.0,140.05999755859375,19188.219665527344,0.18364494737016848,147.22000122070312,-980.9205017089844
2020-06-05,NVDA,2695.0,8.878870964050293,23928.55724811554,0.22262038427429803,7.052789224897112,4921.290287017822
2020-06-05,SE,240.0,89.69999694824219,21527.999267578125,0.20028668757212603,54.779998779296875,8380.799560546875
2020-06-05,NOW,234.0,78.09200286865234,18273.52867126465,0.1700085773104734,76.67400360107422,331.81182861328125
2020-06-05,PDD,280.0,69.69999694824219,19515.999145507812,0.1815679559874835,65.76000213623047,1103.1985473632812
2020-06-05,DOCU,137.0,139.63999938964844,19130.679916381836,0.17798312160040164,147.22000122070312,-1038.4602508544922
2020-06-08,NVDA,2695.0,8.764400482177734,23620.059299468994,0.21903290876959022,7.052789224897112,4612.792338371277
2020-06-08,SE,240.0,90.87999725341797,21811.199340820312,0.2022590364741651,54.779998779296875,8663.999633789062
2020-06-08,NOW,234.0,77.3280029296875,18094.752685546875,0.1677957817096076,76.67400360107422,153.0358428955078
2020-06-08,PDD,280.0,68.30999755859375,19126.79931640625,0.17736612921284467,65.76000213623047,713.9987182617188
2020-06-08,DOCU,137.0,146.5399932861328,20075.979080200195,0.1861680378775572,147.22000122070312,-93.16108703613281
2020-06-09,NVDA,2695.0,9.004289627075195,24266.56054496765,0.22421371230270287,7.052789224897112,5259.293583869934
2020-06-09,SE,240.0,90.77999877929688,21787.19970703125,0.20130536908770433,54.779998779296875,8640.0
2020-06-09,NOW,234.0,77.76599884033203,18197.243728637695,0.16813555272962047,76.67400360107422,255.52688598632812
2020-06-09,PDD,280.0,69.37999725341797,19426.39923095703,0.17949247814398306,65.76000213623047,1013.5986328125
2020-06-09,DOCU,137.0,141.9199981689453,19443.039749145508,0.179646230149784,147.22000122070312,-726.1004180908203
2020-06-10,NVDA,2695.0,9.323556900024414,25126.985845565796,0.22471106877735286,7.052789224897112,6119.718884468079
2020-06-10,SE,240.0,92.16000366210938,22118.40087890625,0.1978052414122752,54.779998779296875,8971.201171875
2020-06-10,NOW,234.0,80.33200073242188,18797.68817138672,0.16810805026505551,76.67400360107422,855.9713287353516
2020-06-10,PDD,280.0,72.80000305175781,20384.000854492188,0.18229447201203977,65.76000213623047,1971.2002563476562
2020-06-10,DOCU,137.0,148.0500030517578,20282.85041809082,0.18138988191075398,147.22000122070312,113.71025085449219
2020-06-11,NVDA,2695.0,8.755690574645996,23596.58609867096,0.21860960397535872,7.052789224897112,4589.319137573242
2020-06-11,SE,240.0,88.58000183105469,21259.200439453125,0.19695499041547287,54.779998779296875,8112.000732421875
2020-06-11,NOW,234.0,75.01000213623047,17552.34049987793,0.16261293856127276,76.67400360107422,-389.3763427734375
2020-06-11,PDD,280.0,71.51000213623047,20022.80059814453,0.1855004148029909,65.76000213623047,1610.0
2020-06-11,DOCU,137.0,148.89999389648438,20399.29916381836,0.188988470320644,147.22000122070312,230.15899658203125
2020-06-12,NVDA,2695.0,8.891310691833496,23962.082314491272,0.2168248826176416,7.052789224897112,4954.815353393555
2020-06-12,SE,240.0,92.9800033569336,22315.200805664062,0.2019228016903645,54.779998779296875,9168.001098632812
2020-06-12,NOW,234.0,77.0260009765625,18024.084228515625,0.16309392046345436,76.67400360107422,82.36738586425781
2020-06-12,PDD,280.0,73.11000061035156,20470.800170898438,0.18523343613839366,65.76000213623047,2057.9995727539062
2020-06-12,DOCU,137.0,150.60000610351562,20632.20083618164,0.1866938968715277,147.22000122070312,463.0606689453125
2020-06-15,NVDA,2695.0,9.131448745727539,24609.254369735718,0.21313441426440125,7.052789224897112,5601.9874086380005
2020-06-15,SE,240.0,97.25,23340.0,0.2021417290500601,54.779998779296875,10192.80029296875
2020-06-15,NOW,234.0,78.5,18369.0,0.1590891782742311,76.67400360107422,427.2831573486328
2020-06-15,PDD,280.0,77.66999816894531,21747.599487304688,0.18835035831413752,65.76000213623047,3334.7988891601562
2020-06-15,DOCU,137.0,162.69000244140625,22288.530334472656,0.19303522107090904,147.22000122070312,2119.390167236328
2020-06-16,NVDA,2695.0,9.02668571472168,24326.918001174927,0.20889748962557347,7.052789224897112,5319.6510400772095
2020-06-16,SE,240.0,100.80000305175781,24192.000732421875,0.20773894258939363,54.779998779296875,11044.801025390625
2020-06-16,NOW,234.0,79.69200134277344,18647.928314208984,0.16013148115876275,76.67400360107422,706.2114715576172
2020-06-16,PDD,280.0,78.0,21840.0,0.18754209527085086,65.76000213623047,3427.1994018554688
2020-06-16,DOCU,137.0,163.0500030517578,22337.85041809082,0.19181718274979873,147.22000122070312,2168.710250854492
2020-06-17,NVDA,2695.0,9.193414688110352,24776.252584457397,0.20714457929581567,7.052789224897112,5768.98562335968
2020-06-17,SE,240.0,106.80999755859375,25634.3994140625,0.2143192100591499,54.779998779296875,12487.19970703125
2020-06-17,NOW,234.0,80.12999725341797,18750.419357299805,0.15676493917504383,76.67400360107422,808.7025146484375
2020-06-17,PDD,280.0,82.80000305175781,23184.000854492188,0.19383238393405286,65.76000213623047,4771.200256347656
2020-06-17,DOCU,137.0,161.7100067138672,22154.270919799805,0.1852232137868301,147.22000122070312,1985.1307525634766
2020-06-18,NVDA,2695.0,9.175495147705078,24727.959423065186,0.20697491020639783,7.052789224897112,5720.692461967468
2020-06-18,SE,240.0,106.4800033569336,25555.200805664062,0.213898983800708,54.779998779296875,12408.001098632812
2020-06-18,NOW,234.0,80.20600128173828,18768.204299926758,0.15709130435119245,76.67400360107422,826.4874572753906
2020-06-18,PDD,280.0,82.41999816894531,23077.599487304688,0.19316127141525472,65.76000213623047,4664.798889160156
2020-06-18,DOCU,137.0,162.3000030517578,22235.10041809082,0.18610948981790776,147.22000122070312,2065.960250854492
2020-06-19,NVDA,2695.0,9.218542098999023,24843.970956802368,0.20537369703552733,7.052789224897112,5836.703995704651
2020-06-19,SE,240.0,106.94000244140625,25665.6005859375,0.21216573180415635,54.779998779296875,12518.40087890625
2020-06-19,NOW,234.0,79.9739990234375,18713.915771484375,0.1546993463598816,76.67400360107422,772.1989288330078
2020-06-19,PDD,280.0,87.58000183105469,24522.400512695312,0.20271542187176814,65.76000213623047,6109.599914550781
2020-06-19,DOCU,137.0,161.4199981689453,22114.539749145508,0.18281074287271254,147.22000122070312,1945.3995819091797
2020-06-22,NVDA,2695.0,9.482821464538574,25556.203846931458,0.20830028861829422,7.052789224897112,6548.93688583374
2020-06-22,SE,240.0,113.38999938964844,27213.599853515625,0.22180918331149974,54.779998779296875,14066.400146484375
2020-06-22,NOW,234.0,80.56400299072266,18851.9766998291,0.15365631809480423,76.67400360107422,910.2598571777344
2020-06-22,PDD,280.0,81.79000091552734,22901.200256347656,0.18666021963490267,65.76000213623047,4488.399658203125
2020-06-22,DOCU,137.0,168.3000030517578,23057.10041809082,0.18793091104436407,147.22000122070312,2887.960250854492
2020-06-23,NVDA,2695.0,9.406425476074219,25350.31665802002,0.20752027076676624,7.052789224897112,6343.049696922302
2020-06-23,SE,240.0,111.0999984741211,26663.999633789062,0.21827421323268947,54.779998779296875,13516.799926757812
2020-06-23,NOW,234.0,80.18800354003906,18763.99282836914,0.15360395394417753,76.67400360107422,822.2759857177734
2020-06-23,PDD,280.0,83.63999938964844,23419.199829101562,0.19171195197432092,65.76000213623047,5006.399230957031
2020-06-23,DOCU,137.0,166.8000030517578,22851.60041809082,0.18706552546024652,147.22000122070312,2682.460250854492
2020-06-24,NVDA,2695.0,9.192917823791504,24774.913535118103,0.20773437379387832,7.052789224897112,5767.646574020386
2020-06-24,SE,240.0,103.63999938964844,24873.599853515625,0.20856184552350812,54.779998779296875,11726.400146484375
2020-06-24,NOW,234.0,78.58599853515625,18389.123657226562,0.1541903701152087,76.67400360107422,447.4068145751953
2020-06-24,PDD,280.0,84.5,23660.0,0.1983859712364373,65.76000213623047,5247.199401855469
2020-06-24,DOCU,137.0,163.91000366210938,22455.670501708984,0.18828782765202673,147.22000122070312,2286.5303344726562
2020-06-25,NVDA,2695.0,9.446237564086914,25457.610235214233,0.20943953701021545,7.052789224897112,6450.343274116516
2020-06-25,SE,240.0,104.31999969482422,25036.799926757812,0.2059775342786972,54.779998779296875,11889.600219726562
2020-06-25,NOW,234.0,80.3280029296875,18796.752685546875,0.1546407201376234,76.67400360107422,855.0358428955078
2020-06-25,PDD,280.0,86.0,24080.0,0.19810594963975992,65.76000213623047,5667.199401855469
2020-06-25,DOCU,137.0,168.39999389648438,23070.79916381836,0.18980326317676144,147.22000122070312,2901.6589965820312
2020-06-26,NVDA,2695.0,9.112789154052734,24558.96677017212,0.20162034055918426,7.052789224897112,5551.699809074402
2020-06-26,SE,240.0,105.19999694824219,25247.999267578125,0.20727705112373748,54.779998779296875,12100.799560546875
2020-06-26,NOW,234.0,79.99400329589844,18718.596771240234,0.1536729900376445,76.67400360107422,776.8799285888672
2020-06-26,PDD,280.0,85.16000366210938,23844.801025390625,0.19575729501553255,65.76000213623047,5432.000427246094
2020-06-26,DOCU,137.0,177.5800018310547,24328.460250854492,0.1997279644115697,147.22000122070312,4159.320083618164
2020-06-29,NVDA,2695.0,9.157578468322754,24679.67397212982,0.20168246593256134,7.052789224897112,5672.4070110321045
2020-06-29,SE,240.0,108.7699966430664,26104.799194335938,0.21332859907847723,54.779998779296875,12957.599487304688
2020-06-29,NOW,234.0,78.91000366210938,18464.940856933594,0.15089562404798204,76.67400360107422,523.2240142822266
2020-06-29,PDD,280.0,87.47000122070312,24491.600341796875,0.20014552692821014,65.76000213623047,6078.799743652344
2020-06-29,DOCU,137.0,171.6699981689453,23518.789749145508,0.19219571205493396,147.22000122070312,3349.6495819091797
2020-06-30,NVDA,2695.0,9.45395565032959,25478.410477638245,0.20729331797811293,7.052789224897112,6471.143516540527
2020-06-30,SE,240.0,107.23999786376953,25737.599487304688,0.2094020896318381,54.779998779296875,12590.399780273438
2020-06-30,NOW,234.0,81.01200103759766,18956.80824279785,0.1542333138236129,76.67400360107422,1015.0914001464844
2020-06-30,PDD,280.0,85.83999633789062,24035.198974609375,0.1955512942255085,65.76000213623047,5622.398376464844
2020-06-30,DOCU,137.0,172.2100067138672,23592.770919799805,0.19195168272193483,147.22000122070312,3423.6307525634766
2020-07-01,NVDA,2695.0,9.486058235168457,25564.92694377899,0.2033186851289383,7.052789224897112,6557.659982681274
2020-07-01,PDD,275.0,85.44999694824219,23498.7491607666,0.18688630685504187,65.76000213623047,5414.748573303223
2020-07-01,TWLO,98.0,227.77000427246094,22321.460418701172,0.17752329167489903,227.77000427246094,0.0
2020-07-01,MRNA,371.0,61.59000015258789,22849.890056610107,0.18172590955834073,61.59000015258789,0.0
2020-07-01,ZM,97.0,259.1300048828125,25135.610473632812,0.19990431745222728,259.1300048828125,0.0
2020-07-02,NVDA,2695.0,9.5679292678833,25785.569376945496,0.20205483766391483,7.052789224897112,6778.302415847778
2020-07-02,PDD,275.0,93.0,25575.0,0.20040482324485165,65.76000213623047,7490.999412536621
2020-07-02,TWLO,98.0,232.35000610351562,22770.30059814453,0.17842729488184925,227.77000427246094,448.8401794433594
2020-07-02,MRNA,371.0,58.56999969482422,21729.469886779785,0.1702713811090686,61.59000015258789,-1120.4201698303223
2020-07-02,ZM,97.0,261.739990234375,25388.779052734375,0.19894560228605374,259.1300048828125,253.1685791015625
2020-07-06,NVDA,2695.0,9.793880462646484,26394.507846832275,0.20779502196962546,7.052789224897112,7387.240885734558
2020-07-06,PDD,275.0,87.0,23925.0,0.18835342297242116,65.76000213623047,5840.999412536621
2020-07-06,TWLO,98.0,235.44000244140625,23073.120239257812,0.18164686209899514,227.77000427246094,751.6598205566406
2020-07-06,MRNA,371.0,59.150001525878906,21944.650566101074,0.1727628025102954,61.59000015258789,-905.2394905090332
2020-07-06,ZM,97.0,261.0,25317.0,0.19931216758172568,259.1300048828125,181.3895263671875
2020-07-07,NVDA,2695.0,9.826229095458984,26481.687412261963,0.20556206918279812,7.052789224897112,7474.420451164246
2020-07-07,PDD,275.0,91.0,25025.0,0.19425464477454635,65.76000213623047,6940.999412536621
2020-07-07,TWLO,98.0,233.3000030517578,22863.400299072266,0.17747539274463695,227.77000427246094,541.9398803710938
2020-07-07,MRNA,371.0,61.09000015258789,22664.390056610107,0.1759305909881541,61.59000015258789,-185.5
2020-07-07,ZM,97.0,262.1000061035156,25423.700592041016,0.19734952756688717,259.1300048828125,288.0901184082031
2020-07-08,NVDA,2695.0,10.168893814086914,27405.168828964233,0.20807047988291463,7.052789224897112,8397.901867866516
2020-07-08,PDD,275.0,92.30999755859375,25385.24932861328,0.19273448168542553,65.76000213623047,7301.248741149902
2020-07-08,TWLO,98.0,243.61000061035156,23873.780059814453,0.18125883130538237,227.77000427246094,1552.3196411132812
2020-07-08,MRNA,371.0,61.58000183105469,22846.18067932129,0.17345690541464961,61.59000015258789,-3.7093772888183594
2020-07-08,ZM,97.0,266.32000732421875,25833.04071044922,0.1961342844119668,259.1300048828125,697.4302368164062
2020-07-09,NVDA,2695.0,10.460543632507324,28191.16508960724,0.21091622769642995,7.052789224897112,9183.898128509521
2020-07-09,PDD,275.0,90.25,24818.75,0.1856850225771815,65.76000213623047,6734.749412536621
2020-07-09,TWLO,98.0,245.3000030517578,24039.400299072266,0.17985420648804382,227.77000427246094,1717.9398803710938
2020-07-09,MRNA,371.0,64.95999908447266,24100.159660339355,0.18030878632661967,61.59000015258789,1250.269603729248
2020-07-09,ZM,97.0,269.5199890136719,26143.438934326172,0.19559587202278605,259.1300048828125,1007.8284606933594
2020-07-10,NVDA,2695.0,10.430930137634277,28111.356720924377,0.21288262584393766,7.052789224897112,9104.08975982666
2020-07-10,PDD,275.0,87.30000305175781,24007.5008392334,0.18180480826108228,65.76000213623047,5923.5002517700195
2020-07-10,TWLO,98.0,240.5800018310547,23576.84017944336,0.17854348675981352,227.77000427246094,1255.3797607421875
2020-07-10,MRNA,371.0,62.61000061035156,23228.31022644043,0.17590412743194087,61.59000015258789,378.42016983032227
2020-07-10,ZM,97.0,275.8699951171875,26759.389526367188,0.20264440328892422,259.1300048828125,1623.779052734375
2020-07-13,NVDA,2695.0,10.005899429321289,26965.898962020874,0.20503214523575372,7.052789224897112,7958.632000923157
2020-07-13,PDD,275.0,88.27999877929688,24276.99966430664,0.18458740530293213,65.76000213623047,6192.999076843262
2020-07-13,TWLO,98.0,224.8000030517578,22030.400299072266,0.16750564259262765,227.77000427246094,-291.06011962890625
2020-07-13,MRNA,371.0,71.77999877929688,26630.37954711914,0.2024810615317602,61.59000015258789,3780.489490509033
2020-07-13,ZM,97.0,260.29998779296875,25249.09881591797,0.1919786506204882,259.1300048828125,113.48834228515625
2020-07-14,NVDA,2695.0,10.329153060913086,27837.067499160767,0.20896258276435062,7.052789224897112,8829.80053806305
2020-07-14,PDD,275.0,87.33000183105469,24015.75050354004,0.18027736766436606,65.76000213623047,5931.74991607666
2020-07-14,TWLO,98.0,223.82000732421875,21934.360717773438,0.16465314340345066,227.77000427246094,-387.0997009277344
2020-07-14,MRNA,371.0,75.04000091552734,27839.840339660645,0.208983397453702,61.59000015258789,4989.950283050537
2020-07-14,ZM,97.0,260.010009765625,25220.970947265625,0.18932451232961817,259.1300048828125,85.3604736328125
2020-07-15,NVDA,2695.0,10.180091857910156,27435.34755706787,0.2049649652751114,7.052789224897112,8428.080595970154
2020-07-15,PDD,275.0,85.30000305175781,23457.5008392334,0.17524712726723765,65.76000213623047,5373.5002517700195
2020-07-15,TWLO,98.0,224.27000427246094,21978.460418701172,0.16419745976059158,227.77000427246094,-343.0
2020-07-15,MRNA,371.0,80.22000122070312,29761.62045288086,0.2223441671357384,61.59000015258789,6911.730396270752
2020-07-15,ZM,97.0,256.2200012207031,24853.340118408203,0.18567521274312204,259.1300048828125,-282.2703552246094
2020-07-16,NVDA,2695.0,10.088018417358398,27187.209634780884,0.20474738661031497,7.052789224897112,8179.9426736831665
2020-07-16,PDD,275.0,83.55000305175781,22976.2508392334,0.17303457679664921,65.76000213623047,4892.2502517700195
2020-07-16,TWLO,98.0,222.3800048828125,21793.240478515625,0.16412530354118363,227.77000427246094,-528.2199401855469
2020-07-16,MRNA,371.0,81.80999755859375,30351.50909423828,0.2285777852970376,61.59000015258789,7501.619037628174
2020-07-16,ZM,97.0,248.5399932861328,24108.379348754883,0.18156065787467976,259.1300048828125,-1027.2311248779297
2020-07-17,NVDA,2695.0,10.154458045959473,27366.26443386078,0.19702605957248742,7.052789224897112,8358.997472763062
2020-07-17,PDD,275.0,82.47000122070312,22679.25033569336,0.16328144962930483,65.76000213623047,4595.2497482299805
2020-07-17,TWLO,98.0,238.57000732421875,23379.860717773438,0.16832556163116122,227.77000427246094,1058.4002990722656
2020-07-17,MRNA,371.0,94.8499984741211,35189.349433898926,0.25334911436804824,61.59000015258789,12339.459377288818
2020-07-17,ZM,97.0,246.5399932861328,23914.379348754883,0.1721738800556535,259.1300048828125,-1221.2311248779297
2020-07-20,NVDA,2695.0,10.46228313446045,28195.85304737091,0.2008405096345563,7.052789224897112,9188.586086273193
2020-07-20,PDD,275.0,84.83000183105469,23328.25050354004,0.16616832667350165,65.76000213623047,5244.24991607666
2020-07-20,TWLO,98.0,262.9700012207031,25771.060119628906,0.18356858505232126,227.77000427246094,3449.5997009277344
2020-07-20,MRNA,371.0,82.68000030517578,30674.280113220215,0.2184944729376338,61.59000015258789,7824.390056610107
2020-07-20,ZM,97.0,268.5799865722656,26052.258697509766,0.18557157696731036,259.1300048828125,916.6482238769531
2020-07-21,NVDA,2695.0,10.280875205993652,27706.958680152893,0.20139420314601342,7.052789224897112,8699.691719055176
2020-07-21,PDD,275.0,82.58000183105469,22709.50050354004,0.165069064798894,65.76000213623047,4625.49991607666
2020-07-21,TWLO,98.0,260.510009765625,25529.98095703125,0.18557035546659403,227.77000427246094,3208.520538330078
2020-07-21,MRNA,371.0,80.86000061035156,29999.06022644043,0.21805485398731234,61.59000015258789,7149.170169830322
2020-07-21,ZM,97.0,260.44000244140625,25262.680236816406,0.18362742061872905,259.1300048828125,127.06976318359375
2020-07-22,NVDA,2695.0,10.390616416931152,28002.711243629456,0.2022278173920727,7.052789224897112,8995.444282531738
2020-07-22,PDD,275.0,80.76000213623047,22209.00058746338,0.1603872452273254,65.76000213623047,4125.0
2020-07-22,TWLO,98.0,262.04998779296875,25680.898803710938,0.1854603316285182,227.77000427246094,3359.4383850097656
2020-07-22,MRNA,371.0,83.2249984741211,30876.474433898926,0.2229813384570048,61.59000015258789,8026.584377288818
2020-07-22,ZM,97.0,261.17999267578125,25334.45928955078,0.18295844150090004,259.1300048828125,198.84881591796875
2020-07-23,NVDA,2695.0,10.083040237426758,27173.793439865112,0.20501343122747465,7.052789224897112,8166.526478767395
2020-07-23,PDD,275.0,79.05000305175781,21738.7508392334,0.1640086029951255,65.76000213623047,3654.7502517700195
2020-07-23,TWLO,98.0,254.32000732421875,24923.360717773438,0.18803497972332242,227.77000427246094,2601.9002990722656
2020-07-23,MRNA,371.0,75.33000183105469,27947.43067932129,0.2108501586368168,61.59000015258789,5097.540622711182
2020-07-23,ZM,97.0,251.5,24395.5,0.18405252003471048,259.1300048828125,-740.1104736328125
2020-07-24,NVDA,2695.0,10.147493362426758,27347.494611740112,0.20902123594774738,7.052789224897112,8340.227650642395
2020-07-24,PDD,275.0,78.94999694824219,21711.2491607666,0.16594251861026948,65.76000213623047,3627.2485733032227
2020-07-24,TWLO,98.0,248.2899932861328,24332.419342041016,0.18597653776623846,227.77000427246094,2010.9589233398438
2020-07-24,MRNA,371.0,73.20999908447266,27160.909660339355,0.20759513759011963,61.59000015258789,4311.019603729248
2020-07-24,ZM,97.0,246.55999755859375,23916.319763183594,0.18279622273245183,259.1300048828125,-1219.2907104492188
2020-07-27,NVDA,2695.0,10.37344741821289,27956.44079208374,0.20530104077687428,7.052789224897112,8949.173830986023
2020-07-27,PDD,275.0,83.44000244140625,22946.00067138672,0.1685063508097386,65.76000213623047,4862.00008392334
2020-07-27,TWLO,98.0,252.86000061035156,24780.280059814453,0.1819765729428227,227.77000427246094,2458.8196411132812
2020-07-27,MRNA,371.0,79.91000366210938,29646.611358642578,0.217712984735893,61.59000015258789,6796.721302032471
2020-07-27,ZM,97.0,252.3300018310547,24476.010177612305,0.1797421353061531,259.1300048828125,-659.6002960205078
2020-07-28,NVDA,2695.0,10.168396949768066,27403.82977962494,0.2015256924087615,7.052789224897112,8396.562818527222
2020-07-28,PDD,275.0,83.7699966430664,23036.74907684326,0.16941051108153815,65.76000213623047,4952.748489379883
2020-07-28,TWLO,98.0,249.7899932861328,24479.419342041016,0.18001979914271543,227.77000427246094,2157.9589233398438
2020-07-28,MRNA,371.0,81.48999786376953,30232.789207458496,0.22232964616541245,61.59000015258789,7382.899150848389
2020-07-28,ZM,97.0,252.17999267578125,24461.45928955078,0.17988772227452224,259.1300048828125,-674.1511840820312
2020-07-29,NVDA,2695.0,10.417241096496582,28074.46475505829,0.2042327567894934,7.052789224897112,9067.197793960571
2020-07-29,PDD,275.0,84.02999877929688,23108.24966430664,0.16810512950815587,65.76000213623047,5024.249076843262
2020-07-29,TWLO,98.0,264.6199951171875,25932.759521484375,0.18865253583427546,227.77000427246094,3611.299102783203
2020-07-29,MRNA,371.0,79.51000213623047,29498.210792541504,0.21459005409650347,61.59000015258789,6648.3207359313965
2020-07-29,ZM,97.0,252.38999938964844,24481.8299407959,0.17809748693995806,259.1300048828125,-653.7805328369141
2020-07-30,NVDA,2695.0,10.565056800842285,28472.82807826996,0.20713577922098084,7.052789224897112,9465.561117172241
2020-07-30,PDD,275.0,84.94000244140625,23358.50067138672,0.16992977391290728,65.76000213623047,5274.50008392334
2020-07-30,TWLO,98.0,267.45001220703125,26210.101196289062,0.19067476261332353,227.77000427246094,3888.6407775878906
2020-07-30,MRNA,371.0,77.62999725341797,28800.728981018066,0.20952121170458538,61.59000015258789,5950.838924407959
2020-07-30,ZM,97.0,250.0,24250.0,0.17641530487595988,259.1300048828125,-885.6104736328125
2020-07-31,NVDA,2695.0,10.565803527832031,28474.840507507324,0.20427455968922464,7.052789224897112,9467.573546409607
2020-07-31,PDD,275.0,91.80000305175781,25245.0008392334,0.18110413750794851,65.76000213623047,7161.0002517700195
2020-07-31,TWLO,98.0,277.4200134277344,27187.16131591797,0.1950369276184307,227.77000427246094,4865.700897216797
2020-07-31,MRNA,371.0,74.0999984741211,27491.099433898926,0.19721733755635334,61.59000015258789,4641.209377288818
2020-07-31,ZM,97.0,253.91000366210938,24629.27035522461,0.17668697234507544,259.1300048828125,-506.3401184082031
2020-08-03,NVDA,2800.0,10.959481239318848,30686.547470092773,0.21160326942304444,7.199290175437927,10528.534978866577
2020-08-03,TWLO,94.0,286.3299865722656,26915.01873779297,0.18559617914169596,227.77000427246094,5504.638336181641
2020-08-03,ZM,101.0,268.0,27068.0,0.18665108228044172,259.48129181814664,860.3895263671875
2020-08-03,DOCU,114.0,226.27999877929688,25795.919860839844,0.17787928034746928,226.27999877929688,0.0
2020-08-03,SE,205.0,132.75,27213.75,0.1876561212653085,132.75,0.0
2020-08-04,NVDA,2800.0,11.175979614257812,31292.742919921875,0.21367146583067098,7.199290175437927,11134.730428695679
2020-08-04,TWLO,94.0,283.760009765625,26673.44091796875,0.1821301901937719,227.77000427246094,5263.060516357422
2020-08-04,ZM,101.0,267.3399963378906,27001.339630126953,0.18436913098110153,259.48129181814664,793.7291564941406
2020-08-04,DOCU,114.0,227.67999267578125,25955.519165039062,0.17722811453703707,226.27999877929688,159.59930419921875
2020-08-04,SE,205.0,137.50999450683594,28189.548873901367,0.1924823990151798,132.75,975.7988739013672
2020-08-05,NVDA,2800.0,11.23470687866211,31457.179260253906,0.21241924547913685,7.199290175437927,11299.16676902771
2020-08-05,TWLO,94.0,278.1099853515625,26142.338623046875,0.17652999969975353,227.77000427246094,4731.958221435547
2020-08-05,ZM,101.0,272.8999938964844,27562.899383544922,0.18612254588470437,259.48129181814664,1355.2889099121094
2020-08-05,DOCU,114.0,226.02000427246094,25766.280487060547,0.1739906116369644,226.27999877929688,-29.639373779296875
2020-08-05,SE,205.0,145.47000122070312,29821.35025024414,0.20137306866956511,132.75,2607.6002502441406
2020-08-06,NVDA,2800.0,11.283230781555176,31593.046188354492,0.22026353362391934,7.199290175437927,11435.033697128296
2020-08-06,TWLO,94.0,260.489990234375,24486.05908203125,0.17071433586294446,227.77000427246094,3075.678680419922
2020-08-06,ZM,101.0,268.25,27093.25,0.1888914081528482,259.48129181814664,885.6395263671875
2020-08-06,DOCU,114.0,215.67999267578125,24587.519165039062,0.17142170533506945,226.27999877929688,-1208.4006958007812
2020-08-06,SE,205.0,138.2100067138672,28333.051376342773,0.19753517838370738,132.75,1119.3013763427734
2020-08-07,NVDA,2800.0,11.147858619689941,31214.004135131836,0.22638629616630762,7.199290175437927,11055.99164390564
2020-08-07,TWLO,94.0,249.0,23406.0,0.16975706241112204,227.77000427246094,1995.6195983886719
2020-08-07,ZM,101.0,258.7300109863281,26131.73110961914,0.18952601507674424,259.48129181814664,-75.87936401367188
2020-08-07,DOCU,114.0,204.75999450683594,23342.639373779297,0.16929752580598847,226.27999877929688,-2453.280487060547
2020-08-07,SE,205.0,129.0,26445.0,0.1917980652594259,132.75,-768.75
2020-08-10,NVDA,2800.0,11.113515853881836,31117.84439086914,0.23053434987087731,7.199290175437927,10959.831899642944
2020-08-10,TWLO,94.0,250.0500030517578,23504.700286865234,0.17413291009104356,227.77000427246094,2094.3198852539062
2020-08-10,ZM,101.0,250.0,25250.0,0.18706283960812198,259.48129181814664,-957.6104736328125
2020-08-10,DOCU,114.0,198.3800048828125,22615.320556640625,0.16754400324646057,226.27999877929688,-3180.5993041992188
2020-08-10,SE,205.0,122.69999694824219,25153.49937438965,0.1863479215467108,132.75,-2060.2506256103516
2020-08-11,NVDA,2800.0,10.799970626831055,30239.917755126953,0.23183309515712644,7.199290175437927,10081.905263900757
2020-08-11,TWLO,94.0,244.49000549316406,22982.060516357422,0.17619102888241836,227.77000427246094,1571.6801147460938
2020-08-11,ZM,101.0,231.0399932861328,23335.039321899414,0.17889712648745537,259.48129181814664,-2872.5711517333984
2020-08-11,DOCU,114.0,191.82000732421875,21867.480834960938,0.16764614924915341,226.27999877929688,-3928.4390258789062
2020-08-11,SE,205.0,120.36000061035156,24673.80012512207,0.1891606815407269,132.75,-2539.9498748779297
2020-08-12,NVDA,2800.0,11.387500762939453,31885.00213623047,0.23823943257362348,7.199290175437927,11726.989645004272
2020-08-12,TWLO,94.0,240.92999267578125,22647.419311523438,0.16921775018178303,227.77000427246094,1237.0389099121094
2020-08-12,ZM,101.0,236.72000122070312,23908.720123291016,0.17864198005689144,259.48129181814664,-2298.890350341797
2020-08-12,DOCU,114.0,193.3000030517578,22036.20034790039,0.1646508237487962,226.27999877929688,-3759.719512939453
2020-08-12,SE,205.0,126.91999816894531,26018.59962463379,0.19440664875758634,132.75,-1195.150375366211
2020-08-13,NVDA,2800.0,11.390235900878906,31892.660522460938,0.2343165322447472,7.199290175437927,11734.648031234741
2020-08-13,TWLO,94.0,243.99000549316406,22935.060516357422,0.16850472048989196,227.77000427246094,1524.6801147460938
2020-08-13,ZM,101.0,247.25,24972.25,0.18347202542816815,259.48129181814664,-1235.3604736328125
2020-08-13,DOCU,114.0,199.3800048828125,22729.320556640625,0.16699314155244135,226.27999877929688,-3066.5993041992188
2020-08-13,SE,205.0,128.0,26240.0,0.19278623060537725,132.75,-973.75
2020-08-14,NVDA,2800.0,11.51068115234375,32229.9072265625,0.2377346784064389,7.199290175437927,12071.894735336304
2020-08-14,TWLO,94.0,240.05999755859375,22565.639770507812,0.16644897784427753,227.77000427246094,1155.2593688964844
2020-08-14,ZM,101.0,244.91000366210938,24735.910369873047,0.18245735724692816,259.48129181814664,-1471.7001037597656
2020-08-14,DOCU,114.0,199.7100067138672,22766.94076538086,0.16793381697032997,226.27999877929688,-3028.9790954589844
2020-08-14,SE,205.0,126.5,25932.5,0.19128365789070606,132.75,-1281.25
2020-08-17,NVDA,2800.0,12.280113220214844,34384.31701660156,0.2402752250003056,7.199290175437927,14226.304525375366
2020-08-17,TWLO,94.0,247.8000030517578,23293.200286865234,0.16277126973909267,227.77000427246094,1882.8198852539062
2020-08-17,ZM,101.0,266.1499938964844,26881.149383544922,0.18784360943623177,259.48129181814664,673.5389099121094
2020-08-17,DOCU,114.0,207.6999969482422,23677.79965209961,0.1654588234564472,226.27999877929688,-2118.1202087402344
2020-08-17,SE,205.0,134.27999877929688,27527.39974975586,0.19235956221996428,132.75,313.6497497558594
2020-08-18,NVDA,2800.0,12.204215049743652,34171.80213928223,0.23253012091318268,7.199290175437927,14013.78964805603
2020-08-18,TWLO,94.0,251.94000244140625,23682.360229492188,0.16115222911650154,227.77000427246094,2271.9798278808594
2020-08-18,ZM,101.0,276.79998779296875,27956.798767089844,0.1902386585044609,259.48129181814664,1749.1882934570312
2020-08-18,DOCU,114.0,209.47000122070312,23879.580139160156,0.16249425870144,226.27999877929688,-1916.3397216796875
2020-08-18,SE,205.0,145.97999572753906,29925.899124145508,0.2036378682461676,132.75,2712.149124145508
2020-08-19,NVDA,2800.0,12.082529067993164,33831.08139038086,0.23015852492880462,7.199290175437927,13673.068899154663
2020-08-19,TWLO,94.0,251.0,23594.0,0.1605139420318448,227.77000427246094,2183.619598388672
2020-08-19,ZM,101.0,273.510009765625,27624.510986328125,0.1879341847553417,259.48129181814664,1416.9005126953125
2020-08-19,DOCU,114.0,208.2100067138672,23735.94076538086,0.16147958888215838,226.27999877929688,-2059.9790954589844
2020-08-19,SE,205.0,150.55999755859375,30864.79949951172,0.20997841136259796,132.75,3651.0494995117188
2020-08-20,NVDA,2800.0,12.085015296936035,33838.0428314209,0.22483933740538176,7.199290175437927,13680.030340194702
2020-08-20,TWLO,94.0,257.6499938964844,24219.09942626953,0.1609255681448892,227.77000427246094,2808.719024658203
2020-08-20,ZM,101.0,290.69000244140625,29359.69024658203,0.1950825978427772,259.48129181814664,3152.0797729492188
2020-08-20,DOCU,114.0,214.47999572753906,24450.719512939453,0.16246458466177488,226.27999877929688,-1345.2003479003906
2020-08-20,SE,205.0,152.63999938964844,31291.19987487793,0.20791665409070262,132.75,4077.4498748779297
2020-08-21,NVDA,2800.0,12.625016212463379,35350.04539489746,0.23606387600129097,7.199290175437927,15192.032903671265
2020-08-21,TWLO,94.0,251.25999450683594,23618.439483642578,0.15772144865237928,227.77000427246094,2208.05908203125
2020-08-21,ZM,101.0,289.67999267578125,29257.679260253906,0.19537969730514274,259.48129181814664,3050.0687866210938
2020-08-21,DOCU,114.0,210.17999267578125,23960.519165039062,0.16000582069744027,226.27999877929688,-1835.4006958007812
2020-08-21,SE,205.0,147.4199981689453,30221.09962463379,0.20181331691986942,132.75,3007.349624633789
2020-08-24,NVDA,2800.0,12.661596298217773,35452.469635009766,0.23870043169152094,7.199290175437927,15294.45714378357
2020-08-24,TWLO,94.0,245.47000122070312,23074.180114746094,0.15535777369029213,227.77000427246094,1663.7997131347656
2020-08-24,ZM,101.0,282.2799987792969,28510.279876708984,0.1919588729439622,259.48129181814664,2302.669403076172
2020-08-24,DOCU,114.0,204.49000549316406,23311.860626220703,0.15695806955903535,226.27999877929688,-2484.0592346191406
2020-08-24,SE,205.0,150.41000366210938,30834.050750732422,0.20760475365388653,132.75,3620.300750732422
2020-08-25,NVDA,2800.0,12.69120979309082,35535.3874206543,0.23589500939112457,7.199290175437927,15377.3749294281
2020-08-25,TWLO,94.0,249.50999450683594,23453.939483642578,0.15569458155216204,227.77000427246094,2043.55908203125
2020-08-25,ZM,101.0,290.44000244140625,29334.44024658203,0.19473118375033713,259.48129181814664,3126.8297729492188
2020-08-25,DOCU,114.0,205.08999633789062,23380.25958251953,0.15520547133755785,226.27999877929688,-2415.6602783203125
2020-08-25,SE,205.0,154.1300048828125,31596.651000976562,0.20974844586248256,132.75,4382.9010009765625
2020-08-26,NVDA,2800.0,12.714101791381836,35599.48501586914,0.23010255166503343,7.199290175437927,15441.472524642944
2020-08-26,TWLO,94.0,265.0199890136719,24911.878967285156,0.16102162473944545,227.77000427246094,3501.498565673828
2020-08-26,ZM,101.0,295.2699890136719,29822.26889038086,0.1927606583370078,259.48129181814664,3614.658416748047
2020-08-26,DOCU,114.0,214.41000366210938,24442.74041748047,0.15798927813818503,226.27999877929688,-1353.179443359375
2020-08-26,SE,205.0,159.0,32595.0,0.21068261712714137,132.75,5381.25
2020-08-27,NVDA,2800.0,12.570019721984863,35196.05522155762,0.2303992451794663,7.199290175437927,15038.04273033142
2020-08-27,TWLO,94.0,261.5199890136719,24582.878967285156,0.16092362404669566,227.77000427246094,3172.498565673828
2020-08-27,ZM,101.0,294.67999267578125,29762.679260253906,0.1948314603132272,259.48129181814664,3555.0687866210938
2020-08-27,DOCU,114.0,214.77000427246094,24483.780487060547,0.16027490887397378,226.27999877929688,-1312.1393737792969
2020-08-27,SE,205.0,153.14999389648438,31395.748748779297,0.2055218054417747,132.75,4181.998748779297
2020-08-28,NVDA,2800.0,13.08712387084961,36643.946838378906,0.236560232971155,7.199290175437927,16485.93434715271
2020-08-28,TWLO,94.0,264.45001220703125,24858.301147460938,0.1604763137728271,227.77000427246094,3447.9207458496094
2020-08-28,ZM,101.0,299.2699890136719,30226.26889038086,0.19512999628818353,259.48129181814664,4018.658416748047
2020-08-28,DOCU,114.0,215.24000549316406,24537.360626220703,0.1584044363953892,226.27999877929688,-1258.5592346191406
2020-08-28,SE,205.0,152.6699981689453,31297.34962463379,0.20204451095941478,132.75,4083.599624633789
2020-08-31,NVDA,2800.0,13.312829971313477,37275.923919677734,0.23362205316905896,7.199290175437927,17117.911428451538
2020-08-31,TWLO,94.0,269.760009765625,25357.44091796875,0.1589244956914855,227.77000427246094,3947.060516357422
2020-08-31,ZM,101.0,325.1000061035156,32835.10061645508,0.20578976495816356,259.48129181814664,6627.490142822266
2020-08-31,DOCU,114.0,223.0,25422.0,0.15932911142488357,226.27999877929688,-373.91986083984375
2020-08-31,SE,205.0,152.80999755859375,31326.04949951172,0.1963319814022941,132.75,4112.299499511719
2020-09-01,NVDA,2520.0,13.761387825012207,34678.69731903076,0.19118964536952196,7.199290175437927,16536.486076927187
2020-09-01,ZM,71.0,457.69000244140625,32495.990173339844,0.17915600404525114,259.48129181814664,14072.818454251432
2020-09-01,DOCU,144.0,268.79998779296875,38707.1982421875,0.21339946645315472,235.13832982381186,4847.278747558594
2020-09-01,SE,219.0,161.8000030517578,35434.20066833496,0.19535486576693548,134.60707782066032,5955.250625610352
2020-09-01,TSLA,196.0,158.35000610351562,31036.601196289062,0.17111014066083244,158.35000610351562,0.0
2020-09-02,NVDA,2520.0,14.284624099731445,35997.25273132324,0.2034392687083152,7.199290175437927,17855.041489219668
2020-09-02,ZM,71.0,423.55999755859375,30072.759826660156,0.16995686623198725,259.48129181814664,11649.588107571744
2020-09-02,DOCU,144.0,265.1600036621094,38183.04052734375,0.21579229670444988,235.13832982381186,4323.121032714844
2020-09-02,SE,219.0,157.22000122070312,34431.180267333984,0.19458857559581075,134.60707782066032,4952.230224609375
2020-09-02,TSLA,196.0,149.1233367919922,29228.17401123047,0.1651836708458038,158.35000610351562,-1808.4271850585938
2020-09-03,NVDA,2520.0,12.959362983703613,32657.594718933105,0.20094738551176006,7.199290175437927,14515.383476829531
2020-09-03,ZM,71.0,381.32000732421875,27073.72052001953,0.16658891756715838,259.48129181814664,8650.54880093112
2020-09-03,DOCU,144.0,242.00999450683594,34849.439208984375,0.21443415401124213,235.13832982381186,989.5197143554688
2020-09-03,SE,219.0,147.55999755859375,32315.63946533203,0.19884328033302473,134.60707782066032,2836.689422607422
2020-09-03,TSLA,196.0,135.6666717529297,26590.66766357422,0.1636166163489551,158.35000610351562,-4445.933532714844
2020-09-04,NVDA,2520.0,12.5680570602417,31671.503791809082,0.20172251562551696,7.199290175437927,13529.292549705508
2020-09-04,ZM,71.0,369.8900146484375,26262.191040039062,0.1672694570254249,259.48129181814664,7839.019320950651
2020-09-04,DOCU,144.0,216.25999450683594,31141.439208984375,0.19834642203064815,235.13832982381186,-2718.4802856445312
2020-09-04,SE,219.0,144.14999389648438,31568.848663330078,0.20106868337003686,134.60707782066032,2089.8986206054688
2020-09-04,TSLA,196.0,139.44000244140625,27330.240478515625,0.17407209011030017,158.35000610351562,-3706.3607177734375
2020-09-08,NVDA,2520.0,11.861614227294922,29891.267852783203,0.20580423899189693,7.199290175437927,11749.056610679629
2020-09-08,ZM,71.0,350.8800048828125,24912.480346679688,0.1715248106704719,259.48129181814664,6489.308627591276
2020-09-08,DOCU,144.0,205.6300048828125,29610.720703125,0.20387264502535407,235.13832982381186,-4249.198791503906
2020-09-08,SE,219.0,138.0,30222.0,0.20808136146804412,134.60707782066032,743.0499572753906
2020-09-08,TSLA,196.0,110.06999969482422,21573.719940185547,0.14853712583826684,158.35000610351562,-9462.881256103516
2020-09-09,NVDA,2520.0,12.660158157348633,31903.598556518555,0.206988207786667,7.199290175437927,13761.38731441498
2020-09-09,ZM,71.0,389.6499938964844,27665.14956665039,0.17948946156674353,259.48129181814664,9241.977847561979
2020-09-09,DOCU,144.0,211.7899932861328,30497.759033203125,0.1978672240565333,235.13832982381186,-3362.1604614257812
2020-09-09,SE,219.0,142.02999877929688,31104.569732666016,0.20180416737423104,134.60707782066032,1625.6196899414062
2020-09-09,TSLA,196.0,122.09333038330078,23930.292755126953,0.15525798446902572,158.35000610351562,-7106.308441162109
2020-09-10,NVDA,2520.0,12.258646011352539,30891.7879486084,0.20365196429970958,7.199290175437927,12749.576706504824
2020-09-10,ZM,71.0,384.4800109863281,27298.080780029297,0.17996069964333508,259.48129181814664,8874.909060940885
2020-09-10,DOCU,144.0,205.9499969482422,29656.799560546875,0.19551038921397904,235.13832982381186,-4203.119934082031
2020-09-10,SE,219.0,139.5,30550.5,0.2014020472265526,134.60707782066032,1071.5499572753906
2020-09-10,TSLA,196.0,123.77999877929688,24260.879760742188,0.15993816308507922,158.35000610351562,-6775.721435546875
2020-09-11,NVDA,2520.0,12.112030982971191,30522.318077087402,0.20327412746833246,7.199290175437927,12380.106834983828
2020-09-11,ZM,71.0,383.0,27193.0,0.1811013611183047,259.48129181814664,8769.828280911588
2020-09-11,DOCU,144.0,197.94000244140625,28503.3603515625,0.18982816740019445,235.13832982381186,-5356.559143066406
2020-09-11,SE,219.0,139.50999450683594,30552.68879699707,0.20347639197441061,134.60707782066032,1073.738754272461
2020-09-11,TSLA,196.0,124.23999786376953,24351.039581298828,0.162174324746035,158.35000610351562,-6685.561614990234
2020-09-14,NVDA,2520.0,12.816728591918945,32298.156051635742,0.20314455913079127,7.199290175437927,14155.944809532168
2020-09-14,ZM,71.0,403.510009765625,28649.210693359375,0.18019391777175126,259.48129181814664,10226.038974270963
2020-09-14,DOCU,144.0,202.9499969482422,29224.799560546875,0.18381417852219353,235.13832982381186,-4635.119934082031
2020-09-14,SE,219.0,147.82000732421875,32372.581604003906,0.20361267087066043,134.60707782066032,2893.631561279297
2020-09-14,TSLA,196.0,139.8733367919922,27415.17401123047,0.1724322413050972,158.35000610351562,-3621.4271850585938
2020-09-15,NVDA,2520.0,12.934967041015625,32596.116943359375,0.20105305231055737,7.199290175437927,14453.9057012558
2020-09-15,ZM,71.0,410.94000244140625,29176.740173339844,0.17996231509769137,259.48129181814664,10753.568454251432
2020-09-15,DOCU,144.0,202.02000427246094,29090.880615234375,0.17943273280857588,235.13832982381186,-4769.038879394531
2020-09-15,SE,219.0,149.99000549316406,32847.81120300293,0.20260550407155437,134.60707782066032,3368.8611602783203
2020-09-15,TSLA,196.0,149.9199981689453,29384.31964111328,0.18124266654769294,158.35000610351562,-1652.2815551757812
2020-09-16,NVDA,2520.0,12.46052074432373,31400.5122756958,0.19753375106407683,7.199290175437927,13258.301033592226
2020-09-16,ZM,71.0,408.1700134277344,28980.07095336914,0.18230728439271152,259.48129181814664,10556.899234280729
2020-09-16,DOCU,144.0,197.00999450683594,28369.439208984375,0.17846593371893654,235.13832982381186,-5490.480285644531
2020-09-16,SE,219.0,147.5800018310547,32320.020401000977,0.2033181754559685,134.60707782066032,2841.070358276367
2020-09-16,TSLA,196.0,147.25332641601562,28861.651977539062,0.18156233653047593,158.35000610351562,-2174.94921875
2020-09-17,NVDA,2520.0,12.409741401672363,31272.548332214355,0.19818306324951812,7.199290175437927,13130.337090110781
2020-09-17,ZM,71.0,413.125,29331.875,0.18588446251960258,259.48129181814664,10908.703280911588
2020-09-17,DOCU,144.0,193.38999938964844,27848.159912109375,0.17648173658937227,235.13832982381186,-6011.759582519531
2020-09-17,SE,219.0,149.0800018310547,32648.520401000977,0.20690299092029904,134.60707782066032,3169.570358276367
2020-09-17,TSLA,196.0,141.14332580566406,27664.091857910156,0.1753152448011095,158.35000610351562,-3372.5093383789062
2020-09-18,NVDA,2520.0,12.136673927307129,30584.418296813965,0.19112185789842473,7.199290175437927,12442.20705471039
2020-09-18,ZM,71.0,438.7300109863281,31149.830780029297,0.1946551173255734,259.48129181814664,12726.659060940885
2020-09-18,DOCU,144.0,194.86000061035156,28059.840087890625,0.1753457828716988,235.13832982381186,-5800.079406738281
2020-09-18,SE,219.0,147.5500030517578,32313.45066833496,0.2019265714621951,134.60707782066032,2834.5006256103516
2020-09-18,TSLA,196.0,147.38333129882812,28887.132934570312,0.1805155312170505,158.35000610351562,-2149.46826171875
2020-09-21,NVDA,2520.0,12.463260650634766,31407.41683959961,0.1896741343095852,7.199290175437927,13265.205597496035
2020-09-21,ZM,71.0,468.4700012207031,33261.37008666992,0.20087043800384946,259.48129181814664,14838.19836758151
2020-09-21,DOCU,144.0,205.02000427246094,29522.880615234375,0.17829313539595132,235.13832982381186,-4337.038879394531
2020-09-21,SE,219.0,150.6999969482422,33003.29933166504,0.19931190973340426,134.60707782066032,3524.3492889404297
2020-09-21,TSLA,196.0,149.79666137695312,29360.145629882812,0.17731035423868266,158.35000610351562,-1676.45556640625
2020-09-22,NVDA,2520.0,12.583239555358887,31709.763679504395,0.1895464939897997,7.199290175437927,13567.55243740082
2020-09-22,ZM,71.0,492.6000061035156,34974.60043334961,0.20906219793496614,259.48129181814664,16551.428714261197
2020-09-22,DOCU,144.0,212.1300048828125,30546.720703125,0.18259435392466689,235.13832982381186,-3313.1987915039062
2020-09-22,SE,219.0,152.1199951171875,33314.27893066406,0.19913755381239473,134.60707782066032,3835.328887939453
2020-09-22,TSLA,196.0,141.41000366210938,27716.360717773438,0.16567575379333993,158.35000610351562,-3320.240478515625
2020-09-23,NVDA,2520.0,12.071457862854004,30420.07381439209,0.18698922259214595,7.199290175437927,12277.862572288515
2020-09-23,ZM,71.0,500.5299987792969,35537.62991333008,0.21844634009786928,259.48129181814664,17114.458194241666
2020-09-23,DOCU,144.0,211.52000427246094,30458.880615234375,0.18722776420664242,235.13832982381186,-3401.0388793945312
2020-09-23,SE,219.0,147.8800048828125,32385.721069335938,0.1990718642824643,134.60707782066032,2906.771026611328
2020-09-23,TSLA,196.0,126.78666687011719,24850.18670654297,0.15275167055405808,158.35000610351562,-6186.414489746094
2020-09-24,NVDA,2520.0,12.294739723205566,30982.744102478027,0.19294206698951388,7.199290175437927,12840.532860374453
2020-09-24,ZM,71.0,464.9800109863281,33013.5807800293,0.2055889075982358,259.48129181814664,14590.409060940885
2020-09-24,DOCU,144.0,203.85000610351562,29354.40087890625,0.18280171575770743,235.13832982381186,-4505.518615722656
2020-09-24,SE,219.0,150.05999755859375,32863.13946533203,0.20465204874150242,134.60707782066032,3384.189422607422
2020-09-24,TSLA,196.0,129.26333618164062,25335.613891601562,0.1577751052820036,158.35000610351562,-5700.9873046875
2020-09-25,NVDA,2520.0,12.818222045898438,32301.919555664062,0.1925188801431844,7.199290175437927,14159.708313560488
2020-09-25,ZM,71.0,496.5,35251.5,0.2100983284189207,259.48129181814664,16828.328280911588
2020-09-25,DOCU,144.0,212.36000061035156,30579.840087890625,0.1822553163917485,235.13832982381186,-3280.0794067382812
2020-09-25,SE,219.0,155.2899932861328,34008.508529663086,0.20269012082047067,134.60707782066032,4529.558486938477
2020-09-25,TSLA,196.0,135.77999877929688,26612.879760742188,0.15861230166505424,158.35000610351562,-4423.721435546875
2020-09-28,NVDA,2520.0,12.978776931762695,32706.517868041992,0.1928224741808711,7.199290175437927,14564.306625938418
2020-09-28,ZM,71.0,487.6600036621094,34623.860260009766,0.20412623648790476,259.48129181814664,16200.688540921354
2020-09-28,DOCU,144.0,213.24000549316406,30706.560791015625,0.1810316539717721,235.13832982381186,-3153.3587036132812
2020-09-28,SE,219.0,159.97000122070312,35033.430267333984,0.20654087146926117,134.60707782066032,5554.480224609375
2020-09-28,TSLA,196.0,140.39999389648438,27518.398803710938,0.16223572818836202,158.35000610351562,-3518.202392578125
2020-09-29,NVDA,2520.0,13.168704986572266,33185.13656616211,0.19837399486536475,7.199290175437927,15042.925324058535
2020-09-29,ZM,71.0,465.5,33050.5,0.19756916486470216,259.48129181814664,14627.328280911588
2020-09-29,DOCU,144.0,212.92999267578125,30661.9189453125,0.1832907132773961,235.13832982381186,-3198.0005493164062
2020-09-29,SE,219.0,155.14999389648438,33977.84866333008,0.20311266650469312,134.60707782066032,4498.898620605469
2020-09-29,TSLA,196.0,139.69000244140625,27379.240478515625,0.16366752926491826,158.35000610351562,-3657.3607177734375
2020-09-30,NVDA,2520.0,13.472140312194824,33949.79358673096,0.20074779002016976,7.199290175437927,15807.582344627383
2020-09-30,ZM,71.0,470.1099853515625,33377.80895996094,0.1973656000973871,259.48129181814664,14954.637240872526
2020-09-30,DOCU,144.0,215.24000549316406,30994.560791015625,0.18327326690651966,235.13832982381186,-2865.3587036132812
2020-09-30,SE,219.0,154.0399932861328,33734.758529663086,0.19947627087608555,134.60707782066032,4255.808486938477
2020-09-30,TSLA,196.0,143.00332641601562,28028.651977539062,0.16573561566320041,158.35000610351562,-3007.94921875
2020-10-01,NVDA,2208.0,13.555778503417969,29931.158935546875,0.17254979510368798,7.199290175437927,14035.126228179932
2020-10-01,ZM,64.0,482.989990234375,30911.359375,0.17820054138292127,259.48129181814664,14304.556698638615
2020-10-01,SE,259.0,160.0,41440.0,0.23889698105223678,138.52876464372437,5561.049957275391
2020-10-01,DDOG,301.0,103.51000213623047,31156.51064300537,0.17961381111814353,103.51000213623047,0.0
2020-10-01,AMD,373.0,84.86000061035156,31652.780227661133,0.18247474995893284,84.86000061035156,0.0
2020-10-02,NVDA,2208.0,13.005908966064453,28717.046997070312,0.16907101632872468,7.199290175437927,12821.01428970337
2020-10-02,ZM,64.0,482.2300109863281,30862.720703125,0.18170362560186815,259.48129181814664,14255.918026763615
2020-10-02,SE,259.0,155.36000061035156,40238.240158081055,0.2369018012019173,138.52876464372437,4359.290115356445
2020-10-02,DDOG,301.0,103.48999786376953,31150.48935699463,0.1833978575604066,103.51000213623047,-6.0212860107421875
2020-10-02,AMD,373.0,81.80000305175781,30511.401138305664,0.17963523897819372,84.86000061035156,-1141.3790893554688
2020-10-05,NVDA,2208.0,13.583654403686523,29992.708923339844,0.1718292144158073,7.199290175437927,14096.6762159729
2020-10-05,ZM,64.0,485.3699951171875,31063.6796875,0.17796484109555455,259.48129181814664,14456.877011138615
2020-10-05,SE,259.0,157.5800018310547,40813.220474243164,0.2338202804485932,138.52876464372437,4934.270431518555
2020-10-05,DDOG,301.0,106.88999938964844,32173.88981628418,0.18432527138389726,103.51000213623047,1017.3791732788086
2020-10-05,AMD,373.0,86.1500015258789,32133.950569152832,0.18409645812543238,84.86000061035156,481.1703414916992
2020-10-06,NVDA,2208.0,13.677253723144531,30199.376220703125,0.1732595361173302,7.199290175437927,14303.343513336182
2020-10-06,ZM,64.0,478.25,30608.0,0.17560388806453867,259.48129181814664,14001.197323638615
2020-10-06,SE,259.0,163.44000244140625,42330.96063232422,0.2428607315911871,138.52876464372437,6452.010589599609
2020-10-06,DDOG,301.0,103.91999816894531,31279.91944885254,0.179458817092397,103.51000213623047,123.40880584716797
2020-10-06,AMD,373.0,84.4800033569336,31511.04125213623,0.18078480661386537,84.86000061035156,-141.73897552490234
2020-10-07,NVDA,2208.0,13.903769493103027,30699.523040771484,0.1734816372912235,7.199290175437927,14803.490333404541
2020-10-07,ZM,64.0,480.6099853515625,30759.0390625,0.1738179596790603,259.48129181814664,14152.236386138615
2020-10-07,SE,259.0,167.4199981689453,43361.779525756836,0.2450354846881135,138.52876464372437,7482.829483032227
2020-10-07,DDOG,301.0,104.43000030517578,31433.43009185791,0.17762891334736797,103.51000213623047,276.91944885253906
2020-10-07,AMD,373.0,86.69000244140625,32335.37091064453,0.18272574074025888,84.86000061035156,682.5906829833984
2020-10-08,NVDA,2208.0,13.779057502746582,30424.158966064453,0.17243497988457046,7.199290175437927,14528.12625869751
2020-10-08,ZM,64.0,478.54998779296875,30627.19921875,0.17358575095195286,259.48129181814664,14020.396542388615
2020-10-08,SE,259.0,169.2899932861328,43846.1082611084,0.24850655048358544,138.52876464372437,7967.158218383789
2020-10-08,DDOG,301.0,102.66000366210938,30900.661102294922,0.17513565063663641,103.51000213623047,-255.84954071044922
2020-10-08,AMD,373.0,86.51000213623047,32268.230796813965,0.1828866242306205,84.86000061035156,615.450569152832
2020-10-09,NVDA,2208.0,13.703389167785645,30257.083282470703,0.1686875869566454,7.199290175437927,14361.05057510376
2020-10-09,ZM,64.0,492.4100036621094,31514.240234375,0.17569641760508292,259.48129181814664,14907.437558013615
2020-10-09,SE,259.0,172.1199951171875,44579.07873535156,0.24853476954182818,138.52876464372437,8700.128692626953
2020-10-09,DDOG,301.0,111.79000091552734,33648.79027557373,0.18759684079943054,103.51000213623047,2492.2796325683594
2020-10-09,AMD,373.0,83.0999984741211,30996.299430847168,0.17280882320221747,84.86000061035156,-656.4807968139648
2020-10-12,NVDA,2208.0,14.164639472961426,31275.523956298828,0.17412228775268548,7.199290175437927,15379.491248931885
2020-10-12,ZM,64.0,491.5400085449219,31458.560546875,0.1751413194382332,259.48129181814664,14851.757870513615
2020-10-12,SE,259.0,167.17999267578125,43299.618103027344,0.2410648203192865,138.52876464372437,7420.668060302734
2020-10-12,DDOG,301.0,112.19999694824219,33772.1990814209,0.18802219188119568,103.51000213623047,2615.6884384155273
2020-10-12,AMD,373.0,84.29000091552734,31440.1703414917,0.17503893443461002,84.86000061035156,-212.6098861694336
2020-10-13,NVDA,2208.0,14.186792373657227,31324.437561035156,0.16974520003218033,7.199290175437927,15428.404853668213
2020-10-13,ZM,64.0,518.7899780273438,33202.55859375,0.17992262236455725,259.48129181814664,16595.755917388615
2020-10-13,SE,259.0,172.39999389648438,44651.59841918945,0.2419642648221081,138.52876464372437,8772.648376464844
2020-10-13,DDOG,301.0,116.87000274658203,35177.87082672119,0.19062671783182245,103.51000213623047,4021.3601837158203
2020-10-13,AMD,373.0,85.27999877929688,31809.439544677734,0.17237339594372705,84.86000061035156,156.65931701660156
2020-10-14,NVDA,2208.0,14.034455299377441,30988.07730102539,0.17124532949752924,7.199290175437927,15092.044593658447
2020-10-14,ZM,64.0,509.25,32592.0,0.1801088762224945,259.48129181814664,15985.197323638615
2020-10-14,SE,259.0,167.6300048828125,43416.17126464844,0.23992506800316604,138.52876464372437,7537.221221923828
2020-10-14,DDOG,301.0,113.55000305175781,34178.5509185791,0.18887642356586246,103.51000213623047,3022.0402755737305
2020-10-14,AMD,373.0,84.20999908447266,31410.3296585083,0.173578767076952,84.86000061035156,-242.45056915283203
2020-10-15,NVDA,2208.0,13.909744262695312,30712.71533203125,0.1684080016402603,7.199290175437927,14816.682624664307
2020-10-15,ZM,64.0,536.4000244140625,34329.6015625,0.18824058809991967,259.48129181814664,17722.798886138615
2020-10-15,SE,259.0,169.3000030517578,43848.70079040527,0.2404369654327619,138.52876464372437,7969.750747680664
2020-10-15,DDOG,301.0,113.29000091552734,34100.29027557373,0.1869831982805137,103.51000213623047,2943.7796325683594
2020-10-15,AMD,373.0,83.12999725341797,31007.488975524902,0.17002434326620605,84.86000061035156,-645.2912521362305
2020-10-16,NVDA,2208.0,13.751924514770508,30364.24932861328,0.16670655829121006,7.199290175437927,14468.216621246338
2020-10-16,ZM,64.0,559.0,35776.0,0.19641828667920203,259.48129181814664,19169.197323638615
2020-10-16,SE,259.0,165.1999969482422,42786.79920959473,0.2349091511973287,138.52876464372437,6907.849166870117
2020-10-16,DDOG,301.0,112.36000061035156,33820.36018371582,0.1856813842285041,103.51000213623047,2663.849540710449
2020-10-16,AMD,373.0,83.16999816894531,31022.4093170166,0.17032000465980865,84.86000061035156,-630.3709106445312
2020-10-19,NVDA,2208.0,13.439529418945312,29674.48095703125,0.16413644196309762,7.199290175437927,13778.448249664307
2020-10-19,ZM,64.0,568.3400268554688,36373.76171875,0.2011917188366027,259.48129181814664,19766.959042388615
2020-10-19,SE,259.0,162.83999633789062,42175.55905151367,0.23328280654828779,138.52876464372437,6296.6090087890625
2020-10-19,DDOG,301.0,111.66000366210938,33609.66110229492,0.18590283674731237,103.51000213623047,2453.150459289551
2020-10-19,AMD,373.0,82.0,30586.0,0.16917826536385533,84.86000061035156,-1066.7802276611328
2020-10-20,NVDA,2208.0,13.586645126342773,29999.312438964844,0.16753077475336825,7.199290175437927,14103.2797315979
2020-10-20,ZM,64.0,537.02001953125,34369.28125,0.19193480941417185,259.48129181814664,17762.478573638615
2020-10-20,SE,259.0,166.8699951171875,43219.32873535156,0.24135778585210138,138.52876464372437,7340.378692626953
2020-10-20,DDOG,301.0,108.58999633789062,32685.588897705078,0.18253225111220492,103.51000213623047,1529.078254699707
2020-10-20,AMD,373.0,81.55999755859375,30421.87908935547,0.16989059278149501,84.86000061035156,-1230.901138305664
2020-10-21,NVDA,2208.0,13.466413497924805,29733.84100341797,0.17004829471143096,7.199290175437927,13837.808296051026
2020-10-21,ZM,64.0,513.1900024414062,32844.16015625,0.18783625785708008,259.48129181814664,16237.357479888615
2020-10-21,SE,259.0,168.3800048828125,43610.42126464844,0.24940867097688868,138.52876464372437,7731.471221923828
2020-10-21,DDOG,301.0,102.16999816894531,30753.16944885254,0.1758778497923597,103.51000213623047,-403.34119415283203
2020-10-21,AMD,373.0,79.19999694824219,29541.598861694336,0.16894885894166214,84.86000061035156,-2111.181365966797
2020-10-22,NVDA,2208.0,13.303369522094727,29373.839904785156,0.17045382864126613,7.199290175437927,13477.807197418213
2020-10-22,ZM,64.0,520.5399780273438,33314.55859375,0.19332147516993203,259.48129181814664,16707.755917388615
2020-10-22,SE,259.0,161.6300048828125,41862.17126464844,0.24292252529548572,138.52876464372437,5983.221221923828
2020-10-22,DDOG,301.0,98.94000244140625,29780.94073486328,0.1728161992184459,103.51000213623047,-1375.5699081420898
2020-10-22,AMD,373.0,79.41999816894531,29623.6593170166,0.17190350888129574,84.86000061035156,-2029.1209106445312
2020-10-23,NVDA,2208.0,13.531631469726562,29877.84228515625,0.1712285520986142,7.199290175437927,13981.809577789307
2020-10-23,ZM,64.0,511.5199890136719,32737.279296875,0.18761585525996194,259.48129181814664,16130.476620513615
2020-10-23,SE,259.0,162.9600067138672,42206.6417388916,0.24188433973646808,138.52876464372437,6327.691696166992
2020-10-23,DDOG,301.0,102.08000183105469,30726.08055114746,0.17608976693247366,103.51000213623047,-430.43009185791016
2020-10-23,AMD,373.0,81.95999908447266,30571.0796585083,0.17520146388276575,84.86000061035156,-1081.700569152832
2020-10-26,NVDA,2208.0,13.08456802368164,28890.726196289062,0.16685166582240252,7.199290175437927,12994.69348892212
2020-10-26,ZM,64.0,517.7899780273438,33138.55859375,0.1913840332968402,259.48129181814664,16531.755917388615
2020-10-26,SE,259.0,162.36000061035156,42051.240158081055,0.24285715155110776,138.52876464372437,6172.290115356445
2020-10-26,DDOG,301.0,99.76000213623047,30027.76064300537,0.1734183436636967,103.51000213623047,-1128.75
2020-10-26,AMD,373.0,82.2300033569336,30671.79125213623,0.17713779257072707,84.86000061035156,-980.9889755249023
2020-10-27,NVDA,2208.0,13.338967323303223,29452.439849853516,0.1665244492021595,7.199290175437927,13556.407142486572
2020-10-27,ZM,64.0,538.989990234375,34495.359375,0.1950371768599332,259.48129181814664,17888.556698638615
2020-10-27,SE,259.0,172.2899932861328,44623.1082611084,0.25229959089132536,138.52876464372437,8744.158218383789
2020-10-27,DDOG,301.0,101.33000183105469,30500.33055114746,0.17244923583262628,103.51000213623047,-656.1800918579102
2020-10-27,AMD,373.0,78.87999725341797,29422.238975524902,0.16635369309541134,84.86000061035156,-2230.5412521362305
2020-10-28,NVDA,2208.0,12.572535514831543,27760.158416748047,0.16412603606169154,7.199290175437927,11864.125709381104
2020-10-28,ZM,64.0,516.010009765625,33024.640625,0.19525116812276827,259.48129181814664,16417.837948638615
2020-10-28,SE,259.0,163.24000549316406,42279.16142272949,0.24996655523905537,138.52876464372437,6400.211380004883
2020-10-28,DDOG,301.0,97.02999877929688,29206.02963256836,0.17267444229719478,103.51000213623047,-1950.4810104370117
2020-10-28,AMD,373.0,76.4000015258789,28497.200569152832,0.16848364112534253,84.86000061035156,-3155.579658508301
2020-10-29,NVDA,2208.0,12.967823028564453,28632.953247070312,0.16870342266143065,7.199290175437927,12736.92053970337
2020-10-29,ZM,64.0,489.67999267578125,31339.51953125,0.18465032802816447,259.48129181814664,14732.716854888615
2020-10-29,SE,259.0,167.02000427246094,43258.18110656738,0.25487427537823587,138.52876464372437,7379.231063842773
2020-10-29,DDOG,301.0,96.41000366210938,29019.411102294922,0.17098040618905397,103.51000213623047,-2137.099540710449
2020-10-29,AMD,373.0,78.0199966430664,29101.45874786377,0.1714638253637838,84.86000061035156,-2551.3214797973633
2020-10-30,NVDA,2208.0,12.479939460754395,27555.706329345703,0.17044494606729535,7.199290175437927,11659.67362197876
2020-10-30,ZM,64.0,460.9100036621094,29498.240234375,0.18246042782339203,259.48129181814664,12891.437558013615
2020-10-30,SE,259.0,157.6999969482422,40844.29920959473,0.2526411151552271,138.52876464372437,4965.349166870117
2020-10-30,DDOG,301.0,90.75,27315.75,0.1689607038154363,103.51000213623047,-3840.760643005371
2020-10-30,AMD,373.0,75.29000091552734,28083.1703414917,0.17370755795712087,84.86000061035156,-3569.6098861694336
2020-11-02,NVDA,2370.0,12.526487350463867,29687.775020599365,0.18514268507773832,7.563427703857422,11762.451362457276
2020-11-02,ZM,84.0,453.0,38052.0,0.2373047305730986,305.55717471858793,12385.197323638615
2020-11-02,MPWR,79.0,303.0055236816406,23937.43637084961,0.14928169054439075,303.0055236816406,0.0
2020-11-02,PCTY,143.0,180.55999755859375,25820.079650878906,0.1610224704332956,180.55999755859375,0.0
2020-11-02,MELI,28.0,1215.8599853515625,34044.07958984375,0.2123100266655365,1215.8599853515625,0.0
2020-11-03,NVDA,2370.0,12.96334171295166,30723.119859695435,0.18905711767132968,7.563427703857422,12797.796201553345
2020-11-03,ZM,84.0,451.510009765625,37926.8408203125,0.23338577724569315,305.55717471858793,12260.038143951115
2020-11-03,MPWR,79.0,302.1692810058594,23871.37319946289,0.14689435944516802,303.0055236816406,-66.06317138671875
2020-11-03,PCTY,143.0,186.19000244140625,26625.170349121094,0.16384006528960904,180.55999755859375,805.0906982421875
2020-11-03,MELI,28.0,1233.969970703125,34551.1591796875,0.21261325661409494,1215.8599853515625,507.07958984375
2020-11-04,NVDA,2370.0,13.73475170135498,32551.361532211304,0.18791308836483056,7.563427703857422,14626.037874069214
2020-11-04,ZM,84.0,483.70001220703125,40630.801025390625,0.2345542227431187,305.55717471858793,14963.99834902924
2020-11-04,MPWR,79.0,322.80474853515625,25501.575134277344,0.14721595399036708,303.0055236816406,1564.1387634277344
2020-11-04,PCTY,143.0,202.0500030517578,28893.150436401367,0.16679490121238558,180.55999755859375,3073.070785522461
2020-11-04,MELI,28.0,1315.68994140625,36839.318359375,0.21266668306070968,1215.8599853515625,2795.23876953125
2020-11-05,NVDA,2370.0,14.09892463684082,33414.451389312744,0.1870912051440602,7.563427703857422,15489.127731170654
2020-11-05,ZM,84.0,496.7300109863281,41725.32092285156,0.2336246818936484,305.55717471858793,16058.518246490177
2020-11-05,MPWR,79.0,342.73858642578125,27076.34832763672,0.15160346583269468,303.0055236816406,3138.9119567871094
2020-11-05,PCTY,143.0,191.02000427246094,27315.860610961914,0.15294452156968782,180.55999755859375,1495.7809600830078
2020-11-05,MELI,28.0,1437.800048828125,40258.4013671875,0.22541123722801618,1215.8599853515625,6214.32177734375
2020-11-06,NVDA,2370.0,14.49919319152832,34363.08786392212,0.18987186771502637,7.563427703857422,16437.76420578003
2020-11-06,ZM,84.0,500.1099853515625,42009.23876953125,0.23212036875276876,305.55717471858793,16342.436093169865
2020-11-06,MPWR,79.0,343.296142578125,27120.395263671875,0.14985265940810577,303.0055236816406,3182.9588928222656
2020-11-06,PCTY,143.0,189.3300018310547,27074.19026184082,0.14959735551835698,180.55999755859375,1254.110610961914
2020-11-06,MELI,28.0,1485.8599853515625,41604.07958984375,0.22988167790886702,1215.8599853515625,7560.0
2020-11-09,NVDA,2370.0,13.5719575881958,32165.539484024048,0.19348071633146166,7.563427703857422,14240.215825881958
2020-11-09,ZM,84.0,413.239990234375,34712.1591796875,0.2087990293722082,305.55717471858793,9045.356503326115
2020-11-09,MPWR,79.0,304.5240783691406,24057.40219116211,0.14470901106235087,303.0055236816406,119.9658203125
2020-11-09,PCTY,143.0,204.49000549316406,29242.07078552246,0.17589559800196397,180.55999755859375,3421.9911346435547
2020-11-09,MELI,28.0,1330.719970703125,37260.1591796875,0.2241256451579444,1215.8599853515625,3216.07958984375
2020-11-10,NVDA,2370.0,12.714919090270996,30134.35824394226,0.19264376543128212,7.563427703857422,12209.034585800171
2020-11-10,ZM,84.0,376.010009765625,31584.8408203125,0.2019164508803111,305.55717471858793,5918.038143951115
2020-11-10,MPWR,79.0,297.7192687988281,23519.822235107422,0.1503581752419207,303.0055236816406,-417.6141357421875
2020-11-10,PCTY,143.0,196.13999938964844,28048.019912719727,0.17930616358701112,180.55999755859375,2227.9402618408203
2020-11-10,MELI,28.0,1226.030029296875,34328.8408203125,0.21945837057424394,1215.8599853515625,284.76123046875
2020-11-11,NVDA,2370.0,13.360126495361328,31663.499794006348,0.19372008156190496,7.563427703857422,13738.176135864258
2020-11-11,ZM,84.0,413.3399963378906,34720.55969238281,0.21242344337300895,305.55717471858793,9053.757016021427
2020-11-11,MPWR,79.0,305.10076904296875,24102.96075439453,0.1474640375701157,303.0055236816406,165.52438354492188
2020-11-11,PCTY,143.0,193.1999969482422,27627.599563598633,0.16902808835532046,180.55999755859375,1807.5199127197266
2020-11-11,MELI,28.0,1304.489990234375,36525.7197265625,0.22346757151198918,1215.8599853515625,2481.64013671875
2020-11-12,NVDA,2370.0,13.39870548248291,31754.931993484497,0.1936961379737099,7.563427703857422,13829.608335342407
2020-11-12,ZM,84.0,428.6400146484375,36005.76123046875,0.21962499861679116,305.55717471858793,10338.958554107365
2020-11-12,MPWR,79.0,298.6708984375,23595.0009765625,0.14392285789129702,303.0055236816406,-342.4353942871094
2020-11-12,PCTY,143.0,192.22999572753906,27488.889389038086,0.1676744800755881,180.55999755859375,1668.8097381591797
2020-11-12,MELI,28.0,1296.0,36288.0,0.22134657558807463,1215.8599853515625,2243.92041015625
2020-11-13,NVDA,2370.0,13.239645957946777,31377.960920333862,0.1950297684384026,7.563427703857422,13452.637262191773
2020-11-13,ZM,84.0,403.5799865722656,33900.71887207031,0.2107099746953509,305.55717471858793,8233.916195708927
2020-11-13,MPWR,79.0,295.0185241699219,23306.463409423828,0.14486136219617896,303.0055236816406,-630.9729614257812
2020-11-13,PCTY,143.0,189.13999938964844,27047.019912719727,0.1681107973816186,180.55999755859375,1226.9402618408203
2020-11-13,MELI,28.0,1301.6600341796875,36446.48095703125,0.22653316318072667,1215.8599853515625,2402.4013671875
2020-11-16,NVDA,2370.0,13.456958770751953,31892.99228668213,0.1995845820258356,7.563427703857422,13967.66862854004
2020-11-16,ZM,84.0,399.1499938964844,33528.59948730469,0.20982012143713807,305.55717471858793,7861.796810943302
2020-11-16,MPWR,79.0,294.1053771972656,23234.324798583984,0.14539911971553382,303.0055236816406,-703.111572265625
2020-11-16,PCTY,143.0,184.02000427246094,26314.860610961914,0.16467694247366388,180.55999755859375,494.7809600830078
2020-11-16,MELI,28.0,1286.31005859375,36016.681640625,0.2253904019599769,1215.8599853515625,1972.60205078125
2020-11-17,NVDA,2370.0,13.364354133605957,31673.519296646118,0.19753610584852063,7.563427703857422,13748.195638504028
2020-11-17,ZM,84.0,401.6300048828125,33736.92041015625,0.21040478068534096,305.55717471858793,8070.117733794865
2020-11-17,MPWR,79.0,291.0778503417969,22995.150177001953,0.1434123053022363,303.0055236816406,-942.2861938476562
2020-11-17,PCTY,143.0,186.75,26705.25,0.16655083514100683,180.55999755859375,885.1703491210938
2020-11-17,MELI,28.0,1300.81005859375,36422.681640625,0.22715488697245337,1215.8599853515625,2378.60205078125
2020-11-18,NVDA,2370.0,13.370829582214355,31688.866109848022,0.19504809601317113,7.563427703857422,13763.542451705933
2020-11-18,ZM,84.0,415.0400085449219,34863.36071777344,0.21458742338870973,305.55717471858793,9196.558041412052
2020-11-18,MPWR,79.0,288.4443359375,22787.1025390625,0.14025686335680487,303.0055236816406,-1150.3338317871094
2020-11-18,PCTY,143.0,191.69000244140625,27411.670349121094,0.16872153429545383,180.55999755859375,1591.5906982421875
2020-11-18,MELI,28.0,1318.0899658203125,36906.51904296875,0.2271632643734068,1215.8599853515625,2862.439453125
2020-11-19,NVDA,2370.0,13.382281303405762,31716.006689071655,0.19213468642202566,7.563427703857422,13790.683030929566
2020-11-19,ZM,84.0,414.2900085449219,34800.36071777344,0.21081961734440827,305.55717471858793,9133.558041412052
2020-11-19,MPWR,79.0,300.1798095703125,23714.204956054688,0.14365999407325072,303.0055236816406,-223.23141479492188
2020-11-19,PCTY,143.0,193.4499969482422,27663.349563598633,0.16758380227030023,180.55999755859375,1843.2699127197266
2020-11-19,MELI,28.0,1370.300048828125,38368.4013671875,0.23243470836254795,1215.8599853515625,4324.32177734375
2020-11-20,NVDA,2370.0,13.031298637390137,30884.177770614624,0.18368651866817604,7.563427703857422,12958.854112472534
2020-11-20,ZM,84.0,439.6000061035156,36926.40051269531,0.21962320018690812,305.55717471858793,11259.597836333927
2020-11-20,MPWR,79.0,303.4572448730469,23973.122344970703,0.14258237398645485,303.0055236816406,35.68597412109375
2020-11-20,PCTY,143.0,194.8699951171875,27866.409301757812,0.16573806013034437,180.55999755859375,2046.3296508789062
2020-11-20,MELI,28.0,1416.989990234375,39675.7197265625,0.23597503182230606,1215.8599853515625,5631.64013671875
2020-11-23,NVDA,2370.0,13.083324432373047,31007.47890472412,0.18376953992121178,7.563427703857422,13082.155246582031
2020-11-23,ZM,84.0,430.2799987792969,36143.51989746094,0.2142089024102379,305.55717471858793,10476.717221099552
2020-11-23,MPWR,79.0,306.5040283203125,24213.818237304688,0.14350609576734694,303.0055236816406,276.3818664550781
2020-11-23,PCTY,143.0,195.14999389648438,27906.449127197266,0.16539091529167876,180.55999755859375,2086.3694763183594
2020-11-23,MELI,28.0,1451.77001953125,40649.560546875,0.2409144923601174,1215.8599853515625,6605.48095703125
2020-11-24,NVDA,2370.0,12.901861190795898,30577.41102218628,0.18372002541607768,7.563427703857422,12652.08736404419
2020-11-24,ZM,84.0,427.54998779296875,35914.198974609375,0.21578535683174194,305.55717471858793,10247.39629824799
2020-11-24,MPWR,79.0,292.84637451171875,23134.86358642578,0.1390025376252975,303.0055236816406,-802.5727844238281
2020-11-24,PCTY,143.0,193.6999969482422,27699.099563598633,0.1664261003697936,180.55999755859375,1879.0199127197266
2020-11-24,MELI,28.0,1439.280029296875,40299.8408203125,0.24213586213690896,1215.8599853515625,6255.76123046875
2020-11-25,NVDA,2370.0,13.177667617797852,31231.07225418091,0.18379559795417905,7.563427703857422,13305.748596038819
2020-11-25,ZM,84.0,443.7200012207031,37272.48010253906,0.21934942585150363,305.55717471858793,11605.677426177677
2020-11-25,MPWR,79.0,294.5091857910156,23266.225677490234,0.13692228770527506,303.0055236816406,-671.210693359375
2020-11-25,PCTY,143.0,195.05999755859375,27893.579650878906,0.1641543751457171,180.55999755859375,2073.5
2020-11-25,MELI,28.0,1480.3599853515625,41450.07958984375,0.24393469751727065,1215.8599853515625,7406.0
2020-11-27,NVDA,2370.0,13.20405101776123,31293.600912094116,0.1781460504376334,7.563427703857422,13368.277253952027
2020-11-27,ZM,84.0,471.6099853515625,39615.23876953125,0.22551889582027465,305.55717471858793,13948.436093169865
2020-11-27,MPWR,79.0,315.3849182128906,24915.40853881836,0.14183671731159542,303.0055236816406,977.97216796875
2020-11-27,PCTY,143.0,200.3699951171875,28652.909301757812,0.16311330357904485,180.55999755859375,2832.8296508789062
2020-11-27,MELI,28.0,1513.4300537109375,42376.04150390625,0.24123540299207308,1215.8599853515625,8331.9619140625
2020-11-30,NVDA,2370.0,13.343695640563965,31624.558668136597,0.17915815234412494,7.563427703857422,13699.235009994507
2020-11-30,ZM,84.0,478.3599853515625,40182.23876953125,0.22763877056893222,305.55717471858793,14515.436093169865
2020-11-30,MPWR,79.0,307.5227966308594,24294.30093383789,0.1376310769574135,303.0055236816406,356.86456298828125
2020-11-30,PCTY,143.0,196.60000610351562,28113.800872802734,0.15926915131362268,180.55999755859375,2293.721221923828
2020-11-30,MELI,28.0,1553.3299560546875,43493.23876953125,0.24639611193253108,1215.8599853515625,9449.1591796875
2020-12-01,NVDA,2055.0,13.332245826721191,27397.76517391205,0.16167372351908188,7.563427703857422,11854.921242485047
2020-12-01,ZM,96.0,406.30999755859375,39005.759765625,0.23017229251983326,318.15127757358863,8463.237118560493
2020-12-01,ROKU,98.0,285.7099914550781,27999.579162597656,0.16522501713004104,285.7099914550781,0.0
2020-12-01,DOCU,134.0,215.7100067138672,28905.140899658203,0.17056872078534474,215.7100067138672,0.0
2020-12-01,LRCX,843.0,44.084144592285156,37162.93389129639,0.2192978099111675,44.084144592285156,0.0
2020-12-02,NVDA,2055.0,13.486077308654785,27713.888869285583,0.16191320936623968,7.563427703857422,12171.044937858582
2020-12-02,ZM,96.0,412.8599853515625,39634.55859375,0.2315574914078728,318.15127757358863,9092.035946685493
2020-12-02,ROKU,98.0,281.3299865722656,27570.33868408203,0.16107454427304216,285.7099914550781,-429.240478515625
2020-12-02,DOCU,134.0,217.6999969482422,29171.799591064453,0.17043077992611447,215.7100067138672,266.65869140625
2020-12-02,LRCX,843.0,45.17481231689453,38082.36678314209,0.22248910123019364,44.084144592285156,919.4328918457031
2020-12-03,NVDA,2055.0,13.34216022491455,27418.139262199402,0.1576978296984432,7.563427703857422,11875.2953307724
2020-12-03,ZM,96.0,413.5400085449219,39699.8408203125,0.2283371120434939,318.15127757358863,9157.318173247993
2020-12-03,ROKU,98.0,289.1000061035156,28331.80059814453,0.1629528329056291,285.7099914550781,332.221435546875
2020-12-03,DOCU,134.0,231.00999450683594,30955.339263916016,0.17804234535451016,215.7100067138672,2050.1983642578125
2020-12-03,LRCX,843.0,45.63200759887695,38467.78240585327,0.22125082014877764,44.084144592285156,1304.8485145568848
2020-12-04,NVDA,2055.0,13.503762245178223,27750.231413841248,0.15636385282668971,7.563427703857422,12207.387482414246
2020-12-04,ZM,96.0,410.010009765625,39360.9609375,0.22178667310422961,318.15127757358863,8818.438290435493
2020-12-04,ROKU,98.0,296.3800048828125,29045.240478515625,0.16366082285112613,285.7099914550781,1045.6613159179688
2020-12-04,DOCU,134.0,243.22000122070312,32591.48016357422,0.18364277153952854,215.7100067138672,3686.3392639160156
2020-12-04,LRCX,843.0,47.13180923461914,39732.115184783936,0.22387801091085271,44.084144592285156,2569.181293487549
2020-12-07,NVDA,2055.0,13.552061080932617,27849.48552131653,0.1573644638100371,7.563427703857422,12306.641589889527
2020-12-07,ZM,96.0,407.8500061035156,39153.6005859375,0.22123874991235895,318.15127757358863,8611.077938872993
2020-12-07,ROKU,98.0,299.9800109863281,29398.041076660156,0.1661146295701974,285.7099914550781,1398.4619140625
2020-12-07,DOCU,134.0,232.52000427246094,31157.680572509766,0.1760575323053804,215.7100067138672,2252.5396728515625
2020-12-07,LRCX,843.0,47.951934814453125,40423.481048583984,0.22841425259639414,44.084144592285156,3260.5471572875977
2020-12-08,NVDA,2055.0,13.296348571777344,27323.99631500244,0.153420074502776,7.563427703857422,11781.15238357544
2020-12-08,ZM,96.0,412.0,39552.0,0.2220784513648202,318.15127757358863,9009.477352935493
2020-12-08,ROKU,98.0,306.1300048828125,30000.740478515625,0.16844958498348062,285.7099914550781,2001.1613159179688
2020-12-08,DOCU,134.0,234.82000732421875,31465.880981445312,0.1766761255862946,215.7100067138672,2560.7400817871094
2020-12-08,LRCX,843.0,48.35643005371094,40764.47053527832,0.22888628861199062,44.084144592285156,3601.5366439819336
2020-12-09,NVDA,2055.0,12.87878131866455,26465.895609855652,0.1543947714838124,7.563427703857422,10923.05167842865
2020-12-09,ZM,96.0,385.3599853515625,36994.55859375,0.21581610176454905,318.15127757358863,6452.035946685493
2020-12-09,ROKU,98.0,306.2300109863281,30010.541076660156,0.17507326031736664,285.7099914550781,2010.9619140625
2020-12-09,DOCU,134.0,220.97000122070312,29609.98016357422,0.1727364978834432,215.7100067138672,704.8392639160156
2020-12-09,LRCX,843.0,46.67133331298828,39343.93398284912,0.2295217130038896,44.084144592285156,2181.0000915527344
2020-12-10,NVDA,2055.0,12.920114517211914,26550.835332870483,0.15243335880077694,7.563427703857422,11007.991401443482
2020-12-10,ZM,96.0,397.9599914550781,38204.1591796875,0.21933729130961002,318.15127757358863,7661.636532622993
2020-12-10,ROKU,98.0,321.989990234375,31555.01904296875,0.181163322337632,285.7099914550781,3555.4398803710938
2020-12-10,DOCU,134.0,222.58999633789062,29827.059509277344,0.17124278039271199,215.7100067138672,921.9186096191406
2020-12-10,LRCX,843.0,46.32353973388672,39050.743995666504,0.22419769458474365,44.084144592285156,1887.8101043701172
2020-12-11,NVDA,2055.0,12.96095085144043,26634.753999710083,0.15171742611533293,7.563427703857422,11091.910068283081
2020-12-11,ZM,96.0,397.010009765625,38112.9609375,0.2170998213512566,318.15127757358863,7570.438290435493
2020-12-11,ROKU,98.0,330.8699951171875,32425.259521484375,0.18470142114978233,285.7099914550781,4425.680358886719
2020-12-11,DOCU,134.0,225.49000549316406,30215.660736083984,0.17211505971869262,215.7100067138672,1310.5198364257812
2020-12-11,LRCX,843.0,46.47003173828125,39174.236755371094,0.22314508219682702,44.084144592285156,2011.302864074707
2020-12-14,NVDA,2055.0,13.255261421203613,27239.562220573425,0.15493388292162855,7.563427703857422,11696.718289146424
2020-12-14,ZM,96.0,395.989990234375,38015.0390625,0.21622291737574492,318.15127757358863,7472.516415435493
2020-12-14,ROKU,98.0,324.32000732421875,31783.360717773438,0.18077821693419766,285.7099914550781,3783.7815551757812
2020-12-14,DOCU,134.0,228.3300018310547,30596.220245361328,0.17402596880792978,215.7100067138672,1691.079345703125
2020-12-14,LRCX,843.0,46.486106872558594,39187.788093566895,0.22289330949161157,44.084144592285156,2024.8542022705078
2020-12-15,NVDA,2055.0,13.306803703308105,27345.481610298157,0.15463764539496327,7.563427703857422,11802.637678871155
2020-12-15,ZM,96.0,399.42999267578125,38345.279296875,0.21684107769555316,318.15127757358863,7802.756649810493
2020-12-15,ROKU,98.0,320.1400146484375,31373.721435546875,0.17741718647381166,285.7099914550781,3374.1422729492188
2020-12-15,DOCU,134.0,233.6999969482422,31315.799591064453,0.1770896406739117,215.7100067138672,2410.65869140625
2020-12-15,LRCX,843.0,46.81310272216797,39463.4455947876,0.223164265048161,44.084144592285156,2300.511703491211
2020-12-16,NVDA,2055.0,13.189278602600098,27103.9675283432,0.15237075586248888,7.563427703857422,11561.123596916199
2020-12-16,ZM,96.0,404.0,38784.0,0.21803255885659648,318.15127757358863,8241.477352935493
2020-12-16,ROKU,98.0,325.82000732421875,31930.360717773438,0.17950335840837184,285.7099914550781,3930.7815551757812
2020-12-16,DOCU,134.0,237.0800018310547,31768.720245361328,0.17859466188880704,215.7100067138672,2863.579345703125
2020-12-16,LRCX,843.0,46.622188568115234,39302.50496292114,0.22094744550690437,44.084144592285156,2139.571071624756
2020-12-17,NVDA,2055.0,13.287629127502441,27306.077857017517,0.152564954659573,7.563427703857422,11763.233925590515
2020-12-17,ZM,96.0,401.6199951171875,38555.51953125,0.21541801499147703,318.15127757358863,8012.996884185493
2020-12-17,ROKU,98.0,329.4800109863281,32289.041076660156,0.1804058464074051,285.7099914550781,4289.4619140625
2020-12-17,DOCU,134.0,247.0,33098.0,0.1849256746341851,215.7100067138672,4192.859100341797
2020-12-17,LRCX,843.0,45.95402145385742,38739.24008560181,0.2164445014093172,44.084144592285156,1576.30619430542
2020-12-18,NVDA,2055.0,13.218658447265625,27164.34310913086,0.15164056610942103,7.563427703857422,11621.499177703858
2020-12-18,ZM,96.0,406.010009765625,38976.9609375,0.2175826007660967,318.15127757358863,8434.438290435493
2020-12-18,ROKU,98.0,340.7099914550781,33389.579162597656,0.1863919427769898,285.7099914550781,5390.0
2020-12-18,DOCU,134.0,241.0,32294.0,0.18027604872549144,215.7100067138672,3388.859100341797
2020-12-18,LRCX,843.0,45.45595169067383,38319.36727523804,0.21391169016042655,44.084144592285156,1156.4333839416504
2020-12-21,NVDA,2055.0,13.278664588928223,27287.655730247498,0.14996155594510643,7.563427703857422,11744.811798820496
2020-12-21,ZM,96.0,408.9700012207031,39261.1201171875,0.2157627140683571,318.15127757358863,8718.597470122993
2020-12-21,ROKU,98.0,354.0,34692.0,0.19065273874299374,285.7099914550781,6692.420837402344
2020-12-21,DOCU,134.0,248.0,33232.0,0.18262918868635905,215.7100067138672,4326.859100341797
2020-12-21,LRCX,843.0,45.66954803466797,38499.4289932251,0.21157677786232512,44.084144592285156,1336.495101928711
2020-12-22,NVDA,2055.0,13.224882125854492,27177.13276863098,0.14940014999704215,7.563427703857422,11634.28883720398
2020-12-22,ZM,96.0,409.0,39264.0,0.21584497303022004,318.15127757358863,8721.477352935493
2020-12-22,ROKU,98.0,354.7099914550781,34761.579162597656,0.19109393125608065,285.7099914550781,6762.0
2020-12-22,DOCU,134.0,251.60000610351562,33714.400817871094,0.18533730478971613,215.7100067138672,4809.259918212891
2020-12-22,LRCX,843.0,45.07602310180664,37999.087474823,0.208891402077632,44.084144592285156,836.1535835266113
2020-12-23,NVDA,2055.0,12.956962585449219,26626.558113098145,0.14955029422360178,7.563427703857422,11083.714181671143
2020-12-23,ZM,96.0,383.8800048828125,36852.48046875,0.20698504378829122,318.15127757358863,6309.957821685493
2020-12-23,ROKU,98.0,360.55999755859375,35334.87976074219,0.1984613122781014,285.7099914550781,7335.300598144531
2020-12-23,DOCU,134.0,244.0500030517578,32702.700408935547,0.18367745644363923,215.7100067138672,3797.5595092773438
2020-12-23,LRCX,843.0,44.525997161865234,37535.41560745239,0.2108208062062035,44.084144592285156,372.48171615600586
2020-12-24,NVDA,2055.0,12.941526412963867,26594.836778640747,0.1496798767409885,7.563427703857422,11051.992847213745
2020-12-24,ZM,96.0,375.1700134277344,36016.3212890625,0.20270545655464794,318.15127757358863,5473.798641997993
2020-12-24,ROKU,98.0,356.989990234375,34985.01904296875,0.19690112715180713,285.7099914550781,6985.439880371094
2020-12-24,DOCU,134.0,244.92999267578125,32820.61901855469,0.18471954726210918,215.7100067138672,3915.4781188964844
2020-12-24,LRCX,843.0,45.39640808105469,38269.1720123291,0.21538485073108501,44.084144592285156,1106.2381210327148
2020-12-28,NVDA,2055.0,12.848152160644531,26402.95269012451,0.15428333663667737,7.563427703857422,10860.10875869751
2020-12-28,ZM,96.0,351.3900146484375,33733.44140625,0.19711840404655728,318.15127757358863,3190.9187591854934
2020-12-28,ROKU,98.0,340.4100036621094,33360.18035888672,0.19493728587770764,285.7099914550781,5360.6011962890625
2020-12-28,DOCU,134.0,229.1999969482422,30712.799591064453,0.1794675487236446,215.7100067138672,1807.65869140625
2020-12-28,LRCX,843.0,44.99570083618164,37931.37580490112,0.22164866524904875,44.084144592285156,768.4419136047363
2020-12-29,NVDA,2055.0,12.89123249053955,26491.482768058777,0.15492381780727127,7.563427703857422,10948.638836631775
2020-12-29,ZM,96.0,353.75,33960.0,0.19860016514736067,318.15127757358863,3417.4773529354934
2020-12-29,ROKU,98.0,339.57000732421875,33277.86071777344,0.19461097274148031,285.7099914550781,5278.281555175781
2020-12-29,DOCU,134.0,228.16000366210938,30573.440490722656,0.17879535720201775,215.7100067138672,1668.2995910644531
2020-12-29,LRCX,843.0,44.723506927490234,37701.91633987427,0.22048312165697895,44.084144592285156,538.9824485778809
2020-12-30,NVDA,2055.0,13.092917442321777,26905.945343971252,0.15653164587449564,7.563427703857422,11363.10141254425
2020-12-30,ZM,96.0,353.3999938964844,33926.3994140625,0.19737478356502536,318.15127757358863,3383.8767669979934
2020-12-30,ROKU,98.0,338.739990234375,33196.51904296875,0.19312853336574023,285.7099914550781,5196.939880371094
2020-12-30,DOCU,134.0,225.89999389648438,30270.599182128906,0.1761063085132409,215.7100067138672,1365.4582824707031
2020-12-30,LRCX,843.0,45.78483581542969,38596.61659240723,0.22454486706039842,44.084144592285156,1433.6827011108398
2020-12-31,NVDA,2055.0,13.002532005310059,26720.20327091217,0.1590039206460766,7.563427703857422,11177.359339485169
2020-12-31,ZM,96.0,337.32000732421875,32382.720703125,0.19269986462224897,318.15127757358863,1840.1980560604934
2020-12-31,ROKU,98.0,332.0199890136719,32537.958923339844,0.193623640740193,285.7099914550781,4538.3797607421875
2020-12-31,DOCU,134.0,222.3000030517578,29788.200408935547,0.17726065202385424,215.7100067138672,883.0595092773438
2020-12-31,LRCX,843.0,44.633724212646484,37626.229511260986,0.22390241386870147,44.084144592285156,463.2956199645996
2021-01-04,ROKU,106.0,317.8999938964844,33697.399353027344,0.19964356966021835,288.1394256015993,3154.620239257816
2021-01-04,ZG,204.0,136.50999450683594,27848.03887939453,0.1649884559836038,136.50999450683594,0.0
2021-01-04,PDD,168.0,166.77999877929688,28019.039794921875,0.16600156779182934,166.77999877929688,0.0
2021-01-04,SAM,32.0,952.280029296875,30472.9609375,0.1805400658947984,952.280029296875,0.0
2021-01-04,MELI,24.0,1640.0,39360.0,0.23319220630360726,1640.0,0.0
2021-01-05,ROKU,106.0,335.17999267578125,35529.07922363281,0.20248818300340216,288.1394256015993,4986.300109863285
2021-01-05,ZG,204.0,139.60000610351562,28478.401245117188,0.16230478945623467,136.50999450683594,630.3623657226562
2021-01-05,PDD,168.0,187.1999969482422,31449.599487304688,0.1792383139536346,166.77999877929688,3430.5596923828125
2021-01-05,SAM,32.0,969.219970703125,31015.0390625,0.17676165672674657,952.280029296875,542.078125
2021-01-05,MELI,24.0,1650.0,39600.0,0.22568927262266492,1640.0,240.0
2021-01-06,ROKU,106.0,342.95001220703125,36352.70129394531,0.2107539521132932,288.1394256015993,5809.922180175785
2021-01-06,ZG,204.0,138.22000122070312,28196.880249023438,0.16347076663424495,136.50999450683594,348.84136962890625
2021-01-06,PDD,168.0,176.75,29694.0,0.1721502840586552,166.77999877929688,1674.960205078125
2021-01-06,SAM,32.0,972.72998046875,31127.359375,0.18046015216549116,952.280029296875,654.3984375
2021-01-06,MELI,24.0,1571.97998046875,37727.51953125,0.21872442931680305,1640.0,-1632.48046875
2021-01-07,ROKU,106.0,379.2900085449219,40204.74090576172,0.22294378160742487,288.1394256015993,9661.961791992191
2021-01-07,ZG,204.0,146.92999267578125,29973.718505859375,0.16621060108796978,136.50999450683594,2125.6796264648438
2021-01-07,PDD,168.0,180.1199951171875,30260.1591796875,0.16779897513517747,166.77999877929688,2241.119384765625
2021-01-07,SAM,32.0,1004.8599853515625,32155.51953125,0.1783091486810432,952.280029296875,1682.55859375
2021-01-07,MELI,24.0,1597.969970703125,38351.279296875,0.21266594544084064,1640.0,-1008.720703125
2021-01-08,ROKU,106.0,399.1300048828125,42307.780517578125,0.22753058844691607,288.1394256015993,11765.001403808597
2021-01-08,ZG,204.0,150.02000427246094,30604.08087158203,0.16458827299377982,136.50999450683594,2756.0419921875
2021-01-08,PDD,168.0,180.77000427246094,30369.360717773438,0.16332595164146424,166.77999877929688,2350.3209228515625
2021-01-08,SAM,32.0,1000.489990234375,32015.6796875,0.17217982956582312,952.280029296875,1542.71875
2021-01-08,MELI,24.0,1719.0,41256.0,0.2218741291112125,1640.0,1896.0
2021-01-11,ROKU,106.0,403.1300048828125,42731.780517578125,0.23260450959845905,288.1394256015993,12189.001403808597
2021-01-11,ZG,204.0,149.27000427246094,30451.08087158203,0.16575622749825908,136.50999450683594,2603.0419921875
2021-01-11,PDD,168.0,172.49000549316406,28978.320922851562,0.15773946335968586,166.77999877929688,959.2811279296875
2021-01-11,SAM,32.0,933.7899780273438,29881.279296875,0.1626545918011779,952.280029296875,-591.681640625
2021-01-11,MELI,24.0,1761.550048828125,42277.201171875,0.23013007009464834,1640.0,2917.201171875
2021-01-12,ROKU,106.0,415.2900085449219,44020.74090576172,0.236959148064652,288.1394256015993,13477.961791992191
2021-01-12,ZG,204.0,152.2100067138672,31050.841369628906,0.1671435047717446,136.50999450683594,3202.802490234375
2021-01-12,PDD,168.0,169.47999572753906,28472.639282226562,0.15326530650431372,166.77999877929688,453.5994873046875
2021-01-12,SAM,32.0,918.6500244140625,29396.80078125,0.15823997337672166,952.280029296875,-1076.16015625
2021-01-12,MELI,24.0,1810.0899658203125,43442.1591796875,0.23384470178148237,1640.0,4082.1591796875
2021-01-13,ROKU,106.0,408.6000061035156,43311.600646972656,0.23581179611431827,288.1394256015993,12768.821533203129
2021-01-13,ZG,204.0,149.8800048828125,30575.52099609375,0.16646968515405994,136.50999450683594,2727.4821166992188
2021-01-13,PDD,168.0,164.8000030517578,27686.400512695312,0.1507397495200955,166.77999877929688,-332.6392822265625
2021-01-13,SAM,32.0,923.4299926757812,29549.759765625,0.16088488582713467,952.280029296875,-923.201171875
2021-01-13,MELI,24.0,1798.18994140625,43156.55859375,0.23496766326082047,1640.0,3796.55859375
2021-01-14,ROKU,106.0,418.4599914550781,44356.75909423828,0.2381934136221757,288.1394256015993,13813.979980468754
2021-01-14,ZG,204.0,150.83999633789062,30771.359252929688,0.16524054624184015,136.50999450683594,2923.3203735351562
2021-01-14,PDD,168.0,167.25999450683594,28099.679077148438,0.1508937672126506,166.77999877929688,80.6392822265625
2021-01-14,SAM,32.0,910.7100219726562,29142.720703125,0.15649484471503408,952.280029296875,-1330.240234375
2021-01-14,MELI,24.0,1852.530029296875,44460.720703125,0.23875168187738727,1640.0,5100.720703125
2021-01-15,ROKU,106.0,408.29998779296875,43279.79870605469,0.2370442174424368,288.1394256015993,12737.01959228516
2021-01-15,ZG,204.0,143.89999389648438,29355.598754882812,0.16078112982147233,136.50999450683594,1507.5598754882812
2021-01-15,PDD,168.0,161.1999969482422,27081.599487304688,0.1483263959048767,166.77999877929688,-937.4403076171875
2021-01-15,SAM,32.0,907.219970703125,29031.0390625,0.1590035106875026,952.280029296875,-1441.921875
2021-01-15,MELI,24.0,1851.780029296875,44442.720703125,0.24341356163958447,1640.0,5082.720703125
2021-01-19,ROKU,106.0,434.1400146484375,46018.841552734375,0.2426537714157844,288.1394256015993,15476.062438964847
2021-01-19,ZG,204.0,149.97999572753906,30595.91912841797,0.16132990131738384,136.50999450683594,2747.8802490234375
2021-01-19,PDD,168.0,168.7899932861328,28356.718872070312,0.14952277256697172,166.77999877929688,337.6790771484375
2021-01-19,SAM,32.0,917.7899780273438,29369.279296875,0.15486192491359627,952.280029296875,-1103.681640625
2021-01-19,MELI,24.0,1913.2099609375,45917.0390625,0.24211697480462716,1640.0,6557.0390625
2021-01-20,ROKU,106.0,428.5,45421.0,0.2357911640425516,288.1394256015993,14878.220886230472
2021-01-20,ZG,204.0,156.63999938964844,31954.55987548828,0.1658836852889367,136.50999450683594,4106.52099609375
2021-01-20,PDD,168.0,170.9600067138672,28721.281127929688,0.14909896985860968,166.77999877929688,702.2413330078125
2021-01-20,SAM,32.0,922.530029296875,29520.9609375,0.15325029706760793,952.280029296875,-952.0
2021-01-20,MELI,24.0,1984.3399658203125,47624.1591796875,0.24722828492385207,1640.0,8264.1591796875
2021-01-21,ROKU,106.0,423.6400146484375,44905.841552734375,0.235771296498765,288.1394256015993,14363.062438964847
2021-01-21,ZG,204.0,152.60000610351562,31130.401245117188,0.1634454406887989,136.50999450683594,3282.3623657226562
2021-01-21,PDD,168.0,172.80999755859375,29032.07958984375,0.15242852173062096,166.77999877929688,1013.039794921875
2021-01-21,SAM,32.0,920.010009765625,29440.3203125,0.15457192760246563,952.280029296875,-1032.640625
2021-01-21,MELI,24.0,1940.18994140625,46564.55859375,0.24448013823877768,1640.0,7204.55859375
2021-01-22,ROKU,106.0,422.8500061035156,44822.100646972656,0.23462711746254827,288.1394256015993,14279.321533203129
2021-01-22,ZG,204.0,152.0500030517578,31018.200622558594,0.16236880681399946,136.50999450683594,3170.1617431640625
2021-01-22,PDD,168.0,171.88999938964844,28877.519897460938,0.1511631350429861,166.77999877929688,858.4801025390625
2021-01-22,SAM,32.0,930.1900024414062,29766.080078125,0.15581441891571754,952.280029296875,-706.880859375
2021-01-22,MELI,24.0,1965.050048828125,47161.201171875,0.24687144349125345,1640.0,7801.201171875
2021-01-25,ROKU,106.0,426.6400146484375,45223.841552734375,0.23609718944968405,288.1394256015993,14681.062438964847
2021-01-25,ZG,204.0,152.8800048828125,31187.52099609375,0.16281867705764455,136.50999450683594,3339.4821166992188
2021-01-25,PDD,168.0,180.42999267578125,30312.23876953125,0.158249147655201,166.77999877929688,2293.198974609375
2021-01-25,SAM,32.0,947.2999877929688,30313.599609375,0.1582562521039026,952.280029296875,-159.361328125
2021-01-25,MELI,24.0,1880.0,45120.0,0.23555507056046743,1640.0,5760.0
2021-01-26,ROKU,106.0,403.3999938964844,42760.399353027344,0.23032570051322226,288.1394256015993,12217.620239257816
2021-01-26,ZG,204.0,145.67999267578125,29718.718505859375,0.16007765974554006,136.50999450683594,1870.6796264648438
2021-01-26,PDD,168.0,173.97999572753906,29228.639282226562,0.15743788457510044,166.77999877929688,1209.5994873046875
2021-01-26,SAM,32.0,974.0,31168.0,0.16788410637441506,952.280029296875,695.0390625
2021-01-26,MELI,24.0,1807.739990234375,43385.759765625,0.23369415771390542,1640.0,4025.759765625
2021-01-27,ROKU,106.0,402.260009765625,42639.56103515625,0.23929347290270456,288.1394256015993,12096.781921386722
2021-01-27,ZG,204.0,136.08999633789062,27762.359252929688,0.15580252705061026,136.50999450683594,-85.67962646484375
2021-01-27,PDD,168.0,166.3000030517578,27938.400512695312,0.1567904716588756,166.77999877929688,-80.6392822265625
2021-01-27,SAM,32.0,912.8099975585938,29209.919921875,0.16392624622829333,952.280029296875,-1263.041015625
2021-01-27,MELI,24.0,1718.699951171875,41248.798828125,0.23148850703478802,1640.0,1888.798828125
2021-01-28,ROKU,106.0,404.010009765625,42825.06103515625,0.23342631816706408,288.1394256015993,12282.281921386722
2021-01-28,ZG,204.0,141.72000122070312,28910.880249023438,0.15758437158929808,136.50999450683594,1062.8413696289062
2021-01-28,PDD,168.0,169.36000061035156,28452.480102539062,0.1550857725014124,166.77999877929688,433.4403076171875
2021-01-28,SAM,32.0,925.3300170898438,29610.560546875,0.16139811503469442,952.280029296875,-862.400390625
2021-01-28,MELI,24.0,1844.72998046875,44273.51953125,0.24132142270604895,1640.0,4913.51953125
2021-01-29,ROKU,106.0,389.0299987792969,41237.17987060547,0.23061439154022223,288.1394256015993,10694.400756835941
2021-01-29,ZG,204.0,138.72000122070312,28298.880249023438,0.15825837436934148,136.50999450683594,450.84136962890625
2021-01-29,PDD,168.0,165.7100067138672,27839.281127929688,0.15568811684940356,166.77999877929688,-179.7586669921875
2021-01-29,SAM,32.0,916.8900146484375,29340.48046875,0.1640834090020232,952.280029296875,-1132.48046875
2021-01-29,MELI,24.0,1779.510009765625,42708.240234375,0.2388411347795549,1640.0,3348.240234375
2021-02-01,ROKU,81.0,416.20001220703125,33712.20098876953,0.1785023718800999,288.1394256015993,10372.907515039984
2021-02-01,ZG,228.0,146.3300018310547,33363.24041748047,0.17665466428935306,137.54367948833266,2003.2814941406214
2021-02-01,PDD,236.0,173.9600067138672,41054.561584472656,0.2173793583446917,168.84881462485103,1206.2413330078125
2021-02-01,Z,243.0,137.0500030517578,33303.15074157715,0.17633649610811145,137.0500030517578,0.0
2021-02-01,SE,163.0,233.52999877929688,38065.38980102539,0.20155202468943276,233.52999877929688,0.0
2021-02-02,ROKU,81.0,418.75,33918.75,0.17368446472591825,288.1394256015993,10579.456526270453
2021-02-02,ZG,228.0,153.38999938964844,34972.919860839844,0.179082450442083,137.54367948833266,3612.9609374999964
2021-02-02,PDD,236.0,182.0,42952.0,0.21994015489685323,168.84881462485103,3103.6797485351562
2021-02-02,Z,243.0,144.86000061035156,35200.98014831543,0.18025025671311118,137.0500030517578,1897.8294067382812
2021-02-02,SE,163.0,238.5399932861328,38882.01890563965,0.19909939608886104,233.52999877929688,816.6291046142578
2021-02-03,ROKU,81.0,425.07000732421875,34430.67059326172,0.17284598617900138,288.1394256015993,11091.377119532171
2021-02-03,ZG,228.0,153.2899932861328,34950.11846923828,0.17545367516224553,137.54367948833266,3590.159545898434
2021-02-03,PDD,236.0,193.11000061035156,45573.96014404297,0.22878660070946277,168.84881462485103,5725.639892578125
2021-02-03,Z,243.0,144.7899932861328,35183.96836853027,0.17662762895880313,137.0500030517578,1880.817626953125
2021-02-03,SE,163.0,243.5399932861328,39697.01890563965,0.19928366955636864,233.52999877929688,1631.6291046142578
2021-02-04,ROKU,81.0,432.67999267578125,35047.07940673828,0.17298628123911938,288.1394256015993,11707.785933008734
2021-02-04,ZG,228.0,156.85000610351562,35761.80139160156,0.17651402450258716,137.54367948833266,4401.842468261715
2021-02-04,PDD,236.0,197.25999450683594,46553.35870361328,0.22977927227170136,168.84881462485103,6705.0384521484375
2021-02-04,Z,243.0,148.60000610351562,36109.8014831543,0.17823169235758698,137.0500030517578,2806.6507415771484
2021-02-04,SE,163.0,243.9600067138672,39765.48109436035,0.19627549035870148,233.52999877929688,1700.091293334961
2021-02-05,ROKU,81.0,439.8900146484375,35631.09118652344,0.170833578782873,288.1394256015993,12291.79771279389
2021-02-05,ZG,228.0,163.75999450683594,37337.278747558594,0.17901390998857855,137.54367948833266,5977.319824218746
2021-02-05,PDD,236.0,196.16000366210938,46293.76086425781,0.2219558419460045,168.84881462485103,6445.440612792969
2021-02-05,Z,243.0,156.77000427246094,38095.11103820801,0.18264734354387274,137.0500030517578,4791.960296630859
2021-02-05,SE,163.0,256.760009765625,41851.881591796875,0.20065921286822394,233.52999877929688,3786.4917907714844
2021-02-08,ROKU,81.0,434.6300048828125,35205.03039550781,0.1675105591381494,288.1394256015993,11865.736921778265
2021-02-08,ZG,228.0,169.0800018310547,38550.24041748047,0.18342754585623738,137.54367948833266,7190.281494140621
2021-02-08,PDD,236.0,188.25999450683594,44429.35870361328,0.21140122973850123,168.84881462485103,4581.0384521484375
2021-02-08,Z,243.0,163.27000427246094,39674.61103820801,0.18877746174157095,137.0500030517578,6371.460296630859
2021-02-08,SE,163.0,263.4599914550781,42943.978607177734,0.2043335792439189,233.52999877929688,4878.588806152344
2021-02-09,ROKU,81.0,467.29998779296875,37851.29901123047,0.17427410259158574,288.1394256015993,14512.005537500921
2021-02-09,ZG,228.0,172.92999267578125,39428.038330078125,0.18153369042585044,137.54367948833266,8068.079406738278
2021-02-09,PDD,236.0,189.75999450683594,44783.35870361328,0.2061905364672866,168.84881462485103,4935.0384521484375
2021-02-09,Z,243.0,168.72000122070312,40998.96029663086,0.1887664941370562,137.0500030517578,7695.809555053711
2021-02-09,SE,163.0,274.6600036621094,44769.58059692383,0.20612709961725928,233.52999877929688,6704.1907958984375
2021-02-10,ROKU,81.0,469.69000244140625,38044.890197753906,0.17463339191109267,288.1394256015993,14705.596724024359
2021-02-10,ZG,228.0,171.7100067138672,39149.88153076172,0.1797055154870179,137.54367948833266,7789.922607421871
2021-02-10,PDD,236.0,199.61000061035156,47107.96014404297,0.21623463290879658,168.84881462485103,7259.639892578125
2021-02-10,Z,243.0,164.6999969482422,40022.09925842285,0.18370916326927492,137.0500030517578,6718.948516845703
2021-02-10,SE,163.0,270.9700012207031,44168.11019897461,0.20274015401955967,233.52999877929688,6102.720397949219
2021-02-11,ROKU,81.0,465.69000244140625,37720.890197753906,0.16267418500616523,288.1394256015993,14381.596724024359
2021-02-11,ZG,228.0,200.60000610351562,45736.80139160156,0.1972434068274098,137.54367948833266,14376.842468261715
2021-02-11,PDD,236.0,199.8000030517578,47152.800720214844,0.2033500107687229,168.84881462485103,7304.48046875
2021-02-11,Z,243.0,194.0,47142.0,0.2033034318478857,137.0500030517578,13838.849258422852
2021-02-11,SE,163.0,274.6300048828125,44764.69079589844,0.19305110653802585,233.52999877929688,6699.300994873047
2021-02-12,ROKU,81.0,468.6700134277344,37962.271087646484,0.1628820377002828,288.1394256015993,14622.977613916937
2021-02-12,ZG,228.0,202.94000244140625,46270.320556640625,0.19852879928891917,137.54367948833266,14910.361633300778
2021-02-12,PDD,236.0,196.58999633789062,46395.23913574219,0.19906477862123337,168.84881462485103,6546.918884277344
2021-02-12,Z,243.0,197.80999755859375,48067.82940673828,0.20624124366855678,137.0500030517578,14764.678665161133
2021-02-12,SE,163.0,276.1199951171875,45007.55920410156,0.19311075826192542,233.52999877929688,6942.169403076172
2021-02-16,ROKU,81.0,469.70001220703125,38045.70098876953,0.16145118856548052,288.1394256015993,14706.407515039984
2021-02-16,ZG,228.0,203.7899932861328,46464.11846923828,0.1971756849668821,137.54367948833266,15104.159545898434
2021-02-16,PDD,236.0,202.80999755859375,47863.159423828125,0.203112671777481,168.84881462485103,8014.839172363281
2021-02-16,Z,243.0,199.89999389648438,48575.6985168457,0.20613641113507664,137.0500030517578,15272.547775268555
2021-02-16,SE,163.0,278.1400146484375,45336.82238769531,0.19239187792692122,233.52999877929688,7271.432586669922
2021-02-17,ROKU,81.0,456.9700012207031,37014.57009887695,0.16219958690247785,288.1394256015993,13675.276625147406
2021-02-17,ZG,228.0,193.5500030517578,44129.40069580078,0.19337710917598844,137.54367948833266,12769.441772460934
2021-02-17,PDD,236.0,202.82000732421875,47865.521728515625,0.20974896724445194,168.84881462485103,8017.201477050781
2021-02-17,Z,243.0,189.75999450683594,46111.67866516113,0.20206354446072208,137.0500030517578,12808.527923583984
2021-02-17,SE,163.0,268.2200012207031,43719.86019897461,0.1915824834589372,233.52999877929688,5654.470397949219
2021-02-18,ROKU,81.0,452.989990234375,36692.189208984375,0.16485275042943398,288.1394256015993,13352.895735254828
2021-02-18,ZG,228.0,187.14999389648438,42670.19860839844,0.19171109038765896,137.54367948833266,11310.23968505859
2021-02-18,PDD,236.0,195.77999877929688,46204.07971191406,0.20758831200251174,168.84881462485103,6355.759460449219
2021-02-18,Z,243.0,181.25,44043.75,0.19788226004646609,137.0500030517578,10740.599258422852
2021-02-18,SE,163.0,267.5,43602.5,0.19589978699988164,233.52999877929688,5537.110198974609
2021-02-19,ROKU,81.0,467.30999755859375,37852.109802246094,0.1668997034275375,288.1394256015993,14512.816328516546
2021-02-19,ZG,228.0,191.4600067138672,43652.88153076172,0.19247680035022088,137.54367948833266,12292.922607421871
2021-02-19,PDD,236.0,195.97999572753906,46251.27899169922,0.20393380414427628,168.84881462485103,6402.958740234375
2021-02-19,Z,243.0,181.22000122070312,44036.46029663086,0.19416809794496848,137.0500030517578,10733.309555053711
2021-02-19,SE,163.0,280.0,45640.0,0.2012385175946206,233.52999877929688,7574.610198974609
2021-02-22,ROKU,81.0,437.2799987792969,35419.67990112305,0.16765306226514734,288.1394256015993,12080.3864273935
2021-02-22,ZG,228.0,173.72999572753906,39610.439025878906,0.18748931156051862,137.54367948833266,8250.480102539059
2021-02-22,PDD,236.0,188.24000549316406,44424.64129638672,0.21027652350787643,168.84881462485103,4576.321044921875
2021-02-22,Z,243.0,169.6199951171875,41217.65881347656,0.1950968145045343,137.0500030517578,7914.508071899414
2021-02-22,SE,163.0,252.9600067138672,41232.48109436035,0.19516697326336158,233.52999877929688,3167.091293334961
2021-02-23,ROKU,81.0,415.8699951171875,33685.46960449219,0.16087143602559023,288.1394256015993,10346.17613076264
2021-02-23,ZG,228.0,175.0800018310547,39918.24041748047,0.19063723127429583,137.54367948833266,8558.281494140621
2021-02-23,PDD,236.0,187.91000366210938,44346.76086425781,0.21178648203750186,168.84881462485103,4498.440612792969
2021-02-23,Z,243.0,168.8699951171875,41035.40881347656,0.19597248372161008,137.0500030517578,7732.258071899414
2021-02-23,SE,163.0,251.80999755859375,41045.02960205078,0.1960184296470137,233.52999877929688,2979.6398010253906
2021-02-24,ROKU,81.0,413.7900085449219,33516.99069213867,0.16364435700570337,288.1394256015993,10177.697218409125
2021-02-24,ZG,228.0,172.22000122070312,39266.16027832031,0.19171427440637584,137.54367948833266,7906.201354980465
2021-02-24,PDD,236.0,179.32000732421875,42319.521728515625,0.20662209760007352,168.84881462485103,2471.2014770507812
2021-02-24,Z,243.0,164.27999877929688,39920.03970336914,0.194906794852326,137.0500030517578,6616.888961791992
2021-02-24,SE,163.0,248.0399932861328,40430.51890563965,0.19739917376508845,233.52999877929688,2365.129104614258
2021-02-25,ROKU,81.0,382.3399963378906,30969.53970336914,0.1609352939784994,288.1394256015993,7630.246229639593
2021-02-25,ZG,228.0,159.3300018310547,36327.24041748047,0.18877694573480627,137.54367948833266,4967.281494140621
2021-02-25,PDD,236.0,171.05999755859375,40370.159423828125,0.20978624600371018,168.84881462485103,521.8391723632812
2021-02-25,Z,243.0,152.44000244140625,37042.92059326172,0.1924960258563429,137.0500030517578,3739.7698516845703
2021-02-25,SE,163.0,235.35000610351562,38362.05099487305,0.19935097562352333,233.52999877929688,296.66119384765625
2021-02-26,ROKU,81.0,395.4800109863281,32033.880889892578,0.16168105582285017,288.1394256015993,8694.58741616303
2021-02-26,ZG,228.0,169.82000732421875,38718.961669921875,0.19542192295322688,137.54367948833266,7359.002746582028
2021-02-26,PDD,236.0,171.16000366210938,40393.76086425781,0.2038749512629167,168.84881462485103,545.4406127929688
2021-02-26,Z,243.0,161.3300018310547,39203.19044494629,0.19786591716906526,137.0500030517578,5900.039703369141
2021-02-26,SE,163.0,235.69000244140625,38417.47039794922,0.19390023947873744,233.52999877929688,352.0805969238281
2021-03-01,PDD,192.0,186.14999389648438,35740.798828125,0.17193506309049836,168.84881462485103,3321.8264201536003
2021-03-01,SE,134.0,248.50999450683594,33300.339263916016,0.16019496261988742,233.52999877929688,2007.3194274902344
2021-03-01,MU,401.0,92.418212890625,37059.703369140625,0.17827979915978345,92.418212890625,0.0
2021-03-01,MRNA,260.0,157.39999389648438,40923.99841308594,0.19686941757811058,157.39999389648438,0.0
2021-03-01,ETSY,208.0,244.5800018310547,50872.640380859375,0.2447284593588967,244.5800018310547,0.0
2021-03-02,PDD,192.0,175.52000427246094,33699.8408203125,0.16802485130499492,168.84881462485103,1280.8684123411003
2021-03-02,SE,134.0,250.0,33500.0,0.16702846012627348,233.52999877929688,2206.9801635742188
2021-03-02,MU,401.0,88.83890533447266,35624.401039123535,0.1776205626413618,92.418212890625,-1435.3023300170898
2021-03-02,MRNA,260.0,146.80999755859375,38170.599365234375,0.19031571444991072,157.39999389648438,-2753.3990478515625
2021-03-02,ETSY,208.0,238.42999267578125,49593.4384765625,0.2472691242121587,244.5800018310547,-1279.201904296875
2021-03-03,PDD,192.0,168.75,32400.0,0.17196905333970963,168.84881462485103,-18.97240797139966
2021-03-03,SE,134.0,251.27999877929688,33671.51983642578,0.17871788243146286,233.52999877929688,2378.5
2021-03-03,MU,401.0,86.90785217285156,34850.04872131348,0.18497314467429127,92.418212890625,-2209.6546478271484
2021-03-03,MRNA,260.0,131.22000122070312,34117.20031738281,0.18108341485128282,157.39999389648438,-6806.798095703125
2021-03-03,ETSY,208.0,208.61000061035156,43390.880126953125,0.23030520305583177,244.5800018310547,-7481.76025390625
2021-03-04,PDD,192.0,158.39999389648438,30412.798828125,0.16919527457595965,168.84881462485103,-2006.1735798463997
2021-03-04,SE,134.0,229.67999267578125,30777.119018554688,0.1712220941068314,233.52999877929688,-515.9008178710938
2021-03-04,MU,401.0,82.24596405029297,32980.63158416748,0.18348087751172,92.418212890625,-4079.0717849731445
2021-03-04,MRNA,260.0,132.3000030517578,34398.00079345703,0.1913661160225368,157.39999389648438,-6525.997619628906
2021-03-04,ETSY,208.0,198.10000610351562,41204.80126953125,0.2292343333491219,244.5800018310547,-9667.839111328125
2021-03-05,PDD,192.0,156.82000732421875,30109.44140625,0.16572325573252455,168.84881462485103,-2309.5310017213997
2021-03-05,SE,134.0,229.75999450683594,30787.839263916016,0.1694571775990074,233.52999877929688,-505.1805725097656
2021-03-05,MU,401.0,86.73228454589844,34779.64610290527,0.19142820046478992,92.418212890625,-2280.0572662353516
2021-03-05,MRNA,260.0,132.19000244140625,34369.400634765625,0.18917019727860315,157.39999389648438,-6554.5977783203125
2021-03-05,ETSY,208.0,200.3000030517578,41662.400634765625,0.22931108490750554,244.5800018310547,-9210.23974609375
2021-03-08,PDD,192.0,137.60000610351562,26419.201171875,0.15637776614251406,168.84881462485103,-5999.7712360964
2021-03-08,SE,134.0,206.0500030517578,27610.700408935547,0.16343036352575335,233.52999877929688,-3682.3194274902344
2021-03-08,MU,401.0,82.94817352294922,33262.21758270264,0.1968822315515961,92.418212890625,-3797.4857864379883
2021-03-08,MRNA,260.0,123.47000122070312,32102.200317382812,0.1900159789553376,157.39999389648438,-8821.798095703125
2021-03-08,ETSY,208.0,190.25999450683594,39574.078857421875,0.23424273915819246,244.5800018310547,-11298.5615234375
2021-03-09,PDD,192.0,154.17999267578125,29602.55859375,0.16251145505278652,168.84881462485103,-2816.4138142213997
2021-03-09,SE,134.0,228.47000122070312,30614.98016357422,0.1680694240343494,233.52999877929688,-678.0396728515625
2021-03-09,MU,401.0,87.09314727783203,34924.352058410645,0.19172691616549617,92.418212890625,-2135.3513107299805
2021-03-09,MRNA,260.0,130.8699951171875,34026.19873046875,0.18679625438766062,157.39999389648438,-6897.7996826171875
2021-03-09,ETSY,208.0,206.7899932861328,43012.318603515625,0.23612805154373256,244.5800018310547,-7860.32177734375
2021-03-10,PDD,192.0,148.13999938964844,28442.8798828125,0.16024446011268956,168.84881462485103,-3976.0925251588997
2021-03-10,SE,134.0,217.2100067138672,29106.140899658203,0.16398120913374978,233.52999877929688,-2186.878936767578
2021-03-10,MU,401.0,83.29926300048828,33403.0044631958,0.18818932676297223,92.418212890625,-3656.698905944824
2021-03-10,MRNA,260.0,129.75,33735.0,0.19005975780842904,157.39999389648438,-7188.9984130859375
2021-03-10,ETSY,208.0,205.92999267578125,42833.4384765625,0.2413194884528743,244.5800018310547,-8039.201904296875
2021-03-11,PDD,192.0,162.39999389648438,31180.798828125,0.16387471628832212,168.84881462485103,-1238.1735798463997
2021-03-11,SE,134.0,236.7899932861328,31729.859100341797,0.16676037347852718,233.52999877929688,436.8392639160156
2021-03-11,MU,401.0,87.1028823852539,34928.25583648682,0.1835699607056668,92.418212890625,-2131.4475326538086
2021-03-11,MRNA,260.0,140.47000122070312,36522.20031738281,0.19194714183646452,157.39999389648438,-4401.798095703125
2021-03-11,ETSY,208.0,220.83999633789062,45934.71923828125,0.24141585096810447,244.5800018310547,-4937.921142578125
2021-03-12,PDD,192.0,161.05999755859375,30923.51953125,0.1641994424164155,168.84881462485103,-1495.4528767213997
2021-03-12,SE,134.0,234.99000549316406,31488.660736083984,0.16720026095605509,233.52999877929688,195.64089965820312
2021-03-12,MU,401.0,85.6009292602539,34325.97263336182,0.1822659791717219,92.418212890625,-2733.7307357788086
2021-03-12,MRNA,260.0,136.99000549316406,35617.401428222656,0.1891232803861701,157.39999389648438,-5306.596984863281
2021-03-12,ETSY,208.0,221.13999938964844,45997.119873046875,0.2442380928950497,244.5800018310547,-4875.5205078125
2021-03-15,PDD,192.0,159.1300048828125,30552.9609375,0.1607537367759624,168.84881462485103,-1866.0114704713997
2021-03-15,SE,134.0,231.33999633789062,30999.559509277344,0.16310350540882507,233.52999877929688,-293.4603271484375
2021-03-15,MU,401.0,86.65425109863281,34748.35469055176,0.1828277093912262,92.418212890625,-2311.348678588867
2021-03-15,MRNA,260.0,143.66000366210938,37351.60095214844,0.19652463274853282,157.39999389648438,-3572.3974609375
2021-03-15,ETSY,208.0,223.22999572753906,46431.839111328125,0.24430010753442308,244.5800018310547,-4440.80126953125
2021-03-16,PDD,192.0,160.88999938964844,30890.8798828125,0.15972758378140392,168.84881462485103,-1528.0925251588997
2021-03-16,SE,134.0,233.4600067138672,31283.640899658203,0.1617584345846922,233.52999877929688,-9.378936767578125
2021-03-16,MU,401.0,89.1705093383789,35757.37424468994,0.18489078369209994,92.418212890625,-1302.3291244506836
2021-03-16,MRNA,260.0,156.02000427246094,40565.201110839844,0.2097506313715026,157.39999389648438,-358.79730224609375
2021-03-16,ETSY,208.0,215.97999572753906,44923.839111328125,0.2322878565666697,244.5800018310547,-5948.80126953125
2021-03-17,PDD,192.0,149.4600067138672,28696.3212890625,0.15135686353612154,168.84881462485103,-3722.6511189088997
2021-03-17,SE,134.0,224.35000610351562,30062.900817871094,0.15856479758347194,233.52999877929688,-1230.1190185546875
2021-03-17,MU,401.0,92.418212890625,37059.703369140625,0.19546897349766235,92.418212890625,0.0
2021-03-17,MRNA,260.0,147.5500030517578,38363.00079345703,0.2023431302375516,157.39999389648438,-2560.9976196289062
2021-03-17,ETSY,208.0,218.44000244140625,45435.5205078125,0.23964667135974546,244.5800018310547,-5437.119873046875
2021-03-18,PDD,192.0,141.82000732421875,27229.44140625,0.15043888158229232,168.84881462485103,-5189.5310017214
2021-03-18,SE,134.0,211.25999450683594,28308.839263916016,0.1564024048168279,233.52999877929688,-2984.1805725097656
2021-03-18,MU,401.0,87.60030364990234,35127.72176361084,0.19407578348039817,92.418212890625,-1931.9816055297852
2021-03-18,MRNA,260.0,141.4600067138672,36779.60174560547,0.20320219093370748,157.39999389648438,-4144.396667480469
2021-03-18,ETSY,208.0,209.50999450683594,43578.078857421875,0.2407628326635712,244.5800018310547,-7294.5615234375
2021-03-19,PDD,192.0,141.8000030517578,27225.6005859375,0.14830875168509788,168.84881462485103,-5193.3718220339
2021-03-19,SE,134.0,214.89999389648438,28796.599182128906,0.1568666103066092,233.52999877929688,-2496.420654296875
2021-03-19,MU,401.0,88.27324676513672,35397.571952819824,0.19282475302740387,92.418212890625,-1662.1314163208008
2021-03-19,MRNA,260.0,143.74000549316406,37372.401428222656,0.20358244020361296,157.39999389648438,-3551.5969848632812
2021-03-19,ETSY,208.0,215.41000366210938,44805.28076171875,0.24407231119460066,244.5800018310547,-6067.359619140625
2021-03-22,PDD,192.0,137.14999389648438,26332.798828125,0.14251927871577913,168.84881462485103,-6086.1735798464
2021-03-22,SE,134.0,217.83999633789062,29190.559509277344,0.1579861492781722,233.52999877929688,-2102.4603271484375
2021-03-22,MU,401.0,89.02421569824219,35698.71049499512,0.1932097876886559,92.418212890625,-1360.9928741455078
2021-03-22,MRNA,260.0,145.60000610351562,37856.00158691406,0.20488555266931885,157.39999389648438,-3067.996826171875
2021-03-22,ETSY,208.0,219.77000427246094,45712.160888671875,0.24740492801072483,244.5800018310547,-5160.4794921875
2021-03-23,PDD,192.0,136.05999755859375,26123.51953125,0.14536059445481625,168.84881462485103,-6295.4528767214
2021-03-23,SE,134.0,216.63999938964844,29029.75991821289,0.1615319541283153,233.52999877929688,-2263.2599182128906
2021-03-23,MU,401.0,83.28951263427734,33399.094566345215,0.1858444929140931,92.418212890625,-3660.60880279541
2021-03-23,MRNA,260.0,136.52000427246094,35495.201110839844,0.19750797849397014,157.39999389648438,-5428.797302246094
2021-03-23,ETSY,208.0,219.6699981689453,45691.359619140625,0.2542430466822042,244.5800018310547,-5181.28076171875
2021-03-24,PDD,192.0,124.18000030517578,23842.56005859375,0.14158926469060193,168.84881462485103,-8576.41234937765
2021-03-24,SE,134.0,197.5,26465.0,0.15716264867648572,233.52999877929688,-4828.019836425781
2021-03-24,MU,401.0,80.94884490966797,32460.486808776855,0.19276690286021145,92.418212890625,-4599.2165603637695
2021-03-24,MRNA,260.0,131.61000061035156,34218.600158691406,0.20320747534258665,157.39999389648438,-6705.398254394531
2021-03-24,ETSY,208.0,199.17999267578125,41429.4384765625,0.2460291057682249,244.5800018310547,-9443.201904296875
2021-03-25,PDD,192.0,127.52999877929688,24485.759765625,0.1440559082732645,168.84881462485103,-7933.2126423464
2021-03-25,SE,134.0,202.61000061035156,27149.74008178711,0.15972877722812479,233.52999877929688,-4143.279754638672
2021-03-25,MU,401.0,82.01187896728516,32886.76346588135,0.1934811346101853,92.418212890625,-4172.939903259277
2021-03-25,MRNA,260.0,133.3300018310547,34665.80047607422,0.20394765861467518,157.39999389648438,-6258.197937011719
2021-03-25,ETSY,208.0,196.1999969482422,40809.599365234375,0.24009317901909988,244.5800018310547,-10063.041015625
2021-03-26,PDD,192.0,131.2899932861328,25207.6787109375,0.14456467632875525,168.84881462485103,-7211.2936970339
2021-03-26,SE,134.0,209.24000549316406,28038.160736083984,0.16079733791223205,233.52999877929688,-3254.859100341797
2021-03-26,MU,401.0,85.81549835205078,34412.01483917236,0.19735104703975573,92.418212890625,-2647.6885299682617
2021-03-26,MRNA,260.0,133.27999877929688,34652.79968261719,0.19873193511583104,157.39999389648438,-6271.19873046875
2021-03-26,ETSY,208.0,202.32000732421875,42082.5615234375,0.2413412181059338,244.5800018310547,-8790.078857421875
2021-03-29,PDD,192.0,131.52999877929688,25253.759765625,0.14909020865698558,168.84881462485103,-7165.2126423464
2021-03-29,SE,134.0,204.25,27369.5,0.16158086968862787,233.52999877929688,-3923.5198364257812
2021-03-29,MU,401.0,84.4500961303711,33864.48854827881,0.19992522739514673,92.418212890625,-3195.2148208618164
2021-03-29,MRNA,260.0,123.41999816894531,32089.19952392578,0.18944448260610647,157.39999389648438,-8834.798889160156
2021-03-29,ETSY,208.0,196.30999755859375,40832.4794921875,0.24106204161167424,244.5800018310547,-10040.160888671875
2021-03-30,PDD,192.0,135.44000244140625,26004.48046875,0.1523214826018761,168.84881462485103,-6414.4919392214
2021-03-30,SE,134.0,214.35000610351562,28722.900817871094,0.16824465470334662,233.52999877929688,-2570.1190185546875
2021-03-30,MU,401.0,84.4013671875,33844.9482421875,0.19824709442009358,92.418212890625,-3214.755126953125
2021-03-30,MRNA,260.0,118.48999786376953,30807.399444580078,0.18045462450772126,157.39999389648438,-10116.59896850586
2021-03-30,ETSY,208.0,198.8699951171875,41364.958984375,0.2422956262416984,244.5800018310547,-9507.681396484375
2021-03-31,PDD,192.0,133.8800048828125,25704.9609375,0.14597913433518928,168.84881462485103,-6714.0114704714
2021-03-31,SE,134.0,223.22999572753906,29912.819427490234,0.1698756709324354,233.52999877929688,-1380.2004089355469
2021-03-31,MU,401.0,86.03007507324219,34498.06010437012,0.19591537067587808,92.418212890625,-2561.643264770508
2021-03-31,MRNA,260.0,130.9499969482422,34046.99920654297,0.19335378423513774,157.39999389648438,-6876.999206542969
2021-03-31,ETSY,208.0,201.6699981689453,41947.359619140625,0.23822013422769953,244.5800018310547,-8925.28076171875
2021-04-01,PWR,295.0,88.36300659179688,26067.086944580078,0.1429601620352626,88.36300659179688,0.0
2021-04-01,ON,738.0,42.88999938964844,31652.819549560547,0.173594089024933,42.88999938964844,0.0
2021-04-01,LRCX,550.0,60.56623458862305,33311.429023742676,0.18269042877652925,60.56623458862305,0.0
2021-04-01,SAM,30.0,1184.6800537109375,35540.401611328125,0.19491482051507866,1184.6800537109375,0.0
2021-04-01,AMAT,345.0,135.44564819335938,46728.748626708984,0.256275259662966,135.44564819335938,0.0
2021-04-05,PWR,295.0,91.15937805175781,26892.016525268555,0.14425358620206374,88.36300659179688,824.9295806884766
2021-04-05,ON,738.0,44.029998779296875,32494.139099121094,0.1743043736118671,42.88999938964844,841.3195495605469
2021-04-05,LRCX,550.0,62.603092193603516,34431.70070648193,0.18469780060112279,60.56623458862305,1120.2716827392578
2021-04-05,SAM,30.0,1211.0799560546875,36332.398681640625,0.19489348447429058,1184.6800537109375,791.9970703125
2021-04-05,AMAT,345.0,136.9099578857422,47233.935470581055,0.2533712775189564,135.44564819335938,505.1868438720703
2021-04-06,PWR,295.0,91.37752532958984,26956.369972229004,0.14572521683115075,88.36300659179688,889.2830276489258
2021-04-06,ON,738.0,43.56999969482422,32154.659774780273,0.17382699423694975,42.88999938964844,501.84022521972656
2021-04-06,LRCX,550.0,61.81488800048828,33998.188400268555,0.18379304712020073,60.56623458862305,686.7593765258789
2021-04-06,SAM,30.0,1225.300048828125,36759.00146484375,0.19871790840085435,1184.6800537109375,1218.599853515625
2021-04-06,AMAT,345.0,133.55062866210938,46074.966888427734,0.24907969979716907,135.44564819335938,-653.78173828125
2021-04-07,PWR,295.0,90.3363037109375,26649.209594726562,0.14428475281455544,88.36300659179688,582.1226501464844
2021-04-07,ON,738.0,42.93000030517578,31682.340225219727,0.1715352424143587,42.88999938964844,29.520675659179688
2021-04-07,LRCX,550.0,62.411746978759766,34326.46083831787,0.18585109999042093,60.56623458862305,1015.0318145751953
2021-04-07,SAM,30.0,1235.3399658203125,37060.198974609375,0.20065216678576017,1184.6800537109375,1519.79736328125
2021-04-07,AMAT,345.0,133.1677703857422,45942.880783081055,0.2487449833666804,135.44564819335938,-785.8678436279297
2021-04-08,PWR,295.0,90.7528076171875,26772.078247070312,0.14354201480413342,88.36300659179688,704.9913024902344
2021-04-08,ON,738.0,43.060001373291016,31778.28101348877,0.17038342864500208,42.88999938964844,125.46146392822266
2021-04-08,LRCX,550.0,63.28522491455078,34806.87370300293,0.186621626242587,60.56623458862305,1495.444679260254
2021-04-08,SAM,30.0,1270.1099853515625,38103.299560546875,0.2042958465581533,1184.6800537109375,2562.89794921875
2021-04-08,AMAT,345.0,133.36878967285156,46012.23243713379,0.24670062924177516,135.44564819335938,-716.5161895751953
2021-04-09,PWR,295.0,92.93436431884766,27415.63747406006,0.14730725101342546,88.36300659179688,1348.5505294799805
2021-04-09,ON,738.0,42.959999084472656,31704.47932434082,0.17035167241686586,42.88999938964844,51.65977478027344
2021-04-09,LRCX,550.0,62.71680450439453,34494.24247741699,0.18534137825343555,60.56623458862305,1182.8134536743164
2021-04-09,SAM,30.0,1253.0999755859375,37592.999267578125,0.2019913410620597,1184.6800537109375,2052.59765625
2021-04-09,AMAT,345.0,132.94766235351562,45866.94351196289,0.24644815819176827,135.44564819335938,-861.8051147460938
2021-04-12,PWR,295.0,92.46829986572266,27278.148460388184,0.14836182024755842,88.36300659179688,1211.0615158081055
2021-04-12,ON,738.0,42.400001525878906,31291.201126098633,0.17018822093229338,42.88999938964844,-361.61842346191406
2021-04-12,LRCX,550.0,61.60551452636719,33883.03298950195,0.18428481160040744,60.56623458862305,571.6039657592773
2021-04-12,SAM,30.0,1259.8800048828125,37796.400146484375,0.20556903752761918,1184.6800537109375,2255.99853515625
2021-04-12,AMAT,345.0,129.2055206298828,44575.90461730957,0.24244176095049672,135.44564819335938,-2152.844009399414
2021-04-13,PWR,295.0,93.2715072631836,27515.09464263916,0.14969664547835895,88.36300659179688,1448.007698059082
2021-04-13,ON,738.0,42.040000915527344,31025.52067565918,0.16879521694133523,42.88999938964844,-627.2988739013672
2021-04-13,LRCX,550.0,61.10530090332031,33607.91549682617,0.1828448085218898,60.56623458862305,296.4864730834961
2021-04-13,SAM,30.0,1267.02001953125,38010.6005859375,0.20679774044879742,1184.6800537109375,2470.198974609375
2021-04-13,AMAT,345.0,129.3012237548828,44608.92219543457,0.24269609455434363,135.44564819335938,-2119.826431274414
2021-04-14,PWR,295.0,93.22193145751953,27500.46977996826,0.15040183410508218,88.36300659179688,1433.3828353881836
2021-04-14,ON,738.0,42.099998474121094,31069.798873901367,0.16992272398614186,42.88999938964844,-583.0206756591797
2021-04-14,LRCX,550.0,60.67328643798828,33370.307540893555,0.18250435352405958,60.56623458862305,58.878517150878906
2021-04-14,SAM,30.0,1252.550048828125,37576.50146484375,0.20550829803211199,1184.6800537109375,2036.099853515625
2021-04-14,AMAT,345.0,128.3824005126953,44291.92817687988,0.24223539769148594,135.44564819335938,-2436.8204498291016
2021-04-15,PWR,295.0,94.48128509521484,27871.97910308838,0.150398173204712,88.36300659179688,1804.8921585083008
2021-04-15,ON,738.0,42.630001068115234,31460.940788269043,0.16976433587139778,42.88999938964844,-191.8787612915039
2021-04-15,LRCX,550.0,61.532569885253906,33842.91343688965,0.18261754351952036,60.56623458862305,531.4844131469727
2021-04-15,SAM,30.0,1290.8900146484375,38726.700439453125,0.20897062884545886,1184.6800537109375,3186.298828125
2021-04-15,AMAT,345.0,128.64085388183594,44381.0945892334,0.2394819372660415,135.44564819335938,-2347.654037475586
2021-04-16,PWR,295.0,94.89777374267578,27994.843254089355,0.15156352551950442,88.36300659179688,1927.7563095092773
2021-04-16,ON,738.0,42.18000030517578,31128.840225219727,0.1685309228933969,42.88999938964844,-523.9793243408203
2021-04-16,LRCX,550.0,60.98403549194336,33541.21952056885,0.18159149649885767,60.56623458862305,229.79049682617188
2021-04-16,SAM,30.0,1294.9300537109375,38847.901611328125,0.21032176797016525,1184.6800537109375,3307.5
2021-04-16,AMAT,345.0,127.99002075195312,44156.55715942383,0.2390627237003078,135.44564819335938,-2572.1914672851562
2021-04-19,PWR,295.0,95.02669525146484,28032.87509918213,0.1543442907150354,88.36300659179688,1965.7881546020508
2021-04-19,ON,738.0,41.06999969482422,30309.659774780273,0.16687988382215518,42.88999938964844,-1343.1597747802734
2021-04-19,LRCX,550.0,58.90167999267578,32395.92399597168,0.17836650338310553,60.56623458862305,-915.5050277709961
2021-04-19,SAM,30.0,1287.68994140625,38630.6982421875,0.212694120703693,1184.6800537109375,3090.296630859375
2021-04-19,AMAT,345.0,125.27192687988281,43218.81477355957,0.23795551787565883,135.44564819335938,-3509.933853149414
2021-04-20,PWR,295.0,92.964111328125,27424.412841796875,0.15290481355163754,88.36300659179688,1357.3258972167969
2021-04-20,ON,738.0,39.70000076293945,29298.600563049316,0.16335434717454578,42.88999938964844,-2354.2189865112305
2021-04-20,LRCX,550.0,58.077457427978516,31942.601585388184,0.17809597485070552,60.56623458862305,-1368.8274383544922
2021-04-20,SAM,30.0,1306.449951171875,39193.49853515625,0.21852335072861986,1184.6800537109375,3653.096923828125
2021-04-20,AMAT,345.0,123.07062530517578,42459.365730285645,0.23673219324555414,135.44564819335938,-4269.38289642334
2021-04-21,PWR,295.0,94.76885223388672,27956.811408996582,0.1526130513440171,88.36300659179688,1889.724464416504
2021-04-21,ON,738.0,41.369998931884766,30531.059211730957,0.166665577089657,42.88999938964844,-1121.7603378295898
2021-04-21,LRCX,550.0,60.7509765625,33413.037109375,0.1823979663965411,60.56623458862305,101.60808563232422
2021-04-21,SAM,30.0,1255.219970703125,37656.59912109375,0.20556308840210527,1184.6800537109375,2116.197509765625
2021-04-21,AMAT,345.0,129.2533721923828,44592.41340637207,0.24342490912788092,135.44564819335938,-2136.335220336914
2021-04-22,PWR,295.0,95.11592864990234,28059.19895172119,0.155705181379211,88.36300659179688,1992.1120071411133
2021-04-22,ON,738.0,40.93000030517578,30206.340225219727,0.1676200269174644,42.88999938964844,-1446.4793243408203
2021-04-22,LRCX,550.0,58.22050857543945,32021.2797164917,0.17769142928240825,60.56623458862305,-1290.1493072509766
2021-04-22,SAM,30.0,1246.0,37380.0,0.20742786313926057,1184.6800537109375,1839.598388671875
2021-04-22,AMAT,345.0,126.09500122070312,43502.77542114258,0.2414041665659377,135.44564819335938,-3225.9732055664062
2021-04-23,PWR,295.0,96.82150268554688,28562.343292236328,0.15460448138985497,88.36300659179688,2495.25634765625
2021-04-23,ON,738.0,42.54999923706055,31401.899436950684,0.16997465254980557,42.88999938964844,-250.92011260986328
2021-04-23,LRCX,550.0,59.4473762512207,32696.056938171387,0.1769797692962107,60.56623458862305,-615.3720855712891
2021-04-23,SAM,30.0,1283.9000244140625,38517.000732421875,0.20848782825698267,1184.6800537109375,2976.59912109375
2021-04-23,AMAT,345.0,129.07150268554688,44529.66842651367,0.2410336653090593,135.44564819335938,-2199.0802001953125
2021-04-26,PWR,295.0,96.90082550048828,28585.743522644043,0.15383906682932139,88.36300659179688,2518.656578063965
2021-04-26,ON,738.0,43.79999923706055,32324.399436950684,0.17395928292925436,42.88999938964844,671.5798873901367
2021-04-26,LRCX,550.0,60.93287658691406,33513.082122802734,0.18035638206375104,60.56623458862305,201.6530990600586
2021-04-26,SAM,30.0,1233.989990234375,37019.69970703125,0.1992278442126253,1184.6800537109375,1479.298095703125
2021-04-26,AMAT,345.0,131.40676879882812,45335.3352355957,0.24397985875420053,135.44564819335938,-1393.4133911132812
2021-04-27,PWR,295.0,97.35697937011719,28720.30891418457,0.15529380462717512,88.36300659179688,2653.221969604492
2021-04-27,ON,738.0,43.29999923706055,31955.399436950684,0.17278628763266057,42.88999938964844,302.5798873901367
2021-04-27,LRCX,550.0,61.094879150390625,33602.183532714844,0.1816906266630961,60.56623458862305,290.75450897216797
2021-04-27,SAM,30.0,1215.4200439453125,36462.601318359375,0.19715721381169712,1184.6800537109375,922.19970703125
2021-04-27,AMAT,345.0,130.90907287597656,45163.630142211914,0.2442046141117485,135.44564819335938,-1565.1184844970703
2021-04-28,PWR,295.0,97.02973175048828,28623.770866394043,0.15674943887774154,88.36300659179688,2556.683921813965
2021-04-28,ON,738.0,41.45000076293945,30590.100563049316,0.16751744977462946,42.88999938964844,-1062.7189865112305
2021-04-28,LRCX,550.0,60.447811126708984,33246.29611968994,0.1820633027650122,60.56623458862305,-65.13290405273438
2021-04-28,SAM,30.0,1210.22998046875,36306.8994140625,0.19882377262971188,1184.6800537109375,766.497802734375
2021-04-28,AMAT,345.0,129.8659210205078,44803.742752075195,0.2453541697490259,135.44564819335938,-1925.005874633789
2021-04-29,PWR,295.0,97.91228485107422,28884.124031066895,0.15819240342914148,88.36300659179688,2817.0370864868164
2021-04-29,ON,738.0,41.0,30258.0,0.1657168393893703,42.88999938964844,-1394.8195495605469
2021-04-29,LRCX,550.0,60.724449157714844,33398.447036743164,0.18291642155603002,60.56623458862305,87.01801300048828
2021-04-29,SAM,30.0,1210.18994140625,36305.6982421875,0.1988388381426244,1184.6800537109375,765.296630859375
2021-04-29,AMAT,345.0,129.5787353515625,44704.66369628906,0.2448382435624875,135.44564819335938,-2024.0849304199219
2021-04-30,PWR,295.0,95.82987976074219,28269.814529418945,0.1581677308654299,88.36300659179688,2202.727584838867
2021-04-30,ON,738.0,39.0,28782.0,0.16103337448611033,42.88999938964844,-2870.819549560547
2021-04-30,LRCX,550.0,58.780418395996094,32329.23011779785,0.18087989091817724,60.56623458862305,-982.1989059448242
2021-04-30,SAM,30.0,1216.489990234375,36494.69970703125,0.2041854160475472,1184.6800537109375,954.298095703125
2021-04-30,AMAT,345.0,127.0137939453125,43819.75891113281,0.24516863479353485,135.44564819335938,-2908.989715576172
2021-05-03,PWR,287.0,96.36537170410156,27656.86167907715,0.1567611216855715,88.36300659179688,2296.6787872314453
2021-05-03,AMAT,274.0,127.14779663085938,34838.49627685547,0.1974671536333439,135.44564819335938,-2273.611328125
2021-05-03,EXPE,177.0,172.67813110351562,30564.029205322266,0.17323916057625374,172.67813110351562,0.0
2021-05-03,YETI,403.0,87.16999816894531,35129.50926208496,0.19911663659055717,87.16999816894531,0.0
2021-05-03,RH,56.0,699.0499877929688,39146.79931640625,0.22188693144032007,699.0499877929688,0.0
2021-05-04,PWR,287.0,96.83141326904297,27790.615608215332,0.1590438329808312,88.36300659179688,2430.432716369629
2021-05-04,AMAT,274.0,123.1950454711914,33755.442459106445,0.19318013779706067,135.44564819335938,-3356.6651458740234
2021-05-04,EXPE,177.0,171.32492065429688,30324.510955810547,0.17354514645064528,172.67813110351562,-239.51824951171875
2021-05-04,YETI,403.0,87.56999969482422,35290.70987701416,0.20196637046771965,87.16999816894531,161.20061492919922
2021-05-04,RH,56.0,687.2000122070312,38483.20068359375,0.22023678166668517,699.0499877929688,-663.5986328125
2021-05-05,PWR,287.0,96.56367492675781,27713.774703979492,0.15933017516921705,88.36300659179688,2353.591812133789
2021-05-05,AMAT,274.0,124.69767761230469,34167.163665771484,0.1964315662536212,135.44564819335938,-2944.9439392089844
2021-05-05,EXPE,177.0,168.8258819580078,29882.181106567383,0.17179663185556554,172.67813110351562,-681.8480987548828
2021-05-05,YETI,403.0,86.69999694824219,34940.0987701416,0.20087527292617505,87.16999816894531,-189.41049194335938
2021-05-05,RH,56.0,681.1599731445312,38144.95849609375,0.2193004375593927,699.0499877929688,-1001.8408203125
2021-05-06,PWR,287.0,97.76353454589844,28058.13441467285,0.16090559786916975,88.36300659179688,2697.9515228271484
2021-05-06,AMAT,274.0,126.0758285522461,34544.77702331543,0.19810468928707414,135.44564819335938,-2567.330581665039
2021-05-06,EXPE,177.0,162.8006591796875,28815.716674804688,0.16525012144654072,172.67813110351562,-1748.3125305175781
2021-05-06,YETI,403.0,88.11000061035156,35508.33024597168,0.20363039905376454,87.16999816894531,378.82098388671875
2021-05-06,RH,56.0,684.969970703125,38358.318359375,0.21997428829920834,699.0499877929688,-788.48095703125
2021-05-07,PWR,287.0,99.3402099609375,28510.640258789062,0.1599654035008884,88.36300659179688,3150.4573669433594
2021-05-07,AMAT,274.0,127.24345397949219,34864.70639038086,0.1956163304315129,135.44564819335938,-2247.4012145996094
2021-05-07,EXPE,177.0,171.3347930908203,30326.258377075195,0.1701523401062714,172.67813110351562,-237.7708282470703
2021-05-07,YETI,403.0,89.77999877929688,36181.33950805664,0.20300359869416484,87.16999816894531,1051.8302459716797
2021-05-07,RH,56.0,701.0,39256.0,0.22025467765126888,699.0499877929688,109.20068359375
2021-05-10,PWR,287.0,99.7566909790039,28630.17031097412,0.16422834637284148,88.36300659179688,3269.987419128418
2021-05-10,AMAT,274.0,119.33802032470703,32698.617568969727,0.1875657683381461,135.44564819335938,-4413.490036010742
2021-05-10,EXPE,177.0,170.96934509277344,30261.5740814209,0.17358640259733402,172.67813110351562,-302.4551239013672
2021-05-10,YETI,403.0,88.22000122070312,35552.66049194336,0.20393712570787187,87.16999816894531,423.15122985839844
2021-05-10,RH,56.0,680.3099975585938,38097.35986328125,0.21853402699178226,699.0499877929688,-1049.439453125
2021-05-11,PWR,287.0,97.76353454589844,28058.13441467285,0.163550404464603,88.36300659179688,2697.9515228271484
2021-05-11,AMAT,274.0,118.24695587158203,32399.665908813477,0.18885712020587445,135.44564819335938,-4712.441696166992
2021-05-11,EXPE,177.0,170.28775024414062,30140.93179321289,0.17569099616053205,172.67813110351562,-423.097412109375
2021-05-11,YETI,403.0,87.52999877929688,35274.58950805664,0.2056150026264236,87.16999816894531,145.0802459716797
2021-05-11,RH,56.0,653.4299926757812,36592.07958984375,0.21329463066476184,699.0499877929688,-2554.7197265625
2021-05-12,PWR,287.0,93.87639617919922,26942.525703430176,0.16601118545066704,88.36300659179688,1582.3428115844727
2021-05-12,AMAT,274.0,109.9490966796875,30126.052490234375,0.18562705449014733,135.44564819335938,-6986.055114746094
2021-05-12,EXPE,177.0,160.0053253173828,28320.942581176758,0.17450454729947038,172.67813110351562,-2243.086624145508
2021-05-12,YETI,403.0,81.41999816894531,32812.25926208496,0.20217859741040706,87.16999816894531,-2317.25
2021-05-12,RH,56.0,625.010009765625,35000.560546875,0.2156622067204637,699.0499877929688,-4146.23876953125
2021-05-13,PWR,287.0,95.21508026123047,27326.728034973145,0.16359965131280474,88.36300659179688,1966.5451431274414
2021-05-13,AMAT,274.0,114.77275848388672,31447.73582458496,0.1882713001313168,135.44564819335938,-5664.371780395508
2021-05-13,EXPE,177.0,165.6651153564453,29322.72541809082,0.1755492881475332,172.67813110351562,-1241.3037872314453
2021-05-13,YETI,403.0,85.81999969482422,34585.45987701416,0.20705622601912338,87.16999816894531,-544.0493850708008
2021-05-13,RH,56.0,629.6500244140625,35260.4013671875,0.21109696563154923,699.0499877929688,-3886.39794921875
2021-05-14,PWR,287.0,96.60334014892578,27725.1586227417,0.16150903542790845,88.36300659179688,2364.975730895996
2021-05-14,AMAT,274.0,119.47203826904297,32735.338485717773,0.1906951377691176,135.44564819335938,-4376.769119262695
2021-05-14,EXPE,177.0,169.6951446533203,30036.040603637695,0.17497075533367318,172.67813110351562,-527.9886016845703
2021-05-14,YETI,403.0,88.55000305175781,35685.6512298584,0.20788177219024456,87.16999816894531,556.1419677734375
2021-05-14,RH,56.0,649.8200073242188,36389.92041015625,0.2119843938393849,699.0499877929688,-2756.87890625
2021-05-17,PWR,287.0,95.96871948242188,27543.022491455078,0.1631776734108632,88.36300659179688,2182.839599609375
2021-05-17,AMAT,274.0,118.26612091064453,32404.9171295166,0.19198179814531308,135.44564819335938,-4707.190475463867
2021-05-17,EXPE,177.0,167.37393188476562,29625.185943603516,0.1755133779577451,172.67813110351562,-938.84326171875
2021-05-17,YETI,403.0,86.01000213623047,34662.03086090088,0.20535398950249847,87.16999816894531,-467.47840118408203
2021-05-17,RH,56.0,633.3099975585938,35465.35986328125,0.2101132840800114,699.0499877929688,-3681.439453125
2021-05-18,PWR,287.0,92.40882110595703,26521.331657409668,0.15894526157793748,88.36300659179688,1161.1487655639648
2021-05-18,AMAT,274.0,116.58161926269531,31943.363677978516,0.19144009663847233,135.44564819335938,-5168.743927001953
2021-05-18,EXPE,177.0,166.04046630859375,29389.162536621094,0.17613248788865687,172.67813110351562,-1174.8666687011719
2021-05-18,YETI,403.0,86.19999694824219,34738.5987701416,0.20819224840199677,87.16999816894531,-390.9104919433594
2021-05-18,RH,56.0,628.1199951171875,35174.7197265625,0.2108059693264728,699.0499877929688,-3972.07958984375
2021-05-19,PWR,287.0,90.50491333007812,25974.910125732422,0.15690139272426346,88.36300659179688,614.7272338867188
2021-05-19,AMAT,274.0,119.44329833984375,32727.463745117188,0.197690179372543,135.44564819335938,-4384.643859863281
2021-05-19,EXPE,177.0,165.02308654785156,29209.086318969727,0.17643742755858152,172.67813110351562,-1354.942886352539
2021-05-19,YETI,403.0,84.44999694824219,34033.3487701416,0.20557837525742914,87.16999816894531,-1096.1604919433594
2021-05-19,RH,56.0,616.3099975585938,34513.35986328125,0.20847788130661835,699.0499877929688,-4633.439453125
2021-05-20,PWR,287.0,90.17766571044922,25880.990058898926,0.15467101119567422,88.36300659179688,520.8071670532227
2021-05-20,AMAT,274.0,124.71680450439453,34172.4044342041,0.20422249445625554,135.44564819335938,-2939.703170776367
2021-05-20,EXPE,177.0,167.06771850585938,29570.98617553711,0.1767233140391776,172.67813110351562,-993.0430297851562
2021-05-20,YETI,403.0,85.51000213623047,34460.53086090088,0.20594440716778503,87.16999816894531,-668.978401184082
2021-05-20,RH,56.0,609.8800048828125,34153.2802734375,0.20410820387937623,699.0499877929688,-4993.51904296875
2021-05-21,PWR,287.0,91.84358215332031,26359.10807800293,0.1574656722334506,88.36300659179688,998.9251861572266
2021-05-21,AMAT,274.0,123.13762664794922,33739.709701538086,0.20155636728648715,135.44564819335938,-3372.397903442383
2021-05-21,EXPE,177.0,166.00094604492188,29382.167449951172,0.17552501152508299,172.67813110351562,-1181.8617553710938
2021-05-21,YETI,403.0,86.58000183105469,34891.74073791504,0.20843844163589512,87.16999816894531,-237.76852416992188
2021-05-21,RH,56.0,605.9299926757812,33932.07958984375,0.20270555843855062,699.0499877929688,-5214.7197265625
2021-05-24,PWR,287.0,91.70476531982422,26319.26764678955,0.15453125390329597,88.36300659179688,959.0847549438477
2021-05-24,AMAT,274.0,128.8035430908203,35292.170806884766,0.20721486178672047,135.44564819335938,-1819.9367980957031
2021-05-24,EXPE,177.0,169.00372314453125,29913.65899658203,0.17563540504294012,172.67813110351562,-650.3702087402344
2021-05-24,YETI,403.0,87.4800033569336,35254.44135284424,0.2069933366318334,87.16999816894531,124.93209075927734
2021-05-24,RH,56.0,615.1099853515625,34446.1591796875,0.2022475792877521,699.0499877929688,-4700.64013671875
2021-05-25,PWR,287.0,93.03352355957031,26700.62126159668,0.15488390419941356,88.36300659179688,1340.4383697509766
2021-05-25,AMAT,274.0,131.5981903076172,36057.90414428711,0.2091632594013071,135.44564819335938,-1054.2034606933594
2021-05-25,EXPE,177.0,170.93968200683594,30256.32371520996,0.17550968188418817,172.67813110351562,-307.7054901123047
2021-05-25,YETI,403.0,85.75,34557.25,0.2004583243946256,87.16999816894531,-572.2592620849609
2021-05-25,RH,56.0,638.0,35728.0,0.2072495645333811,699.0499877929688,-3418.79931640625
2021-05-26,PWR,287.0,93.50951385498047,26837.230476379395,0.1546547964477899,88.36300659179688,1477.0475845336914
2021-05-26,AMAT,274.0,131.25303649902344,35963.33200073242,0.20724574374590668,135.44564819335938,-1148.7756042480469
2021-05-26,EXPE,177.0,172.68800354003906,30565.776626586914,0.17614127384023387,172.67813110351562,1.7474212646484375
2021-05-26,YETI,403.0,87.62000274658203,35310.86110687256,0.20348575243954525,87.16999816894531,181.35184478759766
2021-05-26,RH,56.0,638.5999755859375,35761.5986328125,0.20608321570562166,699.0499877929688,-3385.20068359375
2021-05-27,PWR,287.0,94.77877044677734,27201.507118225098,0.15598492928011762,88.36300659179688,1841.3242263793945
2021-05-27,AMAT,274.0,132.13510131835938,36205.01776123047,0.20761486157828127,135.44564819335938,-907.08984375
2021-05-27,EXPE,177.0,171.97683715820312,30439.900177001953,0.17455524268441003,172.67813110351562,-124.1290283203125
2021-05-27,YETI,403.0,87.80000305175781,35383.4012298584,0.20290336541064502,87.16999816894531,253.8919677734375
2021-05-27,RH,56.0,644.010009765625,36064.560546875,0.2068094205947028,699.0499877929688,-3082.23876953125
2021-05-28,PWR,287.0,94.55071258544922,27136.054512023926,0.15537247428442466,88.36300659179688,1775.8716201782227
2021-05-28,AMAT,274.0,132.43231201171875,36286.45349121094,0.20776476769819263,135.44564819335938,-825.6541137695312
2021-05-28,EXPE,177.0,174.7820281982422,30936.418991088867,0.17713216053628275,172.67813110351562,372.38978576660156
2021-05-28,YETI,403.0,87.5999984741211,35302.7993850708,0.2021326750797426,87.16999816894531,173.29012298583984
2021-05-28,RH,56.0,641.0499877929688,35898.79931640625,0.20554518237566893,699.0499877929688,-3248.0
2021-06-01,AMAT,283.0,132.50901794433594,37500.05207824707,0.21471020917615585,135.35225712536922,-804.6366882324219
2021-06-01,YETI,420.0,88.0,36960.0,0.21161808827871023,87.20359348115467,334.49073791503906
2021-06-01,RH,57.0,636.3400268554688,36271.38153076172,0.20767533600561455,697.9498130396793,-3511.7578125
2021-06-01,NVDA,1608.0,16.204727172851562,26057.201293945312,0.14919304988415155,16.204727172851562,0.0
2021-06-01,ONTO,401.0,72.05999755859375,28896.059020996094,0.1654472069483759,72.05999755859375,0.0
2021-06-02,AMAT,283.0,133.27603149414062,37717.1169128418,0.21649058490581743,135.35225712536922,-587.5718536376953
2021-06-02,YETI,420.0,87.30000305175781,36666.00128173828,0.21045733909047332,87.20359348115467,40.49201965332031
2021-06-02,RH,57.0,623.3099975585938,35528.669860839844,0.20392922759374768,697.9498130396793,-4254.469482421875
2021-06-02,NVDA,1608.0,16.716583251953125,26880.265869140625,0.15428868791540085,16.204727172851562,823.0645751953125
2021-06-02,ONTO,401.0,70.97000122070312,28458.970489501953,0.16335021527035024,72.05999755859375,-437.0885314941406
2021-06-03,AMAT,283.0,130.75450134277344,37003.52388000488,0.21483631625673713,135.35225712536922,-1301.1648864746094
2021-06-03,YETI,420.0,86.44999694824219,36308.99871826172,0.21080401847395375,87.20359348115467,-316.5105438232422
2021-06-03,RH,57.0,611.5399780273438,34857.778747558594,0.2023784762581612,697.9498130396793,-4925.360595703125
2021-06-03,NVDA,1608.0,16.907381057739258,27187.068740844727,0.15784360746404133,16.204727172851562,1129.867446899414
2021-06-03,ONTO,401.0,69.61000061035156,27913.610244750977,0.16206178681401376,72.05999755859375,-982.4487762451172
2021-06-04,AMAT,283.0,134.08135986328125,37945.024841308594,0.21644747536804113,135.35225712536922,-359.66392517089844
2021-06-04,YETI,420.0,86.70999908447266,36418.199615478516,0.2077380999797982,87.20359348115467,-207.3096466064453
2021-06-04,RH,57.0,613.219970703125,34953.538330078125,0.19938332254006647,697.9498130396793,-4829.601013183594
2021-06-04,NVDA,1608.0,17.513643264770508,28161.938369750977,0.16064241589234787,16.204727172851562,2104.737075805664
2021-06-04,ONTO,401.0,71.97000122070312,28859.970489501953,0.1646241576536926,72.05999755859375,-36.088531494140625
2021-06-07,AMAT,283.0,133.23764038085938,37706.2522277832,0.2117771535722867,135.35225712536922,-598.4365386962891
2021-06-07,YETI,420.0,92.62000274658203,38900.40115356445,0.2184840906318393,87.20359348115467,2274.891891479492
2021-06-07,RH,57.0,624.4199829101562,35591.939025878906,0.19990211415031856,697.9498130396793,-4191.2003173828125
2021-06-07,NVDA,1608.0,17.554248809814453,28227.23208618164,0.1585382399800309,16.204727172851562,2170.030792236328
2021-06-07,ONTO,401.0,71.44999694824219,28651.448776245117,0.16092085288403368,72.05999755859375,-244.61024475097656
2021-06-08,AMAT,283.0,130.25595092773438,36862.43411254883,0.2073392264701024,135.35225712536922,-1442.254653930664
2021-06-08,YETI,420.0,93.66000366210938,39337.20153808594,0.22125898993817988,87.20359348115467,2711.6922760009766
2021-06-08,RH,57.0,628.8300170898438,35843.310974121094,0.20160698962013657,697.9498130396793,-3939.828369140625
2021-06-08,NVDA,1608.0,17.392841339111328,27967.688873291016,0.1573091717014586,16.204727172851562,1910.4875793457031
2021-06-08,ONTO,401.0,71.83999633789062,28807.83853149414,0.1620347408193063,72.05999755859375,-88.22048950195312
2021-06-09,AMAT,283.0,129.09584045410156,36534.12284851074,0.20630353300028587,135.35225712536922,-1770.56591796875
2021-06-09,YETI,420.0,94.76000213623047,39799.2008972168,0.22474101238805763,87.20359348115467,3173.691635131836
2021-06-09,RH,57.0,611.3300170898438,34845.810974121094,0.19676985113423504,697.9498130396793,-4937.328369140625
2021-06-09,NVDA,1608.0,17.29841423034668,27815.85008239746,0.15707255841887033,16.204727172851562,1758.6487884521484
2021-06-09,ONTO,401.0,72.62999725341797,29124.628898620605,0.16446306550240833,72.05999755859375,228.56987762451172
2021-06-10,AMAT,283.0,131.50230407714844,37215.15205383301,0.20405400885068478,135.35225712536922,-1089.5367126464844
2021-06-10,YETI,420.0,91.54000091552734,38446.800384521484,0.21080724685996902,87.20359348115467,1821.2911224365234
2021-06-10,RH,57.0,707.1400146484375,40306.98083496094,0.2210067827250589,697.9498130396793,523.8414916992188
2021-06-10,NVDA,1608.0,17.364940643310547,27922.82455444336,0.15310334566217787,16.204727172851562,1865.6232604980469
2021-06-10,ONTO,401.0,73.61000061035156,29517.610244750977,0.16184769830903098,72.05999755859375,621.5512237548828
2021-06-11,AMAT,283.0,131.17633056640625,37122.90155029297,0.2022884432918836,135.35225712536922,-1181.7872161865234
2021-06-11,YETI,420.0,94.97000122070312,39887.40051269531,0.2173526265381413,87.20359348115467,3261.8912506103516
2021-06-11,RH,57.0,682.52001953125,38903.64111328125,0.21199196912262044,697.9498130396793,-879.4982299804688
2021-06-11,NVDA,1608.0,17.763809204101562,28564.205200195312,0.1556507805832283,16.204727172851562,2507.00390625
2021-06-11,ONTO,401.0,74.9800033569336,30066.98134613037,0.16383964067988688,72.05999755859375,1170.9223251342773
2021-06-14,AMAT,283.0,133.29515075683594,37722.52766418457,0.20531832704583505,135.35225712536922,-582.1611022949219
2021-06-14,YETI,420.0,94.45999908447266,39673.199615478516,0.215935555700827,87.20359348115467,3047.6903533935547
2021-06-14,RH,57.0,675.3099975585938,38492.669860839844,0.20951010095908731,697.9498130396793,-1290.469482421875
2021-06-14,NVDA,1608.0,17.95663833618164,28874.274444580078,0.15715854929976475,16.204727172851562,2817.0731506347656
2021-06-14,ONTO,401.0,74.80000305175781,29994.801223754883,0.1632574164212451,72.05999755859375,1098.742202758789
2021-06-15,AMAT,283.0,132.9212646484375,37616.71789550781,0.20726537821264931,135.35225712536922,-687.9708709716797
2021-06-15,YETI,420.0,92.54000091552734,38866.800384521484,0.21415324175784634,87.20359348115467,2241.2911224365234
2021-06-15,RH,57.0,662.3499755859375,37753.94860839844,0.20802150945431364,697.9498130396793,-2029.1907348632812
2021-06-15,NVDA,1608.0,17.727182388305664,28505.309280395508,0.15706217978616552,16.204727172851562,2448.1079864501953
2021-06-15,ONTO,401.0,74.26000213623047,29778.260856628418,0.16407605033774306,72.05999755859375,882.2018356323242
2021-06-16,AMAT,283.0,131.32974243164062,37166.3171081543,0.2070977749873912,135.35225712536922,-1138.3716583251953
2021-06-16,YETI,420.0,90.22000122070312,37892.40051269531,0.2111436495651207,87.20359348115467,1266.8912506103516
2021-06-16,RH,57.0,657.77001953125,37492.89111328125,0.20891750734434497,697.9498130396793,-2290.2482299804688
2021-06-16,NVDA,1608.0,17.748859405517578,28540.165924072266,0.15903122290665545,16.204727172851562,2482.964630126953
2021-06-16,ONTO,401.0,73.31999969482422,29401.31987762451,0.1638297362267481,72.05999755859375,505.26085662841797
2021-06-17,AMAT,283.0,131.65574645996094,37258.576248168945,0.20745100993235738,135.35225712536922,-1046.1125183105469
2021-06-17,YETI,420.0,88.6500015258789,37233.00064086914,0.20730860820641278,87.20359348115467,607.4913787841797
2021-06-17,RH,57.0,656.5499877929688,37423.34930419922,0.20836844533448984,697.9498130396793,-2359.7900390625
2021-06-17,NVDA,1608.0,18.592939376831055,29897.446517944336,0.16646517658739043,16.204727172851562,3840.2452239990234
2021-06-17,ONTO,401.0,71.87000274658203,28819.871101379395,0.16046537383175874,72.05999755859375,-76.18791961669922
2021-06-18,AMAT,283.0,125.8169174194336,35606.18762969971,0.20319262153872594,135.35225712536922,-2698.501136779785
2021-06-18,YETI,420.0,85.83000183105469,36048.60076904297,0.20571732557391315,87.20359348115467,-576.9084930419922
2021-06-18,RH,57.0,653.4199829101562,37244.939025878906,0.2125444284691077,697.9498130396793,-2538.2003173828125
2021-06-18,NVDA,1608.0,18.574504852294922,29867.803802490234,0.1704455814632099,16.204727172851562,3810.602508544922
2021-06-18,ONTO,401.0,68.56999969482422,27496.56987762451,0.1569137413660371,72.05999755859375,-1399.489143371582
2021-06-21,AMAT,283.0,127.56185913085938,36100.0061340332,0.20234409689514815,135.35225712536922,-2204.682632446289
2021-06-21,YETI,420.0,88.61000061035156,37216.200256347656,0.20860047510186722,87.20359348115467,590.6909942626953
2021-06-21,RH,57.0,680.719970703125,38801.038330078125,0.21748364890420394,697.9498130396793,-982.1010131835938
2021-06-21,NVDA,1608.0,18.363727569580078,29528.873931884766,0.165512252432694,16.204727172851562,3471.672637939453
2021-06-21,ONTO,401.0,69.30999755859375,27793.309020996094,0.15578423983367115,72.05999755859375,-1102.75
2021-06-22,AMAT,283.0,127.93572998046875,36205.811584472656,0.2015880921016319,135.35225712536922,-2098.877182006836
2021-06-22,YETI,420.0,89.94000244140625,37774.801025390625,0.21032397106913733,87.20359348115467,1149.291763305664
2021-06-22,RH,57.0,676.739990234375,38574.179443359375,0.21477478056886556,697.9498130396793,-1208.9598999023438
2021-06-22,NVDA,1608.0,18.8216495513916,30265.212478637695,0.16851179889682724,16.204727172851562,4208.011184692383
2021-06-22,ONTO,401.0,69.36000061035156,27813.360244750977,0.15486028295742707,72.05999755859375,-1082.6987762451172
2021-06-23,AMAT,283.0,129.91079711914062,36764.7555847168,0.20337018240529225,135.35225712536922,-1539.9331817626953
2021-06-23,YETI,420.0,89.43000030517578,37560.60012817383,0.20777252501290625,87.20359348115467,935.0908660888672
2021-06-23,RH,57.0,685.4500122070312,39070.65069580078,0.21612561357545254,697.9498130396793,-712.4886474609375
2021-06-23,NVDA,1608.0,18.991561889648438,30538.431518554688,0.16892826538691197,16.204727172851562,4481.230224609375
2021-06-23,ONTO,401.0,69.51000213623047,27873.510856628418,0.15418682640569176,72.05999755859375,-1022.5481643676758
2021-06-24,AMAT,283.0,132.55691528320312,37513.607025146484,0.20613249355879654,135.35225712536922,-791.0817413330078
2021-06-24,YETI,420.0,88.87999725341797,37329.59884643555,0.20512139204868388,87.20359348115467,704.0895843505859
2021-06-24,RH,57.0,677.1799926757812,38599.25958251953,0.21209801611278017,697.9498130396793,-1183.8797607421875
2021-06-24,NVDA,1608.0,19.139297485351562,30775.990356445312,0.16911014794346546,16.204727172851562,4718.7890625
2021-06-24,ONTO,401.0,71.81999969482422,28799.81987762451,0.15825134281114236,72.05999755859375,-96.23914337158203
2021-06-25,AMAT,283.0,130.57232666015625,36951.96844482422,0.2015065900581458,135.35225712536922,-1352.7203216552734
2021-06-25,YETI,420.0,92.06999969482422,38669.39987182617,0.2108720924949269,87.20359348115467,2043.890609741211
2021-06-25,RH,57.0,690.719970703125,39371.038330078125,0.2146982695330221,697.9498130396793,-412.10101318359375
2021-06-25,NVDA,1608.0,18.965404510498047,30496.37045288086,0.16630290286932634,16.204727172851562,4439.169158935547
2021-06-25,ONTO,401.0,72.12000274658203,28920.121101379395,0.1577072949688516,72.05999755859375,24.06208038330078
2021-06-28,AMAT,283.0,135.17434692382812,38254.34017944336,0.20482663981513305,135.35225712536922,-50.34858703613281
2021-06-28,YETI,420.0,92.19000244140625,38719.801025390625,0.2073188741758271,87.20359348115467,2094.291763305664
2021-06-28,RH,57.0,689.3699951171875,39294.08972167969,0.21039380955290915,697.9498130396793,-489.04962158203125
2021-06-28,NVDA,1608.0,19.916114807128906,32025.11260986328,0.1714732544022405,16.204727172851562,5967.911315917969
2021-06-28,ONTO,401.0,73.56999969482422,29501.56987762451,0.15796135546868822,72.05999755859375,605.510856628418
2021-06-29,AMAT,283.0,136.0659942626953,38506.67637634277,0.20554938319582705,135.35225712536922,201.98760986328125
2021-06-29,YETI,420.0,92.83999633789062,38992.79846191406,0.20814431228995256,87.20359348115467,2367.2891998291016
2021-06-29,RH,57.0,689.77001953125,39316.89111328125,0.20987432513073237,697.9498130396793,-466.24822998046875
2021-06-29,NVDA,1608.0,19.957719802856445,32092.013442993164,0.17130778840139269,16.204727172851562,6034.812149047852
2021-06-29,ONTO,401.0,73.45999908447266,29457.459632873535,0.15724448921208628,72.05999755859375,561.4006118774414
2021-06-30,AMAT,283.0,136.5261688232422,38636.90577697754,0.2074842795024842,135.35225712536922,332.2170104980469
2021-06-30,YETI,420.0,91.81999969482422,38564.39987182617,0.20709491510625525,87.20359348115467,1938.890609741211
2021-06-30,RH,57.0,679.0,38703.0,0.20783921248604786,697.9498130396793,-1080.1393432617188
2021-06-30,NVDA,1608.0,19.93355369567871,32053.154342651367,0.17212883642793594,16.204727172851562,5995.953048706055
2021-06-30,ONTO,401.0,73.04000091552734,29289.040367126465,0.15728525138556781,72.05999755859375,392.9813461303711
2021-07-01,AMAT,317.0,132.2597198486328,41926.3311920166,0.22570287734375502,135.0205654300726,-875.1880493164135
2021-07-01,YETI,322.0,93.1500015258789,29994.300491333008,0.16146893210861568,87.20359348115467,1914.7433904012032
2021-07-01,NVDA,1906.0,20.14232635498047,38391.27403259277,0.2066725317405956,16.82036440069753,6331.659484863278
2021-07-01,CRL,78.0,372.6400146484375,29065.921142578125,0.1564711685475532,372.6400146484375,0.0
2021-07-01,CROX,316.0,117.0,36972.0,0.19903212477466342,117.0,0.0
2021-07-02,AMAT,317.0,132.4610137939453,41990.141372680664,0.2253639758028096,135.0205654300726,-811.377868652351
2021-07-02,YETI,322.0,92.88999938964844,29910.579803466797,0.1605321383238335,87.20359348115467,1831.0227025349923
2021-07-02,NVDA,1906.0,20.416385650634766,38913.63105010986,0.20885213337438585,16.82036440069753,6854.0165023803675
2021-07-02,CRL,78.0,374.2200012207031,29189.160095214844,0.15666022914803013,372.6400146484375,123.23895263671875
2021-07-02,CROX,316.0,116.80000305175781,36908.80096435547,0.19809207246092925,117.0,-63.19903564453125
2021-07-06,AMAT,317.0,131.13795471191406,41570.73164367676,0.22443694873572329,135.0205654300726,-1230.7875976562573
2021-07-06,YETI,322.0,91.86000061035156,29578.920196533203,0.15969414858295278,87.20359348115467,1499.3630956013985
2021-07-06,NVDA,1906.0,20.627153396606445,39315.354373931885,0.21226035302390736,16.82036440069753,7255.739826202389
2021-07-06,CRL,78.0,377.45001220703125,29441.100952148438,0.1589500738586513,372.6400146484375,375.1798095703125
2021-07-06,CROX,316.0,113.62999725341797,35907.07913208008,0.1938593563253303,117.0,-1064.9208679199219
2021-07-07,AMAT,317.0,129.30677795410156,40990.248611450195,0.222392035061785,135.0205654300726,-1811.2706298828198
2021-07-07,YETI,322.0,92.19000244140625,29685.180786132812,0.16105654368636704,87.20359348115467,1605.623685201008
2021-07-07,NVDA,1906.0,20.301528930664062,38694.7141418457,0.20993764408970358,16.82036440069753,6635.099594116207
2021-07-07,CRL,78.0,383.17999267578125,29888.039428710938,0.16215715048630283,372.6400146484375,822.1182861328125
2021-07-07,CROX,316.0,112.80999755859375,35647.959228515625,0.1934075168408365,117.0,-1324.040771484375
2021-07-08,AMAT,317.0,127.06328582763672,40279.06160736084,0.22130605527589856,135.0205654300726,-2522.4576339721752
2021-07-08,YETI,322.0,90.33000183105469,29086.26058959961,0.1598092243696857,87.20359348115467,1006.7034886678048
2021-07-08,NVDA,1906.0,19.834150314331055,37803.89049911499,0.207706673059937,16.82036440069753,5744.275951385494
2021-07-08,CRL,78.0,379.20001220703125,29577.600952148438,0.16250880556880776,372.6400146484375,511.6798095703125
2021-07-08,CROX,316.0,113.44999694824219,35850.19903564453,0.19697246690534695,117.0,-1121.8009643554688
2021-07-09,AMAT,317.0,129.3355255126953,40999.361587524414,0.2216214579030981,135.0205654300726,-1802.157653808601
2021-07-09,YETI,322.0,91.6500015258789,29511.300491333008,0.15952290929075777,87.20359348115467,1431.7433904012032
2021-07-09,NVDA,1906.0,19.98113441467285,38084.042194366455,0.20586274095855323,16.82036440069753,6024.427646636959
2021-07-09,CRL,78.0,384.8900146484375,30021.421142578125,0.16228035911577704,372.6400146484375,955.5
2021-07-09,CROX,316.0,117.0,36972.0,0.19985161291112905,117.0,0.0
2021-07-12,AMAT,317.0,131.1571807861328,41576.8263092041,0.2222766712174802,135.0205654300726,-1224.6929321289135
2021-07-12,YETI,322.0,93.08999633789062,29974.97882080078,0.16025125300694487,87.20359348115467,1895.4217198689767
2021-07-12,NVDA,1906.0,20.441789627075195,38962.05102920532,0.20829764499509587,16.82036440069753,6902.436481475826
2021-07-12,CRL,78.0,384.1300048828125,29962.140380859375,0.16018261655854021,372.6400146484375,896.21923828125
2021-07-12,CROX,316.0,117.61000061035156,37164.760192871094,0.19868902741233405,117.0,192.76019287109375
2021-07-13,AMAT,317.0,130.66819763183594,41421.81864929199,0.2228256231029393,135.0205654300726,-1379.700592041023
2021-07-13,YETI,322.0,92.31999969482422,29727.0399017334,0.15991442203909376,87.20359348115467,1647.4828008015938
2021-07-13,NVDA,1906.0,20.180198669433594,38463.45866394043,0.20691134341666984,16.82036440069753,6403.844116210934
2021-07-13,CRL,78.0,383.0899963378906,29881.01971435547,0.1607427451019531,372.6400146484375,815.0985717773438
2021-07-13,CROX,316.0,117.05999755859375,36990.959228515625,0.19899014113930757,117.0,18.959228515625
2021-07-14,AMAT,317.0,130.05458068847656,41227.30207824707,0.22370092887153462,135.0205654300726,-1574.2171630859448
2021-07-14,YETI,322.0,91.0,29302.0,0.15899378051352742,87.20359348115467,1222.4428990681954
2021-07-14,NVDA,1906.0,19.773107528686523,37687.542949676514,0.2044940595124908,16.82036440069753,5627.928401947018
2021-07-14,CRL,78.0,382.2900085449219,29818.620666503906,0.1617969841466881,372.6400146484375,752.6995239257812
2021-07-14,CROX,316.0,116.62000274658203,36851.92086791992,0.19995994191440655,117.0,-120.07913208007812
2021-07-15,AMAT,317.0,127.70564270019531,40482.688735961914,0.22325016861370445,135.0205654300726,-2318.830505371101
2021-07-15,YETI,322.0,90.19000244140625,29041.180786132812,0.16015360416230937,87.20359348115467,961.6236852010079
2021-07-15,NVDA,1906.0,18.90087890625,36025.0751953125,0.19866773583471062,16.82036440069753,3965.460647583004
2021-07-15,CRL,78.0,382.1499938964844,29807.69952392578,0.16438073044272927,372.6400146484375,741.7783813476562
2021-07-15,CROX,316.0,115.72000122070312,36567.52038574219,0.20165916214576846,117.0,-404.4796142578125
2021-07-16,AMAT,317.0,122.8927230834961,38956.99321746826,0.2206899977103848,135.0205654300726,-3844.5260238647534
2021-07-16,YETI,322.0,87.56999969482422,28197.5399017334,0.1597380727412423,87.20359348115467,117.98280080159384
2021-07-16,NVDA,1906.0,18.098403930664062,34495.5578918457,0.1954161233561602,16.82036440069753,2435.9433441162073
2021-07-16,CRL,78.0,384.489990234375,29990.21923828125,0.16989353819181513,372.6400146484375,924.298095703125
2021-07-16,CROX,316.0,112.26000213623047,35474.16067504883,0.2009598737369682,117.0,-1497.8393249511719
2021-07-19,AMAT,317.0,123.31456756591797,39090.717918395996,0.2201663481499694,135.0205654300726,-3710.801322937019
2021-07-19,YETI,322.0,87.9000015258789,28303.800491333008,0.15941238034949337,87.20359348115467,224.24339040120321
2021-07-19,NVDA,1906.0,18.715017318725586,35670.82300949097,0.20090485045319884,16.82036440069753,3611.208461761471
2021-07-19,CRL,78.0,378.29998779296875,29507.399047851562,0.1661912760295484,372.6400146484375,441.4779052734375
2021-07-19,CROX,316.0,112.55999755859375,35568.959228515625,0.20033113429088872,117.0,-1403.040771484375
2021-07-20,AMAT,317.0,126.52640533447266,40108.87049102783,0.2212965743748287,135.0205654300726,-2692.648750305183
2021-07-20,YETI,322.0,91.80000305175781,29559.600982666016,0.16309206310893495,87.20359348115467,1480.043881734211
2021-07-20,NVDA,1906.0,18.5478458404541,35352.19417190552,0.19505210122101332,16.82036440069753,3292.5796241760218
2021-07-20,CRL,78.0,385.4800109863281,30067.440856933594,0.1658940174679214,372.6400146484375,1001.5197143554688
2021-07-20,CROX,316.0,116.29000091552734,36747.64028930664,0.2027513318830835,117.0,-224.35971069335938
2021-07-21,AMAT,317.0,132.30770874023438,41941.5436706543,0.22535060995355705,135.0205654300726,-859.9755706787182
2021-07-21,YETI,322.0,92.83999633789062,29894.47882080078,0.16062210512353453,87.20359348115467,1814.9217198689767
2021-07-21,NVDA,1906.0,19.34309959411621,36867.9478263855,0.19809033724776778,16.82036440069753,4808.333278656002
2021-07-21,CRL,78.0,385.7699890136719,30090.059143066406,0.16167295211342037,372.6400146484375,1024.1380004882812
2021-07-21,CROX,316.0,119.9800033569336,37913.681060791016,0.2037090293987406,117.0,941.6810607910156
2021-07-22,AMAT,317.0,131.52145385742188,41692.300872802734,0.21841115648386905,135.0205654300726,-1109.2183685302807
2021-07-22,YETI,322.0,93.80999755859375,30206.819213867188,0.15824279735311178,87.20359348115467,2127.262112935383
2021-07-22,NVDA,1906.0,19.526460647583008,37217.43399429321,0.1949689182387692,16.82036440069753,5157.819446563717
2021-07-22,CRL,78.0,393.25,30673.5,0.1606875722413828,372.6400146484375,1607.578857421875
2021-07-22,CROX,316.0,131.92999267578125,41689.877685546875,0.2183984622664752,117.0,4717.877685546875
2021-07-23,AMAT,317.0,132.71994018554688,42072.22103881836,0.2186995948690426,135.0205654300726,-729.2982025146557
2021-07-23,YETI,322.0,97.33999633789062,31343.47882080078,0.16292950432949313,87.20359348115467,3263.9217198689767
2021-07-23,NVDA,1906.0,19.490583419799805,37149.05199813843,0.1931080038362067,16.82036440069753,5089.437450408932
2021-07-23,CRL,78.0,396.32000732421875,30912.960571289062,0.16069158666251115,372.6400146484375,1847.0394287109375
2021-07-23,CROX,316.0,131.2899932861328,41487.63787841797,0.21566081780450708,117.0,4515.637878417969
2021-07-26,AMAT,317.0,132.76788330078125,42087.419006347656,0.21933249760326345,135.0205654300726,-714.1002349853588
2021-07-26,YETI,322.0,97.55999755859375,31414.319213867188,0.1637111815444063,87.20359348115467,3334.762112935383
2021-07-26,NVDA,1906.0,19.227497100830078,36647.60947418213,0.19098371691428948,16.82036440069753,4587.994926452633
2021-07-26,CRL,78.0,393.2699890136719,30675.059143066406,0.15985863459486194,372.6400146484375,1609.1380004882812
2021-07-26,CROX,316.0,131.82000732421875,41655.122314453125,0.21707964591082407,117.0,4683.122314453125
2021-07-27,AMAT,317.0,129.3355255126953,40999.361587524414,0.21679968137755706,135.0205654300726,-1802.157653808601
2021-07-27,YETI,322.0,96.0199966430664,30918.438919067383,0.16349297761711828,87.20359348115467,2838.881818135578
2021-07-27,NVDA,1906.0,19.14179039001465,36484.25248336792,0.19292432875587395,16.82036440069753,4424.637935638424
2021-07-27,CRL,78.0,392.75,30634.5,0.16199154284347958,372.6400146484375,1568.578857421875
2021-07-27,CROX,316.0,128.69000244140625,40666.040771484375,0.2150371210859847,117.0,3694.040771484375
2021-07-28,AMAT,317.0,131.55026245117188,41701.433197021484,0.21734543882021978,135.0205654300726,-1100.0860443115307
2021-07-28,YETI,322.0,96.4800033569336,31066.561080932617,0.16191710531552508,87.20359348115467,2987.0039800008126
2021-07-28,NVDA,1906.0,19.435775756835938,37044.5885925293,0.19307423621432904,16.82036440069753,4984.974044799801
2021-07-28,CRL,78.0,399.6199951171875,31170.359619140625,0.1624580972456856,372.6400146484375,2104.4384765625
2021-07-28,CROX,316.0,131.25,41475.0,0.21616528219736264,117.0,4503.0
2021-07-29,AMAT,317.0,131.8282928466797,41789.56883239746,0.21504701714512947,135.0205654300726,-1011.9504089355542
2021-07-29,YETI,322.0,96.7699966430664,31159.938919067383,0.16034747680323083,87.20359348115467,3080.381818135578
2021-07-29,NVDA,1906.0,19.59422492980957,37346.59271621704,0.19218368575102956,16.82036440069753,5286.978168487545
2021-07-29,CRL,78.0,405.5199890136719,31630.559143066406,0.16276926478063403,372.6400146484375,2564.6380004882812
2021-07-29,CROX,316.0,136.0500030517578,42991.80096435547,0.22123364316490232,117.0,6019.800964355469
2021-07-30,AMAT,317.0,134.15805053710938,42528.10202026367,0.2184870033331815,135.0205654300726,-273.4172210693432
2021-07-30,YETI,322.0,96.33000183105469,31018.26058959961,0.1593554963162996,87.20359348115467,2938.703488667805
2021-07-30,NVDA,1906.0,19.431787490844727,37036.98695755005,0.19027654441266942,16.82036440069753,4977.372409820553
2021-07-30,CRL,78.0,406.9200134277344,31739.76104736328,0.1630621859034623,372.6400146484375,2673.8399047851562
2021-07-30,CROX,316.0,135.80999755859375,42915.959228515625,0.2204796095188929,117.0,5943.959228515625
2021-08-02,AMAT,253.0,136.1522674560547,34446.523666381836,0.1758178389650362,135.0205654300726,286.3206125734723
2021-08-02,YETI,378.0,97.61000061035156,36896.58023071289,0.18832312555519484,88.7452834262209,3350.863095601395
2021-08-02,CROX,287.0,136.63999938964844,39215.6798248291,0.20015999719226335,117.0,5636.679824829102
2021-08-02,HUBS,59.0,596.0,35164.0,0.17947989612084767,596.0,0.0
2021-08-02,NET,340.0,118.58999633789062,40320.59875488281,0.20579959265318926,118.58999633789062,0.0
2021-08-03,AMAT,253.0,136.2960968017578,34482.91249084473,0.17536437167863153,135.0205654300726,322.70943703636294
2021-08-03,YETI,378.0,100.06999969482422,37826.459884643555,0.19236812935272393,88.7452834262209,4280.742749532059
2021-08-03,CROX,287.0,137.08999633789062,39344.82894897461,0.2000898621678793,117.0,5765.828948974609
2021-08-03,HUBS,59.0,583.8900146484375,34449.51086425781,0.1751945062340867,596.0,-714.4891357421875
2021-08-03,NET,340.0,119.56999969482422,40653.799896240234,0.206746691627217,118.58999633789062,333.2011413574219
2021-08-04,AMAT,253.0,136.87132263183594,34628.44462585449,0.17479023720558606,135.0205654300726,468.24157204612857
2021-08-04,YETI,378.0,99.72000122070312,37694.16046142578,0.1902647179076255,88.7452834262209,4148.4433263142855
2021-08-04,CROX,287.0,140.42999267578125,40303.40789794922,0.20343513267172048,117.0,6724.407897949219
2021-08-04,HUBS,59.0,590.0,34810.0,0.1757066545398243,596.0,-354.0
2021-08-04,NET,340.0,120.0,40800.0,0.20594172666546484,118.58999633789062,479.4012451171875
2021-08-05,AMAT,253.0,136.4015350341797,34509.58836364746,0.16842570467453094,135.0205654300726,349.3853098390973
2021-08-05,YETI,378.0,104.61000061035156,39542.58023071289,0.19298946338701192,88.7452834262209,5996.863095601395
2021-08-05,CROX,287.0,141.91000366210938,40728.17105102539,0.19877579636967757,117.0,7149.171051025391
2021-08-05,HUBS,59.0,660.0,38940.0,0.19004854160865567,596.0,3776.0
2021-08-05,NET,340.0,121.45999908447266,41296.3996887207,0.20154906354723964,118.58999633789062,975.8009338378906
2021-08-06,AMAT,253.0,136.76583862304688,34601.75717163086,0.17089463331259386,135.0205654300726,441.55411782249575
2021-08-06,YETI,378.0,101.31999969482422,38298.959884643555,0.18915474937515775,88.7452834262209,4753.242749532059
2021-08-06,CROX,287.0,140.80999755859375,40412.469299316406,0.19959316192836069,117.0,6833.469299316406
2021-08-06,HUBS,59.0,659.0499877929688,38883.949279785156,0.19204395374933456,596.0,3719.9492797851562
2021-08-06,NET,340.0,118.81999969482422,40398.799896240234,0.1995256501076541,118.58999633789062,78.20114135742188
2021-08-09,AMAT,253.0,136.14263916015625,34444.08770751953,0.16903052658840798,135.0205654300726,283.88465371116763
2021-08-09,YETI,378.0,101.36000061035156,38314.08023071289,0.18802208414229746,88.7452834262209,4768.363095601395
2021-08-09,CROX,287.0,140.69000244140625,40378.030700683594,0.1981506913434508,117.0,6799.030700683594
2021-08-09,HUBS,59.0,657.52001953125,38793.68115234375,0.19037567228270427,596.0,3629.68115234375
2021-08-09,NET,340.0,123.43000030517578,41966.200103759766,0.20594445591614285,118.58999633789062,1645.6013488769531
2021-08-10,AMAT,253.0,132.36517333984375,33488.38885498047,0.16427711325807498,135.0205654300726,-671.8141988278949
2021-08-10,YETI,378.0,101.94999694824219,38537.09884643555,0.1890435332451653,88.7452834262209,4991.381711324051
2021-08-10,CROX,287.0,141.30999755859375,40555.969299316406,0.19894709150464143,117.0,6976.969299316406
2021-08-10,HUBS,59.0,656.5,38733.5,0.1900069780584659,596.0,3569.5
2021-08-10,NET,340.0,125.47000122070312,42659.80041503906,0.2092674238434136,118.58999633789062,2339.20166015625
2021-08-11,AMAT,253.0,129.25885009765625,32702.48907470703,0.16257151386228902,135.0205654300726,-1457.7139791013324
2021-08-11,YETI,378.0,102.25,38650.5,0.1921404295000347,88.7452834262209,5104.782864888504
2021-08-11,CROX,287.0,142.1999969482422,40811.39912414551,0.20288275070725237,117.0,7232.399124145508
2021-08-11,HUBS,59.0,655.1099853515625,38651.48913574219,0.19214534671886338,596.0,3487.4891357421875
2021-08-11,NET,340.0,119.01000213623047,40463.40072631836,0.2011527714929128,118.58999633789062,142.80197143554688
2021-08-12,AMAT,253.0,123.88983917236328,31344.12931060791,0.1552057814421687,135.0205654300726,-2816.0737432004535
2021-08-12,YETI,378.0,102.0,38556.0,0.19091658440992426,88.7452834262209,5010.282864888504
2021-08-12,CROX,287.0,144.0800018310547,41350.960525512695,0.20475630629734648,117.0,7771.960525512695
2021-08-12,HUBS,59.0,665.5,39264.5,0.19442484252939807,596.0,4100.5
2021-08-12,NET,340.0,122.2300033569336,41558.20114135742,0.20578249341551447,118.58999633789062,1237.6023864746094
2021-08-13,AMAT,253.0,124.54175567626953,31509.06418609619,0.15538381842321677,135.0205654300726,-2651.138867712172
2021-08-13,YETI,378.0,102.0,38556.0,0.19013508201138984,88.7452834262209,5010.282864888504
2021-08-13,CROX,287.0,146.58999633789062,42071.32894897461,0.2074705773431229,117.0,8492.32894897461
2021-08-13,HUBS,59.0,667.3300170898438,39372.47100830078,0.1941614276417247,596.0,4208.471008300781
2021-08-13,NET,340.0,121.75,41395.0,0.204135328349971,118.58999633789062,1074.4012451171875
2021-08-16,AMAT,253.0,126.25794982910156,31943.261306762695,0.15802449361314197,135.0205654300726,-2216.9417470456683
2021-08-16,YETI,378.0,102.18000030517578,38624.040115356445,0.19107455315561986,88.7452834262209,5078.32298024495
2021-08-16,CROX,287.0,146.4499969482422,42031.14912414551,0.20792964727478797,117.0,8452.149124145508
2021-08-16,HUBS,59.0,656.530029296875,38735.271728515625,0.19162482005462092,596.0,3571.271728515625
2021-08-16,NET,340.0,120.37999725341797,40929.19906616211,0.20247825963382304,118.58999633789062,608.6003112792969
2021-08-17,AMAT,253.0,123.48715209960938,31242.249481201172,0.1586902114184013,135.0205654300726,-2917.9535726071917
2021-08-17,YETI,378.0,97.73999786376953,36945.71919250488,0.18766011049208467,88.7452834262209,3400.002057393387
2021-08-17,CROX,287.0,138.75,39821.25,0.2022659279142936,117.0,6242.25
2021-08-17,HUBS,59.0,648.1799926757812,38242.619567871094,0.19424751691041262,596.0,3078.6195678710938
2021-08-17,NET,340.0,119.83999633789062,40745.59875488281,0.2069610155527478,118.58999633789062,425.0
2021-08-18,AMAT,253.0,122.11613464355469,30895.382064819336,0.15799237359687174,135.0205654300726,-3264.8209889890277
2021-08-18,YETI,378.0,96.63999938964844,36529.91976928711,0.1868061938688541,88.7452834262209,2984.2026341756136
2021-08-18,CROX,287.0,140.1999969482422,40237.39912414551,0.20576545004851718,117.0,6658.399124145508
2021-08-18,HUBS,59.0,648.3499755859375,38252.64855957031,0.19561586031251466,596.0,3088.6485595703125
2021-08-18,NET,340.0,116.93000030517578,39756.200103759766,0.20330470121415323,118.58999633789062,-564.3986511230469
2021-08-19,AMAT,253.0,123.87065887451172,31339.276695251465,0.15989840434717154,135.0205654300726,-2820.926358556899
2021-08-19,YETI,378.0,96.37000274658203,36427.86103820801,0.18586124084582106,88.7452834262209,2882.143903096512
2021-08-19,CROX,287.0,139.1699981689453,39941.789474487305,0.20378991084720455,117.0,6362.789474487305
2021-08-19,HUBS,59.0,648.0800170898438,38236.72100830078,0.1950903569392736,596.0,3072.7210083007812
2021-08-19,NET,340.0,118.1500015258789,40171.00051879883,0.2049593851972528,118.58999633789062,-149.59823608398438
2021-08-20,AMAT,253.0,121.95316314697266,30854.150276184082,0.15528429342857208,135.0205654300726,-3306.0527776242816
2021-08-20,YETI,378.0,98.63999938964844,37285.91976928711,0.18765442102216434,88.7452834262209,3740.2026341756136
2021-08-20,CROX,287.0,141.92999267578125,40733.90789794922,0.20500762619931948,117.0,7154.907897949219
2021-08-20,HUBS,59.0,663.6599731445312,39155.938415527344,0.19706594334834598,596.0,3991.9384155273438
2021-08-20,NET,340.0,119.95999908447266,40786.3996887207,0.20527180947994095,118.58999633789062,465.8009338378906
2021-08-23,AMAT,253.0,126.06620025634766,31894.748664855957,0.15821340939293985,135.0205654300726,-2265.4543889524066
2021-08-23,YETI,378.0,97.23999786376953,36756.71919250488,0.1823311392935652,88.7452834262209,3211.002057393387
2021-08-23,CROX,287.0,142.8699951171875,41003.68859863281,0.20339816560537274,117.0,7424.6885986328125
2021-08-23,HUBS,59.0,675.22998046875,39838.56884765625,0.19761860703007122,596.0,4674.56884765625
2021-08-23,NET,340.0,124.18000030517578,42221.200103759766,0.20943761267000868,118.58999633789062,1900.6013488769531
2021-08-24,AMAT,253.0,126.01824951171875,31882.617126464844,0.15714430724533188,135.0205654300726,-2277.58592734352
2021-08-24,YETI,378.0,99.58000183105469,37641.24069213867,0.18552763937032538,88.7452834262209,4095.523557027176
2021-08-24,CROX,287.0,145.05999755859375,41632.219299316406,0.20519853294748083,117.0,8053.219299316406
2021-08-24,HUBS,59.0,672.6500244140625,39686.35144042969,0.1956076623027404,596.0,4522.3514404296875
2021-08-24,NET,340.0,124.0199966430664,42166.79885864258,0.20783338987232516,118.58999633789062,1846.2001037597656
2021-08-25,AMAT,253.0,127.5743179321289,32276.302436828613,0.15803725221652754,135.0205654300726,-1883.9006169797503
2021-08-25,YETI,378.0,101.77999877929688,38472.83953857422,0.18837789296167798,88.7452834262209,4927.122403462723
2021-08-25,CROX,287.0,143.80999755859375,41273.469299316406,0.20209085877397304,117.0,7694.469299316406
2021-08-25,HUBS,59.0,685.25,40429.75,0.19795968296884509,596.0,5265.75
2021-08-25,NET,340.0,123.23999786376953,41901.59927368164,0.2051664259142242,118.58999633789062,1581.0005187988281
2021-08-26,AMAT,253.0,127.2573013305664,32196.0972366333,0.15871735755144098,135.0205654300726,-1964.1058171750628
2021-08-26,YETI,378.0,101.19000244140625,38249.82092285156,0.18856044753098922,88.7452834262209,4704.103787740067
2021-08-26,CROX,287.0,143.10000610351562,41069.701751708984,0.2024616365625893,117.0,7490.701751708984
2021-08-26,HUBS,59.0,683.9299926757812,40351.869567871094,0.19892293351585805,596.0,5187.869567871094
2021-08-26,NET,340.0,120.9000015258789,41106.00051879883,0.20264057888446552,118.58999633789062,785.4017639160156
2021-08-27,AMAT,253.0,131.15696716308594,33182.71269226074,0.16036035460162767,135.0205654300726,-977.4903615476214
2021-08-27,YETI,378.0,101.77999877929688,38472.83953857422,0.18592567305011837,88.7452834262209,4927.122403462723
2021-08-27,CROX,287.0,146.08999633789062,41927.82894897461,0.20262241909782458,117.0,8348.82894897461
2021-08-27,HUBS,59.0,702.5499877929688,41450.449279785156,0.2003154114176272,596.0,6286.449279785156
2021-08-27,NET,340.0,123.56999969482422,42013.799896240234,0.20303788638396267,118.58999633789062,1693.2011413574219
2021-08-30,AMAT,253.0,130.67669677734375,33061.20428466797,0.1599462358075165,135.0205654300726,-1098.9987691403949
2021-08-30,YETI,378.0,101.55999755859375,38389.67907714844,0.18572477304149518,88.7452834262209,4843.961942036942
2021-08-30,CROX,287.0,146.39999389648438,42016.798248291016,0.20327235095953775,117.0,8437.798248291016
2021-08-30,HUBS,59.0,701.5800170898438,41393.22100830078,0.20025555727552993,596.0,6229.221008300781
2021-08-30,NET,340.0,123.41999816894531,41962.799377441406,0.20301111074409114,118.58999633789062,1642.2006225585938
2021-08-31,AMAT,253.0,129.79306030273438,32837.6442565918,0.16200830669715807,135.0205654300726,-1322.5587972165667
2021-08-31,YETI,378.0,99.33999633789062,37550.518615722656,0.18525981611217876,88.7452834262209,4004.8014806111605
2021-08-31,CROX,287.0,142.82000732421875,40989.34210205078,0.2022256485481825,117.0,7410.342102050781
2021-08-31,HUBS,59.0,684.469970703125,40383.728271484375,0.19923778284028396,596.0,5219.728271484375
2021-08-31,NET,340.0,120.73999786376953,41051.59927368164,0.20253280148756078,118.58999633789062,731.0005187988281
2021-09-01,HUBS,64.0,685.0499877929688,43843.19921875,0.21462449295186842,602.9570302963257,5253.949279785156
2021-09-01,NET,318.0,126.86000061035156,40341.4801940918,0.19748261727857658,118.58999633789062,2629.861358642578
2021-09-01,DHR,126.0,284.00927734375,35785.1689453125,0.17517822323513407,284.00927734375,0.0
2021-09-01,FTNT,586.0,61.694000244140625,36152.684143066406,0.1769773109927698,61.694000244140625,0.0
2021-09-01,CARR,693.0,54.125362396240234,37508.87614059448,0.1836162430278747,54.125362396240234,0.0
2021-09-02,HUBS,64.0,684.4000244140625,43801.6015625,0.2127657295340596,602.9570302963257,5212.351623535156
2021-09-02,NET,318.0,128.61000061035156,40897.9801940918,0.19866142520038046,118.58999633789062,3186.361358642578
2021-09-02,DHR,126.0,287.3296813964844,36203.53985595703,0.17585824021016586,284.00927734375,418.37091064453125
2021-09-02,FTNT,586.0,62.779998779296875,36789.07928466797,0.1787024906319883,61.694000244140625,636.3951416015625
2021-09-02,CARR,693.0,54.15341567993164,37528.31706619263,0.18229332887247607,54.125362396240234,19.44092559814453
2021-09-03,HUBS,64.0,704.0900268554688,45061.76171875,0.21640812728344894,602.9570302963257,6472.511779785156
2021-09-03,NET,318.0,130.44000244140625,41479.92077636719,0.19920641432321826,118.58999633789062,3768.3019409179688
2021-09-03,DHR,126.0,288.1966552734375,36312.778564453125,0.17439132661167198,284.00927734375,527.609619140625
2021-09-03,FTNT,586.0,64.03800201416016,37526.26918029785,0.1802190888125831,61.694000244140625,1373.5850372314453
2021-09-03,CARR,693.0,53.676578521728516,37197.86891555786,0.178641953707761,54.125362396240234,-311.0072250366211
2021-09-07,HUBS,64.0,687.0999755859375,43974.3984375,0.21382812709198823,602.9570302963257,5385.148498535156
2021-09-07,NET,318.0,131.27999877929688,41747.039611816406,0.2029974623647686,118.58999633789062,4035.4207763671875
2021-09-07,DHR,126.0,286.0899963378906,36047.33953857422,0.17528233185810255,284.00927734375,262.17059326171875
2021-09-07,FTNT,586.0,62.816001892089844,36810.17710876465,0.1789916749009882,61.694000244140625,657.4929656982422
2021-09-07,CARR,693.0,52.56396484375,36426.82763671875,0.17712761529945026,54.125362396240234,-1082.0485038757324
2021-09-08,HUBS,64.0,680.6799926757812,43563.51953125,0.21352030333165622,602.9570302963257,4974.269592285156
2021-09-08,NET,318.0,128.17999267578125,40761.23767089844,0.1997853232547172,118.58999633789062,3049.6188354492188
2021-09-08,DHR,126.0,286.5320739746094,36103.04132080078,0.17695384617587875,284.00927734375,317.87237548828125
2021-09-08,FTNT,586.0,61.84000015258789,36238.240089416504,0.17761650342661323,61.694000244140625,85.55594635009766
2021-09-08,CARR,693.0,52.97534942626953,36711.917152404785,0.17993816318364808,54.125362396240234,-796.9589881896973
2021-09-09,HUBS,64.0,681.8900146484375,43640.9609375,0.2138891861293433,602.9570302963257,5051.710998535156
2021-09-09,NET,318.0,127.98999786376953,40700.81932067871,0.1994792262197176,118.58999633789062,2989.200485229492
2021-09-09,DHR,126.0,284.6854553222656,35870.36737060547,0.17580464587035896,284.00927734375,85.19842529296875
2021-09-09,FTNT,586.0,62.14799880981445,36418.72730255127,0.17849221866963352,61.694000244140625,266.0431594848633
2021-09-09,CARR,693.0,53.04079818725586,36757.27314376831,0.18015146935728657,54.125362396240234,-751.6029968261719
2021-09-10,HUBS,64.0,670.77001953125,42929.28125,0.21135589697515372,602.9570302963257,4340.031311035156
2021-09-10,NET,318.0,127.4800033569336,40538.64106750488,0.1995859375115044,118.58999633789062,2827.022232055664
2021-09-10,DHR,126.0,286.08123779296875,36046.23596191406,0.17746825272804653,284.00927734375,261.0670166015625
2021-09-10,FTNT,586.0,62.097999572753906,36389.42774963379,0.17915790617706648,61.694000244140625,236.7436065673828
2021-09-10,CARR,693.0,52.76031494140625,36562.89825439453,0.18001196226803443,54.125362396240234,-945.9778861999512
2021-09-13,HUBS,64.0,670.010009765625,42880.640625,0.21525270734419952,602.9570302963257,4291.390686035156
2021-09-13,NET,318.0,124.69999694824219,39654.599029541016,0.19905858856924133,118.58999633789062,1942.9801940917969
2021-09-13,DHR,126.0,278.6775817871094,35113.37530517578,0.17626250420394798,284.00927734375,-671.7936401367188
2021-09-13,FTNT,586.0,59.38399887084961,34799.02333831787,0.17468451677328237,61.694000244140625,-1353.6608047485352
2021-09-13,CARR,693.0,52.11518478393555,36115.823055267334,0.18129460234971367,54.125362396240234,-1393.0530853271484
2021-09-14,HUBS,64.0,671.8300170898438,42997.12109375,0.21476316731473186,602.9570302963257,4407.871154785156
2021-09-14,NET,318.0,126.76000213623047,40309.68067932129,0.201339868249804,118.58999633789062,2598.0618438720703
2021-09-14,DHR,126.0,280.96624755859375,35401.74719238281,0.17682559115839755,284.00927734375,-383.4217529296875
2021-09-14,FTNT,586.0,60.11600112915039,35227.97666168213,0.17595763747661802,61.694000244140625,-924.7074813842773
2021-09-14,CARR,693.0,51.404605865478516,35623.39186477661,0.1779326678800678,54.125362396240234,-1885.484275817871
2021-09-15,HUBS,64.0,679.3499755859375,43478.3984375,0.2152372773794167,602.9570302963257,4889.148498535156
2021-09-15,NET,318.0,128.5500030517578,40878.900970458984,0.2023686166773697,118.58999633789062,3167.2821350097656
2021-09-15,DHR,126.0,281.9805908203125,35529.554443359375,0.17588698847510137,284.00927734375,-255.614501953125
2021-09-15,FTNT,586.0,60.305999755859375,35339.315856933594,0.17494522344082455,61.694000244140625,-813.3682861328125
2021-09-15,CARR,693.0,52.13387680053711,36128.77662277222,0.17885340294935073,54.125362396240234,-1380.0995178222656
2021-09-16,HUBS,64.0,703.0999755859375,44998.3984375,0.21971348132923998,602.9570302963257,6409.148498535156
2021-09-16,NET,318.0,133.49000549316406,42449.82174682617,0.2072695571766894,118.58999633789062,4738.202911376953
2021-09-16,DHR,126.0,280.8882141113281,35391.914978027344,0.1728079469657427,284.00927734375,-393.25396728515625
2021-09-16,FTNT,586.0,60.8120002746582,35635.83216094971,0.17399892031761277,61.694000244140625,-516.8519821166992
2021-09-16,CARR,693.0,51.48875427246094,35681.70671081543,0.17422291177965132,54.125362396240234,-1827.1694297790527
2021-09-17,HUBS,64.0,696.6799926757812,44587.51953125,0.21941648306917733,602.9570302963257,5998.269592285156
2021-09-17,NET,318.0,131.41000366210938,41788.38116455078,0.205641841588736,118.58999633789062,4076.7623291015625
2021-09-17,DHR,126.0,281.3477783203125,35449.820068359375,0.17444959770374774,284.00927734375,-335.348876953125
2021-09-17,FTNT,586.0,59.89799880981445,35100.22730255127,0.17272924151469624,61.694000244140625,-1052.4568405151367
2021-09-17,CARR,693.0,51.423301696777344,35636.3480758667,0.17536750746485194,54.125362396240234,-1872.5280647277832
2021-09-20,HUBS,64.0,686.3400268554688,43925.76171875,0.21950616069497905,602.9570302963257,5336.511779785156
2021-09-20,NET,318.0,127.19000244140625,40446.42077636719,0.2021191708710713,118.58999633789062,2734.8019409179688
2021-09-20,DHR,126.0,280.9836730957031,35403.942810058594,0.17692086046132932,284.00927734375,-381.22613525390625
2021-09-20,FTNT,586.0,59.41400146484375,34816.60485839844,0.17398581064648816,61.694000244140625,-1336.0792846679688
2021-09-20,CARR,693.0,50.32004165649414,34871.78886795044,0.17426157661148323,54.125362396240234,-2637.087272644043
2021-09-21,HUBS,64.0,694.6199951171875,44455.6796875,0.2215657344135246,602.9570302963257,5866.429748535156
2021-09-21,NET,318.0,130.39999389648438,41467.19805908203,0.20667123428584047,118.58999633789062,3755.5792236328125
2021-09-21,DHR,126.0,281.4951171875,35468.384765625,0.17677333412285756,284.00927734375,-316.7841796875
2021-09-21,FTNT,586.0,59.91999816894531,35113.11892700195,0.17500270015662706,61.694000244140625,-1039.5652160644531
2021-09-21,CARR,693.0,48.32855224609375,33491.68670654297,0.1669215320527287,54.125362396240234,-4017.1894340515137
2021-09-22,HUBS,64.0,711.4299926757812,45531.51953125,0.22257615632416716,602.9570302963257,6942.269592285156
2021-09-22,NET,318.0,136.97000122070312,43556.460388183594,0.2129212825773134,118.58999633789062,5844.841552734375
2021-09-22,DHR,126.0,281.0009765625,35406.123046875,0.1730791956702702,284.00927734375,-379.0458984375
2021-09-22,FTNT,586.0,60.32400131225586,35349.86476898193,0.1728041828575249,61.694000244140625,-802.8193740844727
2021-09-22,CARR,693.0,49.17002487182617,34074.82723617554,0.16657129284764244,54.125362396240234,-3434.0489044189453
2021-09-23,HUBS,64.0,734.280029296875,46993.921875,0.22664942063398602,602.9570302963257,8404.671936035156
2021-09-23,NET,318.0,135.6699981689453,43143.05941772461,0.20807689657004003,118.58999633789062,5431.440582275391
2021-09-23,DHR,126.0,281.7812194824219,35504.433654785156,0.17123617260971263,284.00927734375,-280.73529052734375
2021-09-23,FTNT,586.0,62.108001708984375,36395.289001464844,0.17553272501771783,61.694000244140625,242.6048583984375
2021-09-23,CARR,693.0,50.011497497558594,34657.967765808105,0.16715370841714347,54.125362396240234,-2850.908374786377
2021-09-24,HUBS,64.0,732.1400146484375,46856.9609375,0.22814971244083854,602.9570302963257,8267.710998535156
2021-09-24,NET,318.0,130.36000061035156,41454.4801940918,0.20184466825071673,118.58999633789062,3742.861358642578
2021-09-24,DHR,126.0,281.3218078613281,35446.547790527344,0.17259163897155497,284.00927734375,-338.62115478515625
2021-09-24,FTNT,586.0,62.380001068115234,36554.68062591553,0.17798721270663542,61.694000244140625,401.9964828491211
2021-09-24,CARR,693.0,49.66555404663086,34418.228954315186,0.16758468499747553,54.125362396240234,-3090.647186279297
2021-09-27,HUBS,64.0,708.9600219726562,45373.44140625,0.22829244054192968,602.9570302963257,6784.191467285156
2021-09-27,NET,318.0,122.80999755859375,39053.57922363281,0.19649461527581294,118.58999633789062,1341.9603881835938
2021-09-27,DHR,126.0,273.95281982421875,34518.05529785156,0.17367452947094186,284.00927734375,-1267.1136474609375
2021-09-27,FTNT,586.0,60.11399841308594,35226.80307006836,0.1772405309386141,61.694000244140625,-925.8810729980469
2021-09-27,CARR,693.0,48.96434020996094,33932.28776550293,0.1707272921575369,54.125362396240234,-3576.5883750915527
2021-09-28,HUBS,64.0,671.7100219726562,42989.44140625,0.22601747848985657,602.9570302963257,4400.191467285156
2021-09-28,NET,318.0,113.08000183105469,35959.44058227539,0.18905716898033703,118.58999633789062,-1752.1782531738281
2021-09-28,DHR,126.0,263.5061950683594,33201.78057861328,0.17455874005984812,284.00927734375,-2583.3883666992188
2021-09-28,FTNT,586.0,57.57600021362305,33739.536125183105,0.17738599597906496,61.694000244140625,-2413.148017883301
2021-09-28,CARR,693.0,48.58099365234375,33666.62860107422,0.17700268383954892,54.125362396240234,-3842.2475395202637
2021-09-29,HUBS,64.0,681.239990234375,43599.359375,0.2275774058172592,602.9570302963257,5010.109436035156
2021-09-29,NET,318.0,112.33999633789062,35724.11883544922,0.18647068228118935,118.58999633789062,-1987.5
2021-09-29,DHR,126.0,265.9958801269531,33515.480895996094,0.17494216214108538,284.00927734375,-2269.6880493164062
2021-09-29,FTNT,586.0,57.76599884033203,33850.87532043457,0.17669283449346512,61.694000244140625,-2301.808822631836
2021-09-29,CARR,693.0,49.41311264038086,34243.287059783936,0.17874112251726976,54.125362396240234,-3265.589080810547
2021-09-30,HUBS,64.0,676.0900268554688,43269.76171875,0.22680197715082567,602.9570302963257,4680.511779785156
2021-09-30,NET,318.0,112.6500015258789,35822.70048522949,0.18776759968639367,118.58999633789062,-1888.9183502197266
2021-09-30,DHR,126.0,264.1134338378906,33278.29266357422,0.17443087903652288,284.00927734375,-2506.8762817382812
2021-09-30,FTNT,586.0,58.40800094604492,34227.088554382324,0.17940406990701038,61.694000244140625,-1925.595588684082
2021-09-30,CARR,693.0,48.394004821777344,33537.0453414917,0.17578715225397684,54.125362396240234,-3971.830799102783
2021-10-01,HUBS,64.0,684.22998046875,43790.71875,0.22775707253006452,602.9570302963257,5201.468811035156
2021-10-01,RGEN,109.0,281.6000061035156,30694.400665283203,0.1596426603203394,281.6000061035156,0.0
2021-10-01,TSLA,128.0,258.40667724609375,33076.0546875,0.17202972688063767,258.40667724609375,0.0
2021-10-01,PANW,424.0,81.08499908447266,34380.039611816406,0.17881179845797715,81.08499908447266,0.0
2021-10-01,BILL,149.0,277.1300048828125,41292.37072753906,0.21476307635919833,277.1300048828125,0.0
2021-10-04,HUBS,64.0,633.7899780273438,40562.55859375,0.21948926504842992,602.9570302963257,1973.3086547851562
2021-10-04,RGEN,109.0,272.8999938964844,29746.099334716797,0.16096000122735304,281.6000061035156,-948.3013305664062
2021-10-04,TSLA,128.0,260.510009765625,33345.28125,0.18043564134347811,258.40667724609375,269.2265625
2021-10-04,PANW,424.0,78.25666809082031,33180.82727050781,0.17954575953265486,81.08499908447266,-1199.2123413085938
2021-10-04,BILL,149.0,261.29998779296875,38933.698181152344,0.2106752901113896,277.1300048828125,-2358.6725463867188
2021-10-05,HUBS,64.0,648.8499755859375,41526.3984375,0.2223166959519041,602.9570302963257,2937.1484985351562
2021-10-05,RGEN,109.0,270.3900146484375,29472.511596679688,0.15778472600843416,281.6000061035156,-1221.8890686035156
2021-10-05,TSLA,128.0,260.1966552734375,33305.171875,0.17830334553342597,258.40667724609375,229.1171875
2021-10-05,PANW,424.0,79.26499938964844,33608.35974121094,0.17992649917074827,81.08499908447266,-771.6798706054688
2021-10-05,BILL,149.0,267.3900146484375,39841.11218261719,0.21329430812112207,277.1300048828125,-1451.258544921875
2021-10-06,HUBS,64.0,666.75,42672.0,0.22527919950304903,602.9570302963257,4082.7500610351562
2021-10-06,RGEN,109.0,267.94000244140625,29205.46026611328,0.15418500913639166,281.6000061035156,-1488.9403991699219
2021-10-06,TSLA,128.0,260.9166564941406,33397.33203125,0.1763152471301448,258.40667724609375,321.27734375
2021-10-06,PANW,424.0,81.02166748046875,34353.18701171875,0.18136151271040826,81.08499908447266,-26.85260009765625
2021-10-06,BILL,149.0,273.5199890136719,40754.47836303711,0.2151559866373578,277.1300048828125,-537.8923645019531
2021-10-07,HUBS,64.0,683.6300048828125,43752.3203125,0.2271401142455396,602.9570302963257,5163.070373535156
2021-10-07,RGEN,109.0,272.1700134277344,29666.531463623047,0.15401375967690248,281.6000061035156,-1027.8692016601562
2021-10-07,TSLA,128.0,264.53668212890625,33860.6953125,0.1757877558671399,258.40667724609375,784.640625
2021-10-07,PANW,424.0,82.27999877929688,34886.719482421875,0.1811143590166455,81.08499908447266,506.67987060546875
2021-10-07,BILL,149.0,277.989990234375,41420.508544921875,0.21503451647372337,277.1300048828125,128.1378173828125
2021-10-08,HUBS,64.0,679.8699951171875,43511.6796875,0.2290477036622411,602.9570302963257,4922.429748535156
2021-10-08,RGEN,109.0,258.7799987792969,28207.01986694336,0.14848319288245332,281.6000061035156,-2487.3807983398438
2021-10-08,TSLA,128.0,261.8299865722656,33514.23828125,0.1764206616118004,258.40667724609375,438.18359375
2021-10-08,PANW,424.0,82.13166809082031,34823.82727050781,0.18331440492130147,81.08499908447266,443.78765869140625
2021-10-08,BILL,149.0,274.3299865722656,40875.16799926758,0.21516897151019826,277.1300048828125,-417.2027282714844
2021-10-11,HUBS,64.0,682.719970703125,43694.078125,0.2301966595252511,602.9570302963257,5104.828186035156
2021-10-11,RGEN,109.0,253.6999969482422,27653.2996673584,0.14568787079259704,281.6000061035156,-3041.1009979248047
2021-10-11,TSLA,128.0,263.9800109863281,33789.44140625,0.17801534836576788,258.40667724609375,713.38671875
2021-10-11,PANW,424.0,83.30166625976562,35319.906494140625,0.18607840784363486,81.08499908447266,939.8668823242188
2021-10-11,BILL,149.0,270.6000061035156,40319.40090942383,0.21241760443730007,277.1300048828125,-972.9698181152344
2021-10-12,HUBS,64.0,758.27001953125,48529.28125,0.24666481999734394,602.9570302963257,9940.031311035156
2021-10-12,RGEN,109.0,251.02999877929688,27362.26986694336,0.13907705199009787,281.6000061035156,-3332.1307983398438
2021-10-12,TSLA,128.0,268.5733337402344,34377.38671875,0.17473351528278716,258.40667724609375,1301.33203125
2021-10-12,PANW,424.0,84.2066650390625,35703.6259765625,0.18147452935461067,81.08499908447266,1323.5863647460938
2021-10-12,BILL,149.0,280.0899963378906,41733.4094543457,0.21212273633110185,277.1300048828125,441.0387268066406
2021-10-13,HUBS,64.0,786.25,50320.0,0.25022076903133383,602.9570302963257,11730.750061035156
2021-10-13,RGEN,109.0,253.00999450683594,27578.089401245117,0.13713455362469057,281.6000061035156,-3116.311264038086
2021-10-13,TSLA,128.0,270.3599853515625,34606.078125,0.1720818656914928,258.40667724609375,1530.0234375
2021-10-13,PANW,424.0,84.0816650390625,35650.6259765625,0.17727597472782025,81.08499908447266,1270.5863647460938
2021-10-13,BILL,149.0,294.7099914550781,43911.78872680664,0.21835535661293745,277.1300048828125,2619.417999267578
2021-10-14,HUBS,64.0,789.0599975585938,50499.83984375,0.2474705106950925,602.9570302963257,11910.589904785156
2021-10-14,RGEN,109.0,268.57000732421875,29274.130798339844,0.14345558562631153,281.6000061035156,-1420.2698669433594
2021-10-14,TSLA,128.0,272.7733459472656,34914.98828125,0.1710981660062328,258.40667724609375,1838.93359375
2021-10-14,PANW,424.0,83.83000183105469,35543.92077636719,0.17418020044913315,81.08499908447266,1163.8811645507812
2021-10-14,BILL,149.0,300.6400146484375,44795.36218261719,0.21951616461365636,277.1300048828125,3502.991455078125
2021-10-15,HUBS,64.0,790.8900146484375,50616.9609375,0.24725470074531697,602.9570302963257,12027.710998535156
2021-10-15,RGEN,109.0,266.9200134277344,29094.281463623047,0.1421203036185965,281.6000061035156,-1600.1192016601562
2021-10-15,TSLA,128.0,281.010009765625,35969.28125,0.17570343431867344,258.40667724609375,2893.2265625
2021-10-15,PANW,424.0,84.64167022705078,35888.06817626953,0.1753067231398528,81.08499908447266,1508.028564453125
2021-10-15,BILL,149.0,296.04998779296875,44111.448181152344,0.21547644736989757,277.1300048828125,2819.0774536132812
2021-10-18,HUBS,64.0,803.030029296875,51393.921875,0.2485080947898984,602.9570302963257,12804.671936035156
2021-10-18,RGEN,109.0,263.7799987792969,28752.01986694336,0.13902635599349078,281.6000061035156,-1942.3807983398438
2021-10-18,TSLA,128.0,290.03668212890625,37124.6953125,0.17951125279373997,258.40667724609375,4048.640625
2021-10-18,PANW,424.0,85.86166381835938,36405.345458984375,0.17603293755600913,81.08499908447266,2025.3058471679688
2021-10-18,BILL,149.0,295.9599914550781,44098.03872680664,0.21322987598851884,277.1300048828125,2805.667999267578
2021-10-19,HUBS,64.0,790.9500122070312,50620.80078125,0.24608509222739552,602.9570302963257,12031.550842285156
2021-10-19,RGEN,109.0,262.6499938964844,28628.849334716797,0.139174665753362,281.6000061035156,-2065.5513305664062
2021-10-19,TSLA,128.0,288.0899963378906,36875.51953125,0.1792645609063931,258.40667724609375,3799.46484375
2021-10-19,PANW,424.0,85.41500091552734,36215.960388183594,0.1760582174656343,81.08499908447266,1835.9207763671875
2021-10-19,BILL,149.0,297.5,44327.5,0.21549119645199952,277.1300048828125,3035.1292724609375
2021-10-20,HUBS,64.0,795.3900146484375,50904.9609375,0.2466746765544369,602.9570302963257,12315.710998535156
2021-10-20,RGEN,109.0,268.25,29239.25,0.14168722269131628,281.6000061035156,-1455.1506652832031
2021-10-20,TSLA,128.0,288.6000061035156,36940.80078125,0.17900730923975544,258.40667724609375,3864.74609375
2021-10-20,PANW,424.0,85.31999969482422,36175.67987060547,0.17529969509601803,81.08499908447266,1795.6402587890625
2021-10-20,BILL,149.0,295.760009765625,44068.241455078125,0.21354537960653402,277.1300048828125,2775.8707275390625
2021-10-21,HUBS,64.0,802.47998046875,51358.71875,0.24548848579117574,602.9570302963257,12769.468811035156
2021-10-21,RGEN,109.0,270.760009765625,29512.841064453125,0.14106782335391163,281.6000061035156,-1181.5596008300781
2021-10-21,TSLA,128.0,298.0,38144.0,0.1823237228249314,258.40667724609375,5067.9453125
2021-10-21,PANW,424.0,84.66666412353516,35898.665588378906,0.17159129494862885,81.08499908447266,1518.6259765625
2021-10-21,BILL,149.0,303.760009765625,45260.241455078125,0.21633849931955573,277.1300048828125,3967.8707275390625
2021-10-22,HUBS,64.0,814.1599731445312,52106.23828125,0.2474565897512499,602.9570302963257,13516.988342285156
2021-10-22,RGEN,109.0,274.95001220703125,29969.551330566406,0.1423277368173715,281.6000061035156,-724.8493347167969
2021-10-22,TSLA,128.0,303.2266540527344,38813.01171875,0.18432601996819423,258.40667724609375,5736.95703125
2021-10-22,PANW,424.0,84.02166748046875,35625.18701171875,0.16918679179231205,81.08499908447266,1245.1473999023438
2021-10-22,BILL,149.0,302.1300048828125,45017.37072753906,0.21379100482510058,277.1300048828125,3725.0
2021-10-25,HUBS,64.0,805.7000122070312,51564.80078125,0.24070760109684186,602.9570302963257,12975.550842285156
2021-10-25,RGEN,109.0,274.6700134277344,29939.031463623047,0.13975720517846008,281.6000061035156,-755.3692016601562
2021-10-25,TSLA,128.0,341.6199951171875,43727.359375,0.20412195175750655,258.40667724609375,10651.3046875
2021-10-25,PANW,424.0,82.961669921875,35175.748046875,0.1642025141349717,81.08499908447266,795.7084350585938
2021-10-25,BILL,149.0,300.5299987792969,44778.969818115234,0.20903093275259454,277.1300048828125,3486.599090576172
2021-10-26,HUBS,64.0,805.239990234375,51535.359375,0.2443456097279206,602.9570302963257,12946.109436035156
2021-10-26,RGEN,109.0,273.8299865722656,29847.468536376953,0.14151638771522496,281.6000061035156,-846.93212890625
2021-10-26,TSLA,128.0,339.4766540527344,43453.01171875,0.20602461633522756,258.40667724609375,10376.95703125
2021-10-26,PANW,424.0,81.09166717529297,34382.86688232422,0.16302016080693024,81.08499908447266,2.8272705078125
2021-10-26,BILL,149.0,286.2900085449219,42657.21127319336,0.2022514720814666,277.1300048828125,1364.8405456542969
2021-10-27,HUBS,64.0,796.9500122070312,51004.80078125,0.24066800862063192,602.9570302963257,12415.550842285156
2021-10-27,RGEN,109.0,271.0400085449219,29543.360931396484,0.13940142367801475,281.6000061035156,-1151.0397338867188
2021-10-27,TSLA,128.0,345.9533386230469,44282.02734375,0.20894635750488857,258.40667724609375,11205.97265625
2021-10-27,PANW,424.0,82.1433334350586,34828.773376464844,0.16434083464344137,81.08499908447266,448.7337646484375
2021-10-27,BILL,149.0,290.1700134277344,43235.33200073242,0.20400748743818825,277.1300048828125,1942.9612731933594
2021-10-28,HUBS,64.0,814.3499755859375,52118.3984375,0.2397629836356205,602.9570302963257,13529.148498535156
2021-10-28,RGEN,109.0,290.0199890136719,31612.178802490234,0.14542715310020457,281.6000061035156,917.7781372070312
2021-10-28,TSLA,128.0,359.0133361816406,45953.70703125,0.2114032325867111,258.40667724609375,12877.65234375
2021-10-28,PANW,424.0,83.06500244140625,35219.56103515625,0.16202238152525553,81.08499908447266,839.5214233398438
2021-10-28,BILL,149.0,291.510009765625,43434.991455078125,0.19981625409970588,277.1300048828125,2142.6207275390625
2021-10-29,HUBS,64.0,810.22998046875,51854.71875,0.23579587100775326,602.9570302963257,13265.468811035156
2021-10-29,RGEN,109.0,290.5,31664.5,0.14398609302118726,281.6000061035156,970.0993347167969
2021-10-29,TSLA,128.0,371.3333435058594,47530.66796875,0.21613337268889776,258.40667724609375,14454.61328125
2021-10-29,PANW,424.0,84.84833526611328,35975.69415283203,0.1635901291601464,81.08499908447266,1595.654541015625
2021-10-29,BILL,149.0,294.30999755859375,43852.18963623047,0.19940644747730185,277.1300048828125,2559.8189086914062
2021-11-01,HUBS,54.0,803.6699829101562,43398.17907714844,0.1927718059158752,602.9570302963257,10838.49944114685
2021-11-01,PANW,501.0,84.71833038330078,42443.88352203369,0.18853288895095058,81.6434152721169,1540.532470703125
2021-11-01,CRWD,148.0,269.1700134277344,39837.16198730469,0.1769540064158972,269.1700134277344,0.0
2021-11-01,NET,214.0,194.25999450683594,41571.63882446289,0.18465843640186178,194.25999450683594,0.0
2021-11-01,MDB,94.0,498.2699890136719,46837.378967285156,0.20804850157051918,498.2699890136719,0.0
2021-11-02,HUBS,54.0,787.3300170898438,42515.82092285156,0.18846836884578483,602.9570302963257,9956.141286849976
2021-11-02,PANW,501.0,84.74333190917969,42456.40928649902,0.18820500302217436,81.6434152721169,1553.058235168457
2021-11-02,CRWD,148.0,268.1199951171875,39681.75927734375,0.1759052578921828,269.1700134277344,-155.4027099609375
2021-11-02,NET,214.0,192.3699951171875,41167.178955078125,0.18248997430215239,194.25999450683594,-404.4598693847656
2021-11-02,MDB,94.0,518.3599853515625,48725.838623046875,0.2159967543045305,498.2699890136719,1888.4596557617188
2021-11-03,HUBS,54.0,776.739990234375,41943.95947265625,0.18609256280449682,602.9570302963257,9384.279836654663
2021-11-03,PANW,501.0,83.16000366210938,41663.1618347168,0.18484674927781564,81.6434152721169,759.8107833862305
2021-11-03,CRWD,148.0,270.6499938964844,40056.19909667969,0.1777171454442146,269.1700134277344,219.037109375
2021-11-03,NET,214.0,194.85000610351562,41697.901306152344,0.18500087772327461,194.25999450683594,126.26248168945312
2021-11-03,MDB,94.0,521.2000122070312,48992.80114746094,0.21736612468466893,498.2699890136719,2155.4221801757812
2021-11-04,HUBS,54.0,819.0800170898438,44230.32092285156,0.19129219801030176,602.9570302963257,11670.641286849976
2021-11-04,PANW,501.0,82.30500030517578,41234.80515289307,0.17833685914198638,81.6434152721169,331.4541015625
2021-11-04,CRWD,148.0,279.6199951171875,41383.75927734375,0.17898107246159062,269.1700134277344,1546.5972900390625
2021-11-04,NET,214.0,201.08999633789062,43033.259216308594,0.18611501276224582,194.25999450683594,1461.6203918457031
2021-11-04,MDB,94.0,535.0800170898438,50297.52160644531,0.21753230050828357,498.2699890136719,3460.1426391601562
2021-11-05,HUBS,54.0,802.4600219726562,43332.84118652344,0.18798825184900358,602.9570302963257,10773.16155052185
2021-11-05,PANW,501.0,82.29666900634766,41230.631172180176,0.17886836091190153,81.6434152721169,327.2801208496094
2021-11-05,CRWD,148.0,273.42999267578125,40467.638916015625,0.1755583176171796,269.1700134277344,630.4769287109375
2021-11-05,NET,214.0,197.25999450683594,42213.63882446289,0.18313288373216588,194.25999450683594,642.0
2021-11-05,MDB,94.0,555.5800170898438,52224.52160644531,0.2265624928258675,498.2699890136719,5387.142639160156
2021-11-08,HUBS,54.0,815.2999877929688,44026.19934082031,0.1843831924478563,602.9570302963257,11466.519704818726
2021-11-08,PANW,501.0,86.21666717529297,43194.55025482178,0.18090021831498412,81.6434152721169,2291.199203491211
2021-11-08,CRWD,148.0,282.92999267578125,41873.638916015625,0.17536819753562444,269.1700134277344,2036.4769287109375
2021-11-08,NET,214.0,210.0,44940.0,0.18821022011145674,194.25999450683594,3368.3611755371094
2021-11-08,MDB,94.0,571.2999877929688,53702.19885253906,0.22490660139086774,498.2699890136719,6864.819885253906
2021-11-09,HUBS,54.0,850.3200073242188,45917.28039550781,0.19042826571429014,602.9570302963257,13357.600759506226
2021-11-09,PANW,501.0,85.38666534423828,42778.71933746338,0.17741201706075968,81.6434152721169,1875.3682861328125
2021-11-09,CRWD,148.0,293.17999267578125,43390.638916015625,0.17994977154222333,269.1700134277344,3553.4769287109375
2021-11-09,NET,214.0,204.60000610351562,43784.401306152344,0.181582783959583,194.25999450683594,2212.762481689453
2021-11-09,MDB,94.0,576.77001953125,54216.3818359375,0.22484632097965826,498.2699890136719,7379.002868652344
2021-11-10,HUBS,54.0,806.9600219726562,43575.84118652344,0.18787440707362016,602.9570302963257,11016.16155052185
2021-11-10,PANW,501.0,83.19833374023438,41682.36520385742,0.17971080844040468,81.6434152721169,779.0141525268555
2021-11-10,CRWD,148.0,281.55999755859375,41670.879638671875,0.17966128917260893,269.1700134277344,1833.7176513671875
2021-11-10,NET,214.0,195.36000061035156,41807.040130615234,0.18024833628390194,194.25999450683594,235.40130615234375
2021-11-10,MDB,94.0,554.9600219726562,52166.24206542969,0.22491136213183596,498.2699890136719,5328.863098144531
2021-11-11,HUBS,54.0,818.8300170898438,44216.82092285156,0.1899221604944836,602.9570302963257,11657.141286849976
2021-11-11,PANW,501.0,84.64666748046875,42407.980407714844,0.1821527439816113,81.6434152721169,1504.6293563842773
2021-11-11,CRWD,148.0,280.9200134277344,41576.16198730469,0.17857987853705465,269.1700134277344,1739.0
2021-11-11,NET,214.0,196.25999450683594,41999.63882446289,0.1803988160851155,194.25999450683594,428.0
2021-11-11,MDB,94.0,548.6799926757812,51575.91931152344,0.22153130461876677,498.2699890136719,4738.540344238281
2021-11-12,HUBS,54.0,841.260009765625,45428.04052734375,0.1903449938064555,602.9570302963257,12868.360891342163
2021-11-12,PANW,501.0,85.86333465576172,43017.53066253662,0.18024487766759326,81.6434152721169,2114.1796112060547
2021-11-12,CRWD,148.0,284.29998779296875,42076.398193359375,0.17630150146344528,269.1700134277344,2239.2362060546875
2021-11-12,NET,214.0,204.75999450683594,43818.63882446289,0.18360154738854176,194.25999450683594,2247.0
2021-11-12,MDB,94.0,566.8300170898438,53282.02160644531,0.22325343455150073,498.2699890136719,6444.642639160156
2021-11-15,HUBS,54.0,832.02001953125,44929.0810546875,0.19211108535347896,602.9570302963257,12369.401418685913
2021-11-15,PANW,501.0,86.34333038330078,43258.00852203369,0.18496578991416757,81.6434152721169,2354.657470703125
2021-11-15,CRWD,148.0,254.14999389648438,37614.19909667969,0.16083357245543028,269.1700134277344,-2222.962890625
2021-11-15,NET,214.0,206.60000610351562,44212.401306152344,0.1890466531169424,194.25999450683594,2640.762481689453
2021-11-15,MDB,94.0,561.8900146484375,52817.661376953125,0.22584166011782603,498.2699890136719,5980.282409667969
2021-11-16,HUBS,54.0,852.0800170898438,46012.32092285156,0.1915989232814223,602.9570302963257,13452.641286849976
2021-11-16,PANW,501.0,87.52333068847656,43849.18867492676,0.18259147046649854,81.6434152721169,2945.8376235961914
2021-11-16,CRWD,148.0,262.510009765625,38851.4814453125,0.1617806244829761,269.1700134277344,-985.6805419921875
2021-11-16,NET,214.0,212.1699981689453,45404.3796081543,0.18906740783125428,194.25999450683594,3832.7407836914062
2021-11-16,MDB,94.0,585.030029296875,54992.82275390625,0.22899443923989624,498.2699890136719,8155.443786621094
2021-11-17,HUBS,54.0,838.4099731445312,45274.13854980469,0.19019174707256467,602.9570302963257,12714.4589138031
2021-11-17,PANW,501.0,85.62666320800781,42898.958267211914,0.18021387224096114,81.6434152721169,1995.6072158813477
2021-11-17,CRWD,148.0,269.7799987792969,39927.43981933594,0.1677308454366372,269.1700134277344,90.27783203125
2021-11-17,NET,214.0,211.8000030517578,45325.20065307617,0.19040625343185674,194.25999450683594,3753.5618286132812
2021-11-17,MDB,94.0,570.0,53580.0,0.22508377043856478,498.2699890136719,6742.621032714844
2021-11-18,HUBS,54.0,840.2899780273438,45375.65881347656,0.18995477852794318,602.9570302963257,12815.979177474976
2021-11-18,PANW,501.0,86.66500091552734,43419.1654586792,0.18176436825908893,81.6434152721169,2515.814407348633
2021-11-18,CRWD,148.0,264.7200012207031,39178.56018066406,0.16401204779756096,269.1700134277344,-658.601806640625
2021-11-18,NET,214.0,217.25,46491.5,0.19462599148662899,194.25999450683594,4919.861175537109
2021-11-18,MDB,94.0,567.7899780273438,53372.25793457031,0.22343070493307052,498.2699890136719,6534.878967285156
2021-11-19,HUBS,54.0,822.3400268554688,44406.36145019531,0.18770212065829125,602.9570302963257,11846.681814193726
2021-11-19,PANW,501.0,88.38999938964844,44283.38969421387,0.1871823289296967,81.6434152721169,3380.038642883301
2021-11-19,CRWD,148.0,257.6300048828125,38129.24072265625,0.1611692358708569,269.1700134277344,-1707.9212646484375
2021-11-19,NET,214.0,211.0399932861328,45162.55856323242,0.19089850507523876,194.25999450683594,3590.9197387695312
2021-11-19,MDB,94.0,569.77001953125,53558.3818359375,0.22638697522892318,498.2699890136719,6721.002868652344
2021-11-22,HUBS,54.0,783.3499755859375,42300.898681640625,0.19030000543980152,602.9570302963257,9741.219045639038
2021-11-22,PANW,501.0,89.99333190917969,45086.65928649902,0.20283236940323252,81.6434152721169,4183.308235168457
2021-11-22,CRWD,148.0,239.63999938964844,35466.71990966797,0.15955493150482547,269.1700134277344,-4370.442077636719
2021-11-22,NET,214.0,186.4499969482422,39900.29934692383,0.17950037515550063,194.25999450683594,-1671.3394775390625
2021-11-22,MDB,94.0,515.8699951171875,48491.779541015625,0.2181510605694542,498.2699890136719,1654.4005737304688
2021-11-23,HUBS,54.0,753.280029296875,40677.12158203125,0.18766228603185536,602.9570302963257,8117.441946029663
2021-11-23,PANW,501.0,88.836669921875,44507.171630859375,0.20533206992573366,81.6434152721169,3603.8205795288086
2021-11-23,CRWD,148.0,230.5800018310547,34125.840270996094,0.15743820970955932,269.1700134277344,-5711.321716308594
2021-11-23,NET,214.0,184.64999389648438,39515.098693847656,0.18230133955539177,194.25999450683594,-2056.5401306152344
2021-11-23,MDB,94.0,498.8599853515625,46892.838623046875,0.21633824991223533,498.2699890136719,55.45965576171875
2021-11-24,HUBS,54.0,802.760009765625,43349.04052734375,0.1932120084076151,602.9570302963257,10789.360891342163
2021-11-24,PANW,501.0,91.62000274658203,45901.6213760376,0.20458917538522928,81.6434152721169,4998.270324707031
2021-11-24,CRWD,148.0,230.77000427246094,34153.96063232422,0.15222840571715737,269.1700134277344,-5683.201354980469
2021-11-24,NET,214.0,197.38999938964844,42241.459869384766,0.1882753851099738,194.25999450683594,669.821044921875
2021-11-24,MDB,94.0,507.17999267578125,47674.91931152344,0.21249298251572796,498.2699890136719,837.5403442382812
2021-11-26,HUBS,54.0,803.469970703125,43387.37841796875,0.19286911534113407,602.9570302963257,10827.698781967163
2021-11-26,PANW,501.0,88.87333679199219,44525.541732788086,0.19792857179246062,81.6434152721169,3622.1906814575195
2021-11-26,CRWD,148.0,232.63999938964844,34430.71990966797,0.15305424599670764,269.1700134277344,-5406.442077636719
2021-11-26,NET,214.0,200.1199951171875,42825.678955078125,0.19037220304899985,194.25999450683594,1254.0401306152344
2021-11-26,MDB,94.0,518.6099853515625,48749.338623046875,0.21670453842858872,498.2699890136719,1911.9596557617188
2021-11-29,HUBS,54.0,851.9099731445312,46003.13854980469,0.20298125245944004,602.9570302963257,13443.4589138031
2021-11-29,PANW,501.0,91.86333465576172,46023.53066253662,0.20307122928956745,81.6434152721169,5120.179611206055
2021-11-29,CRWD,148.0,224.57000732421875,33236.361083984375,0.14664995503986072,269.1700134277344,-6600.8009033203125
2021-11-29,NET,214.0,191.08999633789062,40893.259216308594,0.18043475368291148,194.25999450683594,-678.3796081542969
2021-11-29,MDB,94.0,525.97998046875,49442.1181640625,0.21815518213662502,498.2699890136719,2604.7391967773438
2021-11-30,HUBS,54.0,806.9099731445312,43573.13854980469,0.19849001041331618,602.9570302963257,11013.4589138031
2021-11-30,PANW,501.0,91.15666961669922,45669.49147796631,0.20803958908470732,81.6434152721169,4766.140426635742
2021-11-30,CRWD,148.0,217.13999938964844,32136.71990966797,0.14639335337822282,269.1700134277344,-7700.442077636719
2021-11-30,NET,214.0,188.24000549316406,40283.36117553711,0.1835039899656615,194.25999450683594,-1288.2776489257812
2021-11-30,MDB,94.0,498.1000061035156,46821.40057373047,0.2132869147542154,498.2699890136719,-15.9783935546875
2021-12-01,PANW,433.0,88.02666473388672,38115.54582977295,0.18702871889741385,81.6434152721169,2763.947016946331
2021-12-01,NET,268.0,164.2100067138672,44008.281799316406,0.21594371500179962,188.20514622019297,-6430.6973876953125
2021-12-01,ZS,110.0,318.2099914550781,35003.099060058594,0.1717562908289336,318.2099914550781,0.0
2021-12-01,INTU,58.0,643.7420654296875,37337.039794921875,0.18320867688614695,643.7420654296875,0.0
2021-12-01,DDOG,236.0,164.52999877929688,38829.07971191406,0.1905299498246254,164.52999877929688,0.0
2021-12-02,PANW,433.0,89.21666717529297,38630.816886901855,0.18570319592560594,81.6434152721169,3279.2180740752374
2021-12-02,NET,268.0,166.3699951171875,44587.15869140625,0.21433608019414424,188.20514622019297,-5851.820495605469
2021-12-02,ZS,110.0,331.9700012207031,36516.700134277344,0.1755403707730436,318.2099914550781,1513.60107421875
2021-12-02,INTU,58.0,651.7222900390625,37799.892822265625,0.18170883942969757,643.7420654296875,462.85302734375
2021-12-02,DDOG,236.0,169.44000244140625,39987.840576171875,0.19222657949220204,164.52999877929688,1158.7608642578125
2021-12-03,PANW,433.0,86.80999755859375,37588.728942871094,0.1874251254286308,81.6434152721169,2237.1301300444757
2021-12-03,NET,268.0,159.69000244140625,42796.920654296875,0.21339423936844823,188.20514622019297,-7642.058532714844
2021-12-03,ZS,110.0,313.3500061035156,34468.50067138672,0.1718670261899538,318.2099914550781,-534.598388671875
2021-12-03,INTU,58.0,628.29541015625,36441.1337890625,0.18170298020869627,643.7420654296875,-895.906005859375
2021-12-03,DDOG,236.0,164.22000122070312,38755.92028808594,0.1932449812851187,164.52999877929688,-73.159423828125
2021-12-06,PANW,433.0,83.53666687011719,36171.37675476074,0.18955702939160235,81.6434152721169,819.7779419341241
2021-12-06,NET,268.0,147.69000244140625,39580.920654296875,0.20742483181334082,188.20514622019297,-10858.058532714844
2021-12-06,ZS,110.0,274.3599853515625,30179.598388671875,0.15815696089132922,318.2099914550781,-4823.500671386719
2021-12-06,INTU,58.0,625.7550048828125,36293.790283203125,0.1901985406331071,643.7420654296875,-1043.24951171875
2021-12-06,DDOG,236.0,161.41000366210938,38092.76086425781,0.19962609219188843,164.52999877929688,-736.31884765625
2021-12-07,PANW,433.0,87.23833465576172,37774.198905944824,0.18649733393085394,81.6434152721169,2422.600093118206
2021-12-07,NET,268.0,156.25,41875.0,0.20674365266619735,188.20514622019297,-8563.979187011719
2021-12-07,ZS,110.0,297.760009765625,32753.60107421875,0.16170982982819032,318.2099914550781,-2249.4979858398438
2021-12-07,INTU,58.0,652.866455078125,37866.25439453125,0.18695182677761998,643.7420654296875,529.214599609375
2021-12-07,DDOG,236.0,177.00999450683594,41774.35870361328,0.20624677029666774,164.52999877929688,2945.2789916992188
2021-12-08,PANW,433.0,88.4383316040039,38293.79758453369,0.1848411076408844,81.6434152721169,2942.1987717070733
2021-12-08,NET,268.0,160.44000244140625,42997.920654296875,0.20754753462229322,188.20514622019297,-7441.058532714844
2021-12-08,ZS,110.0,311.80999755859375,34299.09973144531,0.16555901961538805,318.2099914550781,-703.9993286132812
2021-12-08,INTU,58.0,652.6336669921875,37852.752685546875,0.18271221907954174,643.7420654296875,515.712890625
2021-12-08,DDOG,236.0,183.16000366210938,43225.76086425781,0.20864730114927046,164.52999877929688,4396.68115234375
2021-12-09,PANW,433.0,87.92166900634766,38070.082679748535,0.18941744036105798,81.6434152721169,2718.483866921917
2021-12-09,NET,268.0,150.1999969482422,40253.599182128906,0.20028151203503503,188.20514622019297,-10185.380004882812
2021-12-09,ZS,110.0,303.0400085449219,33334.400939941406,0.16585508771095353,318.2099914550781,-1668.6981201171875
2021-12-09,INTU,58.0,645.3129272460938,37428.14978027344,0.18622350753656197,643.7420654296875,91.1099853515625
2021-12-09,DDOG,236.0,175.41000366210938,41396.76086425781,0.2059693052969836,164.52999877929688,2567.68115234375
2021-12-10,PANW,433.0,88.64167022705078,38381.84320831299,0.1924007977587708,81.6434152721169,3030.24439548637
2021-12-10,NET,268.0,140.47999572753906,37648.63885498047,0.18872538535776276,188.20514622019297,-12790.34033203125
2021-12-10,ZS,110.0,305.75,33632.5,0.16859325372941822,318.2099914550781,-1370.5990600585938
2021-12-10,INTU,58.0,657.3751220703125,38127.757080078125,0.1911271128680661,643.7420654296875,790.71728515625
2021-12-10,DDOG,236.0,174.55999755859375,41196.159423828125,0.20650842365030903,164.52999877929688,2367.0797119140625
2021-12-13,PANW,433.0,89.15333557128906,38603.394302368164,0.19289947127670395,81.6434152721169,3251.795489541546
2021-12-13,NET,268.0,145.02999877929688,38868.03967285156,0.19422189260686515,188.20514622019297,-11570.939514160156
2021-12-13,ZS,110.0,308.5400085449219,33939.400939941406,0.16959370063375853,318.2099914550781,-1063.6981201171875
2021-12-13,INTU,58.0,648.4449462890625,37609.806884765625,0.18793455845008866,643.7420654296875,272.76708984375
2021-12-13,DDOG,236.0,172.02999877929688,40599.07971191406,0.20287182389732364,164.52999877929688,1770.0
2021-12-14,PANW,433.0,85.41666412353516,36985.41556549072,0.1966794394294448,81.6434152721169,1633.8167526641046
2021-12-14,NET,268.0,132.0,35376.0,0.1881209591098378,188.20514622019297,-15062.979187011719
2021-12-14,ZS,110.0,284.3399963378906,31277.39959716797,0.16632559957827037,318.2099914550781,-3725.699462890625
2021-12-14,INTU,58.0,620.0728149414062,35964.22326660156,0.19124898729515577,643.7420654296875,-1372.8165283203125
2021-12-14,DDOG,236.0,160.77999877929688,37944.07971191406,0.20177738206539494,164.52999877929688,-885.0
2021-12-15,PANW,433.0,90.04833221435547,38990.92784881592,0.19759223537333298,81.6434152721169,3639.3290359893
2021-12-15,NET,268.0,139.0500030517578,37265.400817871094,0.18884787451678947,188.20514622019297,-13173.578369140625
2021-12-15,ZS,110.0,307.239990234375,33796.39892578125,0.17126819954649586,318.2099914550781,-1206.7001342773438
2021-12-15,INTU,58.0,627.83984375,36414.7109375,0.18453687900204432,643.7420654296875,-922.328857421875
2021-12-15,DDOG,236.0,171.02000427246094,40360.72100830078,0.20453386275473767,164.52999877929688,1531.6412963867188
2021-12-16,PANW,433.0,87.28500366210938,37794.40658569336,0.19841171171534625,81.6434152721169,2442.8077728667413
2021-12-16,NET,268.0,131.8699951171875,35341.15869140625,0.1855327394562123,188.20514622019297,-15097.820495605469
2021-12-16,ZS,110.0,295.25,32477.5,0.17049920740585006,318.2099914550781,-2525.5990600585938
2021-12-16,INTU,58.0,614.720458984375,35653.78662109375,0.18717396227892497,643.7420654296875,-1683.253173828125
2021-12-16,DDOG,236.0,164.0500030517578,38715.800720214844,0.2032488133901769,164.52999877929688,-113.27899169921875
2021-12-17,PANW,433.0,88.3566665649414,38258.43662261963,0.197812096806254,81.6434152721169,2906.837809793011
2021-12-17,NET,268.0,134.58999633789062,36070.11901855469,0.18649758079484452,188.20514622019297,-14368.860168457031
2021-12-17,ZS,110.0,304.8699951171875,33535.699462890625,0.17339357313666764,318.2099914550781,-1467.3995971679688
2021-12-17,INTU,58.0,601.4457397460938,34883.85290527344,0.1803640895193638,643.7420654296875,-2453.1868896484375
2021-12-17,DDOG,236.0,170.16000366210938,40157.76086425781,0.20763239642956025,164.52999877929688,1328.68115234375
2021-12-20,PANW,433.0,88.26499938964844,38218.74473571777,0.2006036266906978,81.6434152721169,2867.1459228911554
2021-12-20,NET,268.0,131.88999938964844,35346.51983642578,0.1855278115258208,188.20514622019297,-15092.459350585938
2021-12-20,ZS,110.0,305.94000244140625,33653.40026855469,0.17664091772319654,318.2099914550781,-1349.6987915039062
2021-12-20,INTU,58.0,586.2803955078125,34004.262939453125,0.1784825356187951,643.7420654296875,-3332.77685546875
2021-12-20,DDOG,236.0,164.3800048828125,38793.68115234375,0.20362136919085738,164.52999877929688,-35.3985595703125
2021-12-21,PANW,433.0,89.6050033569336,38798.966453552246,0.19405607400413735,81.6434152721169,3447.367640725628
2021-12-21,NET,268.0,144.33999633789062,38683.11901855469,0.1934766539712355,188.20514622019297,-11755.860168457031
2021-12-21,ZS,110.0,319.4200134277344,35136.20147705078,0.1757364676767205,318.2099914550781,133.1024169921875
2021-12-21,INTU,58.0,602.2215576171875,34928.850341796875,0.17469938470968208,643.7420654296875,-2408.189453125
2021-12-21,DDOG,236.0,177.49000549316406,41887.64129638672,0.20950432349793097,164.52999877929688,3058.5615844726562
2021-12-22,PANW,433.0,92.45999908447266,40035.17960357666,0.19962456272919216,81.6434152721169,4683.580790750042
2021-12-22,NET,268.0,136.80999755859375,36665.079345703125,0.18282047200215967,188.20514622019297,-13773.899841308594
2021-12-22,ZS,110.0,322.010009765625,35421.10107421875,0.17661771180603708,318.2099914550781,418.00201416015625
2021-12-22,INTU,58.0,612.4901733398438,35524.43005371094,0.17713293373216873,643.7420654296875,-1812.6097412109375
2021-12-22,DDOG,236.0,179.67999267578125,42404.478271484375,0.2114384278158291,164.52999877929688,3575.3985595703125
2021-12-23,PANW,433.0,93.62999725341797,40541.78881072998,0.2010209538242192,81.6434152721169,5190.189997903362
2021-12-23,NET,268.0,137.27000427246094,36788.36114501953,0.18241009249805018,188.20514622019297,-13650.618041992188
2021-12-23,ZS,110.0,323.0,35530.0,0.1761706796589153,318.2099914550781,526.9009399414062
2021-12-23,INTU,58.0,616.4172973632812,35752.20324707031,0.17727244428201677,643.7420654296875,-1584.8365478515625
2021-12-23,DDOG,236.0,180.36000061035156,42564.96014404297,0.21105257411288184,164.52999877929688,3735.8804321289062
2021-12-27,PANW,433.0,94.72333526611328,41015.20417022705,0.2000237216932062,81.6434152721169,5663.605357400433
2021-12-27,NET,268.0,138.94000244140625,37235.920654296875,0.1815928405240499,188.20514622019297,-13203.058532714844
2021-12-27,ZS,110.0,329.8900146484375,36287.901611328125,0.1769695233652805,318.2099914550781,1284.8025512695312
2021-12-27,INTU,58.0,632.95947265625,36711.6494140625,0.17903606464617883,643.7420654296875,-625.390380859375
2021-12-27,DDOG,236.0,183.47000122070312,43298.92028808594,0.21116099155267173,164.52999877929688,4469.840576171875
2021-12-28,PANW,433.0,94.11833190917969,40753.237716674805,0.20274456164800933,81.6434152721169,5401.638903848187
2021-12-28,NET,268.0,132.92999267578125,35625.238037109375,0.17723311506325792,188.20514622019297,-14813.741149902344
2021-12-28,ZS,110.0,324.6600036621094,35712.60040283203,0.17766773683898313,318.2099914550781,709.5013427734375
2021-12-28,INTU,58.0,630.060302734375,36543.49755859375,0.18180139318282154,643.7420654296875,-793.542236328125
2021-12-28,DDOG,236.0,177.4199981689453,41871.119567871094,0.20830594716222878,164.52999877929688,3042.0398559570312
2021-12-29,PANW,433.0,93.93333435058594,40673.13377380371,0.20204623315040468,81.6434152721169,5321.534960977093
2021-12-29,NET,268.0,133.3000030517578,35724.400817871094,0.17746310517767297,188.20514622019297,-14714.578369140625
2021-12-29,ZS,110.0,323.17999267578125,35549.79919433594,0.17659576113348366,318.2099914550781,546.7001342773438
2021-12-29,INTU,58.0,628.3633422851562,36445.07385253906,0.18104309173089786,643.7420654296875,-891.9659423828125
2021-12-29,DDOG,236.0,179.7100067138672,42411.561584472656,0.21068197763724306,164.52999877929688,3582.4818725585938
2021-12-30,PANW,433.0,93.56999969482422,40515.80986785889,0.20174149017062665,81.6434152721169,5164.211055032269
2021-12-30,NET,268.0,133.1999969482422,35697.599182128906,0.1777500407372953,188.20514622019297,-14741.380004882812
2021-12-30,ZS,110.0,324.5899963378906,35704.89959716797,0.1777863918953654,318.2099914550781,701.800537109375
2021-12-30,INTU,58.0,623.8351440429688,36182.43835449219,0.1801642138081206,643.7420654296875,-1154.6014404296875
2021-12-30,DDOG,236.0,178.92999267578125,42227.478271484375,0.2102644478889005,164.52999877929688,3398.3985595703125
2021-12-31,PANW,433.0,92.7933349609375,40179.51403808594,0.20142284952162556,81.6434152721169,4827.915225259319
2021-12-31,NET,268.0,131.5,35242.0,0.1766707296686679,188.20514622019297,-15196.979187011719
2021-12-31,ZS,110.0,321.3299865722656,35346.29852294922,0.17719358581056685,318.2099914550781,343.199462890625
2021-12-31,INTU,58.0,623.69921875,36174.5546875,0.18134569468474424,643.7420654296875,-1162.485107421875
2021-12-31,DDOG,236.0,178.11000061035156,42033.96014404297,0.21071932380431804,164.52999877929688,3204.8804321289062
2022-01-03,EXP,208.0,160.94810485839844,33477.205810546875,0.1761350003951847,160.94810485839844,0.0
2022-01-03,FDS,74.0,453.5392761230469,33561.90643310547,0.176580639265772,453.5392761230469,0.0
2022-01-03,AZO,17.0,2045.1099853515625,34766.86975097656,0.18292036234990539,2045.1099853515625,0.0
2022-01-03,AVGO,627.0,61.31610107421875,38445.195373535156,0.20227328829747246,61.31610107421875,0.0
2022-01-03,COST,73.0,538.7796020507812,39330.91094970703,0.20693334010233083,538.7796020507812,0.0
2022-01-04,EXP,208.0,162.82046508789062,33866.65673828125,0.17724756025334673,160.94810485839844,389.450927734375
2022-01-04,FDS,74.0,450.1474304199219,33310.90985107422,0.17433895369566155,453.5392761230469,-250.99658203125
2022-01-04,AZO,17.0,2080.25,35364.25,0.18508549813847178,2045.1099853515625,597.3802490234375
2022-01-04,AVGO,627.0,62.01862335205078,38885.67684173584,0.20351555225133613,61.31610107421875,440.4814682006836
2022-01-04,COST,73.0,536.4218139648438,39158.792419433594,0.20494495433812054,538.7796020507812,-172.1185302734375
2022-01-05,EXP,208.0,159.5730743408203,33191.199462890625,0.17892380292610413,160.94810485839844,-286.00634765625
2022-01-05,FDS,74.0,429.9771423339844,31818.308532714844,0.1715229596241184,453.5392761230469,-1743.597900390625
2022-01-05,AZO,17.0,2034.030029296875,34578.510498046875,0.18640238068973788,2045.1099853515625,-188.3592529296875
2022-01-05,AVGO,627.0,59.4377555847168,37267.47275161743,0.20089776983261917,61.31610107421875,-1177.7226219177246
2022-01-05,COST,73.0,522.817138671875,38165.651123046875,0.20573958008722618,538.7796020507812,-1165.2598266601562
2022-01-06,EXP,208.0,158.51002502441406,32970.085205078125,0.1779455455183649,160.94810485839844,-507.12060546875
2022-01-06,FDS,74.0,428.2049865722656,31687.169006347656,0.17102141349330482,453.5392761230469,-1874.7374267578125
2022-01-06,AZO,17.0,2062.489990234375,35062.329833984375,0.18923777025884717,2045.1099853515625,295.4600830078125
2022-01-06,AVGO,627.0,58.88588333129883,36921.448848724365,0.19927177366538124,61.31610107421875,-1523.746524810791
2022-01-06,COST,73.0,522.703125,38157.328125,0.20594203886620752,538.7796020507812,-1173.5828247070312
2022-01-07,EXP,208.0,156.9984893798828,32655.685791015625,0.17978080893591197,160.94810485839844,-821.52001953125
2022-01-07,FDS,74.0,421.00201416015625,31154.149047851562,0.1715143314820133,453.5392761230469,-2407.7573852539062
2022-01-07,AZO,17.0,2014.77001953125,34251.09033203125,0.1885640609796565,2045.1099853515625,-515.7794189453125
2022-01-07,AVGO,627.0,57.233097076416016,35885.15186691284,0.19756013310235235,61.31610107421875,-2560.0435066223145
2022-01-07,COST,73.0,509.75439453125,37212.07080078125,0.20486527931333384,538.7796020507812,-2118.8401489257812
2022-01-10,EXP,208.0,154.84329223632812,32207.40478515625,0.17878984512533724,160.94810485839844,-1269.801025390625
2022-01-10,FDS,74.0,421.9929504394531,31227.47833251953,0.17335007436858607,453.5392761230469,-2334.4281005859375
2022-01-10,AZO,17.0,2012.6600341796875,34215.22058105469,0.18993563838572228,2045.1099853515625,-551.649169921875
2022-01-10,AVGO,627.0,57.41889953613281,36001.65000915527,0.19985247095599665,61.31610107421875,-2443.545364379883
2022-01-10,COST,73.0,493.2309265136719,36005.85763549805,0.19987582834437326,538.7796020507812,-3325.0533142089844
2022-01-11,EXP,208.0,157.9151611328125,32846.353515625,0.18150157395182442,160.94810485839844,-630.852294921875
2022-01-11,FDS,74.0,423.5173034667969,31340.28045654297,0.17317935241268786,453.5392761230469,-2221.6259765625
2022-01-11,AZO,17.0,2000.97998046875,34016.65966796875,0.18796842296003624,2045.1099853515625,-750.2100830078125
2022-01-11,AVGO,627.0,57.50117492675781,36053.23667907715,0.19922209021458973,61.31610107421875,-2391.958694458008
2022-01-11,COST,73.0,496.3017272949219,36230.0260925293,0.20019898881565729,538.7796020507812,-3100.8848571777344
2022-01-12,EXP,208.0,158.6368408203125,32996.462890625,0.1808113823789314,160.94810485839844,-480.742919921875
2022-01-12,FDS,74.0,426.62335205078125,31570.128051757812,0.17299546663045642,453.5392761230469,-1991.7783813476562
2022-01-12,AZO,17.0,2052.8798828125,34898.9580078125,0.19123652319623927,2045.1099853515625,132.0882568359375
2022-01-12,AVGO,627.0,57.49654769897461,36050.33540725708,0.19754574912519735,61.31610107421875,-2394.859966278076
2022-01-12,COST,73.0,499.8858642578125,36491.66809082031,0.19996412872147654,538.7796020507812,-2839.2428588867188
2022-01-13,EXP,208.0,158.77337646484375,33024.8623046875,0.18406272580643598,160.94810485839844,-452.343505859375
2022-01-13,FDS,74.0,413.5894775390625,30605.621337890625,0.1705791847511255,453.5392761230469,-2956.2850952148438
2022-01-13,AZO,17.0,2048.39990234375,34822.79833984375,0.19408344911493267,2045.1099853515625,55.9285888671875
2022-01-13,AVGO,627.0,55.203155517578125,34612.378509521484,0.19291068275559053,61.31610107421875,-3832.816864013672
2022-01-13,COST,73.0,491.405517578125,35872.602783203125,0.19993449144860526,538.7796020507812,-3458.3081665039062
2022-01-14,EXP,208.0,154.93106079101562,32225.66064453125,0.18220455007111502,160.94810485839844,-1251.545166015625
2022-01-14,FDS,74.0,406.9390563964844,30113.490173339844,0.1702622946547863,453.5392761230469,-3448.416259765625
2022-01-14,AZO,17.0,2033.47998046875,34569.15966796875,0.19545474189394704,2045.1099853515625,-197.7100830078125
2022-01-14,AVGO,627.0,55.12736129760742,34564.85553359985,0.1954304062294348,61.31610107421875,-3880.3398399353027
2022-01-14,COST,73.0,478.2000732421875,34908.60534667969,0.1973739747638434,538.7796020507812,-4422.305603027344
2022-01-18,EXP,208.0,150.96194458007812,31400.08447265625,0.18158784346619566,160.94810485839844,-2077.121337890625
2022-01-18,FDS,74.0,408.4635009765625,30226.299072265625,0.174799799321453,453.5392761230469,-3335.6073608398438
2022-01-18,AZO,17.0,1967.56005859375,33448.52099609375,0.19343402722701725,2045.1099853515625,-1318.3487548828125
2022-01-18,AVGO,627.0,53.40985107421875,33487.976623535156,0.19366220057177147,61.31610107421875,-4957.21875
2022-01-18,COST,73.0,464.0154724121094,33873.129486083984,0.1958895537426197,538.7796020507812,-5457.781463623047
2022-01-19,EXP,208.0,147.35374450683594,30649.578857421875,0.17902750553511645,160.94810485839844,-2827.626953125
2022-01-19,FDS,74.0,409.2161865234375,30281.997802734375,0.1768804248326769,453.5392761230469,-3279.9086303710938
2022-01-19,AZO,17.0,1945.8900146484375,33080.13024902344,0.19322461913127814,2045.1099853515625,-1686.739501953125
2022-01-19,AVGO,627.0,52.132354736328125,32686.986419677734,0.19092822349688132,61.31610107421875,-5758.208953857422
2022-01-19,COST,73.0,466.00244140625,34018.17822265625,0.19870385881587457,538.7796020507812,-5312.732727050781
2022-01-20,EXP,208.0,144.71092224121094,30099.871826171875,0.17842203277814675,160.94810485839844,-3377.333984375
2022-01-20,FDS,74.0,405.50048828125,30007.0361328125,0.17787173365331307,453.5392761230469,-3554.8703002929688
2022-01-20,AZO,17.0,1932.7099609375,32856.0693359375,0.19475985525361847,2045.1099853515625,-1910.8004150390625
2022-01-20,AVGO,627.0,50.63024139404297,31745.16135406494,0.18817476208445666,61.31610107421875,-6700.034019470215
2022-01-20,COST,73.0,459.0241394042969,33508.76217651367,0.19862880140953154,538.7796020507812,-5822.148773193359
2022-01-21,EXP,208.0,141.1318817138672,29355.431396484375,0.1759848091569408,160.94810485839844,-4121.7744140625
2022-01-21,FDS,74.0,400.2792053222656,29620.661193847656,0.17757485273835794,453.5392761230469,-3941.2452392578125
2022-01-21,AZO,17.0,1942.1700439453125,33016.89074707031,0.19793513297762674,2045.1099853515625,-1749.97900390625
2022-01-21,AVGO,627.0,49.29080581665039,30905.335247039795,0.1852764298341375,61.31610107421875,-7539.860126495361
2022-01-21,COST,73.0,457.8737487792969,33424.78366088867,0.20038043707230235,538.7796020507812,-5906.127288818359
2022-01-24,EXP,208.0,142.31190490722656,29600.876220703125,0.17555625255493326,160.94810485839844,-3876.32958984375
2022-01-24,FDS,74.0,401.0985412597656,29681.292053222656,0.17603318107887136,453.5392761230469,-3880.6143798828125
2022-01-24,AZO,17.0,1972.1300048828125,33526.21008300781,0.19883653985978064,2045.1099853515625,-1240.65966796875
2022-01-24,AVGO,627.0,50.06266784667969,31389.292739868164,0.18616295553801457,61.31610107421875,-7055.902633666992
2022-01-24,COST,73.0,464.8044738769531,33930.72659301758,0.20123563784811133,538.7796020507812,-5400.184356689453
2022-01-25,EXP,208.0,138.11851501464844,28728.651123046875,0.17374763807253046,160.94810485839844,-4748.5546875
2022-01-25,FDS,74.0,394.9150695800781,29223.71514892578,0.17674172940047778,453.5392761230469,-4338.1912841796875
2022-01-25,AZO,17.0,1930.93994140625,32825.97900390625,0.19852781444276518,2045.1099853515625,-1940.8907470703125
2022-01-25,AVGO,627.0,49.374935150146484,30958.084339141846,0.18723099842515759,61.31610107421875,-7487.111034393311
2022-01-25,COST,73.0,453.7952575683594,33127.053802490234,0.20034868082848856,538.7796020507812,-6203.857147216797
2022-01-26,EXP,208.0,139.27903747558594,28970.039794921875,0.17454769015375873,160.94810485839844,-4507.166015625
2022-01-26,FDS,74.0,387.64532470703125,28685.754028320312,0.172834837004258,453.5392761230469,-4876.152404785156
2022-01-26,AZO,17.0,1881.699951171875,31988.899169921875,0.1927366513887252,2045.1099853515625,-2777.9705810546875
2022-01-26,AVGO,627.0,51.49916076660156,32289.97380065918,0.19455065929934962,61.31610107421875,-6155.221572875977
2022-01-26,COST,73.0,459.6421203613281,33553.87478637695,0.20216580236445397,538.7796020507812,-5777.036163330078
2022-01-27,EXP,208.0,137.78692626953125,28659.6806640625,0.17350732212444936,160.94810485839844,-4817.525146484375
2022-01-27,FDS,74.0,387.6263732910156,28684.351623535156,0.17365668150365937,453.5392761230469,-4877.5548095703125
2022-01-27,AZO,17.0,1907.72998046875,32431.40966796875,0.196341582105144,2045.1099853515625,-2335.4600830078125
2022-01-27,AVGO,627.0,50.130149841308594,31431.60395050049,0.19028870193819372,61.31610107421875,-7013.591423034668
2022-01-27,COST,73.0,458.73895263671875,33487.94354248047,0.20273789773228093,538.7796020507812,-5842.9674072265625
2022-01-28,EXP,208.0,140.25421142578125,29172.8759765625,0.1731081797183761,160.94810485839844,-4304.329833984375
2022-01-28,FDS,74.0,392.6950988769531,29059.43731689453,0.17243504896840856,453.5392761230469,-4502.4691162109375
2022-01-28,AZO,17.0,1951.1600341796875,33169.72058105469,0.196824953294513,2045.1099853515625,-1597.149169921875
2022-01-28,AVGO,627.0,51.77462387084961,32462.689167022705,0.1926295177404347,61.31610107421875,-5982.506206512451
2022-01-28,COST,73.0,468.1605224609375,34175.71813964844,0.20279441637759069,538.7796020507812,-5155.192810058594
2022-01-31,EXP,208.0,142.23385620117188,29584.64208984375,0.17141021700250414,160.94810485839844,-3892.563720703125
2022-01-31,FDS,74.0,401.9656066894531,29745.45489501953,0.17234194900548908,453.5392761230469,-3816.4515380859375
2022-01-31,AZO,17.0,1986.3499755859375,33767.94958496094,0.19564784824876494,2045.1099853515625,-998.920166015625
2022-01-31,AVGO,627.0,54.157676696777344,33956.863288879395,0.19674239382025002,61.31610107421875,-4488.332084655762
2022-01-31,COST,73.0,480.2346496582031,35057.12942504883,0.2031172168310734,538.7796020507812,-4273.781524658203
2022-02-01,AAPL,142.0,170.7052459716797,24240.144927978516,0.13996380424348653,170.7052459716797,0.0
2022-02-01,GOOGL,186.0,136.43418884277344,25376.75912475586,0.14652667123173183,136.43418884277344,0.0
2022-02-01,MA,67.0,382.2544860839844,25611.050567626953,0.1478794816931942,382.2544860839844,0.0
2022-02-01,V,118.0,224.5321807861328,26494.797332763672,0.1529822795355306,224.5321807861328,0.0
2022-02-01,GOOG,204.0,136.6734619140625,27881.38623046875,0.16098851289845834,136.6734619140625,0.0
2022-02-02,AAPL,142.0,171.9076690673828,24410.88900756836,0.13715668624149333,170.7052459716797,170.74407958984375
2022-02-02,GOOGL,186.0,146.6991729736328,27286.046173095703,0.15331124042937855,136.43418884277344,1909.2870483398438
2022-02-02,MA,67.0,386.82720947265625,25917.42303466797,0.1456214010989887,382.2544860839844,306.3724670410156
2022-02-02,V,118.0,227.4891357421875,26843.718017578125,0.15082594528001741,224.5321807861328,348.9206848144531
2022-02-02,GOOG,204.0,146.74270629882812,29935.512084960938,0.16819771034321765,136.6734619140625,2054.1258544921875
2022-02-03,AAPL,142.0,169.03346252441406,24002.751678466797,0.13739661187811303,170.7052459716797,-237.39324951171875
2022-02-03,GOOGL,186.0,141.8323211669922,26380.811737060547,0.15100910928134073,136.43418884277344,1004.0526123046875
2022-02-03,MA,67.0,380.3143005371094,25481.058135986328,0.14585873744194727,382.2544860839844,-129.992431640625
2022-02-03,V,118.0,223.73983764648438,26401.300842285156,0.15112639306929912,224.5321807861328,-93.49649047851562
2022-02-03,GOOG,204.0,141.40377807617188,28846.370727539062,0.16512246829181096,136.6734619140625,964.9844970703125
2022-02-04,AAPL,142.0,168.74960327148438,23962.44366455078,0.13779867578481583,170.7052459716797,-277.7012634277344
2022-02-04,GOOGL,186.0,142.0335693359375,26418.243896484375,0.15192102593782295,136.43418884277344,1041.4847717285156
2022-02-04,MA,67.0,372.64111328125,24966.95458984375,0.14357522667647324,382.2544860839844,-644.0959777832031
2022-02-04,V,118.0,220.69598388671875,26042.126098632812,0.14975811904866793,224.5321807861328,-452.6712341308594
2022-02-04,GOOG,204.0,141.76611328125,28920.287109375,0.16630930145426234,136.6734619140625,1038.90087890625
2022-02-07,AAPL,142.0,168.03501892089844,23860.972686767578,0.13898736229544667,170.7052459716797,-379.1722412109375
2022-02-07,GOOGL,186.0,137.9775390625,25663.822265625,0.14948874926194736,136.43418884277344,287.0631408691406
2022-02-07,MA,67.0,366.722900390625,24570.434326171875,0.14311989298499772,382.2544860839844,-1040.6162414550781
2022-02-07,V,118.0,219.50743103027344,25901.876861572266,0.15087538931251693,224.5321807861328,-592.9204711914062
2022-02-07,GOOG,204.0,137.7237548828125,28095.64599609375,0.16365383675868478,136.6734619140625,214.259765625
2022-02-08,AAPL,142.0,171.1380157470703,24301.598236083984,0.14113739732548292,170.7052459716797,61.45330810546875
2022-02-08,GOOGL,186.0,138.17376708984375,25700.320678710938,0.14926081551449671,136.43418884277344,323.5615539550781
2022-02-08,MA,67.0,365.0069274902344,24455.464141845703,0.14203101071112814,382.2544860839844,-1155.58642578125
2022-02-08,V,118.0,220.26112365722656,25990.812591552734,0.15094791741307534,224.5321807861328,-503.9847412109375
2022-02-08,GOOG,204.0,137.99632263183594,28151.24981689453,0.16349517805443817,136.6734619140625,269.86358642578125
2022-02-09,AAPL,142.0,172.5574188232422,24503.15347290039,0.14079506691838797,170.7052459716797,263.008544921875
2022-02-09,GOOGL,186.0,140.34750366210938,26104.635681152344,0.14999718022714292,136.43418884277344,727.8765563964844
2022-02-09,MA,67.0,371.83184814453125,24912.733825683594,0.14314851474061813,382.2544860839844,-698.3167419433594
2022-02-09,V,118.0,223.09239196777344,26324.902252197266,0.15126283146850059,224.5321807861328,-169.89508056640625
2022-02-09,GOOG,204.0,140.21676635742188,28604.220336914062,0.164359788259018,136.6734619140625,722.8341064453125
2022-02-10,AAPL,142.0,168.48529052734375,23924.911254882812,0.13965416558831178,170.7052459716797,-315.2336730957031
2022-02-10,GOOGL,186.0,137.40162658691406,25556.702545166016,0.14917923544671163,136.43418884277344,179.94342041015625
2022-02-10,MA,67.0,365.02642822265625,24456.77069091797,0.1427587282325975,382.2544860839844,-1154.2798767089844
2022-02-10,V,118.0,218.34494018554688,25764.70294189453,0.15039337252491,224.5321807861328,-730.0943908691406
2022-02-10,GOOG,204.0,137.3911590576172,28027.796447753906,0.16360347106371298,136.6734619140625,146.41021728515625
2022-02-11,AAPL,142.0,165.0787811279297,23441.186920166016,0.13893295768104633,170.7052459716797,-798.9580078125
2022-02-11,GOOGL,186.0,133.1022491455078,24757.018341064453,0.1467317245155791,136.43418884277344,-619.7407836914062
2022-02-11,MA,67.0,360.5220031738281,24154.974212646484,0.1431634849165996,382.2544860839844,-1456.0763549804688
2022-02-11,V,118.0,217.47384643554688,25661.91387939453,0.1520949262152518,224.5321807861328,-832.8834533691406
2022-02-11,GOOG,204.0,132.95777893066406,27123.38690185547,0.1607568924490042,136.6734619140625,-757.9993286132812
2022-02-14,AAPL,142.0,165.31373596191406,23474.550506591797,0.1384249471810755,170.7052459716797,-765.5944213867188
2022-02-14,GOOGL,186.0,134.33485412597656,24986.28286743164,0.1473393445895548,136.43418884277344,-390.47625732421875
2022-02-14,MA,67.0,364.8021545410156,24441.744354248047,0.14412830483378467,382.2544860839844,-1169.3062133789062
2022-02-14,V,118.0,218.10296630859375,25736.150024414062,0.15176116819674026,224.5321807861328,-758.6473083496094
2022-02-14,GOOG,204.0,134.11753845214844,27359.97784423828,0.1613365711475746,136.6734619140625,-521.4083862304688
2022-02-15,AAPL,142.0,169.14114379882812,24018.042419433594,0.14019467591432827,170.7052459716797,-222.10250854492188
2022-02-15,GOOGL,186.0,135.40782165527344,25185.85482788086,0.14701126318117916,136.43418884277344,-190.904296875
2022-02-15,MA,67.0,371.99749755859375,24923.83233642578,0.14548182303654492,382.2544860839844,-687.2182312011719
2022-02-15,V,118.0,220.50332641601562,26019.392517089844,0.15187666995165264,224.5321807861328,-475.4048156738281
2022-02-15,GOOG,204.0,135.23316955566406,27587.56658935547,0.16103019095887036,136.6734619140625,-293.81964111328125
2022-02-16,AAPL,142.0,168.90621948242188,23984.683166503906,0.13951569137604422,170.7052459716797,-255.46176147460938
2022-02-16,GOOGL,186.0,136.5273895263672,25394.094451904297,0.1477140481586115,136.43418884277344,17.3353271484375
2022-02-16,MA,67.0,373.3528137207031,25014.63851928711,0.14550680379276712,382.2544860839844,-596.4120483398438
2022-02-16,V,118.0,221.47122192382812,26133.60418701172,0.15201567729653212,224.5321807861328,-361.1931457519531
2022-02-16,GOOG,204.0,136.28590393066406,27802.32440185547,0.1617223994104287,136.6734619140625,-79.06182861328125
2022-02-17,AAPL,142.0,165.31373596191406,23474.550506591797,0.13946864721914978,170.7052459716797,-765.5944213867188
2022-02-17,GOOGL,186.0,131.3740692138672,24435.576873779297,0.1451783645292187,136.43418884277344,-941.1822509765625
2022-02-17,MA,67.0,364.3537292480469,24411.69985961914,0.14503650473669086,382.2544860839844,-1199.3507080078125
2022-02-17,V,118.0,217.39642333984375,25652.777954101562,0.15241008502663841,224.5321807861328,-842.0193786621094
2022-02-17,GOOG,204.0,131.15216064453125,26755.040771484375,0.15895892624841945,136.6734619140625,-1126.345458984375
2022-02-18,AAPL,142.0,163.76707458496094,23254.924591064453,0.1393643643913363,170.7052459716797,-985.2203369140625
2022-02-18,GOOGL,186.0,129.25686645507812,24041.77716064453,0.14407989067910387,136.43418884277344,-1334.9819641113281
2022-02-18,MA,67.0,360.69744873046875,24166.729064941406,0.14482871455310226,382.2544860839844,-1444.3215026855469
2022-02-18,V,118.0,215.5380401611328,25433.488739013672,0.1524202746169647,224.5321807861328,-1061.30859375
2022-02-18,GOOG,204.0,129.32725524902344,26382.76007080078,0.15810915979358064,136.6734619140625,-1498.6261596679688
2022-02-22,AAPL,142.0,160.85003662109375,22840.705200195312,0.13770988102400397,170.7052459716797,-1399.4397277832031
2022-02-22,GOOGL,186.0,128.6725311279297,23933.090789794922,0.14429603010554864,136.43418884277344,-1443.6683349609375
2022-02-22,MA,67.0,359.07904052734375,24058.29571533203,0.14505090852318991,382.2544860839844,-1552.7548522949219
2022-02-22,V,118.0,214.21209716796875,25277.027465820312,0.15239881669366456,224.5321807861328,-1217.7698669433594
2022-02-22,GOOG,204.0,128.2715606689453,26167.398376464844,0.1577669903598193,136.6734619140625,-1713.9878540039062
2022-02-23,AAPL,142.0,156.6897430419922,22249.94351196289,0.13615361160554695,170.7052459716797,-1990.201416015625
2022-02-23,GOOGL,186.0,126.46659088134766,23522.785903930664,0.14394248929765788,136.43418884277344,-1853.9732208251953
2022-02-23,MA,67.0,352.195556640625,23597.102294921875,0.1443972520268083,382.2544860839844,-2013.9482727050781
2022-02-23,V,118.0,209.0145263671875,24663.714111328125,0.1509241472931618,224.5321807861328,-1831.0832214355469
2022-02-23,GOOG,204.0,126.4699478149414,25799.869354248047,0.15787659818747324,136.6734619140625,-2081.516876220703
2022-02-24,AAPL,142.0,159.30340576171875,22621.083618164062,0.13590688500720202,170.7052459716797,-1619.0613098144531
2022-02-24,GOOGL,186.0,131.5247344970703,24463.600616455078,0.14697667945371914,136.43418884277344,-913.1585083007812
2022-02-24,MA,67.0,360.1416931152344,24129.493438720703,0.14496937217565553,382.2544860839844,-1481.55712890625
2022-02-24,V,118.0,210.3211669921875,24817.897705078125,0.14910528719394317,224.5321807861328,-1676.8996276855469
2022-02-24,GOOG,204.0,131.51397705078125,26828.851318359375,0.16118704446465051,136.6734619140625,-1052.534912109375
2022-02-25,AAPL,142.0,161.36878967285156,22914.368133544922,0.13668457810845416,170.7052459716797,-1325.7767944335938
2022-02-25,GOOGL,186.0,133.27769470214844,24789.65121459961,0.1478706721466592,136.43418884277344,-587.10791015625
2022-02-25,MA,67.0,359.8589172363281,24110.547454833984,0.1438198071891593,382.2544860839844,-1500.5031127929688
2022-02-25,V,118.0,212.2279052734375,25042.892822265625,0.14938126244972164,224.5321807861328,-1451.9045104980469
2022-02-25,GOOG,204.0,133.34385681152344,27202.14678955078,0.16226124743675338,136.6734619140625,-679.2394409179688
2022-02-28,AAPL,142.0,161.6331329345703,22951.904876708984,0.13746374036315656,170.7052459716797,-1288.2400512695312
2022-02-28,GOOGL,186.0,133.86997985839844,24899.81625366211,0.1491301874493697,136.43418884277344,-476.94287109375
2022-02-28,MA,67.0,351.79583740234375,23570.32110595703,0.14116756400787642,382.2544860839844,-2040.7294616699219
2022-02-28,V,118.0,209.1790771484375,24683.131103515625,0.1478324149385349,224.5321807861328,-1811.6662292480469
2022-02-28,GOOG,204.0,133.7121124267578,27277.270935058594,0.16336925888175002,136.6734619140625,-604.1152954101562
2022-03-01,AAPL,207.0,159.75367736816406,33069.01121520996,0.20151420396050637,167.26634761791874,-1555.1227416992188
2022-03-01,MA,94.0,335.86444091796875,31571.257446289062,0.19238727069634748,368.9296858767246,-3108.133026123047
2022-03-01,BRO,257.0,64.88235473632812,16674.765167236328,0.10161180831915824,64.88235473632812,0.0
2022-03-01,MU,240.0,84.335693359375,20240.56640625,0.12334090065533092,84.335693359375,0.0
2022-03-01,ORLY,489.0,43.768001556396484,21402.55276107788,0.1304217520839461,43.768001556396484,0.0
2022-03-02,AAPL,207.0,163.042724609375,33749.843994140625,0.20180498506205818,167.26634761791874,-874.2899627685547
2022-03-02,MA,94.0,335.4841613769531,31535.511169433594,0.18856452674497653,368.9296858767246,-3143.8793029785156
2022-03-02,BRO,257.0,65.6973648071289,16884.22275543213,0.10095810580742225,64.88235473632812,209.45758819580078
2022-03-02,MU,240.0,91.21864318847656,21892.474365234375,0.13090461878919007,84.335693359375,1651.907958984375
2022-03-02,ORLY,489.0,45.05799865722656,22033.36134338379,0.1317470432616059,43.768001556396484,630.8085823059082
2022-03-03,AAPL,207.0,162.71966552734375,33682.970764160156,0.20255176788020704,167.26634761791874,-941.1631927490234
2022-03-03,MA,94.0,332.4617614746094,31251.40557861328,0.18792960671464443,368.9296858767246,-3427.984893798828
2022-03-03,BRO,257.0,66.0854721069336,16983.966331481934,0.10213268984337924,64.88235473632812,309.20116424560547
2022-03-03,MU,240.0,87.19054412841797,20925.730590820312,0.1258363983103753,84.335693359375,685.1641845703125
2022-03-03,ORLY,489.0,45.612667083740234,22304.594203948975,0.13412816284802337,43.768001556396484,902.0414428710938
2022-03-04,AAPL,207.0,159.7242889404297,33062.927810668945,0.2031201792302022,167.26634761791874,-1561.2061462402344
2022-03-04,MA,94.0,322.48760986328125,30313.835327148438,0.18623128901543726,368.9296858767246,-4365.555145263672
2022-03-04,BRO,257.0,66.37654113769531,17058.771072387695,0.10479957061008603,64.88235473632812,384.0059051513672
2022-03-04,MU,240.0,80.08271789550781,19219.852294921875,0.11807604774985468,84.335693359375,-1020.714111328125
2022-03-04,ORLY,489.0,44.939334869384766,21975.33475112915,0.13500419439117825,43.768001556396484,572.7819900512695
2022-03-07,AAPL,207.0,155.93600463867188,32278.752960205078,0.2044124242091558,167.26634761791874,-2345.3809967041016
2022-03-07,MA,94.0,305.09381103515625,28678.818237304688,0.18161503223400718,368.9296858767246,-6000.572235107422
2022-03-07,BRO,257.0,64.26134490966797,16515.165641784668,0.10458598103882617,64.88235473632812,-159.59952545166016
2022-03-07,MU,240.0,74.01126098632812,17762.70263671875,0.11248628814608874,84.335693359375,-2477.86376953125
2022-03-07,ORLY,489.0,44.02866744995117,21530.018383026123,0.13634365789681666,43.768001556396484,127.46562194824219
2022-03-08,AAPL,207.0,154.1153106689453,31901.86930847168,0.20376554980801648,167.26634761791874,-2722.2646484375
2022-03-08,MA,94.0,306.46844482421875,28808.033813476562,0.18400441654784647,368.9296858767246,-5871.356658935547
2022-03-08,BRO,257.0,59.31296157836914,15243.43112564087,0.09736376556003283,64.88235473632812,-1431.334041595459
2022-03-08,MU,240.0,75.4386978149414,18105.287475585938,0.11564318758948935,84.335693359375,-2135.2789306640625
2022-03-08,ORLY,489.0,43.678001403808594,21358.542686462402,0.13642257610431852,43.768001556396484,-44.010074615478516
2022-03-09,AAPL,207.0,159.5089111328125,33018.34460449219,0.205445913519797,167.26634761791874,-1605.7893524169922
2022-03-09,MA,94.0,319.92340087890625,30072.799682617188,0.18711821797548805,368.9296858767246,-4606.590789794922
2022-03-09,BRO,257.0,61.65131759643555,15844.388622283936,0.09858655646306785,64.88235473632812,-830.3765449523926
2022-03-09,MU,240.0,77.6678237915039,18640.277709960938,0.115983067239071,84.335693359375,-1600.2886962890625
2022-03-09,ORLY,489.0,44.97999954223633,21995.219776153564,0.1368581034000651,43.768001556396484,592.6670150756836
2022-03-10,AAPL,207.0,155.17245483398438,32120.698150634766,0.20257824007621084,167.26634761791874,-2503.435806274414
2022-03-10,MA,94.0,316.4720153808594,29748.36944580078,0.18761648016508486,368.9296858767246,-4931.021026611328
2022-03-10,BRO,257.0,61.3020133972168,15754.617443084717,0.0993609372911779,64.88235473632812,-920.1477241516113
2022-03-10,MU,240.0,74.03082275390625,17767.3974609375,0.11205510202461545,84.335693359375,-2473.1689453125
2022-03-10,ORLY,489.0,45.038665771484375,22023.90756225586,0.13889998320210153,43.768001556396484,621.3548011779785
2022-03-11,AAPL,207.0,151.46249389648438,31352.736236572266,0.1997029846212715,167.26634761791874,-3271.397720336914
2022-03-11,MA,94.0,316.66693115234375,29766.691528320312,0.18960058527753507,368.9296858767246,-4912.698944091797
2022-03-11,BRO,257.0,60.84598159790039,15637.4172706604,0.0996033927359864,64.88235473632812,-1037.3478965759277
2022-03-11,MU,240.0,71.19551849365234,17086.924438476562,0.1088361086769049,84.335693359375,-3153.6419677734375
2022-03-11,ORLY,489.0,45.00733184814453,22008.585273742676,0.14018489911994655,43.768001556396484,606.0325126647949
2022-03-14,AAPL,207.0,147.4392852783203,30519.932052612305,0.19575062429232507,167.26634761791874,-4104.201904296875
2022-03-14,MA,94.0,320.3719177246094,30114.96026611328,0.19315319124787056,368.9296858767246,-4564.430206298828
2022-03-14,BRO,257.0,61.67072296142578,15849.375801086426,0.10165570494580384,64.88235473632812,-825.3893661499023
2022-03-14,MU,240.0,67.85179901123047,16284.431762695312,0.10444609372977061,84.335693359375,-3956.1346435546875
2022-03-14,ORLY,489.0,44.987998962402344,21999.131492614746,0.14109938764426871,43.768001556396484,596.5787315368652
2022-03-15,AAPL,207.0,151.81492614746094,31425.689712524414,0.19694628042266624,167.26634761791874,-3198.4442443847656
2022-03-15,MA,94.0,326.6215515136719,30702.425842285156,0.19241355161668702,368.9296858767246,-3976.964630126953
2022-03-15,BRO,257.0,64.018798828125,16452.831298828125,0.10311067016723019,64.88235473632812,-221.93386840820312
2022-03-15,MU,240.0,71.47904205322266,17154.970092773438,0.10751100712317216,84.335693359375,-3085.5963134765625
2022-03-15,ORLY,489.0,46.38933181762695,22684.38325881958,0.14216410037060204,43.768001556396484,1281.8304977416992
2022-03-16,AAPL,207.0,156.21987915039062,32337.51498413086,0.19803596111853997,167.26634761791874,-2286.6189727783203
2022-03-16,MA,94.0,336.0594787597656,31589.59100341797,0.19345565108430365,368.9296858767246,-3089.7994689941406
2022-03-16,BRO,257.0,64.89204406738281,16677.255325317383,0.10213203731917139,64.88235473632812,2.4901580810546875
2022-03-16,MU,240.0,77.89270782470703,18694.249877929688,0.11448417553985579,84.335693359375,-1546.3165283203125
2022-03-16,ORLY,489.0,46.7239990234375,22848.035522460938,0.13992208976421155,43.768001556396484,1445.4827613830566
2022-03-17,AAPL,207.0,157.2281036376953,32546.21745300293,0.1982562911267219,167.26634761791874,-2077.91650390625
2022-03-17,MA,94.0,337.7755432128906,31750.90106201172,0.1934115967109148,368.9296858767246,-2928.4894104003906
2022-03-17,BRO,257.0,66.00785827636719,16964.019577026367,0.1033368503974042,64.88235473632812,289.25440979003906
2022-03-17,MU,240.0,78.7237319946289,18893.695678710938,0.11509153210652415,84.335693359375,-1346.8707275390625
2022-03-17,ORLY,489.0,46.75466537475586,22863.031368255615,0.13927086333548847,43.768001556396484,1460.4786071777344
2022-03-18,AAPL,207.0,160.51715087890625,33227.050231933594,0.20145351921516258,167.26634761791874,-1397.083724975586
2022-03-18,MA,94.0,341.3341979980469,32085.414611816406,0.19453185413419316,368.9296858767246,-2593.975860595703
2022-03-18,BRO,257.0,67.52149200439453,17353.023445129395,0.10521029154386984,64.88235473632812,678.2582778930664
2022-03-18,MU,240.0,77.63851165771484,18633.242797851562,0.11297218109388994,84.335693359375,-1607.3236083984375
2022-03-18,ORLY,489.0,45.9986686706543,22493.34897994995,0.13637576249819303,43.768001556396484,1090.7962188720703
2022-03-21,AAPL,207.0,161.8876190185547,33510.73713684082,0.20384750720552436,167.26634761791874,-1113.3968200683594
2022-03-21,MA,94.0,336.9369812011719,31672.076232910156,0.19266284002461445,368.9296858767246,-3007.314239501953
2022-03-21,BRO,257.0,67.4438705444336,17333.074729919434,0.10543796937300799,64.88235473632812,658.3095626831055
2022-03-21,MU,240.0,76.60214233398438,18384.51416015625,0.11183392855337886,84.335693359375,-1856.05224609375
2022-03-21,ORLY,489.0,45.698001861572266,22346.322910308838,0.13593381135947147,43.768001556396484,943.770149230957
2022-03-22,AAPL,207.0,165.2549591064453,34207.77653503418,0.2065612181267195,167.26634761791874,-416.357421875
2022-03-22,MA,94.0,340.7881774902344,32034.08868408203,0.19343555911581944,368.9296858767246,-2645.301788330078
2022-03-22,BRO,257.0,67.15276336669922,17258.2601852417,0.10421277287520807,64.88235473632812,583.4950180053711
2022-03-22,MU,240.0,77.35497283935547,18565.193481445312,0.11210459634399457,84.335693359375,-1675.3729248046875
2022-03-22,ORLY,489.0,45.79999923706055,22396.199626922607,0.13523785363858323,43.768001556396484,993.6468658447266
2022-03-23,AAPL,207.0,166.6156463623047,34489.43879699707,0.20990671649968656,167.26634761791874,-134.69515991210938
2022-03-23,MA,94.0,333.6219482421875,31360.463134765625,0.19086340845596098,368.9296858767246,-3318.9273376464844
2022-03-23,BRO,257.0,66.63854217529297,17126.105339050293,0.10423145935505329,64.88235473632812,451.34017181396484
2022-03-23,MU,240.0,73.96239471435547,17750.974731445312,0.10803448680269656,84.335693359375,-2489.5916748046875
2022-03-23,ORLY,489.0,45.883331298828125,22436.949005126953,0.13655386861056057,43.768001556396484,1034.3962440490723
2022-03-24,AAPL,207.0,170.3941192626953,35271.58268737793,0.21143935386421517,167.26634761791874,647.44873046875
2022-03-24,MA,94.0,340.6126708984375,32017.591064453125,0.1919329457642747,368.9296858767246,-2661.7994079589844
2022-03-24,BRO,257.0,66.93932342529297,17203.406120300293,0.10312769649663789,64.88235473632812,528.6409530639648
2022-03-24,MU,240.0,76.46526336669922,18351.663208007812,0.11001104899166969,84.335693359375,-1888.9031982421875
2022-03-24,ORLY,489.0,46.68266677856445,22827.824054718018,0.13684388395712163,43.768001556396484,1425.2712936401367
2022-03-25,AAPL,207.0,171.0303955078125,35403.29187011719,0.21156751376704241,167.26634761791874,779.1579132080078
2022-03-25,MA,94.0,340.2909240722656,31987.34686279297,0.1911540732594229,368.9296858767246,-2692.0436096191406
2022-03-25,BRO,257.0,68.2782974243164,17547.522438049316,0.1048627260032584,64.88235473632812,872.7572708129883
2022-03-25,MU,240.0,76.35774230957031,18325.858154296875,0.10951400399646613,84.335693359375,-1914.708251953125
2022-03-25,ORLY,489.0,46.89066696166992,22929.53614425659,0.13702525097578858,43.768001556396484,1526.983383178711
2022-03-28,AAPL,207.0,171.89178466796875,35581.59942626953,0.2118583848729653,167.26634761791874,957.4654693603516
2022-03-28,MA,94.0,341.7241516113281,32122.070251464844,0.19125980933917666,368.9296858767246,-2557.3202209472656
2022-03-28,BRO,257.0,69.96658325195312,17981.411895751953,0.10706412705992664,64.88235473632812,1306.646728515625
2022-03-28,MU,240.0,78.0784683227539,18738.832397460938,0.11157392669651257,84.335693359375,-1501.7340087890625
2022-03-28,ORLY,489.0,45.77000045776367,22381.530223846436,0.13326311691061318,43.768001556396484,978.9774627685547
2022-03-29,AAPL,207.0,175.18084716796875,36262.43536376953,0.2116636253235685,167.26634761791874,1638.3014068603516
2022-03-29,MA,94.0,358.357421875,33685.59765625,0.1966226385400664,368.9296858767246,-993.7928161621094
2022-03-29,BRO,257.0,70.32560729980469,18073.681076049805,0.1054959718265598,64.88235473632812,1398.9159088134766
2022-03-29,MU,240.0,80.21961975097656,19252.708740234375,0.11237794947794011,84.335693359375,-987.857666015625
2022-03-29,ORLY,489.0,46.83466720581055,22902.152263641357,0.13367973020030474,43.768001556396484,1499.5995025634766
2022-03-30,AAPL,207.0,174.0159454345703,36021.300704956055,0.21216805126879992,167.26634761791874,1397.166748046875
2022-03-30,MA,94.0,353.1802978515625,33198.947998046875,0.19554419088344316,368.9296858767246,-1480.4424743652344
2022-03-30,BRO,257.0,70.54875946044922,18131.03118133545,0.10679307737237033,64.88235473632812,1456.266014099121
2022-03-30,MU,240.0,77.39407348632812,18574.57763671875,0.10940559788784719,84.335693359375,-1665.98876953125
2022-03-30,ORLY,489.0,46.435333251953125,22706.877960205078,0.1337451439268079,43.768001556396484,1304.3251991271973
2022-03-31,AAPL,207.0,170.92269897460938,35380.99868774414,0.21071833993486358,167.26634761791874,756.8647308349609
2022-03-31,MA,94.0,348.4418029785156,32753.52947998047,0.1950699419182831,368.9296858767246,-1925.8609924316406
2022-03-31,BRO,257.0,70.12181854248047,18021.30736541748,0.1073293607399532,64.88235473632812,1346.5421981811523
2022-03-31,MU,240.0,76.15242767333984,18276.582641601562,0.10884970172576479,84.335693359375,-1963.9837646484375
2022-03-31,ORLY,489.0,45.66400146484375,22329.696716308594,0.13298880183784675,43.768001556396484,927.1439552307129
2022-04-01,AAPL,149.0,170.62905883789062,25423.729766845703,0.15204358592863448,167.26634761791874,501.0439717758127
2022-04-01,MA,96.0,354.8669738769531,34067.2294921875,0.20373500592350582,368.6367127100627,-1321.8949279785156
2022-04-01,AKAM,170.0,120.51000213623047,20486.70036315918,0.12251826996376382,120.51000213623047,0.0
2022-04-01,MSFT,75.0,298.67852783203125,22400.889587402344,0.13396585049065482,298.67852783203125,0.0
2022-04-01,GOOG,166.0,139.4703369140625,23152.075927734375,0.13845823087433995,139.4703369140625,0.0
2022-04-04,AAPL,149.0,174.6718292236328,26026.10255432129,0.1540293515021845,167.26634761791874,1103.4167592513986
2022-04-04,MA,96.0,357.7334289550781,34342.4091796875,0.20324745143569883,368.6367127100627,-1046.7152404785156
2022-04-04,AKAM,170.0,120.45999908447266,20478.19984436035,0.12119539740441237,120.51000213623047,-8.500518798828125
2022-04-04,MSFT,75.0,304.0357971191406,22802.684783935547,0.13495231344945094,298.67852783203125,401.7951965332031
2022-04-04,GOOG,166.0,142.38710021972656,23636.25863647461,0.13988562375466415,139.4703369140625,484.1827087402344
2022-04-05,AAPL,149.0,171.36318969726562,25533.115264892578,0.15251808741043846,167.26634761791874,610.4294698226877
2022-04-05,MA,96.0,354.2333068847656,34006.3974609375,0.20313191894734506,368.6367127100627,-1382.7269592285156
2022-04-05,AKAM,170.0,120.41000366210938,20469.700622558594,0.1222725686398938,120.51000213623047,-16.999740600585938
2022-04-05,MSFT,75.0,300.0877685546875,22506.582641601562,0.13443956614890118,298.67852783203125,105.69305419921875
2022-04-05,GOOG,166.0,139.8301544189453,23211.805633544922,0.13865210585716622,139.4703369140625,59.729705810546875
2022-04-06,AAPL,149.0,168.20143127441406,25062.013259887695,0.15242497286397508,167.26634761791874,139.32746481780487
2022-04-06,MA,96.0,344.70758056640625,33091.927734375,0.20126221044666928,368.6367127100627,-2297.1966857910156
2022-04-06,AKAM,170.0,119.58999633789062,20330.299377441406,0.1236471028400087,120.51000213623047,-156.40098571777344
2022-04-06,MSFT,75.0,289.1028747558594,21682.715606689453,0.1318723800715816,298.67852783203125,-718.1739807128906
2022-04-06,GOOG,166.0,135.97711181640625,22572.200561523438,0.13728214977753267,139.4703369140625,-579.8753662109375
2022-04-07,AAPL,149.0,168.5048828125,25107.2275390625,0.15298643349854055,167.26634761791874,184.54174399260955
2022-04-07,MA,96.0,341.2806701660156,32762.9443359375,0.1996351846124005,368.6367127100627,-2626.1800842285156
2022-04-07,AKAM,170.0,119.33999633789062,20287.799377441406,0.12362010363190287,120.51000213623047,-198.90098571777344
2022-04-07,MSFT,75.0,290.90789794921875,21818.092346191406,0.1329446721503789,298.67852783203125,-582.7972412109375
2022-04-07,GOOG,166.0,135.2723388671875,22455.208251953125,0.13682682480925096,139.4703369140625,-696.86767578125
2022-04-08,AAPL,149.0,166.4981689453125,24808.227172851562,0.1520289066838748,167.26634761791874,-114.45862221832795
2022-04-08,MA,96.0,343.936279296875,33017.8828125,0.20233903011392385,368.6367127100627,-2371.2416076660156
2022-04-08,AKAM,170.0,118.36000061035156,20121.200103759766,0.12330603197191096,120.51000213623047,-365.50025939941406
2022-04-08,MSFT,75.0,286.66064453125,21499.54833984375,0.13175277723514411,298.67852783203125,-901.3412475585938
2022-04-08,GOOG,166.0,132.83929443359375,22051.322875976562,0.1351341425733361,139.4703369140625,-1100.7530517578125
2022-04-11,AAPL,149.0,162.24981689453125,24175.222717285156,0.1506356626996018,167.26634761791874,-747.4630777847342
2022-04-11,MA,96.0,339.1521911621094,32558.6103515625,0.2028724990144165,368.6367127100627,-2830.5140686035156
2022-04-11,AKAM,170.0,118.01000213623047,20061.70036315918,0.12500433044302858,120.51000213623047,-425.0
2022-04-11,MSFT,75.0,275.35723876953125,20651.792907714844,0.1286811934255434,298.67852783203125,-1749.0966796875
2022-04-11,GOOG,166.0,128.662109375,21357.91015625,0.13308100561840733,139.4703369140625,-1794.165771484375
2022-04-12,AAPL,149.0,164.11949157714844,24453.804244995117,0.152702467108218,167.26634761791874,-468.88155007477326
2022-04-12,MA,96.0,337.61932373046875,32411.455078125,0.20239424113366034,368.6367127100627,-2977.6693420410156
2022-04-12,AKAM,170.0,117.93000030517578,20048.100051879883,0.1251909235914088,120.51000213623047,-438.6003112792969
2022-04-12,MSFT,75.0,272.2682189941406,20420.116424560547,0.12751399027436117,298.67852783203125,-1980.7731628417969
2022-04-12,GOOG,166.0,127.2525405883789,21123.9217376709,0.1319089223102557,139.4703369140625,-2028.1541900634766
2022-04-13,AAPL,149.0,166.8015899658203,24853.436904907227,0.153088803191079,167.26634761791874,-69.24889016266388
2022-04-13,MA,96.0,346.7384338378906,33286.8896484375,0.2050360325507598,368.6367127100627,-2102.2347717285156
2022-04-13,AKAM,170.0,119.19000244140625,20262.300415039062,0.12480894824747428,120.51000213623047,-224.3999481201172
2022-04-13,MSFT,75.0,277.6352233886719,20822.64175415039,0.12826046222967535,298.67852783203125,-1578.2478332519531
2022-04-13,GOOG,166.0,129.14735412597656,21438.46078491211,0.13205370011312428,139.4703369140625,-1713.6151428222656
2022-04-14,AAPL,149.0,161.79949951171875,24108.125427246094,0.14996777818626097,167.26634761791874,-814.5603678237967
2022-04-14,MA,96.0,349.35498046875,33538.078125,0.20862804435881988,368.6367127100627,-1851.0462951660156
2022-04-14,AKAM,170.0,118.98999786376953,20228.29963684082,0.12583280944749503,120.51000213623047,-258.4007263183594
2022-04-14,MSFT,75.0,270.1156921386719,20258.67691040039,0.12602177528960634,298.67852783203125,-2142.212677001953
2022-04-14,GOOG,166.0,126.14085388183594,20939.381744384766,0.1302561896102616,139.4703369140625,-2212.6941833496094
2022-04-18,AAPL,149.0,161.5841522216797,24076.038681030273,0.14966086294123004,167.26634761791874,-846.647114039617
2022-04-18,MA,96.0,348.3591613769531,33442.4794921875,0.2078842955024274,368.6367127100627,-1946.6449279785156
2022-04-18,AKAM,170.0,119.44000244140625,20304.800415039062,0.12621818697934375,120.51000213623047,-181.8999481201172
2022-04-18,MSFT,75.0,270.7817687988281,20308.63265991211,0.12624200888303402,298.67852783203125,-2092.2569274902344
2022-04-18,GOOG,166.0,126.84265899658203,21055.881393432617,0.1308870375678623,139.4703369140625,-2096.194534301758
2022-04-19,AAPL,149.0,163.86492919921875,24415.874450683594,0.14982272943231217,167.26634761791874,-506.8113443862967
2022-04-19,MA,96.0,355.26190185546875,34105.142578125,0.20927882632480482,368.6367127100627,-1283.9818420410156
2022-04-19,AKAM,170.0,121.33999633789062,20627.799377441406,0.12657802656844402,120.51000213623047,141.09901428222656
2022-04-19,MSFT,75.0,275.3958435058594,20654.688262939453,0.12674302439495427,298.67852783203125,-1746.2013244628906
2022-04-19,GOOG,166.0,129.39022827148438,21478.777893066406,0.13179987205903734,139.4703369140625,-1673.2980346679688
2022-04-20,AAPL,149.0,163.6985321044922,24391.081283569336,0.14975555027155743,167.26634761791874,-531.6045115005545
2022-04-20,MA,96.0,356.64825439453125,34238.232421875,0.21021476157833713,368.6367127100627,-1150.8919982910156
2022-04-20,AKAM,170.0,121.91999816894531,20726.399688720703,0.12725526000454493,120.51000213623047,239.69932556152344
2022-04-20,MSFT,75.0,276.4189453125,20731.4208984375,0.12728608906109334,298.67852783203125,-1669.4686889648438
2022-04-20,GOOG,166.0,127.12467193603516,21102.695541381836,0.1295656287752043,139.4703369140625,-2049.380386352539
2022-04-21,AAPL,149.0,162.9056396484375,24272.940307617188,0.1503941524871794,167.26634761791874,-649.745487452703
2022-04-21,MA,96.0,355.8183898925781,34158.5654296875,0.21164508431488116,368.6367127100627,-1230.5589904785156
2022-04-21,AKAM,170.0,119.95999908447266,20393.19984436035,0.12635543812266456,120.51000213623047,-93.50051879882812
2022-04-21,MSFT,75.0,271.0616455078125,20329.623413085938,0.12596152113615616,298.67852783203125,-2071.2661743164062
2022-04-21,GOOG,166.0,123.8456039428711,20558.3702545166,0.1273788272768666,139.4703369140625,-2593.7056732177734
2022-04-22,AAPL,149.0,158.3734130859375,23597.638549804688,0.1497016333101934,167.26634761791874,-1325.047245265203
2022-04-22,MA,96.0,342.87213134765625,32915.724609375,0.2088148661660363,368.6367127100627,-2473.3998107910156
2022-04-22,AKAM,170.0,117.13999938964844,19913.799896240234,0.12633163965062075,120.51000213623047,-572.9004669189453
2022-04-22,MSFT,75.0,264.51702880859375,19838.77716064453,0.12585570109302435,298.67852783203125,-2562.1124267578125
2022-04-22,GOOG,166.0,118.56861114501953,19682.389450073242,0.12486358929112722,139.4703369140625,-3469.686477661133
2022-04-25,AAPL,149.0,159.4404296875,23756.6240234375,0.14897357910375178,167.26634761791874,-1166.0617716323904
2022-04-25,MA,96.0,346.211181640625,33236.2734375,0.2084187805965408,368.6367127100627,-2152.8509826660156
2022-04-25,AKAM,170.0,118.76000213623047,20189.20036315918,0.12660289754871454,120.51000213623047,-297.5
2022-04-25,MSFT,75.0,270.9748229980469,20323.111724853516,0.1274426319661377,298.67852783203125,-2077.777862548828
2022-04-25,GOOG,166.0,122.17283630371094,20280.690826416016,0.12717661802986474,139.4703369140625,-2871.3851013183594
2022-04-26,AAPL,149.0,153.48878479003906,22869.82893371582,0.14698933472826003,167.26634761791874,-2052.85686135407
2022-04-26,MA,96.0,335.9692687988281,32253.0498046875,0.2072973238011087,368.6367127100627,-3136.0746154785156
2022-04-26,AKAM,170.0,115.02999877929688,19555.09979248047,0.12568485393451598,120.51000213623047,-931.6005706787109
2022-04-26,MSFT,75.0,260.8393859863281,19562.95394897461,0.12573533429627431,298.67852783203125,-2837.9356384277344
2022-04-26,GOOG,166.0,118.4615478515625,19664.616943359375,0.12638874433945435,139.4703369140625,-3487.458984375
2022-04-27,AAPL,149.0,153.26364135742188,22836.28256225586,0.14529829227784255,167.26634761791874,-2086.403232814031
2022-04-27,MA,96.0,353.01629638671875,33889.564453125,0.21562598149041812,368.6367127100627,-1499.5599670410156
2022-04-27,AKAM,170.0,113.69999694824219,19328.999481201172,0.12298282824279448,120.51000213623047,-1157.7008819580078
2022-04-27,MSFT,75.0,273.3879089355469,20504.093170166016,0.13045948762496828,298.67852783203125,-1896.7964172363281
2022-04-27,GOOG,166.0,114.0152587890625,18926.532958984375,0.1204220919137671,139.4703369140625,-4225.54296875
2022-04-28,AAPL,149.0,160.18435668945312,23867.469146728516,0.1479089754021634,167.26634761791874,-1055.2166483413748
2022-04-28,MA,96.0,369.867919921875,35507.3203125,0.22004223968665587,368.6367127100627,118.19589233398438
2022-04-28,AKAM,170.0,115.83000183105469,19691.100311279297,0.12202762067807066,120.51000213623047,-795.6000518798828
2022-04-28,MSFT,75.0,279.57550048828125,20968.162536621094,0.129941696699868,298.67852783203125,-1432.72705078125
2022-04-28,GOOG,166.0,118.36788940429688,19649.06964111328,0.12176715261916153,139.4703369140625,-3503.0062866210938
2022-04-29,AAPL,149.0,154.3208465576172,22993.80613708496,0.14661376988416058,167.26634761791874,-1928.8796579849295
2022-04-29,MA,96.0,354.78350830078125,34059.216796875,0.21716936048434585,368.6367127100627,-1329.9076232910156
2022-04-29,AKAM,170.0,112.27999877929688,19087.59979248047,0.1217069043259518,120.51000213623047,-1399.100570678711
2022-04-29,MSFT,75.0,267.8858337402344,20091.437530517578,0.12810760346415317,298.67852783203125,-2309.4520568847656
2022-04-29,GOOG,166.0,113.96173095703125,18917.647338867188,0.1206232485894133,139.4703369140625,-4234.4285888671875
2022-05-02,MA,105.0,350.546142578125,36807.344970703125,0.2345523588318084,367.0860924130394,-1736.6947326660156
2022-05-02,CB,93.0,194.17950439453125,18058.693908691406,0.115077826370704,194.17950439453125,0.0
2022-05-02,COST,37.0,504.4622802734375,18665.104370117188,0.11894213672128523,504.4622802734375,0.0
2022-05-02,DLTR,121.0,163.3800048828125,19768.980590820312,0.12597651455077402,163.3800048828125,0.0
2022-05-02,VRTX,91.0,261.9599914550781,23838.35922241211,0.15190835934369062,261.9599914550781,0.0
2022-05-03,MA,105.0,349.32574462890625,36679.203186035156,0.23242080107024574,367.0860924130394,-1864.8365173339844
2022-05-03,CB,93.0,196.46038818359375,18270.81610107422,0.11577453558302998,194.17950439453125,212.1221923828125
2022-05-03,COST,37.0,503.6325988769531,18634.406158447266,0.1180784540178774,504.4622802734375,-30.698211669921875
2022-05-03,DLTR,121.0,164.89999389648438,19952.89926147461,0.12643319448639123,163.3800048828125,183.91867065429688
2022-05-03,VRTX,91.0,269.1099853515625,24489.008666992188,0.15517662646405395,261.9599914550781,650.6494445800781
2022-05-04,MA,105.0,359.8019104003906,37779.200592041016,0.23526706654332902,367.0860924130394,-764.839111328125
2022-05-04,CB,93.0,202.49862670898438,18832.372283935547,0.11727715022712303,194.17950439453125,773.6783752441406
2022-05-04,COST,37.0,519.2254638671875,19211.342163085938,0.11963715600751997,504.4622802734375,546.23779296875
2022-05-04,DLTR,121.0,165.80999755859375,20063.009704589844,0.12494085013073561,163.3800048828125,294.02911376953125
2022-05-04,VRTX,91.0,273.70001220703125,24906.701110839844,0.1551045658931502,261.9599914550781,1068.3418884277344
2022-05-05,MA,105.0,345.0102844238281,36226.07986450195,0.2316987376550798,367.0860924130394,-2317.9598388671875
2022-05-05,CB,93.0,196.85789489746094,18307.784225463867,0.1170949357525765,194.17950439453125,249.09031677246094
2022-05-05,COST,37.0,493.3705749511719,18254.71127319336,0.1167554859393287,504.4622802734375,-410.3930969238281
2022-05-05,DLTR,121.0,161.44000244140625,19534.240295410156,0.12493923809660194,163.3800048828125,-234.74029541015625
2022-05-05,VRTX,91.0,266.3699951171875,24239.669555664062,0.15503473901207465,261.9599914550781,401.3103332519531
2022-05-06,MA,105.0,338.9081726074219,35585.3581237793,0.2302609520534829,367.0860924130394,-2958.6815795898438
2022-05-06,CB,93.0,197.95574951171875,18409.884704589844,0.11912420733630388,194.17950439453125,351.1907958984375
2022-05-06,COST,37.0,480.05694580078125,17762.106994628906,0.11493265440333063,504.4622802734375,-902.9973754882812
2022-05-06,DLTR,121.0,164.38999938964844,19891.18992614746,0.12870923805065623,163.3800048828125,122.20933532714844
2022-05-06,VRTX,91.0,253.92999267578125,23107.629333496094,0.14952174182207478,261.9599914550781,-730.7298889160156
2022-05-09,MA,105.0,320.23065185546875,33624.21844482422,0.22416253646843487,367.0860924130394,-4919.821258544922
2022-05-09,CB,93.0,194.12274169921875,18053.414978027344,0.12035667981495589,194.17950439453125,-5.2789306640625
2022-05-09,COST,37.0,475.73663330078125,17602.255432128906,0.11734893501557875,504.4622802734375,-1062.8489379882812
2022-05-09,DLTR,121.0,161.52999877929688,19545.129852294922,0.1303014935643736,163.3800048828125,-223.85073852539062
2022-05-09,VRTX,91.0,235.02000427246094,21386.820388793945,0.1425794896382149,261.9599914550781,-2451.538833618164
2022-05-10,MA,105.0,317.6336669921875,33351.53503417969,0.22260241977877213,367.0860924130394,-5192.504669189453
2022-05-10,CB,93.0,193.89556884765625,18032.28790283203,0.12035520755504017,194.17950439453125,-26.406005859375
2022-05-10,COST,37.0,478.2449035644531,17695.061431884766,0.1181044137499159,504.4622802734375,-970.0429382324219
2022-05-10,DLTR,121.0,157.88999938964844,19104.68992614746,0.12751287766290834,163.3800048828125,-664.2906646728516
2022-05-10,VRTX,91.0,240.16000366210938,21854.560333251953,0.14586668974598546,261.9599914550781,-1983.7988891601562
2022-05-11,MA,105.0,318.160888671875,33406.893310546875,0.22461506611115636,367.0860924130394,-5137.146392822266
2022-05-11,CB,93.0,193.66839599609375,18011.16082763672,0.12110009878593123,194.17950439453125,-47.5330810546875
2022-05-11,COST,37.0,466.4380187988281,17258.20669555664,0.11603752560429266,504.4622802734375,-1406.8976745605469
2022-05-11,DLTR,121.0,156.07000732421875,18884.47088623047,0.12697189879807555,163.3800048828125,-884.5097045898438
2022-05-11,VRTX,91.0,234.9600067138672,21381.360610961914,0.1437600222964003,261.9599914550781,-2456.9986114501953
2022-05-12,MA,105.0,313.6402893066406,32932.230377197266,0.22081813880034823,367.0860924130394,-5611.809326171875
2022-05-12,CB,93.0,194.43504333496094,18082.459030151367,0.12124702463931318,194.17950439453125,23.765121459960938
2022-05-12,COST,37.0,463.6722717285156,17155.874053955078,0.11503406039302569,504.4622802734375,-1509.2303161621094
2022-05-12,DLTR,121.0,159.19000244140625,19261.990295410156,0.12915605162193788,163.3800048828125,-506.99029541015625
2022-05-12,VRTX,91.0,240.85000610351562,21917.350555419922,0.14696084964939743,261.9599914550781,-1921.0086669921875
2022-05-13,MA,105.0,324.9268798828125,34117.32238769531,0.22538999880246122,367.0860924130394,-4426.717315673828
2022-05-13,CB,93.0,195.47613525390625,18179.28057861328,0.1200981712832489,194.17950439453125,120.586669921875
2022-05-13,COST,37.0,474.2489013671875,17547.209350585938,0.11592250556982428,504.4622802734375,-1117.89501953125
2022-05-13,DLTR,121.0,159.39999389648438,19287.39926147461,0.12741875951010156,163.3800048828125,-481.5813293457031
2022-05-13,VRTX,91.0,246.72000122070312,22451.520111083984,0.14832195895817746,261.9599914550781,-1386.839111328125
2022-05-16,MA,105.0,321.9295959472656,33802.60757446289,0.2223661586744681,367.0860924130394,-4741.43212890625
2022-05-16,CB,93.0,196.85789489746094,18307.784225463867,0.1204354321804746,194.17950439453125,249.09031677246094
2022-05-16,COST,37.0,471.6357727050781,17450.52359008789,0.11479605202166687,504.4622802734375,-1214.5807800292969
2022-05-16,DLTR,121.0,161.4499969482422,19535.449630737305,0.12851147305119212,163.3800048828125,-233.5309600830078
2022-05-16,VRTX,91.0,254.1699981689453,23129.469833374023,0.15215427826668473,261.9599914550781,-708.8893890380859
2022-05-17,MA,105.0,330.8435363769531,34738.57131958008,0.22664211998950973,367.0860924130394,-3805.4683837890625
2022-05-17,CB,93.0,201.03167724609375,18695.94598388672,0.12197648527385285,194.17950439453125,637.2520751953125
2022-05-17,COST,37.0,467.763671875,17307.255859375,0.1129163638620539,504.4622802734375,-1357.8485107421875
2022-05-17,DLTR,121.0,156.35000610351562,18918.35073852539,0.12342750306682249,163.3800048828125,-850.6298522949219
2022-05-17,VRTX,91.0,261.8399963378906,23827.439666748047,0.1554554846344554,261.9599914550781,-10.9195556640625
2022-05-18,MA,105.0,327.9535827636719,34435.12619018555,0.23461079597622037,367.0860924130394,-4108.913513183594
2022-05-18,CB,93.0,196.20484924316406,18247.050979614258,0.1243194269392891,194.17950439453125,188.35707092285156
2022-05-18,COST,37.0,409.5209045410156,15152.273468017578,0.1032343229859909,504.4622802734375,-3512.8309020996094
2022-05-18,DLTR,121.0,133.8000030517578,16189.800369262695,0.11030312275758096,163.3800048828125,-3579.180221557617
2022-05-18,VRTX,91.0,252.35000610351562,22963.850555419922,0.156455568878431,261.9599914550781,-874.5086669921875
2022-05-19,MA,105.0,324.3606262207031,34057.86575317383,0.23269237542144375,367.0860924130394,-4486.1739501953125
2022-05-19,CB,93.0,192.95858764648438,17945.148651123047,0.12260601698248248,194.17950439453125,-113.54525756835938
2022-05-19,COST,37.0,403.3504333496094,14923.966033935547,0.10196449572950082,504.4622802734375,-3741.1383361816406
2022-05-19,DLTR,121.0,135.57000732421875,16403.97088623047,0.11207628157103364,163.3800048828125,-3365.0097045898438
2022-05-19,VRTX,91.0,255.4499969482422,23245.94972229004,0.15882249636570503,261.9599914550781,-592.4095001220703
2022-05-20,MA,105.0,328.2268981933594,34463.824310302734,0.2362044598437199,367.0860924130394,-4080.2153930664062
2022-05-20,CB,93.0,193.07217407226562,17955.712188720703,0.12306293290202813,194.17950439453125,-102.98171997070312
2022-05-20,COST,37.0,397.15142822265625,14694.602844238281,0.10071229171173791,504.4622802734375,-3970.5015258789062
2022-05-20,DLTR,121.0,127.87999725341797,15473.479667663574,0.10605047408249024,163.3800048828125,-4295.500923156738
2022-05-20,VRTX,91.0,258.5899963378906,23531.689666748047,0.16127896883697418,261.9599914550781,-306.6695556640625
2022-05-23,MA,105.0,340.1871337890625,35719.64904785156,0.23963610518005518,367.0860924130394,-2824.390655517578
2022-05-23,CB,93.0,196.20484924316406,18247.050979614258,0.12241587877638103,194.17950439453125,188.35707092285156
2022-05-23,COST,37.0,409.59722900390625,15155.097473144531,0.10167257038901081,504.4622802734375,-3510.0068969726562
2022-05-23,DLTR,121.0,129.99000549316406,15728.790664672852,0.10552136525824347,163.3800048828125,-4040.189926147461
2022-05-23,VRTX,91.0,268.3500061035156,24419.850555419922,0.16382797793842857,261.9599914550781,581.4913330078125
2022-05-24,MA,105.0,332.6302795410156,34926.17935180664,0.23493052401160724,367.0860924130394,-3617.8603515625
2022-05-24,CB,93.0,196.9998321533203,18320.98439025879,0.12323588045107291,194.17950439453125,262.2904815673828
2022-05-24,COST,37.0,417.4461975097656,15445.509307861328,0.1038940320030831,504.4622802734375,-3219.5950622558594
2022-05-24,DLTR,121.0,130.1999969482422,15754.199630737305,0.10597043373543617,163.3800048828125,-4014.780960083008
2022-05-24,VRTX,91.0,268.4800109863281,24431.68099975586,0.16433940746685682,261.9599914550781,593.32177734375
2022-05-25,MA,105.0,336.6039733886719,35343.41720581055,0.23597216568295742,367.0860924130394,-3200.6224975585938
2022-05-25,CB,93.0,196.8389434814453,18306.021743774414,0.12222110756193619,194.17950439453125,247.3278350830078
2022-05-25,COST,37.0,419.73516845703125,15530.201232910156,0.10368819735459704,504.4622802734375,-3134.9031372070312
2022-05-25,DLTR,121.0,133.58999633789062,16164.389556884766,0.10792238872855765,163.3800048828125,-3604.591033935547
2022-05-25,VRTX,91.0,270.8399963378906,24646.439666748047,0.16455323803779617,261.9599914550781,808.0804443359375
2022-05-26,MA,105.0,341.6125793457031,35869.32083129883,0.23203888822536042,367.0860924130394,-2674.7188720703125
2022-05-26,CB,93.0,196.573974609375,18281.379638671875,0.11826237320004368,194.17950439453125,222.68572998046875
2022-05-26,COST,37.0,443.4632873535156,16408.141632080078,0.10614438338709545,504.4622802734375,-2256.9627380371094
2022-05-26,DLTR,121.0,162.8000030517578,19698.800369262695,0.12743167785514836,163.3800048828125,-70.18022155761719
2022-05-26,VRTX,91.0,269.6499938964844,24538.149444580078,0.15873746099089253,261.9599914550781,699.7902221679688
2022-05-27,MA,105.0,349.3159484863281,36678.17459106445,0.23434444139234903,367.0860924130394,-1865.8651123046875
2022-05-27,CB,93.0,199.59310913085938,18562.159149169922,0.11859747289353488,194.17950439453125,503.4652404785156
2022-05-27,COST,37.0,448.9661865234375,16611.748901367188,0.10613589853485357,504.4622802734375,-2053.35546875
2022-05-27,DLTR,121.0,165.0,19965.0,0.12756051315427436,163.3800048828125,196.0194091796875
2022-05-27,VRTX,91.0,273.7300109863281,24909.43099975586,0.15915150516953902,261.9599914550781,1071.07177734375
2022-05-31,MA,105.0,349.4037780761719,36687.39669799805,0.23612797190179183,367.0860924130394,-1856.6430053710938
2022-05-31,CB,93.0,199.9716339111328,18597.36195373535,0.11969661944148521,194.17950439453125,538.6680450439453
2022-05-31,COST,37.0,444.6363220214844,16451.543914794922,0.10588567325262868,504.4622802734375,-2213.5604553222656
2022-05-31,DLTR,121.0,160.3300018310547,19399.930221557617,0.1248621213426857,163.3800048828125,-369.0503692626953
2022-05-31,VRTX,91.0,268.6499938964844,24447.149444580078,0.15734710927155296,261.9599914550781,608.7902221679688
2022-06-01,MA,94.0,348.6129455566406,32769.61688232422,0.21199114674438121,367.0860924130394,-1736.4758045014823
2022-06-01,VRTX,85.0,269.4100036621094,22899.850311279297,0.14814227292298018,261.9599914550781,633.2510375976562
2022-06-01,HEI,116.0,142.634521484375,16545.6044921875,0.10703578508327799,142.634521484375,0.0
2022-06-01,CNC,209.0,81.20999908447266,16972.889808654785,0.10979995240785219,81.20999908447266,0.0
2022-06-01,MNST,616.0,44.025001525878906,27119.400939941406,0.17543912475155765,44.025001525878906,0.0
2022-06-02,MA,94.0,354.49053955078125,33322.11071777344,0.2128356706933642,367.0860924130394,-1183.9819690522636
2022-06-02,VRTX,85.0,270.04998779296875,22954.248962402344,0.1466138509218004,261.9599914550781,687.6496887207031
2022-06-02,HEI,116.0,145.98057556152344,16933.74676513672,0.10815957550333366,142.634521484375,388.14227294921875
2022-06-02,CNC,209.0,82.55999755859375,17255.039489746094,0.11021174299987405,81.20999908447266,282.1496810913086
2022-06-02,MNST,616.0,45.16999816894531,27824.718872070312,0.1777226164677693,44.025001525878906,705.3179321289062
2022-06-03,MA,94.0,349.35498046875,32839.3681640625,0.21140748236638915,367.0860924130394,-1666.724522763201
2022-06-03,VRTX,85.0,269.44000244140625,22902.40020751953,0.14743702570129502,261.9599914550781,635.8009338378906
2022-06-03,HEI,116.0,145.09425354003906,16830.93341064453,0.10835120945215308,142.634521484375,285.32891845703125
2022-06-03,CNC,209.0,81.97000122070312,17131.730255126953,0.1102876262333192,81.20999908447266,158.84044647216797
2022-06-03,MNST,616.0,44.415000915527344,27359.640563964844,0.17613106017084862,44.025001525878906,240.2396240234375
2022-06-06,MA,94.0,351.6200866699219,33052.288146972656,0.21080340537613265,367.0860924130394,-1453.8045398530448
2022-06-06,VRTX,85.0,268.0,22780.0,0.14528802221240886,261.9599914550781,513.4007263183594
2022-06-06,HEI,116.0,147.8527374267578,17150.917541503906,0.10938643058530344,142.634521484375,605.3130493164062
2022-06-06,CNC,209.0,83.23999786376953,17397.159553527832,0.11095693167891892,81.20999908447266,424.2697448730469
2022-06-06,MNST,616.0,45.68000030517578,28138.88018798828,0.17946629718106907,44.025001525878906,1019.479248046875
2022-06-07,MA,94.0,355.4082946777344,33408.37969970703,0.21190638952689267,367.0860924130394,-1097.7129871186698
2022-06-07,VRTX,85.0,271.8599853515625,23108.098754882812,0.1465726210008635,261.9599914550781,841.4994812011719
2022-06-07,HEI,116.0,150.56143188476562,17465.126098632812,0.11077974590385893,142.634521484375,919.5216064453125
2022-06-07,CNC,209.0,83.3499984741211,17420.14968109131,0.11049446447624281,81.20999908447266,447.25987243652344
2022-06-07,MNST,616.0,45.42499923706055,27981.799530029297,0.17748607278089001,44.025001525878906,862.3985900878906
2022-06-08,MA,94.0,353.7582702636719,33253.277404785156,0.2119887652357299,367.0860924130394,-1252.8152820405448
2022-06-08,VRTX,85.0,274.5400085449219,23335.90072631836,0.14876575082863663,261.9599914550781,1069.3014526367188
2022-06-08,HEI,116.0,146.07017517089844,16944.14031982422,0.10801844704376708,142.634521484375,398.53582763671875
2022-06-08,CNC,209.0,82.5999984741211,17263.39968109131,0.11005371704019813,81.20999908447266,290.50987243652344
2022-06-08,MNST,616.0,45.119998931884766,27793.919342041016,0.17718550176750053,44.025001525878906,674.5184020996094
2022-06-09,MA,94.0,340.74365234375,32029.9033203125,0.20900804536841985,367.0860924130394,-2476.189366513201
2022-06-09,VRTX,85.0,259.70001220703125,22074.501037597656,0.14404502780454936,261.9599914550781,-192.09823608398438
2022-06-09,HEI,116.0,143.46107482910156,16641.48468017578,0.1085924034877202,142.634521484375,95.88018798828125
2022-06-09,CNC,209.0,80.0199966430664,16724.17929840088,0.10913201924443572,81.20999908447266,-248.71051025390625
2022-06-09,MNST,616.0,44.650001525878906,27504.400939941406,0.1794773159942962,44.025001525878906,385.0
2022-06-10,MA,94.0,326.830810546875,30722.09619140625,0.20433027931318967,367.0860924130394,-3783.996495419451
2022-06-10,VRTX,85.0,254.8800048828125,21664.800415039062,0.14409090748526857,261.9599914550781,-601.7988586425781
2022-06-10,HEI,116.0,140.2544708251953,16269.518615722656,0.10820730663461876,142.634521484375,-276.08587646484375
2022-06-10,CNC,209.0,79.51000213623047,16617.590446472168,0.11052230538844715,81.20999908447266,-355.2993621826172
2022-06-10,MNST,616.0,43.52000045776367,26808.320281982422,0.1783000592474931,44.025001525878906,-311.0806579589844
2022-06-13,MA,94.0,312.17584228515625,29344.529174804688,0.20097715856944984,367.0860924130394,-5161.563512021014
2022-06-13,VRTX,85.0,245.38999938964844,20858.149948120117,0.14285496572860246,261.9599914550781,-1408.4493255615234
2022-06-13,HEI,116.0,135.25534057617188,15689.619506835938,0.10745632103128426,142.634521484375,-855.9849853515625
2022-06-13,CNC,209.0,75.69999694824219,15821.299362182617,0.10835818055715236,81.20999908447266,-1151.590446472168
2022-06-13,MNST,616.0,42.244998931884766,26022.919342041016,0.17822785146390718,44.025001525878906,-1096.4815979003906
2022-06-14,MA,94.0,314.51910400390625,29564.795776367188,0.20047624156376145,367.0860924130394,-4941.296910458514
2022-06-14,VRTX,85.0,249.0800018310547,21171.80015563965,0.14356408731679857,261.9599914550781,-1094.7991180419922
2022-06-14,HEI,116.0,132.83544921875,15408.912109375,0.10448645780070433,142.634521484375,-1136.6923828125
2022-06-14,CNC,209.0,76.2300033569336,15932.070701599121,0.10803394952377306,81.20999908447266,-1040.819107055664
2022-06-14,MNST,616.0,44.029998779296875,27122.479248046875,0.1839151111568301,44.025001525878906,3.07830810546875
2022-06-15,MA,94.0,317.6922607421875,29863.072509765625,0.20118913708027297,367.0860924130394,-4643.020177060076
2022-06-15,VRTX,85.0,253.50999450683594,21548.349533081055,0.14517239800583084,261.9599914550781,-718.2497406005859
2022-06-15,HEI,116.0,133.58230590820312,15495.547485351562,0.10439434275039178,142.634521484375,-1050.0570068359375
2022-06-15,CNC,209.0,77.45999908447266,16189.139808654785,0.10906711180204393,81.20999908447266,-783.75
2022-06-15,MNST,616.0,43.935001373291016,27063.960845947266,0.1823313701826845,44.025001525878906,-55.440093994140625
2022-06-16,MA,94.0,301.47515869140625,28338.664916992188,0.19434380939531254,367.0860924130394,-6167.427769833514
2022-06-16,VRTX,85.0,250.9600067138672,21331.60057067871,0.1462900432165079,261.9599914550781,-934.9987030029297
2022-06-16,HEI,116.0,127.46784973144531,14786.270568847656,0.10140280629016482,142.634521484375,-1759.3339233398438
2022-06-16,CNC,209.0,76.63999938964844,16017.759872436523,0.10984824022962801,81.20999908447266,-955.1299362182617
2022-06-16,MNST,616.0,43.94499969482422,27070.11981201172,0.18564425037184362,44.025001525878906,-49.2811279296875
2022-06-17,MA,94.0,303.3399658203125,28513.956787109375,0.19369275501365796,367.0860924130394,-5992.135899716326
2022-06-17,VRTX,85.0,263.0899963378906,22362.649688720703,0.15190747674738062,261.9599914550781,96.0504150390625
2022-06-17,HEI,116.0,129.0612030029297,14971.099548339844,0.10169733856132576,142.634521484375,-1574.5049438476562
2022-06-17,CNC,209.0,76.31999969482422,15950.879936218262,0.10835289899628846,81.20999908447266,-1022.0098724365234
2022-06-17,MNST,616.0,44.060001373291016,27140.960845947266,0.18436611653791735,44.025001525878906,21.559906005859375
2022-06-21,MA,94.0,309.8912658691406,29129.77899169922,0.19365349617992644,367.0860924130394,-5376.313695126482
2022-06-21,VRTX,85.0,270.1700134277344,22964.451141357422,0.15266666639126303,261.9599914550781,697.8518676757812
2022-06-21,HEI,116.0,130.8338165283203,15176.722717285156,0.10089418857565258,142.634521484375,-1368.8817749023438
2022-06-21,CNC,209.0,80.86000061035156,16899.740127563477,0.11234873292953734,81.20999908447266,-73.1496810913086
2022-06-21,MNST,616.0,45.41999816894531,27978.718872070312,0.18600129886861347,44.025001525878906,859.3179321289062
2022-06-22,MA,94.0,308.6707763671875,29015.052978515625,0.19275724928696042,367.0860924130394,-5491.039708310076
2022-06-22,VRTX,85.0,272.30999755859375,23146.34979248047,0.15376938033978368,261.9599914550781,879.7505187988281
2022-06-22,HEI,116.0,129.59896850585938,15033.480346679688,0.09987272196198503,142.634521484375,-1512.1241455078125
2022-06-22,CNC,209.0,81.87000274658203,17110.830574035645,0.11367329354554453,81.20999908447266,137.94076538085938
2022-06-22,MNST,616.0,45.369998931884766,27947.919342041016,0.18566790347253964,44.025001525878906,828.5184020996094
2022-06-23,MA,94.0,309.266357421875,29071.03759765625,0.1911909103348497,367.0860924130394,-5435.055089169451
2022-06-23,VRTX,85.0,283.5,24097.5,0.15848154529460212,261.9599914550781,1830.9007263183594
2022-06-23,HEI,116.0,127.05956268310547,14738.909271240234,0.09693308921104224,142.634521484375,-1806.6952209472656
2022-06-23,CNC,209.0,83.63999938964844,17480.759872436523,0.11496536310852214,81.20999908447266,507.8700637817383
2022-06-23,MNST,616.0,46.09000015258789,28391.44009399414,0.1867214150528194,44.025001525878906,1272.0391540527344
2022-06-24,MA,94.0,322.6812438964844,30332.03692626953,0.195454660239921,367.0860924130394,-4174.05576055617
2022-06-24,VRTX,85.0,292.54998779296875,24866.748962402344,0.16023724293663907,261.9599914550781,2600.149688720703
2022-06-24,HEI,116.0,131.4512176513672,15248.341247558594,0.09825780461129373,142.634521484375,-1297.2632446289062
2022-06-24,CNC,209.0,82.94999694824219,17336.549362182617,0.11171387446068125,81.20999908447266,363.65955352783203
2022-06-24,MNST,616.0,47.290000915527344,29130.640563964844,0.18771305955617754,44.025001525878906,2011.2396240234375
2022-06-27,MA,94.0,321.05084228515625,30178.779174804688,0.19482392590208025,367.0860924130394,-4327.313512021014
2022-06-27,VRTX,85.0,287.32000732421875,24422.200622558594,0.15766141423067975,261.9599914550781,2155.601348876953
2022-06-27,HEI,116.0,132.21803283691406,15337.291809082031,0.09901233531162276,142.634521484375,-1208.3126831054688
2022-06-27,CNC,209.0,84.56999969482422,17675.12993621826,0.11410462249176495,81.20999908447266,702.2401275634766
2022-06-27,MNST,616.0,47.10499954223633,29016.679718017578,0.1873218073720849,44.025001525878906,1897.2787780761719
2022-06-28,MA,94.0,310.76019287109375,29211.458129882812,0.1925257616817062,367.0860924130394,-5294.634556942889
2022-06-28,VRTX,85.0,276.1700134277344,23474.451141357422,0.15471451530954322,261.9599914550781,1207.8518676757812
2022-06-28,HEI,116.0,130.81390380859375,15174.412841796875,0.10001094014033485,142.634521484375,-1371.191650390625
2022-06-28,CNC,209.0,84.33000183105469,17624.97038269043,0.11616198111225887,81.20999908447266,652.0805740356445
2022-06-28,MNST,616.0,45.404998779296875,27969.479248046875,0.18434017473993528,44.025001525878906,850.0783081054688
2022-06-29,MA,94.0,314.9584045410156,29606.09002685547,0.193169510041541,367.0860924130394,-4900.002659970232
2022-06-29,VRTX,85.0,280.3500061035156,23829.750518798828,0.15548089018012898,261.9599914550781,1563.1512451171875
2022-06-29,HEI,116.0,129.75828552246094,15051.961120605469,0.09820884663237321,142.634521484375,-1493.6433715820312
2022-06-29,CNC,209.0,84.94000244140625,17752.460510253906,0.11582867226597361,81.20999908447266,779.5707015991211
2022-06-29,MNST,616.0,46.67499923706055,28751.799530029297,0.187595559663245,44.025001525878906,1632.3985900878906
2022-06-30,MA,94.0,308.0166931152344,28953.56915283203,0.18977146357146743,367.0860924130394,-5552.52353399367
2022-06-30,VRTX,85.0,281.7900085449219,23952.15072631836,0.15699047930929164,261.9599914550781,1685.5514526367188
2022-06-30,HEI,116.0,130.66513061523438,15157.155151367188,0.09934511014761749,142.634521484375,-1388.4493408203125
2022-06-30,CNC,209.0,84.61000061035156,17683.490127563477,0.11590356217727561,81.20999908447266,710.6003189086914
2022-06-30,MNST,616.0,46.349998474121094,28551.599060058594,0.18713681592526826,44.025001525878906,1432.1981201171875
2022-07-01,VRTX,92.0,287.32000732421875,26433.440673828125,0.17138891403772022,263.88955787990403,2155.601348876953
2022-07-01,CNC,252.0,86.20999908447266,21724.91976928711,0.14085984691736642,82.06317368764726,1045.0
2022-07-01,MNST,595.0,47.29499816894531,28140.52391052246,0.18245728556450064,44.025001525878906,1945.6480026245117
2022-07-01,FCN,106.0,183.72999572753906,19475.37954711914,0.12627429747948068,183.72999572753906,0.0
2022-07-01,TMUS,150.0,130.83059692382812,19624.58953857422,0.12724174393167043,130.83059692382812,0.0
2022-07-05,VRTX,92.0,288.9800109863281,26586.161010742188,0.1722003206365395,263.88955787990403,2308.3216857910156
2022-07-05,CNC,252.0,84.75,21357.0,0.13833069943225723,82.06317368764726,677.0802307128906
2022-07-05,MNST,595.0,48.05500030517578,28592.72518157959,0.1851969692860523,44.025001525878906,2397.8492736816406
2022-07-05,FCN,106.0,181.99000549316406,19290.94058227539,0.12494869613954537,183.72999572753906,-184.43896484375
2022-07-05,TMUS,150.0,131.54779052734375,19732.168579101562,0.1278065590140155,130.83059692382812,107.57904052734375
2022-07-06,VRTX,92.0,291.1600036621094,26786.720336914062,0.17217045466500425,263.88955787990403,2508.8810119628906
2022-07-06,CNC,252.0,86.01000213623047,21674.520538330078,0.139312017626424,82.06317368764726,994.6007690429688
2022-07-06,MNST,595.0,48.69499969482422,28973.52481842041,0.1862260432965684,44.025001525878906,2778.648910522461
2022-07-06,FCN,106.0,185.50999450683594,19664.05941772461,0.1263898681110185,183.72999572753906,188.67987060546875
2022-07-06,TMUS,150.0,131.01226806640625,19651.840209960938,0.12631132969609285,130.83059692382812,27.25067138671875
2022-07-07,VRTX,92.0,294.1700134277344,27063.641235351562,0.17384018544642615,263.88955787990403,2785.8019104003906
2022-07-07,CNC,252.0,85.26000213623047,21485.520538330078,0.13800976898546222,82.06317368764726,805.6007690429688
2022-07-07,MNST,595.0,48.494998931884766,28854.524364471436,0.18534371716160447,44.025001525878906,2659.6484565734863
2022-07-07,FCN,106.0,187.63999938964844,19889.839935302734,0.1277600982360142,183.72999572753906,414.46038818359375
2022-07-07,TMUS,150.0,130.37156677246094,19555.73501586914,0.12561401372920986,130.83059692382812,-68.85452270507812
2022-07-08,VRTX,92.0,294.2900085449219,27074.680786132812,0.17293946132824173,263.88955787990403,2796.8414611816406
2022-07-08,CNC,252.0,88.01000213623047,22178.520538330078,0.14166524899235924,82.06317368764726,1498.6007690429688
2022-07-08,MNST,595.0,48.7400016784668,29000.300998687744,0.18523935601259897,44.025001525878906,2805.425090789795
2022-07-08,FCN,106.0,188.6999969482422,20002.199676513672,0.12776400448672814,183.72999572753906,526.8201293945312
2022-07-08,TMUS,150.0,129.7882080078125,19468.231201171875,0.12435328207706008,130.83059692382812,-156.35833740234375
2022-07-11,VRTX,92.0,294.07000732421875,27054.440673828125,0.17341001518061513,263.88955787990403,2776.601348876953
2022-07-11,CNC,252.0,87.22000122070312,21979.440307617188,0.14088094163012727,82.06317368764726,1299.5205383300781
2022-07-11,MNST,595.0,48.43000030517578,28815.85018157959,0.18470006745561718,44.025001525878906,2620.9742736816406
2022-07-11,FCN,106.0,188.74000549316406,20006.44058227539,0.12823466605386494,183.72999572753906,531.06103515625
2022-07-11,TMUS,150.0,128.84149169921875,19326.223754882812,0.12387470120423619,130.83059692382812,-298.36578369140625
2022-07-12,VRTX,92.0,290.010009765625,26680.9208984375,0.17182629943660604,263.88955787990403,2403.081573486328
2022-07-12,CNC,252.0,86.91000366210938,21901.320922851562,0.14104546620680852,82.06317368764726,1221.4011535644531
2022-07-12,MNST,595.0,48.375,28783.125,0.18536458594504113,44.025001525878906,2588.249092102051
2022-07-12,FCN,106.0,186.75999450683594,19796.55941772461,0.12749070990738243,183.72999572753906,321.17987060546875
2022-07-12,TMUS,150.0,128.5641632080078,19284.624481201172,0.12419382648907853,130.83059692382812,-339.9650573730469
2022-07-13,VRTX,92.0,288.7300109863281,26563.161010742188,0.17162678770707554,263.88955787990403,2285.3216857910156
2022-07-13,CNC,252.0,85.19000244140625,21467.880615234375,0.1387057582259005,82.06317368764726,787.9608459472656
2022-07-13,MNST,595.0,48.400001525878906,28798.00090789795,0.1860662737469088,44.025001525878906,2603.125
2022-07-13,FCN,106.0,186.39999389648438,19758.399353027344,0.12766065792479622,183.72999572753906,283.0198059082031
2022-07-13,TMUS,150.0,129.02317810058594,19353.47671508789,0.12504441915745526,130.83059692382812,-271.1128234863281
2022-07-14,VRTX,92.0,286.1499938964844,26325.799438476562,0.16971732223335856,263.88955787990403,2047.9601135253906
2022-07-14,CNC,252.0,85.76000213623047,21611.520538330078,0.13932528065209882,82.06317368764726,931.6007690429688
2022-07-14,MNST,595.0,48.875,29080.625,0.18747714824032985,44.025001525878906,2885.749092102051
2022-07-14,FCN,106.0,186.85000610351562,19806.100646972656,0.12768608883252633,183.72999572753906,330.7210998535156
2022-07-14,TMUS,150.0,129.73086547851562,19459.629821777344,0.12545245863179677,130.83059692382812,-164.959716796875
2022-07-15,VRTX,92.0,292.8399963378906,26941.279663085938,0.17175119452545834,263.88955787990403,2663.4403381347656
2022-07-15,CNC,252.0,89.66000366210938,22594.320922851562,0.1440392459645629,82.06317368764726,1914.4011535644531
2022-07-15,MNST,595.0,48.57500076293945,28902.125453948975,0.1842516255024763,44.025001525878906,2707.2495460510254
2022-07-15,FCN,106.0,187.6199951171875,19887.719482421875,0.1267846078660221,183.72999572753906,412.3399353027344
2022-07-15,TMUS,150.0,131.3660888671875,19704.913330078125,0.12561921500331183,130.83059692382812,80.32379150390625
2022-07-18,VRTX,92.0,286.05999755859375,26317.519775390625,0.16968437303893993,263.88955787990403,2039.6804504394531
2022-07-18,CNC,252.0,89.72000122070312,22609.440307617188,0.14577622572727472,82.06317368764726,1929.5205383300781
2022-07-18,MNST,595.0,47.5099983215332,28268.449001312256,0.18226314966261753,44.025001525878906,2073.5730934143066
2022-07-18,FCN,106.0,186.61000061035156,19780.660064697266,0.12753743247922508,183.72999572753906,305.280517578125
2022-07-18,TMUS,150.0,128.59288024902344,19288.932037353516,0.12436697558444118,130.83059692382812,-335.6575012207031
2022-07-19,VRTX,92.0,289.6000061035156,26643.200561523438,0.1700036351930305,263.88955787990403,2365.3612365722656
2022-07-19,CNC,252.0,91.3499984741211,23020.199615478516,0.14688616739057336,82.06317368764726,2340.2798461914062
2022-07-19,MNST,595.0,48.130001068115234,28637.350635528564,0.1827278107633974,44.025001525878906,2442.4747276306152
2022-07-19,FCN,106.0,187.3800048828125,19862.280517578125,0.1267362711703775,183.72999572753906,386.9009704589844
2022-07-19,TMUS,150.0,131.50953674316406,19726.43051147461,0.12586944607459882,130.83059692382812,101.84097290039062
2022-07-20,VRTX,92.0,285.5,26266.0,0.16826478507780687,263.88955787990403,1988.1606750488281
2022-07-20,CNC,252.0,90.16000366210938,22720.320922851562,0.1455505184261942,82.06317368764726,2040.4011535644531
2022-07-20,MNST,595.0,48.20000076293945,28679.000453948975,0.1837229059479955,44.025001525878906,2484.1245460510254
2022-07-20,FCN,106.0,187.60000610351562,19885.600646972656,0.12739078348457897,183.72999572753906,410.2210998535156
2022-07-20,TMUS,150.0,131.44261169433594,19716.39175415039,0.12630680046531484,130.83059692382812,91.80221557617188
2022-07-21,VRTX,92.0,283.1099853515625,26046.11865234375,0.1682379877441492,263.88955787990403,1768.2793273925781
2022-07-21,CNC,252.0,90.51000213623047,22808.520538330078,0.14732558236443632,82.06317368764726,2128.6007690429688
2022-07-21,MNST,595.0,47.8849983215332,28491.574001312256,0.1840337572605261,44.025001525878906,2296.6980934143066
2022-07-21,FCN,106.0,184.27999877929688,19533.67987060547,0.12617261859756365,183.72999572753906,58.300323486328125
2022-07-21,TMUS,150.0,127.36878967285156,19105.318450927734,0.12340573174444996,130.83059692382812,-519.2710876464844
2022-07-22,VRTX,92.0,280.2900085449219,25786.680786132812,0.16731608823976682,263.88955787990403,1508.8414611816406
2022-07-22,CNC,252.0,90.94000244140625,22916.880615234375,0.14869547775457573,82.06317368764726,2236.9608459472656
2022-07-22,MNST,595.0,47.53499984741211,28283.324909210205,0.183515487141263,44.025001525878906,2088.449001312256
2022-07-22,FCN,106.0,182.0500030517578,19297.300323486328,0.12520994192668758,183.72999572753906,-178.0792236328125
2022-07-22,TMUS,150.0,126.68980407714844,19003.470611572266,0.12330343684315946,130.83059692382812,-621.1189270019531
2022-07-25,VRTX,92.0,283.67999267578125,26098.559326171875,0.1679693781137529,263.88955787990403,1820.7200012207031
2022-07-25,CNC,252.0,91.93000030517578,23166.360076904297,0.14909785044627796,82.06317368764726,2486.4403076171875
2022-07-25,MNST,595.0,47.91999816894531,28512.39891052246,0.18350476184059095,44.025001525878906,2317.5230026245117
2022-07-25,FCN,106.0,183.63999938964844,19465.839935302734,0.12528143747443585,183.72999572753906,-9.53961181640625
2022-07-25,TMUS,150.0,128.67889404296875,19301.834106445312,0.12422590192797422,130.83059692382812,-322.75543212890625
2022-07-26,VRTX,92.0,288.2200012207031,26516.240112304688,0.16979440448823419,263.88955787990403,2238.4007873535156
2022-07-26,CNC,252.0,93.1500015258789,23473.800384521484,0.15031241007340104,82.06317368764726,2793.880615234375
2022-07-26,MNST,595.0,47.94499969482422,28527.27481842041,0.1826718878299104,44.025001525878906,2332.398910522461
2022-07-26,FCN,106.0,184.99000549316406,19608.94058227539,0.12556412125969513,183.72999572753906,133.56103515625
2022-07-26,TMUS,150.0,128.05731201171875,19208.596801757812,0.12300055517658343,130.83059692382812,-415.99273681640625
2022-07-27,VRTX,92.0,286.989990234375,26403.0791015625,0.16814152059006515,263.88955787990403,2125.239776611328
2022-07-27,CNC,252.0,92.51000213623047,23312.520538330078,0.14846005789794323,82.06317368764726,2632.6007690429688
2022-07-27,MNST,595.0,48.69499969482422,28973.52481842041,0.18451077243998035,44.025001525878906,2778.648910522461
2022-07-27,FCN,106.0,182.02999877929688,19295.17987060547,0.12287661113398042,183.72999572753906,-180.19967651367188
2022-07-27,TMUS,150.0,134.75137329101562,20212.705993652344,0.12871965076268338,130.83059692382812,588.116455078125
2022-07-28,VRTX,92.0,280.82000732421875,25835.440673828125,0.16642301486736738,263.88955787990403,1557.6013488769531
2022-07-28,CNC,252.0,92.3499984741211,23272.199615478516,0.14991149837543075,82.06317368764726,2592.2798461914062
2022-07-28,MNST,595.0,49.45500183105469,29425.72608947754,0.18955039754491548,44.025001525878906,3230.85018157959
2022-07-28,FCN,106.0,165.5500030517578,17548.300323486328,0.1130401096115641,183.72999572753906,-1927.0792236328125
2022-07-28,TMUS,150.0,135.50685119628906,20326.02767944336,0.13093327299492485,130.83059692382812,701.4381408691406
2022-07-29,VRTX,92.0,280.4100036621094,25797.720336914062,0.16584470059347295,263.88955787990403,1519.8810119628906
2022-07-29,CNC,252.0,92.97000122070312,23428.440307617188,0.1506134114737678,82.06317368764726,2748.520538330078
2022-07-29,MNST,595.0,49.810001373291016,29636.950817108154,0.1905257972633227,44.025001525878906,3442.074909210205
2022-07-29,FCN,106.0,163.55999755859375,17337.359741210938,0.11145594253334734,183.72999572753906,-2138.019805908203
2022-07-29,TMUS,150.0,136.8074188232422,20521.112823486328,0.13192319970947772,130.83059692382812,896.5232849121094
2022-08-01,CNC,246.0,92.25,22693.5,0.14740645813759437,82.06317368764726,2505.9592728387724
2022-08-01,MNST,540.0,49.244998931884766,26592.299423217773,0.17273125219604404,44.025001525878906,2818.798599243164
2022-08-01,DHR,78.0,250.3997802734375,19531.182861328125,0.12686551165867163,250.3997802734375,0.0
2022-08-01,MA,62.0,342.77178955078125,21251.850952148438,0.13804217409056618,342.77178955078125,0.0
2022-08-01,ORLY,539.0,47.26599884033203,25476.373374938965,0.165482713789881,47.26599884033203,0.0
2022-08-02,CNC,246.0,93.30999755859375,22954.259399414062,0.14952832632642774,82.06317368764726,2766.718672252835
2022-08-02,MNST,540.0,48.45000076293945,26163.000411987305,0.17043066366070442,44.025001525878906,2389.4995880126953
2022-08-02,DHR,78.0,248.33848571777344,19370.401885986328,0.126182410152416,250.3997802734375,-160.78097534179688
2022-08-02,MA,62.0,341.2757263183594,21159.09503173828,0.13783429086622676,342.77178955078125,-92.75592041015625
2022-08-02,ORLY,539.0,47.2313346862793,25457.68939590454,0.16583613617282825,47.26599884033203,-18.683979034423828
2022-08-03,CNC,246.0,92.80000305175781,22828.800750732422,0.14866499622682264,82.06317368764726,2641.2600235711943
2022-08-03,MNST,540.0,48.025001525878906,25933.50082397461,0.16888332612131599,44.025001525878906,2160.0
2022-08-03,DHR,78.0,250.94772338867188,19573.922424316406,0.1274686802486441,250.3997802734375,42.73956298828125
2022-08-03,MA,62.0,346.2822265625,21469.498046875,0.1398129880312721,342.77178955078125,217.6470947265625
2022-08-03,ORLY,539.0,47.02466583251953,25346.294883728027,0.16505934211776183,47.26599884033203,-130.0784912109375
2022-08-04,CNC,246.0,92.97000122070312,22870.62030029297,0.14862053633631542,82.06317368764726,2683.079573131741
2022-08-04,MNST,540.0,48.18000030517578,26017.200164794922,0.1690680091615864,44.025001525878906,2243.6993408203125
2022-08-04,DHR,78.0,251.31298828125,19602.4130859375,0.12738269045902179,250.3997802734375,71.230224609375
2022-08-04,MA,62.0,348.17926025390625,21587.114135742188,0.14027990665238593,342.77178955078125,335.26318359375
2022-08-04,ORLY,539.0,47.12799835205078,25401.99111175537,0.16507018583099123,47.26599884033203,-74.38226318359375
2022-08-05,CNC,246.0,93.05000305175781,22890.300750732422,0.14981081363286766,82.06317368764726,2702.7600235711943
2022-08-05,MNST,540.0,45.689998626708984,24672.59925842285,0.16147547424529782,44.025001525878906,899.0984344482422
2022-08-05,DHR,78.0,252.22622680664062,19673.64569091797,0.12875867819197945,250.3997802734375,142.46282958984375
2022-08-05,MA,62.0,349.5873107910156,21674.41326904297,0.141853159650882,342.77178955078125,422.56231689453125
2022-08-05,ORLY,539.0,47.267333984375,25477.093017578125,0.16674066782811955,47.26599884033203,0.7196426391601562
2022-08-08,CNC,246.0,93.31999969482422,22956.719924926758,0.15110736718122506,82.06317368764726,2769.1791977655303
2022-08-08,MNST,540.0,44.71500015258789,24146.10008239746,0.15893619049573707,44.025001525878906,372.59925842285156
2022-08-08,DHR,78.0,249.60830688476562,19469.44793701172,0.12815319557213098,250.3997802734375,-61.73492431640625
2022-08-08,MA,62.0,344.35589599609375,21350.065551757812,0.1405319316184054,342.77178955078125,98.214599609375
2022-08-08,ORLY,539.0,47.48466873168945,25594.236446380615,0.16846821745762391,47.26599884033203,117.86307144165039
2022-08-09,CNC,246.0,94.7699966430664,23313.419174194336,0.1535557851012249,82.06317368764726,3125.8784470331084
2022-08-09,MNST,540.0,44.404998779296875,23978.699340820312,0.15793770855634828,44.025001525878906,205.19851684570312
2022-08-09,DHR,78.0,248.08624267578125,19350.726928710938,0.127455181224841,250.3997802734375,-180.4559326171875
2022-08-09,MA,62.0,338.8604431152344,21009.34747314453,0.13837982415183986,342.77178955078125,-242.50347900390625
2022-08-09,ORLY,539.0,47.801334381103516,25764.919231414795,0.16970279524801923,47.26599884033203,288.5458564758301
2022-08-10,CNC,246.0,94.81999969482422,23325.719924926758,0.15243108721188414,82.06317368764726,3138.1791977655303
2022-08-10,MNST,540.0,44.90999984741211,24251.39991760254,0.1584803070493851,44.025001525878906,477.8990936279297
2022-08-10,DHR,78.0,253.21774291992188,19750.983947753906,0.12907056958371899,250.3997802734375,219.80108642578125
2022-08-10,MA,62.0,345.54888916015625,21424.031127929688,0.14000375413072377,342.77178955078125,172.18017578125
2022-08-10,ORLY,539.0,47.98866653442383,25865.891262054443,0.16903083546698774,47.26599884033203,389.5178871154785
2022-08-11,CNC,246.0,94.01000213623047,23126.460525512695,0.15164603698426304,82.06317368764726,2938.9197983514678
2022-08-11,MNST,540.0,44.650001525878906,24111.00082397461,0.15810191614261268,44.025001525878906,337.5
2022-08-11,DHR,78.0,253.25257873535156,19753.701141357422,0.12953000268042347,250.3997802734375,222.51828002929688
2022-08-11,MA,62.0,342.8108825683594,21254.27471923828,0.1393696422585549,342.77178955078125,2.42376708984375
2022-08-11,ORLY,539.0,47.96066665649414,25850.79932785034,0.16951021392224258,47.26599884033203,374.42595291137695
2022-08-12,CNC,246.0,96.63999938964844,23773.439849853516,0.15392184410142923,82.06317368764726,3585.899122692288
2022-08-12,MNST,540.0,45.0099983215332,24305.39909362793,0.15736603006297673,44.025001525878906,531.8982696533203
2022-08-12,DHR,78.0,258.9668273925781,20199.412536621094,0.13078169785435592,250.3997802734375,668.2296752929688
2022-08-12,MA,62.0,346.4191589355469,21477.987854003906,0.13905987181307083,342.77178955078125,226.13690185546875
2022-08-12,ORLY,539.0,48.772666931152344,26288.467475891113,0.17020546534474423,47.26599884033203,812.0941009521484
2022-08-15,CNC,246.0,97.22000122070312,23916.12030029297,0.1533504774399022,82.06317368764726,3728.579573131741
2022-08-15,MNST,540.0,45.89500045776367,24783.300247192383,0.15891084664751592,44.025001525878906,1009.7994232177734
2022-08-15,DHR,78.0,262.9675598144531,20511.469665527344,0.13151981285878372,250.3997802734375,980.2868041992188
2022-08-15,MA,62.0,351.9732666015625,21822.342529296875,0.13992514687609117,342.77178955078125,570.4915771484375
2022-08-15,ORLY,539.0,49.19733428955078,26517.36318206787,0.17002968095822713,47.26599884033203,1040.9898071289062
2022-08-16,CNC,246.0,96.33000183105469,23697.180450439453,0.15203394279265772,82.06317368764726,3509.6397232782256
2022-08-16,MNST,540.0,46.13999938964844,24915.599670410156,0.15985095200917254,44.025001525878906,1142.0988464355469
2022-08-16,DHR,78.0,261.3412170410156,20384.61492919922,0.13078152426099104,250.3997802734375,853.4320678710938
2022-08-16,MA,62.0,351.28875732421875,21779.902954101562,0.13973327023773022,342.77178955078125,528.052001953125
2022-08-16,ORLY,539.0,49.50600051879883,26683.73427963257,0.17119476890715518,47.26599884033203,1207.3609046936035
2022-08-17,CNC,246.0,94.83000183105469,23328.180450439453,0.15062351083503372,82.06317368764726,3140.6397232782256
2022-08-17,MNST,540.0,45.755001068115234,24707.700576782227,0.15953068493456463,44.025001525878906,934.1997528076172
2022-08-17,DHR,78.0,258.5492858886719,20166.844299316406,0.13021165098066192,250.3997802734375,635.6614379882812
2022-08-17,MA,62.0,347.4556884765625,21542.252685546875,0.1390922767288256,342.77178955078125,290.4017333984375
2022-08-17,ORLY,539.0,49.58399963378906,26725.775802612305,0.17256083001122466,47.26599884033203,1249.4024276733398
2022-08-18,CNC,246.0,95.33999633789062,23453.639099121094,0.15170337691706248,82.06317368764726,3266.098371959866
2022-08-18,MNST,540.0,45.630001068115234,24640.200576782227,0.15937832161626864,44.025001525878906,866.6997528076172
2022-08-18,DHR,78.0,255.94009399414062,19963.32733154297,0.12912726071619518,250.3997802734375,432.14447021484375
2022-08-18,MA,62.0,349.440673828125,21665.32177734375,0.14013614099404248,342.77178955078125,413.4708251953125
2022-08-18,ORLY,539.0,49.11466598510742,26472.8049659729,0.1712320161844465,47.26599884033203,996.4315910339355
2022-08-19,CNC,246.0,96.9000015258789,23837.40037536621,0.1542995354453183,82.06317368764726,3649.8596482049834
2022-08-19,MNST,540.0,45.29499816894531,24459.29901123047,0.15832508643229154,44.025001525878906,685.7981872558594
2022-08-19,DHR,78.0,254.34841918945312,19839.176696777344,0.12841902639239872,250.3997802734375,307.99383544921875
2022-08-19,MA,62.0,346.4289245605469,21478.593322753906,0.13903097315698495,342.77178955078125,226.74237060546875
2022-08-19,ORLY,539.0,49.10333251953125,26466.696228027344,0.17131897222220643,47.26599884033203,990.3228530883789
2022-08-22,CNC,246.0,96.80000305175781,23812.800750732422,0.15585722977986669,82.06317368764726,3625.2600235711943
2022-08-22,MNST,540.0,44.79499816894531,24189.29901123047,0.15832144961324177,44.025001525878906,415.7981872558594
2022-08-22,DHR,78.0,248.7298583984375,19400.928955078125,0.126981075168215,250.3997802734375,-130.25390625
2022-08-22,MA,62.0,337.85333251953125,20946.906616210938,0.13709965794593829,342.77178955078125,-304.9443359375
2022-08-22,ORLY,539.0,48.29199981689453,26029.387901306152,0.1703650206302749,47.26599884033203,553.0145263671875
2022-08-23,CNC,246.0,95.11000061035156,23397.060150146484,0.1539702766133614,82.06317368764726,3209.519422985257
2022-08-23,MNST,540.0,45.08000183105469,24343.20098876953,0.16019659589036153,44.025001525878906,569.7001647949219
2022-08-23,DHR,78.0,247.04257202148438,19269.32061767578,0.12680664180095777,250.3997802734375,-261.86224365234375
2022-08-23,MA,62.0,333.3356628417969,20666.811096191406,0.13600318162949868,342.77178955078125,-585.0398559570312
2022-08-23,ORLY,539.0,48.00600051879883,25875.23427963257,0.17027852875121213,47.26599884033203,398.8609046936035
2022-08-24,CNC,246.0,95.62000274658203,23522.52067565918,0.15492967882634273,82.06317368764726,3334.979948497952
2022-08-24,MNST,540.0,45.21500015258789,24416.10008239746,0.16081518626836847,44.025001525878906,642.5992584228516
2022-08-24,DHR,78.0,247.8253173828125,19330.374755859375,0.1273183598736155,250.3997802734375,-200.80810546875
2022-08-24,MA,62.0,332.18182373046875,20595.273071289062,0.13564953715089986,342.77178955078125,-656.577880859375
2022-08-24,ORLY,539.0,47.41400146484375,25556.14678955078,0.16832403587771602,47.26599884033203,79.7734146118164
2022-08-25,CNC,246.0,95.7300033569336,23549.580825805664,0.15406284902779482,82.06317368764726,3362.0400986444365
2022-08-25,MNST,540.0,45.59000015258789,24618.60008239746,0.16105644069952568,44.025001525878906,845.0992584228516
2022-08-25,DHR,78.0,253.06993103027344,19739.454620361328,0.12913676211745026,250.3997802734375,208.27175903320312
2022-08-25,MA,62.0,337.0318603515625,20895.975341796875,0.13670279391317525,342.77178955078125,-355.8756103515625
2022-08-25,ORLY,539.0,47.582000732421875,25646.69839477539,0.1677823249629112,47.26599884033203,170.32501983642578
2022-08-26,CNC,246.0,89.94000244140625,22125.240600585938,0.14863588181878257,82.06317368764726,1937.69987342471
2022-08-26,MNST,540.0,44.57500076293945,24070.500411987305,0.161704006710795,44.025001525878906,296.9995880126953
2022-08-26,DHR,78.0,243.8157958984375,19017.632080078125,0.12775917628903533,250.3997802734375,-513.55078125
2022-08-26,MA,62.0,324.60357666015625,20125.421752929688,0.13520123298195427,342.77178955078125,-1126.42919921875
2022-08-26,ORLY,539.0,46.58599853515625,25109.85321044922,0.16868630907346918,47.26599884033203,-366.5201644897461
2022-08-29,CNC,246.0,91.44000244140625,22494.240600585938,0.15108687448544184,82.06317368764726,2306.69987342471
2022-08-29,MNST,540.0,44.29499816894531,23919.29901123047,0.1606585521893722,44.025001525878906,145.79818725585938
2022-08-29,DHR,78.0,240.6499481201172,18770.69595336914,0.12607697382934552,250.3997802734375,-760.4869079589844
2022-08-29,MA,62.0,322.0514221191406,19967.18817138672,0.13411344293165078,342.77178955078125,-1284.6627807617188
2022-08-29,ORLY,539.0,46.98466873168945,25324.736446380615,0.17009844185411332,47.26599884033203,-151.6369285583496
2022-08-30,CNC,246.0,91.19000244140625,22432.740600585938,0.1513143115180768,82.06317368764726,2245.19987342471
2022-08-30,MNST,540.0,44.26499938964844,23903.099670410156,0.1612322423806572,44.025001525878906,129.59884643554688
2022-08-30,DHR,78.0,237.76239013671875,18545.466430664062,0.1250936983002532,250.3997802734375,-985.7164306640625
2022-08-30,MA,62.0,320.5455322265625,19873.822998046875,0.13405378761893394,342.77178955078125,-1378.0279541015625
2022-08-30,ORLY,539.0,46.55066680908203,25090.809410095215,0.1692436345125247,47.26599884033203,-385.56396484375
2022-08-31,CNC,246.0,89.73999786376953,22076.039474487305,0.14967551333710213,82.06317368764726,1888.4987473260771
2022-08-31,MNST,540.0,44.415000915527344,23984.100494384766,0.16261216408741974,44.025001525878906,210.59967041015625
2022-08-31,DHR,78.0,234.75308227539062,18310.74041748047,0.12414679158080562,250.3997802734375,-1220.4424438476562
2022-08-31,MA,62.0,317.1817626953125,19665.269287109375,0.13333049521233484,342.77178955078125,-1586.5816650390625
2022-08-31,ORLY,539.0,46.474666595458984,25049.845294952393,0.16983791217940225,47.26599884033203,-426.52807998657227
2022-09-01,MNST,535.0,44.5,23807.5,0.1605817811430279,44.025001525878906,254.12418365478516
2022-09-01,ORLY,580.0,47.097999572753906,27316.839752197266,0.18425230631551007,47.25412303003772,-90.55160522460938
2022-09-01,VRTX,61.0,290.20001220703125,17702.200744628906,0.11940148800688626,290.20001220703125,0.0
2022-09-01,ULTA,49.0,424.25,20788.25,0.1402169153353586,424.25,0.0
2022-09-01,MCK,60.0,357.3350830078125,21440.10498046875,0.1446136824806122,357.3350830078125,0.0
2022-09-02,MNST,535.0,44.19499969482422,23644.324836730957,0.1604831163732265,44.025001525878906,90.94902038574219
2022-09-02,ORLY,580.0,46.8466682434082,27171.067581176758,0.18442047428822542,47.25412303003772,-236.3237762451172
2022-09-02,VRTX,61.0,281.0400085449219,17143.440521240234,0.1163591170061114,290.20001220703125,-558.7602233886719
2022-09-02,ULTA,49.0,423.0799865722656,20730.919342041016,0.1407087140049935,424.25,-57.330657958984375
2022-09-02,MCK,60.0,357.3252868652344,21439.517211914062,0.1455182399778391,357.3350830078125,-0.5877685546875
2022-09-06,MNST,535.0,44.29499816894531,23697.824020385742,0.16064877909691547,44.025001525878906,144.44820404052734
2022-09-06,ORLY,580.0,47.16866683959961,27357.826766967773,0.18546012769263306,47.25412303003772,-49.56459045410156
2022-09-06,VRTX,61.0,279.17999267578125,17029.979553222656,0.1154471153519065,290.20001220703125,-672.22119140625
2022-09-06,ULTA,49.0,427.82000732421875,20963.18035888672,0.14211048777079963,424.25,174.93035888671875
2022-09-06,MCK,60.0,354.359130859375,21261.5478515625,0.1441331364907555,357.3350830078125,-178.55712890625
2022-09-07,MNST,535.0,45.224998474121094,24195.374183654785,0.16115136149429535,44.025001525878906,641.9983673095703
2022-09-07,ORLY,580.0,48.29399871826172,28010.519256591797,0.186561831203724,47.25412303003772,603.1278991699219
2022-09-07,VRTX,61.0,284.44000244140625,17350.84014892578,0.11556388803270455,290.20001220703125,-351.360595703125
2022-09-07,ULTA,49.0,444.010009765625,21756.490478515625,0.1449073709436165,424.25,968.240478515625
2022-09-07,MCK,60.0,360.4092712402344,21624.556274414062,0.14402863369172492,357.3350830078125,184.4512939453125
2022-09-08,MNST,535.0,45.709999084472656,24454.84951019287,0.16185081811709598,44.025001525878906,901.4736938476562
2022-09-08,ORLY,580.0,48.57600021362305,28174.080123901367,0.18646599791380541,47.25412303003772,766.6887664794922
2022-09-08,VRTX,61.0,288.989990234375,17628.389404296875,0.11667089776949902,290.20001220703125,-73.81134033203125
2022-09-08,ULTA,49.0,445.3399963378906,21821.65982055664,0.14442344015071387,424.25,1033.4098205566406
2022-09-08,MCK,60.0,363.5521240234375,21813.12744140625,0.14436696985653355,357.3350830078125,373.0224609375
2022-09-09,MNST,535.0,46.21500015258789,24725.02508163452,0.16384114161817384,44.025001525878906,1171.6492652893066
2022-09-09,ORLY,580.0,48.06800079345703,27879.440460205078,0.18474397245682947,47.25412303003772,472.0491027832031
2022-09-09,VRTX,61.0,292.1099853515625,17818.709106445312,0.11807622570747872,290.20001220703125,116.50836181640625
2022-09-09,ULTA,49.0,442.8999938964844,21702.099700927734,0.1438096333076144,424.25,913.8497009277344
2022-09-09,MCK,60.0,359.672607421875,21580.3564453125,0.14300289786777334,357.3350830078125,140.25146484375
2022-09-12,MNST,535.0,46.779998779296875,25027.299346923828,0.1651373406958721,44.025001525878906,1473.9235305786133
2022-09-12,ORLY,580.0,48.494667053222656,28126.90689086914,0.18558944541211295,47.25412303003772,719.5155334472656
2022-09-12,VRTX,61.0,293.4800109863281,17902.280670166016,0.11812441211822969,290.20001220703125,200.07992553710938
2022-09-12,ULTA,49.0,446.1400146484375,21860.860717773438,0.14424426520073888,424.25,1072.6107177734375
2022-09-12,MCK,60.0,357.2368469238281,21434.210815429688,0.1414291060697214,357.3350830078125,-5.8941650390625
2022-09-13,MNST,535.0,44.76499938964844,23949.274673461914,0.16320180268783088,44.025001525878906,395.8988571166992
2022-09-13,ORLY,580.0,46.378665924072266,26899.626235961914,0.18330690817131384,47.25412303003772,-507.76512145996094
2022-09-13,VRTX,61.0,280.6700134277344,17120.870819091797,0.11666979561420514,290.20001220703125,-581.3299255371094
2022-09-13,ULTA,49.0,430.05999755859375,21072.939880371094,0.1436010828428029,424.25,284.68988037109375
2022-09-13,MCK,60.0,341.6796569824219,20500.779418945312,0.1397021080302229,357.3350830078125,-939.3255615234375
2022-09-14,MNST,535.0,44.46500015258789,23788.77508163452,0.16290806098422236,44.025001525878906,235.39926528930664
2022-09-14,ORLY,580.0,45.96200180053711,26657.961044311523,0.18255655150880234,47.25412303003772,-749.4303131103516
2022-09-14,VRTX,61.0,284.8599853515625,17376.459106445312,0.11899583942798529,290.20001220703125,-325.74163818359375
2022-09-14,ULTA,49.0,426.1499938964844,20881.349700927734,0.1429977028593553,424.25,93.09970092773438
2022-09-14,MCK,60.0,335.3055114746094,20118.330688476562,0.13777246753782416,357.3350830078125,-1321.7742919921875
2022-09-15,MNST,535.0,43.685001373291016,23371.475734710693,0.16055662240796092,44.025001525878906,-181.90008163452148
2022-09-15,ORLY,580.0,45.92466735839844,26636.307067871094,0.18298525710497326,47.25412303003772,-771.0842895507812
2022-09-15,VRTX,61.0,287.6700134277344,17547.870819091797,0.12054980614596922,290.20001220703125,-154.32992553710938
2022-09-15,ULTA,49.0,422.6700134277344,20710.830657958984,0.14227860728394454,424.25,-77.41934204101562
2022-09-15,MCK,60.0,334.93231201171875,20095.938720703125,0.13805444216436397,357.3350830078125,-1344.166259765625
2022-09-16,MNST,535.0,43.619998931884766,23336.69942855835,0.1598994336135128,44.025001525878906,-216.67638778686523
2022-09-16,ORLY,580.0,46.23400115966797,26815.720672607422,0.1837371458896567,47.25412303003772,-591.6706848144531
2022-09-16,VRTX,61.0,289.7099914550781,17672.309478759766,0.12108791497902781,290.20001220703125,-29.891265869140625
2022-09-16,ULTA,49.0,418.6600036621094,20514.34017944336,0.14056106715904007,424.25,-273.9098205566406
2022-09-16,MCK,60.0,340.0690002441406,20404.140014648438,0.13980599277550235,357.3350830078125,-1035.9649658203125
2022-09-19,MNST,535.0,43.92499923706055,23499.874591827393,0.1607425347039097,44.025001525878906,-53.501224517822266
2022-09-19,ORLY,580.0,46.35200119018555,26884.160690307617,0.18389154018081996,47.25412303003772,-523.2306671142578
2022-09-19,VRTX,61.0,285.1400146484375,17393.540893554688,0.11897433068338234,290.20001220703125,-308.65985107421875
2022-09-19,ULTA,49.0,421.4700012207031,20652.030059814453,0.14126286698357093,424.25,-136.21994018554688
2022-09-19,MCK,60.0,342.7207336425781,20563.244018554688,0.1406555576439975,357.3350830078125,-876.8609619140625
2022-09-20,MNST,535.0,43.849998474121094,23459.749183654785,0.1606261333163095,44.025001525878906,-93.62663269042969
2022-09-20,ORLY,580.0,46.737998962402344,27108.03939819336,0.18560554574691443,47.25412303003772,-299.3519592285156
2022-09-20,VRTX,61.0,286.94000244140625,17503.34014892578,0.11984330378949361,290.20001220703125,-198.860595703125
2022-09-20,ULTA,49.0,416.6199951171875,20414.379760742188,0.13977484837320406,424.25,-373.8702392578125
2022-09-20,MCK,60.0,339.3913269042969,20363.479614257812,0.13942634107881596,357.3350830078125,-1076.6253662109375
2022-09-21,MNST,535.0,43.52000045776367,23283.200244903564,0.1606083466969125,44.025001525878906,-270.1755714416504
2022-09-21,ORLY,580.0,46.36199951171875,26889.959716796875,0.18548790232591206,47.25412303003772,-517.431640625
2022-09-21,VRTX,61.0,280.3999938964844,17104.399627685547,0.1179867594037969,290.20001220703125,-597.8011169433594
2022-09-21,ULTA,49.0,410.82000732421875,20130.18035888672,0.13885870293363736,424.25,-658.0696411132812
2022-09-21,MCK,60.0,339.3028564453125,20358.17138671875,0.14043139318483458,357.3350830078125,-1081.93359375
2022-09-22,MNST,535.0,43.3849983215332,23210.974102020264,0.16026793059055325,44.025001525878906,-342.4017143249512
2022-09-22,ORLY,580.0,46.23733139038086,26817.6522064209,0.1851714453486106,47.25412303003772,-589.7391510009766
2022-09-22,VRTX,61.0,286.3399963378906,17466.739776611328,0.12060494427580037,290.20001220703125,-235.46096801757812
2022-09-22,ULTA,49.0,401.6700134277344,19681.830657958984,0.13589977981623097,424.25,-1106.4193420410156
2022-09-22,MCK,60.0,340.7662658691406,20445.975952148438,0.14117607646935565,357.3350830078125,-994.1290283203125
2022-09-23,MNST,535.0,43.54499816894531,23296.574020385742,0.16194741395760845,44.025001525878906,-256.80179595947266
2022-09-23,ORLY,580.0,45.88199996948242,26611.559982299805,0.1849917209603455,47.25412303003772,-795.8313751220703
2022-09-23,VRTX,61.0,283.45001220703125,17290.450744628906,0.12019551809651419,290.20001220703125,-411.75
2022-09-23,ULTA,49.0,392.29998779296875,19222.69940185547,0.13362765077349403,424.25,-1565.5505981445312
2022-09-23,MCK,60.0,337.14215087890625,20228.529052734375,0.14061973084068263,357.3350830078125,-1211.575927734375
2022-09-26,MNST,535.0,43.95500183105469,23515.925979614258,0.1637289986497554,44.025001525878906,-37.44983673095703
2022-09-26,ORLY,580.0,46.24800109863281,26823.84063720703,0.18676026499138376,47.25412303003772,-583.5507202148438
2022-09-26,VRTX,61.0,276.7799987792969,16883.57992553711,0.11755146861865771,290.20001220703125,-818.6208190917969
2022-09-26,ULTA,49.0,387.6600036621094,18995.34017944336,0.13225454227436476,424.25,-1792.9098205566406
2022-09-26,MCK,60.0,336.7591247558594,20205.547485351562,0.14068057791194669,357.3350830078125,-1234.5574951171875
2022-09-27,MNST,535.0,43.67499923706055,23366.124591827393,0.16206740538203718,44.025001525878906,-187.25122451782227
2022-09-27,ORLY,580.0,46.21266555786133,26803.34602355957,0.18590796811528582,47.25412303003772,-604.0453338623047
2022-09-27,VRTX,61.0,284.739990234375,17369.139404296875,0.12047232504948083,290.20001220703125,-333.06134033203125
2022-09-27,ULTA,49.0,394.1099853515625,19311.389282226562,0.13394376731123012,424.25,-1476.8607177734375
2022-09-27,MCK,60.0,335.3742370605469,20122.454223632812,0.1395693125373315,357.3350830078125,-1317.6507568359375
2022-09-28,MNST,535.0,44.70000076293945,23914.500408172607,0.16233392887770542,44.025001525878906,361.1245918273926
2022-09-28,ORLY,580.0,47.84199905395508,27748.359451293945,0.18835853280464,47.25412303003772,340.9680938720703
2022-09-28,VRTX,61.0,292.4100036621094,17837.010223388672,0.12107934096774806,290.20001220703125,134.80947875976562
2022-09-28,ULTA,49.0,409.2099914550781,20051.289581298828,0.13611008221959198,424.25,-736.9604187011719
2022-09-28,MCK,60.0,342.7109375,20562.65625,0.1395812883502037,357.3350830078125,-877.44873046875
2022-09-29,MNST,535.0,44.005001068115234,23542.67557144165,0.16112463594140466,44.025001525878906,-10.700244903564453
2022-09-29,ORLY,580.0,47.45066833496094,27521.387634277344,0.18835469867130616,47.25412303003772,113.99627685546875
2022-09-29,VRTX,61.0,292.79998779296875,17860.799255371094,0.12223822092401004,290.20001220703125,158.5985107421875
2022-09-29,ULTA,49.0,404.760009765625,19833.240478515625,0.13573748837262994,424.25,-955.009521484375
2022-09-29,MCK,60.0,335.8948059082031,20153.688354492188,0.13793061409439591,357.3350830078125,-1286.4166259765625
2022-09-30,MNST,535.0,43.47999954223633,23261.799755096436,0.16041590074921924,44.025001525878906,-291.5760612487793
2022-09-30,ORLY,580.0,46.88999938964844,27196.199645996094,0.1875479502488725,47.25412303003772,-211.19171142578125
2022-09-30,VRTX,61.0,289.5400085449219,17661.940521240234,0.12179866250775148,290.20001220703125,-40.260223388671875
2022-09-30,ULTA,49.0,401.19000244140625,19658.310119628906,0.1355658443563405,424.25,-1129.9398803710938
2022-09-30,MCK,60.0,333.8028259277344,20028.169555664062,0.1381164352481385,357.3350830078125,-1411.9354248046875
2022-10-03,ORLY,532.0,47.87933349609375,25471.805419921875,0.17318560573300376,47.25412303003772,332.61196794180796
2022-10-03,VRTX,63.0,297.42999267578125,18738.08953857422,0.1274023310683405,290.4295353965154,441.02880859375
2022-10-03,ULTA,61.0,404.75,24689.75,0.1678683249441823,420.4139344262295,-955.5
2022-10-03,MCK,74.0,340.55010986328125,25200.708129882812,0.17134238545026437,354.1595475480363,-1007.098388671875
2022-10-03,TMUS,118.0,132.82923889160156,15673.850189208984,0.10656823081191859,132.82923889160156,0.0
2022-10-04,ORLY,532.0,48.64733123779297,25880.38021850586,0.17407079598693362,47.25412303003772,741.1867665257923
2022-10-04,VRTX,63.0,300.6400146484375,18940.320922851562,0.12739212915161283,290.4295353965154,643.2601928710938
2022-10-04,ULTA,61.0,403.95001220703125,24640.950744628906,0.16573442406094638,420.4139344262295,-1004.2992553710938
2022-10-04,MCK,74.0,349.0162658691406,25827.203674316406,0.17371313186852652,354.1595475480363,-380.60284423828125
2022-10-04,TMUS,118.0,136.31015014648438,16084.597717285156,0.10818460564097097,132.82923889160156,410.7475280761719
2022-10-05,ORLY,532.0,48.805999755859375,25964.791870117188,0.1752680419089109,47.25412303003772,825.5984181371205
2022-10-05,VRTX,63.0,302.0199890136719,19027.259307861328,0.12843817498957302,290.4295353965154,730.1985778808594
2022-10-05,ULTA,61.0,395.989990234375,24155.389404296875,0.1630541782740375,420.4139344262295,-1489.860595703125
2022-10-05,MCK,74.0,348.04388427734375,25755.247436523438,0.17385357100721435,354.1595475480363,-452.55908203125
2022-10-05,TMUS,118.0,135.05740356445312,15936.773620605469,0.10757671853490958,132.82923889160156,262.9234313964844
2022-10-06,ORLY,532.0,48.82733154296875,25976.140380859375,0.1764138913184473,47.25412303003772,836.946928879308
2022-10-06,VRTX,63.0,298.6300048828125,18813.690307617188,0.12777095706152405,290.4295353965154,516.6295776367188
2022-10-06,ULTA,61.0,392.0799865722656,23916.879180908203,0.1624286619426403,420.4139344262295,-1728.3708190917969
2022-10-06,MCK,74.0,344.6260681152344,25502.329040527344,0.17319605752661987,354.1595475480363,-705.4774780273438
2022-10-06,TMUS,118.0,133.3264923095703,15732.526092529297,0.10684559397812585,132.82923889160156,58.6759033203125
2022-10-07,ORLY,532.0,47.384666442871094,25208.642547607422,0.17325388547425116,47.25412303003772,69.44909562735484
2022-10-07,VRTX,63.0,295.2300109863281,18599.490692138672,0.12783052574804504,290.4295353965154,302.4299621582031
2022-10-07,ULTA,61.0,387.9800109863281,23666.780670166016,0.1626569816295933,420.4139344262295,-1978.4693298339844
2022-10-07,MCK,74.0,340.49127197265625,25196.354125976562,0.17316942964566495,354.1595475480363,-1011.452392578125
2022-10-07,TMUS,118.0,131.57650756835938,15526.027893066406,0.10670723952609903,132.82923889160156,-147.82229614257812
2022-10-10,ORLY,532.0,48.30466842651367,25698.083602905273,0.17583245909678716,47.25412303003772,558.8901509252064
2022-10-10,VRTX,63.0,294.5400085449219,18556.020538330078,0.1269647485284155,290.4295353965154,258.9598083496094
2022-10-10,ULTA,61.0,390.29998779296875,23808.299255371094,0.16290210078197545,420.4139344262295,-1836.9507446289062
2022-10-10,MCK,74.0,341.1198425292969,25242.86834716797,0.17271776700256367,354.1595475480363,-964.9381713867188
2022-10-10,TMUS,118.0,131.71035766601562,15541.822204589844,0.10634087970548639,132.82923889160156,-132.02798461914062
2022-10-11,ORLY,532.0,48.72666549682617,25922.586044311523,0.1762805579368062,47.25412303003772,783.3925923314564
2022-10-11,VRTX,63.0,295.1600036621094,18595.08023071289,0.1264515474014237,290.4295353965154,298.0195007324219
2022-10-11,ULTA,61.0,396.79998779296875,24204.799255371094,0.16459914570990597,420.4139344262295,-1440.4507446289062
2022-10-11,MCK,74.0,345.2742614746094,25550.295349121094,0.1737488810681995,354.1595475480363,-657.5111694335938
2022-10-11,TMUS,118.0,131.1557159423828,15476.374481201172,0.1052435094138213,132.82923889160156,-197.4757080078125
2022-10-12,ORLY,532.0,48.50400161743164,25804.128860473633,0.17702030400681357,47.25412303003772,664.9354084935658
2022-10-12,VRTX,63.0,290.1300048828125,18278.190307617188,0.1253912047348766,290.4295353965154,-18.87042236328125
2022-10-12,ULTA,61.0,398.0199890136719,24279.219329833984,0.16655918942486742,420.4139344262295,-1366.0306701660156
2022-10-12,MCK,74.0,339.22430419921875,25102.598510742188,0.17220769760374713,354.1595475480363,-1105.2080078125
2022-10-12,TMUS,118.0,127.1297378540039,15001.309066772461,0.10291129399713778,132.82923889160156,-672.5411224365234
2022-10-13,ORLY,532.0,49.198665618896484,26173.69010925293,0.17772406569999458,47.25412303003772,1034.4966572728626
2022-10-13,VRTX,63.0,296.5400085449219,18682.020538330078,0.12685428121535866,290.4295353965154,384.9598083496094
2022-10-13,ULTA,61.0,398.8900146484375,24332.290893554688,0.16522063367246478,420.4139344262295,-1312.9591064453125
2022-10-13,MCK,74.0,348.1422424316406,25762.525939941406,0.1749321870029066,354.1595475480363,-445.28057861328125
2022-10-13,TMUS,118.0,127.26358795166016,15017.103378295898,0.10196883421051739,132.82923889160156,-656.7468109130859
2022-10-14,ORLY,532.0,48.79399871826172,25958.407318115234,0.17748796250757745,47.25412303003772,819.2138661351673
2022-10-14,VRTX,63.0,293.2099914550781,18472.229461669922,0.1263019849386618,290.4295353965154,175.16873168945312
2022-10-14,ULTA,61.0,394.239990234375,24048.639404296875,0.16443011917643358,420.4139344262295,-1596.610595703125
2022-10-14,MCK,74.0,346.3547058105469,25630.24822998047,0.17524420821180683,354.1595475480363,-577.5582885742188
2022-10-14,TMUS,118.0,125.77178955078125,14841.071166992188,0.10147431044512377,132.82923889160156,-832.7790222167969
2022-10-17,ORLY,532.0,49.08466720581055,26113.04295349121,0.17697643826960763,47.25412303003772,973.8495015111439
2022-10-17,VRTX,63.0,297.0199890136719,18712.259307861328,0.1268189620865254,290.4295353965154,415.1985778808594
2022-10-17,ULTA,61.0,402.5400085449219,24554.940521240234,0.16641668009013724,420.4139344262295,-1090.3094787597656
2022-10-17,MCK,74.0,348.161865234375,25763.97802734375,0.17461071369800377,354.1595475480363,-443.8284912109375
2022-10-17,TMUS,118.0,127.99038696289062,15102.865661621094,0.10235694772219997,132.82923889160156,-570.9845275878906
2022-10-18,ORLY,532.0,49.4739990234375,26320.16748046875,0.17684530284554786,47.25412303003772,1180.974028488683
2022-10-18,VRTX,63.0,300.1700134277344,18910.710845947266,0.12706113625826257,290.4295353965154,613.6501159667969
2022-10-18,ULTA,61.0,404.9800109863281,24703.780670166016,0.16598479387668758,420.4139344262295,-941.4693298339844
2022-10-18,MCK,74.0,354.4377746582031,26228.39532470703,0.17622868539087122,354.1595475480363,20.58880615234375
2022-10-18,TMUS,118.0,130.20901489257812,15364.663757324219,0.10323523272791969,132.82923889160156,-309.1864318847656
2022-10-19,ORLY,532.0,49.181331634521484,26164.46842956543,0.1780414986409229,47.25412303003772,1025.2749775853626
2022-10-19,VRTX,63.0,292.0199890136719,18397.259307861328,0.12518792907545043,290.4295353965154,100.19857788085938
2022-10-19,ULTA,61.0,386.260009765625,23561.860595703125,0.1603315191562318,420.4139344262295,-2083.389404296875
2022-10-19,MCK,74.0,354.2217102050781,26212.40655517578,0.17836770346135256,354.1595475480363,4.60003662109375
2022-10-19,TMUS,118.0,129.80735778808594,15317.26821899414,0.1042294971952538,132.82923889160156,-356.58197021484375
2022-10-20,ORLY,532.0,48.72800064086914,25923.296340942383,0.17726704587910624,47.25412303003772,784.1028889623158
2022-10-20,VRTX,63.0,290.1600036621094,18280.08023071289,0.12500168876338685,290.4295353965154,-16.980499267578125
2022-10-20,ULTA,61.0,381.5899963378906,23276.989776611328,0.15917123965987295,420.4139344262295,-2368.260223388672
2022-10-20,MCK,74.0,352.7779235839844,26105.566345214844,0.17851343309718243,354.1595475480363,-102.24017333984375
2022-10-20,TMUS,118.0,130.07510375976562,15348.862243652344,0.10495761926851821,132.82923889160156,-324.9879455566406
2022-10-21,ORLY,532.0,49.60466766357422,26389.683197021484,0.17797049555019295,47.25412303003772,1250.4897450414173
2022-10-21,VRTX,63.0,300.0,18900.0,0.1274605057130163,290.4295353965154,602.9392700195312
2022-10-21,ULTA,61.0,382.80999755859375,23351.40985107422,0.15748055601745134,420.4139344262295,-2293.8401489257812
2022-10-21,MCK,74.0,364.0235900878906,26937.745666503906,0.18166659711223287,354.1595475480363,729.9391479492188
2022-10-21,TMUS,118.0,130.4958953857422,15398.515655517578,0.1038466980255063,132.82923889160156,-275.33453369140625
2022-10-24,ORLY,532.0,51.23066711425781,27254.714904785156,0.1806657823640342,47.25412303003772,2115.521452805089
2022-10-24,VRTX,63.0,310.5,19561.5,0.12966907612354323,290.4295353965154,1264.4392700195312
2022-10-24,ULTA,61.0,384.6300048828125,23462.430297851562,0.1555275239800343,420.4139344262295,-2182.8197021484375
2022-10-24,MCK,74.0,372.34234619140625,27553.333618164062,0.18264526311331433,354.1595475480363,1345.527099609375
2022-10-24,TMUS,118.0,133.2308807373047,15721.243927001953,0.10421282496368928,132.82923889160156,47.39373779296875
2022-10-25,ORLY,532.0,51.71533203125,27512.556640625,0.18090874090636344,47.25412303003772,2373.363188644933
2022-10-25,VRTX,63.0,309.2099914550781,19480.229461669922,0.12809219552042672,290.4295353965154,1183.1687316894531
2022-10-25,ULTA,61.0,395.3999938964844,24119.399627685547,0.15859704625265536,420.4139344262295,-1525.8503723144531
2022-10-25,MCK,74.0,375.6030578613281,27794.62628173828,0.18276348905966172,354.1595475480363,1586.8197631835938
2022-10-25,TMUS,118.0,134.483642578125,15869.06982421875,0.10434702520577395,132.82923889160156,195.21963500976562
2022-10-26,ORLY,532.0,51.830665588378906,27573.914093017578,0.18052658822161885,47.25412303003772,2434.720641037511
2022-10-26,VRTX,63.0,311.17999267578125,19604.33953857422,0.12834973371202243,290.4295353965154,1307.27880859375
2022-10-26,ULTA,61.0,399.2699890136719,24355.469329833984,0.15945541020469747,420.4139344262295,-1289.7806701660156
2022-10-26,MCK,74.0,378.52984619140625,28011.208618164062,0.18338955821588157,354.1595475480363,1803.402099609375
2022-10-26,TMUS,118.0,134.6844482421875,15892.764892578125,0.1040500312645847,132.82923889160156,218.91470336914062
2022-10-27,ORLY,532.0,54.21466827392578,28842.203521728516,0.18864257996454495,47.25412303003772,3703.0100697484486
2022-10-27,VRTX,63.0,287.8900146484375,18137.070922851562,0.11862560533244593,290.4295353965154,-159.98980712890625
2022-10-27,ULTA,61.0,402.239990234375,24536.639404296875,0.16048201578631957,420.4139344262295,-1108.610595703125
2022-10-27,MCK,74.0,381.1423645019531,28204.53497314453,0.184471905554162,354.1595475480363,1996.7284545898438
2022-10-27,TMUS,118.0,134.483642578125,15869.06982421875,0.1037917325222011,132.82923889160156,195.21963500976562
2022-10-28,ORLY,532.0,55.753334045410156,29660.773712158203,0.1879031943177516,47.25412303003772,4521.580260178136
2022-10-28,VRTX,63.0,313.8900146484375,19775.070922851562,0.12527653628741178,290.4295353965154,1478.0101928710938
2022-10-28,ULTA,61.0,416.1400146484375,25384.540893554688,0.1608129432656479,420.4139344262295,-260.7091064453125
2022-10-28,MCK,74.0,387.67364501953125,28687.849731445312,0.181739648970674,354.1595475480363,2480.043212890625
2022-10-28,TMUS,118.0,144.40040588378906,17039.24789428711,0.10794489513927125,132.82923889160156,1365.397705078125
2022-10-31,ORLY,532.0,55.81133270263672,29691.628997802734,0.18835739287024084,47.25412303003772,4552.435545822667
2022-10-31,VRTX,63.0,312.0,19656.0,0.12469349238236267,290.4295353965154,1358.9392700195312
2022-10-31,ULTA,61.0,419.3699951171875,25581.569702148438,0.16228404898167104,420.4139344262295,-63.6802978515625
2022-10-31,MCK,74.0,382.419189453125,28299.02001953125,0.17952297706724402,354.1595475480363,2091.2135009765625
2022-10-31,TMUS,118.0,144.93592834472656,17102.439544677734,0.10849424679914993,132.82923889160156,1428.58935546875
2022-11-01,ORLY,442.0,55.599998474121094,24575.199325561523,0.15626788630224206,47.25412303003772,3688.8769462848504
2022-11-01,VRTX,67.0,314.20001220703125,21051.400817871094,0.13386088413485694,291.8486683404268,1497.5400390625
2022-11-01,ULTA,58.0,422.0,24476.0,0.1556371012281213,420.4139344262295,91.99180327868817
2022-11-01,MCK,81.0,375.2200622558594,30392.82504272461,0.19326079374828853,355.9795920289593,1558.4780883789062
2022-11-01,AZO,6.0,2535.0,15210.0,0.09671679644058362,2535.0,0.0
2022-11-02,ORLY,442.0,54.340667724609375,24018.575134277344,0.1541418952645057,47.25412303003772,3132.2527550006707
2022-11-02,VRTX,67.0,310.010009765625,20770.670654296875,0.1332981045990137,291.8486683404268,1216.8098754882812
2022-11-02,ULTA,58.0,406.7699890136719,23592.65936279297,0.15140853311156294,420.4139344262295,-791.3488339283431
2022-11-02,MCK,81.0,382.8316955566406,31009.36734008789,0.19900608699860015,355.9795920289593,2175.0203857421875
2022-11-02,AZO,6.0,2478.679931640625,14872.07958984375,0.09544323598245208,2535.0,-337.92041015625
2022-11-03,ORLY,442.0,54.62466812133789,24144.103309631348,0.15362165252805893,47.25412303003772,3257.7809303546746
2022-11-03,VRTX,67.0,311.29998779296875,20857.099182128906,0.13270743594035722,291.8486683404268,1303.2384033203125
2022-11-03,ULTA,58.0,415.6400146484375,24107.120849609375,0.15338634428114375,420.4139344262295,-276.88734711193683
2022-11-03,MCK,81.0,390.4825439453125,31629.086059570312,0.2012463418546221,355.9795920289593,2794.7391052246094
2022-11-03,AZO,6.0,2478.4599609375,14870.759765625,0.09461816246585485,2535.0,-339.240234375
2022-11-04,ORLY,442.0,54.382667541503906,24037.139053344727,0.1532060422130242,47.25412303003772,3150.8166740680535
2022-11-04,VRTX,67.0,308.82000732421875,20690.940490722656,0.13187830278860618,291.8486683404268,1137.0797119140625
2022-11-04,ULTA,58.0,418.32000732421875,24262.560424804688,0.15464281536955368,420.4139344262295,-121.44777191662433
2022-11-04,MCK,81.0,389.5692443847656,31555.108795166016,0.20112349141800517,355.9795920289593,2720.7618408203125
2022-11-04,AZO,6.0,2465.10009765625,14790.6005859375,0.09427117647804303,2535.0,-419.3994140625
2022-11-07,ORLY,442.0,55.3466682434082,24463.227363586426,0.15564093876534266,47.25412303003772,3576.9049843097528
2022-11-07,VRTX,67.0,303.2300109863281,20316.410736083984,0.1292578935849298,291.8486683404268,762.5499572753906
2022-11-07,ULTA,58.0,419.3500061035156,24322.300354003906,0.1547443272208878,420.4139344262295,-61.70784271740558
2022-11-07,MCK,81.0,388.734375,31487.484375,0.2003309520304269,355.9795920289593,2653.137420654297
2022-11-07,AZO,6.0,2505.010009765625,15030.06005859375,0.09562485858677237,2535.0,-179.93994140625
2022-11-08,ORLY,442.0,55.56733322143555,24560.76128387451,0.15618330250583815,47.25412303003772,3674.4389045978387
2022-11-08,VRTX,67.0,306.5,20535.5,0.13058643303187875,291.8486683404268,981.6392211914062
2022-11-08,ULTA,58.0,423.1199951171875,24540.959716796875,0.15605738319473736,420.4139344262295,156.95152007556317
2022-11-08,MCK,81.0,383.794189453125,31087.329345703125,0.1976861265487872,355.9795920289593,2252.982391357422
2022-11-08,AZO,6.0,2495.60009765625,14973.6005859375,0.09521799275214275,2535.0,-236.3994140625
2022-11-09,ORLY,442.0,55.246665954589844,24419.02635192871,0.1563331816761939,47.25412303003772,3532.703972652038
2022-11-09,VRTX,67.0,309.3399963378906,20725.779754638672,0.13268862750978566,291.8486683404268,1171.9189758300781
2022-11-09,ULTA,58.0,413.4700012207031,23981.26007080078,0.1535305557822307,420.4139344262295,-402.7481259205306
2022-11-09,MCK,81.0,379.325439453125,30725.360595703125,0.19670699850386272,355.9795920289593,1891.0136413574219
2022-11-09,AZO,6.0,2464.889892578125,14789.33935546875,0.0946829100803507,2535.0,-420.66064453125
2022-11-10,ORLY,442.0,56.25666809082031,24865.447296142578,0.15929550334838463,47.25412303003772,3979.124916865905
2022-11-10,VRTX,67.0,311.0299987792969,20839.00991821289,0.1335009394630384,291.8486683404268,1285.1491394042969
2022-11-10,ULTA,58.0,423.5799865722656,24567.639221191406,0.15738765561753285,420.4139344262295,183.63102447009442
2022-11-10,MCK,81.0,363.7092590332031,29460.449981689453,0.18873246689719314,355.9795920289593,626.10302734375
2022-11-10,AZO,6.0,2467.659912109375,14805.95947265625,0.09485141122389713,2535.0,-404.04052734375
2022-11-11,ORLY,442.0,54.37333297729492,24033.013175964355,0.15640706778160143,47.25412303003772,3146.6907966876825
2022-11-11,VRTX,67.0,303.260009765625,20318.420654296875,0.13223246595104413,291.8486683404268,764.5598754882812
2022-11-11,ULTA,58.0,430.2699890136719,24955.65936279297,0.16241165753591752,420.4139344262295,571.6511660716569
2022-11-11,MCK,81.0,349.85113525390625,28337.941955566406,0.18442358333444853,355.9795920289593,-496.4049987792969
2022-11-11,AZO,6.0,2408.989990234375,14453.93994140625,0.09406637226777995,2535.0,-756.06005859375
2022-11-14,ORLY,442.0,54.994667053222656,24307.642837524414,0.1575470966006984,47.25412303003772,3421.320458247741
2022-11-14,VRTX,67.0,306.0299987792969,20504.00991821289,0.1328943021286944,291.8486683404268,950.1491394042969
2022-11-14,ULTA,58.0,422.6199951171875,24511.959716796875,0.15887135215813977,420.4139344262295,127.95152007556317
2022-11-14,MCK,81.0,354.6341247558594,28725.36410522461,0.1861800316808078,355.9795920289593,-108.98284912109375
2022-11-14,AZO,6.0,2446.8798828125,14681.279296875,0.09515496599431537,2535.0,-528.720703125
2022-11-15,ORLY,442.0,55.007999420166016,24313.53574371338,0.1575536650379299,47.25412303003772,3427.213364436706
2022-11-15,VRTX,67.0,305.2799987792969,20453.75991821289,0.13254200758331053,291.8486683404268,899.8991394042969
2022-11-15,ULTA,58.0,436.2699890136719,25303.65936279297,0.16396974563891545,420.4139344262295,919.6511660716569
2022-11-15,MCK,81.0,347.3663024902344,28136.670501708984,0.18232788543126996,355.9795920289593,-697.6764526367188
2022-11-15,AZO,6.0,2425.60009765625,14553.6005859375,0.09430850107457114,2535.0,-656.3994140625
2022-11-16,ORLY,442.0,55.59866714477539,24574.610877990723,0.1580791230420677,47.25412303003772,3688.2884987140496
2022-11-16,VRTX,67.0,305.44000244140625,20464.48016357422,0.1316402157426187,291.8486683404268,910.619384765625
2022-11-16,ULTA,58.0,435.5799865722656,25263.639221191406,0.16251138025196085,420.4139344262295,879.6310244700944
2022-11-16,MCK,81.0,356.7163391113281,28894.023468017578,0.1858642610317741,355.9795920289593,59.676513671875
2022-11-16,AZO,6.0,2450.510009765625,14703.06005859375,0.09457919198138647,2535.0,-506.93994140625
2022-11-17,ORLY,442.0,55.332000732421875,24456.74432373047,0.15710034309320936,47.25412303003772,3570.4219444537957
2022-11-17,VRTX,67.0,309.8999938964844,20763.299591064453,0.13337513146990151,291.8486683404268,1209.4388122558594
2022-11-17,ULTA,58.0,434.70001220703125,25212.600708007812,0.16195566217114338,420.4139344262295,828.5925112865007
2022-11-17,MCK,81.0,360.0065612792969,29160.531463623047,0.1873155902141243,355.9795920289593,326.18450927734375
2022-11-17,AZO,6.0,2420.820068359375,14524.92041015625,0.0933022788982996,2535.0,-685.07958984375
2022-11-18,ORLY,442.0,55.884666442871094,24701.022567749023,0.15726460938626427,47.25412303003772,3814.7001884723504
2022-11-18,VRTX,67.0,314.6300048828125,21080.210327148438,0.13421189482283855,291.8486683404268,1526.3495483398438
2022-11-18,ULTA,58.0,440.5,25549.0,0.16266344821107612,420.4139344262295,1164.9918032786882
2022-11-18,MCK,81.0,363.1297607421875,29413.510620117188,0.18726772325575833,355.9795920289593,579.1636657714844
2022-11-18,AZO,6.0,2460.840087890625,14765.04052734375,0.09400494755779171,2535.0,-444.95947265625
2022-11-21,ORLY,442.0,56.42599868774414,24940.29141998291,0.15818548320457276,47.25412303003772,4053.969040706237
2022-11-21,VRTX,67.0,316.20001220703125,21185.400817871094,0.13436983589423457,291.8486683404268,1631.5400390625
2022-11-21,ULTA,58.0,442.010009765625,25636.58056640625,0.1626017441544679,420.4139344262295,1252.5723696849382
2022-11-21,MCK,81.0,362.20660400390625,29338.734924316406,0.18608290827329257,355.9795920289593,504.3879699707031
2022-11-21,AZO,6.0,2501.0,15006.0,0.09517656874955015,2535.0,-204.0
2022-11-22,ORLY,442.0,56.80866622924805,25109.430473327637,0.15739475070012418,47.25412303003772,4223.108094050964
2022-11-22,VRTX,67.0,321.4800109863281,21539.160736083984,0.13501504297148484,291.8486683404268,1985.2999572753906
2022-11-22,ULTA,58.0,450.0400085449219,26102.32049560547,0.1636185349350977,420.4139344262295,1718.312298884157
2022-11-22,MCK,81.0,370.9869384765625,30049.942016601562,0.18836361650178773,355.9795920289593,1215.5950622558594
2022-11-22,AZO,6.0,2528.81005859375,15172.8603515625,0.09510883072313231,2535.0,-37.1396484375
2022-11-23,ORLY,442.0,56.72133255004883,25070.828987121582,0.15753100869003192,47.25412303003772,4184.506607844909
2022-11-23,VRTX,67.0,316.1600036621094,21182.720245361328,0.1331003170563148,291.8486683404268,1628.8594665527344
2022-11-23,ULTA,58.0,447.3699951171875,25947.459716796875,0.16303926384846187,420.4139344262295,1563.4515200755632
2022-11-23,MCK,81.0,373.9530334472656,30290.195709228516,0.19032657779064066,355.9795920289593,1455.8487548828125
2022-11-23,AZO,6.0,2516.580078125,15099.48046875,0.09487665486288804,2535.0,-110.51953125
2022-11-25,ORLY,442.0,57.064666748046875,25222.58270263672,0.15801311397062442,47.25412303003772,4336.260323360046
2022-11-25,VRTX,67.0,312.9800109863281,20969.660736083984,0.13136963136886778,291.8486683404268,1415.7999572753906
2022-11-25,ULTA,58.0,448.3500061035156,26004.300354003906,0.162910377735981,420.4139344262295,1620.2921572825944
2022-11-25,MCK,81.0,376.49676513671875,30496.23797607422,0.1910512330874408,355.9795920289593,1661.8910217285156
2022-11-25,AZO,6.0,2562.1201171875,15372.720703125,0.09630621483689439,2535.0,162.720703125
2022-11-28,ORLY,442.0,56.83733367919922,25122.101486206055,0.15715218759044422,47.25412303003772,4235.779106929382
2022-11-28,VRTX,67.0,315.29998779296875,21125.099182128906,0.13214879938923563,291.8486683404268,1571.2384033203125
2022-11-28,ULTA,58.0,457.239990234375,26519.91943359375,0.1658962868213854,420.4139344262295,2135.911236872438
2022-11-28,MCK,81.0,373.55035400390625,30257.578674316406,0.18927734538727495,355.9795920289593,1423.2317199707031
2022-11-28,AZO,6.0,2545.97998046875,15275.8798828125,0.09555880276460853,2535.0,65.8798828125
2022-11-29,ORLY,442.0,56.64866638183594,25038.710540771484,0.1568918696254113,47.25412303003772,4152.388161494811
2022-11-29,VRTX,67.0,316.3299865722656,21194.109100341797,0.13280170304229708,291.8486683404268,1640.2483215332031
2022-11-29,ULTA,58.0,449.8800048828125,26093.040283203125,0.16349827071073977,420.4139344262295,1709.0320864818132
2022-11-29,MCK,81.0,374.9646911621094,30372.13998413086,0.19031099140971092,355.9795920289593,1537.7930297851562
2022-11-29,AZO,6.0,2556.050048828125,15336.30029296875,0.0960968346266314,2535.0,126.30029296875
2022-11-30,ORLY,442.0,57.63600158691406,25475.112701416016,0.15815814193448793,47.25412303003772,4588.790322139343
2022-11-30,VRTX,67.0,316.3999938964844,21198.799591064453,0.13160933943102737,291.8486683404268,1644.9388122558594
2022-11-30,ULTA,58.0,464.8399963378906,26960.719787597656,0.1673812947090834,420.4139344262295,2576.7115908763444
2022-11-30,MCK,81.0,375.3974304199219,30407.191864013672,0.1887781625551187,355.9795920289593,1572.8449096679688
2022-11-30,AZO,6.0,2579.0,15474.0,0.09606784146467123,2535.0,264.0
2022-12-01,ORLY,367.0,57.14533233642578,20972.33696746826,0.1302975342246666,47.25412303003772,3630.073815444419
2022-12-01,MCK,50.0,373.46966552734375,18673.483276367188,0.11601515034163183,355.9795920289593,874.5036749192222
2022-12-01,AZO,8.0,2552.969970703125,20423.759765625,0.12688931811394327,2539.4924926757812,107.81982421875
2022-12-01,V,128.0,211.27581787109375,27043.3046875,0.16801541590398114,211.27581787109375,0.0
2022-12-01,REGN,44.0,755.0040283203125,33220.17724609375,0.2063912661896792,755.0040283203125,0.0
2022-12-02,ORLY,367.0,57.227333068847656,21002.43123626709,0.12980972264177162,47.25412303003772,3660.168084243247
2022-12-02,MCK,50.0,380.48236083984375,19024.118041992188,0.11758236266813527,355.9795920289593,1225.1384405442222
2022-12-02,AZO,8.0,2571.590087890625,20572.720703125,0.12715381083347105,2539.4924926757812,256.78076171875
2022-12-02,V,128.0,211.91842651367188,27125.55859375,0.1676549347047715,211.27581787109375,82.25390625
2022-12-02,REGN,44.0,760.1119995117188,33444.927978515625,0.20671305982748606,755.0040283203125,224.750732421875
2022-12-05,ORLY,367.0,56.206668853759766,20627.847469329834,0.129027478132857,47.25412303003772,3285.584317305991
2022-12-05,MCK,50.0,376.1449279785156,18807.24639892578,0.11763959264701157,355.9795920289593,1008.266797477816
2022-12-05,AZO,8.0,2526.919921875,20215.359375,0.12644735925955533,2539.4924926757812,-100.58056640625
2022-12-05,V,128.0,208.0434112548828,26629.556640625,0.166568254018971,211.27581787109375,-413.748046875
2022-12-05,REGN,44.0,749.2615966796875,32967.51025390625,0.20621224365291588,755.0040283203125,-252.6669921875
2022-12-06,ORLY,367.0,55.310665130615234,20299.01410293579,0.12860091854893071,47.25412303003772,2956.750950911948
2022-12-06,MCK,50.0,371.8173828125,18590.869140625,0.11777925942529248,355.9795920289593,791.8895391770347
2022-12-06,AZO,8.0,2456.919921875,19655.359375,0.12452315453432602,2539.4924926757812,-660.58056640625
2022-12-06,V,128.0,203.56475830078125,26056.2890625,0.16507514554262667,211.27581787109375,-987.015625
2022-12-06,REGN,44.0,741.346923828125,32619.2646484375,0.20665375051752066,755.0040283203125,-600.91259765625
2022-12-07,ORLY,367.0,55.25266647338867,20277.728595733643,0.12773157432942575,47.25412303003772,2935.4654437097997
2022-12-07,MCK,50.0,379.16436767578125,18958.218383789062,0.11941983882513972,355.9795920289593,1159.2387823410972
2022-12-07,AZO,8.0,2455.260009765625,19642.080078125,0.12372755654750316,2539.4924926757812,-673.85986328125
2022-12-07,V,128.0,202.3282470703125,25898.015625,0.163134361532253,211.27581787109375,-1145.2890625
2022-12-07,REGN,44.0,758.00927734375,33352.408203125,0.2100903751300395,755.0040283203125,132.23095703125
2022-12-08,ORLY,367.0,55.75733184814453,20462.940788269043,0.1285137442978285,47.25412303003772,3120.6776362452
2022-12-08,MCK,50.0,375.3581237792969,18767.906188964844,0.11786839056666625,355.9795920289593,968.9265875168785
2022-12-08,AZO,8.0,2488.89990234375,19911.19921875,0.12504863262510638,2539.4924926757812,-404.74072265625
2022-12-08,V,128.0,203.58425903320312,26058.78515625,0.16365741791141866,211.27581787109375,-984.51953125
2022-12-08,REGN,44.0,759.1498413085938,33402.593017578125,0.2097788554617904,755.0040283203125,182.415771484375
2022-12-09,ORLY,367.0,55.186668395996094,20253.507301330566,0.12857435454734242,47.25412303003772,2911.2441493067236
2022-12-09,MCK,50.0,365.2964782714844,18264.82391357422,0.1159496925974096,355.9795920289593,465.8443121262535
2022-12-09,AZO,8.0,2454.989990234375,19639.919921875,0.12467914765314135,2539.4924926757812,-676.02001953125
2022-12-09,V,128.0,203.1947784423828,26008.931640625,0.16511123473116282,211.27581787109375,-1034.373046875
2022-12-09,REGN,44.0,743.9157104492188,32732.291259765625,0.20779281133710117,755.0040283203125,-487.885986328125
2022-12-12,ORLY,367.0,55.62333297729492,20413.763202667236,0.12889539201186412,47.25412303003772,3071.5000506433935
2022-12-12,MCK,50.0,371.5321044921875,18576.605224609375,0.11729531634631749,355.9795920289593,777.6256231614097
2022-12-12,AZO,8.0,2451.949951171875,19615.599609375,0.1238556740419036,2539.4924926757812,-700.34033203125
2022-12-12,V,128.0,208.92941284179688,26742.96484375,0.16885886756265844,211.27581787109375,-300.33984375
2022-12-12,REGN,44.0,736.3977661132812,32401.501708984375,0.2045876707341713,755.0040283203125,-818.675537109375
2022-12-13,ORLY,367.0,54.58399963378906,20032.327865600586,0.12741078909083686,47.25412303003772,2690.064713576743
2022-12-13,MCK,50.0,364.9817810058594,18249.08905029297,0.11606892876785832,355.9795920289593,450.1094488450035
2022-12-13,AZO,8.0,2393.4599609375,19147.6796875,0.121784197753286,2539.4924926757812,-1168.26025390625
2022-12-13,V,128.0,207.4202880859375,26549.796875,0.16886357854865147,211.27581787109375,-493.5078125
2022-12-13,REGN,44.0,741.4362182617188,32623.193603515625,0.20749195338524132,755.0040283203125,-596.983642578125
2022-12-14,ORLY,367.0,54.29999923706055,19928.09972000122,0.12688246229458133,47.25412303003772,2585.836567977378
2022-12-14,MCK,50.0,366.1816711425781,18309.083557128906,0.11657416596295542,355.9795920289593,510.103955680941
2022-12-14,AZO,8.0,2360.469970703125,18883.759765625,0.12023313663153927,2539.4924926757812,-1432.18017578125
2022-12-14,V,128.0,207.69293212890625,26584.6953125,0.16926509039974877,211.27581787109375,-458.609375
2022-12-14,REGN,44.0,743.8561401367188,32729.670166015625,0.20839022280611647,755.0040283203125,-490.507080078125
2022-12-15,ORLY,367.0,53.813331604003906,19749.492698669434,0.1272720606684963,47.25412303003772,2407.2295466455907
2022-12-15,MCK,50.0,362.21795654296875,18110.897827148438,0.11671243014627244,355.9795920289593,311.91822570047225
2022-12-15,AZO,8.0,2358.5,18868.0,0.12159143919959899,2539.4924926757812,-1447.93994140625
2022-12-15,V,128.0,202.42564392089844,25910.482421875,0.16697545304386752,211.27581787109375,-1132.822265625
2022-12-15,REGN,44.0,725.2796630859375,31912.30517578125,0.20565312245601303,755.0040283203125,-1307.8720703125
2022-12-16,ORLY,367.0,54.11800003051758,19861.30601119995,0.12797511807588138,47.25412303003772,2519.0428591761083
2022-12-16,MCK,50.0,366.5062561035156,18325.31280517578,0.11807803921340135,355.9795920289593,526.333203727816
2022-12-16,AZO,8.0,2380.449951171875,19043.599609375,0.12270627657744511,2539.4924926757812,-1272.34033203125
2022-12-16,V,128.0,201.43252563476562,25783.36328125,0.16613353414174406,211.27581787109375,-1259.94140625
2022-12-16,REGN,44.0,717.2459106445312,31558.820068359375,0.20334733890642973,755.0040283203125,-1661.357177734375
2022-12-19,ORLY,367.0,54.42866516113281,19975.320114135742,0.12879433709994287,47.25412303003772,2633.0569621118993
2022-12-19,MCK,50.0,369.35845947265625,18467.922973632812,0.11907513288453526,355.9795920289593,668.9433721848472
2022-12-19,AZO,8.0,2379.169921875,19033.359375,0.12272088204250389,2539.4924926757812,-1282.58056640625
2022-12-19,V,128.0,199.4171600341797,25525.396484375,0.16457941603107717,211.27581787109375,-1517.908203125
2022-12-19,REGN,44.0,715.1929321289062,31468.489013671875,0.20289853473660144,755.0040283203125,-1751.688232421875
2022-12-20,ORLY,367.0,54.908668518066406,20151.48134613037,0.12924166357315997,47.25412303003772,2809.2181941065282
2022-12-20,MCK,50.0,369.3682556152344,18468.41278076172,0.11844729180665424,355.9795920289593,669.4331793137535
2022-12-20,AZO,8.0,2384.14990234375,19073.19921875,0.12232609376714142,2539.4924926757812,-1242.74072265625
2022-12-20,V,128.0,199.94288635253906,25592.689453125,0.16413888901861287,211.27581787109375,-1450.615234375
2022-12-20,REGN,44.0,727.521240234375,32010.9345703125,0.2053023480178646,755.0040283203125,-1209.24267578125
2022-12-21,ORLY,367.0,55.574668884277344,20395.903480529785,0.12984880739898066,47.25412303003772,3053.6403285059423
2022-12-21,MCK,50.0,374.1975402832031,18709.877014160156,0.11911486143232092,355.9795920289593,910.897412712191
2022-12-21,AZO,8.0,2430.47998046875,19443.83984375,0.12378757417526957,2539.4924926757812,-872.10009765625
2022-12-21,V,128.0,201.3546142578125,25773.390625,0.16408412789750018,211.27581787109375,-1269.9140625
2022-12-21,REGN,44.0,730.159423828125,32127.0146484375,0.2045339418953179,755.0040283203125,-1093.16259765625
2022-12-22,ORLY,367.0,54.91866683959961,20155.150730133057,0.12890577019645386,47.25412303003772,2812.887578109214
2022-12-22,MCK,50.0,375.505615234375,18775.28076171875,0.12008057194162403,355.9795920289593,976.3011602707847
2022-12-22,AZO,8.0,2403.860107421875,19230.880859375,0.12299444156613418,2539.4924926757812,-1085.05908203125
2022-12-22,V,128.0,199.6508026123047,25555.302734375,0.16344338108338252,211.27581787109375,-1488.001953125
2022-12-22,REGN,44.0,727.6103515625,32014.85546875,0.20475657350244622,755.0040283203125,-1205.32177734375
2022-12-23,ORLY,367.0,55.56999969482422,20394.18988800049,0.13015029339578243,47.25412303003772,3051.9267359766454
2022-12-23,MCK,50.0,377.3547058105469,18867.735290527344,0.12040886631250501,355.9795920289593,1068.7556890793785
2022-12-23,AZO,8.0,2430.64990234375,19445.19921875,0.12409408745129026,2539.4924926757812,-870.74072265625
2022-12-23,V,128.0,200.40048217773438,25651.26171875,0.1636995270222344,211.27581787109375,-1392.04296875
2022-12-23,REGN,44.0,720.7868041992188,31714.619384765625,0.20239426231347624,755.0040283203125,-1505.557861328125
2022-12-27,ORLY,367.0,56.25600051879883,20645.95219039917,0.13204710989204163,47.25412303003772,3303.689038375327
2022-12-27,MCK,50.0,373.9320068359375,18696.600341796875,0.11957947093808041,355.9795920289593,897.6207403489097
2022-12-27,AZO,8.0,2454.320068359375,19634.560546875,0.12557846450021354,2539.4924926757812,-681.37939453125
2022-12-27,V,128.0,200.84835815429688,25708.58984375,0.16442666131164024,211.27581787109375,-1334.71484375
2022-12-27,REGN,44.0,705.5228271484375,31043.00439453125,0.1985444398427887,755.0040283203125,-2177.1728515625
2022-12-28,ORLY,367.0,56.30799865722656,20665.03550720215,0.132290089421999,47.25412303003772,3322.7723551783056
2022-12-28,MCK,50.0,371.2961120605469,18564.805603027344,0.11884517655295461,355.9795920289593,765.8260015793785
2022-12-28,AZO,8.0,2461.6298828125,19693.0390625,0.1260677194414249,2539.4924926757812,-622.90087890625
2022-12-28,V,128.0,199.58267211914062,25546.58203125,0.16353998618403806,211.27581787109375,-1496.72265625
2022-12-28,REGN,44.0,707.1891479492188,31116.322509765625,0.1991954519442282,755.0040283203125,-2103.854736328125
2022-12-29,ORLY,367.0,56.24399948120117,20641.54780960083,0.1316139630299933,47.25412303003772,3299.2846575769872
2022-12-29,MCK,50.0,368.94537353515625,18447.268676757812,0.11762287208413118,355.9795920289593,648.2890753098472
2022-12-29,AZO,8.0,2464.3798828125,19715.0390625,0.12570638821473762,2539.4924926757812,-600.90087890625
2022-12-29,V,128.0,202.5716552734375,25929.171875,0.1653287389120742,211.27581787109375,-1114.1328125
2022-12-29,REGN,44.0,715.38134765625,31476.779296875,0.20070121218115566,755.0040283203125,-1743.39794921875
2022-12-30,ORLY,367.0,56.2686653137207,20650.600170135498,0.13167605098859753,47.25412303003772,3308.337018111655
2022-12-30,MCK,50.0,368.94537353515625,18447.268676757812,0.11762677456677433,355.9795920289593,648.2890753098472
2022-12-30,AZO,8.0,2466.179931640625,19729.439453125,0.12580238123844753,2539.4924926757812,-586.50048828125
2022-12-30,V,128.0,202.27957153320312,25891.78515625,0.16509583229211383,211.27581787109375,-1151.51953125
2022-12-30,REGN,44.0,715.5797729492188,31485.510009765625,0.20076354136397448,755.0040283203125,-1734.667236328125
2023-01-03,ORLY,322.0,56.04800033569336,18047.45610809326,0.11556241371538228,47.25412303003772,2831.628492421116
2023-01-03,MCK,61.0,368.16845703125,22458.27587890625,0.14380600528450627,358.1775840785527,609.4432501145347
2023-01-03,AZO,9.0,2431.06005859375,21879.54052734375,0.14010021684937105,2527.4444444444443,-867.45947265625
2023-01-03,V,142.0,201.9193572998047,28672.548736572266,0.1835975618682526,210.35334992744552,-1197.626953125
2023-01-03,MA,69.0,339.6618347167969,23436.666595458984,0.1500708878299667,339.6618347167969,0.0
2023-01-04,ORLY,322.0,55.11600112915039,17747.352363586426,0.11284861420545629,47.25412303003772,2531.52474791428
2023-01-04,MCK,61.0,367.8536376953125,22439.071899414062,0.14268146121339287,358.1775840785527,590.2392706223472
2023-01-04,AZO,9.0,2445.4599609375,22009.1396484375,0.13994768674771627,2527.4444444444443,-737.8603515625
2023-01-04,V,142.0,207.0016632080078,29394.23617553711,0.1869066861400236,210.35334992744552,-475.93951416015625
2023-01-04,MA,69.0,347.83990478515625,24000.95343017578,0.15261286746986608,339.6618347167969,564.2868347167969
2023-01-05,ORLY,322.0,55.61933135986328,17909.424697875977,0.11426522237822642,47.25412303003772,2693.5970822038307
2023-01-05,MCK,61.0,367.89300537109375,22441.47332763672,0.14318047528246763,358.1775840785527,592.6406988450035
2023-01-05,AZO,9.0,2416.570068359375,21749.130615234375,0.13876320921562516,2527.4444444444443,-997.869384765625
2023-01-05,V,142.0,205.54122924804688,29186.854553222656,0.18621717237184435,210.35334992744552,-683.3211364746094
2023-01-05,MA,69.0,344.52947998046875,23772.534118652344,0.15167287299205884,339.6618347167969,335.8675231933594
2023-01-06,ORLY,322.0,56.167999267578125,18086.095764160156,0.11282959436329355,47.25412303003772,2870.2681484880104
2023-01-06,MCK,61.0,379.69549560546875,23161.425231933594,0.14449189299181897,358.1775840785527,1312.5926031418785
2023-01-06,AZO,9.0,2486.639892578125,22379.759033203125,0.13961549062835113,2527.4444444444443,-367.240966796875
2023-01-06,V,142.0,212.0060577392578,30104.86019897461,0.18780831468032957,210.35334992744552,234.68450927734375
2023-01-06,MA,69.0,360.6866760253906,24887.380645751953,0.15525921678406357,339.6618347167969,1450.7140502929688
2023-01-09,ORLY,322.0,55.24733352661133,17789.641395568848,0.11140059697814525,47.25412303003772,2573.813779896702
2023-01-09,MCK,61.0,375.67279052734375,22916.04022216797,0.14350264315955139,358.1775840785527,1067.2075933762535
2023-01-09,AZO,9.0,2441.75,21975.75,0.1376144473408141,2527.4444444444443,-771.25
2023-01-09,V,142.0,212.8336639404297,30222.380279541016,0.18925570956590584,210.35334992744552,352.20458984375
2023-01-09,MA,69.0,363.9239807128906,25110.754669189453,0.15724617481138406,339.6618347167969,1674.0880737304688
2023-01-10,ORLY,322.0,55.12533187866211,17750.3568649292,0.11095018505981767,47.25412303003772,2534.5292492570534
2023-01-10,MCK,61.0,376.3711242675781,22958.638580322266,0.1435050133691149,358.1775840785527,1109.8059515305504
2023-01-10,AZO,9.0,2435.52001953125,21919.68017578125,0.13701091141215468,2527.4444444444443,-827.31982421875
2023-01-10,V,142.0,215.25794982910156,30566.628875732422,0.19105943369047898,210.35334992744552,696.4531860351562
2023-01-10,MA,69.0,363.9632873535156,25113.466827392578,0.15697395906997233,339.6618347167969,1676.8002319335938
2023-01-11,ORLY,322.0,55.03333282470703,17720.733169555664,0.11046062068181804,47.25412303003772,2504.905553883518
2023-01-11,MCK,61.0,374.5318908691406,22846.445343017578,0.14241129352924123,358.1775840785527,997.6127142258629
2023-01-11,AZO,9.0,2433.22998046875,21899.06982421875,0.1365059121421402,2527.4444444444443,-847.93017578125
2023-01-11,V,142.0,216.2412872314453,30706.262786865234,0.19140476941909698,210.35334992744552,836.0870971679688
2023-01-11,MA,69.0,370.68310546875,25577.13427734375,0.15943280114343236,339.6618347167969,2140.4676818847656
2023-01-12,ORLY,322.0,54.05666732788086,17406.246879577637,0.10890898696244765,47.25412303003772,2190.419263905491
2023-01-12,MCK,61.0,374.57122802734375,22848.84490966797,0.14296272881741404,358.1775840785527,1000.0122808762535
2023-01-12,AZO,9.0,2363.0,21267.0,0.13306529786429042,2527.4444444444443,-1480.0
2023-01-12,V,142.0,217.72122192382812,30916.413513183594,0.19344062505418483,210.35334992744552,1046.2378234863281
2023-01-12,MA,69.0,372.5960998535156,25709.130889892578,0.16085922601662603,339.6618347167969,2272.4642944335938
2023-01-13,ORLY,322.0,54.36466598510742,17505.42244720459,0.10963757628055792,47.25412303003772,2289.594831532444
2023-01-13,MCK,61.0,375.5252990722656,22907.043243408203,0.14346827153333044,358.1775840785527,1058.2106146164879
2023-01-13,AZO,9.0,2368.8798828125,21319.9189453125,0.133528010918427,2527.4444444444443,-1427.0810546875
2023-01-13,V,142.0,217.17596435546875,30838.986938476562,0.19314654034083464,210.35334992744552,968.8112487792969
2023-01-13,MA,69.0,368.3875732421875,25418.742553710938,0.15919920436615193,339.6618347167969,1982.0759582519531
2023-01-17,ORLY,322.0,53.982666015625,17382.41845703125,0.10899273180975444,47.25412303003772,2166.590841359104
2023-01-17,MCK,61.0,377.157958984375,23006.635498046875,0.14425818011929656,358.1775840785527,1157.8028692551597
2023-01-17,AZO,9.0,2355.8798828125,21202.9189453125,0.1329483618118521,2527.4444444444443,-1544.0810546875
2023-01-17,V,142.0,217.11758422851562,30830.69696044922,0.19331728169038473,210.35334992744552,960.5212707519531
2023-01-17,MA,69.0,367.8774108886719,25383.54135131836,0.15916205916484225,339.6618347167969,1946.874755859375
2023-01-18,ORLY,322.0,53.672000885009766,17282.384284973145,0.10932777198397728,47.25412303003772,2066.5566693009987
2023-01-18,MCK,61.0,372.1714172363281,22702.456451416016,0.1436149631596067,358.1775840785527,853.6238226243004
2023-01-18,AZO,9.0,2344.929931640625,21104.369384765625,0.13350551902548857,2527.4444444444443,-1642.630615234375
2023-01-18,V,142.0,213.67095947265625,30341.276245117188,0.191937875951136,210.35334992744552,471.1005554199219
2023-01-18,MA,69.0,361.91290283203125,24971.990295410156,0.15797195664584987,339.6618347167969,1535.3236999511719
2023-01-19,ORLY,322.0,52.91533279418945,17038.737159729004,0.10800232630175223,47.25412303003772,1822.909544056858
2023-01-19,MCK,61.0,372.4862060546875,22721.658569335938,0.1440242877108537,358.1775840785527,872.8259405442222
2023-01-19,AZO,9.0,2327.5400390625,20947.8603515625,0.13278082922484463,2527.4444444444443,-1799.1396484375
2023-01-19,V,142.0,214.59591674804688,30472.620178222656,0.1931547999658272,210.35334992744552,602.4444885253906
2023-01-19,MA,69.0,360.9515686035156,24905.658233642578,0.15786786321625312,339.6618347167969,1468.9916381835938
2023-01-20,ORLY,322.0,52.891998291015625,17031.22344970703,0.10724295598525561,47.25412303003772,1815.3958340348854
2023-01-20,MCK,61.0,371.8173828125,22680.8603515625,0.14281783781259635,358.1775840785527,832.0277227707847
2023-01-20,AZO,9.0,2326.610107421875,20939.490966796875,0.13185270657373024,2527.4444444444443,-1807.509033203125
2023-01-20,V,142.0,218.3929901123047,31011.804595947266,0.1952764935019234,210.35334992744552,1141.62890625
2023-01-20,MA,69.0,369.13311767578125,25470.185119628906,0.16038178054481825,339.6618347167969,2033.5185241699219
2023-01-23,ORLY,322.0,52.959999084472656,17053.119705200195,0.1074420614869018,47.25412303003772,1837.2920895280495
2023-01-23,MCK,61.0,368.8569030761719,22500.271087646484,0.14176148126924162,358.1775840785527,651.4384588547691
2023-01-23,AZO,9.0,2318.9599609375,20870.6396484375,0.13149409534107695,2527.4444444444443,-1876.3603515625
2023-01-23,V,142.0,218.2664337158203,30993.833587646484,0.19527461435828952,210.35334992744552,1123.6578979492188
2023-01-23,MA,69.0,371.37969970703125,25625.199279785156,0.16144988625120704,339.6618347167969,2188.532684326172
2023-01-24,ORLY,322.0,53.272666931152344,17153.798751831055,0.10777107330644298,47.25412303003772,1937.9711361589088
2023-01-24,MCK,61.0,370.30267333984375,22588.46307373047,0.1419150909380368,358.1775840785527,739.6304449387535
2023-01-24,AZO,9.0,2341.56005859375,21074.04052734375,0.13240052535260627,2527.4444444444443,-1672.95947265625
2023-01-24,V,142.0,217.98406982421875,30953.737915039062,0.1944710676749668,210.35334992744552,1083.5622253417969
2023-01-24,MA,69.0,372.7922668457031,25722.666412353516,0.16160614961551997,339.6618347167969,2285.9998168945312
2023-01-25,ORLY,322.0,53.36466598510742,17183.42244720459,0.10765308889300576,47.25412303003772,1967.594831532444
2023-01-25,MCK,61.0,369.860107421875,22561.466552734375,0.14134620572941864,358.1775840785527,712.6339239426597
2023-01-25,AZO,9.0,2357.81005859375,21220.29052734375,0.13294382009721104,2527.4444444444443,-1526.70947265625
2023-01-25,V,142.0,218.9674530029297,31093.378326416016,0.1947981102857692,210.35334992744552,1223.20263671875
2023-01-25,MA,69.0,375.1271057128906,25883.770294189453,0.16216023512940075,339.6618347167969,2447.1036987304688
2023-01-26,ORLY,322.0,53.37533187866211,17186.8568649292,0.10725138312945652,47.25412303003772,1971.0292492570534
2023-01-26,MCK,61.0,377.7972412109375,23045.631713867188,0.14381197771233697,358.1775840785527,1196.7990850754722
2023-01-26,AZO,9.0,2415.27001953125,21737.43017578125,0.1356483893683796,2527.4444444444443,-1009.56982421875
2023-01-26,V,142.0,218.782470703125,31067.11083984375,0.1938685260251686,210.35334992744552,1196.9351501464844
2023-01-26,MA,69.0,370.0748596191406,25535.165313720703,0.15934744903382017,339.6618347167969,2098.4987182617188
2023-01-27,ORLY,322.0,51.41133117675781,16554.448638916016,0.10371125364508678,47.25412303003772,1338.6210232438698
2023-01-27,MCK,61.0,372.958251953125,22750.453369140625,0.14252833732928002,358.1775840785527,901.6207403489097
2023-01-27,AZO,9.0,2369.340087890625,21324.060791015625,0.13359219178350618,2527.4444444444443,-1422.939208984375
2023-01-27,V,142.0,225.33494567871094,31997.562286376953,0.2004601524756187,210.35334992744552,2127.3865966796875
2023-01-27,MA,69.0,366.9258728027344,25317.885223388672,0.15861293078571484,339.6618347167969,1881.2186279296875
2023-01-30,ORLY,322.0,52.641998291015625,16950.72344970703,0.10594273861999544,47.25412303003772,1734.8958340348854
2023-01-30,MCK,61.0,372.4566650390625,22719.856567382812,0.14200006465468148,358.1775840785527,871.0239385910972
2023-01-30,AZO,9.0,2428.580078125,21857.220703125,0.13660855401134792,2527.4444444444443,-889.779296875
2023-01-30,V,142.0,223.0566864013672,31674.04946899414,0.19796414907520946,210.35334992744552,1803.873779296875
2023-01-30,MA,69.0,364.07122802734375,25120.91473388672,0.15700677976628488,339.6618347167969,1684.2481384277344
2023-01-31,ORLY,322.0,52.823333740234375,17009.11346435547,0.10612959494383623,47.25412303003772,1793.285848683323
2023-01-31,MCK,61.0,372.4468078613281,22719.255279541016,0.14175843822173412,358.1775840785527,870.4226507493004
2023-01-31,AZO,9.0,2438.85009765625,21949.65087890625,0.1369564358435663,2527.4444444444443,-797.34912109375
2023-01-31,V,142.0,224.1374053955078,31827.51156616211,0.19859006277227187,210.35334992744552,1957.3358764648438
2023-01-31,MA,69.0,363.5610046386719,25085.70932006836,0.1565240995421014,339.6618347167969,1649.042724609375
2023-02-01,LRCX,517.0,51.29159927368164,26517.75682449341,0.16542297083378513,51.29159927368164,0.0
2023-02-01,VVV,786.0,36.630001068115234,28791.180839538574,0.1796050359693352,36.630001068115234,0.0
2023-02-01,AVGO,520.0,57.50904846191406,29904.705200195312,0.18655141944568898,57.50904846191406,0.0
2023-02-01,EL,122.0,263.9284973144531,32199.27667236328,0.20086540656868268,263.9284973144531,0.0
2023-02-01,TPR,821.0,42.7501106262207,35097.8408241272,0.21894721855265156,42.7501106262207,0.0
2023-02-02,LRCX,517.0,52.33434295654297,27056.855308532715,0.16988594481651256,51.29159927368164,539.0984840393066
2023-02-02,VVV,786.0,36.47999954223633,28673.279640197754,0.18003523126085091,36.630001068115234,-117.90119934082031
2023-02-02,AVGO,520.0,57.79719161987305,30054.539642333984,0.1887079560776987,57.50904846191406,149.83444213867188
2023-02-02,EL,122.0,252.28302001953125,30778.528442382812,0.1932537733920294,263.9284973144531,-1420.7482299804688
2023-02-02,TPR,821.0,42.520870208740234,34909.63444137573,0.21919236964695887,42.7501106262207,-188.20638275146484
2023-02-03,LRCX,517.0,51.193904876708984,26467.248821258545,0.16756390345505717,51.29159927368164,-50.50800323486328
2023-02-03,VVV,786.0,36.15999984741211,28421.759880065918,0.17993789459299467,36.630001068115234,-369.42095947265625
2023-02-03,AVGO,520.0,57.01958465576172,29650.184020996094,0.18771503628017128,57.50904846191406,-254.52117919921875
2023-02-03,EL,122.0,253.34506225585938,30908.097595214844,0.19567887529225236,263.9284973144531,-1291.1790771484375
2023-02-03,TPR,821.0,42.28244400024414,34713.88652420044,0.21977328922146497,42.7501106262207,-383.9542999267578
2023-02-06,LRCX,517.0,50.391056060791016,26052.175983428955,0.16729643911738065,51.29159927368164,-465.5808410644531
2023-02-06,VVV,786.0,36.2400016784668,28484.641319274902,0.18291673852048368,36.630001068115234,-306.5395202636719
2023-02-06,AVGO,520.0,57.370704650878906,29832.76641845703,0.1915738475743068,57.50904846191406,-71.93878173828125
2023-02-06,EL,122.0,245.47799682617188,29948.31561279297,0.1923158573307118,263.9284973144531,-2250.9610595703125
2023-02-06,TPR,821.0,40.94365692138672,33614.742332458496,0.21586015301161826,42.7501106262207,-1483.0984916687012
2023-02-07,LRCX,517.0,51.579856872558594,26666.786003112793,0.17047381821672072,51.29159927368164,149.02917861938477
2023-02-07,VVV,786.0,34.9900016784668,27502.141319274902,0.17581402720542927,36.630001068115234,-1289.0395202636719
2023-02-07,AVGO,520.0,58.6253547668457,30485.184478759766,0.194883845264617,57.50904846191406,580.4792785644531
2023-02-07,EL,122.0,245.32760620117188,29929.96795654297,0.19133449063041932,263.9284973144531,-2269.3087158203125
2023-02-07,TPR,821.0,41.47550582885742,34051.39028549194,0.2176816702574493,42.7501106262207,-1046.450538635254
2023-02-08,LRCX,517.0,50.09699630737305,25900.147090911865,0.16924656464798488,51.29159927368164,-617.609733581543
2023-02-08,VVV,786.0,34.650001525878906,27234.90119934082,0.17796862119493984,36.630001068115234,-1556.279640197754
2023-02-08,AVGO,520.0,57.409820556640625,29853.106689453125,0.19507749255341522,57.50904846191406,-51.5985107421875
2023-02-08,EL,122.0,243.6169891357422,29721.272674560547,0.19421601273069447,263.9284973144531,-2478.0039978027344
2023-02-08,TPR,821.0,39.623172760009766,32530.624835968018,0.21257394716773265,42.7501106262207,-2567.2159881591797
2023-02-09,LRCX,517.0,49.865814208984375,25780.625946044922,0.16814174397656154,51.29159927368164,-737.1308784484863
2023-02-09,VVV,786.0,34.86000061035156,27399.960479736328,0.17870307530909718,36.630001068115234,-1391.220359802246
2023-02-09,AVGO,520.0,57.19037628173828,29738.995666503906,0.19395830830261487,57.50904846191406,-165.70953369140625
2023-02-09,EL,122.0,237.33827209472656,28955.26919555664,0.1888468290118692,263.9284973144531,-3244.0074768066406
2023-02-09,TPR,821.0,40.99866485595703,33659.90384674072,0.21953054773453312,42.7501106262207,-1437.9369773864746
2023-02-10,LRCX,517.0,48.84823226928711,25254.536083221436,0.1659080160253986,51.29159927368164,-1263.2207412719727
2023-02-10,VVV,786.0,35.099998474121094,27588.59880065918,0.1812414877412469,36.630001068115234,-1202.5820388793945
2023-02-10,AVGO,520.0,56.60264587402344,29433.375854492188,0.1933606294273995,57.50904846191406,-471.329345703125
2023-02-10,EL,122.0,235.20469665527344,28694.97299194336,0.18850974032180465,263.9284973144531,-3504.303680419922
2023-02-10,TPR,821.0,40.75107955932617,33456.63631820679,0.21979117478720048,42.7501106262207,-1641.2045059204102
2023-02-13,LRCX,517.0,49.35992431640625,25519.08087158203,0.16566341390509629,51.29159927368164,-998.675952911377
2023-02-13,VVV,786.0,35.11000061035156,27596.460479736328,0.17914923651741896,36.630001068115234,-1194.720359802246
2023-02-13,AVGO,520.0,57.3535270690918,29823.834075927734,0.1936087821352257,57.50904846191406,-80.87112426757812
2023-02-13,EL,122.0,239.95127868652344,29274.05599975586,0.19003976201858688,263.9284973144531,-2925.220672607422
2023-02-13,TPR,821.0,41.4571533203125,34036.32287597656,0.220955193205626,42.7501106262207,-1061.5179481506348
2023-02-14,LRCX,517.0,49.93256378173828,25815.13547515869,0.16726955617373693,51.29159927368164,-702.6213493347168
2023-02-14,VVV,786.0,35.099998474121094,27588.59880065918,0.1787607382995221,36.630001068115234,-1202.5820388793945
2023-02-14,AVGO,520.0,57.467071533203125,29882.877197265625,0.19362654946323415,57.50904846191406,-21.8280029296875
2023-02-14,EL,122.0,240.16746520996094,29300.430755615234,0.18985257903865188,263.9284973144531,-2898.845916748047
2023-02-14,TPR,821.0,41.356285095214844,33953.51006317139,0.2200022759621902,42.7501106262207,-1144.3307609558105
2023-02-15,LRCX,517.0,50.32722091674805,26019.17321395874,0.16752439872612576,51.29159927368164,-498.58361053466797
2023-02-15,VVV,786.0,35.619998931884766,27997.319160461426,0.1802606877525043,36.630001068115234,-793.8616790771484
2023-02-15,AVGO,520.0,57.980377197265625,30149.796142578125,0.1941194068299989,57.50904846191406,245.0909423828125
2023-02-15,EL,122.0,239.34970092773438,29200.663513183594,0.18800841814703168,263.9284973144531,-2998.6131591796875
2023-02-15,TPR,821.0,41.603878021240234,34156.78385543823,0.21991838982534412,42.7501106262207,-941.0569686889648
2023-02-16,LRCX,517.0,48.493228912353516,25070.999347686768,0.1641471713151501,51.29159927368164,-1446.7574768066406
2023-02-16,VVV,786.0,35.220001220703125,27682.920959472656,0.1812481866486741,36.630001068115234,-1108.259880065918
2023-02-16,AVGO,520.0,57.298194885253906,29795.06134033203,0.19507698797128906,57.50904846191406,-109.64385986328125
2023-02-16,EL,122.0,234.537353515625,28613.55712890625,0.18734133405845957,263.9284973144531,-3585.7195434570312
2023-02-16,TPR,821.0,41.145381927490234,33780.35856246948,0.22116989542949722,42.7501106262207,-1317.4822616577148
2023-02-17,LRCX,517.0,47.94477844238281,24787.450454711914,0.1634450607823684,51.29159927368164,-1730.3063697814941
2023-02-17,VVV,786.0,34.7599983215332,27321.358680725098,0.18015330533435864,36.630001068115234,-1469.8221588134766
2023-02-17,AVGO,520.0,56.82590866088867,29549.47250366211,0.19484518338310522,57.50904846191406,-355.2326965332031
2023-02-17,EL,122.0,237.68606567382812,28997.70001220703,0.191206870981082,263.9284973144531,-3201.57666015625
2023-02-17,TPR,821.0,40.44846725463867,33208.19161605835,0.21897027720038972,42.7501106262207,-1889.6492080688477
2023-02-21,LRCX,517.0,46.264591217041016,23918.793659210205,0.16143226916150683,51.29159927368164,-2598.963165283203
2023-02-21,VVV,786.0,34.400001525878906,27038.40119934082,0.18248706528843073,36.630001068115234,-1752.779640197754
2023-02-21,AVGO,520.0,55.48537826538086,28852.396697998047,0.19473004935231286,57.50904846191406,-1052.3085021972656
2023-02-21,EL,122.0,234.9697265625,28666.306640625,0.19347409386149075,263.9284973144531,-3532.9700317382812
2023-02-21,TPR,821.0,38.852909088134766,31898.238361358643,0.21528698622080855,42.7501106262207,-3199.6024627685547
2023-02-22,LRCX,517.0,46.163028717041016,23866.285846710205,0.16078562258484427,51.29159927368164,-2651.470977783203
2023-02-22,VVV,786.0,34.720001220703125,27289.920959472656,0.18385043068462334,36.630001068115234,-1501.259880065918
2023-02-22,AVGO,520.0,54.973018646240234,28585.969696044922,0.19258182711339766,57.50904846191406,-1318.7355041503906
2023-02-22,EL,122.0,234.274169921875,28581.44873046875,0.19255136966100986,263.9284973144531,-3617.8279418945312
2023-02-22,TPR,821.0,39.366424560546875,32319.834564208984,0.21773663299024884,42.7501106262207,-2778.006259918213
2023-02-23,LRCX,517.0,46.950401306152344,24273.35747528076,0.1623658604406254,51.29159927368164,-2244.3993492126465
2023-02-23,VVV,786.0,34.84000015258789,27384.240119934082,0.18317473032371942,36.630001068115234,-1406.9407196044922
2023-02-23,AVGO,520.0,55.70100021362305,28964.520111083984,0.1937453125252733,57.50904846191406,-940.1850891113281
2023-02-23,EL,122.0,234.6595458984375,28628.464599609375,0.1914974182102015,263.9284973144531,-3570.8120727539062
2023-02-23,TPR,821.0,39.53147888183594,32455.344161987305,0.2170956319546703,42.7501106262207,-2642.4966621398926
2023-02-24,LRCX,517.0,46.2955436706543,23934.79607772827,0.16204677075568738,51.29159927368164,-2582.9607467651367
2023-02-24,VVV,786.0,34.869998931884766,27407.819160461426,0.18556032706463615,36.630001068115234,-1383.3616790771484
2023-02-24,AVGO,520.0,55.123779296875,28664.365234375,0.19406757454325174,57.50904846191406,-1240.3399658203125
2023-02-24,EL,122.0,228.13650512695312,27832.65362548828,0.18843660196331313,263.9284973144531,-4366.623046875
2023-02-24,TPR,821.0,39.063812255859375,32071.389862060547,0.21713429869701534,42.7501106262207,-3026.4509620666504
2023-02-27,LRCX,517.0,46.69211959838867,24139.825832366943,0.16203482868846758,51.29159927368164,-2377.930992126465
2023-02-27,VVV,786.0,35.16999816894531,27643.618560791016,0.1855534927605532,36.630001068115234,-1147.5622787475586
2023-02-27,AVGO,520.0,55.85843276977539,29046.385040283203,0.19496934471295954,57.50904846191406,-858.3201599121094
2023-02-27,EL,122.0,228.21194458007812,27841.85723876953,0.18688413907294738,263.9284973144531,-4357.41943359375
2023-02-27,TPR,821.0,39.60483169555664,32515.566822052002,0.21825568818542787,42.7501106262207,-2582.2740020751953
2023-02-28,LRCX,517.0,47.01134490966797,24304.86531829834,0.16208429751103912,51.29159927368164,-2212.8915061950684
2023-02-28,VVV,786.0,35.20000076293945,27667.20059967041,0.18450704065076245,36.630001068115234,-1123.980239868164
2023-02-28,AVGO,520.0,56.701881408691406,29484.97833251953,0.1966294376688706,57.50904846191406,-419.72686767578125
2023-02-28,EL,122.0,229.06956481933594,27946.486907958984,0.18636954531765004,263.9284973144531,-4252.789764404297
2023-02-28,TPR,821.0,39.898277282714844,32756.485649108887,0.21844646723341604,42.7501106262207,-2341.3551750183105
2023-03-01,AVGO,492.0,56.633174896240234,27863.522048950195,0.18692385497083186,57.50904846191406,-430.92979431152344
2023-03-01,SCCO,381.0,65.15303039550781,24823.304580688477,0.1665284014413469,65.15303039550781,0.0
2023-03-01,BLDR,292.0,85.76000213623047,25041.920623779297,0.16799499828654169,85.76000213623047,0.0
2023-03-01,BKNG,318.0,99.96923828125,31790.2177734375,0.2132662929737944,99.96923828125,0.0
2023-03-01,MGM,728.0,44.380001068115234,32308.64077758789,0.2167441600672332,44.380001068115234,0.0
2023-03-02,AVGO,492.0,57.11786651611328,28101.990325927734,0.18704054289975383,57.50904846191406,-192.46151733398438
2023-03-02,SCCO,381.0,64.37443542480469,24526.659896850586,0.1632439456927721,65.15303039550781,-296.6446838378906
2023-03-02,BLDR,292.0,86.69999694824219,25316.39910888672,0.16850027270930293,85.76000213623047,274.4784851074219
2023-03-02,BKNG,318.0,100.96841430664062,32107.95574951172,0.21370335001678156,99.96923828125,317.73797607421875
2023-03-02,MGM,728.0,45.27000045776367,32956.56033325195,0.2193514717408699,44.380001068115234,647.9195556640625
2023-03-03,AVGO,492.0,60.37234115600586,29703.191848754883,0.19205199246390997,57.50904846191406,1408.740005493164
2023-03-03,SCCO,381.0,67.24919128417969,25621.94187927246,0.16566384561513192,65.15303039550781,798.6372985839844
2023-03-03,BLDR,292.0,89.18000030517578,26040.560089111328,0.16837050628953348,85.76000213623047,998.6394653320312
2023-03-03,BKNG,318.0,102.63580322265625,32638.185424804688,0.21102878684409945,99.96923828125,847.9676513671875
2023-03-03,MGM,728.0,45.90999984741211,33422.479888916016,0.21609980127507242,44.380001068115234,1113.839111328125
2023-03-06,AVGO,492.0,60.38760757446289,29710.702926635742,0.19420896525880343,57.50904846191406,1416.2510833740234
2023-03-06,SCCO,381.0,65.68348693847656,25025.40852355957,0.16358275691223031,65.15303039550781,202.10394287109375
2023-03-06,BLDR,292.0,87.29000091552734,25488.680267333984,0.166611009936544,85.76000213623047,446.7596435546875
2023-03-06,BKNG,318.0,102.36280822753906,32551.373016357422,0.21277747910813058,99.96923828125,761.1552429199219
2023-03-06,MGM,728.0,45.290000915527344,32971.120666503906,0.21552122963487025,44.380001068115234,662.4798889160156
2023-03-07,AVGO,492.0,59.6462516784668,29345.955825805664,0.19543283205715933,57.50904846191406,1051.5039825439453
2023-03-07,SCCO,381.0,62.09002685546875,23656.300231933594,0.15754190382361796,65.15303039550781,-1167.0043487548828
2023-03-07,BLDR,292.0,86.19999694824219,25170.39910888672,0.16762522274135813,85.76000213623047,128.47848510742188
2023-03-07,BKNG,318.0,101.01032257080078,32121.28257751465,0.21391544581798042,99.96923828125,331.06480407714844
2023-03-07,MGM,728.0,44.81999969482422,32628.95977783203,0.21729638163134482,44.380001068115234,320.3190002441406
2023-03-08,AVGO,492.0,60.32463836669922,29679.722076416016,0.1958230980079753,57.50904846191406,1385.2702331542969
2023-03-08,SCCO,381.0,64.09209442138672,24419.08797454834,0.161114091479484,65.15303039550781,-404.2166061401367
2023-03-08,BLDR,292.0,86.19000244140625,25167.480712890625,0.1660518932611695,85.76000213623047,125.56008911132812
2023-03-08,BKNG,318.0,101.16583251953125,32170.734741210938,0.21225848833748434,99.96923828125,380.5169677734375
2023-03-08,MGM,728.0,45.18000030517578,32891.04022216797,0.217010973904228,44.380001068115234,582.3994445800781
2023-03-09,AVGO,492.0,59.395320892333984,29222.49787902832,0.19815130315196394,57.50904846191406,928.0460357666016
2023-03-09,SCCO,381.0,62.74028015136719,23904.0467376709,0.16208806075657892,65.15303039550781,-919.2578430175781
2023-03-09,BLDR,292.0,83.80999755859375,24472.519287109375,0.16594274754426083,85.76000213623047,-569.4013366699219
2023-03-09,BKNG,318.0,98.131103515625,31205.69091796875,0.2115988970809541,99.96923828125,-584.52685546875
2023-03-09,MGM,728.0,43.18000030517578,31435.04022216797,0.2131540640516971,44.380001068115234,-873.6005554199219
2023-03-10,AVGO,492.0,58.66161346435547,28861.51382446289,0.1983735867325467,57.50904846191406,567.0619812011719
2023-03-10,SCCO,381.0,61.91035461425781,23587.845108032227,0.16212612636437784,65.15303039550781,-1235.45947265625
2023-03-10,BLDR,292.0,81.63999938964844,23838.879821777344,0.16385156103363582,85.76000213623047,-1203.0408020019531
2023-03-10,BKNG,318.0,97.15580749511719,30895.546783447266,0.2123540874110642,99.96923828125,-894.6709899902344
2023-03-10,MGM,728.0,42.68000030517578,31071.04022216797,0.21356030490536443,44.380001068115234,-1237.6005554199219
2023-03-13,AVGO,492.0,58.818092346191406,28938.501434326172,0.20110839935957456,57.50904846191406,644.0495910644531
2023-03-13,SCCO,381.0,62.0557861328125,23643.254516601562,0.1643090290033012,65.15303039550781,-1180.050064086914
2023-03-13,BLDR,292.0,79.83999633789062,23313.278930664062,0.16201586043456137,85.76000213623047,-1728.6416931152344
2023-03-13,BKNG,318.0,95.52642059326172,30377.401748657227,0.21110805119744952,99.96923828125,-1412.8160247802734
2023-03-13,MGM,728.0,41.7400016784668,30386.721221923828,0.2111728169682609,44.380001068115234,-1921.9195556640625
2023-03-14,AVGO,492.0,60.343711853027344,29689.106231689453,0.20292632917270628,57.50904846191406,1394.6543884277344
2023-03-14,SCCO,381.0,63.150943756103516,24060.50957107544,0.16445462679747588,65.15303039550781,-762.7950096130371
2023-03-14,BLDR,292.0,81.05000305175781,23666.60089111328,0.16176224387997779,85.76000213623047,-1375.3197326660156
2023-03-14,BKNG,318.0,96.97015380859375,30836.508911132812,0.210768876267433,99.96923828125,-953.7088623046875
2023-03-14,MGM,728.0,42.33000183105469,30816.241333007812,0.21063034649162796,44.380001068115234,-1492.3994445800781
2023-03-15,AVGO,492.0,59.73116683959961,29387.734085083008,0.20695796835063282,57.50904846191406,1093.282241821289
2023-03-15,SCCO,381.0,58.2313117980957,22186.129795074463,0.15624193191140628,65.15303039550781,-2637.1747856140137
2023-03-15,BLDR,292.0,79.52999877929688,23222.759643554688,0.16354221599428118,85.76000213623047,-1819.1609802246094
2023-03-15,BKNG,318.0,94.61929321289062,30088.93524169922,0.21189605464058828,99.96923828125,-1701.2825317382812
2023-03-15,MGM,728.0,41.040000915527344,29877.120666503906,0.21040438760622085,44.380001068115234,-2431.5201110839844
2023-03-16,AVGO,492.0,60.72917175292969,29878.752502441406,0.2068663706559439,57.50904846191406,1584.3006591796875
2023-03-16,SCCO,381.0,58.6163215637207,22332.818515777588,0.15462188766078097,65.15303039550781,-2490.4860649108887
2023-03-16,BLDR,292.0,82.38999938964844,24057.879821777344,0.16656539740075466,85.76000213623047,-984.0408020019531
2023-03-16,BKNG,318.0,95.56636810302734,30390.105056762695,0.2104067342313458,99.96923828125,-1400.1127166748047
2023-03-16,MGM,728.0,41.95000076293945,30539.600555419922,0.21144177045764387,44.380001068115234,-1769.0402221679688
2023-03-17,AVGO,492.0,60.20155715942383,29619.166122436523,0.20730741609565662,57.50904846191406,1324.7142791748047
2023-03-17,SCCO,381.0,58.27409362792969,22202.42967224121,0.15539695842116547,65.15303039550781,-2620.8749084472656
2023-03-17,BLDR,292.0,80.08999633789062,23386.278930664062,0.16368283418808974,85.76000213623047,-1655.6416931152344
2023-03-17,BKNG,318.0,95.60319519042969,30401.81607055664,0.21278525898230283,99.96923828125,-1388.4017028808594
2023-03-17,MGM,728.0,41.25,30030.0,0.21018288224653275,44.380001068115234,-2278.6407775878906
2023-03-20,AVGO,492.0,61.417091369628906,30217.208953857422,0.20691860238729587,57.50904846191406,1922.7571105957031
2023-03-20,SCCO,381.0,60.75530242919922,23147.770225524902,0.15850915518908099,65.15303039550781,-1675.5343551635742
2023-03-20,BLDR,292.0,82.0199966430664,23949.83901977539,0.16400148752785537,85.76000213623047,-1092.0816040039062
2023-03-20,BKNG,318.0,97.67439270019531,31060.45687866211,0.2126929173590398,99.96923828125,-729.7608947753906
2023-03-20,MGM,728.0,41.790000915527344,30423.120666503906,0.20832862552547013,44.380001068115234,-1885.5201110839844
2023-03-21,AVGO,492.0,61.190303802490234,30105.629470825195,0.20301424648108252,57.50904846191406,1811.1776275634766
2023-03-21,SCCO,381.0,61.04619598388672,23258.60066986084,0.15684200504002196,65.15303039550781,-1564.7039108276367
2023-03-21,BLDR,292.0,84.2300033569336,24595.16098022461,0.165854963382181,85.76000213623047,-446.7596435546875
2023-03-21,BKNG,318.0,100.71343231201172,32026.871475219727,0.21596994628493282,99.96923828125,236.65370178222656
2023-03-21,MGM,728.0,42.68000030517578,31071.04022216797,0.20952439556859856,44.380001068115234,-1237.6005554199219
2023-03-22,AVGO,492.0,60.63004684448242,29829.98304748535,0.20318179484762672,57.50904846191406,1535.5312042236328
2023-03-22,SCCO,381.0,60.71251678466797,23131.468894958496,0.157556018723112,65.15303039550781,-1691.8356857299805
2023-03-22,BLDR,292.0,83.81999969482422,24475.439910888672,0.16671024595834677,85.76000213623047,-566.480712890625
2023-03-22,BKNG,318.0,100.20111846923828,31863.955673217773,0.21703584927700367,99.96923828125,73.73789978027344
2023-03-22,MGM,728.0,41.59000015258789,30277.520111083984,0.20623011652109385,44.380001068115234,-2031.1206665039062
2023-03-23,AVGO,492.0,61.42862319946289,30222.882614135742,0.20563153508376733,57.50904846191406,1928.4307708740234
2023-03-23,SCCO,381.0,61.05474853515625,23261.85919189453,0.15826987371133333,65.15303039550781,-1561.4453887939453
2023-03-23,BLDR,292.0,84.30999755859375,24618.519287109375,0.16750036643195285,85.76000213623047,-423.4013366699219
2023-03-23,BKNG,318.0,99.43814086914062,31621.32879638672,0.2151463334853534,99.96923828125,-168.88897705078125
2023-03-23,MGM,728.0,41.22999954223633,30015.439666748047,0.20422012730184774,44.380001068115234,-2293.2011108398438
2023-03-24,AVGO,492.0,61.134559631347656,30078.203338623047,0.20565246700981402,57.50904846191406,1783.7514953613281
2023-03-24,SCCO,381.0,60.952091217041016,23222.746753692627,0.15877993465482274,65.15303039550781,-1600.5578269958496
2023-03-24,BLDR,292.0,84.45999908447266,24662.319732666016,0.16862266798678305,85.76000213623047,-379.60089111328125
2023-03-24,BKNG,318.0,97.89373016357422,31130.2061920166,0.2128452830057063,99.96923828125,-660.0115814208984
2023-03-24,MGM,728.0,41.11000061035156,29928.080444335938,0.20462603789710324,44.380001068115234,-2380.560333251953
2023-03-27,AVGO,492.0,60.23796844482422,29637.080474853516,0.2016371751734713,57.50904846191406,1342.6286315917969
2023-03-27,SCCO,381.0,61.79056167602539,23542.203998565674,0.16017041609938962,65.15303039550781,-1281.1005821228027
2023-03-27,BLDR,292.0,85.43000030517578,24945.560089111328,0.16971821073119234,85.76000213623047,-96.36053466796875
2023-03-27,BKNG,318.0,98.2454605102539,31242.056442260742,0.21255669946885153,99.96923828125,-548.1613311767578
2023-03-27,MGM,728.0,41.72999954223633,30379.439666748047,0.20668784845232818,44.380001068115234,-1929.2011108398438
2023-03-28,AVGO,492.0,60.03232192993164,29535.902389526367,0.19933338933106262,57.50904846191406,1241.4505462646484
2023-03-28,SCCO,381.0,63.15951156616211,24063.773906707764,0.1624028123353154,65.15303039550781,-759.5306739807129
2023-03-28,BLDR,292.0,86.30000305175781,25199.60089111328,0.1700683388362263,85.76000213623047,157.68026733398438
2023-03-28,BKNG,318.0,99.6872329711914,31700.540084838867,0.21394220550298457,99.96923828125,-89.67768859863281
2023-03-28,MGM,728.0,41.810001373291016,30437.68099975586,0.2054193583470979,44.380001068115234,-1870.9597778320312
2023-03-29,AVGO,492.0,60.10919952392578,29573.726165771484,0.1969739427181974,57.50904846191406,1279.2743225097656
2023-03-29,SCCO,381.0,64.80223083496094,24689.649948120117,0.16444386031551297,65.15303039550781,-133.65463256835938
2023-03-29,BLDR,292.0,86.45999908447266,25246.319732666016,0.16815152439678127,85.76000213623047,204.39910888671875
2023-03-29,BKNG,318.0,100.7310562133789,32032.475875854492,0.2133502904884291,99.96923828125,242.2581024169922
2023-03-29,MGM,728.0,43.08000183105469,31362.241333007812,0.20888623547857252,44.380001068115234,-946.3994445800781
2023-03-30,AVGO,492.0,60.90201187133789,29963.789840698242,0.19825975177555913,57.50904846191406,1669.3379974365234
2023-03-30,SCCO,381.0,64.82789611816406,24699.428421020508,0.16342734259531186,65.15303039550781,-123.87615966796875
2023-03-30,BLDR,292.0,86.25,25185.0,0.16664019721849382,85.76000213623047,143.07937622070312
2023-03-30,BKNG,318.0,102.21905517578125,32505.659545898438,0.21507840053387858,99.96923828125,715.4417724609375
2023-03-30,MGM,728.0,43.33000183105469,31544.241333007812,0.20871703779393236,44.380001068115234,-764.3994445800781
2023-03-31,AVGO,492.0,61.65060806274414,30332.099166870117,0.19731751945368425,57.50904846191406,2037.6473236083984
2023-03-31,SCCO,381.0,65.23857879638672,24855.89852142334,0.16169353176177925,65.15303039550781,32.59394073486328
2023-03-31,BLDR,292.0,88.77999877929688,25923.759643554688,0.16864022234790685,85.76000213623047,881.8390197753906
2023-03-31,BKNG,318.0,103.88956451416016,33036.88151550293,0.2149127719536255,99.96923828125,1246.6637420654297
2023-03-31,MGM,728.0,44.41999816894531,32337.758666992188,0.21036481154038092,44.380001068115234,29.117889404296875
2023-04-03,MGM,681.0,44.25,30134.25,0.1957480864542873,44.380001068115234,-88.53072738647461
2023-04-03,AAPL,169.0,163.64627075195312,27656.219757080078,0.17965113105544953,163.64627075195312,0.0
2023-04-03,FSLR,136.0,208.49000549316406,28354.640747070312,0.18418798106267045,208.49000549316406,0.0
2023-04-03,LSCC,306.0,95.44999694824219,29207.69906616211,0.18972933462534847,95.44999694824219,0.0
2023-04-03,AMAT,260.0,119.04793548583984,30952.46322631836,0.2010630909214105,119.04793548583984,0.0
2023-04-04,MGM,681.0,44.029998779296875,29984.429168701172,0.19680049097207,44.380001068115234,-238.35155868530273
2023-04-04,AAPL,169.0,163.114501953125,27566.350830078125,0.18092962007529528,163.64627075195312,-89.86892700195312
2023-04-04,FSLR,136.0,208.13999938964844,28307.039916992188,0.18579107583762475,208.49000549316406,-47.600830078125
2023-04-04,LSCC,306.0,93.02999877929688,28467.179626464844,0.18684214048424608,95.44999694824219,-740.5194396972656
2023-04-04,AMAT,260.0,116.90678405761719,30395.76385498047,0.1995002544979372,119.04793548583984,-556.6993713378906
2023-04-05,MGM,681.0,43.18000030517578,29405.580207824707,0.19697166579103909,44.380001068115234,-817.2005195617676
2023-04-05,AAPL,169.0,161.27288818359375,27255.118103027344,0.18256691335939934,163.64627075195312,-401.1016540527344
2023-04-05,FSLR,136.0,201.61000061035156,27418.960083007812,0.18366439987369937,208.49000549316406,-935.6806640625
2023-04-05,LSCC,306.0,91.12000274658203,27882.7208404541,0.18677087586489244,95.44999694824219,-1324.9782257080078
2023-04-05,AMAT,260.0,114.18167877197266,29687.23648071289,0.1988583248829253,119.04793548583984,-1265.2267456054688
2023-04-06,MGM,681.0,42.97999954223633,29269.37968826294,0.19727241465140885,44.380001068115234,-953.4010391235352
2023-04-06,AAPL,169.0,162.15921020507812,27404.906524658203,0.18470606965351505,163.64627075195312,-251.313232421875
2023-04-06,FSLR,136.0,204.50999450683594,27813.359252929688,0.18745899632416063,208.49000549316406,-541.281494140625
2023-04-06,LSCC,306.0,89.16000366210938,27282.96112060547,0.1838841709809316,95.44999694824219,-1924.7379455566406
2023-04-06,AMAT,260.0,111.38844299316406,28960.995178222656,0.19519393681605066,119.04793548583984,-1991.4680480957031
2023-04-10,MGM,681.0,43.18000030517578,29405.580207824707,0.19563551216725777,44.380001068115234,-817.2005195617676
2023-04-10,AAPL,169.0,159.56915283203125,26967.18682861328,0.17941286550510008,163.64627075195312,-689.0329284667969
2023-04-10,FSLR,136.0,212.02999877929688,28836.079833984375,0.19184662255758936,208.49000549316406,481.4390869140625
2023-04-10,LSCC,306.0,91.44000244140625,27980.640747070312,0.18615538087102704,95.44999694824219,-1227.0583190917969
2023-04-10,AMAT,260.0,113.38361358642578,29479.739532470703,0.1961288946258442,119.04793548583984,-1472.7236938476562
2023-04-11,MGM,681.0,43.36000061035156,29528.160415649414,0.1967500615205036,44.380001068115234,-694.6203117370605
2023-04-11,AAPL,169.0,158.35784912109375,26762.476501464844,0.17832194163079682,163.64627075195312,-893.7432556152344
2023-04-11,FSLR,136.0,210.02999877929688,28564.079833984375,0.19032626433560376,208.49000549316406,209.4390869140625
2023-04-11,LSCC,306.0,91.94999694824219,28136.69906616211,0.18747856941732685,95.44999694824219,-1071.0
2023-04-11,AMAT,260.0,113.26681518554688,29449.371948242188,0.19622508347949896,119.04793548583984,-1503.0912780761719
2023-04-12,MGM,681.0,42.97999954223633,29269.37968826294,0.19760035342343535,44.380001068115234,-953.4010391235352
2023-04-12,AAPL,169.0,157.66848754882812,26645.974395751953,0.1798894959165728,163.64627075195312,-1010.245361328125
2023-04-12,FSLR,136.0,207.88999938964844,28273.039916992188,0.19087396929675454,208.49000549316406,-81.600830078125
2023-04-12,LSCC,306.0,90.4000015258789,27662.400466918945,0.18675148455557122,95.44999694824219,-1545.298599243164
2023-04-12,AMAT,260.0,110.13296508789062,28634.570922851562,0.193314699346117,119.04793548583984,-2317.892303466797
2023-04-13,MGM,681.0,43.599998474121094,29691.598960876465,0.19717840115283625,44.380001068115234,-531.1817665100098
2023-04-13,AAPL,169.0,163.0455322265625,27554.694946289062,0.18298747403002888,163.64627075195312,-101.52481079101562
2023-04-13,FSLR,136.0,211.25999450683594,28731.359252929688,0.19080156268799317,208.49000549316406,376.718505859375
2023-04-13,LSCC,306.0,92.33000183105469,28252.980560302734,0.18762470630238534,95.44999694824219,-954.718505859375
2023-04-13,AMAT,260.0,110.43467712402344,28713.016052246094,0.19067974765918375,119.04793548583984,-2239.4471740722656
2023-04-14,MGM,681.0,43.54999923706055,29657.549480438232,0.1977415263230314,44.380001068115234,-565.2312469482422
2023-04-14,AAPL,169.0,162.70086669921875,27496.44647216797,0.18333238548425357,163.64627075195312,-159.77328491210938
2023-04-14,FSLR,136.0,208.39999389648438,28342.399169921875,0.1889727698242099,208.49000549316406,-12.2415771484375
2023-04-14,LSCC,306.0,92.41000366210938,28277.46112060547,0.18853979578511282,95.44999694824219,-930.2379455566406
2023-04-14,AMAT,260.0,109.8799057006836,28568.775482177734,0.19048213247530751,119.04793548583984,-2383.687744140625
2023-04-17,MGM,681.0,43.880001068115234,29882.280727386475,0.1969298086904662,44.380001068115234,-340.5
2023-04-17,AAPL,169.0,162.72055053710938,27499.773040771484,0.18122863824738633,163.64627075195312,-156.44671630859375
2023-04-17,FSLR,136.0,218.88999938964844,29769.039916992188,0.19618353060913948,208.49000549316406,1414.399169921875
2023-04-17,LSCC,306.0,93.66999816894531,28663.019439697266,0.18889464918176535,95.44999694824219,-544.6796264648438
2023-04-17,AMAT,260.0,108.79959869384766,28287.89566040039,0.18642251344466698,119.04793548583984,-2664.5675659179688
2023-04-18,MGM,681.0,44.59000015258789,30365.790103912354,0.1989021769666252,44.380001068115234,143.0093765258789
2023-04-18,AAPL,169.0,163.9417266845703,27706.151809692383,0.1814809985663966,163.64627075195312,49.93205261230469
2023-04-18,FSLR,136.0,219.47999572753906,29849.279418945312,0.19551892563955928,208.49000549316406,1494.638671875
2023-04-18,LSCC,306.0,94.61000061035156,28950.660186767578,0.189632784658785,95.44999694824219,-257.03887939453125
2023-04-18,AMAT,260.0,108.29351806640625,28156.314697265625,0.1844296581606801,119.04793548583984,-2796.1485290527344
2023-04-19,MGM,681.0,44.63999938964844,30399.839584350586,0.20037029380289034,44.380001068115234,177.05885696411133
2023-04-19,AAPL,169.0,165.0841064453125,27899.213989257812,0.18388826323856786,163.64627075195312,242.99423217773438
2023-04-19,FSLR,136.0,218.19000244140625,29673.84033203125,0.19558511449020774,208.49000549316406,1319.1995849609375
2023-04-19,LSCC,306.0,92.11000061035156,28185.660186767578,0.1857762767787215,95.44999694824219,-1022.0388793945312
2023-04-19,AMAT,260.0,107.38838958740234,27920.98129272461,0.18403173508087273,119.04793548583984,-3031.48193359375
2023-04-20,MGM,681.0,44.599998474121094,30372.598960876465,0.2001161376007525,44.380001068115234,149.81823348999023
2023-04-20,AAPL,169.0,164.11898803710938,27736.108978271484,0.182745079140408,163.64627075195312,79.88922119140625
2023-04-20,FSLR,136.0,215.52999877929688,29312.079833984375,0.1931286884266222,208.49000549316406,957.4390869140625
2023-04-20,LSCC,306.0,90.75,27769.5,0.18296508277945978,95.44999694824219,-1438.1990661621094
2023-04-20,AMAT,260.0,111.33004760742188,28945.812377929688,0.19071545968946568,119.04793548583984,-2006.6508483886719
2023-04-21,MGM,681.0,44.880001068115234,30563.280727386475,0.20168885528994837,44.380001068115234,340.5
2023-04-21,AAPL,169.0,162.5137176513672,27464.818283081055,0.18124192260870364,163.64627075195312,-191.40147399902344
2023-04-21,FSLR,136.0,216.88999938964844,29497.039916992188,0.19465267058091762,208.49000549316406,1142.399169921875
2023-04-21,LSCC,306.0,90.4000015258789,27662.400466918945,0.18254577885500786,95.44999694824219,-1545.298599243164
2023-04-21,AMAT,260.0,110.42494201660156,28710.484924316406,0.1894621487416433,119.04793548583984,-2241.978302001953
2023-04-24,MGM,681.0,44.75,30474.75,0.20234403406508464,44.380001068115234,251.9692726135254
2023-04-24,AAPL,169.0,162.81906127929688,27516.421356201172,0.18270153816679027,163.64627075195312,-139.79840087890625
2023-04-24,FSLR,136.0,209.89999389648438,28546.399169921875,0.18954031012802977,208.49000549316406,191.7584228515625
2023-04-24,LSCC,306.0,90.47000122070312,27683.820373535156,0.18381302201705615,95.44999694824219,-1523.8786926269531
2023-04-24,AMAT,260.0,110.5709228515625,28748.43994140625,0.1908818057841966,119.04793548583984,-2204.0232849121094
2023-04-25,MGM,681.0,43.439998626708984,29582.63906478882,0.20101729276870864,44.380001068115234,-640.1416625976562
2023-04-25,AAPL,169.0,161.28274536132812,27256.783966064453,0.18521285103874946,163.64627075195312,-399.435791015625
2023-04-25,FSLR,136.0,210.52999877929688,28632.079833984375,0.19455813803359073,208.49000549316406,277.4390869140625
2023-04-25,LSCC,306.0,85.18000030517578,26065.08009338379,0.17711509188536192,95.44999694824219,-3142.6189727783203
2023-04-25,AMAT,260.0,107.65116882324219,27989.30389404297,0.1901904046809002,119.04793548583984,-2963.1593322753906
2023-04-26,MGM,681.0,42.369998931884766,28853.969272613525,0.19892512490153602,44.380001068115234,-1368.8114547729492
2023-04-26,AAPL,169.0,161.27288818359375,27255.118103027344,0.18790232018430864,163.64627075195312,-401.1016540527344
2023-04-26,FSLR,136.0,199.50999450683594,27133.359252929688,0.18706288994042422,208.49000549316406,-1221.281494140625
2023-04-26,LSCC,306.0,85.80000305175781,26254.80093383789,0.18100593043833943,95.44999694824219,-2952.8981323242188
2023-04-26,AMAT,260.0,107.35918426513672,27913.387908935547,0.19244056593212974,119.04793548583984,-3039.0753173828125
2023-04-27,MGM,681.0,43.38999938964844,29548.589584350586,0.20369733971061416,44.380001068115234,-674.1911430358887
2023-04-27,AAPL,169.0,165.85226440429688,28029.032684326172,0.19322206145104495,163.64627075195312,372.81292724609375
2023-04-27,FSLR,136.0,200.8300018310547,27312.880249023438,0.18828516436220033,208.49000549316406,-1041.760498046875
2023-04-27,LSCC,306.0,79.31999969482422,24271.91990661621,0.16732187844476035,95.44999694824219,-4935.779159545898
2023-04-27,AMAT,260.0,108.69254302978516,28260.06118774414,0.19481468878810365,119.04793548583984,-2692.4020385742188
2023-04-28,MGM,681.0,44.91999816894531,30590.518753051758,0.21200656169929005,44.380001068115234,367.7380256652832
2023-04-28,AAPL,169.0,167.1029510498047,28240.398727416992,0.1957191338776952,163.64627075195312,584.1789703369141
2023-04-28,FSLR,136.0,182.5800018310547,24830.880249023438,0.17208958069849972,208.49000549316406,-3523.760498046875
2023-04-28,LSCC,306.0,79.69999694824219,24388.19906616211,0.16902159364456845,95.44999694824219,-4819.5
2023-04-28,AMAT,260.0,110.0064468383789,28601.676177978516,0.19822295510189045,119.04793548583984,-2350.7870483398438
2023-05-01,AAPL,168.0,167.01434326171875,28058.40966796875,0.19373529844377044,163.64627075195312,565.836181640625
2023-05-01,SYK,84.0,291.2925109863281,24468.570922851562,0.16894848804074744,291.2925109863281,0.0
2023-05-01,ISRG,88.0,303.0199890136719,26665.759033203125,0.1841194438908222,303.0199890136719,0.0
2023-05-01,LULU,75.0,384.989990234375,28874.249267578125,0.19936843767664025,384.989990234375,0.0
2023-05-01,BYD,426.0,69.00303649902344,29395.293548583984,0.20296609949987351,69.00303649902344,0.0
2023-05-02,AAPL,168.0,165.98025512695312,27884.682861328125,0.19417432641802454,163.64627075195312,392.109375
2023-05-02,SYK,84.0,285.4645080566406,23979.018676757812,0.16697732668790738,291.2925109863281,-489.55224609375
2023-05-02,ISRG,88.0,301.2200012207031,26507.360107421875,0.18458337215363643,303.0199890136719,-158.39892578125
2023-05-02,LULU,75.0,380.75,28556.25,0.1988507682281962,384.989990234375,-317.999267578125
2023-05-02,BYD,426.0,68.80943298339844,29312.818450927734,0.20411911465618293,69.00303649902344,-82.47509765625
2023-05-03,AAPL,168.0,164.90682983398438,27704.347412109375,0.19380476631905874,163.64627075195312,211.77392578125
2023-05-03,SYK,84.0,278.9080810546875,23428.27880859375,0.16389168213262592,291.2925109863281,-1040.2921142578125
2023-05-03,ISRG,88.0,305.05999755859375,26845.27978515625,0.18779518961915256,303.0199890136719,179.520751953125
2023-05-03,LULU,75.0,383.1199951171875,28733.999633789062,0.20100766141866713,384.989990234375,-140.2496337890625
2023-05-03,BYD,426.0,67.77362060546875,28871.562377929688,0.20196997664976798,69.00303649902344,-523.7311706542969
2023-05-04,AAPL,168.0,163.2720489501953,27429.704223632812,0.19399346220794153,163.64627075195312,-62.8692626953125
2023-05-04,SYK,84.0,276.469970703125,23223.4775390625,0.16424540255995612,291.2925109863281,-1245.0933837890625
2023-05-04,ISRG,88.0,303.2099914550781,26682.479248046875,0.1887087985863313,303.0199890136719,16.72021484375
2023-05-04,LULU,75.0,382.05999755859375,28654.49981689453,0.2026556896857412,384.989990234375,-219.74945068359375
2023-05-04,BYD,426.0,65.8181381225586,28038.52684020996,0.19829929089269052,69.00303649902344,-1356.7667083740234
2023-05-05,AAPL,168.0,170.9338836669922,28716.892456054688,0.19906238991066333,163.64627075195312,1224.3189697265625
2023-05-05,SYK,84.0,276.5476989746094,23230.006713867188,0.16102789189950056,291.2925109863281,-1238.564208984375
2023-05-05,ISRG,88.0,304.8800048828125,26829.4404296875,0.18597877677998284,303.0199890136719,163.681396484375
2023-05-05,LULU,75.0,386.7099914550781,29003.24935913086,0.20104738496474137,384.989990234375,129.00009155273438
2023-05-05,BYD,426.0,68.34476470947266,29114.86976623535,0.20182112554391524,69.00303649902344,-280.4237823486328
2023-05-08,AAPL,168.0,170.8649444580078,28705.310668945312,0.1994998027484123,163.64627075195312,1212.7371826171875
2023-05-08,SYK,84.0,280.005615234375,23520.4716796875,0.1634655522374696,291.2925109863281,-948.0992431640625
2023-05-08,ISRG,88.0,303.0899963378906,26671.919677734375,0.1853678845700857,303.0199890136719,6.16064453125
2023-05-08,LULU,75.0,381.8599853515625,28639.498901367188,0.19904241579302345,384.989990234375,-234.7503662109375
2023-05-08,BYD,426.0,68.03498840332031,28982.905059814453,0.2014290633950275,69.00303649902344,-412.38848876953125
2023-05-09,AAPL,168.0,169.16122436523438,28419.085693359375,0.19827382688393747,163.64627075195312,926.51220703125
2023-05-09,SYK,84.0,275.51806640625,23143.517578125,0.16146732682687126,291.2925109863281,-1325.0533447265625
2023-05-09,ISRG,88.0,301.54998779296875,26536.39892578125,0.18513872766719205,303.0199890136719,-129.360107421875
2023-05-09,LULU,75.0,381.44000244140625,28608.00018310547,0.19959184250343842,384.989990234375,-266.24908447265625
2023-05-09,BYD,426.0,68.68357849121094,29259.20443725586,0.20413515402818846,69.00303649902344,-136.089111328125
2023-05-10,AAPL,168.0,170.92404174804688,28715.239013671875,0.20041479975357662,163.64627075195312,1222.66552734375
2023-05-10,SYK,84.0,277.4122009277344,23302.624877929688,0.16263806463249092,291.2925109863281,-1165.946044921875
2023-05-10,ISRG,88.0,302.5899963378906,26627.919677734375,0.18584658785276298,303.0199890136719,-37.83935546875
2023-05-10,LULU,75.0,379.32000732421875,28449.000549316406,0.19855661816243275,384.989990234375,-425.24871826171875
2023-05-10,BYD,426.0,67.64775848388672,28817.945114135742,0.20113162549715258,69.00303649902344,-577.3484344482422
2023-05-11,AAPL,168.0,171.11117553710938,28746.677490234375,0.2015069143835135,163.64627075195312,1254.10400390625
2023-05-11,SYK,84.0,276.9459533691406,23263.460083007812,0.1630709517927221,291.2925109863281,-1205.11083984375
2023-05-11,ISRG,88.0,303.4700012207031,26705.360107421875,0.18719779753939428,303.0199890136719,39.60107421875
2023-05-11,LULU,75.0,377.32000732421875,28299.000549316406,0.19836881263120926,384.989990234375,-575.2487182617188
2023-05-11,BYD,426.0,66.37960815429688,28277.71307373047,0.19821959282931062,69.00303649902344,-1117.5804748535156
2023-05-12,AAPL,168.0,170.1841583251953,28590.938598632812,0.2006344528036117,163.64627075195312,1098.3651123046875
2023-05-12,SYK,84.0,277.2859191894531,23292.017211914062,0.1634497276779906,291.2925109863281,-1176.5537109375
2023-05-12,ISRG,88.0,305.2699890136719,26863.759033203125,0.1885141187401425,303.0199890136719,198.0
2023-05-12,LULU,75.0,376.20001220703125,28215.000915527344,0.19799634244294903,384.989990234375,-659.2483520507812
2023-05-12,BYD,426.0,66.1375961303711,28174.615951538086,0.19771294443124943,69.00303649902344,-1220.6775970458984
2023-05-15,AAPL,168.0,169.6910858154297,28508.102416992188,0.19944377069532207,163.64627075195312,1015.5289306640625
2023-05-15,SYK,84.0,280.6369934082031,23573.507446289062,0.16492115626748177,291.2925109863281,-895.0634765625
2023-05-15,ISRG,88.0,308.04998779296875,27108.39892578125,0.18965139174076487,303.0199890136719,442.639892578125
2023-05-15,LULU,75.0,375.7099914550781,28178.24935913086,0.19713610613480637,384.989990234375,-695.9999084472656
2023-05-15,BYD,426.0,66.20535278320312,28203.48028564453,0.1973126226580185,69.00303649902344,-1191.8132629394531
2023-05-16,AAPL,168.0,169.6910858154297,28508.102416992188,0.20179521684136173,163.64627075195312,1015.5289306640625
2023-05-16,SYK,84.0,277.742431640625,23330.3642578125,0.1651444857861554,291.2925109863281,-1138.2066650390625
2023-05-16,ISRG,88.0,306.6099853515625,26981.6787109375,0.19099039376862353,303.0199890136719,315.919677734375
2023-05-16,LULU,75.0,371.5199890136719,27863.99917602539,0.19723591818030295,384.989990234375,-1010.2500915527344
2023-05-16,BYD,426.0,63.90138244628906,27221.98892211914,0.19269143477322187,69.00303649902344,-2173.3046264648438
2023-05-17,AAPL,168.0,170.30247497558594,28610.815795898438,0.2019609308327997,163.64627075195312,1118.2423095703125
2023-05-17,SYK,84.0,275.838623046875,23170.4443359375,0.16355788451744713,291.2925109863281,-1298.1265869140625
2023-05-17,ISRG,88.0,308.2200012207031,27123.360107421875,0.19146112762689688,303.0199890136719,457.60107421875
2023-05-17,LULU,75.0,372.2200012207031,27916.500091552734,0.19705982465876354,384.989990234375,-957.7491760253906
2023-05-17,BYD,426.0,64.5015869140625,27477.676025390625,0.19396220879537251,69.00303649902344,-1917.6175231933594
2023-05-18,AAPL,168.0,172.62986755371094,29001.817749023438,0.2022624394875405,163.64627075195312,1509.2442626953125
2023-05-18,SYK,84.0,277.0819396972656,23274.882934570312,0.1623220531165373,291.2925109863281,-1193.68798828125
2023-05-18,ISRG,88.0,312.2300109863281,27476.240966796875,0.19162286908995438,303.0199890136719,810.48193359375
2023-05-18,LULU,75.0,378.70001220703125,28402.500915527344,0.19808272613929873,384.989990234375,-471.74835205078125
2023-05-18,BYD,426.0,65.41154479980469,27865.318084716797,0.19433634338664446,69.00303649902344,-1529.9754638671875
2023-05-19,AAPL,168.0,172.73834228515625,29020.04150390625,0.2037190494881403,163.64627075195312,1527.468017578125
2023-05-19,SYK,84.0,277.1887512207031,23283.855102539062,0.16345134548723375,291.2925109863281,-1184.7158203125
2023-05-19,ISRG,88.0,313.6099853515625,27597.6787109375,0.1937341431546367,303.0199890136719,931.919677734375
2023-05-19,LULU,75.0,368.5299987792969,27639.749908447266,0.19402948058088965,384.989990234375,-1234.4993591308594
2023-05-19,BYD,426.0,64.65647888183594,27543.66000366211,0.1933549348857843,69.00303649902344,-1851.633544921875
2023-05-22,AAPL,168.0,171.79159545898438,28860.988037109375,0.20372850444367147,163.64627075195312,1368.41455078125
2023-05-22,SYK,84.0,277.9658508300781,23349.131469726562,0.16482054004075225,291.2925109863281,-1119.439453125
2023-05-22,ISRG,88.0,313.6199951171875,27598.5595703125,0.19481707482882438,303.0199890136719,932.800537109375
2023-05-22,LULU,75.0,363.1199951171875,27233.999633789062,0.19224366152251268,384.989990234375,-1640.2496337890625
2023-05-22,BYD,426.0,63.97883224487305,27254.982536315918,0.19239177895165915,69.00303649902344,-2140.3110122680664
2023-05-23,AAPL,168.0,169.18809509277344,28423.599975585938,0.20613769393488263,163.64627075195312,931.0264892578125
2023-05-23,SYK,84.0,266.30010986328125,22369.209228515625,0.16222917608866502,291.2925109863281,-2099.3616943359375
2023-05-23,ISRG,88.0,301.44000244140625,26526.72021484375,0.19238087143924498,303.0199890136719,-139.038818359375
2023-05-23,LULU,75.0,353.8599853515625,26539.498901367188,0.19247354685593115,384.989990234375,-2334.7503662109375
2023-05-23,BYD,426.0,62.5848388671875,26661.141357421875,0.19335573966040442,69.00303649902344,-2734.1521911621094
2023-05-24,AAPL,168.0,169.46421813964844,28469.988647460938,0.20745434779584665,163.64627075195312,977.4151611328125
2023-05-24,SYK,84.0,264.7460632324219,22238.669311523438,0.1620481376019465,291.2925109863281,-2229.901611328125
2023-05-24,ISRG,88.0,302.4800109863281,26618.240966796875,0.19396108258483663,303.0199890136719,-47.51806640625
2023-05-24,LULU,75.0,344.5799865722656,25843.498992919922,0.18831571360029212,384.989990234375,-3030.750274658203
2023-05-24,BYD,426.0,62.671958923339844,26698.254501342773,0.1945441230570196,69.00303649902344,-2697.039047241211
2023-05-25,AAPL,168.0,170.59832763671875,28660.51904296875,0.20851172209013835,163.64627075195312,1167.945556640625
2023-05-25,SYK,84.0,264.5906066894531,22225.610961914062,0.16169631852187563,291.2925109863281,-2242.9599609375
2023-05-25,ISRG,88.0,303.7699890136719,26731.759033203125,0.19447955922065654,303.0199890136719,66.0
2023-05-25,LULU,75.0,342.3399963378906,25675.499725341797,0.18679503519212415,384.989990234375,-3198.749542236328
2023-05-25,BYD,426.0,62.89460372924805,26793.101188659668,0.1949258371980996,69.00303649902344,-2602.1923599243164
2023-05-26,AAPL,168.0,173.0045928955078,29064.771606445312,0.21049565454035915,163.64627075195312,1572.1981201171875
2023-05-26,SYK,84.0,264.76544189453125,22240.297119140625,0.16107079603637478,291.2925109863281,-2228.2738037109375
2023-05-26,ISRG,88.0,306.8999938964844,27007.199462890625,0.19559410977729935,303.0199890136719,341.4404296875
2023-05-26,LULU,75.0,340.260009765625,25519.500732421875,0.1848197564718897,384.989990234375,-3354.74853515625
2023-05-26,BYD,426.0,63.0978889465332,26879.700691223145,0.1946707260411861,69.00303649902344,-2515.59285736084
2023-05-30,AAPL,168.0,174.84877014160156,29374.593383789062,0.21344481262031056,163.64627075195312,1882.0198974609375
2023-05-30,SYK,84.0,263.7066955566406,22151.362426757812,0.16095859917751915,291.2925109863281,-2317.20849609375
2023-05-30,ISRG,88.0,307.07000732421875,27022.16064453125,0.196351314212606,303.0199890136719,356.401611328125
2023-05-30,LULU,75.0,336.6400146484375,25248.001098632812,0.1834597263398761,384.989990234375,-3626.2481689453125
2023-05-30,BYD,426.0,62.11048889160156,26459.068267822266,0.19225971215145532,69.00303649902344,-2936.2252807617188
2023-05-31,AAPL,168.0,174.79945373535156,29366.308227539062,0.21359786586484986,163.64627075195312,1873.7347412109375
2023-05-31,SYK,84.0,267.6794128417969,22485.070678710938,0.16354671052212974,291.2925109863281,-1983.500244140625
2023-05-31,ISRG,88.0,307.8399963378906,27089.919677734375,0.19704039693310704,303.0199890136719,424.16064453125
2023-05-31,LULU,75.0,331.92999267578125,24894.749450683594,0.18107367506684274,384.989990234375,-3979.4998168945312
2023-05-31,BYD,426.0,61.694217681884766,26281.73673248291,0.19116202260711,69.00303649902344,-3113.556816101074
2023-06-01,ISRG,92.0,310.5400085449219,28569.680786132812,0.20717957043848748,303.3469463845958,661.7617187499964
2023-06-01,ADBE,57.0,426.75,24324.75,0.1763964845721945,426.75,0.0
2023-06-01,GOOG,208.0,123.28305053710938,25642.87451171875,0.18595516575476073,123.28305053710938,0.0
2023-06-01,AVGO,339.0,75.91249084472656,25734.334396362305,0.18661840801338628,75.91249084472656,0.0
2023-06-01,GOOGL,213.0,122.63258361816406,26120.740310668945,0.18942051882240163,122.63258361816406,0.0
2023-06-02,ISRG,92.0,312.17999267578125,28720.559326171875,0.20559682840073684,303.3469463845958,812.6402587890589
2023-06-02,ADBE,57.0,436.3699951171875,24873.089721679688,0.17805462286538015,426.75,548.3397216796875
2023-06-02,GOOG,208.0,124.13553619384766,25820.191528320312,0.18483447437894307,123.28305053710938,177.3170166015625
2023-06-02,AVGO,339.0,78.03144836425781,26452.6609954834,0.1893620225729833,75.91249084472656,718.3265991210938
2023-06-02,GOOGL,213.0,123.5742416381836,26321.313468933105,0.18842176808245137,122.63258361816406,200.57315826416016
2023-06-05,ISRG,92.0,317.489990234375,29209.0791015625,0.20817108629553996,303.3469463845958,1301.1600341796839
2023-06-05,ADBE,57.0,434.17999267578125,24748.25958251953,0.17637913414878953,426.75,423.50958251953125
2023-06-05,GOOG,208.0,125.52330017089844,26108.846435546875,0.18607594253529497,123.28305053710938,465.971923828125
2023-06-05,AVGO,339.0,77.09931182861328,26136.666709899902,0.1862742157062146,75.91249084472656,402.33231353759766
2023-06-05,GOOGL,213.0,124.9024658203125,26604.225219726562,0.1896064728636179,122.63258361816406,483.4849090576172
2023-06-06,ISRG,92.0,315.7200012207031,29046.240112304688,0.20715624791935586,303.3469463845958,1138.3210449218714
2023-06-06,ADBE,57.0,432.8900146484375,24674.730834960938,0.17597887500851367,426.75,349.9808349609375
2023-06-06,GOOG,208.0,126.7921142578125,26372.759765625,0.18808912751537327,123.28305053710938,729.88525390625
2023-06-06,AVGO,339.0,75.91729736328125,25735.963806152344,0.18354753241926033,75.91249084472656,1.6294097900390625
2023-06-06,GOOGL,213.0,126.19104766845703,26878.693153381348,0.19169741767270534,122.63258361816406,757.9528427124023
2023-06-07,ISRG,92.0,307.239990234375,28266.0791015625,0.20685179866592787,303.3469463845958,358.16003417968386
2023-06-07,ADBE,57.0,418.32000732421875,23844.24041748047,0.1744926843393007,426.75,-480.50958251953125
2023-06-07,GOOG,208.0,121.86554718017578,25348.033813476562,0.1854974780238461,123.28305053710938,-294.8406982421875
2023-06-07,AVGO,339.0,76.17005157470703,25821.647483825684,0.1889633934496284,75.91249084472656,87.3130874633789
2023-06-07,GOOGL,213.0,121.42330169677734,25863.163261413574,0.18926720683797327,122.63258361816406,-257.5770492553711
2023-06-08,ISRG,92.0,310.82000732421875,28595.440673828125,0.20660846802242389,303.3469463845958,687.5216064453089
2023-06-08,ADBE,57.0,439.0299987792969,25024.709930419922,0.18080913808618843,426.75,699.9599304199219
2023-06-08,GOOG,208.0,121.59790802001953,25292.364868164062,0.18274300500143295,123.28305053710938,-350.5096435546875
2023-06-08,AVGO,339.0,77.2818832397461,26198.558418273926,0.18929045650797188,75.91249084472656,464.2240219116211
2023-06-08,GOOGL,213.0,121.06648254394531,25787.16078186035,0.1863180163774986,122.63258361816406,-333.57952880859375
2023-06-09,ISRG,92.0,312.760009765625,28773.9208984375,0.20625033319279154,303.3469463845958,866.0018310546839
2023-06-09,ADBE,57.0,454.0,25878.0,0.18549248610233343,426.75,1553.25
2023-06-09,GOOG,208.0,121.79615783691406,25333.600830078125,0.18159025426599154,123.28305053710938,-309.273681640625
2023-06-09,AVGO,339.0,77.32222747802734,26212.23511505127,0.18788827026005656,75.91249084472656,477.90071868896484
2023-06-09,GOOGL,213.0,121.15568542480469,25806.1609954834,0.1849775469437083,122.63258361816406,-314.5793151855469
2023-06-12,ISRG,92.0,313.6400146484375,28854.88134765625,0.20175082558764376,303.3469463845958,946.9622802734339
2023-06-12,ADBE,57.0,474.6300048828125,27053.910278320312,0.18915859220708614,426.75,2729.1602783203125
2023-06-12,GOOG,208.0,123.26322174072266,25638.750122070312,0.17926391523987806,123.28305053710938,-4.1243896484375
2023-06-12,AVGO,339.0,82.19823455810547,27865.201515197754,0.19483107010987047,75.91249084472656,2130.867118835449
2023-06-12,GOOGL,213.0,122.55329132080078,26103.851051330566,0.1825158605634189,122.63258361816406,-16.889259338378906
2023-06-13,ISRG,92.0,315.45001220703125,29021.401123046875,0.20244302512792006,303.3469463845958,1113.4820556640589
2023-06-13,ADBE,57.0,478.989990234375,27302.429443359375,0.1904520869416584,426.75,2977.679443359375
2023-06-13,GOOG,208.0,123.342529296875,25655.24609375,0.17896191874400894,123.28305053710938,12.37158203125
2023-06-13,AVGO,339.0,81.79078674316406,27727.076705932617,0.1934142759856377,75.91249084472656,1992.7423095703125
2023-06-13,GOOGL,213.0,122.74162292480469,26143.9656829834,0.18237105366703352,122.63258361816406,23.225372314453125
2023-06-14,ISRG,92.0,323.07000732421875,29722.440673828125,0.20472006285618224,303.3469463845958,1814.5216064453089
2023-06-14,ADBE,57.0,479.5299987792969,27333.209930419922,0.18826369329568568,426.75,3008.459930419922
2023-06-14,GOOG,208.0,123.2929458618164,25644.932739257812,0.1766353005776643,123.28305053710938,2.0582275390625
2023-06-14,AVGO,339.0,85.15996551513672,28869.228309631348,0.1988433688543387,75.91249084472656,3134.893913269043
2023-06-14,GOOGL,213.0,122.5830307006836,26110.185539245605,0.17983983493952052,122.63258361816406,-10.554771423339844
2023-06-15,ISRG,92.0,328.2699890136719,30200.838989257812,0.20570848638502087,303.3469463845958,2292.9199218749964
2023-06-15,ADBE,57.0,490.9100036621094,27981.870208740234,0.19059431325432585,426.75,3657.1202087402344
2023-06-15,GOOG,208.0,124.69064331054688,25935.65380859375,0.176656817059599,123.28305053710938,292.779296875
2023-06-15,AVGO,339.0,84.89571380615234,28779.646980285645,0.1960282501130372,75.91249084472656,3045.31258392334
2023-06-15,GOOGL,213.0,123.99054718017578,26409.98654937744,0.1798876634007943,122.63258361816406,289.2462387084961
2023-06-16,ISRG,92.0,329.3599853515625,30301.11865234375,0.207581288574278,303.3469463845958,2393.199584960934
2023-06-16,ADBE,57.0,495.17999267578125,28225.25958251953,0.19336037793541008,426.75,3900.5095825195312
2023-06-16,GOOG,208.0,122.97576141357422,25578.958374023438,0.1752315880013527,123.28305053710938,-63.9161376953125
2023-06-16,AVGO,339.0,83.42349243164062,28280.563934326172,0.19373924674033785,75.91249084472656,2546.229537963867
2023-06-16,GOOGL,213.0,122.44425201416016,26080.625679016113,0.17866831741061198,122.63258361816406,-40.11463165283203
2023-06-20,ISRG,92.0,327.8299865722656,30160.358764648438,0.20776802519362086,303.3469463845958,2252.4396972656214
2023-06-20,ADBE,57.0,485.8599853515625,27694.019165039062,0.1907779584617791,426.75,3369.2691650390625
2023-06-20,GOOG,208.0,122.76760864257812,25535.66259765625,0.17590951856130843,123.28305053710938,-107.2119140625
2023-06-20,AVGO,339.0,83.41581726074219,28277.9620513916,0.1948006115498961,75.91249084472656,2543.627655029297
2023-06-20,GOOGL,213.0,122.01803588867188,25989.84164428711,0.1790382573252989,122.63258361816406,-130.89866638183594
2023-06-21,ISRG,92.0,323.739990234375,29784.0791015625,0.20868771127850802,303.3469463845958,1876.1600341796839
2023-06-21,ADBE,57.0,477.4800109863281,27216.360626220703,0.19069651235644672,426.75,2891.610626220703
2023-06-21,GOOG,208.0,120.20023345947266,25001.648559570312,0.17517871874751428,123.28305053710938,-641.2259521484375
2023-06-21,AVGO,339.0,81.89226531982422,27761.47794342041,0.19451597861950534,75.91249084472656,2027.1435470581055
2023-06-21,GOOGL,213.0,119.4904556274414,25451.46704864502,0.17833045597785332,122.63258361816406,-669.2732620239258
2023-06-22,ISRG,92.0,327.6199951171875,30141.03955078125,0.20931386442064653,303.3469463845958,2233.120483398434
2023-06-22,ADBE,57.0,477.5799865722656,27222.05923461914,0.18904306224362424,426.75,2897.3092346191406
2023-06-22,GOOG,208.0,122.78742218017578,25539.783813476562,0.17736053321784295,123.28305053710938,-103.0906982421875
2023-06-22,AVGO,339.0,81.38700103759766,27590.193351745605,0.19159956247816332,75.91249084472656,1855.8589553833008
2023-06-22,GOOGL,213.0,122.06759643554688,26000.398040771484,0.1805592597833217,122.63258361816406,-120.34226989746094
2023-06-23,ISRG,92.0,327.260009765625,30107.9208984375,0.21001229656002376,303.3469463845958,2200.001831054684
2023-06-23,ADBE,57.0,484.7200012207031,27629.040069580078,0.1927213166373955,426.75,3304.290069580078
2023-06-23,GOOG,208.0,121.94485473632812,25364.52978515625,0.17692563924672183,123.28305053710938,-278.3447265625
2023-06-23,AVGO,339.0,79.42774963378906,26926.007125854492,0.18781743889813832,75.91249084472656,1191.6727294921875
2023-06-23,GOOGL,213.0,121.26470947265625,25829.38311767578,0.18016813866258397,122.63258361816406,-291.35719299316406
2023-06-26,ISRG,92.0,325.1600036621094,29914.720336914062,0.21185964858349804,303.3469463845958,2006.8012695312464
2023-06-26,ADBE,57.0,479.510009765625,27332.070556640625,0.19356901211086497,426.75,3007.320556640625
2023-06-26,GOOG,208.0,118.04918670654297,24554.230834960938,0.17389601698912452,123.28305053710938,-1088.6436767578125
2023-06-26,AVGO,339.0,79.37751770019531,26908.97850036621,0.1905726232644629,75.91249084472656,1174.6441040039062
2023-06-26,GOOGL,213.0,117.29988098144531,24984.87464904785,0.17694588829293637,122.63258361816406,-1135.8656616210938
2023-06-27,ISRG,92.0,330.0199890136719,30361.838989257812,0.21222821296129918,303.3469463845958,2453.9199218749964
2023-06-27,ADBE,57.0,489.2699890136719,27888.389373779297,0.19493888500166723,426.75,3563.639373779297
2023-06-27,GOOG,208.0,117.96989440917969,24537.738037109375,0.17151794710362234,123.28305053710938,-1105.136474609375
2023-06-27,AVGO,339.0,81.96375274658203,27785.71218109131,0.19422117494715557,75.91249084472656,2051.377784729004
2023-06-27,GOOGL,213.0,117.28997039794922,24982.763694763184,0.17462866118386003,122.63258361816406,-1137.9766159057617
2023-06-28,ISRG,92.0,332.9800109863281,30634.161010742188,0.21311167766076214,303.3469463845958,2726.2419433593714
2023-06-28,ADBE,57.0,482.42999267578125,27498.50958251953,0.1912979927293038,426.75,3173.7595825195312
2023-06-28,GOOG,208.0,120.02180480957031,24964.535400390625,0.17366997644665824,123.28305053710938,-678.339111328125
2023-06-28,AVGO,339.0,81.91932678222656,27770.651779174805,0.19319119555183756,75.91249084472656,2036.3173828125
2023-06-28,GOOGL,213.0,119.12371063232422,25373.35036468506,0.1765139662939095,122.63258361816406,-747.3899459838867
2023-06-29,ISRG,92.0,338.489990234375,31141.0791015625,0.21571700717272535,303.3469463845958,3233.160034179684
2023-06-29,ADBE,57.0,483.7699890136719,27574.889373779297,0.19101369574993943,426.75,3250.139373779297
2023-06-29,GOOG,208.0,118.96116638183594,24743.922607421875,0.1714033387596632,123.28305053710938,-898.951904296875
2023-06-29,AVGO,339.0,83.33273315429688,28249.79653930664,0.19568883733357456,75.91249084472656,2515.462142944336
2023-06-29,GOOGL,213.0,118.05320739746094,25145.33317565918,0.1741839452423496,122.63258361816406,-975.4071350097656
2023-06-30,ISRG,92.0,341.94000244140625,31458.480224609375,0.21626967246735398,303.3469463845958,3550.561157226559
2023-06-30,ADBE,57.0,488.989990234375,27872.429443359375,0.19161641451036168,426.75,3547.679443359375
2023-06-30,GOOG,208.0,119.91276550292969,24941.855224609375,0.17146940416831316,123.28305053710938,-701.019287109375
2023-06-30,AVGO,339.0,83.80223846435547,28408.958839416504,0.19530492825692247,75.91249084472656,2674.624443054199
2023-06-30,GOOGL,213.0,118.6479263305664,25272.008308410645,0.17373912917689543,122.63258361816406,-848.7320022583008
2023-07-03,ISRG,69.0,336.0299987792969,23186.069915771484,0.16046016012067363,303.3469463845958,2255.130615234375
2023-07-03,ADBE,48.0,485.2099914550781,23290.07958984375,0.16117996339118748,426.75,2806.07958984375
2023-07-03,AAPL,133.0,189.7991943359375,25243.292846679688,0.17469725688164353,189.7991943359375,0.0
2023-07-03,LPX,418.0,71.68280792236328,29963.41371154785,0.2073630494250573,71.68280792236328,0.0
2023-07-03,ENTG,332.0,108.79044342041016,36118.42721557617,0.24995907609059798,108.79044342041016,0.0
2023-07-05,ISRG,69.0,333.8900146484375,23038.411010742188,0.16149024762191164,303.3469463845958,2107.471710205078
2023-07-05,ADBE,48.0,487.260009765625,23388.48046875,0.16394409756113665,426.75,2904.48046875
2023-07-05,AAPL,133.0,188.68478393554688,25095.076263427734,0.17590666639214309,189.7991943359375,-148.21658325195312
2023-07-05,LPX,418.0,69.91451263427734,29224.26628112793,0.20485067290914674,71.68280792236328,-739.1474304199219
2023-07-05,ENTG,332.0,106.08132934570312,35219.00134277344,0.24687142030711154,108.79044342041016,-899.4258728027344
2023-07-06,ISRG,69.0,330.1400146484375,22779.661010742188,0.16135458099997757,303.3469463845958,1848.7217102050781
2023-07-06,ADBE,48.0,481.2900085449219,23101.92041015625,0.1636372326312393,426.75,2617.92041015625
2023-07-06,AAPL,133.0,189.15814208984375,25158.03289794922,0.17820124079625135,189.7991943359375,-85.25994873046875
2023-07-06,LPX,418.0,68.28079223632812,28541.371154785156,0.2021663527685287,71.68280792236328,-1422.0425567626953
2023-07-06,ENTG,332.0,105.12225341796875,34900.588134765625,0.24721042918427605,108.79044342041016,-1217.8390808105469
2023-07-07,ISRG,69.0,331.2900085449219,22859.01058959961,0.16124133621140746,303.3469463845958,1928.0712890625
2023-07-07,ADBE,48.0,485.2699890136719,23292.95947265625,0.1643022953669772,426.75,2808.95947265625
2023-07-07,AAPL,133.0,188.04376220703125,25009.820373535156,0.1764125721727803,189.7991943359375,-233.47247314453125
2023-07-07,LPX,418.0,69.77998352050781,29168.033111572266,0.20574349074007175,71.68280792236328,-795.3805999755859
2023-07-07,ENTG,332.0,104.64765167236328,34743.02035522461,0.24506795708145598,108.79044342041016,-1375.4068603515625
2023-07-10,ISRG,69.0,340.2699890136719,23478.62924194336,0.16304503245130555,303.3469463845958,2547.68994140625
2023-07-10,ADBE,48.0,496.3500061035156,23824.80029296875,0.16544898328108007,426.75,3340.80029296875
2023-07-10,AAPL,133.0,186.00241088867188,24738.32064819336,0.17179283557448577,189.7991943359375,-504.9721984863281
2023-07-10,LPX,418.0,71.75008392333984,29991.535079956055,0.20827326672207183,71.68280792236328,28.121368408203125
2023-07-10,ENTG,332.0,106.2395248413086,35271.52224731445,0.2449396184998203,108.79044342041016,-846.9049682617188
2023-07-11,ISRG,69.0,339.1099853515625,23398.588989257812,0.16235629599738544,303.3469463845958,2467.649688720703
2023-07-11,ADBE,48.0,504.739990234375,24227.51953125,0.16810801429538805,426.75,3743.51953125
2023-07-11,AAPL,133.0,185.47970581054688,24668.800872802734,0.17116994269372654,189.7991943359375,-574.4919738769531
2023-07-11,LPX,418.0,71.82695770263672,30023.66831970215,0.20832587737998906,71.68280792236328,60.254608154296875
2023-07-11,ENTG,332.0,105.73526763916016,35104.10885620117,0.24357764012173524,108.79044342041016,-1014.318359375
2023-07-12,ISRG,69.0,347.5899963378906,23983.709747314453,0.16343574004134456,303.3469463845958,3052.7704467773438
2023-07-12,ADBE,48.0,507.3599853515625,24353.279296875,0.16595415247484802,426.75,3869.279296875
2023-07-12,AAPL,133.0,187.14634704589844,24890.464157104492,0.16961477070678954,189.7991943359375,-352.8286895751953
2023-07-12,LPX,418.0,75.45963287353516,31542.126541137695,0.21494217733792464,71.68280792236328,1578.7128295898438
2023-07-12,ENTG,332.0,106.26919555664062,35281.37292480469,0.2404230769297806,108.79044342041016,-837.0542907714844
2023-07-13,ISRG,69.0,346.9700012207031,23940.930084228516,0.1608148057434409,303.3469463845958,3009.9907836914062
2023-07-13,ADBE,48.0,517.280029296875,24829.44140625,0.1667830690961609,426.75,4345.44140625
2023-07-13,AAPL,133.0,187.9056854248047,24991.456161499023,0.1678713464229514,189.7991943359375,-251.83668518066406
2023-07-13,LPX,418.0,75.36351776123047,31501.950424194336,0.2116033094864437,71.68280792236328,1538.5367126464844
2023-07-13,ENTG,332.0,111.18318176269531,36912.816345214844,0.2479489046212769,108.79044342041016,794.3891296386719
2023-07-14,ISRG,69.0,354.0,24426.0,0.1653252007526068,303.3469463845958,3495.0606994628906
2023-07-14,ADBE,48.0,514.8300170898438,24711.8408203125,0.16725988883094356,426.75,4227.8408203125
2023-07-14,AAPL,133.0,188.05364990234375,25011.13543701172,0.1692856377292475,189.7991943359375,-232.15740966796875
2023-07-14,LPX,418.0,75.51728820800781,31566.226470947266,0.21365318628967522,71.68280792236328,1602.812759399414
2023-07-14,ENTG,332.0,106.42737579345703,35333.888763427734,0.23915427221747185,108.79044342041016,-784.5384521484375
2023-07-17,ISRG,69.0,353.8399963378906,24414.959747314453,0.16291299449673413,303.3469463845958,3484.0204467773438
2023-07-17,ADBE,48.0,522.0,25056.0,0.16719044521706278,426.75,4572.0
2023-07-17,AAPL,133.0,191.3080291748047,25443.967880249023,0.16977922725045816,189.7991943359375,200.67503356933594
2023-07-17,LPX,418.0,75.53651428222656,31574.262969970703,0.21068466967393124,71.68280792236328,1610.8492584228516
2023-07-17,ENTG,332.0,110.48118591308594,36679.75372314453,0.24475192989402741,108.79044342041016,561.3265075683594
2023-07-18,ISRG,69.0,354.92999267578125,24490.169494628906,0.16355214301323906,303.3469463845958,3559.230194091797
2023-07-18,ADBE,48.0,532.22998046875,25547.0390625,0.1706102110575906,426.75,5063.0390625
2023-07-18,AAPL,133.0,191.0515899658203,25409.8614654541,0.16969410102514743,189.7991943359375,166.56861877441406
2023-07-18,LPX,418.0,74.8734130859375,31297.086669921875,0.20901062346911956,71.68280792236328,1333.6729583740234
2023-07-18,ENTG,332.0,109.33427429199219,36298.979064941406,0.2424146479086598,108.79044342041016,180.55184936523438
2023-07-19,ISRG,69.0,349.70001220703125,24129.300842285156,0.16257460493557105,303.3469463845958,3198.361541748047
2023-07-19,ADBE,48.0,527.1699829101562,25304.1591796875,0.17049038050266616,426.75,4820.1591796875
2023-07-19,AAPL,133.0,192.40267944335938,25589.556365966797,0.1724132847389866,189.7991943359375,346.2635192871094
2023-07-19,LPX,418.0,74.41212463378906,31104.268096923828,0.2095694413493242,71.68280792236328,1140.8543853759766
2023-07-19,ENTG,332.0,107.21837615966797,35596.500885009766,0.2398365002904537,108.79044342041016,-521.9263305664062
2023-07-20,ISRG,69.0,347.6600036621094,23988.540252685547,0.16529181716612792,303.3469463845958,3057.6009521484375
2023-07-20,ADBE,48.0,516.8800048828125,24810.240234375,0.1709536991192667,426.75,4326.240234375
2023-07-20,AAPL,133.0,190.45989990234375,25331.16668701172,0.17454311636013398,189.7991943359375,87.87384033203125
2023-07-20,LPX,418.0,72.53811645507812,30320.932678222656,0.20892484527040678,71.68280792236328,357.5189666748047
2023-07-20,ENTG,332.0,102.35379791259766,33981.46090698242,0.234147528949622,108.79044342041016,-2136.96630859375
2023-07-21,ISRG,69.0,336.6600036621094,23229.540252685547,0.16030018509500518,303.3469463845958,2298.6009521484375
2023-07-21,ADBE,48.0,520.22998046875,24971.0390625,0.17231775317940645,426.75,4487.0390625
2023-07-21,AAPL,133.0,189.28636169433594,25175.08610534668,0.17372582145715162,189.7991943359375,-68.20674133300781
2023-07-21,LPX,418.0,73.05706024169922,30537.851181030273,0.21073267673289156,71.68280792236328,574.4374694824219
2023-07-21,ENTG,332.0,103.32274627685547,34303.151763916016,0.23671590213508764,108.79044342041016,-1815.2754516601562
2023-07-24,ISRG,69.0,323.55999755859375,22325.63983154297,0.1547609423400428,303.3469463845958,1394.7005310058594
2023-07-24,ADBE,48.0,523.8599853515625,25145.279296875,0.1743066334828978,426.75,4661.279296875
2023-07-24,AAPL,133.0,190.0851287841797,25281.3221282959,0.17524967999570407,189.7991943359375,38.02928161621094
2023-07-24,LPX,418.0,72.70150756835938,30389.23016357422,0.21065760858770252,71.68280792236328,425.8164520263672
2023-07-24,ENTG,332.0,103.67869567871094,34421.32696533203,0.23860803264518787,108.79044342041016,-1697.1002502441406
2023-07-25,ISRG,69.0,330.8999938964844,22832.099578857422,0.15701477703594557,303.3469463845958,1901.1602783203125
2023-07-25,ADBE,48.0,525.3400268554688,25216.3212890625,0.1734109056065641,426.75,4732.3212890625
2023-07-25,AAPL,133.0,190.94309997558594,25395.43229675293,0.1746426396764014,189.7991943359375,152.1394500732422
2023-07-25,LPX,418.0,73.39344787597656,30678.461212158203,0.2109736658425164,71.68280792236328,715.0475006103516
2023-07-25,ENTG,332.0,104.20272827148438,34595.30578613281,0.2379095363411091,108.79044342041016,-1523.1214294433594
2023-07-26,ISRG,69.0,329.3699951171875,22726.529663085938,0.15724449843967164,303.3469463845958,1795.5903625488281
2023-07-26,ADBE,48.0,514.5499877929688,24698.3994140625,0.17088783398527851,426.75,4214.3994140625
2023-07-26,AAPL,133.0,191.81097412109375,25510.85955810547,0.17650923284142542,189.7991943359375,267.56671142578125
2023-07-26,LPX,418.0,73.28770446777344,30634.260467529297,0.2119579625089498,71.68280792236328,670.8467559814453
2023-07-26,ENTG,332.0,103.20409393310547,34263.759185791016,0.23707040659967685,108.79044342041016,-1854.6680297851562
2023-07-27,ISRG,69.0,323.55999755859375,22325.63983154297,0.15443262947290406,303.3469463845958,1394.7005310058594
2023-07-27,ADBE,48.0,513.969970703125,24670.55859375,0.1706530815217783,426.75,4186.55859375
2023-07-27,AAPL,133.0,190.54864501953125,25342.969787597656,0.17530433584355562,189.7991943359375,99.67694091796875
2023-07-27,LPX,418.0,72.9705810546875,30501.702880859375,0.2109887203607556,71.68280792236328,538.2891693115234
2023-07-27,ENTG,332.0,105.50786590576172,35028.61148071289,0.24230259999573692,108.79044342041016,-1089.8157348632812
2023-07-28,ISRG,69.0,326.5299987792969,22530.569915771484,0.15395774011963184,303.3469463845958,1599.630615234375
2023-07-28,ADBE,48.0,528.8699951171875,25385.759765625,0.1734680578141812,426.75,4901.759765625
2023-07-28,AAPL,133.0,193.12257385253906,25685.302322387695,0.17551491660564741,189.7991943359375,442.0094757080078
2023-07-28,LPX,418.0,72.78797149658203,30425.37208557129,0.20790515047355781,71.68280792236328,461.9583740234375
2023-07-28,ENTG,332.0,107.28758239746094,35619.47735595703,0.24339793704582663,108.79044342041016,-498.9498596191406
2023-07-31,ISRG,69.0,324.3999938964844,22383.599578857422,0.15159095161684566,303.3469463845958,1452.6602783203125
2023-07-31,ADBE,48.0,546.1699829101562,26216.1591796875,0.1775466230883314,426.75,5732.1591796875
2023-07-31,AAPL,133.0,193.73399353027344,25766.621139526367,0.17450216640673646,189.7991943359375,523.3282928466797
2023-07-31,LPX,418.0,73.16278076171875,30582.042358398438,0.2071141813971346,71.68280792236328,618.6286468505859
2023-07-31,ENTG,332.0,108.47405242919922,36013.38540649414,0.24389747258842542,108.79044342041016,-105.04180908203125
2023-08-01,ADBE,56.0,549.0999755859375,30749.5986328125,0.2095528721400154,444.2285679408482,5872.798828125
2023-08-01,ENTG,297.0,106.5640640258789,31649.527015686035,0.21568571893269628,108.79044342041016,-661.2346801757812
2023-08-01,PAYC,59.0,361.9305725097656,21353.903778076172,0.14552293581232037,361.9305725097656,0.0
2023-08-01,AVGO,269.0,88.88102722167969,23908.996322631836,0.16293542264471214,88.88102722167969,0.0
2023-08-01,ON,290.0,108.08999633789062,31346.09893798828,0.21361791226215202,108.08999633789062,0.0
2023-08-02,ADBE,56.0,530.2999877929688,29696.79931640625,0.21465989503811503,444.2285679408482,4819.99951171875
2023-08-02,ENTG,297.0,102.47685241699219,30435.62516784668,0.2200004126485105,108.79044342041016,-1875.1365280151367
2023-08-02,PAYC,59.0,292.4690246582031,17255.672454833984,0.1247306417941274,361.9305725097656,-4098.2313232421875
2023-08-02,AVGO,269.0,86.20492553710938,23189.124969482422,0.16761992021223696,88.88102722167969,-719.8713531494141
2023-08-02,ON,290.0,103.56999969482422,30035.299911499023,0.2171067076201299,108.08999633789062,-1310.7990264892578
2023-08-03,ADBE,56.0,523.760009765625,29330.560546875,0.213868644752536,444.2285679408482,4453.7607421875
2023-08-03,ENTG,297.0,101.67525482177734,30197.55068206787,0.2201904470560134,108.79044342041016,-2113.2110137939453
2023-08-03,PAYC,59.0,289.8627014160156,17101.899383544922,0.1247013345690277,361.9305725097656,-4252.00439453125
2023-08-03,AVGO,269.0,85.49774932861328,22998.894569396973,0.16770025259157395,88.88102722167969,-910.1017532348633
2023-08-03,ON,290.0,102.69999694824219,29782.999114990234,0.21716767557882866,108.08999633789062,-1563.0998229980469
2023-08-04,ADBE,56.0,526.8800048828125,29505.2802734375,0.2165695501615252,444.2285679408482,4628.48046875
2023-08-04,ENTG,297.0,99.98298645019531,29694.946975708008,0.21796170885348393,108.79044342041016,-2615.8147201538086
2023-08-04,PAYC,59.0,283.4886474609375,16725.830200195312,0.12276804317616932,361.9305725097656,-4628.073577880859
2023-08-04,AVGO,269.0,85.1760482788086,22912.35698699951,0.16817731605423772,88.88102722167969,-996.6393356323242
2023-08-04,ON,290.0,102.30999755859375,29669.899291992188,0.21777785818185322,108.08999633789062,-1676.1996459960938
2023-08-07,ADBE,56.0,529.72998046875,29664.87890625,0.2151163453612196,444.2285679408482,4788.0791015625
2023-08-07,ENTG,297.0,101.92267608642578,30271.034797668457,0.21951191496705535,108.79044342041016,-2039.7268981933594
2023-08-07,PAYC,59.0,286.11431884765625,16880.74481201172,0.12241156090376815,361.9305725097656,-4473.158966064453
2023-08-07,AVGO,269.0,86.664794921875,23312.829833984375,0.16905414546823375,88.88102722167969,-596.1664886474609
2023-08-07,ON,290.0,103.58999633789062,30041.09893798828,0.217844523640153,108.08999633789062,-1305.0
2023-08-08,ADBE,56.0,520.5999755859375,29153.5986328125,0.2145423512397722,444.2285679408482,4276.798828125
2023-08-08,ENTG,297.0,100.53715515136719,29859.535079956055,0.2197373622263599,108.79044342041016,-2451.2266159057617
2023-08-08,PAYC,59.0,284.60137939453125,16791.481384277344,0.12356909835916843,361.9305725097656,-4562.422393798828
2023-08-08,AVGO,269.0,85.32192993164062,22951.599151611328,0.16890162030142553,88.88102722167969,-957.3971710205078
2023-08-08,ON,290.0,101.37999725341797,29400.19920349121,0.21635709345793985,108.08999633789062,-1945.8997344970703
2023-08-09,ADBE,56.0,513.780029296875,28771.681640625,0.2159369335196435,444.2285679408482,3894.8818359375
2023-08-09,ENTG,297.0,98.89437103271484,29371.62819671631,0.22043964633345084,108.79044342041016,-2939.133499145508
2023-08-09,PAYC,59.0,280.0330810546875,16521.951782226562,0.1240003851069969,361.9305725097656,-4831.951995849609
2023-08-09,AVGO,269.0,82.18885803222656,22108.802810668945,0.1659307628367954,88.88102722167969,-1800.1935119628906
2023-08-09,ON,290.0,99.08999633789062,28736.09893798828,0.21566987858035677,108.08999633789062,-2610.0
2023-08-10,ADBE,56.0,515.8300170898438,28886.48095703125,0.21715607404588452,444.2285679408482,4009.68115234375
2023-08-10,ENTG,297.0,98.88446807861328,29368.687019348145,0.22078109072858895,108.79044342041016,-2942.074676513672
2023-08-10,PAYC,59.0,284.552490234375,16788.596923828125,0.12620941270556252,361.9305725097656,-4565.306854248047
2023-08-10,AVGO,269.0,81.4323959350586,21905.31450653076,0.1646746831521101,88.88102722167969,-2003.6818161010742
2023-08-10,ON,290.0,97.7300033569336,28341.700973510742,0.21306065367896374,108.08999633789062,-3004.397964477539
2023-08-11,ADBE,56.0,508.45001220703125,28473.20068359375,0.21853493684751069,444.2285679408482,3596.40087890625
2023-08-11,ENTG,297.0,95.22282409667969,28281.178756713867,0.21706114750677766,108.79044342041016,-4029.582939147949
2023-08-11,PAYC,59.0,285.03082275390625,16816.81854248047,0.12907092599092962,361.9305725097656,-4537.085235595703
2023-08-11,AVGO,269.0,80.1629409790039,21563.83112335205,0.16550476797810224,88.88102722167969,-2345.165199279785
2023-08-11,ON,290.0,94.56999969482422,27425.299911499023,0.21049218353723284,108.08999633789062,-3920.799026489258
2023-08-14,ADBE,56.0,522.25,29246.0,0.2194957570742598,444.2285679408482,4369.2001953125
2023-08-14,ENTG,297.0,97.49899291992188,28957.200897216797,0.2173282751038103,108.79044342041016,-3353.5607986450195
2023-08-14,PAYC,59.0,287.2271423339844,16946.401397705078,0.12718536567303462,361.9305725097656,-4407.502380371094
2023-08-14,AVGO,269.0,82.51443481445312,22196.38296508789,0.166587289996313,88.88102722167969,-1712.6133575439453
2023-08-14,ON,290.0,97.12000274658203,28164.80079650879,0.21138118969005718,108.08999633789062,-3181.298141479492
2023-08-15,ADBE,56.0,518.7000122070312,29047.20068359375,0.22179508097923176,444.2285679408482,4170.40087890625
2023-08-15,ENTG,297.0,94.87645721435547,28178.307792663574,0.2151604943557095,108.79044342041016,-4132.453903198242
2023-08-15,PAYC,59.0,284.99176025390625,16814.51385498047,0.12839021917172933,361.9305725097656,-4539.389923095703
2023-08-15,AVGO,269.0,81.39569854736328,21895.442909240723,0.1671865590777598,88.88102722167969,-2013.5534133911133
2023-08-15,ON,290.0,94.12999725341797,27297.69920349121,0.20843645042892905,108.08999633789062,-4048.3997344970703
2023-08-16,ADBE,56.0,514.489990234375,28811.439453125,0.22259973003743164,444.2285679408482,3934.6396484375
2023-08-16,ENTG,297.0,93.47115325927734,27760.93251800537,0.2144834205229233,108.79044342041016,-4549.829177856445
2023-08-16,PAYC,59.0,283.86920166015625,16748.28289794922,0.1293987153172126,361.9305725097656,-4605.620880126953
2023-08-16,AVGO,269.0,80.47500610351562,21647.776641845703,0.16725263741943333,88.88102722167969,-2261.219680786133
2023-08-16,ON,290.0,92.18000030517578,26732.200088500977,0.20653534276509397,108.08999633789062,-4613.898849487305
2023-08-17,ADBE,56.0,511.6700134277344,28653.520751953125,0.2242616526664638,444.2285679408482,3776.720947265625
2023-08-17,ENTG,297.0,93.03571319580078,27631.606819152832,0.21626346949600445,108.79044342041016,-4679.154876708984
2023-08-17,PAYC,59.0,273.7077331542969,16148.756256103516,0.12639098691754358,361.9305725097656,-5205.147521972656
2023-08-17,AVGO,269.0,79.90596771240234,21494.70531463623,0.16823196629720855,88.88102722167969,-2414.2910079956055
2023-08-17,ON,290.0,90.02999877929688,26108.699645996094,0.20434417753651768,108.08999633789062,-5237.3992919921875
2023-08-18,ADBE,56.0,508.1300048828125,28455.2802734375,0.22228817973778173,444.2285679408482,3578.48046875
2023-08-18,ENTG,297.0,93.76807403564453,27849.117988586426,0.21755293518455834,108.79044342041016,-4461.643707275391
2023-08-18,PAYC,59.0,274.605712890625,16201.737060546875,0.12656542494649112,361.9305725097656,-5152.166717529297
2023-08-18,AVGO,269.0,79.78424072265625,21461.96075439453,0.16765746616635754,88.88102722167969,-2447.0355682373047
2023-08-18,ON,290.0,90.7300033569336,26311.700973510742,0.2055428749604078,108.08999633789062,-5034.397964477539
2023-08-21,ADBE,56.0,520.469970703125,29146.318359375,0.2217091888087273,444.2285679408482,4269.5185546875
2023-08-21,ENTG,297.0,96.92500305175781,28786.72590637207,0.21897385359163374,108.79044342041016,-3524.035789489746
2023-08-21,PAYC,59.0,276.880126953125,16335.927490234375,0.12426355835549574,361.9305725097656,-5017.976287841797
2023-08-21,AVGO,269.0,83.58100891113281,22483.291397094727,0.17102510979047028,88.88102722167969,-1425.7049255371094
2023-08-21,ON,290.0,93.02999877929688,26978.699645996094,0.20522062306041303,108.08999633789062,-4367.3992919921875
2023-08-22,ADBE,56.0,519.47998046875,29090.87890625,0.22216545736718132,444.2285679408482,4214.0791015625
2023-08-22,ENTG,297.0,96.20254516601562,28572.15591430664,0.21820399813718158,108.79044342041016,-3738.605781555176
2023-08-22,PAYC,59.0,280.01348876953125,16520.795837402344,0.12616841777502172,361.9305725097656,-4833.107940673828
2023-08-22,AVGO,269.0,82.67770385742188,22240.302337646484,0.16984797732481274,88.88102722167969,-1668.6939849853516
2023-08-22,ON,290.0,92.37000274658203,26787.30079650879,0.20457315683954994,108.08999633789062,-4558.798141479492
2023-08-23,ADBE,56.0,530.7100219726562,29719.76123046875,0.2234912599832971,444.2285679408482,4842.96142578125
2023-08-23,ENTG,297.0,98.04328155517578,29118.854621887207,0.21897246947072405,108.79044342041016,-3191.9070739746094
2023-08-23,PAYC,59.0,282.9516296386719,16694.14614868164,0.12553922382421914,361.9305725097656,-4659.757629394531
2023-08-23,AVGO,269.0,84.68621826171875,22780.592712402344,0.17130902664324046,88.88102722167969,-1128.4036102294922
2023-08-23,ON,290.0,92.87999725341797,26935.19920349121,0.20255147950912408,108.08999633789062,-4410.89973449707
2023-08-24,ADBE,56.0,512.4299926757812,28696.07958984375,0.222301727498099,444.2285679408482,3819.27978515625
2023-08-24,ENTG,297.0,94.19359588623047,27975.49797821045,0.2167195525334693,108.79044342041016,-4335.263717651367
2023-08-24,PAYC,59.0,277.78790283203125,16389.486267089844,0.12696546573804232,361.9305725097656,-4964.417510986328
2023-08-24,AVGO,269.0,82.54922485351562,22205.741485595703,0.17202261644030403,88.88102722167969,-1703.2548370361328
2023-08-24,ON,290.0,89.95999908447266,26088.39973449707,0.20210064968917327,108.08999633789062,-5257.699203491211
2023-08-25,ADBE,56.0,525.0599975585938,29403.35986328125,0.22459482827272736,444.2285679408482,4526.56005859375
2023-08-25,ENTG,297.0,95.4801254272461,28357.59725189209,0.21660686787598726,108.79044342041016,-3953.1644439697266
2023-08-25,PAYC,59.0,279.9236145019531,16515.493255615234,0.1261520584324935,361.9305725097656,-4838.4105224609375
2023-08-25,AVGO,269.0,82.2941665649414,22137.13080596924,0.1690924137559676,88.88102722167969,-1771.8655166625977
2023-08-25,ON,290.0,92.31999969482422,26772.799911499023,0.20450154086003805,108.08999633789062,-4573.299026489258
2023-08-28,ADBE,56.0,529.9199829101562,29675.51904296875,0.22467396839744583,444.2285679408482,4798.71923828125
2023-08-28,ENTG,297.0,96.153076171875,28557.463623046875,0.216209147690573,108.79044342041016,-3753.2980728149414
2023-08-28,PAYC,59.0,281.1551818847656,16588.155731201172,0.12558927010265222,361.9305725097656,-4765.748046875
2023-08-28,AVGO,269.0,83.18877410888672,22377.780235290527,0.16942263695906287,88.88102722167969,-1531.2160873413086
2023-08-28,ON,290.0,93.62999725341797,27152.69920349121,0.205573647218008,108.08999633789062,-4193.39973449707
2023-08-29,ADBE,56.0,540.5700073242188,30271.92041015625,0.2228494970077262,444.2285679408482,5395.12060546875
2023-08-29,ENTG,297.0,99.33971405029297,29503.89507293701,0.2171956085933303,108.79044342041016,-2806.8666229248047
2023-08-29,PAYC,59.0,286.4234313964844,16898.982452392578,0.12440339722202115,361.9305725097656,-4454.921325683594
2023-08-29,AVGO,269.0,85.97595977783203,23127.533180236816,0.17025544023682473,88.88102722167969,-781.4631423950195
2023-08-29,ON,290.0,97.61000061035156,28306.900177001953,0.20838382173389972,108.08999633789062,-3039.198760986328
2023-08-30,ADBE,56.0,545.3599853515625,30540.1591796875,0.22353493464526625,444.2285679408482,5663.359375
2023-08-30,ENTG,297.0,99.53765106201172,29562.68236541748,0.21638041346187836,108.79044342041016,-2748.079330444336
2023-08-30,PAYC,59.0,287.0293884277344,16934.733917236328,0.12395169969978954,361.9305725097656,-4419.169860839844
2023-08-30,AVGO,269.0,86.2030029296875,23188.607788085938,0.16972615944556255,88.88102722167969,-720.3885345458984
2023-08-30,ON,290.0,98.8499984741211,28666.499557495117,0.2098209137480597,108.08999633789062,-2679.599380493164
2023-08-31,ADBE,56.0,559.3400268554688,31323.04150390625,0.22638835131646484,444.2285679408482,6446.24169921875
2023-08-31,ENTG,297.0,100.2204818725586,29765.483116149902,0.2151310449198521,108.79044342041016,-2545.278579711914
2023-08-31,PAYC,59.0,288.1827697753906,17002.783416748047,0.12288819733640768,361.9305725097656,-4351.120361328125
2023-08-31,AVGO,269.0,89.16021728515625,23984.09844970703,0.17334588996294703,88.88102722167969,75.10212707519531
2023-08-31,ON,290.0,98.45999908447266,28553.39973449707,0.20637067091861566,108.08999633789062,-2792.699203491211
2023-09-01,ADBE,52.0,563.2100219726562,29286.921142578125,0.21307869282286554,444.2285679408482,6187.035609654016
2023-09-01,BLD,77.0,296.55999755859375,22835.11981201172,0.16613823816813306,296.55999755859375,0.0
2023-09-01,ANET,472.0,49.34000015258789,23288.480072021484,0.16943668702557452,49.34000015258789,0.0
2023-09-01,WMS,215.0,128.5574951171875,27639.861450195312,0.20109541453473115,128.5574951171875,0.0
2023-09-01,CARR,503.0,55.82486343383789,28079.90630722046,0.20429698640573352,55.82486343383789,0.0
2023-09-05,ADBE,52.0,564.8800048828125,29373.76025390625,0.21732261514790882,444.2285679408482,6273.874720982141
2023-09-05,BLD,77.0,280.0,21560.0,0.15951228382364901,296.55999755859375,-1275.1198120117188
2023-09-05,ANET,472.0,49.3650016784668,23300.280792236328,0.17238780161882739,49.34000015258789,11.80072021484375
2023-09-05,WMS,215.0,126.83021545410156,27268.496322631836,0.2017467590380231,128.5574951171875,-371.36512756347656
2023-09-05,CARR,503.0,54.36034393310547,27343.25299835205,0.2022998484663717,55.82486343383789,-736.6533088684082
2023-09-06,ADBE,52.0,561.9400024414062,29220.880126953125,0.21637208827169446,444.2285679408482,6120.994594029016
2023-09-06,BLD,77.0,284.5199890136719,21908.039154052734,0.16222263535888604,296.55999755859375,-927.0806579589844
2023-09-06,ANET,472.0,49.3849983215332,23309.719207763672,0.1726016670305046,49.34000015258789,21.2391357421875
2023-09-06,WMS,215.0,125.39905548095703,26960.79692840576,0.19963683186556053,128.5574951171875,-679.0645217895508
2023-09-06,CARR,503.0,54.34107971191406,27333.563095092773,0.20239705652589535,55.82486343383789,-746.3432121276855
2023-09-07,ADBE,52.0,560.4600219726562,29143.921142578125,0.2160878684506927,444.2285679408482,6044.035609654016
2023-09-07,BLD,77.0,283.9200134277344,21861.841033935547,0.16209481923588265,296.55999755859375,-973.2787780761719
2023-09-07,ANET,472.0,48.8849983215332,23073.719207763672,0.17108030098088547,49.34000015258789,-214.7608642578125
2023-09-07,WMS,215.0,124.32323455810547,26729.495429992676,0.19818608703930565,128.5574951171875,-910.3660202026367
2023-09-07,CARR,503.0,55.16004943847656,27745.50486755371,0.20571929825732535,55.82486343383789,-334.40143966674805
2023-09-08,ADBE,52.0,560.3599853515625,29138.71923828125,0.21656503719310796,444.2285679408482,6038.833705357141
2023-09-08,BLD,77.0,281.55999755859375,21680.11981201172,0.1611311710389471,296.55999755859375,-1155.0
2023-09-08,ANET,472.0,49.11750030517578,23183.46014404297,0.17230430985324768,49.34000015258789,-105.01992797851562
2023-09-08,WMS,215.0,120.01000213623047,25802.15045928955,0.19176696230825171,128.5574951171875,-1837.7109909057617
2023-09-08,CARR,503.0,56.518577575683594,28428.844520568848,0.21128910027265937,55.82486343383789,348.9382133483887
2023-09-11,ADBE,52.0,564.5,29354.0,0.21805534392396894,444.2285679408482,6254.114467075891
2023-09-11,BLD,77.0,280.6199951171875,21607.739624023438,0.16051247172910002,296.55999755859375,-1227.3801879882812
2023-09-11,ANET,472.0,48.29750061035156,22796.420288085938,0.16934255182100982,49.34000015258789,-492.0597839355469
2023-09-11,WMS,215.0,120.82921600341797,25978.281440734863,0.19297891579045787,128.5574951171875,-1661.5800094604492
2023-09-11,CARR,503.0,56.788360595703125,28564.545379638672,0.21219090300432408,55.82486343383789,484.6390724182129
2023-09-12,ADBE,52.0,542.2100219726562,28194.921142578125,0.21491439907235485,444.2285679408482,5095.035609654016
2023-09-12,BLD,77.0,275.4700012207031,21211.19009399414,0.1616812527904592,296.55999755859375,-1623.9297180175781
2023-09-12,ANET,472.0,47.25749969482422,22305.53985595703,0.17002288000331417,49.34000015258789,-982.9402160644531
2023-09-12,WMS,215.0,119.733642578125,25742.733154296875,0.19622271679209996,128.5574951171875,-1897.1282958984375
2023-09-12,CARR,503.0,54.51451873779297,27420.802925109863,0.2090137210503506,55.82486343383789,-659.1033821105957
2023-09-13,ADBE,52.0,553.5599975585938,28785.119873046875,0.22129054603142048,444.2285679408482,5685.234340122766
2023-09-13,BLD,77.0,267.9100036621094,20629.070281982422,0.15858951593579856,296.55999755859375,-2206.049530029297
2023-09-13,ANET,472.0,47.022499084472656,22194.619567871094,0.17062494458231245,49.34000015258789,-1093.8605041503906
2023-09-13,WMS,215.0,118.05575561523438,25381.98745727539,0.19512838190548779,128.5574951171875,-2257.873992919922
2023-09-13,CARR,503.0,53.22343444824219,26771.38752746582,0.20580963324453214,55.82486343383789,-1308.5187797546387
2023-09-14,ADBE,52.0,552.1599731445312,28712.318603515625,0.2193019160110221,444.2285679408482,5612.433070591516
2023-09-14,BLD,77.0,273.7200012207031,21076.44009399414,0.16097981354729385,296.55999755859375,-1758.6797180175781
2023-09-14,ANET,472.0,46.88999938964844,22132.079711914062,0.16904268697886116,49.34000015258789,-1156.4003601074219
2023-09-14,WMS,215.0,121.62870788574219,26150.17219543457,0.1997324892380782,128.5574951171875,-1489.6892547607422
2023-09-14,CARR,503.0,52.760948181152344,26538.75693511963,0.20270046194423033,55.82486343383789,-1541.14937210083
2023-09-15,ADBE,52.0,528.8900146484375,27502.28076171875,0.21585592275570936,444.2285679408482,4402.395228794641
2023-09-15,BLD,77.0,260.3800048828125,20049.260375976562,0.1573597345079041,296.55999755859375,-2785.8594360351562
2023-09-15,ANET,472.0,46.18000030517578,21796.96014404297,0.17107682762481463,49.34000015258789,-1491.5199279785156
2023-09-15,WMS,215.0,117.91756439208984,25352.276344299316,0.19898127910444877,128.5574951171875,-2287.585105895996
2023-09-15,CARR,503.0,52.47190475463867,26393.368091583252,0.2071524494059363,55.82486343383789,-1686.538215637207
2023-09-18,ADBE,52.0,532.4199829101562,27685.839111328125,0.21698830465839758,444.2285679408482,4585.953578404016
2023-09-18,BLD,77.0,262.0199890136719,20175.539154052734,0.1581261820890865,296.55999755859375,-2659.5806579589844
2023-09-18,ANET,472.0,46.505001068115234,21950.36050415039,0.1720363790775405,49.34000015258789,-1338.1195678710938
2023-09-18,WMS,215.0,116.76277160644531,25103.995895385742,0.19675305803761173,128.5574951171875,-2535.8655548095703
2023-09-18,CARR,503.0,52.40445327758789,26359.43999862671,0.20659262571190976,55.82486343383789,-1720.46630859375
2023-09-19,ADBE,52.0,541.6900024414062,28167.880126953125,0.22074347395847135,444.2285679408482,5067.994594029016
2023-09-19,BLD,77.0,263.0,20251.0,0.15870118982988393,296.55999755859375,-2584.1198120117188
2023-09-19,ANET,472.0,46.20750045776367,21809.940216064453,0.1709181503337151,49.34000015258789,-1478.5398559570312
2023-09-19,WMS,215.0,116.10147094726562,24961.81625366211,0.19561848500178325,128.5574951171875,-2678.045196533203
2023-09-19,CARR,503.0,51.88417053222656,26097.73777770996,0.20452037120097188,55.82486343383789,-1982.168529510498
2023-09-20,ADBE,52.0,535.780029296875,27860.5615234375,0.22058894437642607,444.2285679408482,4760.675990513391
2023-09-20,BLD,77.0,259.2699890136719,19963.789154052734,0.158065413417507,296.55999755859375,-2871.3306579589844
2023-09-20,ANET,472.0,45.6875,21564.5,0.1707392109453264,49.34000015258789,-1723.9800720214844
2023-09-20,WMS,215.0,113.98927307128906,24507.69371032715,0.19404225862834734,128.5574951171875,-3132.167739868164
2023-09-20,CARR,503.0,51.864906311035156,26088.047874450684,0.2065548799734568,55.82486343383789,-1991.8584327697754
2023-09-21,ADBE,52.0,513.8800048828125,26721.76025390625,0.21750768152119734,444.2285679408482,3621.8747209821413
2023-09-21,BLD,77.0,248.3699951171875,19124.489624023438,0.1556680158369977,296.55999755859375,-3710.6301879882812
2023-09-21,ANET,472.0,44.46500015258789,20987.480072021484,0.17083223889677746,49.34000015258789,-2301.0
2023-09-21,WMS,215.0,112.70616912841797,24231.826362609863,0.1972403135525112,128.5574951171875,-3408.035087585449
2023-09-21,CARR,503.0,50.64126968383789,25472.55865097046,0.2073395286066674,55.82486343383789,-2607.34765625
2023-09-22,ADBE,52.0,512.9000244140625,26670.80126953125,0.21586627029521874,444.2285679408482,3570.9157366071413
2023-09-22,BLD,77.0,249.3699951171875,19201.489624023438,0.1554116768882186,296.55999755859375,-3633.6301879882812
2023-09-22,ANET,472.0,45.084999084472656,21280.119567871094,0.17223554688626608,49.34000015258789,-2008.3605041503906
2023-09-22,WMS,215.0,113.77213287353516,24461.00856781006,0.1979808043196953,128.5574951171875,-3178.852882385254
2023-09-22,CARR,503.0,50.939945220947266,25622.792446136475,0.2073839696077941,55.82486343383789,-2457.1138610839844
2023-09-25,ADBE,52.0,511.6000061035156,26603.200317382812,0.21431984072865132,444.2285679408482,3503.314784458704
2023-09-25,BLD,77.0,251.55999755859375,19370.11981201172,0.15604893183819976,296.55999755859375,-3465.0
2023-09-25,ANET,472.0,45.29499816894531,21379.239135742188,0.17223473385937293,49.34000015258789,-1909.2409362792969
2023-09-25,WMS,215.0,113.92018127441406,24492.838973999023,0.19731841602794026,128.5574951171875,-3147.022476196289
2023-09-25,CARR,503.0,51.62403106689453,25966.88762664795,0.20919359903949608,55.82486343383789,-2113.0186805725098
2023-09-26,ADBE,52.0,506.29998779296875,26327.599365234375,0.21551290519397945,444.2285679408482,3227.7138323102663
2023-09-26,BLD,77.0,245.5,18903.5,0.154740587883377,296.55999755859375,-3931.6198120117188
2023-09-26,ANET,472.0,44.47999954223633,20994.559783935547,0.17185762019302728,49.34000015258789,-2293.9202880859375
2023-09-26,WMS,215.0,111.9560317993164,24070.546836853027,0.19703708668812644,128.5574951171875,-3569.314613342285
2023-09-26,CARR,503.0,50.79542541503906,25550.09898376465,0.20914842950914989,55.82486343383789,-2529.8073234558105
2023-09-27,ADBE,52.0,502.6000061035156,26135.200317382812,0.21142875720590656,444.2285679408482,3035.314784458704
2023-09-27,BLD,77.0,247.9600067138672,19092.920516967773,0.15445806449965244,296.55999755859375,-3742.1992950439453
2023-09-27,ANET,472.0,45.400001525878906,21428.800720214844,0.17335488726576412,49.34000015258789,-1859.6793518066406
2023-09-27,WMS,215.0,111.37369537353516,23945.34450531006,0.19371324375339521,128.5574951171875,-3694.516944885254
2023-09-27,CARR,503.0,53.06927490234375,26693.845275878906,0.21594808775856414,55.82486343383789,-1386.0610313415527
2023-09-28,ADBE,52.0,504.6700134277344,26242.840698242188,0.21001074576922119,444.2285679408482,3142.955165318079
2023-09-28,BLD,77.0,251.5800018310547,19371.66014099121,0.15502349154106487,296.55999755859375,-3463.459671020508
2023-09-28,ANET,472.0,46.10749816894531,21762.739135742188,0.17415832106104165,49.34000015258789,-1525.7409362792969
2023-09-28,WMS,215.0,112.35084533691406,24155.431747436523,0.19330606369898293,128.5574951171875,-3484.429702758789
2023-09-28,CARR,503.0,53.89786911010742,27110.628162384033,0.21695529474580427,55.82486343383789,-969.2781448364258
2023-09-29,ADBE,52.0,509.8999938964844,26514.799682617188,0.21243213936636926,444.2285679408482,3414.914149693079
2023-09-29,BLD,77.0,251.60000610351562,19373.200469970703,0.15521484120083687,296.55999755859375,-3461.9193420410156
2023-09-29,ANET,472.0,45.98249816894531,21703.739135742188,0.1738867271125547,49.34000015258789,-1584.7409362792969
2023-09-29,WMS,215.0,112.35084533691406,24155.431747436523,0.19352927817102608,128.5574951171875,-3484.429702758789
2023-09-29,CARR,503.0,53.18489456176758,26752.00196456909,0.21433256436753048,55.82486343383789,-1327.9043426513672
2023-10-02,ANET,572.0,46.95249938964844,26856.829650878906,0.2151459152390482,48.92260491431176,-1126.9003601074219
2023-10-02,GOOG,153.0,133.9886474609375,20500.263061523438,0.1642244418401922,133.9886474609375,0.0
2023-10-02,GOOGL,163.0,132.99075317382812,21677.492767333984,0.17365504723165606,132.99075317382812,0.0
2023-10-02,INTU,44.0,507.9468078613281,22349.659545898438,0.17903967150218306,507.9468078613281,0.0
2023-10-02,AKAM,252.0,106.83000183105469,26921.16046142578,0.21566125942870476,106.83000183105469,0.0
2023-10-03,ANET,572.0,46.22249984741211,26439.269912719727,0.2147820900740151,48.92260491431176,-1544.4600982666016
2023-10-03,GOOG,153.0,132.13502502441406,20216.65882873535,0.16423207796142972,133.9886474609375,-283.60423278808594
2023-10-03,GOOGL,163.0,131.26602172851562,21396.361541748047,0.17381551257226796,132.99075317382812,-281.1312255859375
2023-10-03,INTU,44.0,497.82318115234375,21904.219970703125,0.1779411520166537,507.9468078613281,-445.4395751953125
2023-10-03,AKAM,252.0,105.62000274658203,26616.240692138672,0.21621973014543563,106.83000183105469,-304.9197692871094
2023-10-04,ANET,572.0,46.50749969482422,26602.289825439453,0.21311125074415832,48.92260491431176,-1381.440185546875
2023-10-04,GOOG,153.0,135.0790557861328,20667.09553527832,0.16556434080198265,133.9886474609375,166.8324737548828
2023-10-04,GOOGL,163.0,134.05133056640625,21850.36688232422,0.1750435412164346,132.99075317382812,172.87411499023438
2023-10-04,INTU,44.0,507.61334228515625,22334.987060546875,0.1789258390560034,507.9468078613281,-14.6724853515625
2023-10-04,AKAM,252.0,106.54000091552734,26848.08023071289,0.21508028051687528,106.83000183105469,-73.08023071289062
2023-10-05,ANET,572.0,47.00749969482422,26888.289825439453,0.2154316242041334,48.92260491431176,-1095.440185546875
2023-10-05,GOOG,153.0,134.80149841308594,20624.62925720215,0.16524655931383803,133.9886474609375,124.36619567871094
2023-10-05,GOOGL,163.0,133.88284301757812,21822.903411865234,0.17484724976521315,132.99075317382812,145.41064453125
2023-10-05,INTU,44.0,507.3577880859375,22323.74267578125,0.17886002323615913,507.9468078613281,-25.9168701171875
2023-10-05,AKAM,252.0,105.66000366210938,26626.320922851562,0.21333270357579026,106.83000183105469,-294.83953857421875
2023-10-06,ANET,572.0,48.505001068115234,27744.860610961914,0.21803572173740682,48.92260491431176,-238.86940002441406
2023-10-06,GOOG,153.0,137.5175323486328,21040.18244934082,0.16534634756882624,133.9886474609375,539.9193878173828
2023-10-06,GOOGL,163.0,136.3707733154297,22228.43605041504,0.1746843556111131,132.99075317382812,550.9432830810547
2023-10-06,INTU,44.0,524.0634155273438,23058.790283203125,0.18120977619196582,507.9468078613281,709.1307373046875
2023-10-06,AKAM,252.0,105.76000213623047,26651.520538330078,0.20944360101337892,106.83000183105469,-269.6399230957031
2023-10-09,ANET,572.0,49.099998474121094,28085.199127197266,0.2195802370637583,48.92260491431176,101.4691162109375
2023-10-09,GOOG,153.0,138.28082275390625,21156.965881347656,0.1654128056111017,133.9886474609375,656.7028198242188
2023-10-09,GOOGL,163.0,137.20339965820312,22364.15414428711,0.17485103974133925,132.99075317382812,686.661376953125
2023-10-09,INTU,44.0,525.6453857421875,23128.39697265625,0.18082616637895194,507.9468078613281,778.7374267578125
2023-10-09,AKAM,252.0,105.7300033569336,26643.960845947266,0.20831211530222246,106.83000183105469,-277.1996154785156
2023-10-10,ANET,572.0,48.682498931884766,27846.389389038086,0.21686151533455839,48.92260491431176,-137.3406219482422
2023-10-10,GOOG,153.0,137.9834442138672,21111.46696472168,0.16441143061467342,133.9886474609375,611.2039031982422
2023-10-10,GOOGL,163.0,136.8465576171875,22305.988891601562,0.17371410291248676,132.99075317382812,628.4961242675781
2023-10-10,INTU,44.0,530.7553100585938,23353.233642578125,0.18186981317172568,507.9468078613281,1003.5740966796875
2023-10-10,AKAM,252.0,108.19000244140625,27263.880615234375,0.21232506597238446,106.83000183105469,342.72015380859375
2023-10-11,ANET,572.0,47.96500015258789,27435.980087280273,0.21286965502514207,48.92260491431176,-547.7499237060547
2023-10-11,GOOG,153.0,140.46157836914062,21490.621490478516,0.1667409426745781,133.9886474609375,990.3584289550781
2023-10-11,GOOGL,163.0,139.3146514892578,22708.288192749023,0.1761885472443196,132.99075317382812,1030.795425415039
2023-10-11,INTU,44.0,532.199951171875,23416.7978515625,0.1816857157862784,507.9468078613281,1067.1383056640625
2023-10-11,AKAM,252.0,108.37000274658203,27309.240692138672,0.21188631230379365,106.83000183105469,388.0802307128906
2023-10-12,ANET,572.0,48.252498626708984,27600.42921447754,0.21481971688935703,48.92260491431176,-383.30079650878906
2023-10-12,GOOG,153.0,139.06390380859375,21276.777282714844,0.16560145629160014,133.9886474609375,776.5142211914062
2023-10-12,GOOGL,163.0,137.74856567382812,22453.016204833984,0.17475636146645646,132.99075317382812,775.5234375
2023-10-12,INTU,44.0,533.9981689453125,23495.91943359375,0.18287348800112838,507.9468078613281,1146.2598876953125
2023-10-12,AKAM,252.0,107.66000366210938,27130.320922851562,0.2111607690762752,106.83000183105469,209.16046142578125
2023-10-13,ANET,572.0,47.462501525878906,27148.550872802734,0.21410878385742158,48.92260491431176,-835.1791381835938
2023-10-13,GOOG,153.0,137.36886596679688,21017.436492919922,0.1657553579335893,133.9886474609375,517.1734313964844
2023-10-13,GOOGL,163.0,136.15269470214844,22192.889236450195,0.17502564121973196,132.99075317382812,515.3964691162109
2023-10-13,INTU,44.0,523.8175659179688,23047.972900390625,0.18176931325734497,507.9468078613281,698.3133544921875
2023-10-13,AKAM,252.0,106.61000061035156,26865.720153808594,0.2118782212920354,106.83000183105469,-55.4403076171875
2023-10-16,ANET,572.0,49.209999084472656,28148.11947631836,0.21836877046664108,48.92260491431176,164.38946533203125
2023-10-16,GOOG,153.0,139.2621612548828,21307.11067199707,0.16529727904399288,133.9886474609375,806.8476104736328
2023-10-16,GOOGL,163.0,137.87741088867188,22474.017974853516,0.17434996596283622,132.99075317382812,796.5252075195312
2023-10-16,INTU,44.0,531.5316772460938,23387.393798828125,0.18143579476298377,507.9468078613281,1037.7342529296875
2023-10-16,AKAM,252.0,107.37999725341797,27059.759307861328,0.20992544010452646,106.83000183105469,138.59884643554688
2023-10-17,ANET,572.0,48.852500915527344,27943.63052368164,0.21687429152621582,48.92260491431176,-40.0994873046875
2023-10-17,GOOG,153.0,139.75778198242188,21382.940643310547,0.1659558910512717,133.9886474609375,882.6775817871094
2023-10-17,GOOGL,163.0,138.4919891357422,22574.194229125977,0.17520137106264091,132.99075317382812,896.7014617919922
2023-10-17,INTU,44.0,529.4483032226562,23295.725341796875,0.1808012715029938,507.9468078613281,946.0657958984375
2023-10-17,AKAM,252.0,107.63999938964844,27125.279846191406,0.21052296136350546,106.83000183105469,204.119384765625
2023-10-18,ANET,572.0,48.54999923706055,27770.599563598633,0.2177989546570934,48.92260491431176,-213.1304473876953
2023-10-18,GOOG,153.0,138.062744140625,21123.599853515625,0.16566793799875223,133.9886474609375,623.3367919921875
2023-10-18,GOOGL,163.0,136.74742126464844,22289.829666137695,0.17481443242345202,132.99075317382812,612.3368988037109
2023-10-18,INTU,44.0,518.2852172851562,22804.549560546875,0.1788512719841821,507.9468078613281,454.8900146484375
2023-10-18,AKAM,252.0,107.11000061035156,26991.720153808594,0.21169036773704125,106.83000183105469,70.5596923828125
2023-10-19,ANET,572.0,47.869998931884766,27381.639389038086,0.21602542764314261,48.92260491431176,-602.0906219482422
2023-10-19,GOOG,153.0,137.76535034179688,21078.098602294922,0.166294106783394,133.9886474609375,577.8355407714844
2023-10-19,GOOGL,163.0,136.53929138183594,22255.904495239258,0.17558631964504517,132.99075317382812,578.4117279052734
2023-10-19,INTU,44.0,512.4873657226562,22549.444091796875,0.17790217867655156,507.9468078613281,199.7845458984375
2023-10-19,AKAM,252.0,106.98999786376953,26961.479461669922,0.2127106068357166,106.83000183105469,40.319000244140625
2023-10-20,ANET,572.0,46.52750015258789,26613.730087280273,0.21477848708616173,48.92260491431176,-1369.9999237060547
2023-10-20,GOOG,153.0,135.54495239257812,20738.377716064453,0.16736313834513963,133.9886474609375,238.11465454101562
2023-10-20,GOOGL,163.0,134.40818786621094,21908.534622192383,0.1768065545490072,132.99075317382812,231.04185485839844
2023-10-20,INTU,44.0,498.0321350097656,21913.413940429688,0.17684593168951263,507.9468078613281,-436.24560546875
2023-10-20,AKAM,252.0,104.0199966430664,26213.039154052734,0.21154482565856333,106.83000183105469,-708.1213073730469
2023-10-23,ANET,572.0,46.630001068115234,26672.360610961914,0.21503702058344318,48.92260491431176,-1311.369400024414
2023-10-23,GOOG,153.0,136.6947784423828,20914.30110168457,0.16861458429153564,133.9886474609375,414.0380401611328
2023-10-23,GOOGL,163.0,135.30023193359375,22053.93780517578,0.17780252550306716,132.99075317382812,376.4450378417969
2023-10-23,INTU,44.0,495.3002624511719,21793.211547851562,0.1757005069235857,507.9468078613281,-556.447998046875
2023-10-23,AKAM,252.0,103.4800033569336,26076.960845947266,0.2102368083565504,106.83000183105469,-844.1996154785156
2023-10-24,ANET,572.0,47.622501373291016,27240.07078552246,0.21689639641528694,48.92260491431176,-743.6592254638672
2023-10-24,GOOG,153.0,138.89540100097656,21250.996353149414,0.16920897766837822,133.9886474609375,750.7332916259766
2023-10-24,GOOGL,163.0,137.5899658203125,22427.164428710938,0.17857410080541433,132.99075317382812,749.6716613769531
2023-10-24,INTU,44.0,497.0592956542969,21870.609008789062,0.17414258276946967,507.9468078613281,-479.050537109375
2023-10-24,AKAM,252.0,104.2699966430664,26276.039154052734,0.20922038894296924,106.83000183105469,-645.1213073730469
2023-10-25,ANET,572.0,46.522499084472656,26610.86947631836,0.22290473440694034,48.92260491431176,-1372.8605346679688
2023-10-25,GOOG,153.0,125.56294250488281,19211.13020324707,0.1609211558992018,133.9886474609375,-1289.1328582763672
2023-10-25,GOOGL,163.0,124.5059814453125,20294.474975585938,0.16999574397172773,132.99075317382812,-1383.0177917480469
2023-10-25,INTU,44.0,474.6640319824219,20885.217407226562,0.17494407100572218,507.9468078613281,-1464.442138671875
2023-10-25,AKAM,252.0,102.5999984741211,25855.199615478516,0.21657490028484463,106.83000183105469,-1065.9608459472656
2023-10-26,ANET,572.0,42.45500183105469,24284.26104736328,0.2099189987393792,48.92260491431176,-3699.468963623047
2023-10-26,GOOG,153.0,122.36117553710938,18721.259857177734,0.16183107720237533,133.9886474609375,-1779.0032043457031
2023-10-26,GOOGL,163.0,121.20523071289062,19756.452606201172,0.17077953253949418,132.99075317382812,-1921.0401611328125
2023-10-26,INTU,44.0,471.1460266113281,20730.425170898438,0.17919878586501692,507.9468078613281,-1619.234375
2023-10-26,AKAM,252.0,101.8499984741211,25666.199615478516,0.22186480841307232,106.83000183105469,-1254.9608459472656
2023-10-27,ANET,572.0,44.04750061035156,25195.170349121094,0.2160554246379429,48.92260491431176,-2788.5596618652344
2023-10-27,GOOG,153.0,122.321533203125,18715.194580078125,0.16048787351507468,133.9886474609375,-1785.0684814453125
2023-10-27,GOOGL,163.0,121.09622192382812,19738.684173583984,0.16926457459203875,132.99075317382812,-1938.80859375
2023-10-27,INTU,44.0,471.21484375,20733.453125,0.17779498836724572,507.9468078613281,-1616.2064208984375
2023-10-27,AKAM,252.0,102.01000213623047,25706.520538330078,0.22044039130962462,106.83000183105469,-1214.6399230957031
2023-10-30,ANET,572.0,43.93000030517578,25127.960174560547,0.21338331305961247,48.92260491431176,-2855.7698364257812
2023-10-30,GOOG,153.0,124.65098571777344,19071.600814819336,0.16195351070862343,133.9886474609375,-1428.6622467041016
2023-10-30,GOOGL,163.0,123.3660888671875,20108.672485351562,0.1707601861172573,132.99075317382812,-1568.8202819824219
2023-10-30,INTU,44.0,479.05657958984375,21078.489501953125,0.17899574390334208,507.9468078613281,-1271.1700439453125
2023-10-30,AKAM,252.0,102.56999969482422,25847.639923095703,0.21949473826155988,106.83000183105469,-1073.5205383300781
2023-10-31,ANET,572.0,50.092498779296875,28652.909301757812,0.23549948328578188,48.92260491431176,669.1792907714844
2023-10-31,GOOG,153.0,124.20492553710938,19003.353607177734,0.1561893735835336,133.9886474609375,-1496.9094543457031
2023-10-31,GOOGL,163.0,122.98941802978516,20047.27513885498,0.16476940916427693,132.99075317382812,-1630.217628479004
2023-10-31,INTU,44.0,486.3775329589844,21400.611450195312,0.17589253801224286,507.9468078613281,-949.048095703125
2023-10-31,AKAM,252.0,103.33000183105469,26039.16046142578,0.21401697011916104,106.83000183105469,-882.0
2023-11-01,AKAM,288.0,103.88999938964844,29920.31982421875,0.24260049091360786,106.4625015258789,-740.880615234375
2023-11-01,CHRD,118.0,141.94276428222656,16749.246185302734,0.13580654788650529,141.94276428222656,0.0
2023-11-01,MELI,14.0,1300.010009765625,18200.14013671875,0.1475707130740778,1300.010009765625,0.0
2023-11-01,CW,102.0,199.1083526611328,20309.051971435547,0.1646702310405162,199.1083526611328,0.0
2023-11-01,RBA,484.0,63.993934631347656,30973.064361572266,0.25113637365380015,63.993934631347656,0.0
2023-11-02,AKAM,288.0,105.2699966430664,30317.759033203125,0.24028938568620145,106.4625015258789,-343.44140625
2023-11-02,CHRD,118.0,149.21372985839844,17607.220123291016,0.13954949976460473,141.94276428222656,857.9739379882812
2023-11-02,MELI,14.0,1319.5,18473.0,0.14641140913218167,1300.010009765625,272.85986328125
2023-11-02,CW,102.0,202.9633026123047,20702.256866455078,0.16407982461073306,199.1083526611328,393.20489501953125
2023-11-02,RBA,484.0,65.89213562011719,31891.79364013672,0.2527647077683737,63.993934631347656,918.7292785644531
2023-11-03,AKAM,288.0,108.5,31248.0,0.2441322731017603,106.4625015258789,586.799560546875
2023-11-03,CHRD,118.0,147.86598205566406,17448.18588256836,0.13631801334528473,141.94276428222656,698.939697265625
2023-11-03,MELI,14.0,1387.7900390625,19429.060546875,0.15179405771698426,1300.010009765625,1228.92041015625
2023-11-03,CW,102.0,202.43675231933594,20648.548736572266,0.16132159303993435,199.1083526611328,339.49676513671875
2023-11-03,RBA,484.0,66.2036361694336,32042.55990600586,0.2503399573045487,63.993934631347656,1069.4955444335938
2023-11-06,AKAM,288.0,108.44000244140625,31230.720703125,0.2457120629991356,106.4625015258789,569.520263671875
2023-11-06,CHRD,118.0,143.87425231933594,16977.16177368164,0.13357019464696415,141.94276428222656,227.91558837890625
2023-11-06,MELI,14.0,1374.77001953125,19246.7802734375,0.15142673561818207,1300.010009765625,1046.64013671875
2023-11-06,CW,102.0,206.21221923828125,21033.646362304688,0.1654851544799287,199.1083526611328,724.5943908691406
2023-11-06,RBA,484.0,64.94789123535156,31434.779357910156,0.24731752300490073,63.993934631347656,461.7149963378906
2023-11-07,AKAM,288.0,108.86000061035156,31351.68017578125,0.2468835217929182,106.4625015258789,690.479736328125
2023-11-07,CHRD,118.0,140.09710693359375,16531.458618164062,0.13017945772421524,141.94276428222656,-217.78756713867188
2023-11-07,MELI,14.0,1382.719970703125,19358.07958984375,0.15243810977569536,1300.010009765625,1157.939453125
2023-11-07,CW,102.0,207.05674743652344,21119.78823852539,0.1663109495444408,199.1083526611328,810.7362670898438
2023-11-07,RBA,484.0,64.97711944580078,31448.925811767578,0.24764929718220158,63.993934631347656,475.8614501953125
2023-11-08,AKAM,288.0,110.55999755859375,31841.279296875,0.25181861260378235,106.4625015258789,1180.078857421875
2023-11-08,CHRD,118.0,137.7965087890625,16259.988037109375,0.12859306280639404,141.94276428222656,-489.2581481933594
2023-11-08,MELI,14.0,1367.3399658203125,19142.759521484375,0.15139162905999,1300.010009765625,942.619384765625
2023-11-08,CW,102.0,203.40048217773438,20746.849182128906,0.16407766560611653,199.1083526611328,437.7972106933594
2023-11-08,RBA,484.0,64.6169204711914,31274.58950805664,0.24733691338980088,63.993934631347656,301.525146484375
2023-11-09,AKAM,288.0,109.79000091552734,31619.520263671875,0.2503771662418181,106.4625015258789,958.31982421875
2023-11-09,CHRD,118.0,137.7106475830078,16249.856414794922,0.12867345763140017,141.94276428222656,-499.3897705078125
2023-11-09,MELI,14.0,1341.3800048828125,18779.320068359375,0.1487028551810769,1300.010009765625,579.179931640625
2023-11-09,CW,102.0,204.50335693359375,20859.342407226562,0.1651733801790032,199.1083526611328,550.2904357910156
2023-11-09,RBA,484.0,65.28860473632812,31599.684692382812,0.2502200995283218,63.993934631347656,626.6203308105469
2023-11-10,AKAM,288.0,110.7699966430664,31901.759033203125,0.2570350744131744,106.4625015258789,1240.55859375
2023-11-10,CHRD,118.0,139.23867797851562,16430.164001464844,0.1323791713912005,141.94276428222656,-319.0821838378906
2023-11-10,MELI,14.0,1374.3900146484375,19241.460205078125,0.15503001419084475,1300.010009765625,1041.320068359375
2023-11-10,CW,102.0,206.1427001953125,21026.555419921875,0.1694126719278183,199.1083526611328,717.5034484863281
2023-11-10,RBA,484.0,58.54266357421875,28334.649169921875,0.22829457931401106,63.993934631347656,-2638.4151916503906
2023-11-13,AKAM,288.0,110.9800033569336,31962.240966796875,0.25634557922091644,106.4625015258789,1301.04052734375
2023-11-13,CHRD,118.0,139.91001892089844,16509.382232666016,0.13240958778230502,141.94276428222656,-239.86395263671875
2023-11-13,MELI,14.0,1378.2900390625,19296.060546875,0.15475948081078056,1300.010009765625,1095.92041015625
2023-11-13,CW,102.0,211.99472045898438,21623.461486816406,0.17342584849909023,199.1083526611328,1314.4095153808594
2023-11-13,RBA,484.0,58.08515167236328,28113.213409423828,0.22547536584454367,63.993934631347656,-2859.8509521484375
2023-11-14,AKAM,288.0,112.12000274658203,32290.560791015625,0.25552094515367835,106.4625015258789,1629.3603515625
2023-11-14,CHRD,118.0,142.2466583251953,16785.105682373047,0.1328235237604692,141.94276428222656,35.8594970703125
2023-11-14,MELI,14.0,1430.510009765625,20027.14013671875,0.15847831846523305,1300.010009765625,1827.0
2023-11-14,CW,102.0,213.27642822265625,21754.195678710938,0.17214481584441538,199.1083526611328,1445.1437072753906
2023-11-14,RBA,484.0,58.54266357421875,28334.649169921875,0.22421711358171198,63.993934631347656,-2638.4151916503906
2023-11-15,AKAM,288.0,112.05999755859375,32273.279296875,0.2559089108309731,106.4625015258789,1612.078857421875
2023-11-15,CHRD,118.0,142.15943908691406,16774.81381225586,0.1330148167652251,141.94276428222656,25.567626953125
2023-11-15,MELI,14.0,1442.550048828125,20195.70068359375,0.16014052113716426,1300.010009765625,1995.560546875
2023-11-15,CW,102.0,211.6171875,21584.953125,0.17115650980937733,199.1083526611328,1275.9011535644531
2023-11-15,RBA,484.0,58.0656852722168,28103.79167175293,0.22284722450362407,63.993934631347656,-2869.272689819336
2023-11-16,AKAM,288.0,111.37000274658203,32074.560791015625,0.2537636265160322,106.4625015258789,1413.3603515625
2023-11-16,CHRD,118.0,137.5210723876953,16227.486541748047,0.12838666321590173,141.94276428222656,-521.7596435546875
2023-11-16,MELI,14.0,1469.550048828125,20573.70068359375,0.16277251402882903,1300.010009765625,2373.560546875
2023-11-16,CW,102.0,209.6400146484375,21383.281494140625,0.16917765746261565,199.1083526611328,1074.2295227050781
2023-11-16,RBA,484.0,59.827606201171875,28956.561401367188,0.22909501646873281,63.993934631347656,-2016.5029602050781
2023-11-17,AKAM,288.0,112.37000274658203,32362.560791015625,0.2550478393787825,106.4625015258789,1701.3603515625
2023-11-17,CHRD,118.0,141.7584228515625,16727.493896484375,0.13182860293628276,141.94276428222656,-21.752288818359375
2023-11-17,MELI,14.0,1448.0,20272.0,0.15976269100812462,1300.010009765625,2071.85986328125
2023-11-17,CW,102.0,208.96438598632812,21314.36737060547,0.16797753987094,199.1083526611328,1005.3153991699219
2023-11-17,RBA,484.0,59.98335647583008,29031.944534301758,0.22879940726118117,63.993934631347656,-1941.1198272705078
2023-11-20,AKAM,288.0,112.47000122070312,32391.3603515625,0.2538875322099868,106.4625015258789,1730.159912109375
2023-11-20,CHRD,118.0,141.01730346679688,16640.04180908203,0.13042672814373013,141.94276428222656,-109.20437622070312
2023-11-20,MELI,14.0,1481.989990234375,20747.85986328125,0.16262431963815346,1300.010009765625,2547.7197265625
2023-11-20,CW,102.0,210.28579711914062,21449.151306152344,0.1681211296473056,199.1083526611328,1140.0993347167969
2023-11-20,RBA,484.0,60.275386810302734,29173.287216186523,0.22866387263088395,63.993934631347656,-1799.7771453857422
2023-11-21,AKAM,288.0,113.12999725341797,32581.439208984375,0.25501047012705297,106.4625015258789,1920.23876953125
2023-11-21,CHRD,118.0,139.84898376464844,16502.180084228516,0.12916030732736877,141.94276428222656,-247.06610107421875
2023-11-21,MELI,14.0,1495.47998046875,20936.7197265625,0.16386884281394137,1300.010009765625,2736.57958984375
2023-11-21,CW,102.0,211.06153869628906,21528.276947021484,0.16849888030027502,199.1083526611328,1219.2249755859375
2023-11-21,RBA,484.0,59.99309158325195,29036.656326293945,0.22726593914992077,63.993934631347656,-1936.4080352783203
2023-11-22,AKAM,288.0,113.56999969482422,32708.159912109375,0.25395435302118086,106.4625015258789,2046.95947265625
2023-11-22,CHRD,118.0,140.37210083007812,16563.90789794922,0.12860633325229584,141.94276428222656,-185.33828735351562
2023-11-22,MELI,14.0,1525.0,21350.0,0.16576675213682318,1300.010009765625,3149.85986328125
2023-11-22,CW,102.0,212.86155700683594,21711.878814697266,0.16857646997192804,199.1083526611328,1402.8268432617188
2023-11-22,RBA,484.0,60.4992790222168,29281.65104675293,0.22735007921424083,63.993934631347656,-1691.413314819336
2023-11-24,AKAM,288.0,113.6500015258789,32731.200439453125,0.2529847559854932,106.4625015258789,2070.0
2023-11-24,CHRD,118.0,140.9911346435547,16636.953887939453,0.12858971449788315,141.94276428222656,-112.29229736328125
2023-11-24,MELI,14.0,1535.5,21497.0,0.16615379901755328,1300.010009765625,3296.85986328125
2023-11-24,CW,102.0,212.93116760253906,21718.979095458984,0.1678695114431471,199.1083526611328,1409.9271240234375
2023-11-24,RBA,484.0,61.19042205810547,29616.164276123047,0.22890813633557197,63.993934631347656,-1356.9000854492188
2023-11-27,AKAM,288.0,113.75,32760.0,0.2507939209523676,106.4625015258789,2098.799560546875
2023-11-27,CHRD,118.0,141.30503845214844,16673.994537353516,0.1276476333321504,141.94276428222656,-75.25164794921875
2023-11-27,MELI,14.0,1599.2099609375,22388.939453125,0.17139834894427275,1300.010009765625,4188.79931640625
2023-11-27,CW,102.0,212.65272521972656,21690.57797241211,0.16605204815092456,199.1083526611328,1381.5260009765625
2023-11-27,RBA,484.0,61.842628479003906,29931.83218383789,0.2291429045992971,63.993934631347656,-1041.232177734375
2023-11-28,AKAM,288.0,114.6500015258789,33019.200439453125,0.25376814328696534,106.4625015258789,2358.0
2023-11-28,CHRD,118.0,140.39825439453125,16566.994018554688,0.12732517008229877,141.94276428222656,-182.25216674804688
2023-11-28,MELI,14.0,1589.0899658203125,22247.259521484375,0.17098069204742547,1300.010009765625,4047.119384765625
2023-11-28,CW,102.0,208.89352416992188,21307.13946533203,0.16375542559816408,199.1083526611328,998.0874938964844
2023-11-28,RBA,484.0,61.56032943725586,29795.199447631836,0.22899017365835328,63.993934631347656,-1177.8649139404297
2023-11-29,AKAM,288.0,115.69999694824219,33321.59912109375,0.25458326203539927,106.4625015258789,2660.398681640625
2023-11-29,CHRD,118.0,140.57264709472656,16587.572357177734,0.12673216146056052,141.94276428222656,-161.673828125
2023-11-29,MELI,14.0,1610.5799560546875,22548.119384765625,0.1722718578083905,1300.010009765625,4347.979248046875
2023-11-29,CW,102.0,209.41067504882812,21359.88885498047,0.16319355387635442,199.1083526611328,1050.8368835449219
2023-11-29,RBA,484.0,61.7558479309082,29889.83039855957,0.22836390585267807,63.993934631347656,-1083.2339630126953
2023-11-30,AKAM,288.0,115.52999877929688,33272.6396484375,0.2527376386732013,106.4625015258789,2611.439208984375
2023-11-30,CHRD,118.0,141.36607360839844,16681.196685791016,0.1267097021804231,141.94276428222656,-68.04949951171875
2023-11-30,MELI,14.0,1620.4599609375,22686.439453125,0.17232528581646883,1300.010009765625,4486.29931640625
2023-11-30,CW,102.0,212.72230529785156,21697.67514038086,0.16481467168282224,199.1083526611328,1388.6231689453125
2023-11-30,RBA,484.0,62.25443649291992,30131.147262573242,0.22887498828229796,63.993934631347656,-841.9170989990234
2023-12-01,MORN,66.0,279.46063232421875,18444.401733398438,0.13822408553265586,279.46063232421875,0.0
2023-12-01,PTC,138.0,159.41000366210938,21998.580505371094,0.16485943633863614,159.41000366210938,0.0
2023-12-01,EA,172.0,136.13482666015625,23415.190185546875,0.17547564284016992,136.13482666015625,0.0
2023-12-01,CTAS,184.0,136.63548278808594,25140.928833007812,0.188408490967291,136.63548278808594,0.0
2023-12-01,MSFT,102.0,367.3721923828125,37471.963623046875,0.28081842825672704,367.3721923828125,0.0
2023-12-04,MORN,66.0,279.94232177734375,18476.193237304688,0.13905821964523565,279.46063232421875,31.79150390625
2023-12-04,PTC,138.0,159.89999389648438,22066.199157714844,0.16607784567946293,159.41000366210938,67.61865234375
2023-12-04,EA,172.0,136.1941680908203,23425.396911621094,0.17630763800607635,136.13482666015625,10.20672607421875
2023-12-04,CTAS,184.0,135.85226440429688,24996.816650390625,0.18813468638027653,136.63548278808594,-144.1121826171875
2023-12-04,MSFT,102.0,362.1044616699219,36934.65509033203,0.2779829867606247,367.3721923828125,-537.3085327148438
2023-12-05,MORN,66.0,276.58050537109375,18254.313354492188,0.13740332584849332,279.46063232421875,-190.08837890625
2023-12-05,PTC,138.0,160.74000549316406,22182.12075805664,0.16696860119254114,159.41000366210938,183.54025268554688
2023-12-05,EA,172.0,135.79885864257812,23357.403686523438,0.17581515597925157,136.13482666015625,-57.7864990234375
2023-12-05,CTAS,184.0,134.8805694580078,24818.024780273438,0.18680949973726124,136.63548278808594,-322.904052734375
2023-12-05,MSFT,102.0,365.4200439453125,37272.844482421875,0.28055904904569334,367.3721923828125,-199.119140625
2023-12-06,MORN,66.0,273.0123291015625,18018.813720703125,0.13643672599956977,279.46063232421875,-425.5880126953125
2023-12-06,PTC,138.0,159.85000610351562,22059.300842285156,0.1670309062190302,159.41000366210938,60.7203369140625
2023-12-06,EA,172.0,135.52218627929688,23309.816040039062,0.17649968712985198,136.13482666015625,-105.3741455078125
2023-12-06,CTAS,184.0,134.84385681152344,24811.269653320312,0.18786854960945834,136.63548278808594,-329.6591796875
2023-12-06,MSFT,102.0,361.7709655761719,36900.63848876953,0.27940808871989203,367.3721923828125,-571.3251342773438
2023-12-07,MORN,66.0,270.3189392089844,17841.04998779297,0.13472151790223094,279.46063232421875,-603.3517456054688
2023-12-07,PTC,138.0,163.24000549316406,22527.12075805664,0.17010702310507214,159.41000366210938,528.5402526855469
2023-12-07,EA,172.0,133.95094299316406,23039.56219482422,0.17397657608791586,136.13482666015625,-375.62799072265625
2023-12-07,CTAS,184.0,135.53407287597656,24938.269409179688,0.18831411329255932,136.63548278808594,-202.659423828125
2023-12-07,MSFT,102.0,363.8800048828125,37115.760498046875,0.2802689077051961,367.3721923828125,-356.203125
2023-12-08,MORN,66.0,270.08306884765625,17825.482543945312,0.13356611987425154,279.46063232421875,-618.919189453125
2023-12-08,PTC,138.0,166.61000061035156,22992.180084228516,0.17228012053696393,159.41000366210938,993.5995788574219
2023-12-08,EA,172.0,135.52218627929688,23309.816040039062,0.17466016281888097,136.13482666015625,-105.3741455078125
2023-12-08,CTAS,184.0,135.43124389648438,24919.348876953125,0.1867203724264929,136.63548278808594,-221.5799560546875
2023-12-08,MSFT,102.0,367.0975036621094,37443.945373535156,0.2805670188168493,367.3721923828125,-28.01824951171875
2023-12-11,MORN,66.0,273.2384033203125,18033.734619140625,0.13441080252135773,279.46063232421875,-410.6671142578125
2023-12-11,PTC,138.0,168.5800018310547,23264.040252685547,0.17339383030144892,159.41000366210938,1265.4597473144531
2023-12-11,EA,172.0,136.92543029785156,23551.17401123047,0.17553392383903677,136.13482666015625,135.98382568359375
2023-12-11,CTAS,184.0,136.96588134765625,25201.72216796875,0.18783595151287596,136.63548278808594,60.7933349609375
2023-12-11,MSFT,102.0,364.2232971191406,37150.776306152344,0.27689581570649374,367.3721923828125,-321.18731689453125
2023-12-12,MORN,66.0,273.2973327636719,18037.623962402344,0.13350098106494063,279.46063232421875,-406.77777099609375
2023-12-12,PTC,138.0,169.3699951171875,23373.059326171875,0.17298987699472054,159.41000366210938,1374.4788208007812
2023-12-12,EA,172.0,138.67454528808594,23852.02178955078,0.1765347983705983,136.13482666015625,436.83160400390625
2023-12-12,CTAS,184.0,138.17010498046875,25423.29931640625,0.1881642176221437,136.63548278808594,282.3704833984375
2023-12-12,MSFT,102.0,367.2445983886719,37458.94903564453,0.2772430812585874,367.3721923828125,-13.01458740234375
2023-12-13,MORN,66.0,276.5609130859375,18253.020263671875,0.1340166890736294,279.46063232421875,-191.3814697265625
2023-12-13,PTC,138.0,169.82000732421875,23435.161010742188,0.17206482221563468,159.41000366210938,1436.5805053710938
2023-12-13,EA,172.0,140.6707305908203,24195.365661621094,0.1776463703023331,136.13482666015625,780.1754760742188
2023-12-13,CTAS,184.0,140.710693359375,25890.767578125,0.1900942911514185,136.63548278808594,749.8387451171875
2023-12-13,MSFT,102.0,367.23480224609375,37457.94982910156,0.27502245343875303,367.3721923828125,-14.0137939453125
2023-12-14,MORN,66.0,278.6153259277344,18388.61151123047,0.13629804508097706,279.46063232421875,-55.79022216796875
2023-12-14,PTC,138.0,171.24000549316406,23631.12075805664,0.17515599589607586,159.41000366210938,1632.5402526855469
2023-12-14,EA,172.0,139.1884002685547,23940.404846191406,0.17744843741955227,136.13482666015625,525.2146606445312
2023-12-14,CTAS,184.0,137.90084838867188,25373.756103515625,0.18807256606397643,136.63548278808594,232.8272705078125
2023-12-14,MSFT,102.0,358.9556579589844,36613.477111816406,0.27138239072101356,367.3721923828125,-858.4865112304688
2023-12-15,MORN,66.0,274.78167724609375,18135.590698242188,0.13477392420283432,279.46063232421875,-308.81103515625
2023-12-15,PTC,138.0,171.07000732421875,23607.661010742188,0.1754393980658355,159.41000366210938,1609.0805053710938
2023-12-15,EA,172.0,137.19223022460938,23597.063598632812,0.1753606438173448,136.13482666015625,181.8734130859375
2023-12-15,CTAS,184.0,136.7480926513672,25161.649047851562,0.1869877986341054,136.63548278808594,20.72021484375
2023-12-15,MSFT,102.0,363.6641845703125,37093.746826171875,0.2756607108272561,367.3721923828125,-378.216796875
2023-12-18,MORN,66.0,275.3812255859375,18175.160888671875,0.13476756989751887,279.46063232421875,-269.2408447265625
2023-12-18,PTC,138.0,171.83999633789062,23713.919494628906,0.17583708461301384,159.41000366210938,1715.3389892578125
2023-12-18,EA,172.0,136.46096801757812,23471.286499023438,0.17403797761225628,136.13482666015625,56.0963134765625
2023-12-18,CTAS,184.0,137.22531127929688,25249.457275390625,0.18722299181167126,136.63548278808594,108.5284423828125
2023-12-18,MSFT,102.0,365.54754638671875,37285.84973144531,0.27647201533180654,367.3721923828125,-186.1138916015625
2023-12-19,MORN,66.0,276.8066101074219,18269.236267089844,0.1352285354850676,279.46063232421875,-175.16546630859375
2023-12-19,PTC,138.0,171.97999572753906,23733.23941040039,0.17567298166515913,159.41000366210938,1734.6589050292969
2023-12-19,EA,172.0,136.91554260253906,23549.47332763672,0.1743127486548321,136.13482666015625,134.28314208984375
2023-12-19,CTAS,184.0,137.134765625,25232.796875,0.18677267717781715,136.63548278808594,91.8680419921875
2023-12-19,MSFT,102.0,366.14593505859375,37346.88537597656,0.2764409272772783,367.3721923828125,-125.0782470703125
2023-12-20,MORN,66.0,274.0640869140625,18088.229736328125,0.13535618131227883,279.46063232421875,-356.1719970703125
2023-12-20,PTC,138.0,169.1699981689453,23345.459747314453,0.1746966026216265,159.41000366210938,1346.8792419433594
2023-12-20,EA,172.0,134.97865295410156,23216.32830810547,0.17373029808251603,136.13482666015625,-198.86187744140625
2023-12-20,CTAS,184.0,135.51202392578125,24934.21240234375,0.18658541073437465,136.63548278808594,-206.7164306640625
2023-12-20,MSFT,102.0,363.5562438964844,37082.736877441406,0.2774941345563323,367.3721923828125,-389.22674560546875
2023-12-21,MORN,66.0,276.91473388671875,18276.372436523438,0.1341414950242395,279.46063232421875,-168.029296875
2023-12-21,PTC,138.0,171.19000244140625,23624.220336914062,0.17339262732700722,159.41000366210938,1625.6398315429688
2023-12-21,EA,172.0,136.25344848632812,23435.593139648438,0.17200817675666985,136.13482666015625,20.4029541015625
2023-12-21,CTAS,184.0,144.39425659179688,26568.543212890625,0.1950028168648548,136.63548278808594,1427.6143798828125
2023-12-21,MSFT,102.0,366.42059326171875,37374.90051269531,0.2743172940126868,367.3721923828125,-97.0631103515625
2023-12-22,MORN,66.0,281.0825500488281,18551.448303222656,0.13520252784303471,279.46063232421875,107.04656982421875
2023-12-22,PTC,138.0,173.97000122070312,24007.86016845703,0.1749687318112857,159.41000366210938,2009.2796630859375
2023-12-22,EA,172.0,136.04592895507812,23399.899780273438,0.17053793050847985,136.13482666015625,-15.2904052734375
2023-12-22,CTAS,184.0,145.68902587890625,26806.78076171875,0.19536720061305432,136.63548278808594,1665.8519287109375
2023-12-22,MSFT,102.0,367.4407653808594,37478.958068847656,0.27314578296030134,367.3721923828125,6.99444580078125
2023-12-26,MORN,66.0,282.7339172363281,18660.438537597656,0.1354429581037315,279.46063232421875,216.03680419921875
2023-12-26,PTC,138.0,175.30999755859375,24192.779663085938,0.17559831917765872,159.41000366210938,2194.1991577148438
2023-12-26,EA,172.0,135.67039489746094,23335.30792236328,0.16937453677191125,136.13482666015625,-79.88226318359375
2023-12-26,CTAS,184.0,147.4488067626953,27130.580444335938,0.19692174238286597,136.63548278808594,1989.651611328125
2023-12-26,MSFT,102.0,367.5192565917969,37486.96417236328,0.2720914252686765,367.3721923828125,15.00054931640625
2023-12-27,MORN,66.0,283.9626770019531,18741.536682128906,0.13588335405598093,279.46063232421875,297.13494873046875
2023-12-27,PTC,138.0,175.72000122070312,24249.36016845703,0.17581719414414365,159.41000366210938,2250.7796630859375
2023-12-27,EA,172.0,135.09722900390625,23236.723388671875,0.16847518775419462,136.13482666015625,-178.466796875
2023-12-27,CTAS,184.0,148.37400817871094,27300.817504882812,0.1979414342566233,136.63548278808594,2159.888671875
2023-12-27,MSFT,102.0,366.9405212402344,37427.933166503906,0.2713669204562753,367.3721923828125,-44.03045654296875
2023-12-28,MORN,66.0,283.3630065917969,18701.958435058594,0.13570757062208227,279.46063232421875,257.55670166015625
2023-12-28,PTC,138.0,175.9199981689453,24276.959747314453,0.17616161648729506,159.41000366210938,2278.3792419433594
2023-12-28,EA,172.0,135.14663696289062,23245.221557617188,0.16867498433975642,136.13482666015625,-169.9686279296875
2023-12-28,CTAS,184.0,147.120849609375,27070.236328125,0.19643055143192392,136.63548278808594,1929.3074951171875
2023-12-28,MSFT,102.0,368.12750244140625,37549.00524902344,0.27246795031200816,367.3721923828125,77.0416259765625
2023-12-29,MORN,66.0,281.3676452636719,18570.264587402344,0.1348585594647616,279.46063232421875,125.86285400390625
2023-12-29,PTC,138.0,174.9600067138672,24144.480926513672,0.17533890814797037,159.41000366210938,2145.900421142578
2023-12-29,EA,172.0,135.19602966308594,23253.71710205078,0.16887011899179008,136.13482666015625,-161.47308349609375
2023-12-29,CTAS,184.0,147.50509643554688,27140.937744140625,0.19709938700499569,136.63548278808594,2000.0089111328125
2023-12-29,MSFT,102.0,368.87298583984375,37625.04455566406,0.2732357034921547,367.3721923828125,153.0809326171875
2024-01-02,PTC,204.0,168.6300048828125,34400.52099609375,0.255421891298319,162.39294523351333,1272.3601684570312
2024-01-02,CTAS,157.0,144.8739471435547,22745.209701538086,0.16888187480077485,136.63548278808594,1293.4389038085938
2024-01-02,QCOM,175.0,133.1572723388672,23302.522659301758,0.17301989148177865,133.1572723388672,0.0
2024-01-02,AVGO,224.0,105.91423797607422,23724.789306640625,0.17615519706938126,105.91423797607422,0.0
2024-01-02,FICO,21.0,1131.1600341796875,23754.360717773438,0.17637476309748765,1131.1600341796875,0.0
2024-01-03,PTC,204.0,166.4600067138672,33957.841369628906,0.25612290077358824,162.39294523351333,829.6805419921875
2024-01-03,CTAS,157.0,142.02745056152344,22298.30973815918,0.1681822972879884,136.63548278808594,846.5389404296875
2024-01-03,QCOM,175.0,130.65994262695312,22865.489959716797,0.1724601853323288,133.1572723388672,-437.03269958496094
2024-01-03,AVGO,224.0,103.29902648925781,23138.98193359375,0.17452296538142545,105.91423797607422,-585.807373046875
2024-01-03,FICO,21.0,1122.3699951171875,23569.769897460938,0.17777213136117742,1131.1600341796875,-184.5908203125
2024-01-04,PTC,204.0,167.72000122070312,34214.88024902344,0.2584752546197463,162.39294523351333,1086.7194213867188
2024-01-04,CTAS,157.0,142.54144287109375,22379.00653076172,0.16906151268323374,136.63548278808594,927.2357330322266
2024-01-04,QCOM,175.0,129.30206298828125,22627.86102294922,0.17094147624772021,133.1572723388672,-674.6616363525391
2024-01-04,AVGO,224.0,102.36515808105469,22929.79541015625,0.17322243023744,105.91423797607422,-794.993896484375
2024-01-04,FICO,21.0,1117.4599609375,23466.6591796875,0.17727815097986951,1131.1600341796875,-287.7015380859375
2024-01-05,PTC,204.0,165.85000610351562,33833.40124511719,0.2566038576167258,162.39294523351333,705.2404174804688
2024-01-05,CTAS,157.0,141.28829956054688,22182.26303100586,0.16823771938230597,136.63548278808594,730.4922332763672
2024-01-05,QCOM,175.0,129.8338165283203,22720.917892456055,0.17232305843440826,133.1572723388672,-581.6047668457031
2024-01-05,AVGO,224.0,102.3915023803711,22935.696533203125,0.17395201164990354,105.91423797607422,-789.0927734375
2024-01-05,FICO,21.0,1115.4599609375,23424.6591796875,0.17766046828449866,1131.1600341796875,-329.7015380859375
2024-01-08,PTC,204.0,169.64999389648438,34608.59875488281,0.25710770709130787,162.39294523351333,1480.4379272460938
2024-01-08,CTAS,157.0,142.96975708007812,22446.251861572266,0.16675348198281562,136.63548278808594,994.4810638427734
2024-01-08,QCOM,175.0,132.01783752441406,23103.12156677246,0.17163337512607493,133.1572723388672,-199.40109252929688
2024-01-08,AVGO,224.0,104.88668823242188,23494.6181640625,0.17454180817695336,105.91423797607422,-230.171142578125
2024-01-08,FICO,21.0,1152.4300537109375,24201.031127929688,0.17978975880002915,1131.1600341796875,446.67041015625
2024-01-09,PTC,204.0,167.6199951171875,34194.47900390625,0.25391383832437747,162.39294523351333,1066.3181762695312
2024-01-09,CTAS,157.0,143.0627899169922,22460.858016967773,0.1667848973659066,136.63548278808594,1009.0872192382812
2024-01-09,QCOM,175.0,132.83444213867188,23246.027374267578,0.17261523521734465,133.1572723388672,-56.49528503417969
2024-01-09,AVGO,224.0,105.63221740722656,23661.61669921875,0.1757012269838206,105.91423797607422,-63.172607421875
2024-01-09,FICO,21.0,1159.6600341796875,24352.860717773438,0.1808341147213392,1131.1600341796875,598.5
2024-01-10,PTC,204.0,169.10000610351562,34496.40124511719,0.25405798593941303,162.39294523351333,1368.2404174804688
2024-01-10,CTAS,157.0,143.6771240234375,22557.308471679688,0.16612933963191825,136.63548278808594,1105.5376739501953
2024-01-10,QCOM,175.0,132.28367614746094,23149.643325805664,0.1704917483067148,133.1572723388672,-152.87933349609375
2024-01-10,AVGO,224.0,105.44486236572266,23619.649169921875,0.17395323222462986,105.91423797607422,-105.14013671875
2024-01-10,FICO,21.0,1200.22998046875,25204.82958984375,0.18562771797676172,1131.1600341796875,1450.4688720703125
2024-01-11,PTC,204.0,172.07000732421875,35102.281494140625,0.25599808327904927,162.39294523351333,1974.1206665039062
2024-01-11,CTAS,157.0,143.97817993164062,22604.574249267578,0.16485332106169198,136.63548278808594,1152.803451538086
2024-01-11,QCOM,175.0,132.01783752441406,23103.12156677246,0.1684891860901935,133.1572723388672,-199.40109252929688
2024-01-11,AVGO,224.0,107.33894348144531,24043.92333984375,0.17535037688464325,105.91423797607422,319.134033203125
2024-01-11,FICO,21.0,1214.8399658203125,25511.639282226562,0.18605430985010651,1131.1600341796875,1757.278564453125
2024-01-12,PTC,204.0,172.1699981689453,35122.679626464844,0.2544677035413499,162.39294523351333,1994.518798828125
2024-01-12,CTAS,157.0,145.14077758789062,22787.102081298828,0.1650950781278434,136.63548278808594,1335.331283569336
2024-01-12,QCOM,175.0,133.1287841796875,23297.537231445312,0.16879323731859858,133.1572723388672,-4.9854278564453125
2024-01-12,AVGO,224.0,108.09032440185547,24212.232666015625,0.1754203070396537,105.91423797607422,487.443359375
2024-01-12,FICO,21.0,1230.989990234375,25850.789794921875,0.18729183489995688,1131.1600341796875,2096.4290771484375
2024-01-16,PTC,204.0,171.58999633789062,35004.35925292969,0.2538221907464429,162.39294523351333,1876.1984252929688
2024-01-16,CTAS,157.0,144.05650329589844,22616.871017456055,0.1639985382392041,136.63548278808594,1165.1002197265625
2024-01-16,QCOM,175.0,134.00241088867188,23450.421905517578,0.17004274864676103,133.1572723388672,147.8992462158203
2024-01-16,AVGO,224.0,108.80072784423828,24371.363037109375,0.17672063964542495,105.91423797607422,646.57373046875
2024-01-16,FICO,21.0,1224.3900146484375,25712.190307617188,0.1864431919925125,1131.1600341796875,1957.82958984375
2024-01-17,PTC,204.0,171.74000549316406,35034.96112060547,0.25474940920004907,162.39294523351333,1906.80029296875
2024-01-17,CTAS,157.0,144.13482666015625,22629.16778564453,0.1645432716262167,136.63548278808594,1177.396987915039
2024-01-17,QCOM,175.0,132.29319763183594,23151.30958557129,0.16833991677139315,133.1572723388672,-151.21307373046875
2024-01-17,AVGO,224.0,107.69902038574219,24124.58056640625,0.17541685362043777,105.91423797607422,399.791259765625
2024-01-17,FICO,21.0,1230.1600341796875,25833.360717773438,0.18784189192760284,1131.1600341796875,2079.0
2024-01-18,PTC,204.0,173.19000244140625,35330.760498046875,0.25188868646306595,162.39294523351333,2202.5996704101562
2024-01-18,CTAS,157.0,145.0477752685547,22772.500717163086,0.16235527376894524,136.63548278808594,1320.7299194335938
2024-01-18,QCOM,175.0,137.9620819091797,24143.364334106445,0.17212876946856256,133.1572723388672,840.8416748046875
2024-01-18,AVGO,224.0,111.62574768066406,25004.16748046875,0.17826581749085071,105.91423797607422,1279.378173828125
2024-01-18,FICO,21.0,1250.4200439453125,26258.820922851562,0.18721079923234596,1131.1600341796875,2504.460205078125
2024-01-19,PTC,204.0,174.6999969482422,35638.799377441406,0.24817527674787426,162.39294523351333,2510.6385498046875
2024-01-19,CTAS,157.0,146.62156677246094,23019.585983276367,0.1602997918509353,136.63548278808594,1567.815185546875
2024-01-19,QCOM,175.0,144.2957000732422,25251.747512817383,0.17584373033979608,133.1572723388672,1949.224853515625
2024-01-19,AVGO,224.0,118.19208526611328,26475.027099609375,0.18436219210886154,105.91423797607422,2750.23779296875
2024-01-19,FICO,21.0,1260.2099609375,26464.4091796875,0.1842882528836034,1131.1600341796875,2710.0484619140625
2024-01-22,PTC,204.0,177.0800018310547,36124.320373535156,0.24891185925639714,162.39294523351333,2996.1595458984375
2024-01-22,CTAS,157.0,147.22854614257812,23114.881744384766,0.15927132004126657,136.63548278808594,1663.1109466552734
2024-01-22,QCOM,175.0,145.15977478027344,25402.96058654785,0.1750371518365487,133.1572723388672,2100.4379272460938
2024-01-22,AVGO,224.0,119.09959411621094,26678.30908203125,0.18382484284161424,105.91423797607422,2953.519775390625
2024-01-22,FICO,21.0,1288.3199462890625,27054.718872070312,0.18641846563401904,1131.1600341796875,3300.358154296875
2024-01-23,PTC,204.0,178.82000732421875,36479.281494140625,0.2504501788851505,162.39294523351333,3351.1206665039062
2024-01-23,CTAS,157.0,147.7523193359375,23197.114135742188,0.15926085018557873,136.63548278808594,1745.3433380126953
2024-01-23,QCOM,175.0,145.75802612304688,25507.654571533203,0.17512397143587477,133.1572723388672,2205.1319122314453
2024-01-23,AVGO,224.0,119.66655731201172,26805.308837890625,0.1840330762709713,105.91423797607422,3080.51953125
2024-01-23,FICO,21.0,1281.510009765625,26911.710205078125,0.18476357973360155,1131.1600341796875,3157.3494873046875
2024-01-24,PTC,204.0,178.7100067138672,36456.841369628906,0.24964551746256647,162.39294523351333,3328.6805419921875
2024-01-24,CTAS,157.0,146.35231018066406,22977.312698364258,0.1573417471997721,136.63548278808594,1525.5419006347656
2024-01-24,QCOM,175.0,146.58413696289062,25652.22396850586,0.17565873745766258,133.1572723388672,2349.7013092041016
2024-01-24,AVGO,224.0,122.3559341430664,27407.729248046875,0.18767991119226868,105.91423797607422,3682.93994140625
2024-01-24,FICO,21.0,1275.550048828125,26786.551025390625,0.18342626899493109,1131.1600341796875,3032.1903076171875
2024-01-25,PTC,204.0,180.02999877929688,36726.11975097656,0.2515432530851258,162.39294523351333,3597.9589233398438
2024-01-25,CTAS,157.0,146.4893798828125,22998.832641601562,0.15752279900669341,136.63548278808594,1547.0618438720703
2024-01-25,QCOM,175.0,146.6790771484375,25668.838500976562,0.17581010962315666,133.1572723388672,2366.3158416748047
2024-01-25,AVGO,224.0,120.02662658691406,26885.96435546875,0.18414640539654387,105.91423797607422,3161.175048828125
2024-01-25,FICO,21.0,1284.27001953125,26969.67041015625,0.18471972197454842,1131.1600341796875,3215.3096923828125
2024-01-26,PTC,204.0,180.64999389648438,36852.59875488281,0.25755839498582106,162.39294523351333,3724.4379272460938
2024-01-26,CTAS,157.0,146.31805419921875,22971.934509277344,0.16054809652046428,136.63548278808594,1520.1637115478516
2024-01-26,QCOM,175.0,143.1182403564453,25045.69206237793,0.1750413394670161,133.1572723388672,1743.1694030761719
2024-01-26,AVGO,224.0,117.57536315917969,26336.88134765625,0.1840653066002732,105.91423797607422,2612.092041015625
2024-01-26,FICO,21.0,1196.3599853515625,25123.559692382812,0.17558554699872378,1131.1600341796875,1369.198974609375
2024-01-29,PTC,204.0,184.85000610351562,37709.40124511719,0.26051227151309114,162.39294523351333,4581.240417480469
2024-01-29,CTAS,157.0,147.3435821533203,23132.94239807129,0.15981201429665706,136.63548278808594,1681.1716003417969
2024-01-29,QCOM,175.0,142.0926971435547,24866.22200012207,0.1717862326981233,133.1572723388672,1563.6993408203125
2024-01-29,AVGO,224.0,118.83321380615234,26618.639892578125,0.18389266639184373,105.91423797607422,2893.8505859375
2024-01-29,FICO,21.0,1222.3800048828125,25669.980102539062,0.17733892889837957,1131.1600341796875,1915.619384765625
2024-01-30,PTC,204.0,184.0500030517578,37546.200622558594,0.26164696903524687,162.39294523351333,4418.039794921875
2024-01-30,CTAS,157.0,149.0103759765625,23394.629028320312,0.16302937915071755,136.63548278808594,1942.8582305908203
2024-01-30,QCOM,175.0,138.6173095703125,24258.029174804688,0.16904612725429252,133.1572723388672,955.5065155029297
2024-01-30,AVGO,224.0,117.89541625976562,26408.5732421875,0.18403255271619057,105.91423797607422,2683.783935546875
2024-01-30,FICO,21.0,1197.06005859375,25138.26123046875,0.17518017132781702,1131.1600341796875,1383.9005126953125
2024-01-31,PTC,204.0,180.64999389648438,36852.59875488281,0.2586419716522811,162.39294523351333,3724.4379272460938
2024-01-31,CTAS,157.0,147.97262573242188,23231.702239990234,0.16304666360587836,136.63548278808594,1779.9314422607422
2024-01-31,QCOM,175.0,141.01968383789062,24678.44467163086,0.17320031158824672,133.1572723388672,1375.9220123291016
2024-01-31,AVGO,224.0,115.14750671386719,25793.04150390625,0.1810228677182645,105.91423797607422,2068.252197265625
2024-01-31,FICO,21.0,1198.8299560546875,25175.429077148438,0.17668828885081284,1131.1600341796875,1421.068359375
2024-02-01,PTC,144.0,179.39999389648438,25833.59912109375,0.18137146046255803,162.39294523351333,2449.0150074678313
2024-02-01,AVGO,199.0,117.10014343261719,23302.92854309082,0.16360423350627845,105.91423797607422,2225.995185852051
2024-02-01,URI,36.0,631.154541015625,22721.5634765625,0.15952260977727753,631.154541015625,0.0
2024-02-01,GEN,1379.0,22.795217514038086,31434.60495185852,0.22069476972439578,22.795217514038086,0.0
2024-02-01,ISRG,83.0,383.8299865722656,31857.888885498047,0.22366654399691097,383.8299865722656,0.0
2024-02-02,PTC,144.0,178.72999572753906,25737.119384765625,0.18438768200649244,162.39294523351333,2352.5352711397063
2024-02-02,AVGO,199.0,119.47430419921875,23775.38653564453,0.17033329746726772,105.91423797607422,2698.4531784057617
2024-02-02,URI,36.0,639.7901000976562,23032.443603515625,0.16501065342655807,631.154541015625,310.880126953125
2024-02-02,GEN,1379.0,20.23171043395996,27899.528688430786,0.199879766924438,22.795217514038086,-3535.0762634277344
2024-02-02,ISRG,83.0,383.7699890136719,31852.909088134766,0.22820285301241733,383.8299865722656,-4.97979736328125
2024-02-05,PTC,144.0,177.2100067138672,25518.240966796875,0.18325057438817777,162.39294523351333,2133.6568531709563
2024-02-05,AVGO,199.0,121.30496215820312,24139.687469482422,0.17335096098863337,105.91423797607422,3062.7541122436523
2024-02-05,URI,36.0,631.3501586914062,22728.605712890625,0.16321775695076182,631.154541015625,7.042236328125
2024-02-05,GEN,1379.0,20.098291397094727,27715.543836593628,0.19902975813046486,22.795217514038086,-3719.0611152648926
2024-02-05,ISRG,83.0,383.94000244140625,31867.02020263672,0.22884217465346138,383.8299865722656,9.131317138671875
2024-02-06,PTC,144.0,177.11000061035156,25503.840087890625,0.18351026441291718,162.39294523351333,2119.2559742647063
2024-02-06,AVGO,199.0,119.30940246582031,23742.571090698242,0.17083723406677295,105.91423797607422,2665.6377334594727
2024-02-06,URI,36.0,640.12255859375,23044.412109375,0.16581370275449372,631.154541015625,322.8486328125
2024-02-06,GEN,1379.0,19.62180519104004,27058.469358444214,0.1946964398092571,22.795217514038086,-4376.135593414307
2024-02-06,ISRG,83.0,389.69000244140625,32344.27020263672,0.2327298774095951,383.8299865722656,486.3813171386719
2024-02-07,PTC,144.0,180.2100067138672,25950.240966796875,0.18458176375123006,162.39294523351333,2565.6568531709563
2024-02-07,AVGO,199.0,122.66722869873047,24410.778511047363,0.1736317037623991,105.91423797607422,3333.8451538085938
2024-02-07,URI,36.0,638.3524169921875,22980.68701171875,0.16345958969187996,631.154541015625,259.12353515625
2024-02-07,GEN,1379.0,19.926753997802734,27478.99376296997,0.1954556468808049,22.795217514038086,-3955.61118888855
2024-02-07,ISRG,83.0,391.3800048828125,32484.540405273438,0.2310596564527232,383.8299865722656,626.6515197753906
2024-02-08,PTC,144.0,181.5399932861328,26141.759033203125,0.18605992584998604,162.39294523351333,2757.1749195772063
2024-02-08,AVGO,199.0,124.3944320678711,24754.491981506348,0.1761862672164949,105.91423797607422,3677.558624267578
2024-02-08,URI,36.0,632.7486572265625,22778.95166015625,0.16212566459074196,631.154541015625,57.38818359375
2024-02-08,GEN,1379.0,19.888639450073242,27426.433801651,0.19520339977823883,22.795217514038086,-4008.1711502075195
2024-02-08,ISRG,83.0,386.94000244140625,32116.02020263672,0.22858080551923246,383.8299865722656,258.1313171386719
2024-02-09,PTC,144.0,183.10000610351562,26366.40087890625,0.18600636432181158,162.39294523351333,2981.8167652803313
2024-02-09,AVGO,199.0,125.24144744873047,24923.048042297363,0.17582398050673512,105.91423797607422,3846.1146850585938
2024-02-09,URI,36.0,636.0247802734375,22896.89208984375,0.1615301106685349,631.154541015625,175.32861328125
2024-02-09,GEN,1379.0,20.346065521240234,28057.224353790283,0.19793457282920637,22.795217514038086,-3377.3805980682373
2024-02-09,ISRG,83.0,388.2200012207031,32222.26010131836,0.22731754247402708,383.8299865722656,364.3712158203125
2024-02-12,PTC,144.0,178.5399932861328,25709.759033203125,0.1818015489378265,162.39294523351333,2325.1749195772063
2024-02-12,AVGO,199.0,123.44202423095703,24564.96282196045,0.17370634570572746,105.91423797607422,3488.0294647216797
2024-02-12,URI,36.0,648.9144897460938,23360.921630859375,0.16519220314824862,631.154541015625,639.358154296875
2024-02-12,GEN,1379.0,20.870203018188477,28780.00996208191,0.20351222984219053,22.795217514038086,-2654.5949897766113
2024-02-12,ISRG,83.0,382.1300048828125,31716.790405273438,0.22427910022681807,383.8299865722656,-141.09848022460938
2024-02-13,PTC,144.0,177.80999755859375,25604.6396484375,0.183953744657306,162.39294523351333,2220.0555348115813
2024-02-13,AVGO,199.0,122.13928985595703,24305.71868133545,0.17462178844963905,105.91423797607422,3228.7853240966797
2024-02-13,URI,36.0,624.3853759765625,22477.87353515625,0.16148983408863074,631.154541015625,-243.68994140625
2024-02-13,GEN,1379.0,20.35559844970703,28070.370262145996,0.20166851768030825,22.795217514038086,-3364.2346897125244
2024-02-13,ISRG,83.0,378.8900146484375,31447.871215820312,0.22593380539936145,383.8299865722656,-410.0176696777344
2024-02-14,PTC,144.0,180.75,26028.0,0.18510702663117012,162.39294523351333,2643.4158863740813
2024-02-14,AVGO,199.0,123.1707534790039,24510.979942321777,0.1743182194920637,105.91423797607422,3434.046585083008
2024-02-14,URI,36.0,641.208740234375,23083.5146484375,0.16416631169391907,631.154541015625,361.951171875
2024-02-14,GEN,1379.0,20.31747817993164,28017.802410125732,0.1992581872167668,22.795217514038086,-3416.802541732788
2024-02-14,ISRG,83.0,381.760009765625,31686.080810546875,0.2253464040431577,383.8299865722656,-171.80807495117188
2024-02-15,PTC,144.0,181.99000549316406,26206.560791015625,0.18557983636123446,162.39294523351333,2821.9766773897063
2024-02-15,AVGO,199.0,123.44886016845703,24566.32317352295,0.1739646140863533,105.91423797607422,3489.3898162841797
2024-02-15,URI,36.0,647.992919921875,23327.7451171875,0.1651937145071094,631.154541015625,606.181640625
2024-02-15,GEN,1379.0,20.504405975341797,28275.575839996338,0.20023141453971896,22.795217514038086,-3159.0291118621826
2024-02-15,ISRG,83.0,380.1700134277344,31554.111114501953,0.22344812140176074,383.8299865722656,-303.77777099609375
2024-02-16,PTC,144.0,178.19000244140625,25659.3603515625,0.1836175492207827,162.39294523351333,2274.7762379365813
2024-02-16,AVGO,199.0,121.5372085571289,24185.904502868652,0.17307354702761354,105.91423797607422,3108.971145629883
2024-02-16,URI,36.0,637.5519409179688,22951.869873046875,0.16424283529992806,631.154541015625,230.306396484375
2024-02-16,GEN,1379.0,20.475645065307617,28235.914545059204,0.20205528733905134,22.795217514038086,-3198.6904067993164
2024-02-16,ISRG,83.0,378.6300048828125,31426.290405273438,0.22488551336649054,383.8299865722656,-431.5984802246094
2024-02-20,PTC,144.0,176.88999938964844,25472.159912109375,0.18281877583144318,162.39294523351333,2087.5757984834563
2024-02-20,AVGO,199.0,119.68998718261719,23818.30744934082,0.1709487466037519,105.91423797607422,2741.374092102051
2024-02-20,URI,36.0,631.2774658203125,22725.98876953125,0.16310895741627632,631.154541015625,4.42529296875
2024-02-20,GEN,1379.0,20.80156898498535,28685.3636302948,0.20588058025959602,22.795217514038086,-2749.2413215637207
2024-02-20,ISRG,83.0,377.6400146484375,31344.121215820312,0.2249630141283965,383.8299865722656,-513.7676696777344
2024-02-21,PTC,144.0,176.6199951171875,25433.279296875,0.18250060919181793,162.39294523351333,2048.6951832490813
2024-02-21,AVGO,199.0,119.77780151367188,23835.782501220703,0.17103751255430694,105.91423797607422,2758.8491439819336
2024-02-21,URI,36.0,632.2382202148438,22760.575927734375,0.16332219388156258,631.154541015625,39.012451171875
2024-02-21,GEN,1379.0,20.65777587890625,28487.07293701172,0.20441359937942338,22.795217514038086,-2947.5320148468018
2024-02-21,ISRG,83.0,380.2300109863281,31559.090911865234,0.22645736122840635,383.8299865722656,-298.7979736328125
2024-02-22,PTC,144.0,179.3800048828125,25830.720703125,0.18094914690893663,162.39294523351333,2446.1365894990813
2024-02-22,AVGO,199.0,127.33555603027344,25339.775650024414,0.17750998276176802,105.91423797607422,4262.8422927856445
2024-02-22,URI,36.0,645.8751831054688,23251.506591796875,0.16288125795979658,631.154541015625,529.943115234375
2024-02-22,GEN,1379.0,20.84950065612793,28751.461404800415,0.20140949504960765,22.795217514038086,-2683.1435470581055
2024-02-22,ISRG,83.0,389.0799865722656,32293.638885498047,0.22622312687578972,383.8299865722656,435.75
2024-02-23,PTC,144.0,180.94000244140625,26055.3603515625,0.18174401281441785,162.39294523351333,2670.7762379365813
2024-02-23,AVGO,199.0,126.50318145751953,25174.133110046387,0.1755971864833472,105.91423797607422,4097.199752807617
2024-02-23,URI,36.0,645.31640625,23231.390625,0.16204597052113118,631.154541015625,509.8271484375
2024-02-23,GEN,1379.0,21.223352432250977,29267.003004074097,0.2041461909273909,22.795217514038086,-2167.601947784424
2024-02-23,ISRG,83.0,389.7699890136719,32350.909088134766,0.225657367871308,383.8299865722656,493.02020263671875
2024-02-26,PTC,144.0,181.6699981689453,26160.479736328125,0.18269940761164258,162.39294523351333,2775.8956227022063
2024-02-26,AVGO,199.0,127.74832153320312,25421.915985107422,0.17754143034243847,105.91423797607422,4344.982627868652
2024-02-26,URI,36.0,657.630126953125,23674.6845703125,0.16533912565762807,631.154541015625,953.12109375
2024-02-26,GEN,1379.0,20.60984992980957,28420.983053207397,0.19848629764808515,22.795217514038086,-3013.621898651123
2024-02-26,ISRG,83.0,388.2699890136719,32226.409088134766,0.22506261005896513,383.8299865722656,368.52020263671875
2024-02-27,PTC,144.0,182.36000061035156,26259.840087890625,0.18365793230242738,162.39294523351333,2875.2559742647063
2024-02-27,AVGO,199.0,126.4895248413086,25171.41544342041,0.17604563081843683,105.91423797607422,4094.4820861816406
2024-02-27,URI,36.0,663.2084350585938,23875.503662109375,0.1669821910790725,631.154541015625,1153.940185546875
2024-02-27,GEN,1379.0,20.533161163330078,28315.229244232178,0.1980330587794768,22.795217514038086,-3119.375707626343
2024-02-27,ISRG,83.0,386.4599914550781,32076.179290771484,0.22433665799136412,383.8299865722656,218.2904052734375
2024-02-28,PTC,144.0,184.2899932861328,26537.759033203125,0.18499004356523704,162.39294523351333,3153.1749195772063
2024-02-28,AVGO,199.0,125.82500457763672,25039.175910949707,0.17454368459706127,105.91423797607422,3962.2425537109375
2024-02-28,URI,36.0,672.7279663085938,24218.206787109375,0.16882085344937764,631.154541015625,1496.643310546875
2024-02-28,GEN,1379.0,20.513986587524414,28288.787504196167,0.19719615459095297,22.795217514038086,-3145.8174476623535
2024-02-28,ISRG,83.0,386.5899963378906,32086.969696044922,0.2236726135963915,383.8299865722656,229.080810546875
2024-02-29,PTC,144.0,183.00999450683594,26353.439208984375,0.18329970809712992,162.39294523351333,2968.8550953584563
2024-02-29,AVGO,199.0,126.90523529052734,25254.14182281494,0.17565361346792874,105.91423797607422,4177.208465576172
2024-02-29,URI,36.0,679.6691284179688,24468.088623046875,0.17018626930371122,631.154541015625,1746.525146484375
2024-02-29,GEN,1379.0,20.600263595581055,28407.763498306274,0.19758843297980758,22.795217514038086,-3026.841453552246
2024-02-29,ISRG,83.0,385.6000061035156,32004.800506591797,0.22260740027302256,383.8299865722656,146.91162109375
2024-03-01,AVGO,250.0,136.53469848632812,34133.67462158203,0.23116204572603452,112.16081192016601,6093.471641540527
2024-03-01,URI,41.0,686.845458984375,28160.663818359375,0.1907112764571541,637.9461163776676,2004.8730468750036
2024-03-01,REGN,21.0,974.76904296875,20470.14990234375,0.13862913325928491,974.76904296875,0.0
2024-03-01,NVDA,325.0,82.13300323486328,26693.226051330566,0.18077340952771592,82.13300323486328,0.0
2024-03-01,AWI,249.0,118.74080657958984,29566.46083831787,0.20023169635368931,118.74080657958984,0.0
2024-03-04,AVGO,250.0,136.83624267578125,34209.06066894531,0.22947286978612758,112.16081192016601,6168.857688903809
2024-03-04,URI,41.0,698.3355712890625,28631.758422851562,0.19206057236991775,637.9461163776676,2475.967651367191
2024-03-04,REGN,21.0,963.2342529296875,20227.919311523438,0.13568799035839244,974.76904296875,-242.2305908203125
2024-03-04,NVDA,325.0,85.08576202392578,27652.87265777588,0.18549424984272186,82.13300323486328,959.6466064453125
2024-03-04,AWI,249.0,119.34953308105469,29718.033737182617,0.19934725925587662,118.74080657958984,151.5728988647461
2024-03-05,AVGO,250.0,131.02908325195312,32757.27081298828,0.22424419982249855,112.16081192016601,4717.067832946777
2024-03-05,URI,41.0,666.041748046875,27307.711669921875,0.18693852694154015,637.9461163776676,1151.9208984375036
2024-03-05,REGN,21.0,957.3032836914062,20103.36895751953,0.13762025265633465,974.76904296875,-366.78094482421875
2024-03-05,NVDA,325.0,85.81550598144531,27890.039443969727,0.19092492820406537,82.13300323486328,1196.8133926391602
2024-03-05,AWI,249.0,118.00444793701172,29383.107536315918,0.20114592193581188,118.74080657958984,-183.35330200195312
2024-03-06,AVGO,250.0,131.73655700683594,32934.139251708984,0.22324671520099074,112.16081192016601,4893.9362716674805
2024-03-06,URI,41.0,663.5320434570312,27204.81378173828,0.18441002110333155,637.9461163776676,1049.02301025391
2024-03-06,REGN,21.0,964.13671875,20246.87109375,0.13724504624917527,974.76904296875,-223.27880859375
2024-03-06,NVDA,325.0,88.54676055908203,28777.69718170166,0.19507193789891836,82.13300323486328,2084.4711303710938
2024-03-06,AWI,249.0,119.36917114257812,29722.923614501953,0.20147923139552507,118.74080657958984,156.46277618408203
2024-03-07,AVGO,250.0,137.2997283935547,34324.93209838867,0.2280355007091083,112.16081192016601,6284.729118347168
2024-03-07,URI,41.0,665.9534912109375,27304.093139648438,0.1813930041481464,637.9461163776676,1148.3023681640661
2024-03-07,REGN,21.0,965.3368530273438,20272.07391357422,0.13467623219306987,974.76904296875,-198.07598876953125
2024-03-07,NVDA,325.0,92.50891876220703,30065.398597717285,0.19973756112896218,82.13300323486328,3372.1725463867188
2024-03-07,AWI,249.0,120.16444396972656,29920.946548461914,0.198777903137914,118.74080657958984,354.48571014404297
2024-03-08,AVGO,250.0,127.70833587646484,31927.08396911621,0.2184232122599267,112.16081192016601,3886.880989074707
2024-03-08,URI,41.0,662.8751831054688,27177.88250732422,0.1859324329592682,637.9461163776676,1022.0917358398474
2024-03-08,REGN,21.0,960.8935546875,20178.7646484375,0.13804926870904508,974.76904296875,-291.38525390625
2024-03-08,NVDA,325.0,87.37678527832031,28397.4552154541,0.19427591302001992,82.13300323486328,1704.2291641235352
2024-03-08,AWI,249.0,119.88953399658203,29852.493965148926,0.20423029024966108,118.74080657958984,286.0331268310547
2024-03-11,AVGO,250.0,126.18605041503906,31546.512603759766,0.2186149446188426,112.16081192016601,3506.3096237182617
2024-03-11,URI,41.0,651.2673950195312,26701.96319580078,0.18504258390097433,637.9461163776676,546.1724243164099
2024-03-11,REGN,21.0,956.53955078125,20087.33056640625,0.13920368043445516,974.76904296875,-382.8193359375
2024-03-11,NVDA,325.0,85.62582397460938,27828.392791748047,0.19284865574251564,82.13300323486328,1135.1667404174805
2024-03-11,AWI,249.0,118.47572326660156,29500.45509338379,0.2044359209360631,118.74080657958984,-66.00574493408203
2024-03-12,AVGO,250.0,126.06505584716797,31516.263961791992,0.2142544483518661,112.16081192016601,3476.0609817504883
2024-03-12,URI,41.0,662.2378540039062,27151.752014160156,0.18458354253642256,637.9461163776676,995.9612426757849
2024-03-12,REGN,21.0,962.6192626953125,20215.004516601562,0.13742601744882338,974.76904296875,-255.1453857421875
2024-03-12,NVDA,325.0,91.75422668457031,29820.12367248535,0.20272371607809994,82.13300323486328,3126.897621154785
2024-03-12,AWI,249.0,119.50662994384766,29757.150856018066,0.20229561311292238,118.74080657958984,190.6900177001953
2024-03-13,AVGO,250.0,122.74626159667969,30686.565399169922,0.2108601165148122,112.16081192016601,2646.362419128418
2024-03-13,URI,41.0,655.31640625,26867.97265625,0.18462098221545878,637.9461163776676,712.1818847656286
2024-03-13,REGN,21.0,957.5610961914062,20108.78302001953,0.13817578720253562,974.76904296875,-361.36688232421875
2024-03-13,NVDA,325.0,90.73098754882812,29487.57095336914,0.20262132845712347,82.13300323486328,2794.344902038574
2024-03-13,AWI,249.0,119.44771575927734,29742.48122406006,0.20437292263781867,118.74080657958984,176.0203857421875
2024-03-14,AVGO,250.0,123.17562866210938,30793.907165527344,0.21283830211380111,112.16081192016601,2753.70418548584
2024-03-14,URI,41.0,659.2869873046875,27030.766479492188,0.18682859604026616,637.9461163776676,874.9757080078161
2024-03-14,REGN,21.0,951.1837158203125,19974.858032226562,0.13806026126176765,974.76904296875,-495.2918701171875
2024-03-14,NVDA,325.0,87.79208374023438,28532.427215576172,0.19720762718110396,82.13300323486328,1839.2011642456055
2024-03-14,AWI,249.0,119.32989501953125,29713.14385986328,0.2053683884803033,118.74080657958984,146.68302154541016
2024-03-15,AVGO,250.0,120.56333923339844,30140.83480834961,0.20867742979508003,112.16081192016601,2100.6318283081055
2024-03-15,URI,41.0,662.326171875,27155.373046875,0.18800784678262045,637.9461163776676,999.5822753906286
2024-03-15,REGN,21.0,956.5693359375,20087.9560546875,0.13907720426401274,974.76904296875,-382.19384765625
2024-03-15,NVDA,325.0,87.68527221679688,28497.713470458984,0.19730142313127377,82.13300323486328,1804.487419128418
2024-03-15,AWI,249.0,120.15462493896484,29918.501609802246,0.20713812536884263,118.74080657958984,352.040771484375
2024-03-18,AVGO,250.0,120.7331314086914,30183.28285217285,0.20845744921064743,112.16081192016601,2143.0798721313477
2024-03-18,URI,41.0,670.1986083984375,27478.142944335938,0.18977470460306364,637.9461163776676,1322.3521728515661
2024-03-18,REGN,21.0,952.0565795898438,19993.18817138672,0.13808070607189551,974.76904296875,-476.96173095703125
2024-03-18,NVDA,325.0,88.30220031738281,28698.215103149414,0.19820099578301315,82.13300323486328,2004.9890518188477
2024-03-18,AWI,249.0,119.69317626953125,29803.60089111328,0.2058352184380237,118.74080657958984,237.14005279541016
2024-03-19,AVGO,250.0,120.80827331542969,30202.068328857422,0.2067915993585718,112.16081192016601,2161.865348815918
2024-03-19,URI,41.0,680.0121459960938,27880.497985839844,0.19089595807239784,637.9461163776676,1724.7072143554724
2024-03-19,REGN,21.0,955.7659912109375,20071.085815429688,0.13742542038652716,974.76904296875,-399.0640869140625
2024-03-19,NVDA,325.0,89.24356842041016,29004.1597366333,0.19858959706607607,82.13300323486328,2310.9336853027344
2024-03-19,AWI,249.0,121.50952911376953,30255.872749328613,0.20715999472940036,118.74080657958984,689.4119110107422
2024-03-20,AVGO,250.0,125.04572296142578,31261.430740356445,0.2113841550000898,112.16081192016601,3221.2277603149414
2024-03-20,URI,41.0,695.4140014648438,28511.974060058594,0.19279282493905606,637.9461163776676,2356.1832885742224
2024-03-20,REGN,21.0,959.0389404296875,20139.817749023438,0.1361818143287126,974.76904296875,-330.3321533203125
2024-03-20,NVDA,325.0,90.21588134765625,29320.16143798828,0.1982576421889225,82.13300323486328,2626.935386657715
2024-03-20,AWI,249.0,120.55717468261719,30018.73649597168,0.20298128070573968,118.74080657958984,452.2756576538086
2024-03-21,AVGO,250.0,132.10159301757812,33025.39825439453,0.21887102567517747,112.16081192016601,4985.195274353027
2024-03-21,URI,41.0,704.9432983398438,28902.675231933594,0.19154827820821474,637.9461163776676,2746.8844604492224
2024-03-21,REGN,21.0,960.0803833007812,20161.688049316406,0.13361865642633572,974.76904296875,-308.46185302734375
2024-03-21,NVDA,325.0,91.27703857421875,29665.037536621094,0.19660072354975858,82.13300323486328,2971.8114852905273
2024-03-21,AWI,249.0,122.48153686523438,30497.90267944336,0.20212041620128796,118.74080657958984,931.4418411254883
2024-03-22,AVGO,250.0,132.6376495361328,33159.4123840332,0.21858896708260794,112.16081192016601,5119.209403991699
2024-03-22,URI,41.0,700.2572021484375,28710.545288085938,0.1892617506673021,637.9461163776676,2554.754516601566
2024-03-22,REGN,21.0,959.3167114257812,20145.650939941406,0.13280141937282866,974.76904296875,-324.49896240234375
2024-03-22,NVDA,325.0,94.12611389160156,30590.987014770508,0.2016577427896758,82.13300323486328,3897.7609634399414
2024-03-22,AWI,249.0,122.30480194091797,30453.895683288574,0.2007540279651319,118.74080657958984,887.4348449707031
2024-03-25,AVGO,250.0,132.45242309570312,33113.10577392578,0.2191821060583931,112.16081192016601,5072.902793884277
2024-03-25,URI,41.0,690.6200561523438,28315.422302246094,0.18742530333793278,637.9461163776676,2159.6315307617224
2024-03-25,REGN,21.0,953.217041015625,20017.557861328125,0.1325001200475275,974.76904296875,-452.592041015625
2024-03-25,NVDA,325.0,94.83788299560547,30822.311973571777,0.2040188950586424,82.13300323486328,4129.085922241211
2024-03-25,AWI,249.0,121.1658935546875,30170.307495117188,0.1997031502377591,118.74080657958984,603.8466567993164
2024-03-26,AVGO,250.0,130.48362731933594,32620.906829833984,0.21768628569502238,112.16081192016601,4580.7038497924805
2024-03-26,URI,41.0,690.9827270507812,28330.29180908203,0.1890540943188908,637.9461163776676,2174.50103759766
2024-03-26,REGN,21.0,955.6568603515625,20068.794067382812,0.13392335356267282,974.76904296875,-401.3558349609375
2024-03-26,NVDA,325.0,92.4011001586914,30030.357551574707,0.20039899649623055,82.13300323486328,3337.1315002441406
2024-03-26,AWI,249.0,121.14625549316406,30165.41761779785,0.20130028119426818,118.74080657958984,598.9567794799805
2024-03-27,AVGO,250.0,129.2332000732422,32308.300018310547,0.21577942306232364,112.16081192016601,4268.097038269043
2024-03-27,URI,41.0,706.0217895507812,28946.89337158203,0.19332939051657327,637.9461163776676,2791.10260009766
2024-03-27,REGN,21.0,958.3843383789062,20126.07110595703,0.1344172243446253,974.76904296875,-344.07879638671875
2024-03-27,NVDA,325.0,90.09410858154297,29280.585289001465,0.19555803917281697,82.13300323486328,2587.3592376708984
2024-03-27,AWI,249.0,122.20661926269531,30429.448196411133,0.20323102027049358,118.74080657958984,862.9873580932617
2024-03-28,AVGO,250.0,129.88780212402344,32471.95053100586,0.21673322957290506,112.16081192016601,4431.7475509643555
2024-03-28,URI,41.0,706.9627685546875,28985.473510742188,0.19346282505218046,637.9461163776676,2829.682739257816
2024-03-28,REGN,21.0,954.6055297851562,20046.71612548828,0.1338013102742222,974.76904296875,-423.43377685546875
2024-03-28,NVDA,325.0,90.19992065429688,29314.974212646484,0.19566206932615987,82.13300323486328,2621.748161315918
2024-03-28,AWI,249.0,121.96117401123047,30368.332328796387,0.20269268198344417,118.74080657958984,801.8714904785156
2024-04-01,NVDA,385.0,90.2069091796875,34729.66003417969,0.23255921098259677,83.39127429119952,2624.019432067871
2024-04-01,WM,113.0,205.84527587890625,23260.516174316406,0.15575871699357752,205.84527587890625,0.0
2024-04-01,MLM,43.0,596.906982421875,25667.000244140625,0.17187318618128974,596.906982421875,0.0
2024-04-01,CROX,180.0,145.75,26235.0,0.17567666640341004,145.75,0.0
2024-04-01,AMAT,155.0,204.8577117919922,31752.94532775879,0.21262632299105766,204.8577117919922,0.0
2024-04-02,NVDA,385.0,89.29747009277344,34379.52598571777,0.2329836918706946,83.39127429119952,2273.885383605957
2024-04-02,WM,113.0,204.10499572753906,23063.864517211914,0.15629954602218346,205.84527587890625,-196.6516571044922
2024-04-02,MLM,43.0,594.5961303710938,25567.63360595703,0.17326712626543336,596.906982421875,-99.36663818359375
2024-04-02,CROX,180.0,141.66000366210938,25498.800659179688,0.17280065811025327,145.75,-736.1993408203125
2024-04-02,AMAT,155.0,202.32508850097656,31360.388717651367,0.21252355675217288,204.8577117919922,-392.5566101074219
2024-04-03,NVDA,385.0,88.81031799316406,34191.972427368164,0.23208895620923575,83.39127429119952,2086.3318252563477
2024-04-03,WM,113.0,203.43788146972656,22988.4806060791,0.15604166972334665,205.84527587890625,-272.0355682373047
2024-04-03,MLM,43.0,602.7929077148438,25920.09503173828,0.17594094091937074,596.906982421875,253.09478759765625
2024-04-03,CROX,180.0,138.75999450683594,24976.79901123047,0.16953801727227666,145.75,-1258.2009887695312
2024-04-03,AMAT,155.0,203.57179260253906,31553.627853393555,0.21418034799440397,204.8577117919922,-199.31747436523438
2024-04-04,NVDA,385.0,85.75659942626953,33016.29077911377,0.2290879001729703,83.39127429119952,910.6501770019531
2024-04-04,WM,113.0,200.2183837890625,22624.677368164062,0.15698431616801847,205.84527587890625,-635.8388061523438
2024-04-04,MLM,43.0,596.5812377929688,25652.993225097656,0.17799668625425163,596.906982421875,-14.00701904296875
2024-04-04,CROX,180.0,134.3800048828125,24188.40087890625,0.1678344185590978,145.75,-2046.59912109375
2024-04-04,AMAT,155.0,199.65504455566406,30946.53190612793,0.2147266044947576,204.8577117919922,-806.4134216308594
2024-04-05,NVDA,385.0,87.8559799194336,33824.55226898193,0.23137647470388087,83.39127429119952,1718.9116668701172
2024-04-05,WM,113.0,200.06369018554688,22607.196990966797,0.1546442803177279,205.84527587890625,-653.3191833496094
2024-04-05,MLM,43.0,611.7107543945312,26303.562438964844,0.17992922717449114,596.906982421875,636.5621948242188
2024-04-05,CROX,180.0,134.08999633789062,24136.199340820312,0.16510340393626807,145.75,-2098.8006591796875
2024-04-05,AMAT,155.0,204.03317260742188,31625.14175415039,0.21633143146719513,204.8577117919922,-127.80357360839844
2024-04-08,NVDA,385.0,86.98247528076172,33488.25298309326,0.22960240214458547,83.39127429119952,1382.6123809814453
2024-04-08,WM,113.0,199.84132385253906,22582.069595336914,0.15482734877520152,205.84527587890625,-678.4465789794922
2024-04-08,MLM,43.0,613.8043823242188,26393.588439941406,0.1809599118259633,596.906982421875,726.5881958007812
2024-04-08,CROX,180.0,132.72999572753906,23891.39923095703,0.1638043840863372,145.75,-2343.6007690429688
2024-04-08,AMAT,155.0,205.20126342773438,31806.195831298828,0.2180698697431055,204.8577117919922,53.25050354003906
2024-04-09,NVDA,385.0,85.20654296875,32804.51904296875,0.22768385620920628,83.39127429119952,698.8784408569336
2024-04-09,WM,113.0,199.62863159179688,22558.035369873047,0.1565668582059954,205.84527587890625,-702.4808044433594
2024-04-09,MLM,43.0,603.0399169921875,25930.716430664062,0.17997537179154197,596.906982421875,263.7161865234375
2024-04-09,CROX,180.0,128.22000122070312,23079.600219726562,0.16018684410252013,145.75,-3155.3997802734375
2024-04-09,AMAT,155.0,206.54612731933594,32014.64973449707,0.22220166975134148,204.8577117919922,261.70440673828125
2024-04-10,NVDA,385.0,86.8886489868164,33452.12985992432,0.2313783510379377,83.39127429119952,1346.4892578125
2024-04-10,WM,113.0,201.29156494140625,22745.946838378906,0.15732689351315973,205.84527587890625,-514.5693359375
2024-04-10,MLM,43.0,599.0106201171875,25757.456665039062,0.17815660393055044,596.906982421875,90.4564208984375
2024-04-10,CROX,180.0,128.2899932861328,23092.198791503906,0.1597218144432529,145.75,-3142.8012084960938
2024-04-10,AMAT,155.0,205.40744018554688,31838.153228759766,0.22021495865914628,204.8577117919922,85.20790100097656
2024-04-11,NVDA,385.0,90.45945739746094,34826.89109802246,0.23773091280918407,83.39127429119952,2721.2504959106445
2024-04-11,WM,113.0,199.1065673828125,22499.042114257812,0.15358011153222043,205.84527587890625,-761.4740600585938
2024-04-11,MLM,43.0,599.5340576171875,25779.964477539062,0.17597592820398777,596.906982421875,112.9642333984375
2024-04-11,CROX,180.0,129.41000366210938,23293.800659179688,0.15900519164676172,145.75,-2941.1993408203125
2024-04-11,AMAT,155.0,209.06890869140625,32405.68084716797,0.22120355406738484,204.8577117919922,652.7355194091797
2024-04-12,NVDA,385.0,88.03365325927734,33892.95650482178,0.23567181504238838,83.39127429119952,1787.315902709961
2024-04-12,WM,113.0,198.55545043945312,22436.765899658203,0.15601215970938856,205.84527587890625,-823.7502746582031
2024-04-12,MLM,43.0,594.6256713867188,25568.903869628906,0.17779121696693892,596.906982421875,-98.09637451171875
2024-04-12,CROX,180.0,125.54000091552734,22597.200164794922,0.1571277258434431,145.75,-3637.799835205078
2024-04-12,AMAT,155.0,204.04295349121094,31626.657791137695,0.21991329804177873,204.8577117919922,-126.28753662109375
2024-04-15,NVDA,385.0,85.85242462158203,33053.18347930908,0.23256028351033528,83.39127429119952,947.5428771972656
2024-04-15,WM,113.0,198.54579162597656,22435.67445373535,0.15785610529686098,205.84527587890625,-824.8417205810547
2024-04-15,MLM,43.0,591.7914428710938,25447.03204345703,0.1790438427883213,596.906982421875,-219.96820068359375
2024-04-15,CROX,180.0,123.36000061035156,22204.80010986328,0.15623168679267174,145.75,-4030.1998901367188
2024-04-15,AMAT,155.0,201.90296936035156,31294.960250854492,0.22018952676492773,204.8577117919922,-457.9850769042969
2024-04-16,NVDA,385.0,87.26399230957031,33596.63703918457,0.2356745087667667,83.39127429119952,1490.996437072754
2024-04-16,WM,113.0,198.17840576171875,22394.15985107422,0.15709109861176937,205.84527587890625,-866.3563232421875
2024-04-16,MLM,43.0,587.8411865234375,25277.171020507812,0.17731491566622343,596.906982421875,-389.8292236328125
2024-04-16,CROX,180.0,120.68000030517578,21722.40005493164,0.15237882161271982,145.75,-4512.599945068359
2024-04-16,AMAT,155.0,205.63320922851562,31873.147430419922,0.22358453183138194,204.8577117919922,120.20210266113281
2024-04-17,NVDA,385.0,83.88983154296875,32297.58514404297,0.23138567606376856,83.39127429119952,191.94454193115234
2024-04-17,WM,113.0,199.3095703125,22521.9814453125,0.16135150289960487,205.84527587890625,-738.5347290039062
2024-04-17,MLM,43.0,585.5499877929688,25178.649475097656,0.1803843477828149,596.906982421875,-488.35076904296875
2024-04-17,CROX,180.0,119.33000183105469,21479.400329589844,0.15388226533162838,145.75,-4755.599670410156
2024-04-17,AMAT,155.0,196.2193145751953,30413.993759155273,0.21789129052143286,204.8577117919922,-1338.9515686035156
2024-04-18,NVDA,385.0,84.52471923828125,32542.01690673828,0.23423081528893278,83.39127429119952,436.37630462646484
2024-04-18,WM,113.0,198.26541137695312,22403.991485595703,0.16125937142853547,205.84527587890625,-856.5246887207031
2024-04-18,MLM,43.0,579.8319702148438,24932.77471923828,0.1794610385287218,596.906982421875,-734.2255249023438
2024-04-18,CROX,180.0,121.08000183105469,21794.400329589844,0.15687165834137862,145.75,-4440.599670410156
2024-04-18,AMAT,155.0,190.7515869140625,29566.495971679688,0.2128136211265222,204.8577117919922,-2186.4493560791016
2024-04-19,NVDA,385.0,76.06836700439453,29286.321296691895,0.21753609220907222,83.39127429119952,-2819.319305419922
2024-04-19,WM,113.0,200.19908142089844,22622.496200561523,0.16803781429662265,205.84527587890625,-638.0199737548828
2024-04-19,MLM,43.0,568.7317504882812,24455.465270996094,0.18165293941537466,596.906982421875,-1211.5349731445312
2024-04-19,CROX,180.0,120.54000091552734,21697.200164794922,0.16116480072424377,145.75,-4537.799835205078
2024-04-19,AMAT,155.0,186.28517150878906,28874.201583862305,0.21447490501034405,204.8577117919922,-2878.7437438964844
2024-04-22,NVDA,385.0,79.38063049316406,30561.542739868164,0.2228575151638156,83.39127429119952,-1544.0978622436523
2024-04-22,WM,113.0,200.64378356933594,22672.74754333496,0.16533171189858364,205.84527587890625,-587.7686309814453
2024-04-22,MLM,43.0,577.0569458007812,24813.448669433594,0.1809418968205763,596.906982421875,-853.5515747070312
2024-04-22,CROX,180.0,125.37999725341797,22568.399505615234,0.1645707966333964,145.75,-3666.6004943847656
2024-04-22,AMAT,155.0,185.98085021972656,28827.031784057617,0.2102093054537707,204.8577117919922,-2925.913543701172
2024-04-23,NVDA,385.0,82.2806167602539,31678.037452697754,0.22695300401346205,83.39127429119952,-427.6031494140625
2024-04-23,WM,113.0,201.85231018066406,22809.31105041504,0.16341421624047917,205.84527587890625,-451.2051239013672
2024-04-23,MLM,43.0,587.001708984375,25241.073486328125,0.1808362484829017,596.906982421875,-425.9267578125
2024-04-23,CROX,180.0,126.43000030517578,22757.40005493164,0.16304230695209984,145.75,-3477.5999450683594
2024-04-23,AMAT,155.0,189.69143676757812,29402.17269897461,0.21064787957647335,204.8577117919922,-2350.7726287841797
2024-04-24,NVDA,385.0,79.53936004638672,30622.653617858887,0.22045636614247138,83.39127429119952,-1482.9869842529297
2024-04-24,WM,113.0,203.4475555419922,22989.573776245117,0.16550485653926214,205.84527587890625,-270.94239807128906
2024-04-24,MLM,43.0,584.463623046875,25131.935791015625,0.18092799232075857,596.906982421875,-535.064453125
2024-04-24,CROX,180.0,125.7699966430664,22638.599395751953,0.16297814747288966,145.75,-3596.400604248047
2024-04-24,AMAT,155.0,192.4596405029297,29831.2442779541,0.21475890995908986,204.8577117919922,-1921.7010498046875
2024-04-25,NVDA,385.0,82.4892578125,31758.3642578125,0.2263205620646016,83.39127429119952,-347.2763442993164
2024-04-25,WM,113.0,205.6422576904297,23237.575119018555,0.16559861267605877,205.84527587890625,-22.941055297851562
2024-04-25,MLM,43.0,589.6484375,25354.8828125,0.18068724455150387,596.906982421875,-312.117431640625
2024-04-25,CROX,180.0,123.51000213623047,22231.800384521484,0.15843113070583242,145.75,-4003.1996154785156
2024-04-25,AMAT,155.0,193.87319946289062,30050.345916748047,0.21414866089776924,204.8577117919922,-1702.5994110107422
2024-04-26,NVDA,385.0,87.58345031738281,33719.62837219238,0.23486035259450777,83.39127429119952,1613.9877700805664
2024-04-26,WM,113.0,203.12852478027344,22953.5233001709,0.15987342790557224,205.84527587890625,-306.9928741455078
2024-04-26,MLM,43.0,597.469970703125,25691.208740234375,0.17894166201091605,596.906982421875,24.20849609375
2024-04-26,CROX,180.0,125.4000015258789,22572.000274658203,0.15721608449402,145.75,-3662.999725341797
2024-04-26,AMAT,155.0,199.6452178955078,30945.00877380371,0.21553486863601343,204.8577117919922,-807.9365539550781
2024-04-29,NVDA,385.0,87.60540008544922,33728.07903289795,0.23356754023986348,83.39127429119952,1622.4384307861328
2024-04-29,WM,113.0,205.1104736328125,23177.483520507812,0.16050448083790106,205.84527587890625,-83.03265380859375
2024-04-29,MLM,43.0,595.1492309570312,25591.416931152344,0.17722101214337885,596.906982421875,-75.58331298828125
2024-04-29,CROX,180.0,127.69000244140625,22984.200439453125,0.15916599210369559,145.75,-3250.799560546875
2024-04-29,AMAT,155.0,201.49069213867188,31231.05728149414,0.21627562071394105,204.8577117919922,-521.8880462646484
2024-04-30,NVDA,385.0,86.25274658203125,33207.30743408203,0.2352334381065928,83.39127429119952,1101.6668319702148
2024-04-30,WM,113.0,201.11752319335938,22726.28012084961,0.16098809031153685,205.84527587890625,-534.2360534667969
2024-04-30,MLM,43.0,579.772705078125,24930.226318359375,0.17660037211039403,596.906982421875,-736.77392578125
2024-04-30,CROX,180.0,124.37000274658203,22386.600494384766,0.15858187274792676,145.75,-3848.3995056152344
2024-04-30,AMAT,155.0,195.00205993652344,30225.319290161133,0.21410967416156215,204.8577117919922,-1527.6260375976562
2024-05-01,NVDA,371.0,82.89754486083984,30754.989143371582,0.2219961808319945,83.39127429119952,-183.17361866344072
2024-05-01,CMG,382.0,62.77320098876953,23979.36277770996,0.17308824043541565,62.77320098876953,0.0
2024-05-01,FCX,498.0,48.63759994506836,24221.524772644043,0.17483621822748743,48.63759994506836,0.0
2024-05-01,AAON,276.0,93.61233520507812,25837.004516601562,0.18649710133488112,93.61233520507812,0.0
2024-05-01,EBAY,547.0,49.295166015625,26964.455810546875,0.19463528926150223,49.295166015625,0.0
2024-05-02,NVDA,371.0,85.66874694824219,31783.10511779785,0.23168482024731538,83.39127429119952,844.9423557628288
2024-05-02,CMG,382.0,62.83980178833008,24004.80428314209,0.17498443732287863,62.77320098876953,25.441505432128906
2024-05-02,FCX,498.0,47.53641128540039,23673.132820129395,0.17256669862162663,48.63759994506836,-548.3919525146484
2024-05-02,AAON,276.0,90.06483459472656,24857.89434814453,0.181203087691756,93.61233520507812,-979.1101684570312
2024-05-02,EBAY,547.0,47.68288803100586,26082.539752960205,0.1901302126353329,49.295166015625,-881.9160575866699
2024-05-03,NVDA,371.0,88.6356201171875,32883.81506347656,0.24193979968447707,83.39127429119952,1945.6523014415397
2024-05-03,CMG,382.0,63.107601165771484,24107.103645324707,0.1773659113355372,62.77320098876953,127.7408676147461
2024-05-03,FCX,498.0,49.16383743286133,24483.59104156494,0.18013588449875637,48.63759994506836,262.06626892089844
2024-05-03,AAON,276.0,77.68824005126953,21441.95425415039,0.15775730726738899,93.61233520507812,-4395.050262451172
2024-05-03,EBAY,547.0,47.93390655517578,26219.846885681152,0.19291023535541965,49.295166015625,-744.6089248657227
2024-05-06,NVDA,371.0,91.98081970214844,34124.88410949707,0.2490681645360674,83.39127429119952,3186.7213474620476
2024-05-06,CMG,382.0,63.981998443603516,24441.123405456543,0.17838905258296262,62.77320098876953,461.76062774658203
2024-05-06,FCX,498.0,49.6900749206543,24745.65731048584,0.1806117619853233,48.63759994506836,524.1325378417969
2024-05-06,AAON,276.0,75.50819396972656,20840.26153564453,0.15210734994672157,93.61233520507812,-4996.742980957031
2024-05-06,EBAY,547.0,47.67323684692383,26077.260555267334,0.19033076864931064,49.295166015625,-887.195255279541
2024-05-07,NVDA,371.0,90.39756774902344,33537.497634887695,0.2438061846487334,83.39127429119952,2599.3348728526726
2024-05-07,CMG,382.0,63.873600006103516,24399.715202331543,0.17737761877045516,62.77320098876953,420.35242462158203
2024-05-07,FCX,498.0,50.079872131347656,24939.776321411133,0.1813036791567539,48.63759994506836,718.2515487670898
2024-05-07,AAON,276.0,77.7476806640625,21458.35986328125,0.15599496730620155,93.61233520507812,-4378.6446533203125
2024-05-07,EBAY,547.0,48.339385986328125,26441.644134521484,0.192221746609117,49.295166015625,-522.8116760253906
2024-05-08,NVDA,371.0,90.25582122802734,33484.909675598145,0.24597915978873117,83.39127429119952,2546.746913563122
2024-05-08,CMG,382.0,63.665000915527344,24320.030349731445,0.17865422631923292,62.77320098876953,340.6675720214844
2024-05-08,FCX,498.0,48.68632888793945,24245.791786193848,0.1781088720190477,48.63759994506836,24.267013549804688
2024-05-08,AAON,276.0,76.29102325439453,21056.32241821289,0.1546791240248466,93.61233520507812,-4780.682098388672
2024-05-08,EBAY,547.0,47.972511291503906,26240.963676452637,0.19276534593385108,49.295166015625,-723.4921340942383
2024-05-09,NVDA,371.0,88.59369659423828,32868.2614364624,0.23993721559275055,83.39127429119952,1930.0986744273796
2024-05-09,CMG,382.0,64.6594009399414,24699.891159057617,0.18030838417190523,62.77320098876953,720.5283813476562
2024-05-09,FCX,498.0,49.77778244018555,24789.335655212402,0.1809613260197411,48.63759994506836,567.8108825683594
2024-05-09,AAON,276.0,77.04412078857422,21264.177337646484,0.15522778751556926,93.61233520507812,-4572.827178955078
2024-05-09,EBAY,547.0,48.60004806518555,26584.226291656494,0.1940639679843733,49.295166015625,-380.22951889038086
2024-05-10,NVDA,371.0,89.72273254394531,33287.13377380371,0.24134425479862762,83.39127429119952,2348.971011768688
2024-05-10,CMG,382.0,64.78459930419922,24747.7169342041,0.17943026702266787,62.77320098876953,768.3541564941406
2024-05-10,FCX,498.0,50.2747802734375,25036.840576171875,0.18152652230224653,48.63759994506836,815.315803527832
2024-05-10,AAON,276.0,76.58830261230469,21138.371520996094,0.15326115360542722,93.61233520507812,-4698.632995605469
2024-05-10,EBAY,547.0,49.237247467041016,26932.774364471436,0.19527275621935228,49.295166015625,-31.681446075439453
2024-05-13,NVDA,371.0,90.24283599853516,33480.09215545654,0.2425551125741091,83.39127429119952,2541.92939342152
2024-05-13,CMG,382.0,63.90800094604492,24412.85636138916,0.1768651978464531,62.77320098876953,433.4935836791992
2024-05-13,FCX,498.0,50.71329879760742,25255.222801208496,0.1829679375190418,48.63759994506836,1033.6980285644531
2024-05-13,AAON,276.0,74.80463409423828,20646.079010009766,0.14957581344861093,93.61233520507812,-5190.925506591797
2024-05-13,EBAY,547.0,50.19301986694336,27455.581867218018,0.1989090029880751,49.295166015625,491.1260566711426
2024-05-14,NVDA,371.0,91.19818878173828,33834.5280380249,0.24345850052053203,83.39127429119952,2896.3652759898796
2024-05-14,CMG,382.0,63.53340148925781,24269.759368896484,0.17463459863560704,62.77320098876953,290.39659118652344
2024-05-14,FCX,498.0,52.1165885925293,25954.06111907959,0.1867540991075168,48.63759994506836,1732.5363464355469
2024-05-14,AAON,276.0,74.7154541015625,20621.46533203125,0.14838306663034317,93.61233520507812,-5215.5391845703125
2024-05-14,EBAY,547.0,50.299217224121094,27513.67182159424,0.19797637720766537,49.295166015625,549.2160110473633
2024-05-15,NVDA,371.0,94.46653747558594,35047.08540344238,0.2494985891881122,83.39127429119952,4108.92264140736
2024-05-15,CMG,382.0,63.36600112915039,24205.81243133545,0.17232006548473416,62.77320098876953,226.44965362548828
2024-05-15,FCX,498.0,52.2432746887207,26017.15079498291,0.18521489999294,48.63759994506836,1795.6260223388672
2024-05-15,AAON,276.0,75.13164520263672,20736.334075927734,0.1476210086322664,93.61233520507812,-5100.670440673828
2024-05-15,EBAY,547.0,50.608150482177734,27682.65831375122,0.1970715714231432,49.295166015625,718.2025032043457
2024-05-16,NVDA,371.0,94.19600677490234,34946.71851348877,0.25083452015267144,83.39127429119952,4008.555751453747
2024-05-16,CMG,382.0,62.917598724365234,24034.52271270752,0.17251084588710425,62.77320098876953,55.159934997558594
2024-05-16,FCX,498.0,50.71329879760742,25255.222801208496,0.1812725761431591,48.63759994506836,1033.6980285644531
2024-05-16,AAON,276.0,74.18035888671875,20473.779052734375,0.1469531550558095,93.61233520507812,-5363.2254638671875
2024-05-16,EBAY,547.0,50.878482818603516,27830.530101776123,0.1997571720783745,49.295166015625,866.074291229248
2024-05-17,NVDA,371.0,92.31924438476562,34250.43966674805,0.24540741799084537,83.39127429119952,3312.276904713024
2024-05-17,CMG,382.0,64.26860046386719,24550.605377197266,0.17590725066164348,62.77320098876953,571.2425994873047
2024-05-17,FCX,498.0,52.84747314453125,26318.041625976562,0.18857108711152853,48.63759994506836,2096.5168533325195
2024-05-17,AAON,276.0,74.20018768310547,20479.25180053711,0.14673564356119578,93.61233520507812,-5357.752716064453
2024-05-17,EBAY,547.0,49.700645446777344,27186.253059387207,0.19479189852932446,49.295166015625,221.79724884033203
2024-05-20,NVDA,371.0,94.61627197265625,35102.63690185547,0.25012355472654885,83.39127429119952,4164.474139820446
2024-05-20,CMG,382.0,63.527801513671875,24267.620178222656,0.17291873088343201,62.77320098876953,288.2574005126953
2024-05-20,FCX,498.0,53.4614143371582,26623.784339904785,0.1897075595200659,48.63759994506836,2402.259567260742
2024-05-20,AAON,276.0,74.29927825927734,20506.600799560547,0.14611961778498903,93.61233520507812,-5330.403717041016
2024-05-20,EBAY,547.0,49.46894454956055,27059.51266860962,0.19281233819454066,49.295166015625,95.05685806274414
2024-05-21,NVDA,371.0,95.22122192382812,35327.073333740234,0.2500814278552167,83.39127429119952,4388.910571705212
2024-05-21,CMG,382.0,63.45600128173828,24240.192489624023,0.17159706075908504,62.77320098876953,260.8297119140625
2024-05-21,FCX,498.0,52.935176849365234,26361.718070983887,0.18661540495096354,48.63759994506836,2140.1932983398438
2024-05-21,AAON,276.0,76.09284973144531,21001.626525878906,0.14867115368590672,93.61233520507812,-4835.377990722656
2024-05-21,EBAY,547.0,50.366798400878906,27550.63872528076,0.19503181046591317,49.295166015625,586.1829147338867
2024-05-22,NVDA,371.0,94.78596496582031,35165.593002319336,0.25189344119166845,83.39127429119952,4227.430240284313
2024-05-22,CMG,382.0,63.06760025024414,24091.82329559326,0.17257130497154813,62.77320098876953,112.46051788330078
2024-05-22,FCX,498.0,49.9239501953125,24862.127197265625,0.1780890421683252,48.63759994506836,640.602424621582
2024-05-22,AAON,276.0,75.43883514404297,20821.11849975586,0.1491430327370592,93.61233520507812,-5015.886016845703
2024-05-22,EBAY,547.0,50.97502899169922,27883.340858459473,0.19973019309796272,49.295166015625,918.8850479125977
2024-05-23,NVDA,371.0,103.61968994140625,38442.90496826172,0.2692207325508175,83.39127429119952,7504.742206226696
2024-05-23,CMG,382.0,62.76559829711914,23976.45854949951,0.16791030074339477,62.77320098876953,-2.9042282104492188
2024-05-23,FCX,498.0,49.894718170166016,24847.569648742676,0.17401080663557467,48.63759994506836,626.0448760986328
2024-05-23,AAON,276.0,75.5676498413086,20856.671356201172,0.14606201965548363,93.61233520507812,-4980.333160400391
2024-05-23,EBAY,547.0,50.984676361083984,27888.61796951294,0.19530766901671182,49.295166015625,924.1621589660645
2024-05-24,NVDA,371.0,106.28506469726562,39431.75900268555,0.27112755275774814,83.39127429119952,8493.596240650524
2024-05-24,CMG,382.0,63.03260040283203,24078.453353881836,0.16556025643149613,62.77320098876953,99.090576171875
2024-05-24,FCX,498.0,50.21630096435547,25007.717880249023,0.1719497562476561,48.63759994506836,786.1931076049805
2024-05-24,AAON,276.0,77.54949951171875,21403.661865234375,0.1471687443915476,93.61233520507812,-4433.3426513671875
2024-05-24,EBAY,547.0,52.52937316894531,28733.567123413086,0.19756820221083468,49.295166015625,1769.111312866211
2024-05-28,NVDA,371.0,113.70423126220703,42184.26979827881,0.28451233062703774,83.39127429119952,11246.107036243786
2024-05-28,CMG,382.0,63.07680130004883,24095.338096618652,0.16251130651063533,62.77320098876953,115.9753189086914
2024-05-28,FCX,498.0,52.26277542114258,26026.862159729004,0.17553849450003498,48.63759994506836,1805.337387084961
2024-05-28,AAON,276.0,76.97476959228516,21245.036407470703,0.14328741143203064,93.61233520507812,-4591.968109130859
2024-05-28,EBAY,547.0,51.07156753540039,27936.147441864014,0.18841569275544479,49.295166015625,971.6916313171387
2024-05-29,NVDA,371.0,114.62664794921875,42526.486389160156,0.29052413267661975,83.39127429119952,11588.323627125133
2024-05-29,CMG,382.0,61.457000732421875,23476.574279785156,0.16038266877818866,62.77320098876953,-502.7884979248047
2024-05-29,FCX,498.0,51.4246940612793,25609.49764251709,0.1749539574652631,48.63759994506836,1387.9728698730469
2024-05-29,AAON,276.0,74.19026184082031,20476.512268066406,0.1398874318579612,93.61233520507812,-5360.492248535156
2024-05-29,EBAY,547.0,50.28956985473633,27508.39471054077,0.187926471081398,49.295166015625,543.9388999938965
2024-05-30,NVDA,371.0,110.3091049194336,40924.67792510986,0.28129381853812796,83.39127429119952,9986.51516307484
2024-05-30,CMG,382.0,62.116798400878906,23728.616989135742,0.16309751523804503,62.77320098876953,-250.74578857421875
2024-05-30,FCX,498.0,50.976417541503906,25386.255935668945,0.17449121734319342,48.63759994506836,1164.7311630249023
2024-05-30,AAON,276.0,74.2497329711914,20492.926300048828,0.14085714987201553,93.61233520507812,-5344.078216552734
2024-05-30,EBAY,547.0,51.506011962890625,28173.788543701172,0.19365118954988553,49.295166015625,1209.3327331542969
2024-05-31,NVDA,371.0,109.443603515625,40603.576904296875,0.2777474188059908,83.39127429119952,9665.414142261852
2024-05-31,CMG,382.0,62.59040069580078,23909.5330657959,0.16355236656942249,62.77320098876953,-69.8297119140625
2024-05-31,FCX,498.0,51.38571548461914,25590.086311340332,0.1750481352110911,48.63759994506836,1368.561538696289
2024-05-31,AAON,276.0,74.36864471435547,20525.74594116211,0.14040568316585952,93.61233520507812,-5311.258575439453
2024-05-31,EBAY,547.0,52.61220932006836,28778.878498077393,0.19686096222045743,49.295166015625,1814.4226875305176
2024-06-03,NVDA,217.0,114.80133056640625,24911.888732910156,0.17034075851061206,83.39127429119952,6815.98221171986
2024-06-03,RGLD,174.0,125.97245025634766,21919.206344604492,0.1498776056171949,125.97245025634766,0.0
2024-06-03,TER,208.0,140.0085906982422,29121.786865234375,0.19912690350351098,140.0085906982422,0.0
2024-06-03,GOOG,181.0,172.8956298828125,31294.109008789062,0.21398065488421883,172.8956298828125,0.0
2024-06-03,GOOGL,184.0,171.64796447753906,31583.225463867188,0.21595755502149533,171.64796447753906,0.0
2024-06-04,NVDA,217.0,116.23584747314453,25223.178901672363,0.1725313911195871,83.39127429119952,7127.272380482067
2024-06-04,RGLD,174.0,124.16039276123047,21603.9083404541,0.14777488492346472,125.97245025634766,-315.2980041503906
2024-06-04,TER,208.0,138.61862182617188,28832.67333984375,0.19722102675527742,140.0085906982422,-289.113525390625
2024-06-04,GOOG,181.0,173.5994415283203,31421.498916625977,0.21492909122523962,172.8956298828125,127.38990783691406
2024-06-04,GOOGL,184.0,172.2625274658203,31696.305053710938,0.2168088180155977,171.64796447753906,113.07958984375
2024-06-05,NVDA,217.0,122.22848510742188,26523.581268310547,0.17730333467651513,83.39127429119952,8427.67474712025
2024-06-05,RGLD,174.0,125.67860412597656,21868.077117919922,0.14618248406005568,125.97245025634766,-51.12922668457031
2024-06-05,TER,208.0,144.3472442626953,30024.226806640625,0.20070425181465248,140.0085906982422,902.43994140625
2024-06-05,GOOG,181.0,175.52247619628906,31769.56819152832,0.21237141110807872,172.8956298828125,475.4591827392578
2024-06-05,GOOGL,184.0,173.86827087402344,31991.761840820312,0.21385671863743877,171.64796447753906,408.536376953125
2024-06-06,NVDA,217.0,120.78897857666016,26211.208351135254,0.1750496755822051,83.39127429119952,8115.301829944958
2024-06-06,RGLD,174.0,128.14694213867188,22297.567932128906,0.1489127086589387,125.97245025634766,378.36158752441406
2024-06-06,TER,208.0,142.20272827148438,29578.16748046875,0.19753567071042455,140.0085906982422,456.380615234375
2024-06-06,GOOG,181.0,176.79129028320312,31999.223541259766,0.21370452001833687,172.8956298828125,705.1145324707031
2024-06-06,GOOGL,184.0,175.17665100097656,32232.503784179688,0.21526246539406396,171.64796447753906,649.2783203125
2024-06-07,NVDA,217.0,120.67916107177734,26187.377952575684,0.177938367859182,83.39127429119952,8091.471431385387
2024-06-07,RGLD,174.0,121.16314697265625,21082.387573242188,0.1432509066830208,125.97245025634766,-836.8187713623047
2024-06-07,TER,208.0,139.88946533203125,29097.0087890625,0.19770876881550561,140.0085906982422,-24.778076171875
2024-06-07,GOOG,181.0,174.4122772216797,31568.622177124023,0.21450292258863332,172.8956298828125,274.51316833496094
2024-06-07,GOOGL,184.0,172.92665100097656,31818.503784179688,0.21620082168330543,171.64796447753906,235.2783203125
2024-06-10,NVDA,217.0,121.5796127319336,26382.77596282959,0.17813992521591224,83.39127429119952,8286.869441639294
2024-06-10,RGLD,174.0,121.10437774658203,21072.161727905273,0.1422819691011792,125.97245025634766,-847.0446166992188
2024-06-10,TER,208.0,142.05381774902344,29547.194091796875,0.19950648685598807,140.0085906982422,425.4072265625
2024-06-10,GOOG,181.0,175.28555297851562,31726.685089111328,0.21422269275552488,172.8956298828125,432.5760803222656
2024-06-10,GOOGL,184.0,173.6708984375,31955.4453125,0.2157673114546431,171.64796447753906,372.2198486328125
2024-06-11,NVDA,217.0,120.71104431152344,26194.296615600586,0.17629252796878606,83.39127429119952,8098.39009441029
2024-06-11,RGLD,174.0,120.03672790527344,20886.390655517578,0.14056932556119336,125.97245025634766,-1032.815689086914
2024-06-11,TER,208.0,143.4139862060547,29830.109130859375,0.20076222795507165,140.0085906982422,708.322265625
2024-06-11,GOOG,181.0,176.8336944580078,32006.898696899414,0.21541242990875661,172.8956298828125,712.7896881103516
2024-06-11,GOOGL,184.0,175.26856994628906,32249.416870117188,0.21704462268958777,171.64796447753906,666.19140625
2024-06-12,NVDA,217.0,124.99398803710938,27123.695404052734,0.17983012336523604,83.39127429119952,9027.788882862438
2024-06-12,RGLD,174.0,119.7232894897461,20831.85237121582,0.13811519876020956,125.97245025634766,-1087.3539733886719
2024-06-12,TER,208.0,147.79234313964844,30740.807373046875,0.20381157876503742,140.0085906982422,1619.0205078125
2024-06-12,GOOG,181.0,178.1932373046875,32252.975952148438,0.21383725771762718,172.8956298828125,958.866943359375
2024-06-12,GOOGL,184.0,176.4296417236328,32463.054077148438,0.21523007586324916,171.64796447753906,879.82861328125
2024-06-13,NVDA,217.0,129.39674377441406,28079.09339904785,0.18681716953434524,83.39127429119952,9983.186877857555
2024-06-13,RGLD,174.0,118.32262420654297,20588.136611938477,0.13697797692995295,125.97245025634766,-1331.0697326660156
2024-06-13,TER,208.0,146.58108520507812,30488.86572265625,0.20284998221532693,140.0085906982422,1367.078857421875
2024-06-13,GOOG,181.0,175.39471435546875,31746.443298339844,0.21121695759520295,172.8956298828125,452.33428955078125
2024-06-13,GOOGL,184.0,173.8197479248047,31982.833618164062,0.2127897209970433,171.64796447753906,399.608154296875
2024-06-14,NVDA,217.0,131.66299438476562,28570.86978149414,0.18921934774274532,83.39127429119952,10474.963260303844
2024-06-14,RGLD,174.0,119.13558197021484,20729.591262817383,0.13728807585216224,125.97245025634766,-1189.6150817871094
2024-06-14,TER,208.0,144.01962280273438,29956.08154296875,0.1983933374741177,140.0085906982422,834.294677734375
2024-06-14,GOOG,181.0,177.01229858398438,32039.226043701172,0.21218960082546262,172.8956298828125,745.1170349121094
2024-06-14,GOOGL,184.0,175.43727111816406,32280.457885742188,0.21378723268458605,171.64796447753906,697.232421875
2024-06-17,NVDA,217.0,130.7644805908203,28375.892288208008,0.18810799455891442,83.39127429119952,10279.985767017712
2024-06-17,RGLD,174.0,118.91031646728516,20690.395065307617,0.1371596946744847,125.97245025634766,-1228.811279296875
2024-06-17,TER,208.0,143.70191955566406,29889.999267578125,0.19814523407702916,140.0085906982422,768.21240234375
2024-06-17,GOOG,181.0,177.41920471191406,32112.876052856445,0.21288101366003934,172.8956298828125,818.7670440673828
2024-06-17,GOOGL,184.0,175.88381958007812,32362.622802734375,0.21453662187105116,171.64796447753906,779.3973388671875
2024-06-18,NVDA,217.0,135.35690307617188,29372.447967529297,0.19250412743848036,83.39127429119952,11276.541446339
2024-06-18,RGLD,174.0,119.4784164428711,20789.24446105957,0.13625065808289755,125.97245025634766,-1129.9618835449219
2024-06-18,TER,208.0,150.66163635253906,31337.620361328125,0.20538367351351777,140.0085906982422,2215.83349609375
2024-06-18,GOOG,181.0,175.10693359375,31694.35498046875,0.20772167702826333,172.8956298828125,400.2459716796875
2024-06-18,GOOGL,184.0,173.75025939941406,31970.047729492188,0.20952854011814073,171.64796447753906,386.822265625
2024-06-20,NVDA,217.0,130.56478881835938,28332.559173583984,0.18681596373799464,83.39127429119952,10236.652652393688
2024-06-20,RGLD,174.0,122.10345458984375,21246.001098632812,0.14008943373248778,125.97245025634766,-673.2052459716797
2024-06-20,TER,208.0,146.88888549804688,30552.88818359375,0.20145611330158,140.0085906982422,1431.101318359375
2024-06-20,GOOG,181.0,176.35733032226562,31920.676788330078,0.21047488018452026,172.8956298828125,626.5677795410156
2024-06-20,GOOGL,184.0,174.9510040283203,32190.984741210938,0.21225720561492345,171.64796447753906,607.75927734375
2024-06-21,NVDA,217.0,126.36172485351562,27420.49429321289,0.18045747014206054,83.39127429119952,9324.587772022594
2024-06-21,RGLD,174.0,122.28955078125,21278.3818359375,0.1400355118974092,125.97245025634766,-640.8245086669922
2024-06-21,TER,208.0,147.38528442382812,30656.13916015625,0.20175162628392368,140.0085906982422,1534.352294921875
2024-06-21,GOOG,181.0,178.88790893554688,32378.711517333984,0.21308807581648667,172.8956298828125,1084.6025085449219
2024-06-21,GOOGL,184.0,178.25550842285156,32799.01354980469,0.215854132498915,171.64796447753906,1215.7880859375
2024-06-24,NVDA,217.0,117.9156494140625,25587.695922851562,0.17116059939606568,83.39127429119952,7491.789401661266
2024-06-24,RGLD,174.0,122.06428527832031,21239.185638427734,0.14207264911691478,125.97245025634766,-680.0207061767578
2024-06-24,TER,208.0,144.48623657226562,30053.13720703125,0.20103072170299657,140.0085906982422,931.350341796875
2024-06-24,GOOG,181.0,179.41387939453125,32473.912170410156,0.2172237112939385,172.8956298828125,1179.8031616210938
2024-06-24,GOOGL,184.0,177.8486785888672,32724.156860351562,0.21889764204781312,171.64796447753906,1140.931396484375
2024-06-25,NVDA,217.0,125.88251495361328,27316.505744934082,0.1783816655778878,83.39127429119952,9220.599223743786
2024-06-25,RGLD,174.0,120.63422393798828,20990.35496520996,0.1370707701317043,125.97245025634766,-928.8513793945312
2024-06-25,TER,208.0,146.51162719726562,30474.41845703125,0.19900340009230114,140.0085906982422,1352.631591796875
2024-06-25,GOOG,181.0,184.1674346923828,33334.30567932129,0.21767897488362029,172.8956298828125,2040.1966705322266
2024-06-25,GOOGL,184.0,182.62185668945312,33602.421630859375,0.21942981997522698,171.64796447753906,2019.1961669921875
2024-06-26,NVDA,217.0,126.19200897216797,27383.66594696045,0.1786325888789622,83.39127429119952,9287.759425770153
2024-06-26,RGLD,174.0,122.3777084350586,21293.721267700195,0.1389058924500397,125.97245025634766,-625.4850769042969
2024-06-26,TER,208.0,145.81661987304688,30329.85693359375,0.19785155409324487,140.0085906982422,1208.070068359375
2024-06-26,GOOG,181.0,183.95904541015625,33296.58721923828,0.2172045038574137,172.8956298828125,2002.4782104492188
2024-06-26,GOOGL,184.0,182.4730224609375,33575.0361328125,0.2190209169848101,171.64796447753906,1991.8106689453125
2024-06-27,NVDA,217.0,123.78597259521484,26861.55605316162,0.17488949547562185,83.39127429119952,8765.649531971325
2024-06-27,RGLD,174.0,123.1025390625,21419.841796875,0.13945972890063407,125.97245025634766,-499.3645477294922
2024-06-27,TER,208.0,146.51162719726562,30474.41845703125,0.19841202268086292,140.0085906982422,1352.631591796875
2024-06-27,GOOG,181.0,185.4376678466797,33564.21788024902,0.21852900552347904,172.8956298828125,2270.108871459961
2024-06-27,GOOGL,184.0,183.99130249023438,33854.399658203125,0.22041831322561561,171.64796447753906,2271.1741943359375
2024-06-28,NVDA,217.0,123.33671569824219,26764.067306518555,0.17568524485150375,83.39127429119952,8668.160785328258
2024-06-28,RGLD,174.0,122.59320831298828,21331.21824645996,0.14002282454645584,125.97245025634766,-587.9880981445312
2024-06-28,TER,208.0,147.22642517089844,30623.096435546875,0.20101676377416394,140.0085906982422,1501.3095703125
2024-06-28,GOOG,181.0,182.02386474609375,32946.31951904297,0.21626691284882524,172.8956298828125,1652.2105102539062
2024-06-28,GOOGL,184.0,180.75624084472656,33259.14831542969,0.21832039011221624,171.64796447753906,1675.9228515625
2024-07-01,TER,212.0,146.71018981933594,31102.56024169922,0.20401638642851538,140.1350359646779,1393.9326171875
2024-07-01,GOOG,164.0,183.08572387695312,30026.058715820312,0.19695510434794417,172.8956298828125,1671.1754150390625
2024-07-01,GOOGL,171.0,181.58984375,31051.86328125,0.20368384111413024,171.64796447753906,1700.0613555908203
2024-07-01,CRUS,202.0,127.29000091552734,25712.580184936523,0.1686609608443477,127.29000091552734,0.0
2024-07-01,UTHR,84.0,319.010009765625,26796.8408203125,0.17577313858975144,319.010009765625,0.0
2024-07-02,TER,212.0,148.52706909179688,31487.738647460938,0.20459920330691425,140.1350359646779,1779.1110229492188
2024-07-02,GOOG,164.0,185.18959045410156,30371.092834472656,0.1973435268586525,172.8956298828125,2016.2095336914062
2024-07-02,GOOGL,171.0,183.8225860595703,31433.662216186523,0.20424782860578694,171.64796447753906,2081.8602905273438
2024-07-02,CRUS,202.0,129.77000427246094,26213.54086303711,0.17032882661019894,127.29000091552734,500.96067810058594
2024-07-02,UTHR,84.0,317.04998779296875,26632.198974609375,0.17304915902418033,319.010009765625,-164.641845703125
2024-07-03,TER,212.0,150.6119842529297,31929.740661621094,0.20757892691924526,140.1350359646779,2221.113037109375
2024-07-03,GOOG,164.0,185.96368408203125,30498.044189453125,0.19827130301724746,172.8956298828125,2143.160888671875
2024-07-03,GOOGL,171.0,184.398193359375,31532.091064453125,0.20499376102188446,171.64796447753906,2180.2891387939453
2024-07-03,CRUS,202.0,128.57000732421875,25971.141479492188,0.1688413863524058,127.29000091552734,258.56129455566406
2024-07-03,UTHR,84.0,311.0400085449219,26127.360717773438,0.16985698563929702,319.010009765625,-669.4801025390625
2024-07-05,TER,212.0,150.11557006835938,31824.500854492188,0.20437980797984673,140.1350359646779,2115.8732299804688
2024-07-05,GOOG,164.0,190.49887084960938,31241.814819335938,0.20063774583338065,172.8956298828125,2886.9315185546875
2024-07-05,GOOGL,171.0,189.14158630371094,32343.21125793457,0.20771101286307236,171.64796447753906,2991.4093322753906
2024-07-05,CRUS,202.0,129.3000030517578,26118.600616455078,0.16773600324794705,127.29000091552734,406.0204315185547
2024-07-05,UTHR,84.0,314.55999755859375,26423.039794921875,0.1696911390447683,319.010009765625,-373.801025390625
2024-07-08,TER,212.0,153.0642852783203,32449.628479003906,0.20767181641873242,140.1350359646779,2741.0008544921875
2024-07-08,GOOG,164.0,189.03013610839844,31000.942321777344,0.19840048420959558,172.8956298828125,2646.0590209960938
2024-07-08,GOOGL,171.0,187.58360290527344,32076.796096801758,0.2052857558793416,171.64796447753906,2724.994171142578
2024-07-08,CRUS,202.0,130.42999267578125,26346.858520507812,0.16861518058431624,127.29000091552734,634.2783355712891
2024-07-08,UTHR,84.0,316.8900146484375,26618.76123046875,0.17035530927957387,319.010009765625,-178.07958984375
2024-07-09,TER,212.0,152.37924194335938,32304.399291992188,0.20498489686529694,140.1350359646779,2595.7716674804688
2024-07-09,GOOG,164.0,188.9904327392578,30994.43096923828,0.19667260109686646,172.8956298828125,2639.5476684570312
2024-07-09,GOOGL,171.0,187.53399658203125,32068.313415527344,0.20348683344052695,171.64796447753906,2716.511489868164
2024-07-09,CRUS,202.0,135.4600067138672,27362.921356201172,0.17362915686609032,127.29000091552734,1650.3411712646484
2024-07-09,UTHR,84.0,322.6499938964844,27102.599487304688,0.17197730595361244,319.010009765625,305.7586669921875
2024-07-10,TER,212.0,157.9887237548828,33493.609436035156,0.2089399430649692,140.1350359646779,3784.9818115234375
2024-07-10,GOOG,164.0,191.1935577392578,31355.74346923828,0.19560350065388366,172.8956298828125,3000.8601684570312
2024-07-10,GOOGL,171.0,189.71714782714844,32441.632278442383,0.20237749574698613,171.64796447753906,3089.830352783203
2024-07-10,CRUS,202.0,136.60000610351562,27593.201232910156,0.1721319974664087,127.29000091552734,1880.6210479736328
2024-07-10,UTHR,84.0,329.25,27657.0,0.1725299871422848,319.010009765625,860.1591796875
2024-07-11,TER,212.0,153.6897430419922,32582.225524902344,0.20774575115398222,140.1350359646779,2873.597900390625
2024-07-11,GOOG,164.0,185.8743438720703,30483.39239501953,0.19436349570365644,172.8956298828125,2128.5090942382812
2024-07-11,GOOGL,171.0,184.15008544921875,31489.664611816406,0.20077953310368227,171.64796447753906,2137.8626861572266
2024-07-11,CRUS,202.0,135.22000122070312,27314.44024658203,0.1741581127427837,127.29000091552734,1601.8600616455078
2024-07-11,UTHR,84.0,323.8800048828125,27205.92041015625,0.1734661853323571,319.010009765625,409.07958984375
2024-07-12,TER,212.0,155.20880126953125,32904.265869140625,0.20940648872019577,140.1350359646779,3195.6382446289062
2024-07-12,GOOG,164.0,185.35830688476562,30398.762329101562,0.19346117935264465,172.8956298828125,2043.8790283203125
2024-07-12,GOOGL,171.0,183.65391540527344,31404.819534301758,0.19986384178038197,171.64796447753906,2053.017608642578
2024-07-12,CRUS,202.0,136.9600067138672,27665.921356201172,0.17606906871745603,127.29000091552734,1953.3411712646484
2024-07-12,UTHR,84.0,321.3800048828125,26995.92041015625,0.17180510652761546,319.010009765625,199.07958984375
2024-07-15,TER,212.0,158.34613037109375,33569.379638671875,0.21067366755471786,140.1350359646779,3860.7520141601562
2024-07-15,GOOG,164.0,186.75755310058594,30628.238708496094,0.19221574687745804,172.8956298828125,2273.3554077148438
2024-07-15,GOOGL,171.0,185.10272216796875,31652.565490722656,0.19864418500497094,171.64796447753906,2300.7635650634766
2024-07-15,CRUS,202.0,139.80999755859375,28241.619506835938,0.1772378763989987,127.29000091552734,2529.039321899414
2024-07-15,UTHR,84.0,327.260009765625,27489.8408203125,0.17251988712472247,319.010009765625,693.0
2024-07-16,TER,212.0,161.83094787597656,34308.16094970703,0.21462330979591202,140.1350359646779,4599.5333251953125
2024-07-16,GOOG,164.0,184.08804321289062,30190.439086914062,0.18886386741987984,172.8956298828125,1835.5557861328125
2024-07-16,GOOGL,171.0,182.5126953125,31209.6708984375,0.19523992777354074,171.64796447753906,1857.8689727783203
2024-07-16,CRUS,202.0,142.64999389648438,28815.298767089844,0.18026133208412898,127.29000091552734,3102.7185821533203
2024-07-16,UTHR,84.0,328.19000244140625,27567.960205078125,0.1724582927137743,319.010009765625,771.119384765625
2024-07-17,TER,212.0,151.25733947753906,32066.55596923828,0.20537622410419498,140.1350359646779,2357.9283447265625
2024-07-17,GOOG,164.0,181.22996520996094,29721.714294433594,0.19035824930966072,172.8956298828125,1366.8309936523438
2024-07-17,GOOGL,171.0,179.6348876953125,30717.565795898438,0.19673636554189794,171.64796447753906,1365.7638702392578
2024-07-17,CRUS,202.0,138.75,28027.5,0.17950733863038734,127.29000091552734,2314.9198150634766
2024-07-17,UTHR,84.0,331.44000244140625,27840.960205078125,0.17831260980565863,319.010009765625,1044.119384765625
2024-07-18,TER,212.0,148.44764709472656,31470.90118408203,0.20409007975933885,140.1350359646779,1762.2735595703125
2024-07-18,GOOG,164.0,177.8558349609375,29168.35693359375,0.18915798623641014,172.8956298828125,813.4736328125
2024-07-18,GOOGL,171.0,176.3303680419922,30152.492935180664,0.19554014840847725,171.64796447753906,800.6910095214844
2024-07-18,CRUS,202.0,138.80999755859375,28039.619506835938,0.18183807791516796,127.29000091552734,2327.039321899414
2024-07-18,UTHR,84.0,328.6700134277344,27608.281127929688,0.1790408309078669,319.010009765625,811.4403076171875
2024-07-19,TER,212.0,145.36984252929688,30818.406616210938,0.20166949581649693,140.1350359646779,1109.7789916992188
2024-07-19,GOOG,164.0,178.02456665039062,29196.028930664062,0.19105298037030025,172.8956298828125,841.1456298828125
2024-07-19,GOOGL,171.0,176.3006134033203,30147.404891967773,0.1972785945896652,171.64796447753906,795.6029663085938
2024-07-19,CRUS,202.0,134.8699951171875,27243.739013671875,0.17827758519330417,127.29000091552734,1531.1588287353516
2024-07-19,UTHR,84.0,329.1600036621094,27649.440307617188,0.18093241340752517,319.010009765625,852.5994873046875
2024-07-22,TER,212.0,153.35220336914062,32510.667114257812,0.20729066308307542,140.1350359646779,2802.0394897460938
2024-07-22,GOOG,164.0,181.9544219970703,29840.52520751953,0.19026562067381197,172.8956298828125,1485.6419067382812
2024-07-22,GOOGL,171.0,180.2799072265625,30827.864135742188,0.19656097414655724,171.64796447753906,1476.0622100830078
2024-07-22,CRUS,202.0,138.38999938964844,27954.779876708984,0.1782419547596142,127.29000091552734,2242.199691772461
2024-07-22,UTHR,84.0,332.6300048828125,27940.92041015625,0.17815358567135167,319.010009765625,1144.07958984375
2024-07-23,TER,212.0,151.17791748046875,32049.718505859375,0.20460212354800733,140.1350359646779,2341.0908813476562
2024-07-23,GOOG,164.0,182.20249938964844,29881.209899902344,0.19075858649385746,172.8956298828125,1526.3265991210938
2024-07-23,GOOGL,171.0,180.3989715576172,30848.22413635254,0.1969319064324614,171.64796447753906,1496.4222106933594
2024-07-23,CRUS,202.0,137.7100067138672,27817.421356201172,0.17758357160197588,127.29000091552734,2104.8411712646484
2024-07-23,UTHR,84.0,336.739990234375,28286.1591796875,0.1805759459048903,319.010009765625,1489.318359375
2024-07-24,TER,212.0,142.51051330566406,30212.22882080078,0.20175120258938406,140.1350359646779,503.6011962890625
2024-07-24,GOOG,164.0,173.04275512695312,28379.011840820312,0.18950934739518208,172.8956298828125,24.1285400390625
2024-07-24,GOOGL,171.0,171.30906677246094,29293.85041809082,0.1956184558702381,171.64796447753906,-57.951507568359375
2024-07-24,CRUS,202.0,129.9499969482422,26249.899383544922,0.17529156156907952,127.29000091552734,537.3191986083984
2024-07-24,UTHR,84.0,331.5899963378906,27853.559692382812,0.18600048336931935,319.010009765625,1056.7188720703125
2024-07-25,TER,212.0,123.44821166992188,26171.020874023438,0.18209704239956467,140.1350359646779,-3537.6067504882812
2024-07-25,GOOG,164.0,167.8724365234375,27531.07958984375,0.19156028308982187,172.8956298828125,-823.8037109375
2024-07-25,GOOGL,171.0,166.00003051757812,28386.00521850586,0.1975088255330202,171.64796447753906,-965.7967071533203
2024-07-25,CRUS,202.0,126.80999755859375,25615.619506835938,0.1782325792287793,127.29000091552734,-96.96067810058594
2024-07-25,UTHR,84.0,336.3699951171875,28255.07958984375,0.19659784961548016,319.010009765625,1458.23876953125
2024-07-26,TER,212.0,125.55301666259766,26617.239532470703,0.18396424148304308,140.1350359646779,-3091.3880920410156
2024-07-26,GOOG,164.0,167.3960723876953,27452.95587158203,0.1897402695430547,172.8956298828125,-901.9274291992188
2024-07-26,GOOGL,171.0,165.72216796875,28338.49072265625,0.19586061673330094,171.64796447753906,-1013.3112030029297
2024-07-26,CRUS,202.0,129.24000549316406,26106.48110961914,0.18043415017788206,127.29000091552734,393.9009246826172
2024-07-26,UTHR,84.0,338.2200012207031,28410.480102539062,0.1963581691428519,319.010009765625,1613.6392822265625
2024-07-29,TER,212.0,127.01245880126953,26926.64126586914,0.1845249361584989,140.1350359646779,-2781.986358642578
2024-07-29,GOOG,164.0,169.82742309570312,27851.697387695312,0.19086423113916806,172.8956298828125,-503.1859130859375
2024-07-29,GOOGL,171.0,168.23281860351562,28767.811981201172,0.1971422509341884,171.64796447753906,-583.9899444580078
2024-07-29,CRUS,202.0,130.9600067138672,26453.921356201172,0.1812854451915026,127.29000091552734,741.3411712646484
2024-07-29,UTHR,84.0,335.2699890136719,28162.679077148438,0.19299535012375293,319.010009765625,1365.8382568359375
2024-07-30,TER,212.0,120.4697265625,25539.58203125,0.17659784573005244,140.1350359646779,-4169.045593261719
2024-07-30,GOOG,164.0,170.5518798828125,27970.50830078125,0.19340690477426578,172.8956298828125,-384.375
2024-07-30,GOOGL,171.0,168.98699951171875,28896.776916503906,0.19981174890616377,171.64796447753906,-455.02500915527344
2024-07-30,CRUS,202.0,129.1999969482422,26098.399383544922,0.180461884712801,127.29000091552734,385.81919860839844
2024-07-30,UTHR,84.0,337.5400085449219,28353.360717773438,0.19605420385655445,319.010009765625,1556.5198974609375
2024-07-31,TER,212.0,130.21929931640625,27606.491455078125,0.18995657769432361,140.1350359646779,-2102.1361694335938
2024-07-31,GOOG,164.0,171.83201599121094,28180.450622558594,0.1939059140077876,172.8956298828125,-174.43267822265625
2024-07-31,GOOGL,171.0,170.22744750976562,29108.893524169922,0.20029440551391248,171.64796447753906,-242.9084014892578
2024-07-31,CRUS,202.0,130.47999572753906,26356.95913696289,0.1813587128314939,127.29000091552734,644.3789520263672
2024-07-31,UTHR,84.0,313.2900085449219,26316.360717773438,0.18107936053561896,319.010009765625,-480.4801025390625
2024-08-01,UTHR,74.0,327.7900085449219,24256.46063232422,0.17096618987824774,319.010009765625,649.7199096679688
2024-08-01,CORT,654.0,37.939998626708984,24812.759101867676,0.1748871341254148,37.939998626708984,0.0
2024-08-01,AAPL,122.0,216.4846954345703,26411.132843017578,0.18615291080520302,216.4846954345703,0.0
2024-08-01,HALO,509.0,55.04999923706055,28020.44961166382,0.19749581694526744,55.04999923706055,0.0
2024-08-01,TPL,115.0,271.29547119140625,31198.97918701172,0.21989896549812726,271.29547119140625,0.0
2024-08-02,UTHR,74.0,327.67999267578125,24248.319458007812,0.1753159541084472,319.010009765625,641.5787353515625
2024-08-02,CORT,654.0,35.29999923706055,23086.199501037598,0.16691379785190638,37.939998626708984,-1726.5596008300781
2024-08-02,AAPL,122.0,217.97183227539062,26592.563537597656,0.192264897237809,216.4846954345703,181.43069458007812
2024-08-02,HALO,509.0,54.09000015258789,27531.810077667236,0.1990556731346919,55.04999923706055,-488.63953399658203
2024-08-02,TPL,115.0,258.0373840332031,29674.29916381836,0.214545922632435,271.29547119140625,-1524.6800231933594
2024-08-05,UTHR,74.0,325.7200012207031,24103.28009033203,0.17940924297596178,319.010009765625,496.53936767578125
2024-08-05,CORT,654.0,34.5099983215332,22569.538902282715,0.16799306457875884,37.939998626708984,-2243.220199584961
2024-08-05,AAPL,122.0,207.4727783203125,25311.678955078125,0.18840378333414595,216.4846954345703,-1099.4538879394531
2024-08-05,HALO,509.0,52.11000061035156,26523.990310668945,0.1974274457461739,55.04999923706055,-1496.459300994873
2024-08-05,TPL,115.0,249.222900390625,28660.633544921875,0.2133312374181126,271.29547119140625,-2538.3456420898438
2024-08-06,UTHR,74.0,321.9599914550781,23825.03936767578,0.17756050394536455,319.010009765625,218.29864501953125
2024-08-06,CORT,654.0,34.209999084472656,22373.339401245117,0.16674144196443808,37.939998626708984,-2439.4197006225586
2024-08-06,AAPL,122.0,205.4502716064453,25064.933135986328,0.18680104113577234,216.4846954345703,-1346.19970703125
2024-08-06,HALO,509.0,51.939998626708984,26437.459300994873,0.19703004574626465,55.04999923706055,-1582.9903106689453
2024-08-06,TPL,115.0,254.7838897705078,29300.1473236084,0.21836475668165325,271.29547119140625,-1898.8318634033203
2024-08-07,UTHR,74.0,322.2300109863281,23845.02081298828,0.17595111412617134,319.010009765625,238.28009033203125
2024-08-07,CORT,654.0,34.04999923706055,22268.699501037598,0.16431952473760278,37.939998626708984,-2544.059600830078
2024-08-07,AAPL,122.0,208.01805114746094,25378.202239990234,0.18726437664559875,216.4846954345703,-1032.9306030273438
2024-08-07,HALO,509.0,54.119998931884766,27547.079456329346,0.20326840388510825,55.04999923706055,-473.37015533447266
2024-08-07,TPL,115.0,254.80691528320312,29302.79525756836,0.21622373547151058,271.29547119140625,-1896.1839294433594
2024-08-08,UTHR,74.0,331.0400085449219,24496.96063232422,0.1764174472285629,319.010009765625,890.2199096679688
2024-08-08,CORT,654.0,34.06999969482422,22281.77980041504,0.16046458869314942,37.939998626708984,-2530.9793014526367
2024-08-08,AAPL,122.0,211.47808837890625,25800.326782226562,0.18580377610507204,216.4846954345703,-610.8060607910156
2024-08-08,HALO,509.0,54.459999084472656,27720.139533996582,0.19962951024031833,55.04999923706055,-300.3100776672363
2024-08-08,TPL,115.0,272.8678283691406,31379.800262451172,0.22598494319083148,271.29547119140625,180.82107543945312
2024-08-09,UTHR,74.0,330.260009765625,24439.24072265625,0.17527731935989102,319.010009765625,832.5
2024-08-09,CORT,654.0,34.220001220703125,22379.880798339844,0.16050766709337266,37.939998626708984,-2432.878303527832
2024-08-09,AAPL,122.0,214.38290405273438,26154.714294433594,0.1875806315824808,216.4846954345703,-256.4185485839844
2024-08-09,HALO,509.0,55.20000076293945,28096.80038833618,0.20150920032847291,55.04999923706055,76.35077667236328
2024-08-09,TPL,115.0,271.150390625,31182.294921875,0.22363825158974718,271.29547119140625,-16.68426513671875
2024-08-12,UTHR,74.0,333.7799987792969,24699.71990966797,0.1756310941459385,319.010009765625,1092.9791870117188
2024-08-12,CORT,654.0,34.11000061035156,22307.940399169922,0.15862398418999987,37.939998626708984,-2504.818702697754
2024-08-12,AAPL,122.0,215.9114532470703,26341.197296142578,0.1873030673689833,216.4846954345703,-69.935546875
2024-08-12,HALO,509.0,56.06999969482422,28539.629844665527,0.20293535450888714,55.04999923706055,519.180233001709
2024-08-12,TPL,115.0,274.4929504394531,31566.68930053711,0.22445971859981104,271.29547119140625,367.7101135253906
2024-08-13,UTHR,74.0,323.5899963378906,23945.659729003906,0.1712678634630953,319.010009765625,338.91900634765625
2024-08-13,CORT,654.0,34.13999938964844,22327.559600830078,0.15969463662541403,37.939998626708984,-2485.1995010375977
2024-08-13,AAPL,122.0,219.6236572265625,26794.086181640625,0.19164082116381628,216.4846954345703,382.9533386230469
2024-08-13,HALO,509.0,55.9900016784668,28498.9108543396,0.20383433274698912,55.04999923706055,478.46124267578125
2024-08-13,TPL,115.0,270.164794921875,31068.951416015625,0.22221617567773957,271.29547119140625,-130.02777099609375
2024-08-14,UTHR,74.0,323.8699951171875,23966.379638671875,0.17073407042088184,319.010009765625,359.638916015625
2024-08-14,CORT,654.0,33.790000915527344,22098.660598754883,0.1574286284269203,37.939998626708984,-2714.098503112793
2024-08-14,AAPL,122.0,220.07029724121094,26848.576263427734,0.19126654837194731,216.4846954345703,437.44342041015625
2024-08-14,HALO,509.0,57.40999984741211,29221.689922332764,0.2081723706390063,55.04999923706055,1201.2403106689453
2024-08-14,TPL,115.0,270.0725402832031,31058.34213256836,0.2212564956728535,271.29547119140625,-140.63705444335938
2024-08-15,UTHR,74.0,323.0799865722656,23907.919006347656,0.16759777618186594,319.010009765625,301.17828369140625
2024-08-15,CORT,654.0,34.939998626708984,22850.759101867676,0.16018694092629907,37.939998626708984,-1962.0
2024-08-15,AAPL,122.0,223.0479736328125,27211.852783203125,0.19075880301595013,216.4846954345703,800.7199401855469
2024-08-15,HALO,509.0,59.099998474121094,30081.899223327637,0.21087822038455667,55.04999923706055,2061.4496116638184
2024-08-15,TPL,115.0,273.2106628417969,31419.22622680664,0.22025306525296748,271.29547119140625,220.24703979492188
2024-08-16,UTHR,74.0,320.989990234375,23753.25927734375,0.1673853964870656,319.010009765625,146.5185546875
2024-08-16,CORT,654.0,33.970001220703125,22216.380798339844,0.15655526111251186,37.939998626708984,-2596.378303527832
2024-08-16,AAPL,122.0,224.36805725097656,27372.90298461914,0.19289244333103692,216.4846954345703,961.7701416015625
2024-08-16,HALO,509.0,59.41999816894531,30244.779067993164,0.21313009203703118,55.04999923706055,2224.3294563293457
2024-08-16,TPL,115.0,270.7944030761719,31141.356353759766,0.2194481279203208,271.29547119140625,-57.622833251953125
2024-08-19,UTHR,74.0,348.5799865722656,25794.919006347656,0.1764036930661489,319.010009765625,2188.1782836914062
2024-08-19,CORT,654.0,34.470001220703125,22543.380798339844,0.15416740118645283,37.939998626708984,-2269.378303527832
2024-08-19,AAPL,122.0,224.20925903320312,27353.52960205078,0.18706256216616052,216.4846954345703,942.3967590332031
2024-08-19,HALO,509.0,61.7400016784668,31425.6608543396,0.2149106430760893,55.04999923706055,3405.2112426757812
2024-08-19,TPL,115.0,277.6541748046875,31930.230102539062,0.21836124041148286,271.29547119140625,731.2509155273438
2024-08-20,UTHR,74.0,346.8800048828125,25669.120361328125,0.17737186375317304,319.010009765625,2062.379638671875
2024-08-20,CORT,654.0,34.310001373291016,22438.740898132324,0.15505016289425946,37.939998626708984,-2374.0182037353516
2024-08-20,AAPL,122.0,224.82464599609375,27428.606811523438,0.18952979462601147,216.4846954345703,1017.4739685058594
2024-08-20,HALO,509.0,60.93000030517578,31013.370155334473,0.21430026383008052,55.04999923706055,2992.9205436706543
2024-08-20,TPL,115.0,269.482421875,30990.478515625,0.21414208416741656,271.29547119140625,-208.50067138671875
2024-08-21,UTHR,74.0,351.6099853515625,26019.138916015625,0.17813622252001404,319.010009765625,2412.398193359375
2024-08-21,CORT,654.0,34.43000030517578,22517.22019958496,0.1541608490946808,37.939998626708984,-2295.538902282715
2024-08-21,AAPL,122.0,224.7154541015625,27415.285400390625,0.18769473487562757,216.4846954345703,1004.1525573730469
2024-08-21,HALO,509.0,62.16999816894531,31644.529067993164,0.2166496320186562,55.04999923706055,3624.0794563293457
2024-08-21,TPL,115.0,272.07012939453125,31288.064880371094,0.2142091521837307,271.29547119140625,89.085693359375
2024-08-22,UTHR,74.0,346.8699951171875,25668.379638671875,0.17666835611933399,319.010009765625,2061.638916015625
2024-08-22,CORT,654.0,34.279998779296875,22419.119201660156,0.1543045954109798,37.939998626708984,-2393.6399002075195
2024-08-22,AAPL,122.0,222.859375,27188.84375,0.18713328997445297,216.4846954345703,777.7109069824219
2024-08-22,HALO,509.0,61.63999938964844,31374.759689331055,0.2159437913876851,55.04999923706055,3354.3100776672363
2024-08-22,TPL,115.0,273.5765686035156,31461.305389404297,0.21653946149917516,271.29547119140625,262.3262023925781
2024-08-23,UTHR,74.0,348.0299987792969,25754.21990966797,0.17443632915162924,319.010009765625,2147.4791870117188
2024-08-23,CORT,654.0,34.790000915527344,22752.660598754883,0.15410641856753798,37.939998626708984,-2060.098503112793
2024-08-23,AAPL,122.0,225.15219116210938,27468.567321777344,0.18604780371804372,216.4846954345703,1057.4344787597656
2024-08-23,HALO,509.0,62.720001220703125,31924.48062133789,0.21622822314909323,55.04999923706055,3904.0310096740723
2024-08-23,TPL,115.0,283.16241455078125,32563.677673339844,0.22055757918266147,271.29547119140625,1364.698486328125
2024-08-26,UTHR,74.0,346.6700134277344,25653.580993652344,0.17386606755578848,319.010009765625,2046.8402709960938
2024-08-26,CORT,654.0,35.0,22890.0,0.15513601346091793,37.939998626708984,-1922.7591018676758
2024-08-26,AAPL,122.0,225.4896697998047,27509.739715576172,0.18644610532206088,216.4846954345703,1098.6068725585938
2024-08-26,HALO,509.0,62.15999984741211,31639.439922332764,0.21443497499724418,55.04999923706055,3618.9903106689453
2024-08-26,TPL,115.0,284.1414489746094,32676.266632080078,0.221462024468629,271.29547119140625,1477.2874450683594
2024-08-27,UTHR,74.0,349.2300109863281,25843.02081298828,0.17460489719850045,319.010009765625,2236.2800903320312
2024-08-27,CORT,654.0,34.65999984741211,22667.63990020752,0.15315086278610257,37.939998626708984,-2145.1192016601562
2024-08-27,AAPL,122.0,226.33334350585938,27612.667907714844,0.18656127997930383,216.4846954345703,1201.5350646972656
2024-08-27,HALO,509.0,63.20000076293945,32168.80038833618,0.21734417680697735,55.04999923706055,4148.350776672363
2024-08-27,TPL,115.0,282.9349670410156,32537.521209716797,0.21983538948594375,271.29547119140625,1338.5420227050781
2024-08-28,UTHR,74.0,359.8399963378906,26628.159729003906,0.17794671494404604,319.010009765625,3021.4190063476562
2024-08-28,CORT,654.0,34.439998626708984,22523.759101867676,0.150518435414175,37.939998626708984,-2289.0
2024-08-28,AAPL,122.0,224.80479431152344,27426.18490600586,0.18327963919173496,216.4846954345703,1015.0520629882812
2024-08-28,HALO,509.0,64.41999816894531,32789.779067993164,0.21912267044631756,55.04999923706055,4769.329456329346
2024-08-28,TPL,115.0,287.7773742675781,33094.398040771484,0.22115833292044976,271.29547119140625,1895.4188537597656
2024-08-29,UTHR,74.0,360.2200012207031,26656.28009033203,0.17759524213473135,319.010009765625,3049.5393676757812
2024-08-29,CORT,654.0,35.13999938964844,22981.559600830078,0.15311272345999496,37.939998626708984,-1831.1995010375977
2024-08-29,AAPL,122.0,228.08023071289062,27825.788146972656,0.18538699198856565,216.4846954345703,1414.6553039550781
2024-08-29,HALO,509.0,63.7400016784668,32443.6608543396,0.21615318362644714,55.04999923706055,4423.211242675781
2024-08-29,TPL,115.0,287.0389709472656,33009.48165893555,0.21992291752992346,271.29547119140625,1810.5024719238281
2024-08-30,UTHR,74.0,363.54998779296875,26902.699096679688,0.17895070378011205,319.010009765625,3295.9583740234375
2024-08-30,CORT,654.0,35.29999923706055,23086.199501037598,0.15356420682817773,37.939998626708984,-1726.5596008300781
2024-08-30,AAPL,122.0,227.29612731933594,27730.127532958984,0.18445457164362067,216.4846954345703,1318.9946899414062
2024-08-30,HALO,509.0,63.849998474121094,32499.649223327637,0.2161803572281355,55.04999923706055,4479.199611663818
2024-08-30,TPL,115.0,286.4192810058594,32938.21731567383,0.21909761354129623,271.29547119140625,1739.2381286621094
2024-09-03,UTHR,86.0,352.3999938964844,30306.399475097656,0.20976094684459917,323.6690773187682,2470.8588256835938
2024-09-03,HALO,506.0,61.220001220703125,30977.32061767578,0.21440462133456575,55.04999923706055,3122.0210037231445
2024-09-03,TPL,107.0,269.03045654296875,28786.258850097656,0.19923953412782466,271.29547119140625,-242.3565673828125
2024-09-03,ADBE,39.0,571.0399780273438,22270.559143066406,0.15414214995901296,571.0399780273438,0.0
2024-09-03,AAON,278.0,88.57730102539062,24624.489685058594,0.17043450760778017,88.57730102539062,0.0
2024-09-04,UTHR,86.0,353.3699951171875,30389.819580078125,0.21003647047987217,323.6690773187682,2554.2789306640625
2024-09-04,HALO,506.0,62.130001068115234,31437.78054046631,0.21727935722161917,55.04999923706055,3582.480926513672
2024-09-04,TPL,107.0,265.30718994140625,28387.86932373047,0.1962001735972417,271.29547119140625,-640.74609375
2024-09-04,ADBE,39.0,575.25,22434.75,0.15505573153146698,571.0399780273438,164.19085693359375
2024-09-04,AAON,278.0,88.21025085449219,24522.449737548828,0.16948467814436372,88.57730102539062,-102.03994750976562
2024-09-05,UTHR,86.0,350.010009765625,30100.86083984375,0.21081477698204584,323.6690773187682,2265.3201904296875
2024-09-05,HALO,506.0,61.04999923706055,30891.299613952637,0.2163507041692562,55.04999923706055,3036.0
2024-09-05,TPL,107.0,261.6664123535156,27998.306121826172,0.1960892976567268,271.29547119140625,-1030.3092956542969
2024-09-05,ADBE,39.0,567.9299926757812,22149.26971435547,0.15512491087850458,571.0399780273438,-121.2894287109375
2024-09-05,AAON,278.0,86.79166412353516,24128.082626342773,0.16898375049606157,88.57730102539062,-496.4070587158203
2024-09-06,UTHR,86.0,345.6300048828125,29724.180419921875,0.2100636459924164,323.6690773187682,1888.6397705078125
2024-09-06,HALO,506.0,59.209999084472656,29960.259536743164,0.21173203984959107,55.04999923706055,2104.9599227905273
2024-09-06,TPL,107.0,263.5743103027344,28202.451202392578,0.19930943904267162,271.29547119140625,-826.1642150878906
2024-09-06,ADBE,39.0,563.4099731445312,21972.98895263672,0.15528522931614233,571.0399780273438,-297.5701904296875
2024-09-06,AAON,278.0,86.78173065185547,24125.32112121582,0.1704959680591848,88.57730102539062,-499.16856384277344
2024-09-09,UTHR,86.0,348.7099914550781,29989.05926513672,0.21101993576449976,323.6690773187682,2153.5186157226562
2024-09-09,HALO,506.0,59.2400016784668,29975.4408493042,0.21092410890948624,55.04999923706055,2120.1412353515625
2024-09-09,TPL,107.0,261.2669677734375,27955.565551757812,0.19671112704259422,271.29547119140625,-1073.0498657226562
2024-09-09,ADBE,39.0,569.8800048828125,22225.320190429688,0.1563898886412278,571.0399780273438,-45.23895263671875
2024-09-09,AAON,278.0,87.96331024169922,24453.800247192383,0.1720707312536274,88.57730102539062,-170.68943786621094
2024-09-10,UTHR,86.0,342.4599914550781,29451.55926513672,0.20808078556153228,323.6690773187682,1616.0186157226562
2024-09-10,HALO,506.0,59.2599983215332,29985.5591506958,0.21185359482696342,55.04999923706055,2130.259536743164
2024-09-10,TPL,107.0,259.9895324707031,27818.879974365234,0.19654560040086302,271.29547119140625,-1209.7354431152344
2024-09-10,ADBE,39.0,574.47998046875,22404.71923828125,0.15829354016260083,571.0399780273438,134.16009521484375
2024-09-10,AAON,278.0,87.63566589355469,24362.715118408203,0.1721271479928438,88.57730102539062,-261.7745666503906
2024-09-11,UTHR,86.0,346.19000244140625,29772.340209960938,0.2079468586738848,323.6690773187682,1936.799560546875
2024-09-11,HALO,506.0,59.38999938964844,30051.33969116211,0.20989554880970476,55.04999923706055,2196.0400772094727
2024-09-11,TPL,107.0,260.5176696777344,27875.390655517578,0.19469749036331627,271.29547119140625,-1153.2247619628906
2024-09-11,ADBE,39.0,580.3800048828125,22634.820190429688,0.1580943829760923,571.0399780273438,364.26104736328125
2024-09-11,AAON,278.0,91.0910415649414,25323.30955505371,0.17687231289389796,88.57730102539062,698.8198699951172
2024-09-12,UTHR,86.0,341.1099853515625,29335.458740234375,0.20339620887405205,323.6690773187682,1499.9180908203125
2024-09-12,HALO,506.0,60.540000915527344,30633.240463256836,0.21239432561550833,55.04999923706055,2777.940849304199
2024-09-12,TPL,107.0,262.31329345703125,28067.522399902344,0.19460502387841852,271.29547119140625,-961.093017578125
2024-09-12,ADBE,39.0,586.5499877929688,22875.44952392578,0.1586059979718275,571.0399780273438,604.890380859375
2024-09-12,AAON,278.0,92.80880737304688,25800.84844970703,0.17888913232527298,88.57730102539062,1176.3587646484375
2024-09-13,UTHR,86.0,339.1199951171875,29164.319580078125,0.20296054340411673,323.6690773187682,1328.7789306640625
2024-09-13,HALO,506.0,62.29999923706055,31523.799613952637,0.21938065389260056,55.04999923706055,3668.5
2024-09-13,TPL,107.0,267.0334777832031,28572.582122802734,0.19884251981877576,271.29547119140625,-456.0332946777344
2024-09-13,ADBE,39.0,536.8699951171875,20937.929809570312,0.1457113923141375,571.0399780273438,-1332.6293334960938
2024-09-13,AAON,278.0,93.4542007446289,25980.267807006836,0.18080206731435297,88.57730102539062,1355.7781219482422
2024-09-16,UTHR,86.0,344.9800109863281,29668.28094482422,0.20388192006648254,323.6690773187682,1832.7402954101562
2024-09-16,HALO,506.0,62.90999984741211,31832.459922790527,0.2187542669414458,55.04999923706055,3977.1603088378906
2024-09-16,TPL,107.0,276.810546875,29618.728515625,0.20354139327870255,271.29547119140625,590.1130981445312
2024-09-16,ADBE,39.0,521.5,20338.5,0.13976719578002916,571.0399780273438,-1932.0591430664062
2024-09-16,AAON,278.0,95.47978210449219,26543.379425048828,0.18240743952427158,88.57730102539062,1918.8897399902344
2024-09-17,UTHR,86.0,345.0199890136719,29671.71905517578,0.2032165369215093,323.6690773187682,1836.1784057617188
2024-09-17,HALO,506.0,61.93000030517578,31336.580154418945,0.21461888629042855,55.04999923706055,3481.2805404663086
2024-09-17,TPL,107.0,288.3304748535156,30851.360809326172,0.21129570185430888,271.29547119140625,1822.7453918457031
2024-09-17,ADBE,39.0,515.030029296875,20086.171142578125,0.13756675614301717,571.0399780273438,-2184.3880004882812
2024-09-17,AAON,278.0,95.49962615966797,26548.896072387695,0.1818288555808694,88.57730102539062,1924.4063873291016
2024-09-18,UTHR,86.0,342.5899963378906,29462.739685058594,0.2014899364921903,323.6690773187682,1627.1990356445312
2024-09-18,HALO,506.0,62.310001373291016,31528.860694885254,0.21561973553685526,55.04999923706055,3673.561080932617
2024-09-18,TPL,107.0,291.06683349609375,31144.15118408203,0.21298878214527392,271.29547119140625,2115.5357666015625
2024-09-18,ADBE,39.0,508.1300048828125,19817.070190429688,0.13552508208039765,571.0399780273438,-2453.4889526367188
2024-09-18,AAON,278.0,96.24432373046875,26755.921997070312,0.1829785376922585,88.57730102539062,2131.4323120117188
2024-09-19,UTHR,86.0,351.3299865722656,30214.378845214844,0.2027976206862435,323.6690773187682,2378.8381958007812
2024-09-19,HALO,506.0,59.5,30107.0,0.2020768984621275,55.04999923706055,2251.7003860473633
2024-09-19,TPL,107.0,302.243408203125,32340.044677734375,0.2170649989903742,271.29547119140625,3311.4292602539062
2024-09-19,ADBE,39.0,526.4400024414062,20531.160095214844,0.13780426989970485,571.0399780273438,-1739.3990478515625
2024-09-19,AAON,278.0,101.72526550292969,28279.623809814453,0.18981162750068217,88.57730102539062,3655.1341247558594
2024-09-20,UTHR,86.0,353.0,30358.0,0.20237537945825598,323.6690773187682,2522.4593505859375
2024-09-20,HALO,506.0,59.2400016784668,29975.4408493042,0.1998251273570869,55.04999923706055,2120.1412353515625
2024-09-20,TPL,107.0,309.0496826171875,33068.31604003906,0.2204431453537268,271.29547119140625,4039.7006225585938
2024-09-20,ADBE,39.0,522.2999877929688,20369.69952392578,0.1357904233020995,571.0399780273438,-1900.859619140625
2024-09-20,AAON,278.0,103.31395721435547,28721.28010559082,0.1914645220335925,88.57730102539062,4096.790420532227
2024-09-23,UTHR,86.0,355.5899963378906,30580.739685058594,0.2016008654827897,323.6690773187682,2745.1990356445312
2024-09-23,HALO,506.0,58.529998779296875,29616.17938232422,0.19524208561532297,55.04999923706055,1760.879768371582
2024-09-23,TPL,107.0,314.2815246582031,33628.123138427734,0.22169047574023282,271.29547119140625,4599.507720947266
2024-09-23,ADBE,39.0,527.8699951171875,20586.929809570312,0.13571754345989967,571.0399780273438,-1683.6293334960938
2024-09-23,AAON,278.0,107.05728149414062,29761.924255371094,0.19620289600933333,88.57730102539062,5137.4345703125
2024-09-24,UTHR,86.0,357.8699951171875,30776.819580078125,0.20513434535250968,323.6690773187682,2941.2789306640625
2024-09-24,HALO,506.0,56.20000076293945,28437.200386047363,0.1895402632384393,55.04999923706055,581.9007720947266
2024-09-24,TPL,107.0,310.47564697265625,33220.89422607422,0.22142464627832753,271.29547119140625,4192.27880859375
2024-09-24,ADBE,39.0,524.0700073242188,20438.73028564453,0.1362286816567666,571.0399780273438,-1831.828857421875
2024-09-24,AAON,278.0,106.63032531738281,29643.230438232422,0.19757872168235782,88.57730102539062,5018.740753173828
2024-09-25,UTHR,86.0,359.510009765625,30917.86083984375,0.20710413847976858,323.6690773187682,3082.3201904296875
2024-09-25,HALO,506.0,55.869998931884766,28270.21945953369,0.18936884010602534,55.04999923706055,414.9198455810547
2024-09-25,TPL,107.0,306.2275390625,32766.3466796875,0.21948627155604986,271.29547119140625,3737.7312622070312
2024-09-25,ADBE,39.0,517.9000244140625,20198.100952148438,0.1352975329791036,571.0399780273438,-2072.4581909179688
2024-09-25,AAON,278.0,106.54095458984375,29618.385375976562,0.1983995664586348,88.57730102539062,4993.895690917969
2024-09-26,UTHR,86.0,357.7200012207031,30763.92010498047,0.20842439920611827,323.6690773187682,2928.3794555664062
2024-09-26,HALO,506.0,56.95000076293945,28816.700386047363,0.19523205900187898,55.04999923706055,961.4007720947266
2024-09-26,TPL,107.0,288.4591369628906,30865.127655029297,0.20911007654314384,271.29547119140625,1836.5122375488281
2024-09-26,ADBE,39.0,515.3800048828125,20099.820190429688,0.13617552421946041,571.0399780273438,-2170.7389526367188
2024-09-26,AAON,278.0,106.26294708251953,29541.09928894043,0.20013983426607931,88.57730102539062,4916.609603881836
2024-09-27,UTHR,86.0,358.5299987792969,30833.57989501953,0.20809485250959242,323.6690773187682,2998.0392456054688
2024-09-27,HALO,506.0,56.970001220703125,28826.82061767578,0.19455129781166527,55.04999923706055,971.5210037231445
2024-09-27,TPL,107.0,292.8096008300781,31330.62728881836,0.21144940960140618,271.29547119140625,2302.0118713378906
2024-09-27,ADBE,39.0,515.47998046875,20103.71923828125,0.1356793633443822,571.0399780273438,-2166.8399047851562
2024-09-27,AAON,278.0,106.33244323730469,29560.419219970703,0.19950233150498167,88.57730102539062,4935.929534912109
2024-09-30,UTHR,86.0,358.3500061035156,30818.100524902344,0.20752087794109256,323.6690773187682,2982.5598754882812
2024-09-30,HALO,506.0,57.2400016784668,28963.4408493042,0.19503209383023962,55.04999923706055,1108.1412353515625
2024-09-30,TPL,107.0,292.0372619628906,31247.987030029297,0.21041561913018328,271.29547119140625,2219.371612548828
2024-09-30,ADBE,39.0,517.780029296875,20193.421142578125,0.13597711775765944,571.0399780273438,-2077.1380004882812
2024-09-30,AAON,278.0,107.07714080810547,29767.44514465332,0.20044604454094092,88.57730102539062,5142.955459594727
2024-10-01,MELI,9.0,2066.1201171875,18595.0810546875,0.12600198640013102,2066.1201171875,0.0
2024-10-01,SBAC,94.0,233.652587890625,21963.34326171875,0.1488256421591061,233.652587890625,0.0
2024-10-01,CORT,629.0,46.75,29405.75,0.19925607749107604,46.75,0.0
2024-10-01,ALLE,217.0,142.2185516357422,30861.425704956055,0.20911987049307737,142.2185516357422,0.0
2024-10-01,TRU,371.0,102.4127426147461,37995.1275100708,0.2574584926903746,102.4127426147461,0.0
2024-10-02,MELI,9.0,1970.719970703125,17736.479736328125,0.12049959606609843,2066.1201171875,-858.601318359375
2024-10-02,SBAC,94.0,233.0074005126953,21902.69564819336,0.14880438607894708,233.652587890625,-60.647613525390625
2024-10-02,CORT,629.0,45.86000061035156,28845.940383911133,0.19597598937790386,46.75,-559.8096160888672
2024-10-02,ALLE,217.0,143.07205200195312,31046.635284423828,0.21092725651313762,142.2185516357422,185.20957946777344
2024-10-02,TRU,371.0,104.85846710205078,38902.49129486084,0.2642990354728708,102.4127426147461,907.3637847900391
2024-10-03,MELI,9.0,1959.199951171875,17632.799560546875,0.12024081395668641,2066.1201171875,-962.281494140625
2024-10-03,SBAC,94.0,231.02371215820312,21716.228942871094,0.14808635663295586,233.652587890625,-247.11431884765625
2024-10-03,CORT,629.0,45.040000915527344,28330.1605758667,0.19318778935068834,46.75,-1075.5894241333008
2024-10-03,ALLE,217.0,143.12110900878906,31057.280654907227,0.2117844470700418,142.2185516357422,195.85494995117188
2024-10-03,TRU,371.0,105.53176879882812,39152.286224365234,0.2669855542631047,102.4127426147461,1157.1587142944336
2024-10-04,MELI,9.0,1960.0,17640.0,0.12103992269156165,2066.1201171875,-955.0810546875
2024-10-04,SBAC,94.0,226.65187072753906,21305.275848388672,0.14618984929769616,233.652587890625,-658.0674133300781
2024-10-04,CORT,629.0,45.43000030517578,28575.470191955566,0.19607555005154909,46.75,-830.2798080444336
2024-10-04,ALLE,217.0,142.846435546875,30997.676513671875,0.21269593927624036,142.2185516357422,136.2508087158203
2024-10-04,TRU,371.0,103.67024993896484,38461.66272735596,0.2639113765934287,102.4127426147461,466.53521728515625
2024-10-07,MELI,9.0,1963.22998046875,17669.06982421875,0.12112364845935517,2066.1201171875,-926.01123046875
2024-10-07,SBAC,94.0,228.9051971435547,21517.08853149414,0.14750229033478593,233.652587890625,-446.2547302246094
2024-10-07,CORT,629.0,44.65999984741211,28091.139904022217,0.19256822166685816,46.75,-1314.6100959777832
2024-10-07,ALLE,217.0,143.23883056640625,31082.826232910156,0.21307659968595424,142.2185516357422,221.40052795410156
2024-10-07,TRU,371.0,104.47229766845703,38759.22243499756,0.2656992405078219,102.4127426147461,764.0949249267578
2024-10-08,MELI,9.0,2014.22998046875,18128.06982421875,0.12313685385607495,2066.1201171875,-467.01123046875
2024-10-08,SBAC,94.0,229.78146362304688,21599.457580566406,0.14671662660496831,233.652587890625,-363.88568115234375
2024-10-08,CORT,629.0,45.779998779296875,28795.619232177734,0.19559732456186418,46.75,-610.1307678222656
2024-10-08,ALLE,217.0,142.60116577148438,30944.45297241211,0.21019350765239606,142.2185516357422,83.02726745605469
2024-10-08,TRU,371.0,105.10600280761719,38994.32704162598,0.264873138547039,102.4127426147461,999.1995315551758
2024-10-09,MELI,9.0,2047.989990234375,18431.909912109375,0.12475057101960857,2066.1201171875,-163.171142578125
2024-10-09,SBAC,94.0,226.7481689453125,21314.327880859375,0.14425930827111305,233.652587890625,-649.015380859375
2024-10-09,CORT,629.0,45.939998626708984,28896.25913619995,0.19557521953833074,46.75,-509.4908638000488
2024-10-09,ALLE,217.0,143.7882080078125,31202.041137695312,0.21118117804750855,142.2185516357422,340.6154327392578
2024-10-09,TRU,371.0,105.52186584472656,39148.612228393555,0.26496503907654007,102.4127426147461,1153.484718322754
2024-10-10,MELI,9.0,2040.5,18364.5,0.1257213713940164,2066.1201171875,-230.5810546875
2024-10-10,SBAC,94.0,224.59112548828125,21111.565795898438,0.14452748531870516,233.652587890625,-851.7774658203125
2024-10-10,CORT,629.0,45.25,28462.25,0.19484947060684163,46.75,-943.5
2024-10-10,ALLE,217.0,141.89483642578125,30791.17950439453,0.21079306891730296,142.2185516357422,-70.24620056152344
2024-10-10,TRU,371.0,104.00691986083984,38586.56726837158,0.2641594464519666,102.4127426147461,591.4397583007812
2024-10-11,MELI,9.0,2091.159912109375,18820.439208984375,0.1276167592912195,2066.1201171875,225.358154296875
2024-10-11,SBAC,94.0,224.86074829101562,21136.91033935547,0.14332417904731665,233.652587890625,-826.4329223632812
2024-10-11,CORT,629.0,45.43000030517578,28575.470191955566,0.1937632199029324,46.75,-830.2798080444336
2024-10-11,ALLE,217.0,144.50436401367188,31357.446990966797,0.2126271188571977,142.2185516357422,496.0212860107422
2024-10-11,TRU,371.0,104.66041564941406,38829.01420593262,0.26328997450114494,102.4127426147461,833.8866958618164
2024-10-14,MELI,9.0,2079.9599609375,18719.6396484375,0.12583321551672322,2066.1201171875,124.55859375
2024-10-14,SBAC,94.0,230.9370574951172,21708.083404541016,0.14592150216559402,233.652587890625,-255.25985717773438
2024-10-14,CORT,629.0,45.29999923706055,28493.699520111084,0.19153434039966488,46.75,-912.050479888916
2024-10-14,ALLE,217.0,146.6233673095703,31817.270706176758,0.21387535001286442,142.2185516357422,955.8450012207031
2024-10-14,TRU,371.0,105.84862518310547,39269.83994293213,0.2639714399234528,102.4127426147461,1274.7124328613281
2024-10-15,MELI,9.0,2033.6199951171875,18302.579956054688,0.12163888856513297,2066.1201171875,-292.5010986328125
2024-10-15,SBAC,94.0,240.07553100585938,22567.09991455078,0.1499808747365246,233.652587890625,603.7566528320312
2024-10-15,CORT,629.0,46.84000015258789,29462.360095977783,0.1958067521182943,46.75,56.6100959777832
2024-10-15,ALLE,217.0,146.6920166015625,31832.167602539062,0.21155648532003687,142.2185516357422,970.7418975830078
2024-10-15,TRU,371.0,106.59125518798828,39545.35567474365,0.2628183088798587,102.4127426147461,1550.2281646728516
2024-10-16,MELI,9.0,2046.469970703125,18418.229736328125,0.12221819733117296,2066.1201171875,-176.851318359375
2024-10-16,SBAC,94.0,239.53627014160156,22516.409393310547,0.1494125660183957,233.652587890625,553.0661315917969
2024-10-16,CORT,629.0,47.27000045776367,29732.83028793335,0.19729870738757385,46.75,327.0802879333496
2024-10-16,ALLE,217.0,148.06546020507812,32130.204864501953,0.21320701145752907,142.2185516357422,1268.7791595458984
2024-10-16,TRU,371.0,105.51197052001953,39144.941062927246,0.25975482985259823,102.4127426147461,1149.8135528564453
2024-10-17,MELI,9.0,2065.8701171875,18592.8310546875,0.12299892210289898,2066.1201171875,-2.25
2024-10-17,SBAC,94.0,238.04367065429688,22376.105041503906,0.14802677402225672,233.652587890625,412.76177978515625
2024-10-17,CORT,629.0,47.16999816894531,29669.9288482666,0.1962782997636309,46.75,264.17884826660156
2024-10-17,ALLE,217.0,149.5860137939453,32460.164993286133,0.2147368140824294,142.2185516357422,1598.7392883300781
2024-10-17,TRU,371.0,105.94762420654297,39306.56858062744,0.26002847832912285,102.4127426147461,1311.4410705566406
2024-10-18,MELI,9.0,2079.7900390625,18718.1103515625,0.12199107330556698,2066.1201171875,123.029296875
2024-10-18,SBAC,94.0,238.3036651611328,22400.544525146484,0.14599050961485818,233.652587890625,437.2012634277344
2024-10-18,CORT,629.0,49.75,31292.75,0.20394345836646482,46.75,1887.0
2024-10-18,ALLE,217.0,150.44932556152344,32647.503646850586,0.2127727604883074,142.2185516357422,1786.0779418945312
2024-10-18,TRU,371.0,106.79918670654297,39622.49826812744,0.2582307188061507,102.4127426147461,1627.3707580566406
2024-10-21,MELI,9.0,2100.580078125,18905.220703125,0.12402245186269119,2066.1201171875,310.1396484375
2024-10-21,SBAC,94.0,234.45184326171875,22038.473266601562,0.14457728543642417,233.652587890625,75.1300048828125
2024-10-21,CORT,629.0,49.11000061035156,30890.190383911133,0.20264651812738238,46.75,1484.4403839111328
2024-10-21,ALLE,217.0,149.1249542236328,32360.11506652832,0.2122895509199875,142.2185516357422,1498.6893615722656
2024-10-21,TRU,371.0,106.42292022705078,39482.90340423584,0.25901662634606,102.4127426147461,1487.775894165039
2024-10-22,MELI,9.0,2067.820068359375,18610.380615234375,0.12331868577935541,2066.1201171875,15.299560546875
2024-10-22,SBAC,94.0,232.51629638671875,21856.531860351562,0.14482878348585673,233.652587890625,-106.8114013671875
2024-10-22,CORT,629.0,48.91999816894531,30770.6788482666,0.20389694088258487,46.75,1364.9288482666016
2024-10-22,ALLE,217.0,147.74171447753906,32059.952041625977,0.21244010177234557,142.2185516357422,1198.5263366699219
2024-10-22,TRU,371.0,104.73963165283203,38858.40334320068,0.2574889429099014,102.4127426147461,863.2758331298828
2024-10-23,MELI,9.0,2038.699951171875,18348.299560546875,0.12116788635141079,2066.1201171875,-246.781494140625
2024-10-23,SBAC,94.0,234.66366577148438,22058.38458251953,0.14566842160880744,233.652587890625,95.04132080078125
2024-10-23,CORT,629.0,48.060001373291016,30229.74086380005,0.19963015064859507,46.75,823.9908638000488
2024-10-23,ALLE,217.0,147.99679565429688,32115.304656982422,0.21208197369883128,142.2185516357422,1253.8789520263672
2024-10-23,TRU,371.0,107.60121154785156,39920.04948425293,0.26362268629248853,102.4127426147461,1924.921974182129
2024-10-24,MELI,9.0,2055.929931640625,18503.369384765625,0.12389454845162648,2066.1201171875,-91.711669921875
2024-10-24,SBAC,94.0,236.95555114746094,22273.821807861328,0.14914068015358517,233.652587890625,310.4785461425781
2024-10-24,CORT,629.0,47.2400016784668,29713.961055755615,0.1989582389650104,46.75,308.21105575561523
2024-10-24,ALLE,217.0,142.51287841796875,30925.29461669922,0.20706906577912415,142.2185516357422,63.86891174316406
2024-10-24,TRU,371.0,105.59117889404297,39174.32736968994,0.2623028000705616,102.4127426147461,1179.1998596191406
2024-10-25,MELI,9.0,2047.3499755859375,18426.149780273438,0.12516112281602002,2066.1201171875,-168.9312744140625
2024-10-25,SBAC,94.0,232.8340606689453,21886.40170288086,0.1486651657671682,233.652587890625,-76.94155883789062
2024-10-25,CORT,629.0,47.279998779296875,29739.119232177734,0.20200538902835424,46.75,333.3692321777344
2024-10-25,ALLE,217.0,139.8935546875,30356.9013671875,0.20620172448614368,142.2185516357422,-504.5243377685547
2024-10-25,TRU,371.0,102.57118225097656,38053.908615112305,0.2584842729816882,102.4127426147461,58.781105041503906
2024-10-28,MELI,9.0,2056.090087890625,18504.810791015625,0.12522460687477674,2066.1201171875,-90.270263671875
2024-10-28,SBAC,94.0,231.05258178710938,21718.94268798828,0.14697508072655455,233.652587890625,-244.40057373046875
2024-10-28,CORT,629.0,48.34000015258789,30405.860095977783,0.20576064895821092,46.75,1000.1100959777832
2024-10-28,ALLE,217.0,139.62867736816406,30299.4229888916,0.20504037437435907,142.2185516357422,-562.0027160644531
2024-10-28,TRU,371.0,102.66029357910156,38086.96891784668,0.2577397717627473,102.4127426147461,91.8414077758789
2024-10-29,MELI,9.0,2026.5699462890625,18239.129516601562,0.12528026287918298,2066.1201171875,-355.9515380859375
2024-10-29,SBAC,94.0,223.1659393310547,20977.59829711914,0.14409015665165736,233.652587890625,-985.7449645996094
2024-10-29,CORT,629.0,48.209999084472656,30324.0894241333,0.20828899159739775,46.75,918.3394241333008
2024-10-29,ALLE,217.0,137.1270751953125,29756.575317382812,0.20439087154640348,142.2185516357422,-1104.8503875732422
2024-10-29,TRU,371.0,101.16514587402344,37532.269119262695,0.25780027152247503,102.4127426147461,-462.85839080810547
2024-10-30,MELI,9.0,2020.719970703125,18186.479736328125,0.12552182241120619,2066.1201171875,-408.601318359375
2024-10-30,SBAC,94.0,223.2911376953125,20989.366943359375,0.14486715561149777,233.652587890625,-973.976318359375
2024-10-30,CORT,629.0,46.88999938964844,29493.809616088867,0.20356422939099786,46.75,88.05961608886719
2024-10-30,ALLE,217.0,136.4109344482422,29601.172775268555,0.204305242472993,142.2185516357422,-1260.2529296875
2024-10-30,TRU,371.0,102.04639434814453,37859.21230316162,0.2613016588280692,102.4127426147461,-135.9152069091797
2024-10-31,MELI,9.0,2037.1800537109375,18334.620483398438,0.12592265692211804,2066.1201171875,-260.4605712890625
2024-10-31,SBAC,94.0,220.97042846679688,20771.220275878906,0.14265728854445475,233.652587890625,-1192.1229858398438
2024-10-31,CORT,629.0,48.970001220703125,30802.130767822266,0.21154984629536006,46.75,1396.3807678222656
2024-10-31,ALLE,217.0,136.97991943359375,29724.642517089844,0.20414962857842137,142.2185516357422,-1136.783187866211
2024-10-31,TRU,371.0,100.3036880493164,37212.66826629639,0.2555775868661375,102.4127426147461,-782.4592437744141
2024-11-01,ORCL,141.0,167.3173828125,23591.7509765625,0.16451277913733883,167.3173828125,0.0
2024-11-01,GILD,289.0,85.30164337158203,24652.174934387207,0.17190745249324493,85.30164337158203,0.0
2024-11-01,NVDA,192.0,135.1887664794922,25956.2431640625,0.18100113480880198,135.1887664794922,0.0
2024-11-01,VST,225.0,118.5049819946289,26663.620948791504,0.1859339049699229,118.5049819946289,0.0
2024-11-01,TPL,91.0,387.0614318847656,35222.59030151367,0.24561831907578927,387.0614318847656,0.0
2024-11-04,ORCL,141.0,166.8942108154297,23532.083724975586,0.16368029990464303,167.3173828125,-59.66725158691406
2024-11-04,GILD,289.0,85.61614227294922,24743.065116882324,0.17210342977800244,85.30164337158203,90.89018249511719
2024-11-04,NVDA,192.0,135.83773803710938,26080.845703125,0.18140852702829013,135.1887664794922,124.6025390625
2024-11-04,VST,225.0,114.76667785644531,25822.502517700195,0.17961158925759144,118.5049819946289,-841.1184310913086
2024-11-04,TPL,91.0,398.6011047363281,36272.70053100586,0.2522992256297738,387.0614318847656,1050.1102294921875
2024-11-05,ORCL,141.0,169.0493927001953,23835.96437072754,0.16175344092865968,167.3173828125,244.21339416503906
2024-11-05,GILD,289.0,85.97827911376953,24847.722663879395,0.16861934250327362,85.30164337158203,195.5477294921875
2024-11-05,NVDA,192.0,139.6917266845703,26820.8115234375,0.18200893762632536,135.1887664794922,864.568359375
2024-11-05,VST,225.0,120.87489318847656,27196.850967407227,0.18456078210137844,118.5049819946289,533.2300186157227
2024-11-05,TPL,91.0,410.34210205078125,37341.131286621094,0.2534009692176525,387.0614318847656,2118.540985107422
2024-11-06,ORCL,141.0,178.35902404785156,25148.62239074707,0.16361910788932196,167.3173828125,1556.8714141845703
2024-11-06,GILD,289.0,87.37916564941406,25252.578872680664,0.164295457733421,85.30164337158203,600.403938293457
2024-11-06,NVDA,192.0,145.3828582763672,27913.5087890625,0.18160769743823255,135.1887664794922,1957.265625
2024-11-06,VST,225.0,125.02963256835938,28131.66732788086,0.18302705572137376,118.5049819946289,1468.0463790893555
2024-11-06,TPL,91.0,438.8843688964844,39938.47756958008,0.2598431822172772,387.0614318847656,4715.887268066406
2024-11-07,ORCL,141.0,183.40748596191406,25860.455520629883,0.16256981742399734,167.3173828125,2268.704544067383
2024-11-07,GILD,289.0,93.29719543457031,26962.88948059082,0.1695001859726059,85.30164337158203,2310.7145462036133
2024-11-07,NVDA,192.0,148.64776611328125,28540.37109375,0.17941690602560034,135.1887664794922,2584.1279296875
2024-11-07,VST,225.0,134.58859252929688,30282.433319091797,0.1903682497747131,118.5049819946289,3618.812370300293
2024-11-07,TPL,91.0,440.7625427246094,40109.39138793945,0.252144685917201,387.0614318847656,4886.801086425781
2024-11-08,ORCL,141.0,186.24169921875,26260.07958984375,0.16269466825618117,167.3173828125,2668.32861328125
2024-11-08,GILD,289.0,92.02971649169922,26596.588066101074,0.16477951094383445,85.30164337158203,1944.4131317138672
2024-11-08,NVDA,192.0,147.399658203125,28300.734375,0.17533757179958054,135.1887664794922,2344.4912109375
2024-11-08,VST,225.0,140.70669555664062,31659.00650024414,0.19614379089199674,118.5049819946289,4995.385551452637
2024-11-08,TPL,91.0,453.55322265625,41273.34326171875,0.25570954066665785,387.0614318847656,6050.752960205078
2024-11-11,ORCL,141.0,186.1236114501953,26243.42921447754,0.16129103634024355,167.3173828125,2651.678237915039
2024-11-11,GILD,289.0,92.46810150146484,26723.28133392334,0.16424018772602278,85.30164337158203,2071.106399536133
2024-11-11,NVDA,192.0,145.03338623046875,27846.41015625,0.17114289126435192,135.1887664794922,1890.1669921875
2024-11-11,VST,225.0,144.57388305664062,32529.12368774414,0.19992265598970693,118.5049819946289,5865.502738952637
2024-11-11,TPL,91.0,462.0760192871094,42048.91775512695,0.2584309186990186,387.0614318847656,6826.327453613281
2024-11-12,ORCL,141.0,186.56646728515625,26305.87188720703,0.16237363026906773,167.3173828125,2714.1209106445312
2024-11-12,GILD,289.0,89.91409301757812,25985.172882080078,0.16039410790579392,85.30164337158203,1332.997947692871
2024-11-12,NVDA,192.0,148.0586395263672,28427.2587890625,0.17546794221343015,135.1887664794922,2471.015625
2024-11-12,VST,225.0,140.9645233154297,31717.01774597168,0.19577405891748437,118.5049819946289,5053.396797180176
2024-11-12,TPL,91.0,464.34698486328125,42255.575622558594,0.2608235622207477,387.0614318847656,7032.985321044922
2024-11-13,ORCL,141.0,186.61566162109375,26312.80828857422,0.16452330087168537,167.3173828125,2721.0573120117188
2024-11-13,GILD,289.0,88.27496337890625,25511.464416503906,0.1595128231788291,85.30164337158203,859.2894821166992
2024-11-13,NVDA,192.0,146.04180908203125,28040.02734375,0.17532289995550446,135.1887664794922,2083.7841796875
2024-11-13,VST,225.0,140.92483520507812,31708.087921142578,0.1982577926272219,118.5049819946289,5044.466972351074
2024-11-13,TPL,91.0,451.03143310546875,41043.860412597656,0.25663058543733874,387.0614318847656,5821.270111083984
2024-11-14,ORCL,141.0,184.07667541503906,25954.811233520508,0.1636980416682432,167.3173828125,2363.060256958008
2024-11-14,GILD,289.0,87.7794189453125,25368.252075195312,0.15999858939033954,85.30164337158203,716.0771408081055
2024-11-14,NVDA,192.0,146.531005859375,28133.953125,0.17744197750129295,135.1887664794922,2177.7099609375
2024-11-14,VST,225.0,137.29562377929688,30891.515350341797,0.19483403371797559,118.5049819946289,4227.894401550293
2024-11-14,TPL,91.0,449.3083801269531,40887.062591552734,0.2578763534662091,387.0614318847656,5664.4722900390625
2024-11-15,ORCL,141.0,180.8192901611328,25495.519912719727,0.1624529007203842,167.3173828125,1903.7689361572266
2024-11-15,GILD,289.0,84.24383544921875,24346.46844482422,0.15513134992731675,85.30164337158203,-305.7064895629883
2024-11-15,NVDA,192.0,141.75848388671875,27217.62890625,0.17342587174876012,135.1887664794922,1261.3857421875
2024-11-15,VST,225.0,140.95458984375,31714.78271484375,0.20208093286117515,118.5049819946289,5051.161766052246
2024-11-15,TPL,91.0,448.8924865722656,40849.21627807617,0.26028391259505446,387.0614318847656,5626.6259765625
2024-11-18,ORCL,141.0,182.77764892578125,25771.648498535156,0.16203680300269088,167.3173828125,2179.8975219726562
2024-11-18,GILD,289.0,84.30101013183594,24362.991928100586,0.15318000801672302,85.30164337158203,-289.1830062866211
2024-11-18,NVDA,192.0,139.93133544921875,26866.81640625,0.16892256766486785,135.1887664794922,910.5732421875
2024-11-18,VST,225.0,145.3969268798828,32714.308547973633,0.20568812157509253,118.5049819946289,6050.687599182129
2024-11-18,TPL,91.0,461.7030029296875,42014.97326660156,0.26416517153532504,387.0614318847656,6792.382965087891
2024-11-19,ORCL,141.0,185.8972625732422,26211.51402282715,0.16072215225904288,167.3173828125,2619.7630462646484
2024-11-19,GILD,289.0,83.62439727783203,24167.450813293457,0.14818849097935968,85.30164337158203,-484.72412109375
2024-11-19,NVDA,192.0,146.7806396484375,28181.8828125,0.1728039386199709,135.1887664794922,2225.6396484375
2024-11-19,VST,225.0,153.5576934814453,34550.481033325195,0.21185451814897951,118.5049819946289,7886.860084533691
2024-11-19,TPL,91.0,468.7601623535156,42657.17477416992,0.26156264506598176,387.0614318847656,7434.58447265625
2024-11-20,ORCL,141.0,187.7178497314453,26468.21681213379,0.16115849242249636,167.3173828125,2876.465835571289
2024-11-20,GILD,289.0,84.46302032470703,24409.812873840332,0.14862537476495064,85.30164337158203,-242.362060546875
2024-11-20,NVDA,192.0,145.66241455078125,27967.18359375,0.17028533419016417,135.1887664794922,2010.9404296875
2024-11-20,VST,225.0,153.3296356201172,34499.16801452637,0.21005698821775895,118.5049819946289,7835.547065734863
2024-11-20,TPL,91.0,478.8507995605469,43575.422760009766,0.2653200813836757,387.0614318847656,8352.832458496094
2024-11-21,ORCL,141.0,189.37112426757812,26701.328521728516,0.15748238709519788,167.3173828125,3109.5775451660156
2024-11-21,GILD,289.0,85.53990173339844,24721.03160095215,0.14580274778484104,85.30164337158203,68.8566665649414
2024-11-21,NVDA,192.0,146.44119262695312,28116.708984375,0.165830192475896,135.1887664794922,2160.4658203125
2024-11-21,VST,225.0,165.2089080810547,37172.004318237305,0.21923762963274676,118.5049819946289,10508.3833694458
2024-11-21,TPL,91.0,500.2500305175781,45522.75277709961,0.26848970337368466,387.0614318847656,10300.162475585938
2024-11-22,ORCL,141.0,189.2333526611328,26681.902725219727,0.15321998131213363,167.3173828125,3090.1517486572266
2024-11-22,GILD,289.0,85.94967651367188,24839.456512451172,0.14263979229052462,85.30164337158203,187.28157806396484
2024-11-22,NVDA,192.0,141.72854614257812,27211.880859375,0.15626336396169097,135.1887664794922,1255.6376953125
2024-11-22,VST,225.0,160.55833435058594,36125.625228881836,0.2074502586813863,118.5049819946289,9462.004280090332
2024-11-22,TPL,91.0,571.0428466796875,51964.89904785156,0.29840678691452505,387.0614318847656,16742.30874633789
2024-11-25,ORCL,141.0,185.00172424316406,26085.243118286133,0.15594675000750674,167.3173828125,2493.492141723633
2024-11-25,GILD,289.0,86.2355728149414,24922.080543518066,0.14899295538719573,85.30164337158203,269.9056091308594
2024-11-25,NVDA,192.0,135.80780029296875,26075.09765625,0.15588609687022584,135.1887664794922,118.8544921875
2024-11-25,VST,225.0,152.84375,34389.84375,0.20559457091350392,118.5049819946289,7726.222801208496
2024-11-25,TPL,91.0,532.7532958984375,48480.54992675781,0.28983376407002365,387.0614318847656,13257.95962524414
2024-11-26,ORCL,141.0,187.34390258789062,26415.490264892578,0.15663628501793878,167.3173828125,2823.739288330078
2024-11-26,GILD,289.0,87.05513763427734,25158.934776306152,0.14918527117426747,85.30164337158203,506.7598419189453
2024-11-26,NVDA,192.0,136.70639038085938,26247.626953125,0.15564090369878048,135.1887664794922,291.3837890625
2024-11-26,VST,225.0,161.2921142578125,36290.72570800781,0.2151936003649435,118.5049819946289,9627.104759216309
2024-11-26,TPL,91.0,518.8138427734375,47212.05969238281,0.2799539801874688,387.0614318847656,11989.46939086914
2024-11-27,ORCL,141.0,179.7958221435547,25351.21092224121,0.15116917357391796,167.3173828125,1759.459945678711
2024-11-27,GILD,289.0,88.0653076171875,25450.873901367188,0.1517634635365,85.30164337158203,798.6989669799805
2024-11-27,NVDA,192.0,135.12884521484375,25944.73828125,0.15470837494106654,135.1887664794922,-11.5048828125
2024-11-27,VST,225.0,153.22056579589844,34474.62730407715,0.2055720704944314,118.5049819946289,7811.0063552856445
2024-11-27,TPL,91.0,540.2428588867188,49162.100158691406,0.293153414838558,387.0614318847656,13939.509857177734
2024-11-29,ORCL,141.0,181.9017791748047,25648.15086364746,0.15204301384151003,167.3173828125,2056.399887084961
2024-11-29,GILD,289.0,88.22731018066406,25497.692642211914,0.15115109295544266,85.30164337158203,845.517707824707
2024-11-29,NVDA,192.0,138.03433227539062,26502.591796875,0.15710816552936907,135.1887664794922,546.3486328125
2024-11-29,VST,225.0,158.49581909179688,35661.5592956543,0.21140280180135815,118.5049819946289,8997.938346862793
2024-11-29,TPL,91.0,528.1618041992188,48062.724182128906,0.2849172822217593,387.0614318847656,12840.133880615234
2024-12-02,ORCL,232.0,178.5263214111328,41418.10656738281,0.25286036876135254,171.7139923490327,1580.4603424072266
2024-12-02,CSCO,403.0,57.31700134277344,23098.751541137695,0.14101945541901223,57.31700134277344,0.0
2024-12-02,RYAN,374.0,72.93269348144531,27276.827362060547,0.16652689359880155,72.93269348144531,0.0
2024-12-02,BRBR,400.0,77.62000274658203,31048.001098632812,0.18955016676898903,77.62000274658203,0.0
2024-12-02,FFIV,130.0,252.13999938964844,32778.1999206543,0.2001131487212192,252.13999938964844,0.0
2024-12-03,ORCL,232.0,179.98280334472656,41756.01037597656,0.2549184913994921,171.7139923490327,1918.3641510009766
2024-12-03,CSCO,403.0,57.36522674560547,23118.186378479004,0.14113544714714202,57.31700134277344,19.434837341308594
2024-12-03,RYAN,374.0,73.14939880371094,27357.87515258789,0.16701854892261722,72.93269348144531,81.04779052734375
2024-12-03,BRBR,400.0,76.86000061035156,30744.000244140625,0.18769068431717123,77.62000274658203,-304.0008544921875
2024-12-03,FFIV,130.0,251.1300048828125,32646.900634765625,0.19930780224807185,252.13999938964844,-131.29928588867188
2024-12-04,ORCL,232.0,185.19857788085938,42966.070068359375,0.25928687312921084,171.7139923490327,3128.423843383789
2024-12-04,CSCO,403.0,57.500244140625,23172.598388671875,0.1398394260615035,57.31700134277344,73.84684753417969
2024-12-04,RYAN,374.0,73.3759536743164,27442.606674194336,0.16560759836181965,72.93269348144531,165.77931213378906
2024-12-04,BRBR,400.0,77.27999877929688,30911.99951171875,0.18654430537429173,77.62000274658203,-136.0015869140625
2024-12-04,FFIV,130.0,254.1300048828125,33036.900634765625,0.1993674229418745,252.13999938964844,258.7007141113281
2024-12-05,ORCL,232.0,183.27955627441406,42520.85705566406,0.2561678303175827,171.7139923490327,2683.2108306884766
2024-12-05,CSCO,403.0,57.886024475097656,23328.067863464355,0.1405404534123557,57.31700134277344,229.31632232666016
2024-12-05,RYAN,374.0,72.32195281982422,27048.410354614258,0.16295373785647135,72.93269348144531,-228.41700744628906
2024-12-05,BRBR,400.0,78.73999786376953,31495.999145507812,0.18974833348789305,77.62000274658203,447.998046875
2024-12-05,FFIV,130.0,257.04998779296875,33416.49841308594,0.20131842319370394,252.13999938964844,638.2984924316406
2024-12-06,ORCL,232.0,188.64291381835938,43765.156005859375,0.26278138545607777,171.7139923490327,3927.509780883789
2024-12-06,CSCO,403.0,57.760643005371094,23277.53913116455,0.139766529841149,57.31700134277344,178.78759002685547
2024-12-06,RYAN,374.0,71.44527435302734,26720.532608032227,0.16043947330892494,72.93269348144531,-556.2947540283203
2024-12-06,BRBR,400.0,77.94000244140625,31176.0009765625,0.1871916720348101,77.62000274658203,127.9998779296875
2024-12-06,FFIV,130.0,257.1400146484375,33428.201904296875,0.20071467832859016,252.13999938964844,650.0019836425781
2024-12-09,ORCL,232.0,187.42262268066406,43482.04846191406,0.2648924589654212,171.7139923490327,3644.4022369384766
2024-12-09,CSCO,403.0,56.854068756103516,22912.189708709717,0.13958096471785147,57.31700134277344,-186.56183242797852
2024-12-09,RYAN,374.0,67.85971069335938,25379.531799316406,0.1546120025049088,72.93269348144531,-1897.2955627441406
2024-12-09,BRBR,400.0,76.66999816894531,30667.999267578125,0.18682932439703423,77.62000274658203,-380.0018310546875
2024-12-09,FFIV,130.0,257.9200134277344,33529.60174560547,0.20426219482976357,252.13999938964844,751.4018249511719
2024-12-10,ORCL,232.0,174.9146728515625,40580.2041015625,0.2526665631258917,171.7139923490327,742.5578765869141
2024-12-10,CSCO,403.0,56.63225173950195,22822.797451019287,0.1421027301497818,57.31700134277344,-275.9540901184082
2024-12-10,RYAN,374.0,66.77616882324219,24974.287139892578,0.15549865846812846,72.93269348144531,-2302.5402221679688
2024-12-10,BRBR,400.0,77.05999755859375,30823.9990234375,0.19192101339746387,77.62000274658203,-224.0020751953125
2024-12-10,FFIV,130.0,255.60000610351562,33228.00079345703,0.20688917037023788,252.13999938964844,449.8008728027344
2024-12-11,ORCL,232.0,175.74131774902344,40771.98571777344,0.25236934024650226,171.7139923490327,934.3394927978516
2024-12-11,CSCO,403.0,56.506866455078125,22772.267181396484,0.14095516672323488,57.31700134277344,-326.48435974121094
2024-12-11,RYAN,374.0,67.18987274169922,25129.012405395508,0.1555428849037221,72.93269348144531,-2147.814956665039
2024-12-11,BRBR,400.0,77.23999786376953,30895.999145507812,0.19123922426984774,77.62000274658203,-152.001953125
2024-12-11,FFIV,130.0,260.07000732421875,33809.10095214844,0.20927066345708134,252.13999938964844,1030.9010314941406
2024-12-12,ORCL,232.0,172.53314208984375,40027.68896484375,0.24836967742904448,171.7139923490327,190.04273986816406
2024-12-12,CSCO,403.0,56.75762176513672,22873.321571350098,0.1419277417039159,57.31700134277344,-225.42996978759766
2024-12-12,RYAN,374.0,66.52989959716797,24882.18244934082,0.15439261642362806,72.93269348144531,-2394.6449127197266
2024-12-12,BRBR,400.0,77.98999786376953,31195.999145507812,0.19356951263540847,77.62000274658203,147.998046875
2024-12-12,FFIV,130.0,261.57000732421875,34004.10095214844,0.2109936347353832,252.13999938964844,1225.9010314941406
2024-12-13,ORCL,232.0,170.63381958007812,39587.046142578125,0.24635814887518556,171.7139923490327,-250.60008239746094
2024-12-13,CSCO,403.0,56.53579330444336,22783.924701690674,0.14178894513634907,57.31700134277344,-314.8268394470215
2024-12-13,RYAN,374.0,66.5890121459961,24904.29054260254,0.15498440815785966,72.93269348144531,-2372.536819458008
2024-12-13,BRBR,400.0,78.0,31200.0,0.19416387414262404,77.62000274658203,151.9989013671875
2024-12-13,FFIV,130.0,261.80999755859375,34035.29968261719,0.21180851423019792,252.13999938964844,1257.0997619628906
2024-12-16,ORCL,232.0,168.5081329345703,39093.88684082031,0.24458024791162605,171.7139923490327,-743.7593841552734
2024-12-16,CSCO,403.0,56.2754020690918,22678.987033843994,0.14188490117923835,57.31700134277344,-419.7645072937012
2024-12-16,RYAN,374.0,65.4561996459961,24480.61866760254,0.1531563184579621,72.93269348144531,-2796.208694458008
2024-12-16,BRBR,400.0,77.93000030517578,31172.000122070312,0.1950191227799957,77.62000274658203,123.9990234375
2024-12-16,FFIV,130.0,263.3599853515625,34236.798095703125,0.21419319598592393,252.13999938964844,1458.5981750488281
2024-12-17,ORCL,232.0,167.01231384277344,38746.85681152344,0.24452146211843276,171.7139923490327,-1090.7894134521484
2024-12-17,CSCO,403.0,56.43935775756836,22745.06117630005,0.1435382395494861,57.31700134277344,-353.6903648376465
2024-12-17,RYAN,374.0,64.49085998535156,24119.581634521484,0.15221248514806188,72.93269348144531,-3157.2457275390625
2024-12-17,BRBR,400.0,77.23999786376953,30895.999145507812,0.19497671569639727,77.62000274658203,-152.001953125
2024-12-17,FFIV,130.0,259.79998779296875,33773.99841308594,0.21313902992764325,252.13999938964844,995.7984924316406
2024-12-18,ORCL,232.0,162.78067016601562,37765.115478515625,0.2440641402558495,171.7139923490327,-2072.530746459961
2024-12-18,CSCO,403.0,55.48455047607422,22360.27384185791,0.1445074625603373,57.31700134277344,-738.4776992797852
2024-12-18,RYAN,374.0,62.776878356933594,23478.552505493164,0.15173454811663245,72.93269348144531,-3798.274856567383
2024-12-18,BRBR,400.0,75.4800033569336,30192.001342773438,0.19512147009108222,77.62000274658203,-855.999755859375
2024-12-18,FFIV,130.0,252.0,32760.0,0.21171764294829842,252.13999938964844,-18.199920654296875
2024-12-19,ORCL,232.0,166.10693359375,38536.80859375,0.2469412649374823,171.7139923490327,-1300.837631225586
2024-12-19,CSCO,403.0,55.58100128173828,22399.143516540527,0.14353219779563686,57.31700134277344,-699.608024597168
2024-12-19,RYAN,374.0,62.205562591552734,23264.880409240723,0.14907978129275873,72.93269348144531,-4011.946952819824
2024-12-19,BRBR,400.0,77.80999755859375,31123.9990234375,0.19944048220970545,77.62000274658203,75.9979248046875
2024-12-19,FFIV,130.0,250.41000366210938,32553.30047607422,0.2085993493180818,252.13999938964844,-224.89944458007812
2024-12-20,ORCL,232.0,166.96310424804688,38735.440185546875,0.2475532645535301,171.7139923490327,-1102.206039428711
2024-12-20,CSCO,403.0,56.43935775756836,22745.06117630005,0.14536078897494367,57.31700134277344,-353.6903648376465
2024-12-20,RYAN,374.0,63.052696228027344,23581.708389282227,0.15070769475066867,72.93269348144531,-3695.1189727783203
2024-12-20,BRBR,400.0,76.0999984741211,30439.999389648438,0.19453815900423455,77.62000274658203,-608.001708984375
2024-12-20,FFIV,130.0,252.25,32792.5,0.2095726907706761,252.13999938964844,14.300079345703125
2024-12-23,ORCL,232.0,166.45135498046875,38616.71435546875,0.24630235641764428,171.7139923490327,-1220.931869506836
2024-12-23,CSCO,403.0,56.88300704956055,22923.8518409729,0.1462112668267694,57.31700134277344,-174.89970016479492
2024-12-23,RYAN,374.0,62.934486389160156,23537.4979095459,0.1501251801469105,72.93269348144531,-3739.3294525146484
2024-12-23,BRBR,400.0,76.13999938964844,30455.999755859375,0.19425227216051452,77.62000274658203,-592.0013427734375
2024-12-23,FFIV,130.0,254.41000366210938,33073.30047607422,0.2109457518001468,252.13999938964844,295.1005554199219
2024-12-24,ORCL,232.0,168.685302734375,39134.990234375,0.24721420203905126,171.7139923490327,-702.6559906005859
2024-12-24,CSCO,403.0,57.72206497192383,23261.992183685303,0.14694509443053783,57.31700134277344,163.24064254760742
2024-12-24,RYAN,374.0,63.5255126953125,23758.541748046875,0.150081778599649,72.93269348144531,-3518.285614013672
2024-12-24,BRBR,400.0,76.66000366210938,30664.00146484375,0.19370329743425094,77.62000274658203,-383.9996337890625
2024-12-24,FFIV,130.0,256.20001220703125,33306.00158691406,0.21039270882935052,252.13999938964844,527.8016662597656
2024-12-26,ORCL,232.0,168.9509735107422,39196.62585449219,0.24721843614219588,171.7139923490327,-641.0203704833984
2024-12-26,CSCO,403.0,57.84744644165039,23312.520915985107,0.14703523167470703,57.31700134277344,213.7693748474121
2024-12-26,RYAN,374.0,63.43686294555664,23725.386741638184,0.1496392324408294,72.93269348144531,-3551.4406204223633
2024-12-26,BRBR,400.0,76.77999877929688,30711.99951171875,0.19370474689001413,77.62000274658203,-336.0015869140625
2024-12-26,FFIV,130.0,257.1199951171875,33425.599365234375,0.21081978925596156,252.13999938964844,647.3994445800781
2024-12-27,ORCL,232.0,166.27423095703125,38575.62158203125,0.24547784592903568,171.7139923490327,-1262.024642944336
2024-12-27,CSCO,403.0,57.490604400634766,23168.71357345581,0.1474352367560545,57.31700134277344,69.96203231811523
2024-12-27,RYAN,374.0,63.032997131347656,23574.340927124023,0.1500164661684342,72.93269348144531,-3702.4864349365234
2024-12-27,BRBR,400.0,76.04000091552734,30416.000366210938,0.19355369908419412,77.62000274658203,-632.000732421875
2024-12-27,FFIV,130.0,255.6300048828125,33231.900634765625,0.2114728175306946,252.13999938964844,453.7007141113281
2024-12-30,ORCL,232.0,164.25680541992188,38107.578857421875,0.24452267795522126,171.7139923490327,-1730.067367553711
2024-12-30,CSCO,403.0,57.08552932739258,23005.46831893921,0.14761784636090614,57.31700134277344,-93.28322219848633
2024-12-30,RYAN,374.0,62.76703643798828,23474.871627807617,0.1506298391866637,72.93269348144531,-3801.9557342529297
2024-12-30,BRBR,400.0,75.63999938964844,30255.999755859375,0.1941419084165815,77.62000274658203,-792.0013427734375
2024-12-30,FFIV,130.0,252.47999572753906,32822.39944458008,0.21060957556849796,252.13999938964844,44.19952392578125
2024-12-31,ORCL,232.0,163.99111938476562,38045.939697265625,0.24435757778237585,171.7139923490327,-1791.706527709961
2024-12-31,CSCO,403.0,57.095176696777344,23009.35620880127,0.1477821442775046,57.31700134277344,-89.39533233642578
2024-12-31,RYAN,374.0,63.20045471191406,23636.97006225586,0.1518131184690515,72.93269348144531,-3639.8572998046875
2024-12-31,BRBR,400.0,75.33999633789062,30135.99853515625,0.19355441512812097,77.62000274658203,-912.0025634765625
2024-12-31,FFIV,130.0,251.47000122070312,32691.100158691406,0.20996506101262094,252.13999938964844,-87.09976196289062
2025-01-02,CSCO,500.0,56.99872970581055,28499.364852905273,0.1849708785741612,57.255256645202635,-128.26346969604492
2025-01-02,PCTY,136.0,195.07000732421875,26529.52099609375,0.17218590070784928,195.07000732421875,0.0
2025-01-02,V,86.0,310.895751953125,26737.03466796875,0.17353273725669804,310.895751953125,0.0
2025-01-02,AAPL,121.0,242.30194091796875,29318.53485107422,0.1902875793162641,242.30194091796875,0.0
2025-01-02,DBX,1196.0,29.559999465942383,35353.75936126709,0.2294583042009938,29.559999465942383,0.0
2025-01-03,CSCO,500.0,57.154090881347656,28577.045440673828,0.18409603534793903,57.255256645202635,-50.582881927490234
2025-01-03,PCTY,136.0,199.22999572753906,27095.279418945312,0.1745503581896822,195.07000732421875,565.7584228515625
2025-01-03,V,86.0,311.40008544921875,26780.407348632812,0.1725219224681984,310.895751953125,43.3726806640625
2025-01-03,AAPL,121.0,241.81503295898438,29259.61898803711,0.1884932388364462,242.30194091796875,-58.915863037109375
2025-01-03,DBX,1196.0,30.0,35880.0,0.23114236081532094,29.559999465942383,526.2406387329102
2025-01-06,CSCO,500.0,57.06670379638672,28533.35189819336,0.1832246432660319,57.255256645202635,-94.27642440795898
2025-01-06,PCTY,136.0,202.3300018310547,27516.880249023438,0.17669745164922834,195.07000732421875,987.3592529296875
2025-01-06,V,86.0,309.5509338378906,26621.380310058594,0.1709470702202601,310.895751953125,-115.65435791015625
2025-01-06,AAPL,121.0,243.44461059570312,29456.797882080078,0.189154477993364,242.30194091796875,138.26303100585938
2025-01-06,DBX,1196.0,30.06999969482422,35963.719635009766,0.23093815700851725,29.559999465942383,609.9602737426758
2025-01-07,CSCO,500.0,57.222068786621094,28611.034393310547,0.1857710785988042,57.255256645202635,-16.593929290771484
2025-01-07,PCTY,136.0,196.77000427246094,26760.720581054688,0.173757014796574,195.07000732421875,231.1995849609375
2025-01-07,V,86.0,308.1961975097656,26504.872985839844,0.17209579964906835,310.895751953125,-232.16168212890625
2025-01-07,AAPL,121.0,240.6723175048828,29121.35041809082,0.18908455398897922,242.30194091796875,-197.18443298339844
2025-01-07,DBX,1196.0,29.579999923706055,35377.67990875244,0.22970682096376072,29.559999465942383,23.920547485351562
2025-01-08,CSCO,500.0,57.4842414855957,28742.12074279785,0.18644512153915876,57.255256645202635,114.4924201965332
2025-01-08,PCTY,136.0,194.4600067138672,26446.560913085938,0.17155422551652288,195.07000732421875,-82.9600830078125
2025-01-08,V,86.0,309.1158447265625,26583.962646484375,0.1724455265834277,310.895751953125,-153.072021484375
2025-01-08,AAPL,121.0,241.1592254638672,29180.26628112793,0.1892872951865665,242.30194091796875,-138.26856994628906
2025-01-08,DBX,1196.0,29.739999771118164,35569.039726257324,0.2307301536354086,29.559999465942383,215.28036499023438
2025-01-10,CSCO,500.0,57.037574768066406,28518.787384033203,0.18761212068455438,57.255256645202635,-108.84093856811523
2025-01-10,PCTY,136.0,191.42999267578125,26034.47900390625,0.17126898668822693,195.07000732421875,-495.0419921875
2025-01-10,V,86.0,304.2803039550781,26168.10614013672,0.17214805879152534,310.895751953125,-568.9285278320312
2025-01-10,AAPL,121.0,235.3463592529297,28476.909469604492,0.1873366249480065,242.30194091796875,-841.6253814697266
2025-01-10,DBX,1196.0,29.40999984741211,35174.35981750488,0.23139610216310674,29.559999465942383,-179.39954376220703
2025-01-13,CSCO,500.0,57.05699157714844,28528.49578857422,0.18802752886983357,57.255256645202635,-99.13253402709961
2025-01-13,PCTY,136.0,190.1699981689453,25863.119750976562,0.17046038920805462,195.07000732421875,-666.4012451171875
2025-01-13,V,86.0,303.4991149902344,26100.923889160156,0.1720277247167003,310.895751953125,-636.1107788085938
2025-01-13,AAPL,121.0,232.9119110107422,28182.341232299805,0.18574607013798625,242.30194091796875,-1136.193618774414
2025-01-13,DBX,1196.0,29.610000610351562,35413.56072998047,0.23340607797509091,29.559999465942383,59.801368713378906
2025-01-14,CSCO,500.0,57.6104736328125,28805.23681640625,0.18838530854165214,57.255256645202635,177.60849380493164
2025-01-14,PCTY,136.0,192.22999572753906,26143.279418945312,0.17097619405175518,195.07000732421875,-386.2415771484375
2025-01-14,V,86.0,305.6449279785156,26285.463806152344,0.1719060753030194,310.895751953125,-451.57086181640625
2025-01-14,AAPL,121.0,231.7990264892578,28047.682205200195,0.18343092611186004,242.30194091796875,-1270.8526458740234
2025-01-14,DBX,1196.0,30.09000015258789,35987.64018249512,0.2353579921135715,29.559999465942383,633.8808212280273
2025-01-15,CSCO,500.0,58.241634368896484,29120.817184448242,0.18760577777822954,57.255256645202635,493.1888618469238
2025-01-15,PCTY,136.0,195.6699981689453,26611.119750976562,0.17143749046636364,195.07000732421875,81.5987548828125
2025-01-15,V,86.0,312.75482177734375,26896.914672851562,0.17327867432682417,310.895751953125,159.8800048828125
2025-01-15,AAPL,121.0,236.35987854003906,28599.545303344727,0.1842475747419297,242.30194091796875,-718.9895477294922
2025-01-15,DBX,1196.0,30.399999618530273,36358.39954376221,0.23423263784032353,29.559999465942383,1004.6401824951172
2025-01-16,CSCO,500.0,58.08626937866211,29043.134689331055,0.18787148616923702,57.255256645202635,415.5063667297363
2025-01-16,PCTY,136.0,199.3000030517578,27104.800415039062,0.17533297251706645,195.07000732421875,575.2794189453125
2025-01-16,V,86.0,313.7139892578125,26979.403076171875,0.17452181405684347,310.895751953125,242.368408203125
2025-01-16,AAPL,121.0,226.81088256835938,27444.116790771484,0.17752791023547418,242.30194091796875,-1874.4180603027344
2025-01-16,DBX,1196.0,30.420000076293945,36382.32009124756,0.23534651541379478,29.559999465942383,1028.5607299804688
2025-01-17,CSCO,500.0,58.4843864440918,29242.1932220459,0.1885518217486862,57.255256645202635,614.5648994445801
2025-01-17,PCTY,136.0,197.0,26792.0,0.1727531300382183,195.07000732421875,262.47900390625
2025-01-17,V,86.0,316.0575866699219,27180.95245361328,0.17526107098319213,310.895751953125,443.91778564453125
2025-01-17,AAPL,121.0,228.5199737548828,27650.91682434082,0.1782913716718165,242.30194091796875,-1667.6180267333984
2025-01-17,DBX,1196.0,30.59000015258789,36585.64018249512,0.23590190564265615,29.559999465942383,1231.8808212280273
2025-01-21,CSCO,500.0,59.261199951171875,29630.599975585938,0.19041715482418858,57.255256645202635,1002.9716529846191
2025-01-21,PCTY,136.0,197.3800048828125,26843.6806640625,0.17250738430107634,195.07000732421875,314.15966796875
2025-01-21,V,86.0,320.0228576660156,27521.965759277344,0.17686629428254425,310.895751953125,784.9310913085938
2025-01-21,AAPL,121.0,221.22654724121094,26768.412216186523,0.1720236815173195,242.30194091796875,-2550.1226348876953
2025-01-21,DBX,1196.0,31.110000610351562,37207.56072998047,0.23910949687109692,29.559999465942383,1853.801368713379
2025-01-22,CSCO,500.0,59.843814849853516,29921.907424926758,0.19158364021780236,57.255256645202635,1294.2791023254395
2025-01-22,PCTY,136.0,197.74000549316406,26892.640747070312,0.17218788682907443,195.07000732421875,363.1197509765625
2025-01-22,V,86.0,319.95367431640625,27516.015991210938,0.1761792265788469,310.895751953125,778.9813232421875
2025-01-22,AAPL,121.0,222.4090118408203,26911.490432739258,0.17230857737684377,242.30194091796875,-2407.044418334961
2025-01-22,DBX,1196.0,31.190000534057617,37303.24063873291,0.23884475451372744,29.559999465942383,1949.4812774658203
2025-01-23,CSCO,500.0,60.42641830444336,30213.20915222168,0.1917682685582121,57.255256645202635,1585.5808296203613
2025-01-23,PCTY,136.0,203.52000427246094,27678.720581054688,0.17568144764076146,195.07000732421875,1149.1995849609375
2025-01-23,V,86.0,324.5517883300781,27911.45379638672,0.17715864410523988,310.895751953125,1174.4191284179688
2025-01-23,AAPL,121.0,222.2401123046875,26891.053588867188,0.17068199410601026,242.30194091796875,-2427.4812622070312
2025-01-23,DBX,1196.0,31.1200008392334,37219.521003723145,0.2362384963308391,29.559999465942383,1865.7616424560547
2025-01-24,CSCO,500.0,60.42641830444336,30213.20915222168,0.19067990244678595,57.255256645202635,1585.5808296203613
2025-01-24,PCTY,136.0,206.5,28084.0,0.17724215767134957,195.07000732421875,1554.47900390625
2025-01-24,V,86.0,326.5196838378906,28080.692810058594,0.1772212855206216,310.895751953125,1343.6581420898438
2025-01-24,AAPL,121.0,221.3656768798828,26785.24690246582,0.16904554033445643,242.30194091796875,-2533.2879486083984
2025-01-24,DBX,1196.0,31.479999542236328,37650.07945251465,0.23761505906072639,29.559999465942383,2296.3200912475586
2025-01-27,CSCO,500.0,57.36772155761719,28683.860778808594,0.180898989442192,57.255256645202635,56.23245620727539
2025-01-27,PCTY,136.0,205.02999877929688,27884.079833984375,0.17585505320886907,195.07000732421875,1354.558837890625
2025-01-27,V,86.0,330.811279296875,28449.77001953125,0.1794226616173717,310.895751953125,1712.7353515625
2025-01-27,AAPL,121.0,228.40072631835938,27636.487884521484,0.17429357814115612,242.30194091796875,-1682.0469665527344
2025-01-27,DBX,1196.0,32.0,38272.0,0.24136800053940086,29.559999465942383,2918.24063873291
2025-01-28,CSCO,500.0,57.70757293701172,28853.78646850586,0.17900922887260343,57.255256645202635,226.15814590454102
2025-01-28,PCTY,136.0,209.6999969482422,28519.199584960938,0.17693344793204513,195.07000732421875,1989.6785888671875
2025-01-28,V,86.0,330.7519226074219,28444.66534423828,0.1764710366304667,310.895751953125,1707.6306762695312
2025-01-28,AAPL,121.0,236.74740600585938,28646.436126708984,0.1777228249258617,242.30194091796875,-672.0987243652344
2025-01-28,DBX,1196.0,32.68000030517578,39085.280364990234,0.2424855367264634,29.559999465942383,3731.5210037231445
2025-01-29,CSCO,500.0,57.8240966796875,28912.04833984375,0.18035006173222978,57.255256645202635,284.42001724243164
2025-01-29,PCTY,136.0,203.4499969482422,27669.199584960938,0.17259731287707372,195.07000732421875,1139.6785888671875
2025-01-29,V,86.0,332.1363220214844,28563.723693847656,0.17817725229756654,310.895751953125,1826.6890258789062
2025-01-29,AAPL,121.0,237.84039306640625,28778.687561035156,0.17951817239640425,242.30194091796875,-539.8472900390625
2025-01-29,DBX,1196.0,32.400001525878906,38750.40182495117,0.24172058925508916,29.559999465942383,3396.642463684082
2025-01-30,CSCO,500.0,58.71743392944336,29358.71696472168,0.18285112354810645,57.255256645202635,731.0886421203613
2025-01-30,PCTY,136.0,201.4600067138672,27398.560913085938,0.17064293554037097,195.07000732421875,869.0399169921875
2025-01-30,V,86.0,339.22637939453125,29173.468627929688,0.1816973651410706,310.895751953125,2436.4339599609375
2025-01-30,AAPL,121.0,236.0816650390625,28565.881469726562,0.17791320813365297,242.30194091796875,-752.6533813476562
2025-01-30,DBX,1196.0,32.130001068115234,38427.48127746582,0.23933294275603784,29.559999465942383,3073.7219161987305
2025-01-31,CSCO,500.0,58.84366226196289,29421.831130981445,0.1828550324496585,57.255256645202635,794.202808380127
2025-01-31,PCTY,136.0,205.52000427246094,27950.720581054688,0.17371216278439716,195.07000732421875,1421.1995849609375
2025-01-31,V,86.0,337.9903564453125,29067.170654296875,0.18065083745295488,310.895751953125,2330.135986328125
2025-01-31,AAPL,121.0,234.5017547607422,28374.712326049805,0.1763472477301411,242.30194091796875,-943.8225250244141
2025-01-31,DBX,1196.0,32.150001525878906,38451.40182495117,0.23897330853185975,29.559999465942383,3097.642463684082
2025-02-03,DBX,1037.0,31.950000762939453,33132.15079116821,0.2073614887851363,29.559999465942383,2478.431344985962
2025-02-03,GRMN,127.0,210.31008911132812,26709.381317138672,0.16716382553492828,210.31008911132812,0.0
2025-02-03,FFIV,91.0,295.19000244140625,26862.29022216797,0.1681208240224467,295.19000244140625,0.0
2025-02-03,APP,81.0,365.44000244140625,29600.640197753906,0.18525911158280645,365.44000244140625,0.0
2025-02-03,TKO,230.0,153.87213134765625,35390.59020996094,0.22149619930132566,153.87213134765625,0.0
2025-02-04,DBX,1037.0,32.380001068115234,33578.0611076355,0.206840990337006,29.559999465942383,2924.341661453247
2025-02-04,GRMN,127.0,212.97445678710938,27047.75601196289,0.16661428490389904,210.31008911132812,338.37469482421875
2025-02-04,FFIV,91.0,299.7799987792969,27279.979888916016,0.16804478491207137,295.19000244140625,417.6896667480469
2025-02-04,APP,81.0,380.260009765625,30801.060791015625,0.18973465731156464,365.44000244140625,1200.4205932617188
2025-02-04,TKO,230.0,154.5481719970703,35546.07955932617,0.2189639918481515,153.87213134765625,155.48934936523438
2025-02-05,DBX,1037.0,32.630001068115234,33837.3111076355,0.20789060652795896,29.559999465942383,3183.591661453247
2025-02-05,GRMN,127.0,213.58934020996094,27125.84620666504,0.1666565231069801,210.31008911132812,416.4648895263672
2025-02-05,FFIV,91.0,303.32000732421875,27602.120666503906,0.16958267128745227,295.19000244140625,739.8304443359375
2025-02-05,APP,81.0,368.2699890136719,29829.869110107422,0.18326957370293248,365.44000244140625,229.22891235351562
2025-02-05,TKO,230.0,157.76181030273438,36285.216369628906,0.22293011448472322,153.87213134765625,894.6261596679688
2025-02-06,DBX,1037.0,32.20000076293945,33391.40079116821,0.20378847047232143,29.559999465942383,2737.681344985962
2025-02-06,GRMN,127.0,214.49696350097656,27241.114364624023,0.16625313400438793,210.31008911132812,531.7330474853516
2025-02-06,FFIV,91.0,307.44000244140625,27977.04022216797,0.17074450607433653,295.19000244140625,1114.75
2025-02-06,APP,81.0,380.6300048828125,30831.030395507812,0.18816247232874397,365.44000244140625,1230.3901977539062
2025-02-06,TKO,230.0,157.94796752929688,36328.03253173828,0.22171080007131003,153.87213134765625,937.4423217773438
2025-02-07,DBX,1037.0,32.040000915527344,33225.480949401855,0.20245313942628668,29.559999465942383,2571.7615032196045
2025-02-07,GRMN,127.0,212.4376983642578,26979.587692260742,0.16439497857211074,210.31008911132812,270.2063751220703
2025-02-07,FFIV,91.0,306.6000061035156,27900.600555419922,0.17000699502064692,295.19000244140625,1038.3103332519531
2025-02-07,APP,81.0,375.7200012207031,30433.320098876953,0.18543963913014982,365.44000244140625,832.6799011230469
2025-02-07,TKO,230.0,163.00355529785156,37490.81771850586,0.22844315657398506,153.87213134765625,2100.227508544922
2025-02-10,DBX,1037.0,31.979999542236328,33163.25952529907,0.19954677936097714,29.559999465942383,2509.5400791168213
2025-02-10,GRMN,127.0,210.5443115234375,26739.127563476562,0.1608921096595966,210.31008911132812,29.746246337890625
2025-02-10,FFIV,91.0,308.3500061035156,28059.850555419922,0.16883903717042348,295.19000244140625,1197.5603332519531
2025-02-10,APP,81.0,384.3999938964844,31136.399505615234,0.18735095196244012,365.44000244140625,1535.7593078613281
2025-02-10,TKO,230.0,169.607177734375,39009.65087890625,0.23472512377571106,153.87213134765625,3619.0606689453125
2025-02-11,DBX,1037.0,31.850000381469727,33028.45039558411,0.19947649222486147,29.559999465942383,2374.7309494018555
2025-02-11,GRMN,127.0,206.4843292236328,26223.509811401367,0.15837781332005701,210.31008911132812,-485.8715057373047
2025-02-11,FFIV,91.0,308.3900146484375,28063.491333007812,0.16949044667986154,295.19000244140625,1201.2011108398438
2025-02-11,APP,81.0,375.25,30395.25,0.1835731854712857,365.44000244140625,794.6098022460938
2025-02-11,TKO,230.0,172.9579620361328,39780.33126831055,0.24025471512906646,153.87213134765625,4389.741058349609
2025-02-12,DBX,1037.0,31.899999618530273,33080.29960441589,0.1992505725629159,29.559999465942383,2426.5801582336426
2025-02-12,GRMN,127.0,204.59095764160156,25983.0516204834,0.15650214702475124,210.31008911132812,-726.3296966552734
2025-02-12,FFIV,91.0,310.6000061035156,28264.600555419922,0.17024446305733423,295.19000244140625,1402.3103332519531
2025-02-12,APP,81.0,380.32000732421875,30805.92059326172,0.18555144269962245,365.44000244140625,1205.2803955078125
2025-02-12,TKO,230.0,173.06573486328125,39805.11901855469,0.23975577156874656,153.87213134765625,4414.52880859375
2025-02-13,DBX,1037.0,32.4900016784668,33692.13174057007,0.1940667838902726,29.559999465942383,3038.4122943878174
2025-02-13,GRMN,127.0,205.176513671875,26057.417236328125,0.15009080453796161,210.31008911132812,-651.9640808105469
2025-02-13,FFIV,91.0,310.45001220703125,28250.951110839844,0.16272556649540298,295.19000244140625,1388.660888671875
2025-02-13,APP,81.0,471.6700134277344,38205.271087646484,0.22006248060307862,365.44000244140625,8604.630889892578
2025-02-13,TKO,230.0,170.95924377441406,39320.626068115234,0.22648692876867,153.87213134765625,3930.035858154297
2025-02-14,DBX,1037.0,32.779998779296875,33992.85873413086,0.19148072954916237,29.559999465942383,3339.1392879486084
2025-02-14,GRMN,127.0,207.50906372070312,26353.651092529297,0.14844930745453566,210.31008911132812,-355.730224609375
2025-02-14,FFIV,91.0,310.17999267578125,28226.379333496094,0.1589983281365648,295.19000244140625,1364.089111328125
2025-02-14,APP,81.0,510.1300048828125,41320.53039550781,0.232757279032433,365.44000244140625,11719.890197753906
2025-02-14,TKO,230.0,171.9488067626953,39548.22555541992,0.2227739402842035,153.87213134765625,4157.635345458984
2025-02-18,DBX,1037.0,33.27000045776367,34500.99047470093,0.19586257391493442,29.559999465942383,3847.2710285186768
2025-02-18,GRMN,127.0,209.6171417236328,26621.376998901367,0.1511299052120866,210.31008911132812,-88.00431823730469
2025-02-18,FFIV,91.0,307.5899963378906,27990.689666748047,0.15890351112683393,295.19000244140625,1128.3994445800781
2025-02-18,APP,81.0,496.0,40176.0,0.2280796771726484,365.44000244140625,10575.359802246094
2025-02-18,TKO,230.0,168.58822631835938,38775.292053222656,0.2201278398490189,153.87213134765625,3384.7018432617188
2025-02-19,DBX,1037.0,32.66999816894531,33878.78810119629,0.1906184532370656,29.559999465942383,3225.068655014038
2025-02-19,GRMN,127.0,236.11453247070312,29986.545623779297,0.16871881389776372,210.31008911132812,3277.164306640625
2025-02-19,FFIV,91.0,310.0799865722656,28217.278778076172,0.1587640626096076,295.19000244140625,1354.9885559082031
2025-02-19,APP,81.0,494.1700134277344,40027.771087646484,0.22521560654600528,365.44000244140625,10427.130889892578
2025-02-19,TKO,230.0,163.19952392578125,37535.89050292969,0.21119508074409743,153.87213134765625,2145.30029296875
2025-02-20,DBX,1037.0,31.8799991607666,33059.559129714966,0.19376966360639988,29.559999465942383,2405.839683532715
2025-02-20,GRMN,127.0,223.50509643554688,28385.147247314453,0.1663718627326314,210.31008911132812,1675.7659301757812
2025-02-20,FFIV,91.0,304.6000061035156,27718.600555419922,0.16246507959134407,295.19000244140625,856.3103332519531
2025-02-20,APP,81.0,450.010009765625,36450.810791015625,0.21364656792434744,365.44000244140625,6850.170593261719
2025-02-20,TKO,230.0,160.49534606933594,36913.929595947266,0.21636101353111725,153.87213134765625,1523.3393859863281
2025-02-21,DBX,1037.0,26.729999542236328,27719.009525299072,0.17326403021005443,29.559999465942383,-2934.7099208831787
2025-02-21,GRMN,127.0,219.30845642089844,27852.1739654541,0.1740964051028466,210.31008911132812,1142.7926483154297
2025-02-21,FFIV,91.0,295.55999755859375,26895.95977783203,0.16811936888370538,295.19000244140625,33.6695556640625
2025-02-21,APP,81.0,415.30999755859375,33640.109802246094,0.21027522631088774,365.44000244140625,4039.4696044921875
2025-02-21,TKO,230.0,155.6063232421875,35789.454345703125,0.22371019762793506,153.87213134765625,398.8641357421875
2025-02-24,DBX,1037.0,26.260000228881836,27231.620237350464,0.17117321054575974,29.559999465942383,-3422.099208831787
2025-02-24,GRMN,127.0,217.45413208007812,27616.674774169922,0.1735935961389825,210.31008911132812,907.29345703125
2025-02-24,FFIV,91.0,293.2099914550781,26682.10922241211,0.16771908024291995,295.19000244140625,-180.18099975585938
2025-02-24,APP,81.0,410.45001220703125,33246.45098876953,0.20898138654248627,365.44000244140625,3645.810791015625
2025-02-24,TKO,230.0,157.50704956054688,36226.62139892578,0.2277142174439777,153.87213134765625,836.0311889648438
2025-02-25,DBX,1037.0,26.420000076293945,27397.54007911682,0.1757822048420941,29.559999465942383,-3256.1793670654297
2025-02-25,GRMN,127.0,220.60647583007812,28017.022430419922,0.17975679428546626,210.31008911132812,1307.64111328125
2025-02-25,FFIV,91.0,292.9800109863281,26661.18099975586,0.1710577360703803,295.19000244140625,-201.10922241210938
2025-02-25,APP,81.0,377.05999755859375,30541.859802246094,0.195956112866831,365.44000244140625,941.2196044921875
2025-02-25,TKO,230.0,152.86300659179688,35158.49151611328,0.22557635246732255,153.87213134765625,-232.09869384765625
2025-02-26,DBX,1037.0,26.59000015258789,27573.830158233643,0.17977680556311154,29.559999465942383,-3079.8892879486084
2025-02-26,GRMN,127.0,221.46534729003906,28126.09910583496,0.18337750762886423,210.31008911132812,1416.717788696289
2025-02-26,FFIV,91.0,294.82000732421875,26828.620666503906,0.1749181631064894,295.19000244140625,-33.6695556640625
2025-02-26,APP,81.0,331.0,26811.0,0.17480327927940456,365.44000244140625,-2789.6401977539062
2025-02-26,TKO,230.0,156.32156372070312,35953.95965576172,0.23441386188156202,153.87213134765625,563.3694458007812
2025-02-27,DBX,1037.0,25.950000762939453,26910.150791168213,0.1805346815427677,29.559999465942383,-3743.568655014038
2025-02-27,GRMN,127.0,218.67408752441406,27771.609115600586,0.18631402872928762,210.31008911132812,1062.227798461914
2025-02-27,FFIV,91.0,290.9700012207031,26478.270111083984,0.17763728265234344,295.19000244140625,-384.0201110839844
2025-02-27,APP,81.0,320.489990234375,25959.689208984375,0.17415822975735037,365.44000244140625,-3640.9509887695312
2025-02-27,TKO,230.0,147.19012451171875,33853.72863769531,0.22711772096971874,153.87213134765625,-1536.861572265625
2025-02-28,DBX,1037.0,25.979999542236328,26941.259525299072,0.17919826634547445,29.559999465942383,-3712.4599208831787
2025-02-28,GRMN,127.0,223.427001953125,28375.229248046875,0.1887362349793093,210.31008911132812,1665.8479309082031
2025-02-28,FFIV,91.0,292.42999267578125,26611.129333496094,0.17700242401732197,295.19000244140625,-251.160888671875
2025-02-28,APP,81.0,325.739990234375,26384.939208984375,0.17549793317720722,365.44000244140625,-3215.7009887695312
2025-02-28,TKO,230.0,147.59185791015625,33946.12731933594,0.22579074890895326,153.87213134765625,-1444.462890625
2025-03-03,FTNT,242.0,106.54000091552734,25782.680221557617,0.17331470380882374,106.54000091552734,0.0
2025-03-03,TMUS,97.0,266.7991943359375,25879.521850585938,0.17396568648817196,266.7991943359375,0.0
2025-03-03,GL,209.0,127.24415588378906,26594.028579711914,0.17876869847388235,127.24415588378906,0.0
2025-03-03,ETR,335.0,85.07992553710938,28501.77505493164,0.19159283128140084,85.07992553710938,0.0
2025-03-03,VRSN,145.0,236.57113647460938,34302.81478881836,0.23058821401981555,236.57113647460938,0.0
2025-03-04,FTNT,242.0,106.4800033569336,25768.16081237793,0.17686172875301884,106.54000091552734,-14.5194091796875
2025-03-04,TMUS,97.0,258.800048828125,25103.604736328125,0.17230049765393968,266.7991943359375,-775.9171142578125
2025-03-04,GL,209.0,122.85064697265625,25675.785217285156,0.1762277018404404,127.24415588378906,-918.2433624267578
2025-03-04,ETR,335.0,82.3597640991211,27590.520973205566,0.1893696361198412,85.07992553710938,-911.2540817260742
2025-03-04,VRSN,145.0,233.4977569580078,33857.17475891113,0.2323812903122561,236.57113647460938,-445.64002990722656
2025-03-05,FTNT,242.0,106.80000305175781,25845.60073852539,0.17649224595909735,106.54000091552734,62.92051696777344
2025-03-05,TMUS,97.0,256.9322204589844,24922.425384521484,0.17018814441042,266.7991943359375,-957.0964660644531
2025-03-05,GL,209.0,124.89898681640625,26103.888244628906,0.17825601777142877,127.24415588378906,-490.1403350830078
2025-03-05,ETR,335.0,81.95320129394531,27454.32243347168,0.18747774820904023,85.07992553710938,-1047.452621459961
2025-03-05,VRSN,145.0,237.32962036132812,34412.79495239258,0.23499517509083756,236.57113647460938,109.98016357421875
2025-03-06,FTNT,242.0,101.72000122070312,24616.240295410156,0.1714331964427896,106.54000091552734,-1166.439926147461
2025-03-06,TMUS,97.0,257.1376037597656,24942.347564697266,0.17370428296478552,266.7991943359375,-937.1742858886719
2025-03-06,GL,209.0,123.12770080566406,25733.68946838379,0.17921537118947262,127.24415588378906,-860.339111328125
2025-03-06,ETR,335.0,78.58445739746094,26325.793228149414,0.18333891885330253,85.07992553710938,-2175.9818267822266
2025-03-06,VRSN,145.0,236.3544158935547,34271.39030456543,0.2386738964172996,236.57113647460938,-31.424484252929688
2025-03-07,FTNT,242.0,101.27999877929688,24509.759704589844,0.17015328643290428,106.54000091552734,-1272.9205169677734
2025-03-07,TMUS,97.0,259.3769836425781,25159.567413330078,0.1746644247926525,266.7991943359375,-719.9544372558594
2025-03-07,GL,209.0,124.17662048339844,25952.913681030273,0.18017204609761323,127.24415588378906,-641.1148986816406
2025-03-07,ETR,335.0,78.72966766357422,26374.438667297363,0.18309838493534156,85.07992553710938,-2127.3363876342773
2025-03-07,VRSN,145.0,236.8765106201172,34347.09403991699,0.23844668412711784,236.57113647460938,44.27925109863281
2025-03-10,FTNT,242.0,96.04000091552734,23241.680221557617,0.16388399031313225,106.54000091552734,-2541.0
2025-03-10,TMUS,97.0,260.73626708984375,25291.417907714844,0.1783372995360633,266.7991943359375,-588.1039428710938
2025-03-10,GL,209.0,121.29708099365234,25351.08992767334,0.17875806467213007,127.24415588378906,-1242.9386520385742
2025-03-10,ETR,335.0,77.88748168945312,26092.306365966797,0.1839846019291287,85.07992553710938,-2409.4686889648438
2025-03-10,VRSN,145.0,235.44818115234375,34139.986267089844,0.2407311831739527,236.57113647460938,-162.82852172851562
2025-03-11,FTNT,242.0,98.27999877929688,23783.759704589844,0.16737909764656447,106.54000091552734,-1998.9205169677734
2025-03-11,TMUS,97.0,250.99642944335938,24346.65365600586,0.17134048486326006,266.7991943359375,-1532.8681945800781
2025-03-11,GL,209.0,123.26625061035156,25762.646377563477,0.18130558655248874,127.24415588378906,-831.3822021484375
2025-03-11,ETR,335.0,79.74609375,26714.94140625,0.188007398401189,85.07992553710938,-1786.8336486816406
2025-03-11,VRSN,145.0,233.00523376464844,33785.75889587402,0.2377685406989906,236.57113647460938,-517.0558929443359
2025-03-12,FTNT,242.0,97.93000030517578,23699.06007385254,0.16760197900395366,106.54000091552734,-2083.620147705078
2025-03-12,TMUS,97.0,249.9598388671875,24246.104370117188,0.17147072765352303,266.7991943359375,-1633.41748046875
2025-03-12,GL,209.0,121.06947326660156,25303.519912719727,0.17894886969871154,127.24415588378906,-1290.5086669921875
2025-03-12,ETR,335.0,79.99777221679688,26799.253692626953,0.18952683949136598,85.07992553710938,-1702.5213623046875
2025-03-12,VRSN,145.0,232.0792999267578,33651.49848937988,0.23798655835685947,236.57113647460938,-651.3162994384766
2025-03-13,FTNT,242.0,93.41999816894531,22607.639556884766,0.1611020016916139,106.54000091552734,-3175.0406646728516
2025-03-13,TMUS,97.0,253.3726806640625,24577.150024414062,0.17513672999100996,266.7991943359375,-1302.371826171875
2025-03-13,GL,209.0,120.67365264892578,25220.79340362549,0.17972333163536153,127.24415588378906,-1373.2351760864258
2025-03-13,ETR,335.0,80.1913833618164,26864.113426208496,0.19143362736932762,85.07992553710938,-1637.6616287231445
2025-03-13,VRSN,145.0,230.0697784423828,33360.11787414551,0.2377241442066584,236.57113647460938,-942.6969146728516
2025-03-14,FTNT,242.0,96.25,23292.5,0.16309322080760671,106.54000091552734,-2490.180221557617
2025-03-14,TMUS,97.0,250.32167053222656,24281.202041625977,0.17001607582050088,266.7991943359375,-1598.319808959961
2025-03-14,GL,209.0,124.09745025634766,25936.36710357666,0.18160548017476766,127.24415588378906,-657.6614761352539
2025-03-14,ETR,335.0,82.27263641357422,27561.333198547363,0.19298343248267497,85.07992553710938,-940.4418563842773
2025-03-14,VRSN,145.0,234.78822326660156,34044.29237365723,0.23837687209769667,236.57113647460938,-258.5224151611328
2025-03-17,FTNT,242.0,96.66999816894531,23394.139556884766,0.16251946702241743,106.54000091552734,-2388.5406646728516
2025-03-17,TMUS,97.0,254.4190673828125,24678.649536132812,0.17144297868672795,266.7991943359375,-1200.872314453125
2025-03-17,GL,209.0,126.2843246459961,26393.423851013184,0.1833555436708106,127.24415588378906,-200.60472869873047
2025-03-17,ETR,335.0,82.71793365478516,27710.507774353027,0.1925053470531706,85.07992553710938,-791.2672805786133
2025-03-17,VRSN,145.0,234.95565795898438,34068.570404052734,0.23667491128789575,236.57113647460938,-234.244384765625
2025-03-18,FTNT,242.0,96.91000366210938,23452.22088623047,0.16346394947176504,106.54000091552734,-2330.4593353271484
2025-03-18,TMUS,97.0,254.9666748046875,24731.767456054688,0.17238249654034227,266.7991943359375,-1147.75439453125
2025-03-18,GL,209.0,125.64111328125,26258.99267578125,0.18302738460277573,127.24415588378906,-335.03590393066406
2025-03-18,ETR,335.0,80.81092071533203,27071.65843963623,0.18869173323758753,85.07992553710938,-1430.1166152954102
2025-03-18,VRSN,145.0,236.23623657226562,34254.254302978516,0.2387550297150158,236.57113647460938,-48.56048583984375
2025-03-19,FTNT,242.0,98.16999816894531,23757.139556884766,0.16446869085518645,106.54000091552734,-2025.5406646728516
2025-03-19,TMUS,97.0,253.51939392089844,24591.38121032715,0.17024407607233363,266.7991943359375,-1288.140640258789
2025-03-19,GL,209.0,126.06661987304688,26347.923553466797,0.18240447185214284,127.24415588378906,-246.1050262451172
2025-03-19,ETR,335.0,81.95320129394531,27454.32243347168,0.19006397879414394,85.07992553710938,-1047.452621459961
2025-03-19,VRSN,145.0,238.5905303955078,34595.62690734863,0.23950263259354274,236.57113647460938,292.81211853027344
2025-03-20,FTNT,242.0,98.44999694824219,23824.89926147461,0.1648086946987417,106.54000091552734,-1957.7809600830078
2025-03-20,TMUS,97.0,251.3484344482422,24380.798141479492,0.16865412412921338,266.7991943359375,-1498.7237091064453
2025-03-20,GL,209.0,127.25407409667969,26596.101486206055,0.18397848074450107,127.24415588378906,2.072906494140625
2025-03-20,ETR,335.0,81.93383026123047,27447.833137512207,0.18987033279998305,85.07992553710938,-1053.9419174194336
2025-03-20,VRSN,145.0,238.68899536132812,34609.90432739258,0.23941394644507139,236.57113647460938,307.08953857421875
2025-03-21,FTNT,242.0,98.6500015258789,23873.300369262695,0.16555896295749756,106.54000091552734,-1909.3798522949219
2025-03-21,TMUS,97.0,250.18475341796875,24267.92108154297,0.1682956183371948,266.7991943359375,-1611.6007690429688
2025-03-21,GL,209.0,125.5025863647461,26230.040550231934,0.1819027216455043,127.24415588378906,-363.98802947998047
2025-03-21,ETR,335.0,81.19812774658203,27201.37279510498,0.18863881412794167,85.07992553710938,-1300.4022598266602
2025-03-21,VRSN,145.0,240.85614013671875,34924.14031982422,0.24219543859032827,236.57113647460938,621.3255310058594
2025-03-24,FTNT,242.0,99.79000091552734,24149.180221557617,0.16592159064042522,106.54000091552734,-1633.5
2025-03-24,TMUS,97.0,253.23577880859375,24563.870544433594,0.16877080031808342,266.7991943359375,-1315.6513061523438
2025-03-24,GL,209.0,128.43161010742188,26842.206512451172,0.1844245460915864,127.24415588378906,248.1779327392578
2025-03-24,ETR,335.0,81.323974609375,27243.531494140625,0.18718192662023106,85.07992553710938,-1258.2435607910156
2025-03-24,VRSN,145.0,241.6934356689453,35045.54817199707,0.2407871838387542,236.57113647460938,742.7333831787109
2025-03-25,FTNT,242.0,102.08999633789062,24705.77911376953,0.1694312304023147,106.54000091552734,-1076.901107788086
2025-03-25,TMUS,97.0,253.0304412841797,24543.95280456543,0.1683214321420107,266.7991943359375,-1335.5690460205078
2025-03-25,GL,209.0,128.54046630859375,26864.957458496094,0.1842387878535655,127.24415588378906,270.9288787841797
2025-03-25,ETR,335.0,80.26882934570312,26890.057830810547,0.18441092518812235,85.07992553710938,-1611.7172241210938
2025-03-25,VRSN,145.0,242.13670349121094,35109.822006225586,0.24078173427874675,236.57113647460938,807.0072174072266
2025-03-26,FTNT,242.0,101.01000213623047,24444.420516967773,0.16656182942606673,106.54000091552734,-1338.2597045898438
2025-03-26,TMUS,97.0,256.70733642578125,24900.61163330078,0.1696702699330365,266.7991943359375,-978.9102172851562
2025-03-26,GL,209.0,129.16384887695312,26995.244415283203,0.18394288760055816,127.24415588378906,401.21583557128906
2025-03-26,ETR,335.0,81.42078399658203,27275.96263885498,0.18585567341762815,85.07992553710938,-1225.8124160766602
2025-03-26,VRSN,145.0,244.42205810546875,35441.19842529297,0.2414927710260686,236.57113647460938,1138.3836364746094
2025-03-27,FTNT,242.0,99.54000091552734,24088.680221557617,0.1627070240871573,106.54000091552734,-1694.0
2025-03-27,TMUS,97.0,262.3497619628906,25447.92691040039,0.17188805773897226,266.7991943359375,-431.5949401855469
2025-03-27,GL,209.0,130.04454040527344,27179.30894470215,0.18358268009969,127.24415588378906,585.2803649902344
2025-03-27,ETR,335.0,81.33365631103516,27246.774864196777,0.18403837874682683,85.07992553710938,-1255.0001907348633
2025-03-27,VRSN,145.0,250.93328857421875,36385.32684326172,0.24576474080998315,236.57113647460938,2082.5120544433594
2025-03-28,FTNT,242.0,96.5999984741211,23377.199630737305,0.15983341530476494,106.54000091552734,-2405.4805908203125
2025-03-28,TMUS,97.0,259.0738220214844,25130.160736083984,0.17181867293996866,266.7991943359375,-749.3611145019531
2025-03-28,GL,209.0,128.41180419921875,26838.06707763672,0.18349588440682518,127.24415588378906,244.0384979248047
2025-03-28,ETR,335.0,81.71118927001953,27373.248405456543,0.18715499930441584,85.07992553710938,-1128.5266494750977
2025-03-28,VRSN,145.0,247.17034912109375,35839.700622558594,0.24504140121522247,236.57113647460938,1536.8858337402344
2025-03-31,FTNT,242.0,96.26000213623047,23294.920516967773,0.15790894854736034,106.54000091552734,-2487.7597045898438
2025-03-31,TMUS,97.0,260.814453125,25299.001953125,0.17149398706064325,266.7991943359375,-580.5198974609375
2025-03-31,GL,209.0,130.3414306640625,27241.359008789062,0.18466061538805267,127.24415588378906,647.3304290771484
2025-03-31,ETR,335.0,82.75665283203125,27723.47869873047,0.187928753317829,85.07992553710938,-778.2963562011719
2025-03-31,VRSN,145.0,250.07626342773438,36261.058197021484,0.24580232282550982,236.57113647460938,1958.243408203125
2025-04-01,GL,229.0,130.7471160888672,29941.089584350586,0.20254780569937272,127.55009127287886,732.1186828613281
2025-04-01,ETR,273.0,82.92121887207031,22637.492752075195,0.15313986722329684,85.07992553710938,-589.3269195556641
2025-04-01,VRSN,146.0,251.169677734375,36670.77294921875,0.24807328982597793,236.6711264832379,2116.7884826660156
2025-04-01,EXC,559.0,43.92870330810547,24556.145149230957,0.16611931581179648,43.92870330810547,0.0
2025-04-01,RGLD,164.0,162.39678955078125,26633.073486328125,0.18016948175812048,162.39678955078125,0.0
2025-04-02,GL,229.0,131.6970672607422,30158.62840270996,0.2031689838837851,127.55009127287886,949.6575012207031
2025-04-02,ETR,273.0,83.84085845947266,22888.554359436035,0.15419283230259712,85.07992553710938,-338.2653121948242
2025-04-02,VRSN,146.0,251.68191528320312,36745.559631347656,0.24754302194562353,236.6711264832379,2191.575164794922
2025-04-02,EXC,559.0,43.97654342651367,24582.887775421143,0.1656070118166464,43.92870330810547,26.742626190185547
2025-04-02,RGLD,164.0,162.69337463378906,26681.713439941406,0.17974612556929556,162.39678955078125,48.63995361328125
2025-04-03,GL,229.0,126.43196105957031,28952.9190826416,0.1957218623410697,127.55009127287886,-256.05181884765625
2025-04-03,ETR,273.0,82.34040069580078,22478.929389953613,0.15195766309701286,85.07992553710938,-747.8902816772461
2025-04-03,VRSN,146.0,251.61294555664062,36735.49005126953,0.24833207685635256,236.6711264832379,2181.505584716797
2025-04-03,EXC,559.0,45.18190002441406,25256.68211364746,0.1707352839183375,43.92870330810547,700.5369644165039
2025-04-03,RGLD,164.0,165.37265014648438,27121.114624023438,0.18333885601752525,162.39678955078125,488.0411376953125
2025-04-04,GL,229.0,116.22895812988281,26616.431411743164,0.1915140017724616,127.55009127287886,-2592.5394897460938
2025-04-04,ETR,273.0,76.5031967163086,20885.372703552246,0.15027714433580666,85.07992553710938,-2341.4469680786133
2025-04-04,VRSN,146.0,236.6105499267578,34545.14028930664,0.24856367693519135,236.6711264832379,-8.84417724609375
2025-04-04,EXC,559.0,43.3834228515625,24251.333374023438,0.17449634141142387,43.92870330810547,-304.81177520751953
2025-04-04,RGLD,164.0,154.24998474121094,25296.997497558594,0.18202023962716127,162.39678955078125,-1336.0759887695312
2025-04-07,GL,229.0,113.36339569091797,25960.217613220215,0.1888634553076961,127.55009127287886,-3248.753288269043
2025-04-07,ETR,273.0,76.80329132080078,20967.298530578613,0.15253941657778908,85.07992553710938,-2259.521141052246
2025-04-07,VRSN,146.0,230.98585510253906,33723.9348449707,0.2453453571263309,236.6711264832379,-830.0496215820312
2025-04-07,EXC,559.0,42.75204086303711,23898.390842437744,0.17386343743505764,43.92870330810547,-657.7543067932129
2025-04-07,RGLD,164.0,155.6179962158203,25521.35137939453,0.18567065490158607,162.39678955078125,-1111.7221069335938
2025-04-08,GL,229.0,112.33218383789062,25724.070098876953,0.18787032107275745,127.55009127287886,-3484.9008026123047
2025-04-08,ETR,273.0,76.48384094238281,20880.088577270508,0.15249332356665762,85.07992553710938,-2346.7310943603516
2025-04-08,VRSN,146.0,231.970947265625,33867.75830078125,0.2473460304502941,236.6711264832379,-686.2261657714844
2025-04-08,EXC,559.0,42.56071853637695,23791.441661834717,0.17375577685071703,43.92870330810547,-764.7034873962402
2025-04-08,RGLD,164.0,154.1310272216797,25277.48846435547,0.18460880628368015,162.39678955078125,-1355.5850219726562
2025-04-09,GL,229.0,121.59322357177734,27844.84819793701,0.19591438883474455,127.55009127287886,-1364.122703552246
2025-04-09,ETR,273.0,77.93588256835938,21276.49594116211,0.1496999254306054,85.07992553710938,-1950.32373046875
2025-04-09,VRSN,146.0,240.974365234375,35182.25732421875,0.24753988215355768,236.6711264832379,628.2728576660156
2025-04-09,EXC,559.0,42.37895202636719,23689.834182739258,0.16668000315590373,43.92870330810547,-866.3109664916992
2025-04-09,RGLD,164.0,163.11241149902344,26750.435485839844,0.18821417814947397,162.39678955078125,117.36199951171875
2025-04-10,GL,229.0,117.59729766845703,26929.78116607666,0.18913682598398296,127.55009127287886,-2279.1897354125977
2025-04-10,ETR,273.0,77.7132339477539,21215.712867736816,0.14900502042868563,85.07992553710938,-2011.106803894043
2025-04-10,VRSN,146.0,239.2406463623047,34929.134368896484,0.24531894886777508,236.6711264832379,375.14990234375
2025-04-10,EXC,559.0,43.16339874267578,24128.33989715576,0.1694613705275644,43.92870330810547,-427.8052520751953
2025-04-10,RGLD,164.0,169.48663330078125,27795.807861328125,0.19521922002005465,162.39678955078125,1162.734375
2025-04-11,GL,229.0,118.48967742919922,27134.13613128662,0.1865523835005335,127.55009127287886,-2074.8347702026367
2025-04-11,ETR,273.0,79.1072006225586,21596.265769958496,0.14847846397628087,85.07992553710938,-1630.5539016723633
2025-04-11,VRSN,146.0,243.43699645996094,35541.8014831543,0.24435669329970433,236.6711264832379,987.8170166015625
2025-04-11,EXC,559.0,44.00524139404297,24598.92993927002,0.1691223553066128,43.92870330810547,42.7847900390625
2025-04-11,RGLD,164.0,178.02194213867188,29195.598510742188,0.20072533223652414,162.39678955078125,2562.5250244140625
2025-04-14,GL,229.0,120.20506286621094,27526.959396362305,0.1873801695452472,127.55009127287886,-1682.0115051269531
2025-04-14,ETR,273.0,79.93968963623047,21823.535270690918,0.14855610022947713,85.07992553710938,-1403.2844009399414
2025-04-14,VRSN,146.0,243.525634765625,35554.74267578125,0.24202650262948927,236.6711264832379,1000.7582092285156
2025-04-14,EXC,559.0,44.82794189453125,25058.81951904297,0.17057916867863496,43.92870330810547,502.6743698120117
2025-04-14,RGLD,164.0,180.22267150878906,29556.518127441406,0.20119568231786003,162.39678955078125,2923.4446411132812
2025-04-15,GL,229.0,121.75186920166016,27881.178047180176,0.18790377209044318,127.55009127287886,-1327.792854309082
2025-04-15,ETR,273.0,80.79156494140625,22056.097229003906,0.14864593812751614,85.07992553710938,-1170.7224426269531
2025-04-15,VRSN,146.0,246.49066162109375,35987.63659667969,0.2425368344799944,236.6711264832379,1433.6521301269531
2025-04-15,EXC,559.0,44.71315002441406,24994.65086364746,0.16845016991088047,43.92870330810547,438.5057144165039
2025-04-15,RGLD,164.0,183.3948974609375,30076.76318359375,0.20270080571576898,162.39678955078125,3443.689697265625
2025-04-16,GL,229.0,120.19514465332031,27524.68812561035,0.18699407242097796,127.55009127287886,-1684.2827758789062
2025-04-16,ETR,273.0,79.6105728149414,21733.686378479004,0.14765182828177842,85.07992553710938,-1493.1332931518555
2025-04-16,VRSN,146.0,242.2549285888672,35369.21957397461,0.24028735135187365,236.6711264832379,815.235107421875
2025-04-16,EXC,559.0,44.49311828613281,24871.653121948242,0.16897018719669513,43.92870330810547,315.50797271728516
2025-04-16,RGLD,164.0,184.83233642578125,30312.503173828125,0.2059336108689242,162.39678955078125,3679.4296875
2025-04-17,GL,229.0,120.22489166259766,27531.500190734863,0.18636361495501272,127.55009127287886,-1677.4707107543945
2025-04-17,ETR,273.0,80.60762786865234,22005.88240814209,0.14896012812394496,85.07992553710938,-1220.9372634887695
2025-04-17,VRSN,146.0,242.98387145996094,35475.6452331543,0.24013836669667257,236.6711264832379,921.6607666015625
2025-04-17,EXC,559.0,45.21059799194336,25272.724277496338,0.17107372367963264,43.92870330810547,716.5791282653809
2025-04-17,RGLD,164.0,183.29576110839844,30060.504821777344,0.20348271278890612,162.39678955078125,3427.4313354492188
2025-04-21,GL,229.0,116.17938995361328,26605.08029937744,0.18358119398408176,127.55009127287886,-2603.8906021118164
2025-04-21,ETR,273.0,77.93588256835938,21276.49594116211,0.14681273218210916,85.07992553710938,-1950.32373046875
2025-04-21,VRSN,146.0,237.73350524902344,34709.09176635742,0.2395007433493843,236.6711264832379,155.1072998046875
2025-04-21,EXC,559.0,44.22526550292969,24721.923416137695,0.17058697689492738,43.92870330810547,165.77826690673828
2025-04-21,RGLD,164.0,184.3069305419922,30226.33660888672,0.2085686982329473,162.39678955078125,3593.2631225585938
2025-04-22,GL,229.0,120.65125274658203,27629.136878967285,0.18729744451741287,127.55009127287886,-1579.8340225219727
2025-04-22,ETR,273.0,80.6173095703125,22008.525512695312,0.14919541656989294,85.07992553710938,-1218.2941589355469
2025-04-22,VRSN,146.0,244.37278747558594,35678.42697143555,0.2418634438500343,236.6711264832379,1124.4425048828125
2025-04-22,EXC,559.0,45.31583023071289,25331.549098968506,0.17172213640578676,43.92870330810547,775.4039497375488
2025-04-22,RGLD,164.0,179.7765655517578,29483.35675048828,0.19986716918997996,162.39678955078125,2850.2832641601562
2025-04-23,GL,229.0,121.75186920166016,27881.178047180176,0.18830251083071245,127.55009127287886,-1327.792854309082
2025-04-23,ETR,273.0,81.56598663330078,22267.514350891113,0.1503892287168185,85.07992553710938,-959.3053207397461
2025-04-23,VRSN,146.0,247.60377502441406,36150.15115356445,0.24414908931060825,236.6711264832379,1596.1666870117188
2025-04-23,EXC,559.0,44.77054214477539,25026.733058929443,0.169024302520927,43.92870330810547,470.5879096984863
2025-04-23,RGLD,164.0,179.0033416748047,29356.54803466797,0.19826679112683596,162.39678955078125,2723.4745483398438
2025-04-24,GL,229.0,122.87230682373047,28137.758262634277,0.18893496509098917,127.55009127287886,-1071.2126388549805
2025-04-24,ETR,273.0,82.25328826904297,22455.14769744873,0.15077827120166928,85.07992553710938,-771.6719741821289
2025-04-24,VRSN,146.0,248.81539916992188,36327.048278808594,0.24392311336080186,236.6711264832379,1773.0638122558594
2025-04-24,EXC,559.0,44.32093048095703,24775.40013885498,0.16635793500884322,43.92870330810547,219.25498962402344
2025-04-24,RGLD,164.0,182.00706481933594,29849.158630371094,0.2004264053726568,162.39678955078125,3216.0851440429688
2025-04-25,GL,229.0,121.92042541503906,27919.777420043945,0.1852765316545912,127.55009127287886,-1289.1934814453125
2025-04-25,ETR,273.0,81.90479278564453,22360.008430480957,0.14838172767067892,85.07992553710938,-866.8112411499023
2025-04-25,VRSN,146.0,268.7135314941406,39232.17559814453,0.26034596604161125,236.6711264832379,4678.191131591797
2025-04-25,EXC,559.0,44.215702056884766,24716.577449798584,0.1640199946931939,43.92870330810547,160.43230056762695
2025-04-25,RGLD,164.0,177.31808471679688,29080.165893554688,0.1929769065003337,162.39678955078125,2447.0924072265625
2025-04-28,GL,229.0,122.55502319335938,28065.100311279297,0.18474463872874985,127.55009127287886,-1143.870590209961
2025-04-28,ETR,273.0,82.36943817138672,22486.856620788574,0.14802463402858987,85.07992553710938,-739.9630508422852
2025-04-28,VRSN,146.0,272.062744140625,39721.16064453125,0.26147319595402724,236.6711264832379,5167.176177978516
2025-04-28,EXC,559.0,44.46442413330078,24855.613090515137,0.16361748968854795,43.92870330810547,299.4679412841797
2025-04-28,RGLD,164.0,179.27099609375,29400.443359375,0.19353482533999247,162.39678955078125,2767.369873046875
2025-04-29,GL,229.0,122.9218978881836,28149.114616394043,0.18516736973664918,127.55009127287886,-1059.8562850952148
2025-04-29,ETR,273.0,80.85932922363281,22074.596878051758,0.14520865389937113,85.07992553710938,-1152.2227935791016
2025-04-29,VRSN,146.0,274.2002868652344,40033.24188232422,0.2633422117320804,236.6711264832379,5479.257415771484
2025-04-29,EXC,559.0,44.81837463378906,25053.471420288086,0.1648039545430411,43.92870330810547,497.3262710571289
2025-04-29,RGLD,164.0,178.8149871826172,29325.65789794922,0.192906775675194,162.39678955078125,2692.5844116210938
2025-04-30,GL,229.0,122.2972183227539,28006.062995910645,0.1833722152048165,127.55009127287886,-1202.9079055786133
2025-04-30,ETR,273.0,80.51082611083984,21979.455528259277,0.1439124610196429,85.07992553710938,-1247.364143371582
2025-04-30,VRSN,146.0,277.9040832519531,40573.996154785156,0.2656618874170585,236.6711264832379,6020.011688232422
2025-04-30,EXC,559.0,44.8662109375,25080.2119140625,0.1642149422130274,43.92870330810547,524.066764831543
2025-04-30,RGLD,164.0,181.12478637695312,29704.464965820312,0.194492654788775,162.39678955078125,3071.3914794921875
2025-05-01,VRSN,110.0,275.5202941894531,30307.232360839844,0.20228845076722762,236.6711264832379,4273.408447683672
2025-05-01,RGLD,160.0,176.53494262695312,28245.5908203125,0.18852783190552302,162.39678955078125,2262.1044921875
2025-05-01,ROL,424.0,55.21908187866211,23412.890716552734,0.15627152405884068,55.21908187866211,0.0
2025-05-01,EXEL,744.0,38.88999938964844,28934.159545898438,0.1931237481240399,38.88999938964844,0.0
2025-05-01,CNP,853.0,37.523128509521484,32007.228618621826,0.213635234439271,37.523128509521484,0.0
2025-05-02,VRSN,110.0,279.8446960449219,30782.916564941406,0.20365713455674453,236.6711264832379,4749.092651785235
2025-05-02,RGLD,160.0,174.9785614013672,27996.56982421875,0.1852229036124493,162.39678955078125,2013.08349609375
2025-05-02,ROL,424.0,55.80996322631836,23663.424407958984,0.15655518535932558,55.21908187866211,250.53369140625
2025-05-02,EXEL,744.0,39.599998474121094,29462.398864746094,0.1949207027639388,38.88999938964844,528.2393188476562
2025-05-02,CNP,853.0,37.902252197265625,32330.621124267578,0.21389661511498892,37.523128509521484,323.39250564575195
2025-05-05,VRSN,110.0,280.29779052734375,30832.756958007812,0.2030470103814915,236.6711264832379,4798.933044851641
2025-05-05,RGLD,160.0,177.6848907470703,28429.58251953125,0.18722106961912466,162.39678955078125,2446.09619140625
2025-05-05,ROL,424.0,56.11526107788086,23792.870697021484,0.15668632130442334,55.21908187866211,379.97998046875
2025-05-05,EXEL,744.0,39.84000015258789,29640.96011352539,0.19519851384309156,38.88999938964844,706.8005676269531
2025-05-05,CNP,853.0,37.795318603515625,32239.406768798828,0.21231040642239035,37.523128509521484,232.17815017700195
2025-05-06,VRSN,110.0,278.9876708984375,30688.643798828125,0.20419571398319655,236.6711264832379,4654.819885671954
2025-05-06,RGLD,160.0,182.92898559570312,29268.6376953125,0.19474729514564132,162.39678955078125,3285.1513671875
2025-05-06,ROL,424.0,55.947845458984375,23721.886474609375,0.15784039130123317,55.21908187866211,308.9957580566406
2025-05-06,EXEL,744.0,36.86000061035156,27423.840454101562,0.18247240635314005,38.88999938964844,-1510.319091796875
2025-05-06,CNP,853.0,37.83420181274414,32272.574146270752,0.2147348499031765,37.523128509521484,265.3455276489258
2025-05-07,VRSN,110.0,283.0854797363281,31139.402770996094,0.2068303809292515,236.6711264832379,5105.578857839922
2025-05-07,RGLD,160.0,181.06529235839844,28970.44677734375,0.19242400333476084,162.39678955078125,2986.96044921875
2025-05-07,ROL,424.0,56.046329498291016,23763.64370727539,0.15784000471649237,55.21908187866211,350.75299072265625
2025-05-07,EXEL,744.0,36.810001373291016,27386.641021728516,0.18190423999309027,38.88999938964844,-1547.5185241699219
2025-05-07,CNP,853.0,37.960575103759766,32380.37056350708,0.2150729873508829,37.523128509521484,373.1419448852539
2025-05-08,VRSN,110.0,280.94793701171875,30904.273071289062,0.20816262008606717,236.6711264832379,4870.449158132891
2025-05-08,RGLD,160.0,177.16940307617188,28347.1044921875,0.19093824110780624,162.39678955078125,2363.6181640625
2025-05-08,ROL,424.0,55.82966232299805,23671.776824951172,0.15944652943648557,55.21908187866211,258.8861083984375
2025-05-08,EXEL,744.0,36.5,27156.0,0.18291529129377612,38.88999938964844,-1778.1595458984375
2025-05-08,CNP,853.0,36.891265869140625,31468.249786376953,0.211961410965549,37.523128509521484,-538.978832244873
2025-05-09,VRSN,110.0,277.2047119140625,30492.518310546875,0.20550296118035677,236.6711264832379,4458.694397390704
2025-05-09,RGLD,160.0,182.81004333496094,29249.60693359375,0.19712641563409156,162.39678955078125,3266.12060546875
2025-05-09,ROL,424.0,55.859214782714844,23684.307067871094,0.15961932649783397,55.21908187866211,271.4163513183594
2025-05-09,EXEL,744.0,36.16999816894531,26910.478637695312,0.18136196526983203,38.88999938964844,-2023.680908203125
2025-05-09,CNP,853.0,36.49270248413086,31128.275218963623,0.2097876163846244,37.523128509521484,-878.9533996582031
2025-05-12,VRSN,110.0,275.41192626953125,30295.311889648438,0.2079006775235722,236.6711264832379,4261.487976492266
2025-05-12,RGLD,160.0,169.3874969482422,27101.99951171875,0.18598666622920967,162.39678955078125,1118.51318359375
2025-05-12,ROL,424.0,55.04435729980469,23338.807495117188,0.16016187285020209,55.21908187866211,-74.08322143554688
2025-05-12,EXEL,744.0,36.97999954223633,27513.119659423828,0.18880796602512567,38.88999938964844,-1421.0398864746094
2025-05-12,CNP,853.0,35.82194900512695,30556.12250137329,0.2096904825957379,37.523128509521484,-1451.1061172485352
2025-05-13,VRSN,110.0,271.8263244628906,29900.89569091797,0.20689519624650396,236.6711264832379,3867.0717777617974
2025-05-13,RGLD,160.0,167.79147338867188,26846.6357421875,0.18576165837484873,162.39678955078125,863.1494140625
2025-05-13,ROL,424.0,54.1751823425293,22970.277313232422,0.1589397214612984,55.21908187866211,-442.6134033203125
2025-05-13,EXEL,744.0,36.95000076293945,27490.800567626953,0.19021886960196496,38.88999938964844,-1443.3589782714844
2025-05-13,CNP,853.0,35.63724899291992,30398.573390960693,0.21033880965802873,37.523128509521484,-1608.6552276611328
2025-05-14,VRSN,110.0,272.2695617675781,29949.651794433594,0.20007090909547787,236.6711264832379,3915.8278812774224
2025-05-14,RGLD,160.0,164.19297790527344,26270.87646484375,0.17549580119102298,162.39678955078125,287.39013671875
2025-05-14,ROL,424.0,54.28383255004883,23016.345001220703,0.1537547447982432,55.21908187866211,-396.54571533203125
2025-05-14,EXEL,744.0,44.650001525878906,33219.601135253906,0.22191496063252014,38.88999938964844,4285.441589355469
2025-05-14,CNP,853.0,35.549766540527344,30323.950859069824,0.20257131726881347,37.523128509521484,-1683.277759552002
2025-05-15,VRSN,110.0,277.4313049316406,30517.44354248047,0.19898450819720734,236.6711264832379,4483.619629324297
2025-05-15,RGLD,160.0,167.82118225097656,26851.38916015625,0.17508053906966395,162.39678955078125,867.90283203125
2025-05-15,ROL,424.0,55.67648696899414,23606.830474853516,0.15392487072499283,55.21908187866211,193.93975830078125
2025-05-15,EXEL,744.0,46.2599983215332,34417.4387512207,0.22441385412201884,38.88999938964844,5483.279205322266
2025-05-15,CNP,853.0,36.41039276123047,31058.06502532959,0.20250955116929745,37.523128509521484,-949.1635932922363
2025-05-16,VRSN,110.0,278.90887451171875,30679.976196289062,0.19964706406133675,236.6711264832379,4646.152283132891
2025-05-16,RGLD,160.0,169.6551513671875,27144.82421875,0.1766423945397329,162.39678955078125,1161.337890625
2025-05-16,ROL,424.0,56.25922393798828,23853.91094970703,0.15522708547816996,55.21908187866211,441.0202331542969
2025-05-16,EXEL,744.0,45.400001525878906,33777.601135253906,0.2198045674658639,38.88999938964844,4843.441589355469
2025-05-16,CNP,853.0,36.694007873535156,31299.98871612549,0.20368173731123276,37.523128509521484,-707.2399024963379
2025-05-19,VRSN,110.0,279.02740478515625,30693.014526367188,0.19958995643768374,236.6711264832379,4659.190613211016
2025-05-19,RGLD,160.0,171.59815979003906,27455.70556640625,0.17853844474146838,162.39678955078125,1472.21923828125
2025-05-19,ROL,424.0,56.723445892333984,24050.74105834961,0.15639670570664438,55.21908187866211,637.850341796875
2025-05-19,EXEL,744.0,44.689998626708984,33249.358978271484,0.21621330496400665,38.88999938964844,4315.199432373047
2025-05-19,CNP,853.0,36.8309211730957,31416.775760650635,0.20429641735235934,37.523128509521484,-590.4528579711914
2025-05-20,VRSN,110.0,277.3976135253906,30513.73748779297,0.19833965758918698,236.6711264832379,4479.913574636797
2025-05-20,RGLD,160.0,176.0194549560547,28163.11279296875,0.18306056903837817,162.39678955078125,2179.62646484375
2025-05-20,ROL,424.0,56.604923248291016,24000.48745727539,0.15600345471130558,55.21908187866211,587.5967407226562
2025-05-20,EXEL,744.0,44.36000061035156,33003.84045410156,0.21452535656811555,38.88999938964844,4069.680908203125
2025-05-20,CNP,853.0,36.63532638549805,31249.933406829834,0.2031249398430814,37.523128509521484,-757.2952117919922
2025-05-21,VRSN,110.0,277.6346740722656,30539.81414794922,0.19907941251750033,236.6711264832379,4505.990234793047
2025-05-21,RGLD,160.0,178.14089965820312,28502.5439453125,0.18579909086539356,162.39678955078125,2519.0576171875
2025-05-21,ROL,424.0,56.298736572265625,23870.664306640625,0.155605328950163,55.21908187866211,457.7735900878906
2025-05-21,EXEL,744.0,43.720001220703125,32527.680908203125,0.21203768871647286,38.88999938964844,3593.5213623046875
2025-05-21,CNP,853.0,36.400611877441406,31049.72193145752,0.20240334047224037,37.523128509521484,-957.5066871643066
2025-05-22,VRSN,110.0,278.40509033203125,30624.559936523438,0.20120259612394487,236.6711264832379,4590.736023367266
2025-05-22,RGLD,160.0,175.1966552734375,28031.46484375,0.1841660259415912,162.39678955078125,2047.978515625
2025-05-22,ROL,424.0,56.051815032958984,23765.96957397461,0.15614182824496814,55.21908187866211,353.078857421875
2025-05-22,EXEL,744.0,42.86000061035156,31887.840454101562,0.20950231766431499,38.88999938964844,2953.680908203125
2025-05-22,CNP,853.0,36.32237243652344,30982.983688354492,0.20355743124746564,37.523128509521484,-1024.244930267334
2025-05-23,VRSN,110.0,276.33087158203125,30396.395874023438,0.19912353589929047,236.6711264832379,4362.571960867266
2025-05-23,RGLD,160.0,179.02317810058594,28643.70849609375,0.18764186848497477,162.39678955078125,2660.22216796875
2025-05-23,ROL,424.0,56.17033767700195,23816.223175048828,0.1560175288556216,55.21908187866211,403.33245849609375
2025-05-23,EXEL,744.0,42.38999938964844,31538.159545898438,0.20660310750532423,38.88999938964844,2604.0
2025-05-23,CNP,853.0,36.74290466308594,31341.697677612305,0.20531610683443394,37.523128509521484,-665.5309410095215
2025-05-27,VRSN,110.0,266.2558898925781,29288.147888183594,0.1925647872750526,236.6711264832379,3254.3239750274224
2025-05-27,RGLD,160.0,177.1297149658203,28340.75439453125,0.1863358298391836,162.39678955078125,2357.26806640625
2025-05-27,ROL,424.0,56.64442825317383,24017.237579345703,0.15790941315435744,55.21908187866211,604.3468627929688
2025-05-27,EXEL,744.0,43.09000015258789,32058.96011352539,0.21078242496211597,38.88999938964844,3124.800567626953
2025-05-27,CNP,853.0,36.899383544921875,31475.17416381836,0.20694412772158427,37.523128509521484,-532.0544548034668
2025-05-28,VRSN,110.0,265.8410339355469,29242.513732910156,0.19391910886706584,236.6711264832379,3208.689819753985
2025-05-28,RGLD,160.0,176.9314727783203,28309.03564453125,0.18772883258990547,162.39678955078125,2325.54931640625
2025-05-28,ROL,424.0,56.04193878173828,23761.78204345703,0.1575741278963595,55.21908187866211,348.8913269042969
2025-05-28,EXEL,744.0,42.40999984741211,31553.03988647461,0.2092411559662185,38.88999938964844,2618.880340576172
2025-05-28,CNP,853.0,36.36149215698242,31016.352809906006,0.2056821637202295,37.523128509521484,-990.8758087158203
2025-05-29,VRSN,110.0,265.3866882324219,29192.535705566406,0.19326179388991285,236.6711264832379,3158.711792410235
2025-05-29,RGLD,160.0,177.84349060058594,28454.95849609375,0.1883788506583723,162.39678955078125,2471.47216796875
2025-05-29,ROL,424.0,56.21971893310547,23837.16082763672,0.15780788997760853,55.21908187866211,424.2701110839844
2025-05-29,EXEL,744.0,42.599998474121094,31694.398864746094,0.2098247457035833,38.88999938964844,2760.2393188476562
2025-05-29,CNP,853.0,36.29302978515625,30957.95440673828,0.20494930156641178,37.523128509521484,-1049.274211883545
2025-05-30,VRSN,110.0,269.1302185058594,29604.32403564453,0.19497751872124422,236.6711264832379,3570.50012248836
2025-05-30,RGLD,160.0,176.57460021972656,28251.93603515625,0.1860705341751318,162.39678955078125,2268.44970703125
2025-05-30,ROL,424.0,56.545658111572266,23975.35903930664,0.1579045010555394,55.21908187866211,562.4683227539062
2025-05-30,EXEL,744.0,43.040000915527344,32021.760681152344,0.21089903742369479,38.88999938964844,3087.6011352539062
2025-05-30,CNP,853.0,36.4201774597168,31066.411373138428,0.204606995850162,37.523128509521484,-940.8172454833984
2025-06-02,VRSN,108.0,272.182373046875,29395.6962890625,0.19142100492547057,236.6711264832379,3835.2146288728036
2025-06-02,MELI,10.0,2593.43994140625,25934.3994140625,0.16888148350564908,2593.43994140625,0.0
2025-06-02,AVGO,115.0,246.7110137939453,28371.76658630371,0.18475330599608497,246.7110137939453,0.0
2025-06-02,THC,170.0,170.1199951171875,28920.399169921875,0.1883259310313396,170.1199951171875,0.0
2025-06-02,DLTR,340.0,91.23999786376953,31021.59927368164,0.20200867667736985,91.23999786376953,0.0
2025-06-03,VRSN,108.0,272.3799133300781,29417.030639648438,0.18765721430038593,236.6711264832379,3856.548979458741
2025-06-03,MELI,10.0,2602.260009765625,26022.60009765625,0.166003452319805,2593.43994140625,88.20068359375
2025-06-03,AVGO,115.0,254.7855987548828,29300.343856811523,0.18691284560862081,246.7110137939453,928.5772705078125
2025-06-03,THC,170.0,171.83999633789062,29212.799377441406,0.1863543815907117,170.1199951171875,292.40020751953125
2025-06-03,DLTR,340.0,96.72000122070312,32884.80041503906,0.209778822149133,91.23999786376953,1863.2011413574219
2025-06-04,VRSN,108.0,271.1254577636719,29281.549438476562,0.19046403344145615,236.6711264832379,3721.067778286866
2025-06-04,MELI,10.0,2573.9599609375,25739.599609375,0.16742515525246582,2593.43994140625,-194.7998046875
2025-06-04,AVGO,115.0,258.9815673828125,29782.880249023438,0.19372497728139387,246.7110137939453,1411.1136627197266
2025-06-04,THC,170.0,169.88999938964844,28881.299896240234,0.18786058028889668,170.1199951171875,-39.099273681640625
2025-06-04,DLTR,340.0,88.62000274658203,30130.80093383789,0.19598805345797074,91.23999786376953,-890.79833984375
2025-06-05,VRSN,108.0,274.4837951660156,29644.249877929688,0.18867776196341057,236.6711264832379,4083.768217739991
2025-06-05,MELI,10.0,2581.739990234375,25817.39990234375,0.16432088021613953,2593.43994140625,-116.99951171875
2025-06-05,AVGO,115.0,257.8408203125,29651.6943359375,0.18872514395761614,246.7110137939453,1279.927749633789
2025-06-05,THC,170.0,171.83999633789062,29212.799377441406,0.18593169433932374,170.1199951171875,292.40020751953125
2025-06-05,DLTR,340.0,96.66999816894531,32867.799377441406,0.20919479672228164,91.23999786376953,1846.2001037597656
2025-06-06,VRSN,108.0,281.5263671875,30404.84765625,0.1966710490756793,236.6711264832379,4844.365996060304
2025-06-06,MELI,10.0,2482.389892578125,24823.89892578125,0.1605711792763565,2593.43994140625,-1110.50048828125
2025-06-06,AVGO,115.0,244.9453125,28168.7109375,0.18220679787056568,246.7110137939453,-203.05564880371094
2025-06-06,THC,170.0,171.4600067138672,29148.201141357422,0.18854254301653395,170.1199951171875,227.80197143554688
2025-06-06,DLTR,340.0,94.5,32130.0,0.20783004336160973,91.23999786376953,1108.4007263183594
2025-06-09,VRSN,108.0,276.4494323730469,29856.538696289062,0.19604789128632658,236.6711264832379,4296.057036099366
2025-06-09,MELI,10.0,2448.60009765625,24486.0009765625,0.1607831673430607,2593.43994140625,-1448.3984375
2025-06-09,AVGO,115.0,242.31661987304688,27866.41128540039,0.18298005759452843,246.7110137939453,-505.3553009033203
2025-06-09,THC,170.0,166.19000244140625,28252.300415039062,0.18551393303486474,170.1199951171875,-668.0987548828125
2025-06-09,DLTR,340.0,93.8499984741211,31908.999481201172,0.20952502649356045,91.23999786376953,887.4002075195312
2025-06-10,VRSN,108.0,275.076416015625,29708.2529296875,0.19835015313929494,236.6711264832379,4147.771269497804
2025-06-10,MELI,10.0,2396.43994140625,23964.3994140625,0.16000073464166936,2593.43994140625,-1970.0
2025-06-10,AVGO,115.0,242.663818359375,27906.339111328125,0.18631949342122603,246.7110137939453,-465.42747497558594
2025-06-10,THC,170.0,156.55999755859375,26615.199584960938,0.17769906988486892,170.1199951171875,-2305.1995849609375
2025-06-10,DLTR,340.0,93.12000274658203,31660.80093383789,0.21138653722258907,91.23999786376953,639.20166015625
2025-06-11,VRSN,108.0,276.4000244140625,29851.20263671875,0.19643471713314192,236.6711264832379,4290.720976529054
2025-06-11,MELI,10.0,2387.0,23870.0,0.15707563795773094,2593.43994140625,-2064.3994140625
2025-06-11,AVGO,115.0,250.87725830078125,28850.884704589844,0.18985216257303691,246.7110137939453,479.1181182861328
2025-06-11,THC,170.0,161.41000366210938,27439.700622558594,0.18056591875398148,170.1199951171875,-1480.6985473632812
2025-06-11,DLTR,340.0,94.20999908447266,32031.399688720703,0.2107814219013351,91.23999786376953,1009.8004150390625
2025-06-12,VRSN,108.0,278.3557434082031,30062.420288085938,0.1955963813226274,236.6711264832379,4501.938627896241
2025-06-12,MELI,10.0,2368.820068359375,23688.20068359375,0.15412352995381956,2593.43994140625,-2246.19873046875
2025-06-12,AVGO,115.0,254.01185607910156,29211.36344909668,0.19005911464845532,246.7110137939453,839.5968627929688
2025-06-12,THC,170.0,165.5399932861328,28141.798858642578,0.18310016186026115,170.1199951171875,-778.6003112792969
2025-06-12,DLTR,340.0,96.08999633789062,32670.598754882812,0.21256608186770445,91.23999786376953,1648.9994812011719
2025-06-13,VRSN,108.0,276.4691467285156,29858.667846679688,0.19620830436297265,236.6711264832379,4298.186186489991
2025-06-13,MELI,10.0,2371.97998046875,23719.7998046875,0.1558683636994353,2593.43994140625,-2214.599609375
2025-06-13,AVGO,115.0,246.7010955810547,28370.62599182129,0.18643003258400023,246.7110137939453,-1.140594482421875
2025-06-13,THC,170.0,164.3699951171875,27942.899169921875,0.18361933939144442,170.1199951171875,-977.5
2025-06-13,DLTR,340.0,95.19000244140625,32364.600830078125,0.21267537730958197,91.23999786376953,1343.0015563964844
2025-06-16,VRSN,108.0,277.6346740722656,29984.544799804688,0.19370706259472986,236.6711264832379,4424.063139614991
2025-06-16,MELI,10.0,2454.760009765625,24547.60009765625,0.15858314809895227,2593.43994140625,-1386.79931640625
2025-06-16,AVGO,115.0,250.07376098632812,28758.482513427734,0.1857864179547017,246.7110137939453,386.71592712402344
2025-06-16,THC,170.0,164.24000549316406,27920.80093383789,0.18037480209541676,170.1199951171875,-999.5982360839844
2025-06-16,DLTR,340.0,99.0,33660.0,0.21745134936919497,91.23999786376953,2638.4007263183594
2025-06-17,VRSN,108.0,280.4794006347656,30291.775268554688,0.19611068349475635,236.6711264832379,4731.293608364991
2025-06-17,MELI,10.0,2389.47998046875,23894.7998046875,0.15469629891689146,2593.43994140625,-2039.599609375
2025-06-17,AVGO,115.0,247.36569213867188,28447.054595947266,0.18416785648132958,246.7110137939453,75.28800964355469
2025-06-17,THC,170.0,167.4600067138672,28468.201141357422,0.1843047604243033,170.1199951171875,-452.1980285644531
2025-06-17,DLTR,340.0,98.3499984741211,33438.99948120117,0.21648599283141504,91.23999786376953,2417.4002075195312
2025-06-18,VRSN,108.0,277.7137145996094,29993.081176757812,0.19443974952218698,236.6711264832379,4432.599516568116
2025-06-18,MELI,10.0,2402.75,24027.5,0.15576595995961526,2593.43994140625,-1906.8994140625
2025-06-18,AVGO,115.0,249.24050903320312,28662.65853881836,0.18581485890307795,246.7110137939453,290.89195251464844
2025-06-18,THC,170.0,167.5800018310547,28488.600311279297,0.1846864707269676,170.1199951171875,-431.7988586425781
2025-06-18,DLTR,340.0,97.52999877929688,33160.19958496094,0.21497160839887114,91.23999786376953,2138.600311279297
2025-06-20,VRSN,108.0,277.2890319824219,29947.215454101562,0.19368876672062585,236.6711264832379,4386.733793911866
2025-06-20,MELI,10.0,2403.81005859375,24038.1005859375,0.15547054997258236,2593.43994140625,-1896.298828125
2025-06-20,AVGO,115.0,248.5644073486328,28584.906845092773,0.18487780148159677,246.7110137939453,213.1402587890625
2025-06-20,THC,170.0,168.00999450683594,28561.69906616211,0.18472770117974083,170.1199951171875,-358.7001037597656
2025-06-20,DLTR,340.0,98.70999908447266,33561.3996887207,0.21706412487963075,91.23999786376953,2539.8004150390625
2025-06-23,VRSN,108.0,279.4225158691406,30177.631713867188,0.19274300033975242,236.6711264832379,4617.150053677491
2025-06-23,MELI,10.0,2452.889892578125,24528.89892578125,0.1566648310514409,2593.43994140625,-1405.50048828125
2025-06-23,AVGO,115.0,252.32284545898438,29017.127227783203,0.18533091715587605,246.7110137939453,645.3606414794922
2025-06-23,THC,170.0,169.1199951171875,28750.399169921875,0.18362733860357489,170.1199951171875,-170.0
2025-06-23,DLTR,340.0,100.51000213623047,34173.40072631836,0.2182637739851723,91.23999786376953,3151.8014526367188
2025-06-24,VRSN,108.0,281.5362548828125,30405.91552734375,0.19185067560649108,236.6711264832379,4845.433867154054
2025-06-24,MELI,10.0,2528.949951171875,25289.49951171875,0.1595678828585209,2593.43994140625,-644.89990234375
2025-06-24,AVGO,115.0,262.2658386230469,30160.57144165039,0.19030264037124225,246.7110137939453,1788.8048553466797
2025-06-24,THC,170.0,171.52000427246094,29158.40072631836,0.1839792942237932,170.1199951171875,238.00155639648438
2025-06-24,DLTR,340.0,98.68000030517578,33551.200103759766,0.21169631947198939,91.23999786376953,2529.600830078125
2025-06-25,VRSN,108.0,278.97802734375,30129.626953125,0.19037774865279966,236.6711264832379,4569.145292935304
2025-06-25,MELI,10.0,2540.5,25405.0,0.16052461293493497,2593.43994140625,-529.3994140625
2025-06-25,AVGO,115.0,263.14080810546875,30261.192932128906,0.19120906445106803,246.7110137939453,1889.4263458251953
2025-06-25,THC,170.0,169.00999450683594,28731.69906616211,0.18154476959491067,170.1199951171875,-188.70010375976562
2025-06-25,DLTR,340.0,99.44999694824219,33812.998962402344,0.21365158711312712,91.23999786376953,2791.399688720703
2025-06-26,VRSN,108.0,279.7385559082031,30211.764038085938,0.1890920945485819,236.6711264832379,4651.282377896241
2025-06-26,MELI,10.0,2560.199951171875,25601.99951171875,0.1602400874771753,2593.43994140625,-332.39990234375
2025-06-26,AVGO,115.0,268.6293029785156,30892.369842529297,0.19335193111297044,246.7110137939453,2520.603256225586
2025-06-26,THC,170.0,172.55999755859375,29335.199584960938,0.18360577444362916,170.1199951171875,414.8004150390625
2025-06-26,DLTR,340.0,99.44000244140625,33809.600830078125,0.2116105576871168,91.23999786376953,2788.0015563964844
2025-06-27,VRSN,108.0,284.1537780761719,30688.608032226562,0.19170239209063344,236.6711264832379,5128.126372036866
2025-06-27,MELI,10.0,2560.050048828125,25600.50048828125,0.15991853319535773,2593.43994140625,-333.89892578125
2025-06-27,AVGO,115.0,267.81402587890625,30798.61297607422,0.19238955948692743,246.7110137939453,2426.846389770508
2025-06-27,THC,170.0,173.6300048828125,29517.100830078125,0.18438434323134908,170.1199951171875,596.70166015625
2025-06-27,DLTR,340.0,98.69999694824219,33557.998962402344,0.2096266037257858,91.23999786376953,2536.399688720703
2025-06-30,VRSN,108.0,285.2600402832031,30808.084350585938,0.19019828086142215,236.6711264832379,5247.602690396241
2025-06-30,MELI,10.0,2613.6298828125,26136.298828125,0.16135631961469984,2593.43994140625,201.8994140625
2025-06-30,AVGO,115.0,274.0780334472656,31518.973846435547,0.19458706266474343,246.7110137939453,3147.207260131836
2025-06-30,THC,170.0,176.0,29920.0,0.18471556032550004,170.1199951171875,999.600830078125
2025-06-30,DLTR,340.0,99.04000091552734,33673.6003112793,0.20788896890624625,91.23999786376953,2652.0010375976562
2025-07-01,AVGO,106.0,263.2302551269531,27902.40704345703,0.17428038200357204,246.7110137939453,1751.0395812988281
2025-07-01,APH,253.0,96.87659454345703,24509.77841949463,0.15308978681013444,96.87659454345703,0.0
2025-07-01,CEG,105.0,306.30975341796875,32162.52410888672,0.2008893705537955,306.30975341796875,0.0
2025-07-01,VST,182.0,184.39198303222656,33559.340911865234,0.20961398580411988,184.39198303222656,0.0
2025-07-01,NTES,258.0,131.56793212890625,33944.52648925781,0.2120198818067727,131.56793212890625,0.0
2025-07-02,AVGO,106.0,268.36083984375,28446.2490234375,0.17702128629441172,246.7110137939453,2294.881561279297
2025-07-02,APH,253.0,98.0006332397461,24794.16020965576,0.15429430183525114,96.87659454345703,284.3817901611328
2025-07-02,CEG,105.0,305.02642822265625,32027.774963378906,0.199309157298524,306.30975341796875,-134.7491455078125
2025-07-02,VST,182.0,186.3046112060547,33907.43923950195,0.21100632649952492,184.39198303222656,348.09832763671875
2025-07-02,NTES,258.0,129.830322265625,33496.22314453125,0.20844732471279717,131.56793212890625,-448.3033447265625
2025-07-03,AVGO,106.0,273.6107482910156,29002.739318847656,0.1779999827363593,246.7110137939453,2851.371856689453
2025-07-03,APH,253.0,98.9356689453125,25030.724243164062,0.15362233319341503,96.87659454345703,520.9458236694336
2025-07-03,CEG,105.0,310.2490234375,32576.1474609375,0.19993124173259505,306.30975341796875,413.62335205078125
2025-07-03,VST,182.0,191.4647979736328,34846.59323120117,0.21386576369163432,184.39198303222656,1287.2523193359375
2025-07-03,NTES,258.0,129.6839141845703,33458.44985961914,0.20534624098514911,131.56793212890625,-486.0766296386719
2025-07-07,AVGO,106.0,272.616455078125,28897.34423828125,0.17665034987763542,246.7110137939453,2745.976776123047
2025-07-07,APH,253.0,98.03047180175781,24801.709365844727,0.15161360853486114,96.87659454345703,291.93094635009766
2025-07-07,CEG,105.0,316.585693359375,33241.497802734375,0.20320629359187567,306.30975341796875,1078.9736938476562
2025-07-07,VST,182.0,192.9590606689453,35118.54904174805,0.21468076527259009,184.39198303222656,1559.2081298828125
2025-07-07,NTES,258.0,129.859619140625,33503.78173828125,0.20480964331839693,131.56793212890625,-440.7447509765625
2025-07-08,AVGO,106.0,270.25,28646.5,0.1769318933101393,246.7110137939453,2495.132537841797
2025-07-08,APH,253.0,96.896484375,24514.810546875,0.15141297694999267,96.87659454345703,5.032127380371094
2025-07-08,CEG,105.0,311.2039794921875,32676.417846679688,0.20182222876114927,306.30975341796875,513.8937377929688
2025-07-08,VST,182.0,189.4525146484375,34480.357666015625,0.21296406066566317,184.39198303222656,921.0167541503906
2025-07-08,NTES,258.0,130.10366821289062,33566.74639892578,0.2073212431753701,131.56793212890625,-377.78009033203125
2025-07-09,AVGO,106.0,276.31524658203125,29289.416137695312,0.17895148386215565,246.7110137939453,3138.0486755371094
2025-07-09,APH,253.0,97.69226837158203,24716.143898010254,0.15100985984514503,96.87659454345703,206.365478515625
2025-07-09,CEG,105.0,315.45166015625,33122.42431640625,0.20237026756243304,306.30975341796875,959.9002075195312
2025-07-09,VST,182.0,196.2563934326172,35718.66360473633,0.21823268253594136,184.39198303222656,2159.3226928710938
2025-07-09,NTES,258.0,127.14588165283203,32803.637466430664,0.20042255445095677,131.56793212890625,-1140.8890228271484
2025-07-10,AVGO,106.0,273.8294677734375,29025.923583984375,0.17898004190271907,246.7110137939453,2874.556121826172
2025-07-10,APH,253.0,97.79173278808594,24741.308395385742,0.1525601898772166,96.87659454345703,231.52997589111328
2025-07-10,CEG,105.0,311.97991943359375,32757.891540527344,0.2019921531042458,306.30975341796875,595.367431640625
2025-07-10,VST,182.0,195.03111267089844,35495.662506103516,0.21887383339672895,184.39198303222656,1936.3215942382812
2025-07-10,NTES,258.0,124.53951263427734,32131.194259643555,0.1981278038693849,131.56793212890625,-1813.3322296142578
2025-07-11,AVGO,106.0,272.8153076171875,28918.422607421875,0.17705689770227545,246.7110137939453,2767.055145263672
2025-07-11,APH,253.0,98.23936462402344,24854.55924987793,0.15217535251771838,96.87659454345703,344.7808303833008
2025-07-11,CEG,105.0,319.85845947265625,33585.138244628906,0.2056294863389223,306.30975341796875,1422.6141357421875
2025-07-11,VST,182.0,195.82806396484375,35640.70764160156,0.2182149840121705,184.39198303222656,2081.366729736328
2025-07-11,NTES,258.0,125.22282409667969,32307.48861694336,0.1978069061622839,131.56793212890625,-1637.0378723144531
2025-07-14,AVGO,106.0,274.0283508300781,29047.00518798828,0.17671310214878258,246.7110137939453,2895.637725830078
2025-07-14,APH,253.0,99.68171691894531,25219.474380493164,0.15342757449506783,96.87659454345703,709.6959609985352
2025-07-14,CEG,105.0,324.2851867675781,34049.9446105957,0.2071494565856589,306.30975341796875,1887.4205017089844
2025-07-14,VST,182.0,194.0648193359375,35319.797119140625,0.21487485115229676,184.39198303222656,1760.4562072753906
2025-07-14,NTES,258.0,126.80420684814453,32715.48536682129,0.19903101438714915,131.56793212890625,-1229.0411224365234
2025-07-15,AVGO,106.0,279.337890625,29609.81640625,0.18044090450088204,246.7110137939453,3458.448944091797
2025-07-15,APH,253.0,98.91577911376953,25025.69211578369,0.1525054549199921,96.87659454345703,515.9136962890625
2025-07-15,CEG,105.0,316.3270263671875,33214.33776855469,0.20240669739819034,306.30975341796875,1051.8136596679688
2025-07-15,VST,182.0,190.63796997070312,34696.11053466797,0.2114365547439393,184.39198303222656,1136.7696228027344
2025-07-15,NTES,258.0,129.95726013183594,33528.97311401367,0.20432407120232454,131.56793212890625,-415.5533752441406
2025-07-16,AVGO,106.0,279.2086181640625,29596.113525390625,0.18280885343711395,246.7110137939453,3444.746063232422
2025-07-16,APH,253.0,100.01992797851562,25305.041778564453,0.15630382245118038,96.87659454345703,795.2633590698242
2025-07-16,CEG,105.0,306.5882263183594,32191.763763427734,0.1988416289409737,306.30975341796875,29.239654541015625
2025-07-16,VST,182.0,183.42567443847656,33383.472747802734,0.20620256006043988,184.39198303222656,-175.8681640625
2025-07-16,NTES,258.0,129.44964599609375,33398.00866699219,0.20629234531952123,131.56793212890625,-546.517822265625
2025-07-17,AVGO,106.0,284.8164978027344,30190.548767089844,0.18568156158347868,246.7110137939453,4039.1813049316406
2025-07-17,APH,253.0,101.42249298095703,25659.89072418213,0.1578165609537156,96.87659454345703,1150.1123046875
2025-07-17,CEG,105.0,306.4688415527344,32179.22836303711,0.19791257916826716,306.30975341796875,16.704254150390625
2025-07-17,VST,182.0,181.3038330078125,32997.297607421875,0.20294396749951749,184.39198303222656,-562.0433044433594
2025-07-17,NTES,258.0,130.01580810546875,33544.07849121094,0.2063068453699794,131.56793212890625,-400.447998046875
2025-07-18,AVGO,106.0,281.7242126464844,29862.766540527344,0.1790976636189314,246.7110137939453,3711.3990783691406
2025-07-18,APH,253.0,102.79521942138672,26007.19051361084,0.15597439882064879,96.87659454345703,1497.412094116211
2025-07-18,CEG,105.0,319.7391357421875,33572.60925292969,0.20134691374394162,306.30975341796875,1410.0851440429688
2025-07-18,VST,182.0,192.27171325683594,34993.45181274414,0.2098682134195013,184.39198303222656,1434.1109008789062
2025-07-18,NTES,258.0,132.87599182128906,34282.00588989258,0.20560141843247265,131.56793212890625,337.4794006347656
2025-07-21,AVGO,106.0,286.56640625,30376.0390625,0.18252648509094774,246.7110137939453,4224.671600341797
2025-07-21,APH,253.0,103.16326904296875,26100.307067871094,0.1568340526258477,96.87659454345703,1590.5286483764648
2025-07-21,CEG,105.0,316.2176208496094,33202.850189208984,0.19951250153346503,306.30975341796875,1040.3260803222656
2025-07-21,VST,182.0,187.50997924804688,34126.81622314453,0.20506451811372678,184.39198303222656,567.4753112792969
2025-07-21,NTES,258.0,134.07669067382812,34591.786193847656,0.20785847470071497,131.56793212890625,647.2597045898438
2025-07-22,AVGO,106.0,277.00128173828125,29362.135864257812,0.17730141394278587,246.7110137939453,3210.7684020996094
2025-07-22,APH,253.0,101.24344635009766,25614.591926574707,0.15467210516103777,96.87659454345703,1104.8135070800781
2025-07-22,CEG,105.0,316.12811279296875,33193.45184326172,0.20043657493650235,306.30975341796875,1030.927734375
2025-07-22,VST,182.0,188.36671447753906,34282.74203491211,0.20701418536874344,184.39198303222656,723.401123046875
2025-07-22,NTES,258.0,136.16566467285156,35130.7414855957,0.21213477681086423,131.56793212890625,1186.2149963378906
2025-07-23,AVGO,106.0,282.0722351074219,29899.65692138672,0.17717205834960303,246.7110137939453,3748.2894592285156
2025-07-23,APH,253.0,100.17908477783203,25345.308448791504,0.15018501647642687,96.87659454345703,835.530029296875
2025-07-23,CEG,105.0,322.0072021484375,33810.75622558594,0.20034749196600116,306.30975341796875,1648.2321166992188
2025-07-23,VST,182.0,199.35450744628906,36282.52035522461,0.21499406599707493,184.39198303222656,2723.179443359375
2025-07-23,NTES,258.0,137.21017456054688,35400.225036621094,0.20976597665544133,131.56793212890625,1455.6985473632812
2025-07-24,AVGO,106.0,287.0635681152344,30428.738220214844,0.18085966607750398,246.7110137939453,4277.370758056641
2025-07-24,APH,253.0,103.90930938720703,26289.05527496338,0.15625458157723607,96.87659454345703,1779.27685546875
2025-07-24,CEG,105.0,319.9878234863281,33598.72146606445,0.19970113453296448,306.30975341796875,1436.1973571777344
2025-07-24,VST,182.0,195.48936462402344,35579.064361572266,0.21147172298814265,184.39198303222656,2019.7234497070312
2025-07-24,NTES,258.0,133.0517120361328,34327.341705322266,0.20403184362171448,131.56793212890625,382.8152160644531
2025-07-25,AVGO,106.0,288.5251770019531,30583.66876220703,0.18183440608165558,246.7110137939453,4432.301300048828
2025-07-25,APH,253.0,104.46636199951172,26429.989585876465,0.15713881472032326,96.87659454345703,1920.211166381836
2025-07-25,CEG,105.0,325.6380920410156,34191.99966430664,0.2032876434820079,306.30975341796875,2029.4755554199219
2025-07-25,VST,182.0,191.4647979736328,34846.59323120117,0.20717951248525268,184.39198303222656,1287.2523193359375
2025-07-25,NTES,258.0,132.25123596191406,34120.81887817383,0.20286443997194112,131.56793212890625,176.29238891601562
2025-07-28,AVGO,106.0,292.6216735839844,31017.897399902344,0.18359264650006288,246.7110137939453,4866.529937744141
2025-07-28,APH,253.0,106.13750457763672,26852.78865814209,0.15893967512029686,96.87659454345703,2343.010238647461
2025-07-28,CEG,105.0,326.94122314453125,34328.82843017578,0.20318980301876985,306.30975341796875,2166.3043212890625
2025-07-28,VST,182.0,195.13072204589844,35513.791412353516,0.21020351149480931,184.39198303222656,1954.4505004882812
2025-07-28,NTES,258.0,128.73704528808594,33214.15768432617,0.19659214910405373,131.56793212890625,-730.3688049316406
2025-07-29,AVGO,106.0,295.72393798828125,31346.737426757812,0.1850248290690613,246.7110137939453,5195.369964599609
2025-07-29,APH,253.0,104.75483703613281,26502.9737701416,0.1564344041576851,96.87659454345703,1993.1953506469727
2025-07-29,CEG,105.0,328.7915344238281,34523.11111450195,0.20377344684810492,306.30975341796875,2360.5870056152344
2025-07-29,VST,182.0,197.2426300048828,35898.15866088867,0.21188969619706782,184.39198303222656,2338.8177490234375
2025-07-29,NTES,258.0,128.39537048339844,33126.0055847168,0.1955269997515314,131.56793212890625,-818.5209045410156
2025-07-30,AVGO,106.0,300.894287109375,31894.79443359375,0.18448117880847384,246.7110137939453,5743.426971435547
2025-07-30,APH,253.0,104.93387603759766,26548.270637512207,0.15355660224529,96.87659454345703,2038.4922180175781
2025-07-30,CEG,105.0,343.4643859863281,36063.76052856445,0.20859469931458788,306.30975341796875,3901.2364196777344
2025-07-30,VST,182.0,206.2580108642578,37538.95797729492,0.2171273194223509,184.39198303222656,3979.6170654296875
2025-07-30,NTES,258.0,127.21421813964844,32821.2682800293,0.18983995256327907,131.56793212890625,-1123.2582092285156
2025-07-31,AVGO,106.0,292.025146484375,30954.66552734375,0.179198780935387,246.7110137939453,4803.298065185547
2025-07-31,APH,253.0,105.9485092163086,26804.972831726074,0.15517591201909092,96.87659454345703,2295.1944122314453
2025-07-31,CEG,105.0,346.0209655761719,36332.20138549805,0.21032972206496708,306.30975341796875,4169.677276611328
2025-07-31,VST,182.0,207.74229431152344,37809.097564697266,0.21887958007092245,184.39198303222656,4249.756652832031
2025-07-31,NTES,258.0,127.1946792602539,32816.22724914551,0.1899754953821375,131.56793212890625,-1128.2992401123047
2025-08-01,AVGO,128.0,286.9939880371094,36735.23046875,0.21665633081612387,253.63464999198914,4269.995269775391
2025-08-01,VST,133.0,207.25418090820312,27564.806060791016,0.1625711793442914,184.39198303222656,3040.672317504883
2025-08-01,MSFT,52.0,519.956787109375,27037.7529296875,0.15946273559498172,519.956787109375,0.0
2025-08-01,ORCL,131.0,242.50633239746094,31768.329544067383,0.18736263873531941,242.50633239746094,0.0
2025-08-01,NVDA,216.0,173.4889373779297,37473.61047363281,0.22101113410889184,173.4889373779297,0.0
2025-08-04,AVGO,128.0,296.0221862792969,37890.83984375,0.2171260858311833,253.63464999198914,5425.604644775391
2025-08-04,VST,133.0,213.24118041992188,28361.07699584961,0.16251763390463292,184.39198303222656,3836.9432525634766
2025-08-04,MSFT,52.0,531.3955078125,27632.56640625,0.15834304570709995,519.956787109375,594.8134765625
2025-08-04,ORCL,131.0,250.55282592773438,32822.4201965332,0.18808249313468697,242.50633239746094,1054.0906524658203
2025-08-04,NVDA,216.0,179.76058959960938,38828.287353515625,0.2224979463997786,173.4889373779297,1354.6768798828125
2025-08-05,AVGO,128.0,291.259521484375,37281.21875,0.21557814856483123,253.63464999198914,4815.983551025391
2025-08-05,VST,133.0,208.79824829101562,27770.167022705078,0.16058061921838038,184.39198303222656,3246.0332794189453
2025-08-05,MSFT,52.0,523.5679931640625,27225.53564453125,0.15743129556175967,519.956787109375,187.78271484375
2025-08-05,ORCL,131.0,253.66824340820312,33230.53988647461,0.19215515223830962,242.50633239746094,1462.2103424072266
2025-08-05,NVDA,216.0,178.02288818359375,38452.94384765625,0.2223536332632675,173.4889373779297,979.3333740234375
2025-08-06,AVGO,128.0,299.94970703125,38393.5625,0.221808776172888,253.63464999198914,5928.327301025391
2025-08-06,VST,133.0,200.08172607421875,26610.869567871094,0.1537373462477163,184.39198303222656,2086.735824584961
2025-08-06,MSFT,52.0,520.7802734375,27080.57421875,0.15645094214739774,519.956787109375,42.8212890625
2025-08-06,ORCL,131.0,254.42227172851562,33329.31759643555,0.1925514243889941,242.50633239746094,1560.988052368164
2025-08-06,NVDA,216.0,179.1813507080078,38703.17175292969,0.223597462739396,173.4889373779297,1229.561279296875
2025-08-07,AVGO,128.0,302.02777099609375,38659.5546875,0.22326978238657794,253.63464999198914,6194.319488525391
2025-08-07,VST,133.0,204.80357360839844,27238.875289916992,0.15731215239272542,184.39198303222656,2714.7415466308594
2025-08-07,MSFT,52.0,516.7127685546875,26869.06396484375,0.1551763881621071,519.956787109375,-168.68896484375
2025-08-07,ORCL,131.0,247.43740844726562,32414.300506591797,0.18720168607270365,242.50633239746094,645.9709625244141
2025-08-07,NVDA,216.0,180.52955627441406,38994.38415527344,0.22520351656977486,173.4889373779297,1520.773681640625
2025-08-08,AVGO,128.0,303.23089599609375,38813.5546875,0.2238253252968173,253.63464999198914,6348.319488525391
2025-08-08,VST,133.0,201.3468475341797,26779.1307220459,0.15442666082213416,184.39198303222656,2254.9969787597656
2025-08-08,MSFT,52.0,517.9031982421875,26930.96630859375,0.15530224796750972,519.956787109375,-106.78662109375
2025-08-08,ORCL,131.0,248.09225463867188,32500.085357666016,0.18741757192614583,242.50633239746094,731.7558135986328
2025-08-08,NVDA,216.0,182.4569854736328,39410.70886230469,0.22726892196051215,173.4889373779297,1937.098388671875
2025-08-11,AVGO,128.0,302.1669616699219,38677.37109375,0.22331896432785975,253.63464999198914,6212.135894775391
2025-08-11,VST,133.0,199.3146514892578,26508.84864807129,0.1530592296788208,184.39198303222656,1984.7149047851562
2025-08-11,MSFT,52.0,517.6353149414062,26917.036376953125,0.15541606154943266,519.956787109375,-120.716552734375
2025-08-11,ORCL,131.0,250.70164489746094,32841.91548156738,0.18962567373333944,242.50633239746094,1073.5859375
2025-08-11,NVDA,216.0,181.81784057617188,39272.653564453125,0.22675606103533047,173.4889373779297,1799.0430908203125
2025-08-12,AVGO,128.0,311.0460510253906,39813.89453125,0.2257510293553689,253.63464999198914,7348.659332275391
2025-08-12,VST,133.0,208.75839233398438,27764.866180419922,0.15743114794319213,184.39198303222656,3240.732437133789
2025-08-12,MSFT,52.0,525.046142578125,27302.3994140625,0.15480888881036875,519.956787109375,264.646484375
2025-08-12,ORCL,131.0,251.87242126464844,32995.287185668945,0.18708845576998911,242.50633239746094,1226.9576416015625
2025-08-12,NVDA,216.0,182.9163818359375,39509.9384765625,0.2240275508302866,173.4889373779297,2036.3280029296875
2025-08-13,AVGO,128.0,307.327392578125,39337.90625,0.2270254176816842,253.63464999198914,6872.671051025391
2025-08-13,VST,133.0,204.49476623535156,27197.803909301758,0.15696292408886847,184.39198303222656,2673.670166015625
2025-08-13,MSFT,52.0,516.454833984375,26855.6513671875,0.15498830644423114,519.956787109375,-182.1015625
2025-08-13,ORCL,131.0,242.2681884765625,31737.132690429688,0.18316012446808436,242.50633239746094,-31.196853637695312
2025-08-13,NVDA,216.0,181.3484649658203,39171.26843261719,0.2260637238931924,173.4889373779297,1697.657958984375
2025-08-14,AVGO,128.0,309.4551696777344,39610.26171875,0.22836485951466404,253.63464999198914,7145.026519775391
2025-08-14,VST,133.0,201.57598876953125,26809.606506347656,0.15456530095501506,184.39198303222656,2285.4727630615234
2025-08-14,MSFT,52.0,518.3397216796875,26953.66552734375,0.15539584376549137,519.956787109375,-84.08740234375
2025-08-14,ORCL,131.0,243.04209899902344,31838.51496887207,0.18355844376004912,242.50633239746094,70.1854248046875
2025-08-14,NVDA,216.0,181.77789306640625,39264.02490234375,0.22636870199117085,173.4889373779297,1790.4144287109375
2025-08-15,AVGO,128.0,304.5930480957031,38987.91015625,0.22649234931271162,253.63464999198914,6522.674957275391
2025-08-15,VST,133.0,196.5751953125,26144.5009765625,0.1518811709593741,184.39198303222656,1620.3672332763672
2025-08-15,MSFT,52.0,516.0480346679688,26834.497802734375,0.1558895674482259,519.956787109375,-203.255126953125
2025-08-15,ORCL,131.0,246.33609008789062,32270.027801513672,0.18746617553646142,242.50633239746094,501.69825744628906
2025-08-15,NVDA,216.0,180.20997619628906,38925.35485839844,0.22612894700888012,173.4889373779297,1451.744384765625
2025-08-18,AVGO,128.0,304.0163879394531,38914.09765625,0.2255094464331406,253.63464999198914,6448.862457275391
2025-08-18,VST,133.0,198.19894409179688,26360.459564208984,0.15276038767644926,184.39198303222656,1836.3258209228516
2025-08-18,MSFT,52.0,513.0023193359375,26676.12060546875,0.15458966166614346,519.956787109375,-361.63232421875
2025-08-18,ORCL,131.0,247.11993408203125,32372.711364746094,0.18760173456652723,242.50633239746094,604.3818206787109
2025-08-18,NVDA,216.0,181.7678985595703,39261.86608886719,0.2275247846126147,173.4889373779297,1788.255615234375
2025-08-19,AVGO,128.0,293.2282409667969,37533.21484375,0.22498037576649035,253.63464999198914,5067.979644775391
2025-08-19,VST,133.0,192.77975463867188,25639.70736694336,0.15368870004798754,184.39198303222656,1115.5736236572266
2025-08-19,MSFT,52.0,505.7304382324219,26297.982788085938,0.15763451316906005,519.956787109375,-739.7701416015625
2025-08-19,ORCL,131.0,232.7830352783203,30494.57762145996,0.18278960543820574,242.50633239746094,-1273.7519226074219
2025-08-19,NVDA,216.0,175.40638732910156,37887.77966308594,0.2271056966754468,173.4889373779297,414.169189453125
2025-08-20,AVGO,128.0,289.50958251953125,37057.2265625,0.22314419547246472,253.63464999198914,4591.991363525391
2025-08-20,VST,133.0,192.17210388183594,25558.88981628418,0.15390568680591893,184.39198303222656,1034.7560729980469
2025-08-20,MSFT,52.0,501.71258544921875,26089.054443359375,0.15709813184702653,519.956787109375,-948.698486328125
2025-08-20,ORCL,131.0,233.21958923339844,30551.766189575195,0.18397084506951508,242.50633239746094,-1216.5633544921875
2025-08-20,NVDA,216.0,175.1667022705078,37836.00769042969,0.227833712318738,173.4889373779297,362.397216796875
2025-08-21,AVGO,128.0,287.9485168457031,36857.41015625,0.22317656586196394,253.63464999198914,4392.174957275391
2025-08-21,VST,133.0,189.55213928222656,25210.434524536133,0.1526525650397547,184.39198303222656,686.30078125
2025-08-21,MSFT,52.0,501.06658935546875,26055.462646484375,0.15776932374617764,519.956787109375,-982.290283203125
2025-08-21,ORCL,131.0,231.33448791503906,30304.817916870117,0.18349974029882607,242.50633239746094,-1463.5116271972656
2025-08-21,NVDA,216.0,174.7472381591797,37745.40344238281,0.22855348440473344,173.4889373779297,271.79296875
2025-08-22,AVGO,128.0,292.32342529296875,37417.3984375,0.22411806000323026,253.63464999198914,4952.163238525391
2025-08-22,VST,133.0,189.73146057128906,25234.284255981445,0.15114516426007518,184.39198303222656,710.1505126953125
2025-08-22,MSFT,52.0,504.037841796875,26209.9677734375,0.15698919153724228,519.956787109375,-827.78515625
2025-08-22,ORCL,131.0,234.51934814453125,30722.034606933594,0.18401500593257433,242.50633239746094,-1046.294937133789
2025-08-22,NVDA,216.0,177.7532501220703,38394.70202636719,0.22997179098180076,173.4889373779297,921.091552734375
2025-08-25,AVGO,128.0,292.5521240234375,37446.671875,0.2241681507455023,253.63464999198914,4981.436676025391
2025-08-25,VST,133.0,189.3529052734375,25183.936401367188,0.15075936442180343,184.39198303222656,659.8026580810547
2025-08-25,MSFT,52.0,501.0865173339844,26056.498901367188,0.155982811853602,519.956787109375,-981.2540283203125
2025-08-25,ORCL,131.0,233.56687927246094,30597.261184692383,0.18316531521266544,242.50633239746094,-1171.068359375
2025-08-25,NVDA,216.0,179.57083129882812,38787.299560546875,0.23219359103323858,173.4889373779297,1313.6890869140625
2025-08-26,AVGO,128.0,296.310546875,37927.75,0.2252934787096997,253.63464999198914,5462.514801025391
2025-08-26,VST,133.0,194.37362670898438,25851.692352294922,0.15356085453477897,184.39198303222656,1327.558609008789
2025-08-26,MSFT,52.0,498.8804931640625,25941.78564453125,0.1540960149705109,519.956787109375,-1095.96728515625
2025-08-26,ORCL,131.0,232.3762664794922,30441.290908813477,0.18082338987312835,242.50633239746094,-1327.0386352539062
2025-08-26,NVDA,216.0,181.52822875976562,39210.097412109375,0.23291071172216424,173.4889373779297,1736.4869384765625
2025-08-27,AVGO,128.0,298.53778076171875,38212.8359375,0.22614017778392256,253.63464999198914,5747.600738525391
2025-08-27,VST,133.0,193.8556365966797,25782.7996673584,0.15258032432033986,184.39198303222656,1258.6659240722656
2025-08-27,MSFT,52.0,503.5509033203125,26184.64697265625,0.15495842107323926,519.956787109375,-853.10595703125
2025-08-27,ORCL,131.0,233.96372985839844,30649.248611450195,0.18137953805033497,242.50633239746094,-1119.0809326171875
2025-08-27,NVDA,216.0,181.35845947265625,39173.42724609375,0.23182487204891705,173.4889373779297,1699.8167724609375
2025-08-28,AVGO,128.0,306.8898620605469,39281.90234375,0.2300504899115374,253.63464999198914,6816.667144775391
2025-08-28,VST,133.0,195.9475860595703,26061.02894592285,0.15262378140813762,184.39198303222656,1536.8952026367188
2025-08-28,MSFT,52.0,506.43267822265625,26334.499267578125,0.15422533270070304,519.956787109375,-703.253662109375
2025-08-28,ORCL,131.0,238.4384307861328,31235.4344329834,0.18292716404175957,242.50633239746094,-532.8951110839844
2025-08-28,NVDA,216.0,179.9303436279297,38864.95422363281,0.22760867539702434,173.4889373779297,1391.34375
2025-08-29,AVGO,128.0,295.6941223144531,37848.84765625,0.22935103677789864,253.63464999198914,5383.612457275391
2025-08-29,VST,133.0,188.38662719726562,25055.421417236328,0.1518272611927565,184.39198303222656,531.2876739501953
2025-08-29,MSFT,52.0,503.501220703125,26182.0634765625,0.15865432569762195,519.956787109375,-855.689453125
2025-08-29,ORCL,131.0,224.35952758789062,29391.098114013672,0.17809997508277778,242.50633239746094,-2377.231430053711
2025-08-29,NVDA,216.0,173.94830322265625,37572.83349609375,0.22767848562463353,173.4889373779297,99.2230224609375
2025-09-02,AVGO,99.0,296.53924560546875,29357.385314941406,0.17979287652778428,253.63464999198914,4247.554965734482
2025-09-02,NVDA,162.0,170.55284118652344,27629.560272216797,0.16921119048062483,173.4889373779297,-475.6475830078125
2025-09-02,URI,29.0,952.6448974609375,27626.702026367188,0.16919368577992988,952.6448974609375,0.0
2025-09-02,ANET,216.0,135.8699951171875,29347.9189453125,0.17973490182030957,135.8699951171875,0.0
2025-09-02,WDC,504.0,81.68862915039062,41171.069091796875,0.2521431953945482,81.68862915039062,0.0
2025-09-03,AVGO,99.0,300.6656188964844,29765.896270751953,0.17968090683682444,253.63464999198914,4656.065921545029
2025-09-03,NVDA,162.0,170.39305114746094,27603.674285888672,0.16662872109079993,173.4889373779297,-501.5335693359375
2025-09-03,URI,29.0,939.2212524414062,27237.41632080078,0.1644178162786419,952.6448974609375,-389.28570556640625
2025-09-03,ANET,216.0,137.3800048828125,29674.0810546875,0.17912666714137504,135.8699951171875,326.162109375
2025-09-03,WDC,504.0,85.76757049560547,43226.855529785156,0.26093756864052875,81.68862915039062,2055.7864379882812
2025-09-04,AVGO,99.0,304.3544616699219,30131.091705322266,0.1773662471791114,253.63464999198914,5021.261356115341
2025-09-04,NVDA,162.0,171.43167114257812,27771.930725097656,0.1634790792780585,173.4889373779297,-333.2771301269531
2025-09-04,URI,29.0,958.4971923828125,27796.418579101562,0.163623226685946,952.6448974609375,169.716552734375
2025-09-04,ANET,216.0,141.1699981689453,30492.719604492188,0.17949496471707255,135.8699951171875,1144.8006591796875
2025-09-04,WDC,504.0,90.35047912597656,45536.64147949219,0.26805079906651874,81.68862915039062,4365.5723876953125
2025-09-05,AVGO,99.0,332.98028564453125,32965.048278808594,0.19009737982530367,253.63464999198914,7855.217929601669
2025-09-05,NVDA,162.0,166.7978515625,27021.251953125,0.15582167975135386,173.4889373779297,-1083.9559020996094
2025-09-05,URI,29.0,968.999755859375,28100.992919921875,0.1620481511019229,952.6448974609375,474.2908935546875
2025-09-05,ANET,216.0,142.85000610351562,30855.601318359375,0.17793297051911047,135.8699951171875,1507.682373046875
2025-09-05,WDC,504.0,91.89810180664062,46316.643310546875,0.2670911463915003,81.68862915039062,5145.57421875
2025-09-08,AVGO,99.0,343.67889404296875,34024.210510253906,0.1949244535481511,253.63464999198914,8914.380161046982
2025-09-08,NVDA,162.0,168.0861358642578,27229.954010009766,0.15600020767396874,173.4889373779297,-875.2538452148438
2025-09-08,URI,29.0,964.0316772460938,27956.91864013672,0.16016498273123642,952.6448974609375,330.21661376953125
2025-09-08,ANET,216.0,140.00999450683594,30242.158813476562,0.17325710699611263,135.8699951171875,894.2398681640625
2025-09-08,WDC,504.0,93.14617919921875,46945.67431640625,0.2689514253333566,81.68862915039062,5774.605224609375
2025-09-09,AVGO,99.0,334.7501220703125,33140.26208496094,0.190040657409801,253.63464999198914,8030.431735754013
2025-09-09,NVDA,162.0,170.53286743164062,27626.32452392578,0.1584213444324531,173.4889373779297,-478.8833312988281
2025-09-09,URI,29.0,939.290771484375,27239.432373046875,0.15620273679105232,952.6448974609375,-387.2696533203125
2025-09-09,ANET,216.0,141.91000366210938,30652.560791015625,0.17577509764661733,135.8699951171875,1304.641845703125
2025-09-09,WDC,504.0,94.39424133300781,47574.69763183594,0.2728139804944231,81.68862915039062,6403.6285400390625
2025-09-10,AVGO,99.0,367.4624938964844,36378.78689575195,0.2011921963935228,253.63464999198914,11268.956546545029
2025-09-10,NVDA,162.0,177.09414672851562,28689.25177001953,0.15866536707333165,173.4889373779297,584.0439147949219
2025-09-10,URI,29.0,938.7741088867188,27224.449157714844,0.15056430378892172,952.6448974609375,-402.25286865234375
2025-09-10,ANET,216.0,150.72000122070312,32555.520263671875,0.18004769222656059,135.8699951171875,3207.601318359375
2025-09-10,WDC,504.0,94.87350463867188,47816.246337890625,0.26444685062154555,81.68862915039062,6645.17724609375
2025-09-11,AVGO,99.0,357.57916259765625,35400.33709716797,0.19524862842674845,253.63464999198914,10290.506747961044
2025-09-11,NVDA,162.0,176.94432067871094,28664.979949951172,0.1581001334463551,173.4889373779297,559.7720947265625
2025-09-11,URI,29.0,953.459716796875,27650.331787109375,0.15250389684592935,952.6448974609375,23.6297607421875
2025-09-11,ANET,216.0,153.0399932861328,33056.63854980469,0.18232208692059282,135.8699951171875,3708.7196044921875
2025-09-11,WDC,504.0,96.00177001953125,48384.89208984375,0.2668642332751682,81.68862915039062,7213.822998046875
2025-09-12,AVGO,99.0,357.8177795410156,35423.96017456055,0.1983122781428166,253.63464999198914,10314.129825353622
2025-09-12,NVDA,162.0,177.59349060058594,28770.145477294922,0.16106254252735835,173.4889373779297,664.9376220703125
2025-09-12,URI,29.0,932.0076293945312,27028.221252441406,0.1513108106577257,952.6448974609375,-598.4807739257812
2025-09-12,ANET,216.0,139.38999938964844,30108.239868164062,0.16855353296760706,135.8699951171875,760.3209228515625
2025-09-12,WDC,504.0,97.50944519042969,49144.76037597656,0.27512478392920503,81.68862915039062,7973.6912841796875
2025-09-15,AVGO,99.0,362.0137023925781,35839.356536865234,0.19584199745658332,253.63464999198914,10729.52618765831
2025-09-15,NVDA,162.0,177.52359008789062,28758.82159423828,0.15715084225130393,173.4889373779297,653.6137390136719
2025-09-15,URI,29.0,941.8443603515625,27313.486450195312,0.14925289572114192,952.6448974609375,-313.215576171875
2025-09-15,ANET,216.0,145.42999267578125,31412.87841796875,0.17165377533795118,135.8699951171875,2064.95947265625
2025-09-15,WDC,504.0,102.23214721679688,51525.002197265625,0.28155526003620474,81.68862915039062,10353.93310546875
2025-09-16,AVGO,99.0,357.9470520019531,35436.75814819336,0.19461108390063864,253.63464999198914,10326.927798986435
2025-09-16,NVDA,162.0,174.65725708007812,28294.475646972656,0.15538719854198346,173.4889373779297,189.26779174804688
2025-09-16,URI,29.0,952.5256958007812,27623.245178222656,0.1517009446097165,952.6448974609375,-3.45684814453125
2025-09-16,ANET,216.0,142.16000366210938,30706.560791015625,0.1686338533962386,135.8699951171875,1358.641845703125
2025-09-16,WDC,504.0,102.93106079101562,51877.254638671875,0.2848987684708985,81.68862915039062,10706.185546875
2025-09-17,AVGO,99.0,344.1959228515625,34075.39636230469,0.19116134067797735,253.63464999198914,8965.566013097763
2025-09-17,NVDA,162.0,170.0730743408203,27551.83804321289,0.15456449112091425,173.4889373779297,-553.3698120117188
2025-09-17,URI,29.0,925.0623168945312,26826.807189941406,0.1504971027779984,952.6448974609375,-799.8948364257812
2025-09-17,ANET,216.0,142.83999633789062,30853.439208984375,0.1730863154460756,135.8699951171875,1505.520263671875
2025-09-17,WDC,504.0,100.78437042236328,50795.322692871094,0.28495932616300707,81.68862915039062,9624.253601074219
2025-09-18,AVGO,99.0,343.380615234375,33994.680908203125,0.18635418353208374,253.63464999198914,8884.8505589962
2025-09-18,NVDA,162.0,176.01551818847656,28514.513946533203,0.15631265902066926,173.4889373779297,409.30609130859375
2025-09-18,URI,29.0,936.7670288085938,27166.24383544922,0.14892162698215,952.6448974609375,-460.45819091796875
2025-09-18,ANET,216.0,146.66000366210938,31678.560791015625,0.1736575303537167,135.8699951171875,2330.641845703125
2025-09-18,WDC,504.0,104.9878921508789,52913.89764404297,0.29006673778121633,81.68862915039062,11742.828552246094
2025-09-19,AVGO,99.0,342.9729309082031,33954.32015991211,0.18474086610943616,253.63464999198914,8844.489810705185
2025-09-19,NVDA,162.0,176.4449462890625,28584.081298828125,0.15552212240498922,173.4889373779297,478.8734436035156
2025-09-19,URI,29.0,935.505126953125,27129.648681640625,0.14760875114231664,952.6448974609375,-497.0533447265625
2025-09-19,ANET,216.0,149.61000061035156,32315.760131835938,0.17582568249411273,135.8699951171875,2967.8411865234375
2025-09-19,WDC,504.0,106.4655990600586,53658.66192626953,0.29194952606461255,81.68862915039062,12487.592834472656
2025-09-22,AVGO,99.0,337.4351806640625,33406.08288574219,0.17919512354971026,253.63464999198914,8296.252536535263
2025-09-22,NVDA,162.0,183.37612915039062,29706.93292236328,0.15935234111443394,173.4889373779297,1601.7250671386719
2025-09-22,URI,29.0,937.3929443359375,27184.395385742188,0.1458210801438002,952.6448974609375,-442.306640625
2025-09-22,ANET,216.0,145.39999389648438,31406.398681640625,0.16846852446774122,135.8699951171875,2058.479736328125
2025-09-22,WDC,504.0,112.23670196533203,56567.297790527344,0.3034352740821679,81.68862915039062,15396.228698730469
2025-09-23,AVGO,99.0,337.5845642089844,33420.87185668945,0.1810745046382989,253.63464999198914,8311.041507482529
2025-09-23,NVDA,162.0,178.2027130126953,28868.83950805664,0.15641156328354736,173.4889373779297,763.6316528320312
2025-09-23,URI,29.0,949.1175537109375,27524.409057617188,0.14912743021610786,952.6448974609375,-102.29296875
2025-09-23,ANET,216.0,144.08999633789062,31123.439208984375,0.16862699936653605,135.8699951171875,1775.520263671875
2025-09-23,WDC,504.0,110.08001708984375,55480.32861328125,0.3005927871630058,81.68862915039062,14309.259521484375
2025-09-24,AVGO,99.0,337.9530944824219,33457.356353759766,0.18261270282827388,253.63464999198914,8347.526004552841
2025-09-24,NVDA,162.0,176.74456787109375,28632.619995117188,0.1562789382125123,173.4889373779297,527.4121398925781
2025-09-24,URI,29.0,929.8018188476562,26964.25274658203,0.14717286750734915,952.6448974609375,-662.4492797851562
2025-09-24,ANET,216.0,142.63999938964844,30810.239868164062,0.16816454706172926,135.8699951171875,1462.3209228515625
2025-09-24,WDC,504.0,109.52088928222656,55198.52819824219,0.30127761200986114,81.68862915039062,14027.459106445312
2025-09-25,AVGO,99.0,334.75592041015625,33140.83612060547,0.18236605534063693,253.63464999198914,8031.005771398544
2025-09-25,NVDA,162.0,177.46365356445312,28749.111877441406,0.15819945243855413,173.4889373779297,643.9040222167969
2025-09-25,URI,29.0,925.3007202148438,26833.72088623047,0.14765951620306034,952.6448974609375,-792.9811401367188
2025-09-25,ANET,216.0,143.05999755859375,30900.95947265625,0.17004055253046085,135.8699951171875,1553.04052734375
2025-09-25,WDC,504.0,107.04470825195312,53950.532958984375,0.2968768151609101,81.68862915039062,12779.4638671875
2025-09-26,AVGO,99.0,333.19219970703125,32986.027770996094,0.18141367601052782,253.63464999198914,7876.197421789169
2025-09-26,NVDA,162.0,177.96302795410156,28830.010528564453,0.15855677518127428,173.4889373779297,724.8026733398438
2025-09-26,URI,29.0,941.2183837890625,27295.333129882812,0.150116490394092,952.6448974609375,-331.368896484375
2025-09-26,ANET,216.0,142.5,30780.0,0.1692811570514065,135.8699951171875,1432.0810546875
2025-09-26,WDC,504.0,106.71521759033203,53784.469665527344,0.2957991311363465,81.68862915039062,12613.400573730469
2025-09-29,AVGO,99.0,326.5887145996094,32332.282745361328,0.1730679718728507,253.63464999198914,7222.452396154404
2025-09-29,NVDA,162.0,181.6183624267578,29422.174713134766,0.15749077000823442,173.4889373779297,1316.9668579101562
2025-09-29,URI,29.0,937.8600463867188,27197.941345214844,0.14558491229353135,952.6448974609375,-428.76068115234375
2025-09-29,ANET,216.0,143.3699951171875,30967.9189453125,0.16576481676837349,135.8699951171875,1620.0
2025-09-29,WDC,504.0,116.56002044677734,58746.25030517578,0.31445643586394373,81.68862915039062,17575.181213378906
2025-09-30,AVGO,99.0,328.5906677246094,32530.476104736328,0.17097155576843082,253.63464999198914,7420.645755529404
2025-09-30,NVDA,162.0,186.3423309326172,30187.457611083984,0.15865727190230497,173.4889373779297,2082.249755859375
2025-09-30,URI,29.0,948.5610961914062,27508.27178955078,0.14457618170782238,952.6448974609375,-118.43023681640625
2025-09-30,ANET,216.0,145.7100067138672,31473.361450195312,0.16541564147653484,135.8699951171875,2125.4425048828125
2025-09-30,WDC,504.0,119.87489318847656,60416.94616699219,0.3175354473045734,81.68862915039062,19245.877075195312
2025-10-01,NVDA,211.0,187.0015106201172,39457.31874084473,0.2008738665243736,176.62692832042822,2189.036865234375
2025-10-01,WDC,294.0,130.38865661621094,38334.265045166016,0.1951564953150637,81.68862915039062,14317.808074951172
2025-10-01,UI,50.0,671.7725830078125,33588.629150390625,0.17099686506848047,671.7725830078125,0.0
2025-10-01,FSLR,163.0,224.82000732421875,36645.661193847656,0.18655995618197904,224.82000732421875,0.0
2025-10-01,LRCX,272.0,142.28448486328125,38701.3798828125,0.19702544584819207,142.28448486328125,0.0
2025-10-02,NVDA,211.0,188.64939880371094,39805.02314758301,0.1995489902647627,176.62692832042822,2536.7412719726562
2025-10-02,WDC,294.0,131.05763244628906,38530.943939208984,0.19316182604667576,81.68862915039062,14514.48696899414
2025-10-02,UI,50.0,675.2193603515625,33760.968017578125,0.16924916871145534,671.7725830078125,172.3388671875
2025-10-02,FSLR,163.0,232.1300048828125,37837.19079589844,0.1896839298342468,224.82000732421875,1191.5296020507812
2025-10-02,LRCX,272.0,146.46961975097656,39839.736572265625,0.19972301425209626,142.28448486328125,1138.356689453125
2025-10-03,NVDA,211.0,187.38101196289062,39537.39352416992,0.19987851631244097,176.62692832042822,2269.1116485595703
2025-10-03,WDC,294.0,131.10755920410156,38545.62240600586,0.19486468707508925,81.68862915039062,14529.165435791016
2025-10-03,UI,50.0,659.8384399414062,32991.92199707031,0.16678834468536569,671.7725830078125,-596.7071533203125
2025-10-03,FSLR,163.0,230.1300048828125,37511.19079589844,0.18963519071669718,224.82000732421875,865.5296020507812
2025-10-03,LRCX,272.0,145.29379272460938,39519.91162109375,0.19979013777916593,142.28448486328125,818.53173828125
2025-10-06,NVDA,211.0,185.30364990234375,39099.07012939453,0.19898517077682815,176.62692832042822,1830.7882537841797
2025-10-06,WDC,294.0,125.08685302734375,36775.53479003906,0.1871601049945079,81.68862915039062,12759.077819824219
2025-10-06,UI,50.0,661.4322509765625,33071.612548828125,0.16830989711814826,671.7725830078125,-517.0166015625
2025-10-06,FSLR,163.0,229.57000732421875,37419.911193847656,0.19043950136716012,224.82000732421875,774.25
2025-10-06,LRCX,272.0,148.62196350097656,40425.174072265625,0.20573405300514613,142.28448486328125,1723.794189453125
2025-10-07,NVDA,211.0,184.80430603027344,38993.708572387695,0.20251360982600666,176.62692832042822,1725.4266967773438
2025-10-07,WDC,294.0,119.74510192871094,35205.059967041016,0.1828372842462866,81.68862915039062,11188.602996826172
2025-10-07,UI,50.0,669.2522583007812,33462.61291503906,0.1737878951178703,671.7725830078125,-126.0162353515625
2025-10-07,FSLR,163.0,227.88999938964844,37146.069900512695,0.19291790860151492,224.82000732421875,500.40870666503906
2025-10-07,LRCX,272.0,139.85313415527344,38040.052490234375,0.1975608022372934,142.28448486328125,-661.327392578125
2025-10-08,NVDA,211.0,188.86911010742188,39851.382232666016,0.20388668347082742,176.62692832042822,2583.100357055664
2025-10-08,WDC,294.0,120.99317932128906,35571.994720458984,0.1819925839874932,81.68862915039062,11555.53775024414
2025-10-08,UI,50.0,679.7420654296875,33987.103271484375,0.1738840004682036,671.7725830078125,398.47412109375
2025-10-08,FSLR,163.0,231.3699951171875,37713.30920410156,0.19294792565642196,224.82000732421875,1067.6480102539062
2025-10-08,LRCX,272.0,142.0353546142578,38633.616455078125,0.1976563794831994,142.28448486328125,-67.763427734375
2025-10-09,NVDA,211.0,192.32470703125,40580.51318359375,0.20649386102609993,176.62692832042822,3312.2313079833984
2025-10-09,WDC,294.0,119.51544952392578,35137.54216003418,0.17879731374432736,81.68862915039062,11121.085189819336
2025-10-09,UI,50.0,693.90771484375,34695.3857421875,0.1765474016871397,671.7725830078125,1106.756591796875
2025-10-09,FSLR,163.0,234.3000030517578,38190.90049743652,0.1943343216016195,224.82000732421875,1545.2393035888672
2025-10-09,LRCX,272.0,140.50082397460938,38216.22412109375,0.19446318081048397,142.28448486328125,-485.15576171875
2025-10-10,NVDA,211.0,182.92669677734375,38597.53302001953,0.206144784467158,176.62692832042822,1329.2511444091797
2025-10-10,WDC,294.0,115.24205780029297,33881.16499328613,0.1809552297400601,81.68862915039062,9864.708023071289
2025-10-10,UI,50.0,652.5165405273438,32625.827026367188,0.17425062054937104,671.7725830078125,-962.8021240234375
2025-10-10,FSLR,163.0,225.91000366210938,36823.33059692383,0.19666898258312382,224.82000732421875,177.66940307617188
2025-10-10,LRCX,272.0,130.9049072265625,35606.134765625,0.19016808595412749,142.28448486328125,-3095.2451171875
2025-10-13,NVDA,211.0,188.0801239013672,39684.90614318848,0.20593897924051363,176.62692832042822,2416.624267578125
2025-10-13,WDC,294.0,118.67675018310547,34890.96455383301,0.18106152497897787,81.68862915039062,10874.507583618164
2025-10-13,UI,50.0,684.2247924804688,34211.23962402344,0.17753419250389932,671.7725830078125,622.6104736328125
2025-10-13,FSLR,163.0,226.14999389648438,36862.44900512695,0.1912922533577498,224.82000732421875,216.78781127929688
2025-10-13,LRCX,272.0,137.32212829589844,37351.618896484375,0.19383072850842448,142.28448486328125,-1349.760986328125
2025-10-14,NVDA,211.0,179.80067443847656,37937.942306518555,0.19707054101184493,176.62692832042822,669.6604309082031
2025-10-14,WDC,294.0,112.95558166503906,33208.941009521484,0.17250550697506745,81.68862915039062,9192.48403930664
2025-10-14,UI,50.0,751.8453979492188,37592.26989746094,0.19527492837383034,671.7725830078125,4003.6407470703125
2025-10-14,FSLR,163.0,224.42999267578125,36582.088806152344,0.19002749211132344,224.82000732421875,-63.5723876953125
2025-10-14,LRCX,272.0,137.82034301757812,37487.13330078125,0.19472879105777854,142.28448486328125,-1214.24658203125
2025-10-15,NVDA,211.0,179.60093688964844,37895.79768371582,0.1900517855628384,176.62692832042822,627.5158081054688
2025-10-15,WDC,294.0,120.25431060791016,35354.767318725586,0.17730822591893353,81.68862915039062,11338.310348510742
2025-10-15,UI,50.0,747.3526611328125,37367.633056640625,0.18740297918898802,671.7725830078125,3779.00390625
2025-10-15,FSLR,163.0,244.39999389648438,39837.19900512695,0.19978813656164027,224.82000732421875,3191.537811279297
2025-10-15,LRCX,272.0,144.26744079589844,39240.743896484375,0.1967968455654275,142.28448486328125,539.364013671875
2025-10-16,NVDA,211.0,181.57839965820312,38313.04232788086,0.19167950194272196,176.62692832042822,1044.7604522705078
2025-10-16,WDC,294.0,125.72586059570312,36963.40301513672,0.18492727931693334,81.68862915039062,12946.946044921875
2025-10-16,UI,50.0,751.1181640625,37555.908203125,0.18789157273848253,671.7725830078125,3967.279052734375
2025-10-16,FSLR,163.0,237.7899932861328,38759.76890563965,0.19391446744602445,224.82000732421875,2114.107711791992
2025-10-16,LRCX,272.0,141.86598205566406,38587.547119140625,0.19305284476471113,142.28448486328125,-113.832763671875
2025-10-17,NVDA,211.0,182.98660278320312,38610.17318725586,0.1942271117942956,176.62692832042822,1341.8913116455078
2025-10-17,WDC,294.0,126.00542449951172,37045.594802856445,0.18635655552137045,81.68862915039062,13029.137832641602
2025-10-17,UI,50.0,745.7189331054688,37285.94665527344,0.18756563702128898,671.7725830078125,3697.3175048828125
2025-10-17,FSLR,163.0,231.85000610351562,37791.55099487305,0.19010906178436432,224.82000732421875,1145.8898010253906
2025-10-17,LRCX,272.0,141.00900268554688,38354.44873046875,0.19294069895133745,142.28448486328125,-346.93115234375
2025-10-20,NVDA,211.0,182.4073486328125,38487.95056152344,0.19548093223969648,176.62692832042822,1219.668685913086
2025-10-20,WDC,294.0,121.34263610839844,35674.73501586914,0.18119256433669165,81.68862915039062,11658.278045654297
2025-10-20,UI,50.0,733.0972900390625,36654.864501953125,0.18617065807408206,671.7725830078125,3066.2353515625
2025-10-20,FSLR,163.0,229.0,37327.0,0.18958444529404764,224.82000732421875,681.3388061523438
2025-10-20,LRCX,272.0,143.54002380371094,39042.886474609375,0.19829946084516017,142.28448486328125,341.506591796875
2025-10-21,NVDA,211.0,180.9292449951172,38176.07069396973,0.19507524203806956,176.62692832042822,907.788818359375
2025-10-21,WDC,294.0,121.22281646728516,35639.508041381836,0.18211370449888872,81.68862915039062,11623.051071166992
2025-10-21,UI,50.0,717.895751953125,35894.78759765625,0.1834181530794355,671.7725830078125,2306.158447265625
2025-10-21,FSLR,163.0,226.85000610351562,36976.55099487305,0.1889458371156379,224.82000732421875,330.8898010253906
2025-10-21,LRCX,272.0,144.52651977539062,39311.21337890625,0.20087568797151434,142.28448486328125,609.83349609375
2025-10-22,NVDA,211.0,180.0503692626953,37990.62791442871,0.19768064662037252,176.62692832042822,722.3460388183594
2025-10-22,WDC,294.0,120.28426361083984,35363.573501586914,0.184011016936778,81.68862915039062,11347.11653137207
2025-10-22,UI,50.0,688.69775390625,34434.8876953125,0.17917868799751968,671.7725830078125,846.258544921875
2025-10-22,FSLR,163.0,223.36000061035156,36407.680099487305,0.18944392707131033,224.82000732421875,-237.98109436035156
2025-10-22,LRCX,272.0,140.7499237060547,38283.979248046875,0.19920707259698983,142.28448486328125,-417.400634765625
2025-10-23,NVDA,211.0,181.92796325683594,38386.80024719238,0.19395231046390166,176.62692832042822,1118.5183715820312
2025-10-23,WDC,294.0,125.52617645263672,36904.695877075195,0.186463862219146,81.68862915039062,12888.238906860352
2025-10-23,UI,50.0,712.20751953125,35610.3759765625,0.17992420969360878,671.7725830078125,2021.746826171875
2025-10-23,FSLR,163.0,229.0,37327.0,0.18859758682844546,224.82000732421875,681.3388061523438
2025-10-23,LRCX,272.0,147.01766967773438,39988.80615234375,0.20204657059186446,142.28448486328125,1287.42626953125
2025-10-24,NVDA,211.0,186.02272033691406,39250.79399108887,0.19236127894401317,176.62692832042822,1982.5121154785156
2025-10-24,WDC,294.0,129.23043823242188,37993.74884033203,0.18620072043544256,81.68862915039062,13977.291870117188
2025-10-24,UI,50.0,732.8184204101562,36640.92102050781,0.1795707478119204,671.7725830078125,3052.2918701171875
2025-10-24,FSLR,163.0,241.41000366210938,39349.83059692383,0.1928466400341611,224.82000732421875,2704.169403076172
2025-10-24,LRCX,272.0,151.14300537109375,41110.8974609375,0.20147732083884756,142.28448486328125,2409.517578125
2025-10-27,NVDA,211.0,191.24607849121094,40352.92256164551,0.19473471251798358,176.62692832042822,3084.6406860351562
2025-10-27,WDC,294.0,126.4747085571289,37183.5643157959,0.1794400565750546,81.68862915039062,13167.107345581055
2025-10-27,UI,50.0,741.6644897460938,37083.22448730469,0.17895583767800965,671.7725830078125,3494.5953369140625
2025-10-27,FSLR,163.0,247.69000244140625,40373.47039794922,0.19483387205195182,224.82000732421875,3727.8092041015625
2025-10-27,LRCX,272.0,156.34454345703125,42525.7158203125,0.20522015554732423,142.28448486328125,3824.3359375
2025-10-28,NVDA,211.0,200.77392578125,42363.29833984375,0.20373273288024676,176.62692832042822,5095.016464233398
2025-10-28,WDC,294.0,124.72740173339844,36669.85610961914,0.17635194360000053,81.68862915039062,12653.399139404297
2025-10-28,UI,50.0,759.3566284179688,37967.83142089844,0.18259414068429386,671.7725830078125,4379.2022705078125
2025-10-28,FSLR,163.0,239.60000610351562,39054.80099487305,0.18782157316811546,224.82000732421875,2409.1398010253906
2025-10-28,LRCX,272.0,155.06906127929688,42178.78466796875,0.20284537339460665,142.28448486328125,3477.40478515625
2025-10-29,NVDA,211.0,206.77627563476562,43629.79415893555,0.20170315808763348,176.62692832042822,6361.512283325195
2025-10-29,WDC,294.0,141.1620330810547,41501.63772583008,0.19186456311516617,81.68862915039062,17485.180755615234
2025-10-29,UI,50.0,770.5636596679688,38528.18298339844,0.1781181033039117,671.7725830078125,4939.5538330078125
2025-10-29,FSLR,163.0,241.7100067138672,39398.73109436035,0.18214269949175044,224.82000732421875,2753.0699005126953
2025-10-29,LRCX,272.0,160.10118103027344,43547.521240234375,0.20132280544451392,142.28448486328125,4846.141357421875
2025-10-30,NVDA,211.0,202.63156127929688,42755.25942993164,0.20057668550097285,176.62692832042822,5486.977554321289
2025-10-30,WDC,294.0,137.9170379638672,40547.60916137695,0.19021999068690656,81.68862915039062,16531.15219116211
2025-10-30,UI,50.0,768.8900146484375,38444.500732421875,0.18035373040563565,671.7725830078125,4855.87158203125
2025-10-30,FSLR,163.0,233.5800018310547,38073.540298461914,0.1786134529453239,224.82000732421875,1427.8791046142578
2025-10-30,LRCX,272.0,160.43997192382812,43639.67236328125,0.2047257099052376,142.28448486328125,4938.29248046875
2025-10-31,NVDA,211.0,202.23207092285156,42670.96696472168,0.19233026364211173,176.62692832042822,5402.685089111328
2025-10-31,WDC,294.0,149.97842407226562,44093.656677246094,0.19874273345365742,81.68862915039062,20077.19970703125
2025-10-31,UI,50.0,784.17138671875,39208.5693359375,0.1767242463393298,671.7725830078125,5619.940185546875
2025-10-31,FSLR,163.0,266.94000244140625,43511.22039794922,0.19611752640727126,224.82000732421875,6865.5592041015625
2025-10-31,LRCX,272.0,156.90255737304688,42677.49560546875,0.19235969009493026,142.28448486328125,3976.11572265625
2025-11-03,LRCX,248.0,160.66917419433594,39845.95520019531,0.17757811501773488,142.28448486328125,4559.4029541015625
2025-11-03,ANET,247.0,157.58999633789062,38924.729095458984,0.1734725641691658,157.58999633789062,0.0
2025-11-03,MU,187.0,234.50669860839844,43852.75263977051,0.19543487194582984,234.50669860839844,0.0
2025-11-03,GOOG,158.0,283.564208984375,44803.14501953125,0.19967040567760255,283.564208984375,0.0
2025-11-03,GOOGL,161.0,283.16595458984375,45589.718688964844,0.20317586235040222,283.16595458984375,0.0
2025-11-04,LRCX,248.0,155.22848510742188,38496.664306640625,0.17742444943545688,142.28448486328125,3210.112060546875
2025-11-04,ANET,247.0,153.5500030517578,37926.85075378418,0.1747982775912907,157.58999633789062,-997.8783416748047
2025-11-04,MU,187.0,217.85043334960938,40738.03103637695,0.18775451997972012,234.50669860839844,-3114.7216033935547
2025-11-04,GOOG,158.0,277.51605224609375,43847.53625488281,0.2020856902602297,283.564208984375,-955.6087646484375
2025-11-04,GOOGL,161.0,276.9980163574219,44596.68063354492,0.20553836677976037,283.16595458984375,-993.0380554199219
2025-11-05,LRCX,248.0,164.46568298339844,40787.48937988281,0.18389031234611017,142.28448486328125,5500.9371337890625
2025-11-05,ANET,247.0,140.4199981689453,34683.73954772949,0.15637156872687696,157.58999633789062,-4240.989547729492
2025-11-05,MU,187.0,237.3043975830078,44375.92234802246,0.20006875503470928,234.50669860839844,523.1697082519531
2025-11-05,GOOG,158.0,284.1929626464844,44902.48809814453,0.20244277564085303,283.564208984375,99.34307861328125
2025-11-05,GOOGL,161.0,283.7547607421875,45684.51647949219,0.20596854899675054,283.16595458984375,94.79779052734375
2025-11-06,LRCX,248.0,161.61581420898438,40080.721923828125,0.18232215122221762,142.28448486328125,4794.169677734375
2025-11-06,ANET,247.0,134.02000427246094,33102.94105529785,0.15058110571097538,157.58999633789062,-5821.788040161133
2025-11-06,MU,187.0,238.1337127685547,44531.00428771973,0.20256592466704276,234.50669860839844,678.2516479492188
2025-11-06,GOOG,158.0,284.7818298339844,44995.52911376953,0.2046789895400379,283.564208984375,192.38409423828125
2025-11-06,GOOGL,161.0,284.1939392089844,45755.224212646484,0.20813474677323976,283.16595458984375,165.50552368164062
2025-11-07,LRCX,248.0,158.78587341308594,39378.89660644531,0.18115970619493577,142.28448486328125,4092.3443603515625
2025-11-07,ANET,247.0,134.64999389648438,33258.54849243164,0.15300349660820065,157.58999633789062,-5666.180603027344
2025-11-07,MU,187.0,237.72406005859375,44454.39923095703,0.20450918125609513,234.50669860839844,601.6465911865234
2025-11-07,GOOG,158.0,279.1528625488281,44106.152282714844,0.20290709688442404,283.564208984375,-696.9927368164062
2025-11-07,GOOGL,161.0,278.2854919433594,44803.96420288086,0.2061173290983939,283.16595458984375,-785.7544860839844
2025-11-10,LRCX,248.0,165.78099060058594,41113.68566894531,0.18179629666342492,142.28448486328125,5827.1334228515625
2025-11-10,ANET,247.0,137.25999450683594,33903.21864318848,0.14991308840398015,157.58999633789062,-5021.510452270508
2025-11-10,MU,187.0,253.0913848876953,47328.08897399902,0.20927511517482536,234.50669860839844,3475.3363342285156
2025-11-10,GOOG,158.0,290.02154541015625,45823.40417480469,0.20262170719914735,283.564208984375,1020.2591552734375
2025-11-10,GOOGL,161.0,289.5334777832031,46614.8899230957,0.20612149505713234,283.16595458984375,1025.1712341308594
2025-11-11,LRCX,248.0,158.616455078125,39336.880859375,0.1772743639467505,142.28448486328125,4050.32861328125
2025-11-11,ANET,247.0,134.92999267578125,33327.70819091797,0.1501936132778007,157.58999633789062,-5597.020904541016
2025-11-11,MU,187.0,240.91143798828125,45050.438903808594,0.20302290694436878,234.50669860839844,1197.686264038086
2025-11-11,GOOG,158.0,291.1692810058594,46004.74639892578,0.2073235594239412,283.564208984375,1201.6013793945312
2025-11-11,GOOGL,161.0,290.74114990234375,46809.325134277344,0.21094944893115505,283.16595458984375,1219.6064453125
2025-11-12,LRCX,248.0,160.84852600097656,39890.43444824219,0.17988634401150316,142.28448486328125,4603.8822021484375
2025-11-12,ANET,247.0,134.97999572753906,33340.05894470215,0.1503473550901566,157.58999633789062,-5584.670150756836
2025-11-12,MU,187.0,244.6982879638672,45758.579849243164,0.20634880893360424,234.50669860839844,1905.8272094726562
2025-11-12,GOOG,158.0,286.86773681640625,45325.10241699219,0.20439403778163054,283.564208984375,521.9573974609375
2025-11-12,GOOGL,161.0,286.15008544921875,46070.16375732422,0.20775389992478513,283.16595458984375,480.445068359375
2025-11-13,LRCX,248.0,152.7772216796875,37888.7509765625,0.17664404880632462,142.28448486328125,2602.19873046875
2025-11-13,ANET,247.0,130.3000030517578,32184.10075378418,0.1500479619361396,157.58999633789062,-6740.628341674805
2025-11-13,MU,187.0,236.75485229492188,44273.15737915039,0.20640927904249073,234.50669860839844,420.4047393798828
2025-11-13,GOOG,158.0,278.573974609375,44014.68798828125,0.20520424909247018,283.564208984375,-788.45703125
2025-11-13,GOOGL,161.0,278.0260009765625,44762.18615722656,0.20868921757611042,283.16595458984375,-827.5325317382812
2025-11-14,LRCX,248.0,147.73512268066406,36638.31042480469,0.17067474522568873,142.28448486328125,1351.7581787109375
2025-11-14,ANET,247.0,131.3699951171875,32448.388793945312,0.15115654696351166,157.58999633789062,-6476.340301513672
2025-11-14,MU,187.0,246.626708984375,46119.194580078125,0.2148401957869693,234.50669860839844,2266.441940307617
2025-11-14,GOOG,158.0,276.43817138671875,43677.23107910156,0.20346463033247067,283.564208984375,-1125.9139404296875
2025-11-14,GOOGL,161.0,275.8702392578125,44415.10852050781,0.20690193524253916,283.16595458984375,-1174.6101684570312
2025-11-17,LRCX,248.0,146.9379425048828,36440.60974121094,0.16926639227634077,142.28448486328125,1154.0574951171875
2025-11-17,ANET,247.0,127.26000213623047,31433.220527648926,0.14600710235440054,157.58999633789062,-7491.508567810059
2025-11-17,MU,187.0,241.75074768066406,45207.38981628418,0.20998802799336277,234.50669860839844,1354.6371765136719
2025-11-17,GOOG,158.0,285.04132080078125,45036.52868652344,0.20919437917079237,283.564208984375,233.3836669921875
2025-11-17,GOOGL,161.0,284.46337890625,45798.60400390625,0.2127342140015569,283.16595458984375,208.88531494140625
2025-11-18,LRCX,248.0,142.73291015625,35397.76171875,0.1681054996178916,142.28448486328125,111.20947265625
2025-11-18,ANET,247.0,123.44999694824219,30492.14924621582,0.14480853405889976,157.58999633789062,-8432.579849243164
2025-11-18,MU,187.0,228.3118133544922,42694.30909729004,0.20275711833607096,234.50669860839844,-1158.4435424804688
2025-11-18,GOOG,158.0,284.4025573730469,44935.604064941406,0.21340112496343136,283.564208984375,132.45904541015625
2025-11-18,GOOGL,161.0,283.724853515625,45679.701416015625,0.21693487542936615,283.16595458984375,89.98272705078125
2025-11-19,LRCX,248.0,148.27322387695312,36771.759521484375,0.17148328473491423,142.28448486328125,1485.207275390625
2025-11-19,ANET,247.0,124.80999755859375,30828.069396972656,0.14376517933932567,157.58999633789062,-8096.659698486328
2025-11-19,MU,187.0,225.73394775390625,42212.24822998047,0.19685473517505517,234.50669860839844,-1640.504409790039
2025-11-19,GOOG,158.0,292.4168395996094,46201.86065673828,0.21546009571973992,283.564208984375,1398.7156372070312
2025-11-19,GOOGL,161.0,292.2381896972656,47050.348541259766,0.21941697707078084,283.16595458984375,1460.6298522949219
2025-11-20,LRCX,248.0,139.09580993652344,34495.76086425781,0.16805350388991444,142.28448486328125,-790.7913818359375
2025-11-20,ANET,247.0,119.58999633789062,29538.729095458984,0.143904259554695,157.58999633789062,-9386.0
2025-11-20,MU,187.0,201.2041473388672,37625.175552368164,0.18329911930135534,234.50669860839844,-6227.577087402344
2025-11-20,GOOG,158.0,289.41278076171875,45727.21936035156,0.22276996489189194,283.564208984375,924.0743408203125
2025-11-20,GOOGL,161.0,288.884765625,46510.447265625,0.2265856277596717,283.16595458984375,920.7285766601562
2025-11-21,LRCX,248.0,142.1449737548828,35251.95349121094,0.16804589433362435,142.28448486328125,-34.5987548828125
2025-11-21,ANET,247.0,117.43000030517578,29005.210075378418,0.13826769823314505,157.58999633789062,-9919.519020080566
2025-11-21,MU,187.0,207.19920349121094,38746.251052856445,0.1847031941613041,234.50669860839844,-5106.5015869140625
2025-11-21,GOOG,158.0,299.0638122558594,47252.08233642578,0.22525045136379365,283.564208984375,2448.9373168945312
2025-11-21,GOOGL,161.0,299.0748291015625,48151.04748535156,0.22953581394557673,283.16595458984375,2561.3287963867188
2025-11-24,LRCX,248.0,149.84762573242188,37162.211181640625,0.16742836583295015,142.28448486328125,1875.658935546875
2025-11-24,ANET,247.0,122.16999816894531,30175.989547729492,0.13595306782672142,157.58999633789062,-8748.739547729492
2025-11-24,MU,187.0,223.74557495117188,41840.42251586914,0.18850529462178459,234.50669860839844,-2012.3301239013672
2025-11-24,GOOG,158.0,317.8470153808594,50219.82843017578,0.2262573603432243,283.564208984375,5416.683410644531
2025-11-24,GOOGL,161.0,317.9578552246094,51191.21469116211,0.23063378491803185,283.16595458984375,5601.496002197266
2025-11-25,LRCX,248.0,151.3921356201172,37545.24963378906,0.16704662467447723,142.28448486328125,2258.6973876953125
2025-11-25,ANET,247.0,125.04000091552734,30884.880226135254,0.13741325588652722,157.58999633789062,-8039.8488693237305
2025-11-25,MU,187.0,224.34507751464844,41952.52949523926,0.18665552945023578,234.50669860839844,-1900.22314453125
2025-11-25,GOOG,158.0,323.00689697265625,51035.08972167969,0.22706572898355054,283.564208984375,6231.9447021484375
2025-11-25,GOOGL,161.0,322.8083801269531,51972.14920043945,0.23123490150398496,283.16595458984375,6382.430511474609
2025-11-26,LRCX,248.0,154.5907745361328,38338.51208496094,0.16950665620594815,142.28448486328125,3051.9598388671875
2025-11-26,ANET,247.0,127.6500015258789,31529.55037689209,0.13940208853750607,157.58999633789062,-7395.1787185668945
2025-11-26,MU,187.0,230.0703582763672,43023.156997680664,0.19021894918454865,234.50669860839844,-829.5956420898438
2025-11-26,GOOG,158.0,319.6534423828125,50505.243896484375,0.22329961566550088,283.564208984375,5702.098876953125
2025-11-26,GOOGL,161.0,319.3252258300781,51411.36135864258,0.2273058468097843,283.16595458984375,5821.642669677734
2025-11-28,LRCX,248.0,155.4477081298828,38551.03161621094,0.1688525073390117,142.28448486328125,3264.4793701171875
2025-11-28,ANET,247.0,130.67999267578125,32277.95819091797,0.14137661027022794,157.58999633789062,-6646.770904541016
2025-11-28,MU,187.0,236.2852325439453,44185.33848571777,0.1935306236474114,234.50669860839844,332.5858459472656
2025-11-28,GOOG,158.0,319.4937744140625,50480.016357421875,0.2211011476248213,283.564208984375,5676.871337890625
2025-11-28,GOOGL,161.0,319.5547790527344,51448.319427490234,0.22534228967447667,283.16595458984375,5858.600738525391
2025-12-01,LRCX,247.0,154.24200439453125,38097.77508544922,0.16851036232940247,142.28448486328125,2953.50732421875
2025-12-01,GOOG,156.0,314.5035400390625,49062.55224609375,0.2170086950550596,283.564208984375,4826.53564453125
2025-12-01,GOOGL,154.0,314.2751159667969,48398.36785888672,0.2140709394645885,283.16595458984375,4790.810852050781
2025-12-01,EA,164.0,202.04818725585938,33135.90270996094,0.14656349246756828,202.04818725585938,0.0
2025-12-01,AAPL,164.0,282.57501220703125,46342.302001953125,0.2049767495349167,282.57501220703125,0.0
2025-12-02,LRCX,247.0,157.62997436523438,38934.60366821289,0.170907318880774,142.28448486328125,3790.335906982422
2025-12-02,GOOG,156.0,315.40179443359375,49202.679931640625,0.21598006186283455,283.564208984375,4966.663330078125
2025-12-02,GOOGL,154.0,315.1932678222656,48539.763244628906,0.21307012306946765,283.16595458984375,4932.206237792969
2025-12-02,EA,164.0,202.6664276123047,33237.29412841797,0.1458984114682872,202.04818725585938,101.39141845703125
2025-12-02,AAPL,164.0,285.6592712402344,46848.12048339844,0.20564448875995472,282.57501220703125,505.8184814453125
2025-12-03,LRCX,247.0,159.44650268554688,39383.28616333008,0.17178776962131773,142.28448486328125,4239.018402099609
2025-12-03,GOOG,156.0,319.9927978515625,49918.87646484375,0.21774344614955551,283.564208984375,5682.85986328125
2025-12-03,GOOGL,154.0,319.00579833984375,49126.89294433594,0.21428885675849663,283.16595458984375,5519.3359375
2025-12-03,EA,164.0,202.8261260986328,33263.48468017578,0.14509352569874773,202.04818725585938,127.58197021484375
2025-12-03,AAPL,164.0,283.623046875,46514.1796875,0.20289234248108207,282.57501220703125,171.877685546875
2025-12-04,LRCX,247.0,156.79156494140625,38727.516540527344,0.17029336493163386,142.28448486328125,3583.248779296875
2025-12-04,GOOG,156.0,317.7671813964844,49571.68029785156,0.21797752598988035,283.564208984375,5335.6636962890625
2025-12-04,GOOGL,154.0,316.999755859375,48817.96240234375,0.21466326346801437,283.16595458984375,5210.4053955078125
2025-12-04,EA,164.0,203.05569458007812,33301.13391113281,0.14643237306041126,202.04818725585938,165.231201171875
2025-12-04,AAPL,164.0,280.179443359375,45949.4287109375,0.20204969310859985,282.57501220703125,-392.873291015625
2025-12-05,LRCX,247.0,158.3985137939453,39124.43290710449,0.17106215059684746,142.28448486328125,3980.1651458740234
2025-12-05,GOOG,156.0,321.4599304199219,50147.74914550781,0.21925894329995677,283.564208984375,5911.7325439453125
2025-12-05,GOOGL,154.0,320.642578125,49378.95703125,0.21589758512413107,283.16595458984375,5771.4000244140625
2025-12-05,EA,164.0,203.53477478027344,33379.703063964844,0.14594470432232493,202.04818725585938,243.80035400390625
2025-12-05,AAPL,164.0,278.26300048828125,45635.132080078125,0.1995286131028317,282.57501220703125,-707.169921875
2025-12-08,LRCX,247.0,162.4308319091797,40120.41548156738,0.1765748819167747,142.28448486328125,4976.147720336914
2025-12-08,GOOG,156.0,314.0396423339844,48990.18420410156,0.2156118247303437,283.564208984375,4754.1676025390625
2025-12-08,GOOGL,154.0,313.31219482421875,48250.07800292969,0.21235452633227908,283.16595458984375,4642.52099609375
2025-12-08,EA,164.0,203.1455078125,33315.86328125,0.1466272109655707,202.04818725585938,179.9605712890625
2025-12-08,AAPL,164.0,277.3746643066406,45489.44494628906,0.20020464079044523,282.57501220703125,-852.8570556640625
2025-12-09,LRCX,247.0,165.4949951171875,40877.26379394531,0.17855501746024785,142.28448486328125,5732.996032714844
2025-12-09,GOOG,156.0,317.3353271484375,49504.31103515625,0.21623862022166762,283.564208984375,5268.29443359375
2025-12-09,GOOGL,154.0,316.66778564453125,48766.83898925781,0.2130172858707284,283.16595458984375,5159.281982421875
2025-12-09,EA,164.0,203.43496704101562,33363.33459472656,0.14573359951689976,202.04818725585938,227.431884765625
2025-12-09,AAPL,164.0,276.66595458984375,45373.216552734375,0.1981936832817341,282.57501220703125,-969.08544921875
2025-12-10,LRCX,247.0,167.94033813476562,41481.26351928711,0.1797775437962588,142.28448486328125,6336.995758056641
2025-12-10,GOOG,156.0,320.5810852050781,50010.64929199219,0.21674343861753656,283.564208984375,5774.6326904296875
2025-12-10,GOOGL,154.0,319.7937316894531,49248.23468017578,0.21343917508653293,283.16595458984375,5640.677673339844
2025-12-10,EA,164.0,203.1255645751953,33312.59259033203,0.14437496752216256,202.04818725585938,176.68988037109375
2025-12-10,AAPL,164.0,278.26300048828125,45635.132080078125,0.1977801845973108,282.57501220703125,-707.169921875
2025-12-11,LRCX,247.0,168.38949584960938,41592.205474853516,0.18209014196129744,142.28448486328125,6447.937713623047
2025-12-11,GOOG,156.0,313.2906188964844,48873.33654785156,0.2139668403855398,283.564208984375,4637.3199462890625
2025-12-11,GOOGL,154.0,312.0238342285156,48051.670471191406,0.2103695968434947,283.16595458984375,4444.113464355469
2025-12-11,EA,164.0,203.2752685546875,33337.14404296875,0.14594958892089818,202.04818725585938,201.2413330078125
2025-12-11,AAPL,164.0,277.514404296875,45512.3623046875,0.19925253826861983,282.57501220703125,-829.939697265625
2025-12-12,LRCX,247.0,160.21505737304688,39573.11917114258,0.1755135861339116,142.28448486328125,4428.851409912109
2025-12-12,GOOG,156.0,310.11474609375,48377.900390625,0.21456430438214052,283.564208984375,4141.8837890625
2025-12-12,GOOGL,154.0,308.887939453125,47568.74267578125,0.2109755508227873,283.16595458984375,3961.1856689453125
2025-12-12,EA,164.0,203.3451385498047,33348.60272216797,0.14790678568979307,202.04818725585938,212.70001220703125
2025-12-12,AAPL,164.0,277.7639465332031,45553.28723144531,0.20203665947083974,282.57501220703125,-789.0147705078125
2025-12-15,LRCX,247.0,163.9878692626953,40505.00370788574,0.179666830855632,142.28448486328125,5360.735946655273
2025-12-15,GOOG,156.0,308.91632080078125,48190.946044921875,0.21375913490263965,283.564208984375,3954.929443359375
2025-12-15,GOOGL,154.0,307.8193054199219,47404.17303466797,0.2102692694436829,283.16595458984375,3796.6160278320312
2025-12-15,EA,164.0,203.8142547607422,33425.53778076172,0.14826465604163064,202.04818725585938,289.63507080078125
2025-12-15,AAPL,164.0,273.6016540527344,44870.67126464844,0.19903149158124253,282.57501220703125,-1471.6307373046875
2025-12-16,LRCX,247.0,162.9498291015625,40248.60778808594,0.17906649793113594,142.28448486328125,5104.340026855469
2025-12-16,GOOG,156.0,307.3283996582031,47943.23034667969,0.2132999581721423,283.564208984375,3707.2137451171875
2025-12-16,GOOGL,154.0,306.1714782714844,47150.407653808594,0.20977268130730667,283.16595458984375,3542.8506469726562
2025-12-16,EA,164.0,203.8142547607422,33425.53778076172,0.14871058455934025,202.04818725585938,289.63507080078125
2025-12-16,AAPL,164.0,274.1007385253906,44952.52111816406,0.19999425998003872,282.57501220703125,-1389.7808837890625
2025-12-17,LRCX,247.0,154.68556213378906,38207.3338470459,0.174335694362423,142.28448486328125,3063.0660858154297
2025-12-17,GOOG,156.0,297.6710205078125,46436.67919921875,0.21188525596917082,283.564208984375,2200.66259765625
2025-12-17,GOOGL,154.0,296.3342590332031,45635.47589111328,0.20822945691228803,283.16595458984375,2027.9188842773438
2025-12-17,EA,164.0,203.24533081054688,33332.23425292969,0.15209117250626294,202.04818725585938,196.33154296875
2025-12-17,AAPL,164.0,271.33587646484375,44499.083740234375,0.2030442295032104,282.57501220703125,-1843.21826171875
2025-12-18,LRCX,247.0,164.38710021972656,40603.61375427246,0.18173131189881972,142.28448486328125,5459.345993041992
2025-12-18,GOOG,156.0,303.3536071777344,47323.16271972656,0.2118062814877479,283.564208984375,3087.1461181640625
2025-12-18,GOOGL,154.0,302.0668029785156,46518.287658691406,0.20820386812518926,283.16595458984375,2910.7306518554688
2025-12-18,EA,164.0,203.5148162841797,33376.42987060547,0.14938429922991392,202.04818725585938,240.52716064453125
2025-12-18,AAPL,164.0,271.68524169921875,44556.379638671875,0.1994228733974614,282.57501220703125,-1785.92236328125
2025-12-19,LRCX,247.0,171.94273376464844,42469.855239868164,0.18707667567237116,142.28448486328125,7325.587478637695
2025-12-19,GOOG,156.0,308.2072448730469,48080.33020019531,0.2117904167151188,283.564208984375,3844.3135986328125
2025-12-19,GOOGL,154.0,306.7607116699219,47241.14959716797,0.2080938861614729,283.16595458984375,3633.5925903320312
2025-12-19,EA,164.0,203.53477478027344,33379.703063964844,0.1470352052972241,202.04818725585938,243.80035400390625
2025-12-19,AAPL,164.0,273.1625061035156,44798.65100097656,0.19733485448761454,282.57501220703125,-1543.6510009765625
2025-12-22,LRCX,247.0,174.9270477294922,43206.98078918457,0.18940542829297602,142.28448486328125,8062.713027954102
2025-12-22,GOOG,156.0,310.9236755371094,48504.09338378906,0.21262625653349787,283.564208984375,4268.0767822265625
2025-12-22,GOOGL,154.0,309.3772888183594,47644.102478027344,0.20885633457045627,283.16595458984375,4036.5454711914062
2025-12-22,EA,164.0,203.40501403808594,33358.422302246094,0.14623253344553186,202.04818725585938,222.51959228515625
2025-12-22,AAPL,164.0,270.4674987792969,44356.66979980469,0.19444529304359845,282.57501220703125,-1985.6322021484375
2025-12-23,LRCX,247.0,174.82723999023438,43182.32827758789,0.1879281392461175,142.28448486328125,8038.060516357422
2025-12-23,GOOG,156.0,315.2680358886719,49181.81359863281,0.21403771132779562,283.564208984375,4945.7969970703125
2025-12-23,GOOGL,154.0,313.94134521484375,48346.96716308594,0.21040448580600257,283.16595458984375,4739.41015625
2025-12-23,EA,164.0,203.88414001464844,33436.998962402344,0.14551677150395737,202.04818725585938,301.09625244140625
2025-12-23,AAPL,164.0,271.85491943359375,44584.206787109375,0.19402907058196278,282.57501220703125,-1758.09521484375
2025-12-24,LRCX,247.0,176.9931182861328,43717.300216674805,0.18958449768296898,142.28448486328125,8573.032455444336
2025-12-24,GOOG,156.0,315.258056640625,49180.2568359375,0.2132751620513906,283.564208984375,4944.240234375
2025-12-24,GOOGL,154.0,313.68170166015625,48306.98205566406,0.20948811756930255,283.16595458984375,4699.425048828125
2025-12-24,EA,164.0,204.39315795898438,33520.47790527344,0.14536494555398902,202.04818725585938,384.5751953125
2025-12-24,AAPL,164.0,273.3022155761719,44821.56335449219,0.19437324655939378,282.57501220703125,-1520.7386474609375
2025-12-26,LRCX,247.0,177.73171997070312,43899.73483276367,0.19044408661842802,142.28448486328125,8755.467071533203
2025-12-26,GOOG,156.0,314.5489501953125,49069.63623046875,0.2128719475917125,283.564208984375,4833.61962890625
2025-12-26,GOOGL,154.0,313.1024475097656,48217.776916503906,0.2091764453388297,283.16595458984375,4610.219909667969
2025-12-26,EA,164.0,204.4031219482422,33522.11199951172,0.14542429528533327,202.04818725585938,386.20928955078125
2025-12-26,AAPL,164.0,272.8929748535156,44754.44787597656,0.19415196880622773,282.57501220703125,-1587.8541259765625
2025-12-29,LRCX,247.0,175.535888671875,43357.364501953125,0.18862279382300662,142.28448486328125,8213.096740722656
2025-12-29,GOOG,156.0,313.979736328125,48980.8388671875,0.21308727541562705,283.564208984375,4744.822265625
2025-12-29,GOOGL,154.0,313.1523742675781,48225.46563720703,0.20980108376964712,283.16595458984375,4617.908630371094
2025-12-29,EA,164.0,203.88414001464844,33436.998962402344,0.1454650261563106,202.04818725585938,301.09625244140625
2025-12-29,AAPL,164.0,273.2523498535156,44813.38537597656,0.19495709777062192,282.57501220703125,-1528.9166259765625
2025-12-30,LRCX,247.0,173.44985961914062,42842.115325927734,0.18682333985872926,142.28448486328125,7697.847564697266
2025-12-30,GOOG,156.0,314.1394958496094,49005.76135253906,0.21370139962861243,283.564208984375,4769.7447509765625
2025-12-30,GOOGL,154.0,313.4420166015625,48270.070556640625,0.21049324310908846,283.16595458984375,4662.5135498046875
2025-12-30,EA,164.0,203.9639892578125,33450.09423828125,0.14586717477983477,202.04818725585938,314.1915283203125
2025-12-30,AAPL,164.0,272.5735778808594,44702.06677246094,0.1949341051319396,282.57501220703125,-1640.2352294921875
2025-12-31,LRCX,247.0,170.85479736328125,42201.13494873047,0.1849083445581213,142.28448486328125,7056.8671875
2025-12-31,GOOG,156.0,313.3904724121094,48888.91369628906,0.21421149241147652,283.564208984375,4652.8970947265625
2025-12-31,GOOGL,154.0,312.5931091308594,48139.338806152344,0.21092715770754256,283.16595458984375,4531.781799316406
2025-12-31,EA,164.0,203.9440155029297,33446.81854248047,0.1465504625631399,202.04818725585938,310.91583251953125
2025-12-31,AAPL,164.0,271.3558349609375,44502.35693359375,0.19499137071840764,282.57501220703125,-1839.945068359375
2026-01-02,LRCX,187.0,184.70843505859375,34540.47735595703,0.1491068954407048,142.28448486328125,7933.2786865234375
2026-01-02,GOOG,183.0,314.90850830078125,57628.25701904297,0.2487739357280929,288.1887777359759,4889.710693359375
2026-01-02,GOOGL,187.0,314.7403259277344,58856.44094848633,0.2540758512419467,288.73790247300093,4862.453186035156
2026-01-02,KEYS,163.0,206.58999633789062,33674.16940307617,0.1453671529924905,206.58999633789062,0.0
2026-01-02,AMAT,131.0,268.20166015625,35134.41748046875,0.15167086023861268,268.20166015625,0.0
2026-01-05,LRCX,187.0,194.38999938964844,36350.92988586426,0.1537251228649261,142.28448486328125,9743.731216430664
2026-01-05,GOOG,183.0,316.9058837890625,57993.77673339844,0.24525096006442385,288.1887777359759,5255.230407714844
2026-01-05,GOOGL,187.0,316.1285400390625,59116.03698730469,0.2499969073059344,288.73790247300093,5122.049224853516
2026-01-05,KEYS,163.0,208.82000732421875,34037.661193847656,0.14394249790824998,206.58999633789062,363.4917907714844
2026-01-05,AMAT,131.0,283.6132507324219,37153.335845947266,0.15711843233977604,268.20166015625,2018.9183654785156
2026-01-06,LRCX,187.0,206.5668182373047,38627.99501037598,0.16085596899868515,142.28448486328125,12020.796340942383
2026-01-06,GOOG,183.0,314.1394958496094,57487.527740478516,0.23939145631424938,288.1887777359759,4748.981414794922
2026-01-06,GOOGL,187.0,313.9313659667969,58705.165435791016,0.24446198330681543,288.73790247300093,4711.177673339844
2026-01-06,KEYS,163.0,213.63999938964844,34823.319900512695,0.14501241560281655,206.58999633789062,1149.1504974365234
2026-01-06,AMAT,131.0,295.27423095703125,38680.924255371094,0.16107637870386843,268.20166015625,3546.5067749023438
2026-01-07,LRCX,187.0,202.69419860839844,37903.81513977051,0.15690611131077428,142.28448486328125,11296.616470336914
2026-01-07,GOOG,183.0,322.00921630859375,58927.686584472656,0.24393624009653367,288.1887777359759,6189.1402587890625
2026-01-07,GOOGL,187.0,321.5614318847656,60131.98776245117,0.24892154867264388,288.73790247300093,6138.0
2026-01-07,KEYS,163.0,212.32000732421875,34608.161193847656,0.14326346760923858,206.58999633789062,933.9917907714844
2026-01-07,AMAT,131.0,291.47369384765625,38183.05389404297,0.15806204421353331,268.20166015625,3048.6364135742188
2026-01-08,LRCX,187.0,200.57823181152344,37508.12934875488,0.1561706870012924,142.28448486328125,10900.930679321289
2026-01-08,GOOG,183.0,325.58453369140625,59581.969665527344,0.24807841119019858,288.1887777359759,6843.42333984375
2026-01-08,GOOGL,187.0,325.0169372558594,60778.1672668457,0.2530589581924283,288.73790247300093,6784.179504394531
2026-01-08,KEYS,163.0,206.6699981689453,33687.209701538086,0.14026171855516564,206.58999633789062,13.040298461914062
2026-01-08,AMAT,131.0,280.93994140625,36803.13232421875,0.15323532681225302,268.20166015625,1668.71484375
2026-01-09,LRCX,187.0,217.94515991210938,40755.74490356445,0.16484669848852695,142.28448486328125,14148.54623413086
2026-01-09,GOOG,183.0,328.7104797363281,60154.01779174805,0.24330781481858074,288.1887777359759,7415.471466064453
2026-01-09,GOOGL,187.0,328.14288330078125,61362.719177246094,0.2481967067607922,288.73790247300093,7368.731414794922
2026-01-09,KEYS,163.0,207.3000030517578,33789.90049743652,0.1366716165399074,206.58999633789062,115.73109436035156
2026-01-09,AMAT,131.0,300.43133544921875,39356.504943847656,0.15918712611907776,268.20166015625,4222.087463378906
2026-01-12,LRCX,187.0,219.9812774658203,41136.4988861084,0.16460493598436618,142.28448486328125,14529.300216674805
2026-01-12,GOOG,183.0,332.2957763671875,60810.12707519531,0.24332763714594846,288.1887777359759,8071.580749511719
2026-01-12,GOOGL,187.0,331.4285583496094,61977.14041137695,0.24799736258920807,288.73790247300093,7983.152648925781
2026-01-12,KEYS,163.0,208.72999572753906,34022.98930358887,0.13614070540663423,206.58999633789062,348.8199005126953
2026-01-12,AMAT,131.0,306.4762878417969,40148.39370727539,0.16065109951038875,268.20166015625,5013.976226806641
2026-01-13,LRCX,187.0,213.9727325439453,40012.90098571777,0.16004271086416572,142.28448486328125,13405.70231628418
2026-01-13,GOOG,183.0,335.9909362792969,61486.34133911133,0.24593169969213796,288.1887777359759,8747.795013427734
2026-01-13,GOOGL,187.0,335.53326416015625,62744.72039794922,0.2509649362460934,288.73790247300093,8750.732635498047
2026-01-13,KEYS,163.0,209.3000030517578,34115.90049743652,0.13645601955056386,206.58999633789062,441.73109436035156
2026-01-13,AMAT,131.0,304.1121826171875,39838.69592285156,0.15934592933069675,268.20166015625,4704.2784423828125
2026-01-14,LRCX,187.0,208.39334106445312,38969.554779052734,0.15678681722724697,142.28448486328125,12362.35610961914
2026-01-14,GOOG,183.0,335.87109375,61464.41015625,0.2472907195318684,288.1887777359759,8725.863830566406
2026-01-14,GOOGL,187.0,335.4034118652344,62720.43801879883,0.2523441160111022,288.73790247300093,8726.450256347656
2026-01-14,KEYS,163.0,209.39999389648438,34132.19900512695,0.13732460833392524,206.58999633789062,458.02960205078125
2026-01-14,AMAT,131.0,301.13958740234375,39449.28594970703,0.15871692712452554,268.20166015625,4314.868469238281
2026-01-15,LRCX,187.0,217.05685424804688,40589.631744384766,0.16100498049009918,142.28448486328125,13982.433074951172
2026-01-15,GOOG,183.0,332.7252197265625,60888.71520996094,0.24152439879682283,288.1887777359759,8150.168884277344
2026-01-15,GOOGL,187.0,332.3473815917969,62148.960357666016,0.24652335386733953,288.73790247300093,8154.972595214844
2026-01-15,KEYS,163.0,214.5,34963.5,0.13868806868750042,206.58999633789062,1289.3305969238281
2026-01-15,AMAT,131.0,318.2868347167969,41695.57534790039,0.16539187489280133,268.20166015625,6561.157867431641
2026-01-16,LRCX,187.0,222.5364227294922,41614.31105041504,0.16443198265881054,142.28448486328125,15007.112380981445
2026-01-16,GOOG,183.0,329.9089050292969,60373.32962036133,0.23855510372773303,288.1887777359759,7634.783294677734
2026-01-16,GOOGL,187.0,329.5710144042969,61629.779693603516,0.24351975582553484,288.73790247300093,7635.791931152344
2026-01-16,KEYS,163.0,214.1999969482422,34914.59950256348,0.13795919420580133,206.58999633789062,1240.4300994873047
2026-01-16,AMAT,131.0,326.1971435546875,42731.82580566406,0.16884765510941188,268.20166015625,7597.4083251953125
2026-01-20,LRCX,187.0,221.98748779296875,41511.660217285156,0.1670657096057793,142.28448486328125,14904.461547851562
2026-01-20,GOOG,183.0,321.73956298828125,58878.34002685547,0.2369587630441506,288.1887777359759,6139.793701171875
2026-01-20,GOOGL,187.0,321.5814208984375,60135.72570800781,0.24201917329925265,288.73790247300093,6141.737945556641
2026-01-20,KEYS,163.0,211.9600067138672,34549.48109436035,0.13904607874819072,206.58999633789062,875.3116912841797
2026-01-20,AMAT,131.0,317.4389953613281,41584.508392333984,0.16735889065405138,268.20166015625,6450.090911865234
2026-01-21,LRCX,187.0,227.95611572265625,42627.79364013672,0.16808637382525415,142.28448486328125,16020.594970703125
2026-01-21,GOOG,183.0,327.95147705078125,60015.12030029297,0.23664663555245385,288.1887777359759,7276.573974609375
2026-01-21,GOOGL,187.0,327.953125,61327.234375,0.24182045474479702,288.73790247300093,7333.246612548828
2026-01-21,KEYS,163.0,216.69000244140625,35320.47039794922,0.13927274400154657,206.58999633789062,1646.3009948730469
2026-01-21,AMAT,131.0,324.4315185546875,42500.52893066406,0.16758455419762414,268.20166015625,7366.1114501953125
2026-01-22,LRCX,187.0,220.2807159423828,41192.493881225586,0.16344722483541743,142.28448486328125,14585.295211791992
2026-01-22,GOOG,183.0,330.4082336425781,60464.7067565918,0.23991721764524068,288.1887777359759,7726.160430908203
2026-01-22,GOOGL,187.0,330.1103210449219,61730.63003540039,0.24494026012896175,288.73790247300093,7736.642272949219
2026-01-22,KEYS,163.0,215.72000122070312,35162.36019897461,0.1395203264399864,206.58999633789062,1488.1907958984375
2026-01-22,AMAT,131.0,317.9975891113281,41657.684173583984,0.16529304807024253,268.20166015625,6523.266693115234
2026-01-23,LRCX,187.0,217.52597045898438,40677.35647583008,0.16232234346497199,142.28448486328125,14070.157806396484
2026-01-23,GOOG,183.0,328.00140380859375,60024.256896972656,0.23952584160795773,288.1887777359759,7285.7105712890625
2026-01-23,GOOGL,187.0,327.5036926269531,61243.190521240234,0.24438997683112373,288.73790247300093,7249.2027587890625
2026-01-23,KEYS,163.0,212.94000244140625,34709.22039794922,0.13850659145426567,206.58999633789062,1035.0509948730469
2026-01-23,AMAT,131.0,321.57867431640625,42126.80633544922,0.1681063500556695,268.20166015625,6992.388854980469
2026-01-26,LRCX,187.0,222.44659423828125,41597.513122558594,0.16421928798611315,142.28448486328125,14990.314453125
2026-01-26,GOOG,183.0,333.1546630859375,60967.30334472656,0.2406876371721077,288.1887777359759,8228.757019042969
2026-01-26,GOOGL,187.0,332.8267822265625,62238.60827636719,0.2457065139033236,288.73790247300093,8244.620513916016
2026-01-26,KEYS,163.0,214.36000061035156,34940.680099487305,0.13793934245017742,206.58999633789062,1266.5106964111328
2026-01-26,AMAT,131.0,318.6659240722656,41745.2360534668,0.1648024707946982,268.20166015625,6610.818572998047
2026-01-27,LRCX,187.0,238.00698852539062,44507.30685424805,0.1718372529860889,142.28448486328125,17900.108184814453
2026-01-27,GOOG,183.0,334.56280517578125,61224.99334716797,0.23638219012716447,288.1887777359759,8486.447021484375
2026-01-27,GOOGL,187.0,334.1150817871094,62479.52029418945,0.24122576480309704,288.73790247300093,8485.532531738281
2026-01-27,KEYS,163.0,217.82000732421875,35504.661193847656,0.13707914225707085,206.58999633789062,1830.4917907714844
2026-01-27,AMAT,131.0,331.88299560546875,43476.672424316406,0.1678580998584394,268.20166015625,8342.254943847656
2026-01-28,LRCX,187.0,239.12486267089844,44716.34931945801,0.17142428178687621,142.28448486328125,18109.150650024414
2026-01-28,GOOG,183.0,335.8411560058594,61458.931549072266,0.23560852709422833,288.1887777359759,8720.385223388672
2026-01-28,GOOGL,187.0,335.5732116699219,62752.19058227539,0.24056635581471303,288.73790247300093,8758.202819824219
2026-01-28,KEYS,163.0,221.5,36104.5,0.13840995689424695,206.58999633789062,2430.330596923828
2026-01-28,AMAT,131.0,335.9129333496094,44004.59426879883,0.16869570263798897,268.20166015625,8870.176788330078
2026-01-29,LRCX,187.0,247.6985321044922,46319.62550354004,0.1755498920651897,142.28448486328125,19712.426834106445
2026-01-29,GOOG,183.0,338.2180480957031,61893.90280151367,0.2345759025074298,288.1887777359759,9155.356475830078
2026-01-29,GOOGL,187.0,337.8102722167969,63170.520904541016,0.23941424409069217,288.73790247300093,9176.533142089844
2026-01-29,KEYS,163.0,221.1699981689453,36050.709701538086,0.13663103119205527,206.58999633789062,2376.540298461914
2026-01-29,AMAT,131.0,340.49151611328125,44604.388610839844,0.1690491993651432,268.20166015625,9469.971130371094
2026-01-30,LRCX,187.0,233.01649475097656,43574.08451843262,0.16904633426841423,142.28448486328125,16966.885848999023
2026-01-30,GOOG,183.0,338.0882263183594,61870.145416259766,0.2400261852626676,288.1887777359759,9131.599090576172
2026-01-30,GOOGL,187.0,337.56060791015625,63123.83367919922,0.24488988825281532,288.73790247300093,9129.845916748047
2026-01-30,KEYS,163.0,216.3300018310547,35261.790298461914,0.13679866038665622,206.58999633789062,1587.6208953857422
2026-01-30,AMAT,131.0,321.518798828125,42118.962646484375,0.1634011664792301,268.20166015625,6984.545166015625
2026-02-02,GOOG,168.0,344.44989013671875,57867.58154296875,0.22088279634446037,288.1887777359759,9451.866883324794
2026-02-02,GOOGL,159.0,343.24322509765625,54575.672790527344,0.20831745334649623,288.73790247300093,8666.346297320197
2026-02-02,PH,41.0,948.0860595703125,38871.52844238281,0.14837412712956202,948.0860595703125,0.0
2026-02-02,MU,93.0,437.61614990234375,40698.30194091797,0.1553469922102425,437.61614990234375,0.0
2026-02-02,ADI,179.0,315.0080871582031,56386.44760131836,0.21522925081742802,315.0080871582031,0.0
2026-02-03,GOOG,168.0,340.2554016113281,57162.907470703125,0.2211741572671372,288.1887777359759,8747.192811059169
2026-02-03,GOOGL,159.0,339.26837158203125,53943.67108154297,0.2087183196108543,288.73790247300093,8034.344588335822
2026-02-03,PH,41.0,960.3654174804688,39374.98211669922,0.15234929209178008,948.0860595703125,503.45367431640625
2026-02-03,MU,93.0,419.2638854980469,38991.54135131836,0.15086568686773785,437.61614990234375,-1706.7605895996094
2026-02-03,ADI,179.0,309.4706726074219,55395.250396728516,0.21433475596701962,315.0080871582031,-991.1972045898438
2026-02-04,GOOG,168.0,332.90496826171875,55928.03466796875,0.22000413701264998,288.1887777359759,7512.320008324794
2026-02-04,GOOGL,159.0,332.6070556640625,52884.52185058594,0.2080318691714785,288.73790247300093,6975.1953573787905
2026-02-04,PH,41.0,964.0103149414062,39524.422912597656,0.15547724151997044,948.0860595703125,652.8944702148438
2026-02-04,MU,93.0,379.2406921386719,35269.384368896484,0.13873919434344986,437.61614990234375,-5428.917572021484
2026-02-04,ADI,179.0,318.56719970703125,57023.528747558594,0.22431348260316586,315.0080871582031,637.0811462402344
2026-02-05,GOOG,168.0,330.8975830078125,55590.7939453125,0.21868888421564084,288.1887777359759,7175.079285668544
2026-02-05,GOOGL,159.0,330.8193664550781,52600.27926635742,0.20692448453797935,288.73790247300093,6690.952773150275
2026-02-05,PH,41.0,963.641845703125,39509.315673828125,0.1554258816546649,948.0860595703125,637.7872314453125
2026-02-05,MU,93.0,382.729248046875,35593.820068359375,0.14002269518545263,437.61614990234375,-5104.481872558594
2026-02-05,ADI,179.0,320.23736572265625,57322.48846435547,0.2255012053806236,315.0080871582031,936.0408630371094
2026-02-06,GOOG,168.0,322.6783752441406,54209.967041015625,0.21450306960811413,288.1887777359759,5794.252381371669
2026-02-06,GOOGL,159.0,322.4402770996094,51268.00405883789,0.20286203522281185,288.73790247300093,5358.677565630744
2026-02-06,PH,41.0,974.2877807617188,39945.79901123047,0.15806127495659097,948.0860595703125,1074.2705688476562
2026-02-06,MU,93.0,394.5242614746094,36690.75631713867,0.14518141747466554,437.61614990234375,-4007.545623779297
2026-02-06,ADI,179.0,318.5771484375,57025.3095703125,0.22564308033853087,315.0080871582031,638.8619689941406
2026-02-09,GOOG,168.0,323.9766540527344,54428.077880859375,0.2154040206138992,288.1887777359759,6012.363221215419
2026-02-09,GOOGL,159.0,323.8984069824219,51499.84671020508,0.2038152820068411,288.73790247300093,5590.520216997931
2026-02-09,PH,41.0,976.6624755859375,40043.16149902344,0.15847441836660264,948.0860595703125,1171.633056640625
2026-02-09,MU,93.0,383.3389587402344,35650.5231628418,0.14109015650111023,437.61614990234375,-5047.778778076172
2026-02-09,ADI,179.0,321.0823974609375,57473.74914550781,0.22745753897090523,315.0080871582031,1087.3015441894531
2026-02-10,GOOG,168.0,318.2142028808594,53459.986083984375,0.21319536958572227,288.1887777359759,5044.271424340419
2026-02-10,GOOGL,159.0,318.16583251953125,50588.36737060547,0.2017435182525342,288.73790247300093,4679.040877398322
2026-02-10,PH,41.0,989.3338012695312,40562.68585205078,0.16176167326403829,948.0860595703125,1691.1574096679688
2026-02-10,MU,93.0,373.09326171875,34697.67333984375,0.1383723385156056,437.61614990234375,-6000.628601074219
2026-02-10,ADI,179.0,323.2596130371094,57863.47073364258,0.23075621473585192,315.0080871582031,1477.0231323242188
2026-02-11,GOOG,168.0,310.9236755371094,52235.177490234375,0.20560966979639864,288.1887777359759,3819.462830590419
2026-02-11,GOOGL,159.0,310.5557556152344,49378.365142822266,0.19436459948853008,288.73790247300093,3469.0386496151186
2026-02-11,PH,41.0,993.584228515625,40736.953369140625,0.16035001570170238,948.0860595703125,1865.4249267578125
2026-02-11,MU,93.0,410.1676940917969,38145.59555053711,0.15014983545904892,437.61614990234375,-2552.7063903808594
2026-02-11,ADI,179.0,335.0303955078125,59970.44079589844,0.23605744484919955,315.0080871582031,3583.993194580078
2026-02-12,GOOG,168.0,308.96624755859375,51906.32958984375,0.20582497145962594,288.1887777359759,3490.614930199794
2026-02-12,GOOGL,159.0,308.5982971191406,49067.12924194336,0.19456664641155513,288.73790247300093,3157.8027487362124
2026-02-12,PH,41.0,979.9949340820312,40179.79229736328,0.1593255517815817,948.0860595703125,1308.2638549804688
2026-02-12,MU,93.0,413.7961730957031,38483.04409790039,0.1525974099058565,437.61614990234375,-2215.257843017578
2026-02-12,ADI,179.0,329.4233703613281,58966.783294677734,0.2338218977260867,315.0080871582031,2580.335693359375
2026-02-13,GOOG,168.0,305.6206359863281,51344.266845703125,0.20317474261250149,288.1887777359759,2928.552186059169
2026-02-13,GOOGL,159.0,305.32257080078125,48546.28875732422,0.19210284475776804,288.73790247300093,2636.9622641170718
2026-02-13,PH,41.0,999.4908447265625,40979.12463378906,0.16215876886461936,948.0860595703125,2107.59619140625
2026-02-13,MU,93.0,411.4871520996094,38268.30514526367,0.15143176688978852,437.61614990234375,-2429.996795654297
2026-02-13,ADI,179.0,335.12982177734375,59988.23809814453,0.23737985921573176,315.0080871582031,3601.790496826172
2026-02-17,GOOG,168.0,302.4248046875,50807.3671875,0.20250961926683822,288.1887777359759,2391.652527856044
2026-02-17,GOOGL,159.0,301.6273498535156,47958.748626708984,0.19115550485163263,288.73790247300093,2049.4221335018374
2026-02-17,PH,41.0,1007.6524047851562,41313.748596191406,0.1646696524900618,948.0860595703125,2442.2201538085938
2026-02-17,MU,93.0,399.61212158203125,37163.927307128906,0.1481291628761811,437.61614990234375,-3534.3746337890625
2026-02-17,ADI,179.0,335.5374450683594,60061.20266723633,0.23939385089497137,315.0080871582031,3674.7550659179688
2026-02-18,GOOG,168.0,303.5433654785156,50995.285400390625,0.20051561156690176,288.1887777359759,2579.570740746669
2026-02-18,GOOGL,159.0,302.9356689453125,48166.77136230469,0.1893937751516471,288.73790247300093,2257.4448690975405
2026-02-18,PH,41.0,995.2504272460938,40805.267517089844,0.1604480317562381,948.0860595703125,1933.7390747070312
2026-02-18,MU,93.0,420.77325439453125,39131.912658691406,0.15386832992369107,437.61614990234375,-1566.3892822265625
2026-02-18,ADI,179.0,344.34564208984375,61637.86993408203,0.24236270252188707,315.0080871582031,5251.422332763672
2026-02-19,GOOG,168.0,303.163818359375,50931.521484375,0.2003073401215096,288.1887777359759,2515.806824731044
2026-02-19,GOOGL,159.0,302.456298828125,48090.551513671875,0.18913415853157406,288.73790247300093,2181.225020464728
2026-02-19,PH,41.0,1010.15673828125,41416.42626953125,0.16288565394484653,948.0860595703125,2544.8978271484375
2026-02-19,MU,93.0,417.17474365234375,38797.25115966797,0.15258476396004353,437.61614990234375,-1901.05078125
2026-02-19,ADI,179.0,343.2818908691406,61447.45846557617,0.24166521249993525,315.0080871582031,5061.0108642578125
2026-02-20,GOOG,168.0,314.4890441894531,52834.159423828125,0.2022487971142067,288.1887777359759,4418.444764184169
2026-02-20,GOOGL,159.0,314.5705261230469,50016.71365356445,0.19146363417824927,288.73790247300093,4107.387160357306
2026-02-20,PH,41.0,1019.9246215820312,41816.90948486328,0.16007484049292883,948.0860595703125,2945.3810424804688
2026-02-20,MU,93.0,427.9902038574219,39803.088958740234,0.15236594943733278,437.61614990234375,-895.2129821777344
2026-02-20,ADI,179.0,352.9550476074219,63178.953521728516,0.24184859742352913,315.0080871582031,6792.505920410156
2026-02-23,GOOG,168.0,311.2832336425781,52295.583251953125,0.2019521807904092,288.1887777359759,3879.868592309169
2026-02-23,GOOGL,159.0,311.0850524902344,49462.523345947266,0.1910116272914407,288.73790247300093,3553.1968527401186
2026-02-23,PH,41.0,1006.6945190429688,41274.47528076172,0.15939147774240292,948.0860595703125,2402.9468383789062
2026-02-23,MU,93.0,420.7932434082031,39133.77163696289,0.15112462722831096,437.61614990234375,-1564.5303039550781
2026-02-23,ADI,179.0,353.0743408203125,63200.30700683594,0.24406343773165987,315.0080871582031,6813.859405517578
2026-02-24,GOOG,168.0,310.5142517089844,52166.394287109375,0.20126364802783733,288.1887777359759,3750.679627465419
2026-02-24,GOOGL,159.0,310.495849609375,49368.840087890625,0.19047037831110147,288.73790247300093,3459.513594683478
2026-02-24,PH,41.0,1020.712890625,41849.228515625,0.16145889539248048,948.0860595703125,2977.7000732421875
2026-02-24,MU,93.0,417.83447265625,38858.60595703125,0.1499207468537064,437.61614990234375,-1839.6959838867188
2026-02-24,ADI,179.0,354.00885009765625,63367.58416748047,0.24447906224965282,315.0080871582031,6981.136566162109
2026-02-25,GOOG,168.0,312.6214904785156,52520.410400390625,0.20102218507359526,288.1887777359759,4104.695740746669
2026-02-25,GOOGL,159.0,312.49322509765625,49686.422790527344,0.19017508053912696,288.73790247300093,3777.0962973201968
2026-02-25,PH,41.0,1009.5181884765625,41390.24572753906,0.15842141318874878,948.0860595703125,2518.71728515625
2026-02-25,MU,93.0,428.8198547363281,39880.246490478516,0.15264188207352514,437.61614990234375,-818.0554504394531
2026-02-25,ADI,179.0,358.6913146972656,64205.74533081055,0.24574787444125393,315.0080871582031,7819.2977294921875
2026-02-26,GOOG,168.0,306.7491760253906,51533.861572265625,0.20041469986621757,288.1887777359759,3118.146912621669
2026-02-26,GOOGL,159.0,306.9804382324219,48809.88967895508,0.18982119895660107,288.73790247300093,2900.563185747931
2026-02-26,PH,41.0,1012.6810302734375,41519.92224121094,0.1614705845936309,948.0860595703125,2648.393798828125
2026-02-26,MU,93.0,415.385498046875,38630.851318359375,0.15023501512085682,437.61614990234375,-2067.4506225585938
2026-02-26,ADI,179.0,352.2790222167969,63057.94497680664,0.24523175114648332,315.0080871582031,6671.497375488281
2026-02-27,GOOG,168.0,311.0235595703125,52251.9580078125,0.2023132071553487,288.1887777359759,3836.243348168544
2026-02-27,GOOGL,159.0,311.354736328125,49505.403076171875,0.19167888151408807,288.73790247300093,3596.076582964728
2026-02-27,PH,41.0,1006.9041137695312,41283.06866455078,0.15984300572030188,948.0860595703125,2411.5402221679688
2026-02-27,MU,93.0,412.19683837890625,38334.30596923828,0.1484257562855625,437.61614990234375,-2363.9959716796875
2026-02-27,ADI,179.0,353.7106018066406,63314.19772338867,0.24514484984412346,315.0080871582031,6927.7501220703125
2026-03-02,MU,108.0,412.4967346191406,44549.64733886719,0.1744612116706194,434.1273422241211,-2336.1056213378906
2026-03-02,ADI,153.0,350.350341796875,53603.602294921875,0.2099174733112458,315.0080871582031,5407.364959716797
2026-03-02,AMAT,120.0,371.7178955078125,44606.1474609375,0.1746824722269813,371.7178955078125,0.0
2026-03-02,RGLD,156.0,303.7432556152344,47383.94787597656,0.18556063749057164,303.7432556152344,0.0
2026-03-02,SLB,1020.0,51.00259017944336,52022.64198303223,0.2037262626487364,51.00259017944336,0.0
2026-03-03,MU,108.0,379.52056884765625,40988.221435546875,0.17003573641306685,434.1273422241211,-5897.531524658203
2026-03-03,ADI,153.0,338.0639953613281,51723.7912902832,0.21457122641802998,315.0080871582031,3527.553955078125
2026-03-03,AMAT,120.0,350.8837890625,42106.0546875,0.17467296129196888,371.7178955078125,-2500.0927734375
2026-03-03,RGLD,156.0,280.485107421875,43755.6767578125,0.18151626148175404,303.7432556152344,-3628.2711181640625
2026-03-03,SLB,1020.0,48.326622009277344,49293.15444946289,0.20448796076983614,51.00259017944336,-2729.487533569336
2026-03-04,MU,108.0,400.6016845703125,43264.98193359375,0.17744480368562277,434.1273422241211,-3620.771026611328
2026-03-04,ADI,153.0,340.5771484375,52108.3037109375,0.21371435533175726,315.0080871582031,3912.066375732422
2026-03-04,AMAT,120.0,357.3157958984375,42877.8955078125,0.17585722704136234,371.7178955078125,-1728.251953125
2026-03-04,RGLD,156.0,280.6947326660156,43788.37829589844,0.17959143499362779,303.7432556152344,-3595.569580078125
2026-03-04,SLB,1020.0,47.640220642089844,48593.02505493164,0.19929696965082425,51.00259017944336,-3429.616928100586
2026-03-05,MU,108.0,396.8832702636719,42863.39318847656,0.17931323687786893,434.1273422241211,-4022.3597717285156
2026-03-05,ADI,153.0,328.8193359375,50309.3583984375,0.21046243026083802,315.0080871582031,2113.121063232422
2026-03-05,AMAT,120.0,346.0997314453125,41531.9677734375,0.17374339783637424,371.7178955078125,-3074.1796875
2026-03-05,RGLD,156.0,275.9732360839844,43051.82482910156,0.18010151528742235,303.7432556152344,-4332.123046875
2026-03-05,SLB,1020.0,47.15277862548828,48095.83419799805,0.20120244966287168,51.00259017944336,-3926.8077850341797
2026-03-06,MU,108.0,370.1445007324219,39975.60607910156,0.1727273145881445,434.1273422241211,-6910.146881103516
2026-03-06,ADI,153.0,314.94732666015625,48186.940979003906,0.20820699746368473,315.0080871582031,-9.296356201171875
2026-03-06,AMAT,120.0,324.3367919921875,38920.4150390625,0.1681680262470804,371.7178955078125,-5685.732421875
2026-03-06,RGLD,156.0,279.337158203125,43576.5966796875,0.18828653925794936,303.7432556152344,-3807.3511962890625
2026-03-06,SLB,1020.0,46.6553840637207,47588.49174499512,0.2056212072969733,51.00259017944336,-4434.150238037109
2026-03-09,MU,108.0,389.1565246582031,42028.90466308594,0.17778970843922567,434.1273422241211,-4856.848297119141
2026-03-09,ADI,153.0,318.836669921875,48782.010498046875,0.20635654183832342,315.0080871582031,585.7731628417969
2026-03-09,AMAT,120.0,338.5191650390625,40622.2998046875,0.17183952083218337,371.7178955078125,-3983.84765625
2026-03-09,RGLD,156.0,281.353515625,43891.1484375,0.18566732933727,303.7432556152344,-3492.7994384765625
2026-03-09,SLB,1020.0,46.943870544433594,47882.747955322266,0.20255250205753542,51.00259017944336,-4139.894027709961
2026-03-10,MU,108.0,402.9407043457031,43517.59606933594,0.18171180541142862,434.1273422241211,-3368.1568908691406
2026-03-10,ADI,153.0,317.9391174316406,48644.684967041016,0.20312044615119956,315.0080871582031,448.4476318359375
2026-03-10,AMAT,120.0,345.4505615234375,41454.0673828125,0.17309534777096022,371.7178955078125,-3152.080078125
2026-03-10,RGLD,156.0,281.183837890625,43864.6787109375,0.18316108154634886,303.7432556152344,-3519.2691650390625
2026-03-10,SLB,1020.0,47.859073638916016,48816.255111694336,0.20383685338771101,51.00259017944336,-3206.3868713378906
2026-03-11,MU,108.0,418.5141906738281,45199.53259277344,0.18754732734620014,434.1273422241211,-1686.2203674316406
2026-03-11,ADI,153.0,318.3480224609375,48707.24743652344,0.20210195891650726,315.0080871582031,511.0101013183594
2026-03-11,AMAT,120.0,350.6341247558594,42076.094970703125,0.17458718496088893,371.7178955078125,-2530.052490234375
2026-03-11,RGLD,156.0,275.3443603515625,42953.72021484375,0.17822873299265876,303.7432556152344,-4430.2276611328125
2026-03-11,SLB,1020.0,47.918758392333984,48877.133560180664,0.20280687081752574,51.00259017944336,-3145.5084228515625
2026-03-12,MU,108.0,405.1797790527344,43759.41613769531,0.18903613039542833,434.1273422241211,-3126.3368225097656
2026-03-12,ADI,153.0,306.4306335449219,46883.88693237305,0.20253351954479173,315.0080871582031,-1312.3504028320312
2026-03-12,AMAT,120.0,336.8512268066406,40422.147216796875,0.17461947545399897,371.7178955078125,-4184.000244140625
2026-03-12,RGLD,156.0,269.34515380859375,42017.843994140625,0.18151271971311686,303.7432556152344,-5366.1038818359375
2026-03-12,SLB,1020.0,44.32759094238281,45214.14276123047,0.19532039823919886,51.00259017944336,-6808.499221801758
2026-03-13,MU,108.0,425.9510803222656,46002.71667480469,0.19781787666388495,434.1273422241211,-883.0362854003906
2026-03-13,ADI,153.0,305.23394775390625,46700.794006347656,0.20081970319620046,315.0080871582031,-1495.4433288574219
2026-03-13,AMAT,120.0,341.10595703125,40932.71484375,0.17601618603784966,371.7178955078125,-3673.4326171875
2026-03-13,RGLD,156.0,258.6444091796875,40348.52783203125,0.17350410321783405,303.7432556152344,-7035.4200439453125
2026-03-13,SLB,1020.0,44.48675537109375,45376.490478515625,0.19512501968900436,51.00259017944336,-6646.151504516602
2026-03-16,MU,108.0,441.6144714355469,47694.36291503906,0.2034683476373306,434.1273422241211,808.6099548339844
2026-03-16,ADI,153.0,310.0707092285156,47440.81851196289,0.2023867049107363,315.0080871582031,-755.4188232421875
2026-03-16,AMAT,120.0,345.7501525878906,41490.018310546875,0.17700006778846497,371.7178955078125,-3116.129150390625
2026-03-16,RGLD,156.0,249.8203125,38971.96875,0.16625784686256545,303.7432556152344,-8411.979125976562
2026-03-16,SLB,1020.0,44.725502014160156,45620.01205444336,0.19461898439544534,51.00259017944336,-6402.629928588867
2026-03-17,MU,108.0,461.4961242675781,49841.58142089844,0.20786711981751013,434.1273422241211,2955.8284606933594
2026-03-17,ADI,153.0,312.8031921386719,47858.8883972168,0.19959818699945622,315.0080871582031,-337.34893798828125
2026-03-17,AMAT,120.0,352.0223693847656,42242.684326171875,0.17617549190684054,371.7178955078125,-2363.463134765625
2026-03-17,RGLD,156.0,255.36033630371094,39836.212463378906,0.16613916559495293,303.7432556152344,-7547.735412597656
2026-03-17,SLB,1020.0,45.889400482177734,46807.18849182129,0.19521201336662589,51.00259017944336,-5215.4534912109375
2026-03-18,MU,108.0,461.5361328125,49845.90234375,0.21143042223531516,434.1273422241211,2960.149383544922
2026-03-18,ADI,153.0,307.7470397949219,47085.29708862305,0.19972081508062178,315.0080871582031,-1110.9402465820312
2026-03-18,AMAT,120.0,349.0361022949219,41884.332275390625,0.17765998089390497,371.7178955078125,-2721.815185546875
2026-03-18,RGLD,156.0,242.084228515625,37765.1396484375,0.1601876793518606,303.7432556152344,-9618.808227539062
2026-03-18,SLB,1020.0,45.08362579345703,45985.29830932617,0.1950549710407008,51.00259017944336,-6037.343673706055
2026-03-19,MU,108.0,444.08343505859375,47961.010986328125,0.20417628700643675,434.1273422241211,1075.2580261230469
2026-03-19,ADI,153.0,309.5920104980469,47367.57760620117,0.2016499636106572,315.0080871582031,-828.6597290039062
2026-03-19,AMAT,120.0,356.7664794921875,42811.9775390625,0.18225617920815998,371.7178955078125,-1794.169921875
2026-03-19,RGLD,156.0,224.66558837890625,35047.831787109375,0.1492031968208103,303.7432556152344,-12336.116088867188
2026-03-19,SLB,1020.0,47.57058334350586,48521.99501037598,0.20656446925581992,51.00259017944336,-3500.64697265625
2026-03-20,MU,108.0,422.722412109375,45654.0205078125,0.19877397110649112,434.1273422241211,-1231.7324523925781
2026-03-20,ADI,153.0,308.5847473144531,47213.46633911133,0.20556367411982565,315.0080871582031,-982.77099609375
2026-03-20,AMAT,120.0,356.6166687011719,42794.000244140625,0.18632167054387563,371.7178955078125,-1812.147216796875
2026-03-20,RGLD,156.0,214.82330322265625,33512.435302734375,0.14591047562687168,303.7432556152344,-13871.512573242188
2026-03-20,SLB,1020.0,46.38679122924805,47314.52705383301,0.2060036844270154,51.00259017944336,-4708.114929199219
2026-03-23,MU,108.0,404.1802062988281,43651.46228027344,0.18774004590549065,434.1273422241211,-3234.2906799316406
2026-03-23,ADI,153.0,311.33721923828125,47634.59454345703,0.2048710512573014,315.0080871582031,-561.6427917480469
2026-03-23,AMAT,120.0,361.3407897949219,43360.894775390625,0.18649034763982694,371.7178955078125,-1245.252685546875
2026-03-23,RGLD,156.0,222.43959045410156,34700.576110839844,0.1492432878918721,303.7432556152344,-12683.371765136719
2026-03-23,SLB,1020.0,48.993125915527344,49972.98843383789,0.2149282212441042,51.00259017944336,-2049.653549194336
2026-03-24,MU,108.0,395.3639221191406,42699.30358886719,0.18056467890517666,434.1273422241211,-4186.449371337891
2026-03-24,ADI,153.0,320.95086669921875,49105.48260498047,0.2076548082475944,315.0080871582031,909.2452697753906
2026-03-24,AMAT,120.0,373.525634765625,44823.076171875,0.18954558215855913,371.7178955078125,216.9287109375
2026-03-24,RGLD,156.0,226.971435546875,35407.5439453125,0.1497296505082391,303.7432556152344,-11976.403930664062
2026-03-24,SLB,1020.0,50.246551513671875,51251.48254394531,0.2167297054318835,51.00259017944336,-771.1594390869141
2026-03-25,MU,108.0,381.9295654296875,41248.39306640625,0.17421096755861984,434.1273422241211,-5637.359893798828
2026-03-25,ADI,153.0,321.15032958984375,49136.000427246094,0.20752396736062934,315.0080871582031,939.7630920410156
2026-03-25,AMAT,120.0,368.88140869140625,44265.76904296875,0.18695473644966057,371.7178955078125,-340.37841796875
2026-03-25,RGLD,156.0,232.5713653564453,36281.13299560547,0.15323193980216,303.7432556152344,-11102.814880371094
2026-03-25,SLB,1020.0,51.61935806274414,52651.74522399902,0.22237257738394517,51.00259017944336,629.1032409667969
2026-03-26,MU,108.0,355.31072998046875,38373.558837890625,0.167598020363693,434.1273422241211,-8512.194122314453
2026-03-26,ADI,153.0,312.5638732910156,47822.27261352539,0.20886564765021629,315.0080871582031,-373.9647216796875
2026-03-26,AMAT,120.0,338.129638671875,40575.556640625,0.17721533196469774,371.7178955078125,-4030.5908203125
2026-03-26,RGLD,156.0,230.27548217773438,35922.97521972656,0.15689500048286692,303.7432556152344,-11460.97265625
2026-03-26,SLB,1020.0,52.037166595458984,53077.909927368164,0.23181984935120256,51.00259017944336,1055.2679443359375
2026-03-27,MU,108.0,357.07000732421875,38563.560791015625,0.167414204755354,434.1273422241211,-8322.192169189453
2026-03-27,ADI,153.0,306.6001892089844,46909.82894897461,0.20364747309672487,315.0080871582031,-1286.4083862304688
2026-03-27,AMAT,120.0,336.7513732910156,40410.164794921875,0.175430781401047,371.7178955078125,-4195.982666015625
2026-03-27,RGLD,156.0,237.11317443847656,36989.655212402344,0.1605814811842219,303.7432556152344,-10394.292663574219
2026-03-27,SLB,1020.0,53.2209587097168,54285.37788391113,0.23566660292418282,51.00259017944336,2262.7359008789062
2026-03-30,MU,108.0,321.79998779296875,34754.398681640625,0.15628103116603348,434.1273422241211,-12131.354278564453
2026-03-30,ADI,153.0,302.2720642089844,46247.62582397461,0.20796293208691594,315.0080871582031,-1948.6115112304688
2026-03-30,AMAT,120.0,322.71881103515625,38726.25732421875,0.1741413938209551,371.7178955078125,-5879.89013671875
2026-03-30,RGLD,156.0,238.3309783935547,37179.63262939453,0.16718664531996416,303.7432556152344,-10204.315246582031
2026-03-30,SLB,1020.0,51.261234283447266,52286.45896911621,0.2351179140967442,51.00259017944336,263.8169860839844
2026-03-31,MU,108.0,337.8399963378906,36486.71960449219,0.15798113940264283,434.1273422241211,-10399.03335571289
2026-03-31,ADI,153.0,317.2709655761719,48542.4577331543,0.21018038522553767,315.0080871582031,346.22039794921875
2026-03-31,AMAT,120.0,341.3656311035156,40963.875732421875,0.17736644545484198,371.7178955078125,-3642.271728515625
2026-03-31,RGLD,156.0,254.03273010253906,39629.105895996094,0.17158712459825112,303.7432556152344,-7754.841979980469
2026-03-31,SLB,1020.0,51.12196350097656,52144.402770996094,0.22577617973137984,51.00259017944336,121.76078796386719
2026-04-01,TRGP,165.0,243.5667266845703,40188.5099029541,0.1709801768125547,243.5667266845703,0.0
2026-04-01,AM,1856.0,22.31789779663086,41422.018310546875,0.17622808190132938,22.31789779663086,0.0
2026-04-01,EIX,584.0,72.7021255493164,42458.04132080078,0.18063579440181368,72.7021255493164,0.0
2026-04-01,SU,716.0,64.51195526123047,46190.559967041016,0.19651562422460098,64.51195526123047,0.0
2026-04-01,PR,2615.0,20.425609588623047,53412.96907424927,0.22724303335584375,20.425609588623047,0.0
2026-04-02,TRGP,165.0,243.16873168945312,40122.840728759766,0.1689618058448828,243.5667266845703,-65.66917419433594
2026-04-02,AM,1856.0,22.515838623046875,41789.396484375,0.1759798600228886,22.31789779663086,367.378173828125
2026-04-02,EIX,584.0,72.58354949951172,42388.792907714844,0.17850398593882533,72.7021255493164,-69.2484130859375
2026-04-02,SU,716.0,65.46562957763672,46873.39077758789,0.19738913317215,64.51195526123047,682.830810546875
2026-04-02,PR,2615.0,21.000699996948242,54916.83049201965,0.23126096464445883,20.425609588623047,1503.8614177703857
2026-04-06,TRGP,165.0,244.4224395751953,40329.70252990723,0.16982954774789674,243.5667266845703,141.192626953125
2026-04-06,AM,1856.0,22.36738395690918,41513.86462402344,0.17481608869138188,22.31789779663086,91.8463134765625
2026-04-06,EIX,584.0,72.71199798583984,42463.80682373047,0.1788163228622948,72.7021255493164,5.7655029296875
2026-04-06,SU,716.0,65.64443969726562,47001.41882324219,0.19792433867671932,64.51195526123047,810.8588562011719
2026-04-06,PR,2615.0,20.951120376586914,54787.17978477478,0.23071040403363013,20.425609588623047,1374.2107105255127
2026-04-07,TRGP,165.0,249.72579956054688,41204.756927490234,0.1717923982341834,243.5667266845703,1016.2470245361328
2026-04-07,AM,1856.0,22.57522201538086,41899.612060546875,0.1746894139827096,22.31789779663086,477.59375
2026-04-07,EIX,584.0,72.61000061035156,42404.24035644531,0.17679332895839495,72.7021255493164,-53.80096435546875
2026-04-07,SU,716.0,66.34976196289062,47506.42956542969,0.1980655651227398,64.51195526123047,1315.8695983886719
2026-04-07,PR,2615.0,21.208919525146484,55461.32455825806,0.231231407865701,20.425609588623047,2048.355484008789
2026-04-08,TRGP,165.0,242.7806854248047,40058.81309509277,0.1702129662690922,243.5667266845703,-129.69680786132812
2026-04-08,AM,1856.0,22.238719940185547,41275.064208984375,0.1753809104448755,22.31789779663086,-146.9541015625
2026-04-08,EIX,584.0,74.3499984741211,43420.39910888672,0.18449660281664265,72.7021255493164,962.3577880859375
2026-04-08,SU,716.0,64.11459350585938,45906.04895019531,0.1950583194504104,64.51195526123047,-284.5110168457031
2026-04-08,PR,2615.0,20.38594627380371,53309.249505996704,0.22651508586774372,20.425609588623047,-103.71956825256348
2026-04-09,TRGP,165.0,243.5269317626953,40181.94374084473,0.1713043950388616,243.5667266845703,-6.566162109375
2026-04-09,AM,1856.0,21.98139762878418,40797.47399902344,0.17392853485612575,22.31789779663086,-624.5443115234375
2026-04-09,EIX,584.0,75.81999969482422,44278.879821777344,0.18877052762277757,72.7021255493164,1820.8385009765625
2026-04-09,SU,716.0,62.972171783447266,45088.07499694824,0.19222030324451067,64.51195526123047,-1102.4849700927734
2026-04-09,PR,2615.0,20.207469940185547,52842.533893585205,0.2252792537698888,20.425609588623047,-570.4351806640625
2026-04-10,TRGP,165.0,241.87522888183594,39909.41276550293,0.16956122058694267,243.5667266845703,-279.0971374511719
2026-04-10,AM,1856.0,21.803251266479492,40466.83435058594,0.17192951111788937,22.31789779663086,-955.1839599609375
2026-04-10,EIX,584.0,75.72000122070312,44220.480712890625,0.18787744958002273,72.7021255493164,1762.4393920898438
2026-04-10,SU,716.0,64.00531768798828,45827.80746459961,0.19470642217110531,64.51195526123047,-362.75250244140625
2026-04-10,PR,2615.0,20.4851016998291,53568.5409450531,0.22759410771275868,20.425609588623047,155.571870803833
2026-04-13,TRGP,165.0,239.30812072753906,39485.839920043945,0.16997923146280666,243.5667266845703,-702.6699829101562
2026-04-13,AM,1856.0,21.407365798950195,39732.07092285156,0.17103921034901767,22.31789779663086,-1689.9473876953125
2026-04-13,EIX,584.0,72.38999938964844,42275.75964355469,0.18198931941852853,72.7021255493164,-182.28167724609375
2026-04-13,SU,716.0,64.41261291503906,46119.43084716797,0.19853561243164117,64.51195526123047,-71.12911987304688
2026-04-13,PR,2615.0,20.38594627380371,53309.249505996704,0.22948645081976618,20.425609588623047,-103.71956825256348
2026-04-14,TRGP,165.0,238.0842742919922,39283.90525817871,0.1715080767652541,243.5667266845703,-904.6046447753906
2026-04-14,AM,1856.0,21.031278610229492,39034.05310058594,0.17041725693095403,22.31789779663086,-2387.9652099609375
2026-04-14,EIX,584.0,72.37000274658203,42264.081604003906,0.1845191129678569,72.7021255493164,-193.959716796875
2026-04-14,SU,716.0,63.14105224609375,45208.993408203125,0.1973761890773241,64.51195526123047,-981.5665588378906
2026-04-14,PR,2615.0,19.84060287475586,51883.17651748657,0.22651474598833873,20.425609588623047,-1529.7925567626953
2026-04-15,TRGP,165.0,237.55691528320312,39196.891021728516,0.17178559206779942,243.5667266845703,-991.6188812255859
2026-04-15,AM,1856.0,21.041175842285156,39052.42236328125,0.17115243894315882,22.31789779663086,-2369.595947265625
2026-04-15,EIX,584.0,71.3499984741211,41668.39910888672,0.1826173052212092,72.7021255493164,-789.6422119140625
2026-04-15,SU,716.0,62.5549430847168,44789.33924865723,0.19629524078557412,64.51195526123047,-1401.220718383789
2026-04-15,PR,2615.0,19.919925689697266,52090.60567855835,0.22829401272414515,20.425609588623047,-1322.363395690918
2026-04-16,TRGP,165.0,238.6116180419922,39370.91697692871,0.1712398035869373,243.5667266845703,-817.5929260253906
2026-04-16,AM,1856.0,21.021381378173828,39015.683837890625,0.16969475313784313,22.31789779663086,-2406.33447265625
2026-04-16,EIX,584.0,71.5999984741211,41814.39910888672,0.18186748087954072,72.7021255493164,-643.6422119140625
2026-04-16,SU,716.0,63.39933776855469,45393.925842285156,0.19743626875208461,64.51195526123047,-796.6341247558594
2026-04-16,PR,2615.0,20.247133255004883,52946.25346183777,0.23028435047073592,20.425609588623047,-466.715612411499
2026-04-17,TRGP,165.0,234.3231658935547,38663.32237243652,0.17235801842397774,243.5667266845703,-1525.1875305175781
2026-04-17,AM,1856.0,21.07086753845215,39107.53015136719,0.17433826139967162,22.31789779663086,-2314.4881591796875
2026-04-17,EIX,584.0,70.75,41318.0,0.18419236031094147,72.7021255493164,-1140.0413208007812
2026-04-17,SU,716.0,60.75687026977539,43501.91911315918,0.19392809815355164,64.51195526123047,-2688.640853881836
2026-04-17,PR,2615.0,19.255598068237305,50353.38894844055,0.22447140616845299,20.425609588623047,-3059.580125808716
2026-04-20,TRGP,165.0,230.35308837890625,38008.25958251953,0.16995688096301537,243.5667266845703,-2180.2503204345703
2026-04-20,AM,1856.0,20.66508674621582,38354.40100097656,0.17150467916528103,22.31789779663086,-3067.6173095703125
2026-04-20,EIX,584.0,70.58000183105469,41218.72106933594,0.18431270853166698,72.7021255493164,-1239.3202514648438
2026-04-20,SU,716.0,61.25357437133789,43857.55924987793,0.19611247814640886,64.51195526123047,-2333.000717163086
2026-04-20,PR,2615.0,19.43407440185547,50820.10456085205,0.2272460395779104,20.425609588623047,-2592.864513397217
2026-04-21,TRGP,165.0,231.48739624023438,38195.42037963867,0.17031275926043102,243.5667266845703,-1993.0895233154297
2026-04-21,AM,1856.0,20.39786720275879,37858.44152832031,0.1688101760342222,22.31789779663086,-3563.5767822265625
2026-04-21,EIX,584.0,69.7300033569336,40722.32196044922,0.18158017237775878,72.7021255493164,-1735.7193603515625
2026-04-21,SU,716.0,62.1377067565918,44490.59803771973,0.19838285421752036,64.51195526123047,-1699.961929321289
2026-04-21,PR,2615.0,19.7414493560791,51623.89006614685,0.23019008754278827,20.425609588623047,-1789.079008102417
2026-04-22,TRGP,165.0,235.54701232910156,38865.25703430176,0.1707777208460602,243.5667266845703,-1323.2528686523438
2026-04-22,AM,1856.0,21.021381378173828,39015.683837890625,0.17143871085696868,22.31789779663086,-2406.33447265625
2026-04-22,EIX,584.0,69.37999725341797,40517.918395996094,0.17803967566682483,72.7021255493164,-1940.1229248046875
2026-04-22,SU,716.0,63.01190948486328,45116.52719116211,0.1982464101394149,64.51195526123047,-1074.0327758789062
2026-04-22,PR,2615.0,20.147979736328125,52686.96701049805,0.2315116592797305,20.425609588623047,-726.0020637512207
2026-04-23,TRGP,165.0,238.71112060546875,39387.334899902344,0.17041808252144205,243.5667266845703,-801.1750030517578
2026-04-23,AM,1856.0,21.159940719604492,39272.84997558594,0.16992273798165033,22.31789779663086,-2149.1683349609375
2026-04-23,EIX,584.0,70.33999633789062,41078.557861328125,0.1777355355792556,72.7021255493164,-1379.4834594726562
2026-04-23,SU,716.0,64.13446044921875,45920.273681640625,0.19868429812712307,64.51195526123047,-270.2862854003906
2026-04-23,PR,2615.0,20.683408737182617,54087.113847732544,0.2340199522124146,20.425609588623047,674.1447734832764
2026-04-24,TRGP,165.0,239.4872283935547,39515.39268493652,0.1725296082481543,243.5667266845703,-673.1172180175781
2026-04-24,AM,1856.0,21.150043487548828,39254.480712890625,0.1713904308981215,22.31789779663086,-2167.53759765625
2026-04-24,EIX,584.0,68.86000061035156,40214.24035644531,0.1755808727503671,72.7021255493164,-2243.8009643554688
2026-04-24,SU,716.0,63.57815170288086,45521.956619262695,0.19875508779151801,64.51195526123047,-668.6033477783203
2026-04-24,PR,2615.0,20.32645606994629,53153.682622909546,0.23207624717274256,20.425609588623047,-259.2864513397217
2026-04-27,TRGP,165.0,240.08421325683594,39613.89518737793,0.17221808770578473,243.5667266845703,-574.6147155761719
2026-04-27,AM,1856.0,21.357881546020508,39640.22814941406,0.17233256805022046,22.31789779663086,-1781.7901611328125
2026-04-27,EIX,584.0,68.56999969482422,40044.879821777344,0.1740917572658156,72.7021255493164,-2413.1614990234375
2026-04-27,SU,716.0,64.04505157470703,45856.256927490234,0.19935623194948524,64.51195526123047,-334.30303955078125
2026-04-27,PR,2615.0,20.455354690551758,53490.75251579285,0.23254656136790247,20.425609588623047,77.7834415435791
2026-04-28,TRGP,165.0,247.12884521484375,40776.25946044922,0.1753300360983713,243.5667266845703,587.7495574951172
2026-04-28,AM,1856.0,21.635000228881836,40154.56042480469,0.1726568503818736,22.31789779663086,-1267.4578857421875
2026-04-28,EIX,584.0,67.94000244140625,39676.96142578125,0.17060326697703612,72.7021255493164,-2781.0798950195312
2026-04-28,SU,716.0,64.76030731201172,46368.38003540039,0.19937507395241072,64.51195526123047,177.820068359375
2026-04-28,PR,2615.0,20.73298454284668,54216.75457954407,0.23312156787672345,20.425609588623047,803.7855052947998
2026-04-29,TRGP,165.0,248.88999938964844,41066.84989929199,0.17359293282414323,243.5667266845703,878.3399963378906
2026-04-29,AM,1856.0,21.8799991607666,40609.27844238281,0.17165874085723393,22.31789779663086,-812.7398681640625
2026-04-29,EIX,584.0,67.94000244140625,39676.96142578125,0.16771776058651414,72.7021255493164,-2781.0798950195312
2026-04-29,SU,716.0,66.62791442871094,47705.58673095703,0.20165541630370185,64.51195526123047,1515.0267639160156
2026-04-29,PR,2615.0,21.466720581054688,56135.47431945801,0.23728924050629688,20.425609588623047,2722.5052452087402
2026-04-30,TRGP,165.0,260.0799865722656,42913.19778442383,0.17865971860132634,243.5667266845703,2724.6878814697266
2026-04-30,AM,1856.0,21.860000610351562,40572.1611328125,0.168913324228356,22.31789779663086,-849.857177734375
2026-04-30,EIX,584.0,69.48999786376953,40582.158752441406,0.16895494713230635,72.7021255493164,-1875.882568359375
2026-04-30,SU,716.0,68.00875091552734,48694.26565551758,0.2027279310019335,64.51195526123047,2503.7056884765625
2026-04-30,PR,2615.0,21.436975479125977,56057.69087791443,0.2333839423480009,20.425609588623047,2644.721803665161
2026-05-01,TRGP,160.0,254.27999877929688,40684.7998046875,0.17018489945707677,243.5667266845703,1714.12353515625
2026-05-01,PR,2115.0,21.91291046142578,46345.80562591553,0.19386493994238396,20.425609588623047,3145.641345977783
2026-05-01,AMAT,112.0,388.5968933105469,43522.85205078125,0.18205649864090137,388.5968933105469,0.0
2026-05-01,SLB,846.0,56.62311935424805,47903.15897369385,0.20037936361370945,56.62311935424805,0.0
2026-05-01,ADI,123.0,396.6036682128906,48782.25119018555,0.20405661460659505,396.6036682128906,0.0
2026-05-04,TRGP,160.0,258.9800109863281,41436.8017578125,0.17280845828873292,243.5667266845703,2466.12548828125
2026-05-04,PR,2115.0,22.329355239868164,47226.58633232117,0.19695423459629002,20.425609588623047,4026.422052383423
2026-05-04,AMAT,112.0,390.89404296875,43780.1328125,0.1825811098844683,388.5968933105469,257.28076171875
2026-05-04,SLB,846.0,55.33985137939453,46817.51426696777,0.19524823630627047,56.62311935424805,-1085.6447067260742
2026-05-04,ADI,123.0,395.93548583984375,48700.06475830078,0.20309924396751253,396.6036682128906,-82.18643188476562
2026-05-05,TRGP,160.0,259.7200012207031,41555.2001953125,0.17093245383996838,243.5667266845703,2584.52392578125
2026-05-05,PR,2115.0,22.220285415649414,46995.90365409851,0.1933121509285364,20.425609588623047,3795.7393741607666
2026-05-05,AMAT,112.0,410.3099365234375,45954.712890625,0.1890293345474445,388.5968933105469,2431.86083984375
2026-05-05,SLB,846.0,55.70792007446289,47128.900382995605,0.19385921741158113,56.62311935424805,-774.2585906982422
2026-05-05,ADI,123.0,403.664306640625,49650.709716796875,0.2042323850420384,396.6036682128906,868.4585266113281
2026-05-06,TRGP,160.0,249.5,39920.0,0.165249912380961,243.5667266845703,949.32373046875
2026-05-06,PR,2115.0,21.03044319152832,44479.3873500824,0.18412361879659173,20.425609588623047,1279.2230701446533
2026-05-06,AMAT,112.0,428.0877990722656,47945.83349609375,0.19847306573801696,388.5968933105469,4422.9814453125
2026-05-06,SLB,846.0,54.8723030090332,46421.96834564209,0.19216498501175103,56.62311935424805,-1481.1906280517578
2026-05-06,ADI,123.0,414.4946594238281,50982.84310913086,0.21104484861513417,396.6036682128906,2200.5919189453125
2026-05-07,TRGP,160.0,252.44000244140625,40390.400390625,0.1718938241809421,243.5667266845703,1419.72412109375
2026-05-07,PR,2115.0,19.910011291503906,42109.67388153076,0.17921072355075635,20.425609588623047,-1090.4903984069824
2026-05-07,AMAT,112.0,410.1301574707031,45934.57763671875,0.19548878287288962,388.5968933105469,2411.7255859375
2026-05-07,SLB,846.0,52.723567962646484,44604.138496398926,0.18982668818064038,56.62311935424805,-3299.020477294922
2026-05-07,ADI,123.0,407.404052734375,50110.698486328125,0.2132615550201977,396.6036682128906,1328.4472961425781
2026-05-08,TRGP,160.0,248.1199951171875,39699.19921875,0.16714784125833368,243.5667266845703,728.52294921875
2026-05-08,PR,2115.0,19.553058624267578,41354.71899032593,0.1741181721825079,20.425609588623047,-1845.4452896118164
2026-05-08,AMAT,112.0,434.89935302734375,48708.7275390625,0.2050811809511103,388.5968933105469,5185.87548828125
2026-05-08,SLB,846.0,52.99216079711914,44831.36803436279,0.18875610931876002,56.62311935424805,-3071.7909393310547
2026-05-08,ADI,123.0,415.3822021484375,51092.01086425781,0.2151156569796654,396.6036682128906,2309.7596740722656
2026-05-11,TRGP,160.0,253.17999267578125,40508.798828125,0.16718817022432605,243.5667266845703,1538.12255859375
2026-05-11,PR,2115.0,19.97941780090332,42256.46864891052,0.17440116414036738,20.425609588623047,-943.6956310272217
2026-05-11,AMAT,112.0,443.0691833496094,49623.74853515625,0.20480744819085192,388.5968933105469,6100.896484375
2026-05-11,SLB,846.0,54.64350128173828,46228.402084350586,0.19079415288687626,56.62311935424805,-1674.7568893432617
2026-05-11,ADI,123.0,421.5752868652344,51853.76028442383,0.21401116675877796,396.6036682128906,3071.5090942382812
2026-05-12,TRGP,160.0,255.16000366210938,40825.6005859375,0.16906145002904835,243.5667266845703,1854.92431640625
2026-05-12,PR,2115.0,19.999248504638672,42298.41058731079,0.17516045141239164,20.425609588623047,-901.7536926269531
2026-05-12,AMAT,112.0,430.66461181640625,48234.4365234375,0.19974191837842317,388.5968933105469,4711.58447265625
2026-05-12,SLB,846.0,55.349796295166016,46825.92766571045,0.19390919218582636,56.62311935424805,-1077.2313079833984
2026-05-12,ADI,123.0,418.503662109375,51475.950439453125,0.21316523695955156,396.6036682128906,2693.699249267578
2026-05-13,TRGP,160.0,263.2900085449219,42126.4013671875,0.1720284076182051,243.5667266845703,3155.72509765625
2026-05-13,PR,2115.0,20.06865692138672,42445.20938873291,0.17333029988771867,20.425609588623047,-754.954891204834
2026-05-13,AMAT,112.0,436.06787109375,48839.6015625,0.1994425968710607,388.5968933105469,5316.74951171875
2026-05-13,SLB,846.0,55.091156005859375,46607.11798095703,0.1903259720680277,56.62311935424805,-1296.0409927368164
2026-05-13,ADI,123.0,431.2088928222656,53038.69381713867,0.21659011316876378,396.6036682128906,4256.442626953125
2026-05-14,TRGP,160.0,267.4800109863281,42796.8017578125,0.17430139388621735,243.5667266845703,3826.12548828125
2026-05-14,PR,2115.0,20.028995513916016,42361.32551193237,0.17252780068430507,20.425609588623047,-838.8387680053711
2026-05-14,AMAT,112.0,440.01300048828125,49281.4560546875,0.20071187869795282,388.5968933105469,5758.60400390625
2026-05-14,SLB,846.0,55.459224700927734,46918.50409698486,0.19108812638476624,56.62311935424805,-984.6548767089844
2026-05-14,ADI,123.0,425.6241760253906,52351.77365112305,0.21321656630897046,396.6036682128906,3569.5224609375
2026-05-15,TRGP,160.0,271.989990234375,43518.3984375,0.17711704966125513,243.5667266845703,4547.72216796875
2026-05-15,PR,2115.0,20.663578033447266,43703.46754074097,0.17787026886799068,20.425609588623047,503.30326080322266
2026-05-15,AMAT,112.0,436.077880859375,48840.72265625,0.19877856287892307,388.5968933105469,5317.87060546875
2026-05-15,SLB,846.0,55.091156005859375,46607.11798095703,0.18968793720331045,56.62311935424805,-1296.0409927368164
2026-05-15,ADI,123.0,416.3495788574219,51210.99819946289,0.20842543009305148,396.6036682128906,2428.7470092773438
2026-05-18,TRGP,160.0,274.70001220703125,43952.001953125,0.17913967241894047,243.5667266845703,4981.32568359375
2026-05-18,PR,2115.0,20.742900848388672,43871.23529434204,0.17881048348205925,20.425609588623047,671.0710144042969
2026-05-18,AMAT,112.0,413.0565185546875,46262.330078125,0.1885561131975462,388.5968933105469,2739.47802734375
2026-05-18,SLB,846.0,56.851924896240234,48096.72846221924,0.19603275842437667,56.62311935424805,193.56948852539062
2026-05-18,ADI,123.0,417.43658447265625,51344.69989013672,0.20927084797132728,396.6036682128906,2562.448699951172
2026-05-19,TRGP,160.0,276.20001220703125,44192.001953125,0.18064758425984107,243.5667266845703,5221.32568359375
2026-05-19,PR,2115.0,21.040359497070312,44500.36033630371,0.18190808830006513,20.425609588623047,1300.1960563659668
2026-05-19,AMAT,112.0,406.40478515625,45517.3359375,0.18606527008608556,388.5968933105469,1994.48388671875
2026-05-19,SLB,846.0,56.47390365600586,47776.92249298096,0.19530198339693808,56.62311935424805,-126.23648071289062
2026-05-19,ADI,123.0,413.1782531738281,50820.92514038086,0.20774522426474554,396.6036682128906,2038.6739501953125
2026-05-20,TRGP,160.0,270.69000244140625,43310.400390625,0.17770369003671613,243.5667266845703,4339.72412109375
2026-05-20,PR,2115.0,20.713153839111328,43808.32036972046,0.17974666855527585,20.425609588623047,608.1560897827148
2026-05-20,AMAT,112.0,426.32000732421875,47747.8408203125,0.19591062258782385,388.5968933105469,4224.98876953125
2026-05-20,SLB,846.0,56.98124313354492,48206.131690979004,0.19779100185222812,56.62311935424805,302.97271728515625
2026-05-20,ADI,123.0,396.9626770019531,48826.409271240234,0.20033601676470456,396.6036682128906,44.1580810546875
2026-05-21,TRGP,160.0,270.239990234375,43238.3984375,0.17935330429426033,243.5667266845703,4267.72216796875
2026-05-21,PR,2115.0,20.257047653198242,42843.65578651428,0.17771590787444375,20.425609588623047,-356.5084934234619
2026-05-21,AMAT,112.0,427.3599853515625,47864.318359375,0.19854166587495578,388.5968933105469,4341.46630859375
2026-05-21,SLB,846.0,56.95140075683594,48180.8850402832,0.19985478759782493,56.62311935424805,277.72606658935547
2026-05-21,ADI,123.0,383.16046142578125,47128.736755371094,0.1954904661075344,396.6036682128906,-1653.5144348144531
2026-05-22,TRGP,160.0,276.75,44280.0,0.181265655327238,243.5667266845703,5309.32373046875
2026-05-22,PR,2115.0,20.266963958740234,42864.628772735596,0.17547165819441507,20.425609588623047,-335.53550720214844
2026-05-22,AMAT,112.0,432.1600036621094,48401.92041015625,0.1981392462114677,388.5968933105469,4879.068359375
2026-05-22,SLB,846.0,56.98124313354492,48206.131690979004,0.1973377608797752,56.62311935424805,302.97271728515625
2026-05-22,ADI,123.0,395.9853515625,48706.1982421875,0.1993848451415647,396.6036682128906,-76.05294799804688
2026-05-26,TRGP,160.0,269.8900146484375,43182.40234375,0.17452632334103432,243.5667266845703,4211.72607421875
2026-05-26,PR,2115.0,19.46381950378418,41165.97825050354,0.16637672850170232,20.425609588623047,-2034.186029434204
2026-05-26,AMAT,112.0,454.8900146484375,50947.681640625,0.20591053477539417,388.5968933105469,7424.82958984375
2026-05-26,SLB,846.0,57.67759323120117,48795.24387359619,0.19721122604519578,56.62311935424805,892.0848999023438
2026-05-26,ADI,123.0,418.7928771972656,51511.52389526367,0.2081893638887691,396.6036682128906,2729.272705078125
2026-05-27,TRGP,160.0,263.6499938964844,42183.9990234375,0.17328707805129479,243.5667266845703,3213.32275390625
2026-05-27,PR,2115.0,19.16636085510254,40536.85320854187,0.1665207900749202,20.425609588623047,-2663.311071395874
2026-05-27,AMAT,112.0,448.25,50204.0,0.20623233140256886,388.5968933105469,6681.14794921875
2026-05-27,SLB,846.0,56.2053108215332,47549.69295501709,0.1953287394548139,56.62311935424805,-353.4660186767578
2026-05-27,ADI,123.0,415.7412414550781,51136.17269897461,0.21006159100298633,396.6036682128906,2353.9215087890625
2026-05-28,TRGP,160.0,262.1300048828125,41940.80078125,0.17300165047985824,243.5667266845703,2970.12451171875
2026-05-28,PR,2115.0,19.156444549560547,40515.88022232056,0.167123994261914,20.425609588623047,-2684.2840576171875
2026-05-28,AMAT,112.0,449.67999267578125,50364.1591796875,0.20774716983972086,388.5968933105469,6841.30712890625
2026-05-28,SLB,846.0,54.8325080871582,46388.30184173584,0.1913471519877586,56.62311935424805,-1514.8571319580078
2026-05-28,ADI,123.0,417.8654479980469,51397.450103759766,0.2120093925908486,396.6036682128906,2615.1989135742188
2026-05-29,TRGP,160.0,255.07000732421875,40811.201171875,0.17001718116441558,243.5667266845703,1840.52490234375
2026-05-29,PR,2115.0,19.06720542907715,40327.13948249817,0.16800060724415936,20.425609588623047,-2873.024797439575
2026-05-29,AMAT,112.0,450.05999755859375,50406.7197265625,0.20999157470427288,388.5968933105469,6883.86767578125
2026-05-29,SLB,846.0,54.26548385620117,45908.59934234619,0.19125265680176118,56.62311935424805,-1994.5596313476562
2026-05-29,ADI,123.0,412.7195129394531,50764.500091552734,0.21148206769112315,396.6036682128906,1982.2489013671875
2026-06-01,TRGP,160.0,259.0799865722656,41452.7978515625,0.17177974014318523,243.5667266845703,2482.12158203125
2026-06-01,PR,2115.0,19.503482818603516,41249.866161346436,0.17093879442133164,20.425609588623047,-1950.2981185913086
2026-06-01,AMAT,112.0,458.1700134277344,51315.04150390625,0.21264872220550288,388.5968933105469,7792.189453125
2026-06-01,SLB,846.0,54.464439392089844,46076.91572570801,0.19094201164188052,56.62311935424805,-1826.2432479858398
2026-06-01,ADI,123.0,401.5899963378906,49395.56954956055,0.20469446071728326,396.6036682128906,613.318359375
2026-06-02,TRGP,160.0,263.29998779296875,42127.998046875,0.16861614562674324,243.5667266845703,3157.32177734375
2026-06-02,PR,2115.0,19.553058624267578,41354.71899032593,0.16552111761558283,20.425609588623047,-1845.4452896118164
2026-06-02,AMAT,112.0,490.04998779296875,54885.5986328125,0.219678088704426,388.5968933105469,11362.74658203125
2026-06-02,SLB,846.0,56.26499938964844,47600.18948364258,0.19051844032331888,56.62311935424805,-302.96949005126953
2026-06-02,ADI,123.0,423.20001220703125,52053.601501464844,0.20834309860633238,396.6036682128906,3271.350311279297
2026-06-03,TRGP,160.0,262.69000244140625,42030.400390625,0.1653516293759276,243.5667266845703,3059.72412109375
2026-06-03,PR,2115.0,20.009164810180664,42319.383573532104,0.1664885169551996,20.425609588623047,-880.7807064056396
2026-06-03,AMAT,112.0,500.7699890136719,56086.23876953125,0.22064864669188097,388.5968933105469,12563.38671875
2026-06-03,SLB,846.0,56.849998474121094,48095.098709106445,0.18921073467386412,56.62311935424805,191.93973541259766
2026-06-03,ADI,123.0,437.6700134277344,53833.41165161133,0.2117858085749873,396.6036682128906,5051.160461425781
2026-06-04,TRGP,160.0,267.3699951171875,42779.19921875,0.16783761807705377,243.5667266845703,3808.52294921875
2026-06-04,PR,2115.0,19.989334106445312,42277.441635131836,0.16586904925798948,20.425609588623047,-922.7226448059082
2026-06-04,AMAT,112.0,501.70001220703125,56190.4013671875,0.22045441000515165,388.5968933105469,12667.54931640625
2026-06-04,SLB,846.0,58.0099983215332,49076.45858001709,0.19254394804372724,56.62311935424805,1173.2996063232422
2026-06-04,ADI,123.0,428.760009765625,52737.481201171875,0.20690740803555233,396.6036682128906,3955.230010986328
2026-06-05,TRGP,160.0,264.0899963378906,42254.3994140625,0.17546976219156238,243.5667266845703,3283.72314453125
2026-06-05,PR,2115.0,19.007715225219727,40201.31770133972,0.16694393375980346,20.425609588623047,-2998.8465785980225
2026-06-05,AMAT,112.0,453.010009765625,50737.12109375,0.2106959439977723,388.5968933105469,7214.26904296875
2026-06-05,SLB,846.0,54.869998931884766,46420.01909637451,0.19276832293722806,56.62311935424805,-1483.139877319336
2026-06-05,ADI,123.0,401.3900146484375,49370.97180175781,0.20502273849235314,396.6036682128906,588.7206115722656
2026-06-08,TRGP,160.0,264.1300048828125,42260.80078125,0.17053767159684952,243.5667266845703,3290.12451171875
2026-06-08,PR,2115.0,19.42416000366211,41082.09840774536,0.1657811796571051,20.425609588623047,-2118.065872192383
2026-06-08,AMAT,112.0,492.1700134277344,55123.04150390625,0.22244148183731172,388.5968933105469,11600.189453125
2026-06-08,SLB,846.0,56.54999923706055,47841.29935455322,0.19305700903124356,56.62311935424805,-61.859619140625
2026-06-08,ADI,123.0,403.8900146484375,49678.47180175781,0.20047066673947997,396.6036682128906,896.2206115722656
2026-06-09,TRGP,160.0,264.1700134277344,42267.2021484375,0.17092589700423114,243.5667266845703,3296.52587890625
2026-06-09,PR,2115.0,19.03746223449707,40264.232625961304,0.16282601471017594,20.425609588623047,-2935.9316539764404
2026-06-09,AMAT,112.0,499.2099914550781,55911.51904296875,0.22610265310976752,388.5968933105469,12388.6669921875
2026-06-09,SLB,846.0,55.849998474121094,47249.098709106445,0.19107237217010895,56.62311935424805,-654.0602645874023
2026-06-09,ADI,123.0,404.6199951171875,49768.25939941406,0.20125969895782597,396.6036682128906,986.0082092285156
2026-06-10,TRGP,160.0,272.5400085449219,43606.4013671875,0.1760235116338409,243.5667266845703,4635.72509765625
2026-06-10,PR,2115.0,19.562973022460938,41375.68794250488,0.16701891602057278,20.425609588623047,-1824.4763374328613
2026-06-10,AMAT,112.0,497.010009765625,55665.12109375,0.22470026838348195,388.5968933105469,12142.26904296875
2026-06-10,SLB,846.0,55.5099983215332,46961.45858001709,0.18956668267796875,56.62311935424805,-941.7003936767578
2026-06-10,ADI,123.0,392.6700134277344,48298.41165161133,0.1949634860640136,396.6036682128906,-483.83953857421875
2026-06-11,TRGP,160.0,269.3699951171875,43099.19921875,0.16883346837876267,243.5667266845703,4128.52294921875
2026-06-11,PR,2115.0,19.096952438354492,40390.05440711975,0.1582208741037192,20.425609588623047,-2810.109872817993
2026-06-11,AMAT,112.0,552.6400146484375,61895.681640625,0.24246535431006797,388.5968933105469,18372.82958984375
2026-06-11,SLB,846.0,56.0,47376.0,0.1855870768576253,56.62311935424805,-527.1589736938477
2026-06-11,ADI,123.0,412.1300048828125,50691.99060058594,0.19857688187388048,396.6036682128906,1909.7394104003906
2026-06-12,TRGP,160.0,272.6000061035156,43616.0009765625,0.16853022171041787,243.5667266845703,4645.32470703125
2026-06-12,PR,2115.0,19.344837188720703,40914.33065414429,0.15809109184451695,20.425609588623047,-2285.833625793457
2026-06-12,AMAT,112.0,567.25,63532.0,0.24548472592569448,388.5968933105469,20009.14794921875
2026-06-12,SLB,846.0,56.18000030517578,47528.28025817871,0.18364708891422585,56.62311935424805,-374.8787155151367
2026-06-12,ADI,123.0,417.7900085449219,51388.17105102539,0.19856152940697092,396.6036682128906,2605.9198608398438
2026-06-15,TRGP,160.0,262.3299865722656,41972.7978515625,0.16327398106926452,243.5667266845703,3002.12158203125
2026-06-15,PR,2115.0,18.739999771118164,39635.09951591492,0.15418034582602885,20.425609588623047,-3565.064764022827
2026-06-15,AMAT,112.0,585.780029296875,65607.36328125,0.2552123265232461,388.5968933105469,22084.51123046875
2026-06-15,SLB,846.0,53.709999084472656,45438.65922546387,0.17675616508645414,56.62311935424805,-2464.4997482299805
2026-06-15,ADI,123.0,427.5799865722656,52592.33834838867,0.20458394234883018,396.6036682128906,3810.087158203125
2026-06-16,TRGP,160.0,259.67999267578125,41548.798828125,0.16450650575744008,243.5667266845703,2578.12255859375
2026-06-16,PR,2115.0,18.670000076293945,39487.050161361694,0.15634330781946015,20.425609588623047,-3713.11411857605
2026-06-16,AMAT,112.0,568.22998046875,63641.7578125,0.2519804060113692,388.5968933105469,20118.90576171875
2026-06-16,SLB,846.0,53.06999969482422,44897.21974182129,0.17776409779026778,56.62311935424805,-3005.9392318725586
2026-06-16,ADI,123.0,416.0,51168.0,0.2025923522221967,396.6036682128906,2385.748809814453
2026-06-17,TRGP,160.0,260.739990234375,41718.3984375,0.16505153185305954,243.5667266845703,2747.72216796875
2026-06-17,PR,2115.0,18.559999465942383,39254.39887046814,0.15530314940656753,20.425609588623047,-3945.7654094696045
2026-06-17,AMAT,112.0,592.9199829101562,66407.0380859375,0.26272780769206516,388.5968933105469,22884.18603515625
2026-06-17,SLB,846.0,50.33000183105469,42579.181549072266,0.1684570693731801,56.62311935424805,-5323.977424621582
2026-06-17,ADI,123.0,414.45001220703125,50977.351501464844,0.20168295692687777,396.6036682128906,2195.100311279297
2026-06-18,TRGP,160.0,258.5799865722656,41372.7978515625,0.1619828023922743,243.5667266845703,2402.12158203125
2026-06-18,PR,2115.0,18.43000030517578,38979.45064544678,0.1526123680084246,20.425609588623047,-4220.713634490967
2026-06-18,AMAT,112.0,617.1099853515625,69116.318359375,0.27060425014174727,388.5968933105469,25593.46630859375
2026-06-18,SLB,846.0,48.09000015258789,40684.140129089355,0.1592865692737044,56.62311935424805,-7219.018844604492
2026-06-18,ADI,123.0,434.4599914550781,53438.57894897461,0.20922275561522832,396.6036682128906,4656.3277587890625
2026-06-22,TRGP,160.0,258.4599914550781,41353.5986328125,0.1604760115518564,243.5667266845703,2382.92236328125
2026-06-22,PR,2115.0,18.639999389648438,39423.598709106445,0.15298648947176385,20.425609588623047,-3776.565570831299
2026-06-22,AMAT,112.0,631.094970703125,70682.63671875,0.2742897353942412,388.5968933105469,27159.78466796875
2026-06-22,SLB,846.0,47.755001068115234,40400.73090362549,0.15677833062995772,56.62311935424805,-7502.428070068359
2026-06-22,ADI,123.0,439.1000061035156,54009.30075073242,0.20958749559234569,396.6036682128906,5227.049560546875
