date,ticker,shares,price,market_value_usd,weight,cost_basis,unrealized_pnl_usd
2019-07-01,ACM,621.0,36.200035095214844,22480.221794128418,0.22518193389896593,36.200035095214844,0.0
2019-07-01,HD,126.0,178.43072509765625,22482.271362304688,0.22520246420021547,178.43072509765625,0.0
2019-07-01,LPX,947.0,23.74659538269043,22488.025827407837,0.225260106050565,23.74659538269043,0.0
2019-07-02,ACM,621.0,35.82633972167969,22248.156967163086,0.22329549725020958,36.200035095214844,-232.06482696533203
2019-07-02,HD,126.0,178.3119659423828,22467.307708740234,0.22549502208660152,178.43072509765625,-14.963653564453125
2019-07-02,LPX,947.0,23.80060577392578,22539.173667907715,0.2262163108257699,23.74659538269043,51.14784049987793
2019-07-03,ACM,621.0,35.893402099609375,22289.802703857422,0.22275166135206353,36.200035095214844,-190.4190902709961
2019-07-03,HD,126.0,179.97508239746094,22676.860382080078,0.2266196965253066,178.43072509765625,194.58901977539062
2019-07-03,LPX,947.0,23.989641189575195,22718.19020652771,0.22703272337805241,23.74659538269043,230.16437911987305
2019-07-05,ACM,621.0,35.730525970458984,22188.65662765503,0.22221207577002067,36.200035095214844,-291.5651664733887
2019-07-05,HD,126.0,179.43202209472656,22608.434783935547,0.22641601551433785,178.43072509765625,126.16342163085938
2019-07-05,LPX,947.0,23.94463348388672,22675.567909240723,0.22708833161608863,23.74659538269043,187.54208183288574
2019-07-08,ACM,621.0,35.40475082397461,21986.350261688232,0.2205918021540939,36.200035095214844,-493.87153244018555
2019-07-08,HD,126.0,180.66241455078125,22763.464233398438,0.22838868383105837,178.43072509765625,281.19287109375
2019-07-08,LPX,947.0,23.80060577392578,22539.173667907715,0.2261383485339821,23.74659538269043,51.14784049987793
2019-07-09,ACM,621.0,35.45264434814453,22016.092140197754,0.22151396937965318,36.200035095214844,-464.12965393066406
2019-07-09,HD,126.0,179.8902587890625,22666.172607421875,0.2280547261948952,178.43072509765625,183.9012451171875
2019-07-09,LPX,947.0,23.5755672454834,22326.06218147278,0.22463271969166876,23.74659538269043,-161.9636459350586
2019-07-10,ACM,621.0,35.26101303100586,21897.08909225464,0.22141119104174856,36.200035095214844,-583.1327018737793
2019-07-10,HD,126.0,178.82957458496094,22532.526397705078,0.22783637979808907,178.43072509765625,50.255035400390625
2019-07-10,LPX,947.0,23.323518753051758,22087.372259140015,0.22333522863586827,23.74659538269043,-400.65356826782227
2019-07-11,ACM,621.0,35.14603042602539,21825.684894561768,0.22025469359739708,36.200035095214844,-654.5368995666504
2019-07-11,HD,126.0,181.62124633789062,22884.27703857422,0.23093751475285917,178.43072509765625,402.00567626953125
2019-07-11,LPX,947.0,23.233497619628906,22002.122245788574,0.2220352175498564,23.74659538269043,-485.9035816192627
2019-07-12,ACM,621.0,35.80717849731445,22236.257846832275,0.22237566497659914,36.200035095214844,-243.96394729614258
2019-07-12,HD,126.0,185.17665100097656,23332.258026123047,0.23333631178880443,178.43072509765625,849.9866638183594
2019-07-12,LPX,947.0,23.278505325317383,22044.74454307556,0.22046041922940018,23.74659538269043,-443.2812843322754
2019-07-15,ACM,621.0,35.79758834838867,22230.302364349365,0.2216322098322166,36.200035095214844,-249.91942977905273
2019-07-15,HD,126.0,185.57542419433594,23382.503448486328,0.23311945225757733,178.43072509765625,900.2320861816406
2019-07-15,LPX,947.0,23.557559967041016,22309.00928878784,0.22241690404404035,23.74659538269043,-179.01653861999512
2019-07-16,ACM,621.0,35.79758834838867,22230.302364349365,0.221897385706571,36.200035095214844,-249.91942977905273
2019-07-16,HD,126.0,184.353515625,23228.54296875,0.23186157678198696,178.43072509765625,746.2716064453125
2019-07-16,LPX,947.0,23.593563079833984,22343.104236602783,0.22302334612517427,23.74659538269043,-144.9215908050537
2019-07-17,ACM,621.0,35.395164489746094,21980.397148132324,0.22090682206974427,36.200035095214844,-499.82464599609375
2019-07-17,HD,126.0,182.95347595214844,23052.137969970703,0.23167800411159603,178.43072509765625,569.8666076660156
2019-07-17,LPX,947.0,23.323518753051758,22087.372259140015,0.22198194057893259,23.74659538269043,-400.65356826782227
2019-07-18,ACM,621.0,34.973567962646484,21718.585704803467,0.21886411640949305,36.200035095214844,-761.6360893249512
2019-07-18,HD,126.0,181.96066284179688,22927.043518066406,0.23104207565199772,178.43072509765625,444.77215576171875
2019-07-18,LPX,947.0,23.44953727722168,22206.71180152893,0.22378309632412927,23.74659538269043,-281.31402587890625
2019-07-19,ACM,621.0,34.9831428527832,21724.53171157837,0.2192793224636234,36.200035095214844,-755.6900825500488
2019-07-19,HD,126.0,180.77272033691406,22777.362762451172,0.22990620651199212,178.43072509765625,295.0914001464844
2019-07-19,LPX,947.0,23.431535720825195,22189.66432762146,0.22397419765153379,23.74659538269043,-298.36149978637695
2019-07-22,ACM,621.0,34.51363754272461,21432.968914031982,0.21742901522754113,36.200035095214844,-1047.2528800964355
2019-07-22,HD,126.0,179.27078247070312,22588.118591308594,0.22914755304552076,178.43072509765625,105.84722900390625
2019-07-22,LPX,947.0,23.413532257080078,22172.615047454834,0.22493243349180694,23.74659538269043,-315.41077995300293
2019-07-23,ACM,621.0,34.91606521606445,21682.876499176025,0.21882846276639314,36.200035095214844,-797.3452949523926
2019-07-23,HD,126.0,180.80665588378906,22781.638641357422,0.22991741724752948,178.43072509765625,299.3672790527344
2019-07-23,LPX,947.0,23.485544204711914,22240.810361862183,0.22445925670194716,23.74659538269043,-247.2154655456543
2019-07-24,ACM,621.0,35.318504333496094,21932.791191101074,0.21967315246295674,36.200035095214844,-547.4306030273438
2019-07-24,HD,126.0,182.1898193359375,22955.917236328125,0.22992051777837424,178.43072509765625,473.6458740234375
2019-07-24,LPX,947.0,23.83661651611328,22573.275840759277,0.22608808072578704,23.74659538269043,85.25001335144043
2019-07-25,ACM,621.0,35.11729049682617,21807.837398529053,0.2187975868413793,36.200035095214844,-672.3843955993652
2019-07-25,HD,126.0,182.90252685546875,23045.718383789062,0.23121722146273738,178.43072509765625,563.447021484375
2019-07-25,LPX,947.0,23.692584991455078,22436.87798690796,0.2251087382062491,23.74659538269043,-51.14784049987793
2019-07-26,ACM,621.0,35.33766555786133,21944.690311431885,0.21904448267757848,36.200035095214844,-535.5314826965332
2019-07-26,HD,126.0,184.0565643310547,23191.12710571289,0.23148599353596377,178.43072509765625,708.8557434082031
2019-07-26,LPX,947.0,23.935632705688477,22667.044172286987,0.22625477480363004,23.74659538269043,179.0183448791504
2019-07-29,ACM,621.0,35.14603042602539,21825.684894561768,0.21822405999577163,36.200035095214844,-654.5368995666504
2019-07-29,HD,126.0,185.015380859375,23311.93798828125,0.23308435811972902,178.43072509765625,829.6666259765625
2019-07-29,LPX,947.0,23.75559425354004,22496.547758102417,0.22493168078703063,23.74659538269043,8.521930694580078
2019-07-30,ACM,621.0,35.22268295288086,21873.286113739014,0.2180855365754188,36.200035095214844,-606.9356803894043
2019-07-30,HD,126.0,184.43841552734375,23239.240356445312,0.23170465454466438,178.43072509765625,756.968994140625
2019-07-30,LPX,947.0,24.079662322998047,22803.44021987915,0.22735955037840128,23.74659538269043,315.4143924713135
2019-07-31,ACM,621.0,34.44655990600586,21391.31370162964,0.21628697679242448,36.200035095214844,-1088.9080924987793
2019-07-31,HD,126.0,181.32424926757812,22846.855407714844,0.23100391842562923,178.43072509765625,364.58404541015625
2019-07-31,LPX,947.0,23.530553817749023,22283.434465408325,0.2253071849770551,23.74659538269043,-204.59136199951172
2019-08-01,HD,122.0,180.5945281982422,22032.532440185547,0.22571386477358016,178.43072509765625,263.9839782714844
2019-08-01,CTAS,364.0,60.32117462158203,21956.90756225586,0.2249391202671608,60.32117462158203,0.0
2019-08-01,TER,413.0,53.23884963989258,21987.644901275635,0.22525401114962493,53.23884963989258,0.0
2019-08-02,HD,122.0,180.0175018310547,21962.135223388672,0.2265163510687393,178.43072509765625,193.58676147460938
2019-08-02,CTAS,364.0,60.176795959472656,21904.353729248047,0.2259203956628143,60.32117462158203,-52.5538330078125
2019-08-02,TER,413.0,51.94672775268555,21453.99856185913,0.22127545526133413,53.23884963989258,-533.6463394165039
2019-08-05,HD,122.0,173.8995361328125,21215.743408203125,0.2235740414782322,178.43072509765625,-552.8050537109375
2019-08-05,CTAS,364.0,58.47916030883789,21286.414352416992,0.22431878034073505,60.32117462158203,-670.4932098388672
2019-08-05,TER,413.0,50.25629425048828,20755.84952545166,0.21872762473762886,53.23884963989258,-1231.7953758239746
2019-08-06,HD,122.0,177.17495727539062,21615.344787597656,0.22605669213489415,178.43072509765625,-153.20367431640625
2019-08-06,CTAS,364.0,59.892677307128906,21800.934539794922,0.22799761909618513,60.32117462158203,-155.9730224609375
2019-08-06,TER,413.0,49.799686431884766,20567.27049636841,0.21509576554709117,53.23884963989258,-1420.3744049072266
2019-08-07,HD,122.0,176.4197235107422,21523.206268310547,0.2258260044950916,178.43072509765625,-245.34219360351562
2019-08-07,CTAS,364.0,60.18611145019531,21907.744567871094,0.2298606611667117,60.32117462158203,-49.162994384765625
2019-08-07,TER,413.0,49.012760162353516,20242.269947052002,0.2123861513507039,53.23884963989258,-1745.3749542236328
2019-08-08,HD,122.0,179.52537536621094,21902.095794677734,0.2258759821459036,178.43072509765625,133.54733276367188
2019-08-08,CTAS,364.0,61.546085357666016,22402.77507019043,0.2310394799297098,60.32117462158203,445.8675079345703
2019-08-08,TER,413.0,50.9072265625,21024.6845703125,0.2168272534805173,53.23884963989258,-962.9603309631348
2019-08-09,HD,122.0,178.2101287841797,21741.635711669922,0.22497867562683846,178.43072509765625,-26.912750244140625
2019-08-09,CTAS,364.0,61.343509674072266,22329.037521362305,0.23105700767866594,60.32117462158203,372.1299591064453
2019-08-09,TER,413.0,50.68376541137695,20932.39511489868,0.21660479428048954,53.23884963989258,-1055.2497863769531
2019-08-12,HD,122.0,175.65602111816406,21430.034576416016,0.22279341558051718,178.43072509765625,-338.5138854980469
2019-08-12,CTAS,364.0,60.873085021972656,22157.802947998047,0.23035952569004872,60.32117462158203,200.8953857421875
2019-08-12,TER,413.0,50.76149368286133,20964.49689102173,0.21795353860128985,53.23884963989258,-1023.1480102539062
2019-08-13,HD,122.0,176.77610778808594,21566.685150146484,0.22173679371733981,178.43072509765625,-201.86331176757812
2019-08-13,CTAS,364.0,61.983909606933594,22562.143096923828,0.2319715447633231,60.32117462158203,605.2355346679688
2019-08-13,TER,413.0,52.05359649658203,21498.13535308838,0.2210320024105712,53.23884963989258,-489.50954818725586
2019-08-14,HD,122.0,171.05694580078125,20868.947387695312,0.22003227328631336,178.43072509765625,-899.60107421875
2019-08-14,CTAS,364.0,59.78324508666992,21761.10121154785,0.22943871963631446,60.32117462158203,-195.8063507080078
2019-08-14,TER,413.0,49.82883071899414,20579.30708694458,0.21697844346799242,53.23884963989258,-1408.3378143310547
2019-08-15,HD,122.0,171.2266387939453,20889.649932861328,0.21887207743812623,178.43072509765625,-878.8985290527344
2019-08-15,CTAS,364.0,60.55170822143555,22040.82179260254,0.23093352304586304,60.32117462158203,83.91423034667969
2019-08-15,TER,413.0,50.547760009765625,20876.224884033203,0.2187314159940061,53.23884963989258,-1111.4200172424316
2019-08-16,HD,122.0,172.80494689941406,21082.203521728516,0.21875123233323768,178.43072509765625,-686.3449401855469
2019-08-16,CTAS,364.0,61.57169723510742,22412.0977935791,0.23255035966546342,60.32117462158203,455.1902313232422
2019-08-16,TER,413.0,51.441551208496094,21245.360649108887,0.22044416839856038,53.23884963989258,-742.284252166748
2019-08-19,HD,122.0,176.45364379882812,21527.34454345703,0.22152374175195252,178.43072509765625,-241.20391845703125
2019-08-19,CTAS,364.0,62.36813735961914,22702.001998901367,0.23361136892220402,60.32117462158203,745.0944366455078
2019-08-19,TER,413.0,51.60670471191406,21313.569046020508,0.2193239187319128,53.23884963989258,-674.075855255127
2019-08-20,HD,122.0,184.20925903320312,22473.52960205078,0.22908260346301515,178.43072509765625,704.9811401367188
2019-08-20,CTAS,364.0,62.37277603149414,22703.690475463867,0.23142873480199183,60.32117462158203,746.7829132080078
2019-08-20,TER,413.0,51.54841232299805,21289.494289398193,0.217013209076926,53.23884963989258,-698.1506118774414
2019-08-21,HD,122.0,187.01795959472656,22816.19107055664,0.2314547809133128,178.43072509765625,1047.6426086425781
2019-08-21,CTAS,364.0,62.32855224609375,22687.593017578125,0.2301502409010918,60.32117462158203,730.6854553222656
2019-08-21,TER,413.0,51.907867431640625,21437.949249267578,0.2174734525747856,53.23884963989258,-549.6956520080566
2019-08-22,HD,122.0,187.5440673828125,22880.376220703125,0.23238393168174987,178.43072509765625,1111.8277587890625
2019-08-22,CTAS,364.0,61.5856819152832,22417.188217163086,0.2276795750605043,60.32117462158203,460.28065490722656
2019-08-22,TER,413.0,52.121612548828125,21526.225982666016,0.21863054085602984,53.23884963989258,-461.41891860961914
2019-08-23,HD,122.0,184.53175354003906,22512.873931884766,0.23278241828221755,178.43072509765625,744.3254699707031
2019-08-23,CTAS,364.0,59.62488555908203,21703.45834350586,0.2244130862001278,60.32117462158203,-253.44921875
2019-08-23,TER,413.0,50.50889587402344,20860.17399597168,0.2156935521987168,53.23884963989258,-1127.470905303955
2019-08-26,HD,122.0,185.5330047607422,22635.026580810547,0.23243232093947655,178.43072509765625,866.4781188964844
2019-08-26,CTAS,364.0,60.626243591308594,22067.952667236328,0.22660920845468582,60.32117462158203,111.04510498046875
2019-08-26,TER,413.0,50.95578384399414,21044.73872756958,0.2161021304106073,53.23884963989258,-942.9061737060547
2019-08-27,HD,122.0,185.15965270996094,22589.477630615234,0.23236897885119867,178.43072509765625,820.9291687011719
2019-08-27,CTAS,364.0,60.814884185791016,22136.61784362793,0.2277105901984928,60.32117462158203,179.7102813720703
2019-08-27,TER,413.0,50.489463806152344,20852.148551940918,0.21449776507010118,53.23884963989258,-1135.4963493347168
2019-08-28,HD,122.0,188.3331756591797,22976.647430419922,0.2353776929515656,178.43072509765625,1208.0989685058594
2019-08-28,CTAS,364.0,61.05473327636719,22223.922912597656,0.22766662191869966,60.32117462158203,267.0153503417969
2019-08-28,TER,413.0,50.31459045410156,20779.925857543945,0.2128740070919862,53.23884963989258,-1207.7190437316895
2019-08-29,HD,122.0,192.8898468017578,23532.561309814453,0.23837156553163524,178.43072509765625,1764.0128479003906
2019-08-29,CTAS,364.0,61.61827087402344,22429.05059814453,0.227193624785679,60.32117462158203,472.1430358886719
2019-08-29,TER,413.0,51.15009307861328,21124.988441467285,0.21398421108245952,53.23884963989258,-862.6564598083496
2019-08-30,HD,122.0,193.3905029296875,23593.641357421875,0.23869609981706733,178.43072509765625,1825.0928955078125
2019-08-30,CTAS,364.0,61.431976318359375,22361.239379882812,0.22622792922020954,60.32117462158203,404.3318176269531
2019-08-30,TER,413.0,51.46098327636719,21253.38609313965,0.2150198136644508,53.23884963989258,-734.2588081359863
2019-09-03,HD,116.0,190.13209533691406,22055.32305908203,0.22590991423799403,178.43072509765625,1357.3589477539062
2019-09-03,BKNG,288.0,76.246826171875,21959.0859375,0.2249241694441015,76.246826171875,0.0
2019-09-03,RMD,169.0,129.8518524169922,21944.96305847168,0.2247795105614574,129.8518524169922,0.0
2019-09-04,HD,116.0,191.3614501953125,22197.92822265625,0.22657106416119072,178.43072509765625,1499.964111328125
2019-09-04,BKNG,288.0,76.91475677490234,22151.449951171875,0.2260966671217481,76.246826171875,192.364013671875
2019-09-04,RMD,169.0,129.90835571289062,21954.512115478516,0.22408655092716087,129.8518524169922,9.549057006835938
2019-09-05,HD,116.0,194.77635192871094,22594.05682373047,0.2278296100778548,178.43072509765625,1896.0927124023438
2019-09-05,BKNG,288.0,78.31459045410156,22554.60205078125,0.22743176361730727,76.246826171875,595.51611328125
2019-09-05,RMD,169.0,132.2646484375,22352.7255859375,0.22539612049982424,129.8518524169922,407.7625274658203
2019-09-06,HD,116.0,197.32046508789062,22889.173950195312,0.2308353500559831,178.43072509765625,2191.2098388671875
2019-09-06,BKNG,288.0,77.26184844970703,22251.412353515625,0.22440357922221904,76.246826171875,292.326416015625
2019-09-06,RMD,169.0,132.23641967773438,22347.95492553711,0.22537720275517725,129.8518524169922,402.9918670654297
2019-09-09,HD,116.0,198.80587768554688,23061.481811523438,0.2334582645006238,178.43072509765625,2363.5177001953125
2019-09-09,BKNG,288.0,78.22859191894531,22529.83447265625,0.22807623978631036,76.246826171875,570.74853515625
2019-09-09,RMD,169.0,127.34465789794922,21521.247184753418,0.2178660095957452,129.8518524169922,-423.7158737182617
2019-09-10,HD,116.0,198.91688537597656,23074.35870361328,0.23313260389143792,178.43072509765625,2376.3945922851562
2019-09-10,BKNG,288.0,79.2695541381836,22829.631591796875,0.2306599948125275,76.246826171875,870.545654296875
2019-09-10,RMD,169.0,126.6378402709961,21401.79500579834,0.21623379707931925,129.8518524169922,-543.1680526733398
2019-09-11,HD,116.0,198.6266326904297,23040.689392089844,0.23228854438807625,178.43072509765625,2342.7252807617188
2019-09-11,BKNG,288.0,80.50251007080078,23184.722900390625,0.23374064217113052,76.246826171875,1225.636962890625
2019-09-11,RMD,169.0,126.00633239746094,21295.0701751709,0.21468979375810748,129.8518524169922,-649.8928833007812
2019-09-12,HD,116.0,199.59986877441406,23153.58477783203,0.23329275498548316,178.43072509765625,2455.6206665039062
2019-09-12,BKNG,288.0,80.15894317626953,23085.775634765625,0.23260951815840175,76.246826171875,1126.689697265625
2019-09-12,RMD,169.0,126.26082611083984,21338.079612731934,0.21499994176797696,129.8518524169922,-606.8834457397461
2019-09-13,HD,116.0,199.75352478027344,23171.40887451172,0.2334953726028708,178.43072509765625,2473.4447631835938
2019-09-13,BKNG,288.0,81.04203033447266,23340.104736328125,0.23519529958291352,76.246826171875,1381.018798828125
2019-09-13,RMD,169.0,124.59254455566406,21056.140029907227,0.21218007452578838,129.8518524169922,-888.8230285644531
2019-09-16,HD,116.0,197.20091247558594,22875.30584716797,0.2315135903117754,178.43072509765625,2177.3417358398438
2019-09-16,BKNG,288.0,81.39739227294922,23442.448974609375,0.23725346292951635,76.246826171875,1483.363037109375
2019-09-16,RMD,169.0,123.19758605957031,20820.392044067383,0.21071647067912405,129.8518524169922,-1124.5710144042969
2019-09-17,HD,116.0,196.5350341796875,22798.06396484375,0.2296014983991481,178.43072509765625,2100.099853515625
2019-09-17,BKNG,288.0,81.57369995117188,23493.2255859375,0.23660253805228862,76.246826171875,1534.1396484375
2019-09-17,RMD,169.0,126.23252868652344,21333.29734802246,0.21484969269556567,129.8518524169922,-611.6657104492188
2019-09-18,HD,116.0,197.06430053710938,22859.458862304688,0.23107924307417677,178.43072509765625,2161.4947509765625
2019-09-18,BKNG,288.0,80.82490539550781,23277.57275390625,0.23530582788408272,76.246826171875,1318.48681640625
2019-09-18,RMD,169.0,124.96012115478516,21118.26047515869,0.2134780037899364,129.8518524169922,-826.7025833129883
2019-09-19,HD,116.0,194.75071716308594,22591.08319091797,0.2286390075353996,178.43072509765625,1893.1190795898438
2019-09-19,BKNG,288.0,80.8327407836914,23279.829345703125,0.23560964439876206,76.246826171875,1320.743408203125
2019-09-19,RMD,169.0,125.83665466308594,21266.394638061523,0.21523214813609626,129.8518524169922,-678.5684204101562
2019-09-20,HD,116.0,191.80538940429688,22249.425170898438,0.2262908295750612,178.43072509765625,1551.4610595703125
2019-09-20,BKNG,288.0,79.77254486083984,22974.492919921875,0.23366523053887764,76.246826171875,1015.406982421875
2019-09-20,RMD,169.0,126.79804992675781,21428.87043762207,0.21794526514458226,129.8518524169922,-516.0926208496094
2019-09-23,HD,116.0,193.15426635742188,22405.894897460938,0.227738687248789,178.43072509765625,1707.9307861328125
2019-09-23,BKNG,288.0,78.90240478515625,22723.892578125,0.23097088907219396,76.246826171875,764.806640625
2019-09-23,RMD,169.0,127.72172546386719,21584.971603393555,0.21939463341034832,129.8518524169922,-359.991455078125
2019-09-24,HD,116.0,192.4371337890625,22322.70751953125,0.2275359387932472,178.43072509765625,1624.743408203125
2019-09-24,BKNG,288.0,78.16537475585938,22511.6279296875,0.22946160945145463,76.246826171875,552.5419921875
2019-09-24,RMD,169.0,127.82537841796875,21602.48895263672,0.22019473219403468,129.8518524169922,-342.47410583496094
2019-09-25,HD,116.0,194.73367309570312,22589.106079101562,0.22940671699122978,178.43072509765625,1891.1419677734375
2019-09-25,BKNG,288.0,78.27885437011719,22544.31005859375,0.22895178495616017,76.246826171875,585.22412109375
2019-09-25,RMD,169.0,128.1929931640625,21664.615844726562,0.22001793158220326,129.8518524169922,-280.3472137451172
2019-09-26,HD,116.0,196.17645263671875,22756.468505859375,0.2316384523114238,178.43072509765625,2058.50439453125
2019-09-26,BKNG,288.0,77.68672180175781,22373.77587890625,0.22774301801784744,76.246826171875,414.68994140625
2019-09-26,RMD,169.0,126.87344360351562,21441.61196899414,0.21825450685729503,129.8518524169922,-503.35108947753906
2019-09-27,HD,116.0,196.23617553710938,22763.396362304688,0.23299133322130336,178.43072509765625,2065.4322509765625
2019-09-27,BKNG,288.0,76.34380340576172,21987.015380859375,0.22504480199742352,76.246826171875,27.929443359375
2019-09-27,RMD,169.0,125.92150115966797,21280.733695983887,0.21781576162182167,129.8518524169922,-664.229362487793
2019-09-30,HD,116.0,198.0802764892578,22977.312072753906,0.2335978794767474,178.43072509765625,2279.3479614257812
2019-09-30,BKNG,288.0,77.06474304199219,22194.64599609375,0.2256409376348427,76.246826171875,235.56005859375
2019-09-30,RMD,169.0,127.34465789794922,21521.247184753418,0.21879485686294106,129.8518524169922,-423.7158737182617
2019-10-01,LHX,122.0,179.4381561279297,21891.455047607422,0.22367709213030795,179.4381561279297,0.0
2019-10-01,MLM,86.0,256.3644714355469,22047.34454345703,0.2252699012446163,256.3644714355469,0.0
2019-10-01,SHW,128.0,171.4847412109375,21950.046875,0.22427575720511783,171.4847412109375,0.0
2019-10-02,LHX,122.0,179.0681915283203,21846.319366455078,0.22500377090199525,179.4381561279297,-45.13568115234375
2019-10-02,MLM,86.0,249.65017700195312,21469.91522216797,0.22112703769000244,256.3644714355469,-577.4293212890625
2019-10-02,SHW,128.0,170.27297973632812,21794.94140625,0.22447460923437146,171.4847412109375,-155.10546875
2019-10-03,LHX,122.0,181.6581573486328,22162.295196533203,0.22754887112084146,179.4381561279297,270.84014892578125
2019-10-03,MLM,86.0,248.4738311767578,21368.749481201172,0.21940122981811075,256.3644714355469,-678.5950622558594
2019-10-03,SHW,128.0,170.9591064453125,21882.765625,0.22467883271176808,171.4847412109375,-67.28125
2019-10-04,LHX,122.0,183.03237915039062,22329.950256347656,0.22793325632333658,179.4381561279297,438.4952087402344
2019-10-04,MLM,86.0,250.5206298828125,21544.774169921875,0.2199185612563215,256.3644714355469,-502.57037353515625
2019-10-04,SHW,128.0,172.73736572265625,22110.3828125,0.22569201879775988,171.4847412109375,160.3359375
2019-10-07,LHX,122.0,181.2705078125,22115.001953125,0.2261602964279041,179.4381561279297,223.54690551757812
2019-10-07,MLM,86.0,250.69271850585938,21559.573791503906,0.22048017946735002,256.3644714355469,-487.770751953125
2019-10-07,SHW,128.0,172.8758544921875,22128.109375,0.22629434020610223,171.4847412109375,178.0625
2019-10-08,LHX,122.0,184.33621215820312,22489.01788330078,0.22926175878326746,179.4381561279297,597.5628356933594
2019-10-08,MLM,86.0,251.4961700439453,21628.670623779297,0.22049104558868532,256.3644714355469,-418.6739196777344
2019-10-08,SHW,128.0,171.82464599609375,21993.5546875,0.22421081506170937,171.4847412109375,43.5078125
2019-10-09,LHX,122.0,184.0630645751953,22455.693878173828,0.22749032970643512,179.4381561279297,564.2388305664062
2019-10-09,MLM,86.0,254.5089569091797,21887.770294189453,0.22173690591692394,256.3644714355469,-159.57424926757812
2019-10-09,SHW,128.0,174.88381958007812,22385.12890625,0.22677546207349683,171.4847412109375,435.08203125
2019-10-10,LHX,122.0,184.9352264404297,22562.097625732422,0.22770445251096852,179.4381561279297,670.642578125
2019-10-10,MLM,86.0,256.201904296875,22033.36376953125,0.2223682885049681,256.3644714355469,-13.98077392578125
2019-10-10,SHW,128.0,175.84060668945312,22507.59765625,0.2271544200663475,171.4847412109375,557.55078125
2019-10-11,LHX,122.0,184.0630645751953,22455.693878173828,0.22814377751375448,179.4381561279297,564.2388305664062
2019-10-11,MLM,86.0,253.86813354492188,21832.65948486328,0.221813916553679,256.3644714355469,-214.68505859375
2019-10-11,SHW,128.0,173.10557556152344,22157.513671875,0.22511434724925633,171.4847412109375,207.466796875
2019-10-14,LHX,122.0,182.03692626953125,22208.505004882812,0.22611398583987447,179.4381561279297,317.0499572753906
2019-10-14,MLM,86.0,254.1455841064453,21856.520233154297,0.22253028312449696,256.3644714355469,-190.82431030273438
2019-10-14,SHW,128.0,173.2125701904297,22171.208984375,0.22573425961106558,171.4847412109375,221.162109375
2019-10-15,LHX,122.0,181.05029296875,22088.1357421875,0.2243568752381177,179.4381561279297,196.68069458007812
2019-10-15,MLM,86.0,254.25070190429688,21865.56036376953,0.22209609972543284,256.3644714355469,-181.7841796875
2019-10-15,SHW,128.0,175.90040588378906,22515.251953125,0.2286952431098099,171.4847412109375,565.205078125
2019-10-16,LHX,122.0,182.16024780273438,22223.550231933594,0.22477707481187134,179.4381561279297,332.0951843261719
2019-10-16,MLM,86.0,255.0349884033203,21933.009002685547,0.2218384350832478,256.3644714355469,-114.33554077148438
2019-10-16,SHW,128.0,177.58424377441406,22730.783203125,0.2299074136786429,171.4847412109375,780.736328125
2019-10-17,LHX,122.0,177.015625,21595.90625,0.22009009382163872,179.4381561279297,-295.5487976074219
2019-10-17,MLM,86.0,255.388916015625,21963.44677734375,0.22383580507866646,256.3644714355469,-83.89776611328125
2019-10-17,SHW,128.0,176.4197235107422,22581.724609375,0.2301368523458816,171.4847412109375,631.677734375
2019-10-18,LHX,122.0,174.49610900878906,21288.525299072266,0.21783771238218225,179.4381561279297,-602.9297485351562
2019-10-18,MLM,86.0,254.20294189453125,21861.453002929688,0.22370027254618366,256.3644714355469,-185.89154052734375
2019-10-18,SHW,128.0,176.5203857421875,22594.609375,0.23120239421344527,171.4847412109375,644.5625
2019-10-21,LHX,122.0,175.88803100585938,21458.339782714844,0.21961670566599673,179.4381561279297,-433.1152648925781
2019-10-21,MLM,86.0,256.9095764160156,22094.223571777344,0.22612469763342796,256.3644714355469,46.8790283203125
2019-10-21,SHW,128.0,173.23146057128906,22173.626953125,0.22693735645078716,171.4847412109375,223.580078125
2019-10-22,LHX,122.0,176.77777099609375,21566.888061523438,0.21916106019032358,179.4381561279297,-324.5669860839844
2019-10-22,MLM,86.0,256.0487976074219,22020.19659423828,0.223767546686646,256.3644714355469,-27.14794921875
2019-10-22,SHW,128.0,178.41824340820312,22837.53515625,0.23207327838395558,171.4847412109375,887.48828125
2019-10-23,LHX,122.0,176.5222625732422,21535.716033935547,0.21985648832067184,179.4381561279297,-355.739013671875
2019-10-23,MLM,86.0,252.55783081054688,21719.97344970703,0.22173755827510128,256.3644714355469,-327.37109375
2019-10-23,SHW,128.0,177.46778869628906,22715.876953125,0.2319046614548935,171.4847412109375,765.830078125
2019-10-24,LHX,122.0,179.7993621826172,21935.522186279297,0.22194641390776906,179.4381561279297,44.067138671875
2019-10-24,MLM,86.0,253.36119079589844,21789.062408447266,0.2204645151776864,256.3644714355469,-258.2821350097656
2019-10-24,SHW,128.0,180.67172241210938,23125.98046875,0.233991622791214,171.4847412109375,1175.93359375
2019-10-25,LHX,122.0,177.0331573486328,21598.045196533203,0.21857578605432307,179.4381561279297,-293.40985107421875
2019-10-25,MLM,86.0,256.64178466796875,22071.193481445312,0.2233641248763716,256.3644714355469,23.84893798828125
2019-10-25,SHW,128.0,180.9486541748047,23161.427734375,0.23439747565645538,171.4847412109375,1211.380859375
2019-10-28,LHX,122.0,176.707275390625,21558.28759765625,0.2178365360473116,179.4381561279297,-333.1674499511719
2019-10-28,MLM,86.0,257.33038330078125,22130.412963867188,0.22361759854569574,256.3644714355469,83.06842041015625
2019-10-28,SHW,128.0,181.99050903320312,23294.78515625,0.23538304159906984,171.4847412109375,1344.73828125
2019-10-29,LHX,122.0,178.82151794433594,21816.225189208984,0.21973128329903877,179.4381561279297,-75.2298583984375
2019-10-29,MLM,86.0,256.4792785644531,22057.21795654297,0.22215854326600482,256.3644714355469,9.8734130859375
2019-10-29,SHW,128.0,183.05108642578125,23430.5390625,0.23599052411404148,171.4847412109375,1480.4921875
2019-10-30,LHX,122.0,183.07647705078125,22335.330200195312,0.22361401265484723,179.4381561279297,443.8751525878906
2019-10-30,MLM,86.0,255.22633361816406,21949.46469116211,0.21975085352325466,256.3644714355469,-97.87985229492188
2019-10-30,SHW,128.0,184.5052032470703,23616.666015625,0.23644232728814052,171.4847412109375,1666.619140625
2019-10-31,LHX,122.0,181.74623107910156,22173.04019165039,0.22452710376263932,179.4381561279297,281.58514404296875
2019-10-31,MLM,86.0,250.50149536132812,21543.12860107422,0.2181485366452693,256.3644714355469,-504.2159423828125
2019-10-31,SHW,128.0,180.12722778320312,23056.28515625,0.23347095774479026,171.4847412109375,1106.23828125
2019-11-01,AAPL,360.0,61.425201416015625,22113.072509765625,0.22493535401885068,61.425201416015625,0.0
2019-11-01,BKNG,277.0,79.79021453857422,22101.88942718506,0.22482159910586105,79.79021453857422,0.0
2019-11-01,ORLY,760.0,29.134000778198242,22141.840591430664,0.22522798448125753,29.134000778198242,0.0
2019-11-04,AAPL,360.0,61.8286018371582,22258.296661376953,0.22674901762528069,61.425201416015625,145.22415161132812
2019-11-04,BKNG,277.0,78.83447265625,21837.14892578125,0.22245871469805167,79.79021453857422,-264.7405014038086
2019-11-04,ORLY,760.0,29.099332809448242,22115.492935180664,0.22529425201042455,29.134000778198242,-26.34765625
2019-11-05,AAPL,360.0,61.73975372314453,22226.31134033203,0.2263753645651217,61.425201416015625,113.23883056640625
2019-11-05,BKNG,277.0,79.53145599365234,22030.2133102417,0.22437810274454928,79.79021453857422,-71.67611694335938
2019-11-05,ORLY,760.0,28.9146671295166,21975.147018432617,0.2238172516121839,29.134000778198242,-166.69357299804688
2019-11-06,AAPL,360.0,61.76616668701172,22235.82000732422,0.22595520547751685,61.425201416015625,122.74749755859375
2019-11-06,BKNG,277.0,79.00764465332031,21885.117568969727,0.22239144927271964,79.79021453857422,-216.77185821533203
2019-11-06,ORLY,760.0,29.3886661529541,22335.386276245117,0.2269669746295086,29.134000778198242,193.54568481445312
2019-11-07,AAPL,360.0,62.47902297973633,22492.448272705078,0.2321871723486419,61.425201416015625,379.3757629394531
2019-11-07,BKNG,277.0,72.64019012451172,20121.332664489746,0.20771039588979193,79.79021453857422,-1980.5567626953125
2019-11-07,ORLY,760.0,29.35066795349121,22306.50764465332,0.23026772684726182,29.134000778198242,164.66705322265625
2019-11-08,AAPL,360.0,62.650028228759766,22554.010162353516,0.2320378947762848,61.425201416015625,440.9376525878906
2019-11-08,BKNG,277.0,73.78913116455078,20439.589332580566,0.21028452344764287,79.79021453857422,-1662.3000946044922
2019-11-08,ORLY,760.0,29.281999588012695,22254.31968688965,0.22895464942388125,29.134000778198242,112.47909545898438
2019-11-11,AAPL,360.0,63.14613342285156,22732.608032226562,0.2329207481846837,61.425201416015625,619.5355224609375
2019-11-11,BKNG,277.0,74.45077514648438,20622.864715576172,0.21130409112997114,79.79021453857422,-1479.0247116088867
2019-11-11,ORLY,760.0,29.329999923706055,22290.7999420166,0.22839393494883029,29.134000778198242,148.9593505859375
2019-11-12,AAPL,360.0,63.08833312988281,22711.799926757812,0.23328729587329639,61.425201416015625,598.7274169921875
2019-11-12,BKNG,277.0,73.65760040283203,20403.155311584473,0.2095737433964752,79.79021453857422,-1698.734115600586
2019-11-12,ORLY,760.0,29.327333450317383,22288.77342224121,0.22894212245508822,29.134000778198242,146.93283081054688
2019-11-13,AAPL,360.0,63.69282913208008,22929.418487548828,0.23522520757387846,61.425201416015625,816.3459777832031
2019-11-13,BKNG,277.0,72.9998779296875,20220.966186523438,0.20744010456053324,79.79021453857422,-1880.923240661621
2019-11-13,ORLY,760.0,29.44266700744629,22376.42692565918,0.2295522527624544,29.134000778198242,234.58633422851562
2019-11-14,AAPL,360.0,63.25210952758789,22770.75942993164,0.23362121815617864,61.425201416015625,657.6869201660156
2019-11-14,BKNG,277.0,73.25353240966797,20291.228477478027,0.20818196816758475,79.79021453857422,-1810.6609497070312
2019-11-14,ORLY,760.0,29.54599952697754,22454.95964050293,0.230381206257286,29.134000778198242,313.1190490722656
2019-11-15,AAPL,360.0,64.00348663330078,23041.25518798828,0.23593194610434037,61.425201416015625,928.1826782226562
2019-11-15,BKNG,277.0,72.59660339355469,20109.25914001465,0.2059096435897936,79.79021453857422,-1992.6302871704102
2019-11-15,ORLY,760.0,29.68199920654297,22558.319396972656,0.23098690382742684,29.134000778198242,416.4788055419922
2019-11-18,AAPL,360.0,64.32621765136719,23157.438354492188,0.23655255875020867,61.425201416015625,1044.3658447265625
2019-11-18,BKNG,277.0,72.17292785644531,19991.90101623535,0.20421668697885098,79.79021453857422,-2109.988410949707
2019-11-18,ORLY,760.0,29.992666244506836,22794.426345825195,0.23284440164782466,29.134000778198242,652.5857543945312
2019-11-19,AAPL,360.0,64.13114166259766,23087.210998535156,0.23646491090861857,61.425201416015625,974.1384887695312
2019-11-19,BKNG,277.0,72.45838165283203,20070.971717834473,0.20557184405722556,79.79021453857422,-2030.917709350586
2019-11-19,ORLY,760.0,29.63800048828125,22524.88037109375,0.23070538188938985,29.134000778198242,383.03977966308594
2019-11-20,AAPL,360.0,63.38456726074219,22818.444213867188,0.23490370196018578,61.425201416015625,705.3717041015625
2019-11-20,BKNG,277.0,72.71440887451172,20141.891258239746,0.2073500181123067,79.79021453857422,-1959.9981689453125
2019-11-20,ORLY,760.0,29.246667861938477,22227.467575073242,0.22881991294619508,29.134000778198242,85.62698364257812
2019-11-21,AAPL,360.0,63.10039138793945,22716.140899658203,0.23399283041820668,61.425201416015625,603.0683898925781
2019-11-21,BKNG,277.0,73.55824279785156,20375.633255004883,0.20988389348182235,79.79021453857422,-1726.2561721801758
2019-11-21,ORLY,760.0,28.996000289916992,22036.960220336914,0.22699677372786717,29.134000778198242,-104.88037109375
2019-11-22,AAPL,360.0,63.04498291015625,22696.19384765625,0.23332070423944595,61.425201416015625,583.121337890625
2019-11-22,BKNG,277.0,73.72395324707031,20421.535049438477,0.2099368277944786,79.79021453857422,-1680.354377746582
2019-11-22,ORLY,760.0,29.21733283996582,22205.172958374023,0.22827292660533668,29.134000778198242,63.332366943359375
2019-11-25,AAPL,360.0,64.15039825439453,23094.14337158203,0.2359504569565605,61.425201416015625,981.0708618164062
2019-11-25,BKNG,277.0,74.5096664428711,20639.177604675293,0.21086832746622655,79.79021453857422,-1462.7118225097656
2019-11-25,ORLY,760.0,29.200000762939453,22192.000579833984,0.22673335803550027,29.134000778198242,50.15998840332031
2019-11-26,AAPL,360.0,63.649471282958984,22913.809661865234,0.23428302881474833,61.425201416015625,800.7371520996094
2019-11-26,BKNG,277.0,74.11386108398438,20529.539520263672,0.20990497738942668,79.79021453857422,-1572.3499069213867
2019-11-26,ORLY,760.0,29.485332489013672,22408.85269165039,0.22912007904127873,29.134000778198242,267.01210021972656
2019-11-27,AAPL,360.0,64.5044174194336,23221.590270996094,0.23577718599280703,61.425201416015625,1108.5177612304688
2019-11-27,BKNG,277.0,74.85954284667969,20736.093368530273,0.2105410390012215,79.79021453857422,-1365.7960586547852
2019-11-27,ORLY,760.0,29.71066665649414,22580.106658935547,0.22926397138747287,29.134000778198242,438.2660675048828
2019-11-29,AAPL,360.0,64.36235046386719,23170.446166992188,0.23585351715383665,61.425201416015625,1057.3736572265625
2019-11-29,BKNG,277.0,74.76451110839844,20709.769577026367,0.21080612600138196,79.79021453857422,-1392.1198501586914
2019-11-29,ORLY,760.0,29.485332489013672,22408.85269165039,0.22810120636507578,29.134000778198242,267.01210021972656
2019-12-02,AAPL,360.0,63.6181640625,22902.5390625,0.23377912581255275,61.425201416015625,789.466552734375
2019-12-02,BKNG,277.0,73.99527740478516,20496.69184112549,0.20922128710669455,79.79021453857422,-1605.1975860595703
2019-12-02,ORLY,760.0,29.757333755493164,22615.573654174805,0.23084990813438921,29.134000778198242,473.7330627441406
2019-12-03,AAPL,360.0,62.483848571777344,22494.185485839844,0.2316157195183121,61.425201416015625,381.11297607421875
2019-12-03,BKNG,277.0,73.82015991210938,20448.184295654297,0.21054867363223365,79.79021453857422,-1653.7051315307617
2019-12-03,ORLY,760.0,29.242666244506836,22224.426345825195,0.22883809250218987,29.134000778198242,82.58575439453125
2019-12-04,AAPL,360.0,63.03533935546875,22692.72216796875,0.23169120367315002,61.425201416015625,579.649658203125
2019-12-04,BKNG,277.0,75.45165252685547,20900.107749938965,0.21338872814108645,79.79021453857422,-1201.7816772460938
2019-12-04,ORLY,760.0,29.472667694091797,22399.227447509766,0.22869464184369967,29.134000778198242,257.38685607910156
2019-12-05,AAPL,360.0,63.960140228271484,23025.650482177734,0.23487105717516782,61.425201416015625,912.5779724121094
2019-12-05,BKNG,277.0,74.77198791503906,20711.84065246582,0.2112692500849677,79.79021453857422,-1390.0487747192383
2019-12-05,ORLY,760.0,29.402666091918945,22346.0262298584,0.22793861169452104,29.134000778198242,204.18563842773438
2019-12-06,AAPL,360.0,65.19559478759766,23470.414123535156,0.2370918936075096,61.425201416015625,1357.3416137695312
2019-12-06,BKNG,277.0,75.79485321044922,20995.174339294434,0.2120876783222838,79.79021453857422,-1106.715087890625
2019-12-06,ORLY,760.0,29.704666137695312,22575.546264648438,0.2280521760262506,29.134000778198242,433.70567321777344
2019-12-09,AAPL,360.0,64.28287506103516,23141.835021972656,0.23589524733733466,61.425201416015625,1028.7625122070312
2019-12-09,BKNG,277.0,74.83362579345703,20728.914344787598,0.21129924968159566,79.79021453857422,-1372.975082397461
2019-12-09,ORLY,760.0,29.315332412719727,22279.652633666992,0.22710663020536784,29.134000778198242,137.81204223632812
2019-12-10,AAPL,360.0,64.65855407714844,23277.079467773438,0.23671266683372613,61.425201416015625,1164.0069580078125
2019-12-10,BKNG,277.0,74.7880859375,20716.2998046875,0.21067121330593847,79.79021453857422,-1385.5896224975586
2019-12-10,ORLY,760.0,29.459999084472656,22389.59930419922,0.227687574292691,29.134000778198242,247.7587127685547
2019-12-11,AAPL,360.0,65.2100601196289,23475.621643066406,0.23735826120998535,61.425201416015625,1362.5491333007812
2019-12-11,BKNG,277.0,75.62248229980469,20947.4275970459,0.21179609498116886,79.79021453857422,-1154.4618301391602
2019-12-11,ORLY,760.0,29.643333435058594,22528.93341064453,0.2277864476847841,29.134000778198242,387.0928192138672
2019-12-12,AAPL,360.0,65.37623596191406,23535.444946289062,0.23764873591556093,61.425201416015625,1422.3724365234375
2019-12-12,BKNG,277.0,76.5099105834961,21193.245231628418,0.2139984160375569,79.79021453857422,-908.6441955566406
2019-12-12,ORLY,760.0,29.413333892822266,22354.133758544922,0.22572046724968342,29.134000778198242,212.2931671142578
2019-12-13,AAPL,360.0,66.26490783691406,23855.366821289062,0.23942677285740238,61.425201416015625,1742.2943115234375
2019-12-13,BKNG,277.0,77.49628448486328,21466.47080230713,0.2154503792516539,79.79021453857422,-635.4186248779297
2019-12-13,ORLY,760.0,29.42333221435547,22361.732482910156,0.22443576256835002,29.134000778198242,219.8918914794922
2019-12-16,AAPL,360.0,67.39922332763672,24263.72039794922,0.24206927677658185,61.425201416015625,2150.6478881835938
2019-12-16,BKNG,277.0,78.33735656738281,21699.44776916504,0.21648657097025237,79.79021453857422,-402.44165802001953
2019-12-16,ORLY,760.0,29.368000030517578,22319.68002319336,0.22267437608437798,29.134000778198242,177.8394317626953
2019-12-17,AAPL,360.0,67.53166198730469,24311.398315429688,0.24186133653572453,61.425201416015625,2198.3258056640625
2019-12-17,BKNG,277.0,78.60633850097656,21773.955764770508,0.21661765294655208,79.79021453857422,-327.9336624145508
2019-12-17,ORLY,760.0,29.579999923706055,22480.7999420166,0.2236496745198539,29.134000778198242,338.9593505859375
2019-12-18,AAPL,360.0,67.37033081054688,24253.319091796875,0.24208038458068146,61.425201416015625,2140.24658203125
2019-12-18,BKNG,277.0,78.19953155517578,21661.27024078369,0.21620828928806574,79.79021453857422,-440.6191864013672
2019-12-18,ORLY,760.0,29.369333267211914,22320.693283081055,0.22279020836794544,29.134000778198242,178.85269165039062
2019-12-19,AAPL,360.0,67.43773651123047,24277.58514404297,0.241701474488108,61.425201416015625,2164.5126342773438
2019-12-19,BKNG,277.0,78.65543365478516,21787.55512237549,0.2169113677214817,79.79021453857422,-314.3343048095703
2019-12-19,ORLY,760.0,29.510000228881836,22427.600173950195,0.22328349377053328,29.134000778198242,285.75958251953125
2019-12-20,AAPL,360.0,67.298095703125,24227.314453125,0.24097717289732487,61.425201416015625,2114.241943359375
2019-12-20,BKNG,277.0,79.44625091552734,22006.611503601074,0.21888893362274855,79.79021453857422,-95.27792358398438
2019-12-20,ORLY,760.0,29.410667419433594,22352.10723876953,0.2223254096576827,29.134000778198242,210.2666473388672
2019-12-23,AAPL,360.0,68.39627075195312,24622.657470703125,0.24417722448959014,61.425201416015625,2509.5849609375
2019-12-23,BKNG,277.0,79.79335021972656,22102.758010864258,0.2191879617819243,79.79021453857422,0.8685836791992188
2019-12-23,ORLY,760.0,29.160667419433594,22162.10723876953,0.21977651440922508,29.134000778198242,20.266647338867188
2019-12-24,AAPL,360.0,68.46131134033203,24646.07208251953,0.2437435851615024,61.425201416015625,2532.9995727539062
2019-12-24,BKNG,277.0,80.26062774658203,22232.193885803223,0.2198709240802212,79.79021453857422,130.30445861816406
2019-12-24,ORLY,760.0,29.32200050354004,22284.72038269043,0.22039039820268563,29.134000778198242,142.87979125976562
2019-12-26,AAPL,360.0,69.81961059570312,25135.059814453125,0.2469371853285601,61.425201416015625,3021.9873046875
2019-12-26,BKNG,277.0,81.05851745605469,22453.20933532715,0.22058958107871407,79.79021453857422,351.31990814208984
2019-12-26,ORLY,760.0,29.272666931152344,22247.22686767578,0.21856592443479347,29.134000778198242,105.38627624511719
2019-12-27,AAPL,360.0,69.79308319091797,25125.50994873047,0.2468807019089093,61.425201416015625,3012.4374389648438
2019-12-27,BKNG,277.0,81.38129425048828,22542.618507385254,0.22150147365463693,79.79021453857422,440.7290802001953
2019-12-27,ORLY,760.0,29.1473331451416,22151.973190307617,0.21766303255336775,29.134000778198242,10.132598876953125
2019-12-30,AAPL,360.0,70.20734405517578,25274.64385986328,0.24844063896724916,61.425201416015625,3161.5713500976562
2019-12-30,BKNG,277.0,80.64818572998047,22339.54744720459,0.21958969917816717,79.79021453857422,237.65802001953125
2019-12-30,ORLY,760.0,29.167333602905273,22167.173538208008,0.2178953257844277,29.134000778198242,25.33294677734375
2019-12-31,AAPL,360.0,70.72029113769531,25459.304809570312,0.2497129796712497,61.425201416015625,3346.2322998046875
2019-12-31,BKNG,277.0,80.6427001953125,22338.027954101562,0.2190985010046908,79.79021453857422,236.1385269165039
2019-12-31,ORLY,760.0,29.21733283996582,22205.172958374023,0.21779541684369425,29.134000778198242,63.332366943359375
2020-01-02,BABA,110.0,208.7144775390625,22958.592529296875,0.22425990974942883,208.7144775390625,0.0
2020-01-02,RMD,156.0,147.53623962402344,23015.653381347656,0.2248172810915442,147.53623962402344,0.0
2020-01-02,TSLA,804.0,28.68400001525879,23061.936012268066,0.2252693705922369,28.68400001525879,0.0
2020-01-03,BABA,110.0,206.0838165283203,22669.219818115234,0.22084410162631704,208.7144775390625,-289.3727111816406
2020-01-03,RMD,156.0,146.76129150390625,22894.761474609375,0.22304133403693388,147.53623962402344,-120.89190673828125
2020-01-03,TSLA,804.0,29.534000396728516,23745.336318969727,0.23132765526350726,28.68400001525879,683.4003067016602
2020-01-06,BABA,110.0,205.74192810058594,22631.612091064453,0.21934794647041603,208.7144775390625,-326.9804382324219
2020-01-06,RMD,156.0,147.46066284179688,23003.863403320312,0.22295584504103877,147.53623962402344,-11.78997802734375
2020-01-06,TSLA,804.0,30.1026668548584,24202.544151306152,0.23457358395801708,28.68400001525879,1140.608139038086
2020-01-07,BABA,110.0,206.68212890625,22735.0341796875,0.21841807253701262,208.7144775390625,-223.558349609375
2020-01-07,RMD,156.0,146.62904357910156,22874.130798339844,0.21975438965456526,147.53623962402344,-141.5225830078125
2020-01-07,TSLA,804.0,31.270666122436523,25141.615562438965,0.24153837501246103,28.68400001525879,2079.6795501708984
2020-01-08,BABA,110.0,207.03350830078125,22773.685913085938,0.21580216666658292,208.7144775390625,-184.9066162109375
2020-01-08,RMD,156.0,147.68748474121094,23039.247619628906,0.21831861445963507,147.53623962402344,23.59423828125
2020-01-08,TSLA,804.0,32.80933380126953,26378.704376220703,0.24996311883684577,28.68400001525879,3316.7683639526367
2020-01-09,BABA,110.0,210.6233673095703,23168.570404052734,0.21952506241649963,208.7144775390625,209.97787475585938
2020-01-09,RMD,156.0,148.92552185058594,23232.381408691406,0.22012967955652454,147.53623962402344,216.72802734375
2020-01-09,TSLA,804.0,32.089332580566406,25799.82339477539,0.24445650906807861,28.68400001525879,2737.887382507324
2020-01-10,BABA,110.0,212.5702362060547,23382.725982666016,0.2216771931050361,208.7144775390625,424.1334533691406
2020-01-10,RMD,156.0,148.27345275878906,23130.658630371094,0.2192874981151714,147.53623962402344,115.0052490234375
2020-01-10,TSLA,804.0,31.876667022705078,25628.840286254883,0.24297121650426526,28.68400001525879,2566.9042739868164
2020-01-13,BABA,110.0,218.88571166992188,24077.428283691406,0.2211316255914359,208.7144775390625,1118.8357543945312
2020-01-13,RMD,156.0,149.5776824951172,23334.11846923828,0.2143049285849528,147.53623962402344,318.465087890625
2020-01-13,TSLA,804.0,34.990665435791016,28132.495010375977,0.2583741203707008,28.68400001525879,5070.55899810791
2020-01-14,BABA,110.0,215.096435546875,23660.60791015625,0.21672511057181437,208.7144775390625,702.015380859375
2020-01-14,RMD,156.0,149.62493896484375,23341.490478515625,0.21380207660242845,147.53623962402344,325.83709716796875
2020-01-14,TSLA,804.0,35.861331939697266,28832.5108795166,0.2640984175957722,28.68400001525879,5770.574867248535
2020-01-15,BABA,110.0,213.73834228515625,23511.217651367188,0.2176117842199757,208.7144775390625,552.6251220703125
2020-01-15,RMD,156.0,150.00294494628906,23400.459411621094,0.21658664385822973,147.53623962402344,384.8060302734375
2020-01-15,TSLA,804.0,34.56666564941406,27791.599182128906,0.25722953077242294,28.68400001525879,4729.66316986084
2020-01-16,BABA,110.0,212.67469787597656,23394.216766357422,0.2167077683287517,208.7144775390625,435.6242370605469
2020-01-16,RMD,156.0,151.90257263183594,23696.801330566406,0.21951070147651813,147.53623962402344,681.14794921875
2020-01-16,TSLA,804.0,34.232666015625,27523.0634765625,0.25495453526590217,28.68400001525879,4461.127464294434
2020-01-17,BABA,110.0,215.98912048339844,23758.803253173828,0.2197171967337184,208.7144775390625,800.2107238769531
2020-01-17,RMD,156.0,151.75135803222656,23673.211853027344,0.21892566265246424,147.53623962402344,657.5584716796875
2020-01-17,TSLA,804.0,34.03333282470703,27362.799591064453,0.2530463153750007,28.68400001525879,4300.863578796387
2020-01-21,BABA,110.0,211.07920837402344,23218.712921142578,0.2115357911409486,208.7144775390625,260.1203918457031
2020-01-21,RMD,156.0,153.04611206054688,23875.193481445312,0.21751670555097344,147.53623962402344,859.5401000976562
2020-01-21,TSLA,804.0,36.47999954223633,29329.919631958008,0.2672123891844633,28.68400001525879,6267.983619689941
2020-01-22,BABA,110.0,211.1836700439453,23230.203704833984,0.20865647212258637,208.7144775390625,271.6111755371094
2020-01-22,RMD,156.0,155.35208129882812,24234.924682617188,0.21768099628757137,147.53623962402344,1219.2713012695312
2020-01-22,TSLA,804.0,37.97066879272461,30528.417709350586,0.2742099044698543,28.68400001525879,7466.4816970825195
2020-01-23,BABA,110.0,208.10667419433594,22891.734161376953,0.20680098678463188,208.7144775390625,-66.85836791992188
2020-01-23,RMD,156.0,152.52633666992188,23794.108520507812,0.2149529208671211,147.53623962402344,778.4551391601562
2020-01-23,TSLA,804.0,38.14666748046875,30669.920654296875,0.27706812473019937,28.68400001525879,7607.984642028809
2020-01-24,BABA,110.0,202.997314453125,22329.70458984375,0.2032109875720482,208.7144775390625,-628.887939453125
2020-01-24,RMD,156.0,153.4713592529297,23941.53204345703,0.21787938801266443,147.53623962402344,925.878662109375
2020-01-24,TSLA,804.0,37.654666900634766,30274.35218811035,0.27551107904258,28.68400001525879,7212.416175842285
2020-01-27,BABA,110.0,195.1338348388672,21464.72183227539,0.19802515928043846,208.7144775390625,-1493.8706970214844
2020-01-27,RMD,156.0,151.7985382080078,23680.57196044922,0.21846772909345186,147.53623962402344,664.9185791015625
2020-01-27,TSLA,804.0,37.201332092285156,29909.871002197266,0.2759368146276889,28.68400001525879,6847.934989929199
2020-01-28,BABA,110.0,199.65438842773438,21961.98272705078,0.20008682006955142,208.7144775390625,-996.6098022460938
2020-01-28,RMD,156.0,154.33139038085938,24075.696899414062,0.21934402250615978,147.53623962402344,1060.0435180664062
2020-01-28,TSLA,804.0,37.793331146240234,30385.83824157715,0.27683319053959493,28.68400001525879,7323.902229309082
2020-01-29,BABA,110.0,201.35433959960938,22148.97735595703,0.19939849684319777,208.7144775390625,-809.6151733398438
2020-01-29,RMD,156.0,156.7318572998047,24450.16973876953,0.2201152231599737,147.53623962402344,1434.516357421875
2020-01-29,TSLA,804.0,38.732666015625,31141.0634765625,0.28035069734969553,28.68400001525879,8079.127464294434
2020-01-30,BABA,110.0,198.08740234375,21789.6142578125,0.19136024119457432,208.7144775390625,-1168.978271484375
2020-01-30,RMD,156.0,156.35389709472656,24391.207946777344,0.2142078965004546,147.53623962402344,1375.5545654296875
2020-01-30,TSLA,804.0,42.72066879272461,34347.417709350586,0.3016450892385816,28.68400001525879,11285.48169708252
2020-01-31,BABA,110.0,196.19749450683594,21581.724395751953,0.19060355397390094,208.7144775390625,-1376.8681335449219
2020-01-31,RMD,156.0,150.2392120361328,23437.31707763672,0.20699161237968874,147.53623962402344,421.6636962890625
2020-01-31,TSLA,804.0,43.371334075927734,34870.5525970459,0.30796664493311043,28.68400001525879,11808.616584777832
2020-02-03,BABA,134.0,202.38002014160156,27118.92269897461,0.22384929832352668,207.57994785593516,-696.7903137207031
2020-02-03,FICO,65.0,415.8299865722656,27028.949127197266,0.22310662424559285,415.8299865722656,0.0
2020-02-03,GOOG,370.0,73.69198608398438,27266.03485107422,0.22506361470282765,73.69198608398438,0.0
2020-02-04,BABA,134.0,211.66802978515625,28363.515991210938,0.23238644536974112,207.57994785593516,547.802978515625
2020-02-04,FICO,65.0,421.5799865722656,27402.699127197266,0.22451433192130166,415.8299865722656,373.75
2020-02-04,GOOG,370.0,71.76431274414062,26552.79571533203,0.21755094864920738,73.69198608398438,-713.2391357421875
2020-02-05,BABA,134.0,209.14183044433594,28025.005279541016,0.23154280906052835,207.57994785593516,209.29226684570312
2020-02-05,FICO,65.0,410.80999755859375,26702.649841308594,0.22061749826430446,415.8299865722656,-326.2992858886719
2020-02-05,GOOG,370.0,71.82184600830078,26574.08302307129,0.21955527822367626,73.69198608398438,-691.9518280029297
2020-02-06,BABA,134.0,209.78761291503906,28111.540130615234,0.23075266036599928,207.57994785593516,295.8271179199219
2020-02-06,FICO,65.0,413.7200012207031,26891.800079345703,0.2207404639342969,415.8299865722656,-137.1490478515625
2020-02-06,GOOG,370.0,73.21044158935547,27087.863388061523,0.22234984320971637,73.69198608398438,-178.1714630126953
2020-02-07,BABA,134.0,205.637451171875,27555.41845703125,0.22665075932983098,207.57994785593516,-260.2945556640625
2020-02-07,FICO,65.0,417.6000061035156,27144.000396728516,0.2232667346627758,415.8299865722656,115.05126953125
2020-02-07,GOOG,370.0,73.35923767089844,27142.917938232422,0.22325783114928116,73.69198608398438,-123.11691284179688
2020-02-10,BABA,134.0,204.9156951904297,27458.703155517578,0.22478018227917204,207.57994785593516,-357.0098571777344
2020-02-10,FICO,65.0,419.7200012207031,27281.800079345703,0.22333203283517072,415.8299865722656,252.8509521484375
2020-02-10,GOOG,370.0,74.81974029541016,27683.303909301758,0.22661879053716993,73.69198608398438,417.26905822753906
2020-02-11,BABA,134.0,206.2832489013672,27641.955352783203,0.22689841679160608,207.57994785593516,-173.75765991210938
2020-02-11,FICO,65.0,411.75,26763.75,0.2196896863808481,415.8299865722656,-265.1991271972656
2020-02-11,GOOG,370.0,74.8251953125,27685.322265625,0.2272543931955674,73.69198608398438,419.28741455078125
2020-02-12,BABA,134.0,213.02609252929688,28545.49639892578,0.23240590862693483,207.57994785593516,729.7833862304688
2020-02-12,FICO,65.0,410.57000732421875,26687.05047607422,0.21727519212797097,415.8299865722656,-341.8986511230469
2020-02-12,GOOG,370.0,75.29532623291016,27859.270706176758,0.22681893604752346,73.69198608398438,593.2358551025391
2020-02-13,BABA,134.0,209.2747802734375,28042.820556640625,0.22846234322995565,207.57994785593516,227.1075439453125
2020-02-13,FICO,65.0,418.0899963378906,27175.84976196289,0.22139920994548623,415.8299865722656,146.900634765625
2020-02-13,GOOG,370.0,75.11630249023438,27793.03192138672,0.22642733762818118,73.69198608398438,526.9970703125
2020-02-14,BABA,134.0,208.58151245117188,27949.92266845703,0.2268912329701535,207.57994785593516,134.20965576171875
2020-02-14,FICO,65.0,424.5799865722656,27597.699127197266,0.22403196088895624,415.8299865722656,568.75
2020-02-14,GOOG,370.0,75.41783142089844,27904.597625732422,0.22652329439121005,73.69198608398438,638.5627746582031
2020-02-18,BABA,134.0,209.42674255371094,28063.183502197266,0.22692335929432933,207.57994785593516,247.47048950195312
2020-02-18,FICO,65.0,430.54998779296875,27985.74920654297,0.2262972132801721,415.8299865722656,956.8000793457031
2020-02-18,GOOG,370.0,75.36476135253906,27884.961700439453,0.2254822294969489,73.69198608398438,618.9268493652344
2020-02-19,BABA,134.0,210.9652557373047,28269.344268798828,0.2278260177384795,207.57994785593516,453.6312561035156
2020-02-19,FICO,65.0,431.7799987792969,28065.699920654297,0.22618482364386003,415.8299865722656,1036.7507934570312
2020-02-19,GOOG,370.0,75.71290588378906,28013.775177001953,0.2257663559406151,73.69198608398438,747.7403259277344
2020-02-20,BABA,134.0,207.0714874267578,27747.579315185547,0.22623997029543907,207.57994785593516,-68.13369750976562
2020-02-20,FICO,65.0,420.1199951171875,27307.799682617188,0.222654225756118,415.8299865722656,278.8505554199219
2020-02-20,GOOG,370.0,75.28939056396484,27857.074508666992,0.22713273968044911,73.69198608398438,591.0396575927734
2020-02-21,BABA,134.0,201.89566040039062,27054.018493652344,0.22422579633771342,207.57994785593516,-761.6945190429688
2020-02-21,FICO,65.0,409.4800109863281,26616.200714111328,0.22059712874101509,415.8299865722656,-412.7484130859375
2020-02-21,GOOG,370.0,73.65083312988281,27250.80825805664,0.22585680511539344,73.69198608398438,-15.226593017578125
2020-02-24,BABA,134.0,195.78912353515625,26235.742553710938,0.22190171589531707,207.57994785593516,-1579.970458984375
2020-02-24,FICO,65.0,402.7099914550781,26176.149444580078,0.22139767782036637,415.8299865722656,-852.7996826171875
2020-02-24,GOOG,370.0,70.50068664550781,26085.25405883789,0.22062888532204597,73.69198608398438,-1180.7807922363281
2020-02-25,BABA,134.0,195.2667999267578,26165.751190185547,0.22411426318291852,207.57994785593516,-1649.9618225097656
2020-02-25,FICO,65.0,390.3800048828125,25374.700317382812,0.21733877326062317,415.8299865722656,-1654.2488098144531
2020-02-25,GOOG,370.0,68.8572006225586,25477.16423034668,0.2182163947051529,73.69198608398438,-1788.870620727539
2020-02-26,BABA,134.0,198.23934936523438,26564.072814941406,0.22658700071425042,207.57994785593516,-1251.6401977539062
2020-02-26,FICO,65.0,390.3599853515625,25373.399047851562,0.21643075699388697,415.8299865722656,-1655.5500793457031
2020-02-26,GOOG,370.0,69.09176635742188,25563.953552246094,0.21805615434632392,73.69198608398438,-1702.081298828125
2020-02-27,BABA,134.0,194.71597290039062,26091.940368652344,0.229261269616161,207.57994785593516,-1723.7726440429688
2020-02-27,FICO,65.0,366.1000061035156,23796.500396728516,0.20909199608358764,415.8299865722656,-3232.44873046875
2020-02-27,GOOG,370.0,65.36783599853516,24186.099319458008,0.2125152732490285,73.69198608398438,-3079.935531616211
2020-02-28,BABA,134.0,197.53656005859375,26469.899047851562,0.22972974340165253,207.57994785593516,-1345.81396484375
2020-02-28,FICO,65.0,376.0299987792969,24441.949920654297,0.21212936525965706,415.8299865722656,-2586.9992065429688
2020-02-28,GOOG,370.0,66.42118835449219,24575.83969116211,0.2132913818796397,73.69198608398438,-2690.1951599121094
2020-03-02,BABA,134.0,200.3666534423828,26849.131561279297,0.22902655657348395,207.57994785593516,-966.5814514160156
2020-03-02,FICO,65.0,387.05999755859375,25158.899841308594,0.21460866191075906,415.8299865722656,-1870.0492858886719
2020-03-02,GOOG,370.0,68.88992309570312,25489.271545410156,0.21742677517475803,73.69198608398438,-1776.7633056640625
2020-03-03,BABA,134.0,196.9762420654297,26394.816436767578,0.2295953561382247,207.57994785593516,-1420.8965759277344
2020-03-03,FICO,65.0,372.6099853515625,24219.649047851562,0.21067465886742437,415.8299865722656,-2809.300079345703
2020-03-03,GOOG,370.0,66.52336120605469,24613.643646240234,0.21410182155864033,73.69198608398438,-2652.3912048339844
2020-03-04,BABA,134.0,201.29736328125,26973.8466796875,0.2293658098684313,207.57994785593516,-841.8663330078125
2020-03-04,FICO,65.0,391.57000732421875,25452.05047607422,0.2164255710199873,415.8299865722656,-1576.8986511230469
2020-03-04,GOOG,370.0,68.76148223876953,25441.748428344727,0.21633796996149393,73.69198608398438,-1824.2864227294922
2020-03-05,BABA,134.0,200.822509765625,26910.21630859375,0.23283977866986502,207.57994785593516,-905.4967041015625
2020-03-05,FICO,65.0,380.3999938964844,24725.999603271484,0.21394091407501425,415.8299865722656,-2302.9495239257812
2020-03-05,GOOG,370.0,65.41494750976562,24203.53057861328,0.20942026769045036,73.69198608398438,-3062.5042724609375
2020-03-06,BABA,134.0,194.3455810546875,26042.307861328125,0.2307345591479877,207.57994785593516,-1773.4051513671875
2020-03-06,FICO,65.0,357.92999267578125,23265.44952392578,0.2061316250413533,415.8299865722656,-3763.4996032714844
2020-03-06,GOOG,370.0,64.391845703125,23824.98291015625,0.21108908464470058,73.69198608398438,-3441.0519409179688
2020-03-09,BABA,134.0,187.7167205810547,25154.040557861328,0.233504738712549,207.57994785593516,-2661.6724548339844
2020-03-09,FICO,65.0,315.8599853515625,20530.899047851562,0.19058815647031405,415.8299865722656,-6498.050079345703
2020-03-09,GOOG,370.0,60.2830810546875,22304.739990234375,0.20705470643933171,73.69198608398438,-4961.294860839844
2020-03-10,BABA,134.0,196.00755310058594,26265.012115478516,0.23583570079468383,207.57994785593516,-1550.7008972167969
2020-03-10,FICO,65.0,336.55999755859375,21876.399841308594,0.19642999077085052,415.8299865722656,-5152.549285888672
2020-03-10,GOOG,370.0,63.49818420410156,23494.328155517578,0.21095750197622984,73.69198608398438,-3771.7066955566406
2020-03-11,BABA,134.0,188.90383911132812,25313.11444091797,0.23482768666547008,207.57994785593516,-2502.5985717773438
2020-03-11,FICO,65.0,314.5400085449219,20445.100555419922,0.1896675210898335,415.8299865722656,-6583.848571777344
2020-03-11,GOOG,370.0,60.27564239501953,22301.987686157227,0.20689371071291135,73.69198608398438,-4964.047164916992
2020-03-12,BABA,134.0,175.78855895996094,23555.666900634766,0.23118448171237363,207.57994785593516,-4260.046112060547
2020-03-12,FICO,65.0,279.1300048828125,18143.450317382812,0.17806688198606324,415.8299865722656,-8885.498809814453
2020-03-12,GOOG,370.0,55.29155731201172,20457.876205444336,0.20078155831640243,73.69198608398438,-6808.158645629883
2020-03-13,BABA,134.0,184.24082946777344,24688.27114868164,0.23173969546434758,207.57994785593516,-3127.441864013672
2020-03-13,FICO,65.0,303.54998779296875,19730.74920654297,0.1852052654829924,415.8299865722656,-7298.199920654297
2020-03-13,GOOG,370.0,60.4898796081543,22381.25545501709,0.21008459004762653,73.69198608398438,-4884.779396057129
2020-03-16,BABA,134.0,169.8529510498047,22760.295440673828,0.2321638888788854,207.57994785593516,-5055.417572021484
2020-03-16,FICO,65.0,240.67999267578125,15644.199523925781,0.1595769356043249,415.8299865722656,-11384.749603271484
2020-03-16,GOOG,370.0,53.7750129699707,19896.75479888916,0.20295465769415233,73.69198608398438,-7369.280052185059
2020-03-17,BABA,134.0,175.5131378173828,23518.760467529297,0.23572875736682394,207.57994785593516,-4296.952545166016
2020-03-17,FICO,65.0,245.69000244140625,15969.850158691406,0.16006595834164628,415.8299865722656,-11059.09896850586
2020-03-17,GOOG,370.0,55.5340690612793,20547.60555267334,0.20594884371064717,73.69198608398438,-6718.429298400879
2020-03-18,BABA,134.0,170.94509887695312,22906.64324951172,0.23726038280509357,207.57994785593516,-4909.069763183594
2020-03-18,FICO,65.0,212.0,13780.0,0.1427292527954257,415.8299865722656,-13248.949127197266
2020-03-18,GOOG,370.0,54.3934326171875,20125.570068359375,0.20845483149048752,73.69198608398438,-7140.464782714844
2020-03-19,BABA,134.0,171.7808380126953,23018.632293701172,0.23221027018536938,207.57994785593516,-4797.080718994141
2020-03-19,FICO,65.0,244.77999877929688,15910.699920654297,0.16050597100091257,415.8299865722656,-11118.249206542969
2020-03-19,GOOG,370.0,55.310401916503906,20464.848709106445,0.20644788914520762,73.69198608398438,-6801.186141967773
2020-03-20,BABA,134.0,172.17971801757812,23072.08221435547,0.2350082428403384,207.57994785593516,-4743.630798339844
2020-03-20,FICO,65.0,241.42999267578125,15692.949523925781,0.15984567228636448,415.8299865722656,-11335.999603271484
2020-03-20,GOOG,370.0,53.179405212402344,19676.379928588867,0.2004202060965025,73.69198608398438,-7589.654922485352
2020-03-23,BABA,134.0,167.46922302246094,22440.875885009766,0.23233729705159262,207.57994785593516,-5374.837127685547
2020-03-23,FICO,65.0,231.13999938964844,15024.099960327148,0.15554913245374113,415.8299865722656,-12004.849166870117
2020-03-23,GOOG,370.0,52.400794982910156,19388.294143676758,0.20073297846596597,73.69198608398438,-7877.740707397461
2020-03-24,BABA,134.0,176.40585327148438,23638.384338378906,0.23244538629634948,207.57994785593516,-4177.328674316406
2020-03-24,FICO,65.0,269.30999755859375,17505.149841308594,0.17213491661661948,415.8299865722656,-9523.799285888672
2020-03-24,GOOG,370.0,56.2610969543457,20816.60587310791,0.20469774601715693,73.69198608398438,-6449.428977966309
2020-03-25,BABA,134.0,179.07449340820312,23995.98211669922,0.23655198372363723,207.57994785593516,-3819.7308959960938
2020-03-25,FICO,65.0,268.92999267578125,17480.44952392578,0.1723219742020024,415.8299865722656,-9548.499603271484
2020-03-25,GOOG,370.0,54.675621032714844,20229.979782104492,0.19942679673925998,73.69198608398438,-7036.055068969727
2020-03-26,BABA,134.0,185.4944305419922,24856.253692626953,0.2350854817754943,207.57994785593516,-2959.4593200683594
2020-03-26,FICO,65.0,305.0,19825.0,0.18750088946757199,415.8299865722656,-7203.949127197266
2020-03-26,GOOG,370.0,57.61448669433594,21317.360076904297,0.20161533293922143,73.69198608398438,-5948.674774169922
2020-03-27,BABA,134.0,179.10296630859375,23999.797485351562,0.23293146995004066,207.57994785593516,-3815.91552734375
2020-03-27,FICO,65.0,291.05999755859375,18918.899841308594,0.18361851397135023,415.8299865722656,-8110.049285888672
2020-03-27,GOOG,370.0,55.083274841308594,20380.81169128418,0.19780718686994608,73.69198608398438,-6885.223159790039
2020-03-30,BABA,134.0,181.64816284179688,24340.85382080078,0.23068089574893746,207.57994785593516,-3474.8591918945312
2020-03-30,FICO,65.0,313.8299865722656,20398.949127197266,0.19332304000682182,415.8299865722656,-6630.0
2020-03-30,GOOG,370.0,56.874061584472656,21043.402786254883,0.19943059680965877,73.69198608398438,-6222.632064819336
2020-03-31,BABA,134.0,184.69668579101562,24749.355895996094,0.23388113050793996,207.57994785593516,-3066.3571166992188
2020-03-31,FICO,65.0,307.69000244140625,19999.850158691406,0.18899835554350244,415.8299865722656,-7029.098968505859
2020-03-31,GOOG,370.0,57.66705322265625,21336.809692382812,0.20163260786494167,73.69198608398438,-5929.225158691406
2020-04-01,BABA,134.0,178.1248016357422,23868.723419189453,0.23249439341483494,207.57994785593516,-3946.9895935058594
2020-04-01,FICO,65.0,288.82000732421875,18773.30047607422,0.18286219291771094,415.8299865722656,-8255.648651123047
2020-04-01,GOOG,370.0,54.83083724975586,20287.409782409668,0.19761044394722374,73.69198608398438,-6978.625068664551
2020-04-02,BABA,134.0,179.39736938476562,24039.247497558594,0.23400426168334268,207.57994785593516,-3776.4655151367188
2020-04-02,FICO,65.0,282.9200134277344,18389.800872802734,0.17901108494269355,415.8299865722656,-8639.148254394531
2020-04-02,GOOG,370.0,55.58564758300781,20566.68960571289,0.2002014837171628,73.69198608398438,-6699.345245361328
2020-04-03,BABA,134.0,177.6974334716797,23811.456085205078,0.23612798319416767,207.57994785593516,-4004.2569274902344
2020-04-03,FICO,65.0,263.8500061035156,17150.250396728516,0.17007166730852194,415.8299865722656,-9878.69873046875
2020-04-03,GOOG,370.0,54.446998596191406,20145.38948059082,0.199773175218316,73.69198608398438,-7120.645370483398
2020-04-06,BABA,134.0,186.5675811767578,25000.055877685547,0.23558845992601274,207.57994785593516,-2815.6571350097656
2020-04-06,FICO,65.0,301.6000061035156,19604.000396728516,0.18473863756346862,415.8299865722656,-7424.94873046875
2020-04-06,GOOG,370.0,58.86274337768555,21779.215049743652,0.20523681055234333,73.69198608398438,-5486.819801330566
2020-04-07,BABA,134.0,188.03961181640625,25197.307983398438,0.23760606780862006,207.57994785593516,-2618.405029296875
2020-04-07,FICO,65.0,297.5899963378906,19343.34976196289,0.18240429803910027,415.8299865722656,-7685.599365234375
2020-04-07,GOOG,370.0,58.842411041259766,21771.692085266113,0.20530312799004122,73.69198608398438,-5494.3427658081055
2020-04-08,BABA,134.0,186.12123107910156,24940.24496459961,0.23434096283153089,207.57994785593516,-2875.468048095703
2020-04-08,FICO,65.0,300.69000244140625,19544.850158691406,0.1836453094621508,415.8299865722656,-7484.098968505859
2020-04-08,GOOG,370.0,60.0212287902832,22207.854652404785,0.20866715820370366,73.69198608398438,-5058.180198669434
2020-04-09,BABA,134.0,186.49160766601562,24989.875427246094,0.23459040472907805,207.57994785593516,-2825.8375854492188
2020-04-09,FICO,65.0,301.1099853515625,19572.149047851562,0.18373194295908174,415.8299865722656,-7456.800079345703
2020-04-09,GOOG,370.0,60.07925033569336,22229.322624206543,0.20867594184084087,73.69198608398438,-5036.712226867676
2020-04-13,BABA,134.0,189.40716552734375,25380.560180664062,0.23758737545260797,207.57994785593516,-2435.15283203125
2020-04-13,FICO,65.0,298.0,19370.0,0.18132253306304316,415.8299865722656,-7658.949127197266
2020-04-13,GOOG,370.0,60.38226318359375,22341.437377929688,0.20913815269156244,73.69198608398438,-4924.597473144531
2020-04-14,BABA,134.0,194.47854614257812,26060.12518310547,0.23812120614049465,207.57994785593516,-1755.5878295898438
2020-04-14,FICO,65.0,313.17999267578125,20356.69952392578,0.18600685183275092,415.8299865722656,-6672.249603271484
2020-04-14,GOOG,370.0,62.94472122192383,23289.546852111816,0.2128053855430316,73.69198608398438,-3976.4879989624023
2020-04-15,BABA,134.0,197.69801330566406,26491.533782958984,0.24184642724824965,207.57994785593516,-1324.1792297363281
2020-04-15,FICO,65.0,309.9599914550781,20147.399444580078,0.1839295759141514,415.8299865722656,-6881.5496826171875
2020-04-15,GOOG,370.0,62.6094856262207,23165.50968170166,0.21148249843911116,73.69198608398438,-4100.525169372559
2020-04-16,BABA,134.0,201.96214294433594,27062.927154541016,0.2469700329005344,207.57994785593516,-752.7858581542969
2020-04-16,FICO,65.0,301.5199890136719,19598.799285888672,0.17885412308899912,415.8299865722656,-7430.149841308594
2020-04-16,GOOG,370.0,62.65907287597656,23183.856964111328,0.2115705327990403,73.69198608398438,-4082.1778869628906
2020-04-17,BABA,134.0,198.9611053466797,26660.788116455078,0.24085187186397353,207.57994785593516,-1154.9248962402344
2020-04-17,FICO,65.0,319.260009765625,20751.900634765625,0.18747135646502608,415.8299865722656,-6277.048492431641
2020-04-17,GOOG,370.0,63.640018463134766,23546.806831359863,0.21272036209057496,73.69198608398438,-3719.2280197143555
2020-04-20,BABA,134.0,201.45880126953125,26995.479370117188,0.2455289103444639,207.57994785593516,-820.233642578125
2020-04-20,FICO,65.0,307.3399963378906,19977.09976196289,0.18169544126810241,415.8299865722656,-7051.849365234375
2020-04-20,GOOG,370.0,62.814796447753906,23241.474685668945,0.211385538894617,73.69198608398438,-4024.5601654052734
2020-04-21,BABA,134.0,196.90975952148438,26385.907775878906,0.24570040238818167,207.57994785593516,-1429.8052368164062
2020-04-21,FICO,65.0,291.55999755859375,18951.399841308594,0.17647172143478554,415.8299865722656,-8077.549285888672
2020-04-21,GOOG,370.0,60.32175827026367,22319.05055999756,0.20783062497196605,73.69198608398438,-4946.98429107666
2020-04-22,BABA,134.0,199.39797973632812,26719.32928466797,0.24426905155783768,207.57994785593516,-1096.3837280273438
2020-04-22,FICO,65.0,303.8800048828125,19752.200317382812,0.1805753125875097,415.8299865722656,-7276.748809814453
2020-04-22,GOOG,370.0,62.646175384521484,23179.08489227295,0.21190401234596246,73.69198608398438,-4086.9499588012695
2020-04-23,BABA,134.0,194.9154052734375,26118.664306640625,0.23979842889118902,207.57994785593516,-1697.0487060546875
2020-04-23,FICO,65.0,302.260009765625,19646.900634765625,0.18038043023510442,415.8299865722656,-7382.048492431641
2020-04-23,GOOG,370.0,63.29584884643555,23419.464073181152,0.21501676442139658,73.69198608398438,-3846.5707778930664
2020-04-24,BABA,134.0,194.07968139648438,26006.677307128906,0.23921223287358728,207.57994785593516,-1809.0357055664062
2020-04-24,FICO,65.0,300.0400085449219,19502.600555419922,0.17938703090013078,415.8299865722656,-7526.348571777344
2020-04-24,GOOG,370.0,63.44462585449219,23474.51156616211,0.2159210983026735,73.69198608398438,-3791.5232849121094
2020-04-27,BABA,134.0,193.44338989257812,25921.41424560547,0.23738623205636294,207.57994785593516,-1894.2987670898438
2020-04-27,FICO,65.0,309.6600036621094,20127.90023803711,0.18432969557299686,415.8299865722656,-6901.048889160156
2020-04-27,GOOG,370.0,63.27451705932617,23411.571311950684,0.2144012918278565,73.69198608398438,-3854.463539123535
2020-04-28,BABA,134.0,191.03114318847656,25598.17318725586,0.23465771548442135,207.57994785593516,-2217.539825439453
2020-04-28,FICO,65.0,324.8900146484375,21117.850952148438,0.19358673074525337,415.8299865722656,-5911.098175048828
2020-04-28,GOOG,370.0,61.18119812011719,22637.04330444336,0.20751312323283957,73.69198608398438,-4628.991546630859
2020-04-29,BABA,134.0,196.3019561767578,26304.462127685547,0.23102802141061415,207.57994785593516,-1511.2508850097656
2020-04-29,FICO,65.0,356.989990234375,23204.349365234375,0.20380021062390088,415.8299865722656,-3824.5997619628906
2020-04-29,GOOG,370.0,66.5278091430664,24615.28938293457,0.21619227851854342,73.69198608398438,-2650.7454681396484
2020-04-30,BABA,134.0,192.4746856689453,25791.607879638672,0.22781294967217167,207.57994785593516,-2024.1051330566406
2020-04-30,FICO,65.0,352.94000244140625,22941.100158691406,0.20263489272423882,415.8299865722656,-4087.8489685058594
2020-04-30,GOOG,370.0,66.88389587402344,24747.041473388672,0.21858646967733056,73.69198608398438,-2518.993377685547
2020-05-01,BABA,134.0,184.69668579101562,24749.355895996094,0.22378254318492455,207.57994785593516,-3066.3571166992188
2020-05-01,FICO,65.0,336.6099853515625,21879.649047851562,0.19783478521612546,415.8299865722656,-5149.300079345703
2020-05-01,GOOG,370.0,65.49280548095703,24232.3380279541,0.21910769128701305,73.69198608398438,-3033.696823120117
2020-05-04,BABA,134.0,181.53419494628906,24325.582122802734,0.21937732088946618,207.57994785593516,-3490.130889892578
2020-05-04,FICO,65.0,345.8299865722656,22478.949127197266,0.20272368451616563,415.8299865722656,-4550.0
2020-05-04,GOOG,370.0,65.79978942871094,24345.922088623047,0.2195607544116782,73.69198608398438,-2920.112762451172
2020-05-05,BABA,134.0,185.20953369140625,24818.077514648438,0.22096665713175645,207.57994785593516,-2997.635498046875
2020-05-05,FICO,65.0,353.4100036621094,22971.65023803711,0.20452707341666473,415.8299865722656,-4057.2988891601562
2020-05-05,GOOG,370.0,67.00538635253906,24791.992950439453,0.22073441436627245,73.69198608398438,-2474.0419006347656
2020-05-06,BABA,134.0,185.3519744873047,24837.164581298828,0.22073954980855862,207.57994785593516,-2978.5484313964844
2020-05-06,FICO,65.0,357.29998779296875,23224.49920654297,0.20640703501403598,415.8299865722656,-3804.449920654297
2020-05-06,GOOG,370.0,66.81643676757812,24722.081604003906,0.21971675332486348,73.69198608398438,-2543.9532470703125
2020-05-07,BABA,134.0,186.6055908203125,25005.149169921875,0.21982035519342696,207.57994785593516,-2810.5638427734375
2020-05-07,FICO,65.0,366.5799865722656,23827.699127197266,0.20946938768447976,415.8299865722656,-3201.25
2020-05-07,GOOG,370.0,68.06916046142578,25185.58937072754,0.22140660563979447,73.69198608398438,-2080.4454803466797
2020-05-08,BABA,134.0,191.0691375732422,25603.264434814453,0.2227636243595473,207.57994785593516,-2212.4485778808594
2020-05-08,FICO,65.0,371.1000061035156,24121.500396728516,0.20987139616692568,415.8299865722656,-2907.44873046875
2020-05-08,GOOG,370.0,68.85321807861328,25475.690689086914,0.22165365691599168,73.69198608398438,-1790.3441619873047
2020-05-11,BABA,134.0,195.06735229492188,26139.02520751953,0.2259014575901761,207.57994785593516,-1676.6878051757812
2020-05-11,FICO,65.0,370.5799865722656,24087.699127197266,0.20817326964672384,415.8299865722656,-2941.25
2020-05-11,GOOG,370.0,69.59165954589844,25748.914031982422,0.22252999738933057,73.69198608398438,-1517.1208190917969
2020-05-12,BABA,134.0,190.2333984375,25491.275390625,0.22494524761893298,207.57994785593516,-2324.4376220703125
2020-05-12,FICO,65.0,351.5799865722656,22852.699127197266,0.20166139140370112,415.8299865722656,-4176.25
2020-05-12,GOOG,370.0,68.22686767578125,25243.941040039062,0.22276267001602168,73.69198608398438,-2022.0938110351562
2020-05-13,BABA,134.0,189.42616271972656,25383.10580444336,0.22538167822801575,207.57994785593516,-2432.607208251953
2020-05-13,FICO,65.0,349.94000244140625,22746.100158691406,0.20196717716123577,415.8299865722656,-4282.848968505859
2020-05-13,GOOG,370.0,66.9171142578125,24759.332275390625,0.21984306818182087,73.69198608398438,-2506.7025756835938
2020-05-14,BABA,134.0,191.17361450195312,25617.26434326172,0.2267407984266735,207.57994785593516,-2198.4486694335938
2020-05-14,FICO,65.0,349.9200134277344,22744.800872802734,0.20131635606561238,415.8299865722656,-4284.148254394531
2020-05-14,GOOG,370.0,67.25434875488281,24884.10903930664,0.22025157238122142,73.69198608398438,-2381.925811767578
2020-05-15,BABA,134.0,193.4338836669922,25920.140411376953,0.22785953776033172,207.57994785593516,-1895.5726013183594
2020-05-15,FICO,65.0,352.3599853515625,22903.399047851562,0.20133987846351498,415.8299865722656,-4125.550079345703
2020-05-15,GOOG,370.0,68.10040283203125,25197.149047851562,0.2215038438758457,73.69198608398438,-2068.8858032226562
2020-05-18,BABA,134.0,204.45033264160156,27396.34457397461,0.23544768972174235,207.57994785593516,-419.3684387207031
2020-05-18,FICO,65.0,366.6700134277344,23833.550872802734,0.2048285849126662,415.8299865722656,-3195.3982543945312
2020-05-18,GOOG,370.0,68.63352966308594,25394.405975341797,0.21824277332349254,73.69198608398438,-1871.6288757324219
2020-05-19,BABA,134.0,206.2737579345703,27640.683563232422,0.23712136466290426,207.57994785593516,-175.02944946289062
2020-05-19,FICO,65.0,369.0799865722656,23990.199127197266,0.20580492311495432,415.8299865722656,-3038.75
2020-05-19,GOOG,370.0,68.11503601074219,25202.56332397461,0.21620544205113185,73.69198608398438,-2063.4715270996094
2020-05-20,BABA,134.0,205.88438415527344,27588.50747680664,0.23366402652915805,207.57994785593516,-227.20553588867188
2020-05-20,FICO,65.0,383.6000061035156,24934.000396728516,0.21118137452985503,415.8299865722656,-2094.94873046875
2020-05-20,GOOG,370.0,69.76324462890625,25812.400512695312,0.21862108500252314,73.69198608398438,-1453.6343383789062
2020-05-21,BABA,134.0,201.4873046875,26999.298828125,0.2297603688950461,207.57994785593516,-816.4141845703125
2020-05-21,FICO,65.0,385.17999267578125,25036.69952392578,0.21305891516483869,415.8299865722656,-1992.2496032714844
2020-05-21,GOOG,370.0,69.56884002685547,25740.470809936523,0.21904791329849127,73.69198608398438,-1525.5640411376953
2020-05-22,BABA,134.0,189.6540985107422,25413.649200439453,0.2184444957024104,207.57994785593516,-2402.0638122558594
2020-05-22,FICO,65.0,389.3999938964844,25310.999603271484,0.21756216513624263,415.8299865722656,-1717.9495239257812
2020-05-22,GOOG,370.0,69.94673919677734,25880.293502807617,0.22245556386893936,73.69198608398438,-1385.7413482666016
2020-05-26,BABA,134.0,191.57247924804688,25670.71221923828,0.21906688692792886,207.57994785593516,-2145.0007934570312
2020-05-26,FICO,65.0,396.54998779296875,25775.74920654297,0.2199632440536919,415.8299865722656,-1253.1999206542969
2020-05-26,GOOG,370.0,70.27404022216797,26001.39488220215,0.22188884297331832,73.69198608398438,-1264.6399688720703
2020-05-27,BABA,134.0,191.0596466064453,25601.992645263672,0.21877603202343862,207.57994785593516,-2213.7203674316406
2020-05-27,FICO,65.0,394.94000244140625,25671.100158691406,0.21936657463393824,415.8299865722656,-1357.8489685058594
2020-05-27,GOOG,370.0,70.31471252441406,26016.443634033203,0.2223176291189273,73.69198608398438,-1249.5912170410156
2020-05-28,BABA,134.0,189.45465087890625,25386.923217773438,0.21705299260982566,207.57994785593516,-2428.789794921875
2020-05-28,FICO,65.0,397.6099853515625,25844.649047851562,0.22096645468480913,415.8299865722656,-1184.3000793457031
2020-05-28,GOOG,370.0,70.2596664428711,25996.076583862305,0.2222611290954385,73.69198608398438,-1269.958267211914
2020-05-29,BABA,134.0,196.95724487304688,26392.27081298828,0.22268483099184777,207.57994785593516,-1423.4421997070312
2020-05-29,FICO,65.0,402.6499938964844,26172.249603271484,0.22082840165131923,415.8299865722656,-856.6995239257812
2020-05-29,GOOG,370.0,70.86420440673828,26219.755630493164,0.2212292338388151,73.69198608398438,-1046.2792205810547
2020-06-01,ABT,319.0,83.4193115234375,26610.760375976562,0.22473936558514115,83.4193115234375,0.0
2020-06-01,CDNS,291.0,91.68000030517578,26678.880088806152,0.22531466598350874,91.68000030517578,0.0
2020-06-01,RGEN,205.0,129.9600067138672,26641.801376342773,0.22500152024103473,129.9600067138672,0.0
2020-06-02,ABT,319.0,83.06954193115234,26499.183876037598,0.22231161777943526,83.4193115234375,-111.57649993896484
2020-06-02,CDNS,291.0,92.37999725341797,26882.57920074463,0.2255280653230053,91.68000030517578,203.69911193847656
2020-06-02,RGEN,205.0,133.3699951171875,27340.848999023438,0.2293726629797257,129.9600067138672,699.0476226806641
2020-06-03,ABT,319.0,81.975341796875,26150.134033203125,0.22209500509478636,83.4193115234375,-460.6263427734375
2020-06-03,CDNS,291.0,92.95999908447266,27051.359733581543,0.22974918102608194,91.68000030517578,372.4796447753906
2020-06-03,RGEN,205.0,127.1500015258789,26065.750312805176,0.22137832797229423,129.9600067138672,-576.0510635375977
2020-06-04,ABT,319.0,79.15013885498047,25248.89429473877,0.21906541512673763,83.4193115234375,-1361.866081237793
2020-06-04,CDNS,291.0,91.2699966430664,26559.569023132324,0.23043714095837087,91.68000030517578,-119.31106567382812
2020-06-04,RGEN,205.0,121.81999969482422,24973.099937438965,0.21667255765479349,129.9600067138672,-1668.7014389038086
2020-06-05,ABT,319.0,80.5941162109375,25709.523071289062,0.222716706229081,83.4193115234375,-901.2373046875
2020-06-05,CDNS,291.0,91.4000015258789,26597.40044403076,0.23040821895936542,91.68000030517578,-81.47964477539062
2020-06-05,RGEN,205.0,120.26000213623047,24653.300437927246,0.21356685053962826,129.9600067138672,-1988.5009384155273
2020-06-08,ABT,319.0,83.01573944091797,26482.020881652832,0.22887847291199684,83.4193115234375,-128.73949432373047
2020-06-08,CDNS,291.0,92.12999725341797,26809.82920074463,0.2317116504786515,91.68000030517578,130.94911193847656
2020-06-08,RGEN,205.0,116.76000213623047,23935.800437927246,0.20687203127895007,129.9600067138672,-2706.0009384155273
2020-06-09,ABT,319.0,80.96185302734375,25826.831115722656,0.22467901369004165,83.4193115234375,-783.9292602539062
2020-06-09,CDNS,291.0,92.55999755859375,26934.95928955078,0.23431911022462124,91.68000030517578,256.0792007446289
2020-06-09,RGEN,205.0,115.66999816894531,23712.34962463379,0.20628420506040376,129.9600067138672,-2929.4517517089844
2020-06-10,ABT,319.0,82.65696716308594,26367.572525024414,0.2262074515529146,83.4193115234375,-243.18785095214844
2020-06-10,CDNS,291.0,93.19000244140625,27118.29071044922,0.23264786419985836,91.68000030517578,439.4106216430664
2020-06-10,RGEN,205.0,120.01000213623047,24602.050437927246,0.2110610344300034,129.9600067138672,-2039.7509384155273
2020-06-11,ABT,319.0,78.72859191894531,25114.420822143555,0.22295709023136223,83.4193115234375,-1496.3395538330078
2020-06-11,CDNS,291.0,88.41000366210938,25727.311065673828,0.22839811657620301,91.68000030517578,-951.5690231323242
2020-06-11,RGEN,205.0,113.77999877929688,23324.89974975586,0.2070703447621823,129.9600067138672,-3316.901626586914
2020-06-12,ABT,319.0,79.84073638916016,25469.19490814209,0.2235552434896482,83.4193115234375,-1141.5654678344727
2020-06-12,CDNS,291.0,89.45999908447266,26032.859733581543,0.22850279788829092,91.68000030517578,-646.0203552246094
2020-06-12,RGEN,205.0,116.83000183105469,23950.15037536621,0.21022186677235868,129.9600067138672,-2691.6510009765625
2020-06-15,ABT,319.0,80.31608581542969,25620.83137512207,0.22495390527782932,83.4193115234375,-989.9290008544922
2020-06-15,CDNS,291.0,90.8499984741211,26437.34955596924,0.23212303069857085,91.68000030517578,-241.53053283691406
2020-06-15,RGEN,205.0,113.94999694824219,23359.74937438965,0.2051013400440541,129.9600067138672,-3282.052001953125
2020-06-16,ABT,319.0,80.48648071289062,25675.18734741211,0.22353371275804626,83.4193115234375,-935.5730285644531
2020-06-16,CDNS,291.0,92.0199966430664,26777.819023132324,0.233133461688533,91.68000030517578,98.93893432617188
2020-06-16,RGEN,205.0,116.73999786376953,23931.699562072754,0.2083545324649571,129.9600067138672,-2710.1018142700195
2020-06-17,ABT,319.0,81.52689361572266,26007.079063415527,0.22502181220070033,83.4193115234375,-603.6813125610352
2020-06-17,CDNS,291.0,93.06999969482422,27083.369911193848,0.2343342350387881,91.68000030517578,404.4898223876953
2020-06-17,RGEN,205.0,117.12000274658203,24009.600563049316,0.2077389704448714,129.9600067138672,-2632.200813293457
2020-06-18,ABT,319.0,80.9708251953125,25829.693237304688,0.22468996801125687,83.4193115234375,-781.067138671875
2020-06-18,CDNS,291.0,93.7300033569336,27275.430976867676,0.2372662988050705,91.68000030517578,596.5508880615234
2020-06-18,RGEN,205.0,114.02999877929688,23376.14974975586,0.20334683386456964,129.9600067138672,-3265.651626586914
2020-06-19,ABT,319.0,81.32955932617188,25944.129425048828,0.22587857629181532,83.4193115234375,-666.6309509277344
2020-06-19,CDNS,291.0,91.9000015258789,26742.90044403076,0.23283295343027513,91.68000030517578,64.02035522460938
2020-06-19,RGEN,205.0,115.58999633789062,23695.949249267578,0.2063051410443539,129.9600067138672,-2945.8521270751953
2020-06-22,ABT,319.0,81.02459716796875,25846.84649658203,0.22244720821433786,83.4193115234375,-763.9138793945312
2020-06-22,CDNS,291.0,94.45999908447266,27487.859733581543,0.23657035523970465,91.68000030517578,808.9796447753906
2020-06-22,RGEN,205.0,118.94000244140625,24382.70050048828,0.20984624394226215,129.9600067138672,-2259.100875854492
2020-06-23,ABT,319.0,81.8856430053711,26121.52011871338,0.2239940332971422,83.4193115234375,-489.2402572631836
2020-06-23,CDNS,291.0,94.55000305175781,27514.050888061523,0.23593509117199407,91.68000030517578,835.1707992553711
2020-06-23,RGEN,205.0,119.54000091552734,24505.700187683105,0.21013825377939155,129.9600067138672,-2136.101188659668
2020-06-24,ABT,319.0,78.2980728149414,24977.08522796631,0.22022611263321185,83.4193115234375,-1633.675148010254
2020-06-24,CDNS,291.0,91.98999786376953,26769.089378356934,0.2360264393831575,91.68000030517578,90.20928955078125
2020-06-24,RGEN,205.0,113.13999938964844,23193.69987487793,0.2045017789067965,129.9600067138672,-3448.1015014648438
2020-06-25,ABT,319.0,80.37889099121094,25640.86622619629,0.22382570360002316,83.4193115234375,-969.8941497802734
2020-06-25,CDNS,291.0,92.66000366210938,26964.061065673828,0.23537621103348105,91.68000030517578,285.1809768676758
2020-06-25,RGEN,205.0,114.5199966430664,23476.599311828613,0.2049332621117678,129.9600067138672,-3165.20206451416
2020-06-26,ABT,319.0,79.56270599365234,25380.503211975098,0.2206113874469552,83.4193115234375,-1230.2571640014648
2020-06-26,CDNS,291.0,93.83999633789062,27307.438934326172,0.23736062049716508,91.68000030517578,628.5588455200195
2020-06-26,RGEN,205.0,116.5,23882.5,0.2075905042818848,129.9600067138672,-2759.3013763427734
2020-06-29,ABT,319.0,79.83177185058594,25466.335220336914,0.22007184674632724,83.4193115234375,-1144.4251556396484
2020-06-29,CDNS,291.0,94.02999877929688,27362.72964477539,0.23645987507999702,91.68000030517578,683.8495559692383
2020-06-29,RGEN,205.0,119.08999633789062,24413.449249267578,0.21097314612600834,129.9600067138672,-2228.3521270751953
2020-06-30,ABT,319.0,82.00223541259766,26158.713096618652,0.22187413060730532,83.4193115234375,-452.04727935791016
2020-06-30,CDNS,291.0,95.95999908447266,27924.359733581543,0.23685007040560116,91.68000030517578,1245.4796447753906
2020-06-30,RGEN,205.0,123.61000061035156,25340.05012512207,0.2149303587791462,129.9600067138672,-1301.7512512207031
2020-07-01,ABT,319.0,82.19059753417969,26218.80061340332,0.22144091705155702,83.4193115234375,-391.9597625732422
2020-07-01,CDNS,291.0,97.06999969482422,28247.369911193848,0.23857397558573448,91.68000030517578,1568.4898223876953
2020-07-01,RGEN,205.0,124.19000244140625,25458.95050048828,0.21502331205479686,129.9600067138672,-1182.8508758544922
2020-07-02,ABT,319.0,82.71975708007812,26387.602508544922,0.22120133864228111,83.4193115234375,-223.15786743164062
2020-07-02,CDNS,291.0,97.81999969482422,28465.619911193848,0.23862089129163794,91.68000030517578,1786.7398223876953
2020-07-02,RGEN,205.0,126.6500015258789,25963.250312805176,0.21764408959993153,129.9600067138672,-678.5510635375977
2020-07-06,ABT,319.0,83.38343048095703,26599.314323425293,0.2221063366208636,83.4193115234375,-11.446052551269531
2020-07-06,CDNS,291.0,98.73999786376953,28733.339378356934,0.23992561126248782,91.68000030517578,2054.4592895507812
2020-07-06,RGEN,205.0,126.58999633789062,25950.949249267578,0.2166924379893766,129.9600067138672,-690.8521270751953
2020-07-07,ABT,319.0,82.926025390625,26453.402099609375,0.22207367764473696,83.4193115234375,-157.3582763671875
2020-07-07,CDNS,291.0,98.7699966430664,28742.069023132324,0.24128680867025873,91.68000030517578,2063.188934326172
2020-07-07,RGEN,205.0,124.13999938964844,25448.69987487793,0.21363930246895357,129.9600067138672,-1193.1015014648438
2020-07-08,ABT,319.0,83.03365325927734,26487.735389709473,0.22141474824214274,83.4193115234375,-123.02498626708984
2020-07-08,CDNS,291.0,99.5999984741211,28983.59955596924,0.2422780318671251,91.68000030517578,2304.719467163086
2020-07-08,RGEN,205.0,125.27999877929688,25682.39974975586,0.214682833061503,129.9600067138672,-959.4016265869141
2020-07-09,ABT,319.0,84.01126861572266,26799.594688415527,0.22112252969259474,83.4193115234375,188.83431243896484
2020-07-09,CDNS,291.0,101.52999877929688,29545.22964477539,0.24377666883989857,91.68000030517578,2866.3495559692383
2020-07-09,RGEN,205.0,128.6699981689453,26377.34962463379,0.21763860026234896,129.9600067138672,-264.4517517089844
2020-07-10,ABT,319.0,83.44620513916016,26619.33943939209,0.22121207843678325,83.4193115234375,8.579063415527344
2020-07-10,CDNS,291.0,100.97000122070312,29382.27035522461,0.24417259148257636,91.68000030517578,2703.390266418457
2020-07-10,RGEN,205.0,126.12999725341797,25856.649436950684,0.21487397072275985,129.9600067138672,-785.1519393920898
2020-07-13,ABT,319.0,83.4910659790039,26633.650047302246,0.22418317175741306,83.4193115234375,22.889671325683594
2020-07-13,CDNS,291.0,98.20999908447266,28579.109733581543,0.2405586712560427,91.68000030517578,1900.2296447753906
2020-07-13,RGEN,205.0,122.51000213623047,25114.550437927246,0.21139646891945074,129.9600067138672,-1527.2509384155273
2020-07-14,ABT,319.0,85.372802734375,27233.924072265625,0.2267233671323647,83.4193115234375,623.1636962890625
2020-07-14,CDNS,291.0,99.02999877929688,28817.72964477539,0.2399086037266057,91.68000030517578,2138.8495559692383
2020-07-14,RGEN,205.0,124.83999633789062,25592.199249267578,0.21305595075904965,129.9600067138672,-1049.6021270751953
2020-07-15,ABT,319.0,87.09252166748047,27782.51441192627,0.22782237286250398,83.4193115234375,1171.754035949707
2020-07-15,CDNS,291.0,99.11000061035156,28841.010177612305,0.23650225739088154,91.68000030517578,2162.1300888061523
2020-07-15,RGEN,205.0,130.97000122070312,26848.85025024414,0.22016613334374419,129.9600067138672,207.0488739013672
2020-07-16,ABT,319.0,86.79541778564453,27687.738273620605,0.22708439805493125,83.4193115234375,1076.977897644043
2020-07-16,CDNS,291.0,98.68000030517578,28715.880088806152,0.23551682987399958,91.68000030517578,2037.0
2020-07-16,RGEN,205.0,131.94000244140625,27047.70050048828,0.22183504937184842,129.9600067138672,405.8991241455078
2020-07-17,ABT,319.0,89.3614730834961,28506.309913635254,0.2304796339168348,83.4193115234375,1895.5495376586914
2020-07-17,CDNS,291.0,100.2300033569336,29166.930976867676,0.23582089700114334,91.68000030517578,2488.0508880615234
2020-07-17,RGEN,205.0,134.30999755859375,27533.54949951172,0.2226146571865867,129.9600067138672,891.7481231689453
2020-07-20,ABT,319.0,89.20840454101562,28457.481048583984,0.22766323050476087,83.4193115234375,1846.7206726074219
2020-07-20,CDNS,291.0,103.69999694824219,30176.699111938477,0.24141717933730863,91.68000030517578,3497.819023132324
2020-07-20,RGEN,205.0,136.0399932861328,27888.198623657227,0.22310890344724152,129.9600067138672,1246.3972473144531
2020-07-21,ABT,319.0,88.40707397460938,28201.85659790039,0.22653485159272777,83.4193115234375,1591.0962219238281
2020-07-21,CDNS,291.0,103.58000183105469,30141.780532836914,0.24211752712249213,91.68000030517578,3462.9004440307617
2020-07-21,RGEN,205.0,134.99000549316406,27672.951126098633,0.22228635390445456,129.9600067138672,1031.1497497558594
2020-07-22,ABT,319.0,90.20780181884766,28776.288780212402,0.22970418281826427,83.4193115234375,2165.52840423584
2020-07-22,CDNS,291.0,103.66999816894531,30167.969467163086,0.24081315094760092,91.68000030517578,3489.0893783569336
2020-07-22,RGEN,205.0,135.8800048828125,27855.401000976562,0.22235327748045883,129.9600067138672,1213.599624633789
2020-07-23,ABT,319.0,90.7750473022461,28957.240089416504,0.23088548102468337,83.4193115234375,2346.4797134399414
2020-07-23,CDNS,291.0,102.94000244140625,29955.54071044922,0.2388452561407733,91.68000030517578,3276.6606216430664
2020-07-23,RGEN,205.0,136.72999572753906,28029.649124145508,0.22348949696165038,129.9600067138672,1387.8477478027344
2020-07-24,ABT,319.0,89.09133911132812,28420.137176513672,0.22865364817129472,83.4193115234375,1809.3768005371094
2020-07-24,CDNS,291.0,102.58999633789062,29853.688934326172,0.240187260315049,91.68000030517578,3174.8088455200195
2020-07-24,RGEN,205.0,134.36000061035156,27543.80012512207,0.22160309586101395,129.9600067138672,901.9987487792969
2020-07-27,ABT,319.0,90.02774047851562,28718.849212646484,0.22785082138565133,83.4193115234375,2108.088836669922
2020-07-27,CDNS,291.0,105.2699966430664,30633.569023132324,0.2430419064570707,91.68000030517578,3954.688934326172
2020-07-27,RGEN,205.0,137.6300048828125,28214.151000976562,0.22384662535295577,129.9600067138672,1572.349624633789
2020-07-28,ABT,319.0,89.91070556640625,28681.515075683594,0.22847392010337136,83.4193115234375,2070.7546997070312
2020-07-28,CDNS,291.0,104.05000305175781,30278.550888061523,0.24119573872545688,91.68000030517578,3599.670799255371
2020-07-28,RGEN,205.0,137.07000732421875,28099.351501464844,0.2238364665521148,129.9600067138672,1457.5501251220703
2020-07-29,ABT,319.0,92.3056640625,29445.5068359375,0.23147447262125015,83.4193115234375,2834.7464599609375
2020-07-29,CDNS,291.0,105.97000122070312,30837.27035522461,0.24241528367386525,91.68000030517578,4158.390266418457
2020-07-29,RGEN,205.0,138.77999877929688,28449.89974975586,0.2236478922707769,129.9600067138672,1808.098373413086
2020-07-30,ABT,319.0,91.41429138183594,29161.158950805664,0.22436955225021313,83.4193115234375,2550.3985748291016
2020-07-30,CDNS,291.0,107.6500015258789,31326.15044403076,0.2410272637211427,91.68000030517578,4647.270355224609
2020-07-30,RGEN,205.0,151.25,31006.25,0.23856591026420665,129.9600067138672,4364.448623657227
2020-07-31,ABT,319.0,90.61297607421875,28905.53936767578,0.22216299488131724,83.4193115234375,2294.7789916992188
2020-07-31,CDNS,291.0,109.25,31791.75,0.24434591247988988,91.68000030517578,5112.869911193848
2020-07-31,RGEN,205.0,150.91000366210938,30936.550750732422,0.23777299840896257,129.9600067138672,4294.749374389648
2020-08-03,ABT,319.0,90.64898681640625,28917.026794433594,0.21846725075595452,83.4193115234375,2306.2664184570312
2020-08-03,CDNS,291.0,111.7699966430664,32525.069023132324,0.24572589916122317,91.68000030517578,5846.188934326172
2020-08-03,RGEN,205.0,158.27000427246094,32445.350875854492,0.24512363100291795,129.9600067138672,5803.549499511719
2020-08-04,ABT,319.0,89.97370910644531,28701.613204956055,0.2190497720594838,83.4193115234375,2090.852828979492
2020-08-04,CDNS,291.0,109.13999938964844,31759.739822387695,0.24238929425615843,91.68000030517578,5080.859733581543
2020-08-04,RGEN,205.0,156.5399932861328,32090.698623657227,0.24491516098920507,129.9600067138672,5448.897247314453
2020-08-05,ABT,319.0,91.9635009765625,29336.356811523438,0.2227925345261188,83.4193115234375,2725.596435546875
2020-08-05,CDNS,291.0,109.6500015258789,31908.15044403076,0.24232380847896945,91.68000030517578,5229.270355224609
2020-08-05,RGEN,205.0,155.8800048828125,31955.401000976562,0.24268264892420124,129.9600067138672,5313.599624633789
2020-08-06,ABT,319.0,91.61238098144531,29224.349533081055,0.22212221618813138,83.4193115234375,2613.589157104492
2020-08-06,CDNS,291.0,110.5199966430664,32161.319023132324,0.244444908820474,91.68000030517578,5482.438934326172
2020-08-06,RGEN,205.0,154.6699981689453,31707.34962463379,0.24099447483350217,129.9600067138672,5065.548248291016
2020-08-07,ABT,319.0,91.14421081542969,29075.00325012207,0.22288090643255332,83.4193115234375,2464.242874145508
2020-08-07,CDNS,291.0,108.52999877929688,31582.22964477539,0.24210060820402635,91.68000030517578,4903.349555969238
2020-08-07,RGEN,205.0,152.77000427246094,31317.850875854492,0.2400739539281282,129.9600067138672,4676.049499511719
2020-08-10,ABT,319.0,90.07275390625,28733.20849609375,0.22325324104739128,83.4193115234375,2122.4481201171875
2020-08-10,CDNS,291.0,107.19000244140625,31192.29071044922,0.24235998558068939,91.68000030517578,4513.410621643066
2020-08-10,RGEN,205.0,147.80999755859375,30301.04949951172,0.2354351588971727,129.9600067138672,3659.2481231689453
2020-08-11,ABT,319.0,89.19039154052734,28451.734901428223,0.22465760221626635,83.4193115234375,1840.9745254516602
2020-08-11,CDNS,291.0,105.18000030517578,30607.380088806152,0.24167878144147592,91.68000030517578,3928.5
2020-08-11,RGEN,205.0,142.0,29110.0,0.22985532598179906,129.9600067138672,2468.1986236572266
2020-08-12,ABT,319.0,90.62199401855469,28908.416091918945,0.22601773508398948,83.4193115234375,2297.655715942383
2020-08-12,CDNS,291.0,107.27999877929688,31218.47964477539,0.24407874992674455,91.68000030517578,4539.599555969238
2020-08-12,RGEN,205.0,142.92999267578125,29300.648498535156,0.2290843673023738,129.9600067138672,2658.847122192383
2020-08-13,ABT,319.0,91.02715301513672,29037.661811828613,0.22489455254227042,83.4193115234375,2426.901435852051
2020-08-13,CDNS,291.0,108.66000366210938,31620.061065673828,0.24489504460814449,91.68000030517578,4941.180976867676
2020-08-13,RGEN,205.0,146.25999450683594,29983.298873901367,0.23221844195596997,129.9600067138672,3341.4974975585938
2020-08-14,ABT,319.0,90.02774047851562,28718.849212646484,0.22415575255091935,83.4193115234375,2108.088836669922
2020-08-14,CDNS,291.0,108.0,31428.0,0.24530115879671446,91.68000030517578,4749.119911193848
2020-08-14,RGEN,205.0,143.88999938964844,29497.44987487793,0.2302328699203117,129.9600067138672,2855.6484985351562
2020-08-17,ABT,319.0,90.67599487304688,28925.642364501953,0.2230691788743706,83.4193115234375,2314.8819885253906
2020-08-17,CDNS,291.0,109.5199966430664,31870.319023132324,0.24577797807799073,91.68000030517578,5191.438934326172
2020-08-17,RGEN,205.0,148.2899932861328,30399.448623657227,0.23443489887833277,129.9600067138672,3757.647247314453
2020-08-18,ABT,319.0,90.90108489990234,28997.446083068848,0.22404971500613913,83.4193115234375,2386.685707092285
2020-08-18,CDNS,291.0,109.1500015258789,31762.65044403076,0.2454151568878982,91.68000030517578,5083.770355224609
2020-08-18,RGEN,205.0,147.25999450683594,30188.298873901367,0.23325087802014943,129.9600067138672,3546.4974975585938
2020-08-19,ABT,319.0,90.46890258789062,28859.57992553711,0.2233179125983974,83.4193115234375,2248.819549560547
2020-08-19,CDNS,291.0,108.52999877929688,31582.22964477539,0.2443860103879597,91.68000030517578,4903.349555969238
2020-08-19,RGEN,205.0,147.8699951171875,30313.348999023438,0.23456730277416346,129.9600067138672,3671.547622680664
2020-08-20,ABT,319.0,91.50431823730469,29189.877517700195,0.22287342400689375,83.4193115234375,2579.117141723633
2020-08-20,CDNS,291.0,111.26000213623047,32376.660621643066,0.24720546382146244,91.68000030517578,5697.780532836914
2020-08-20,RGEN,205.0,150.8699951171875,30928.348999023438,0.23614717246116185,129.9600067138672,4286.547622680664
2020-08-21,ABT,319.0,92.19762420654297,29411.042121887207,0.22425691309860946,83.4193115234375,2800.2817459106445
2020-08-21,CDNS,291.0,110.56999969482422,32175.869911193848,0.24533851036774337,91.68000030517578,5496.989822387695
2020-08-21,RGEN,205.0,151.63999938964844,31086.19987487793,0.237029860928273,129.9600067138672,4444.398498535156
2020-08-24,ABT,319.0,91.28826904296875,29120.95782470703,0.2241674702929605,83.4193115234375,2510.1974487304688
2020-08-24,CDNS,291.0,111.27999877929688,32382.47964477539,0.24927403100813408,91.68000030517578,5703.599555969238
2020-08-24,RGEN,205.0,145.99000549316406,29927.951126098633,0.23037954779416267,129.9600067138672,3286.1497497558594
2020-08-25,ABT,319.0,92.26065063476562,29431.147552490234,0.2253197567352611,83.4193115234375,2820.387176513672
2020-08-25,CDNS,291.0,111.26000213623047,32376.660621643066,0.2478700934837136,91.68000030517578,5697.780532836914
2020-08-25,RGEN,205.0,147.97999572753906,30335.899124145508,0.23224637771283704,129.9600067138672,3694.0977478027344
2020-08-26,ABT,319.0,92.90890502929688,29637.940704345703,0.22532210869147154,83.4193115234375,3027.1803283691406
2020-08-26,CDNS,291.0,112.66999816894531,32786.969467163086,0.24926256421252838,91.68000030517578,6108.089378356934
2020-08-26,RGEN,205.0,149.44000244140625,30635.20050048828,0.23290376500226662,129.9600067138672,3993.399124145508
2020-08-27,ABT,319.0,100.20189666748047,31964.40503692627,0.24044581452329236,83.4193115234375,5353.644660949707
2020-08-27,CDNS,291.0,109.36000061035156,31823.760177612305,0.23938784182781458,91.68000030517578,5144.880088806152
2020-08-27,RGEN,205.0,149.6300048828125,30674.151000976562,0.23074013777887936,129.9600067138672,4032.349624633789
2020-08-28,ABT,319.0,99.75170135498047,31820.79273223877,0.2386336911348204,83.4193115234375,5210.032356262207
2020-08-28,CDNS,291.0,110.86000061035156,32260.260177612305,0.2419293896268579,91.68000030517578,5581.380088806152
2020-08-28,RGEN,205.0,150.19000244140625,30788.95050048828,0.23089559603130205,129.9600067138672,4147.149124145508
2020-08-31,ABT,319.0,98.5632095336914,31441.66384124756,0.2347289875828618,83.4193115234375,4830.903465270996
2020-08-31,CDNS,291.0,110.91000366210938,32274.811065673828,0.24094888120822694,91.68000030517578,5595.930976867676
2020-08-31,RGEN,205.0,154.91000366210938,31756.550750732422,0.2370797882860203,129.9600067138672,5114.749374389648
2020-09-01,CRM,108.0,277.18048095703125,29935.491943359375,0.224083610987304,277.18048095703125,0.0
2020-09-01,CTAS,381.0,78.84358215332031,30039.40480041504,0.2248614558371932,78.84358215332031,0.0
2020-09-01,MEDP,233.0,128.97999572753906,30052.3390045166,0.22495827546406982,128.97999572753906,0.0
2020-09-02,CRM,108.0,272.6864929199219,29450.141235351562,0.21958291644300085,277.18048095703125,-485.3507080078125
2020-09-02,CTAS,381.0,80.50599670410156,30672.784744262695,0.22869905701805998,78.84358215332031,633.3799438476562
2020-09-02,MEDP,233.0,130.61000061035156,30432.130142211914,0.22690471454100905,128.97999572753906,379.7911376953125
2020-09-03,CRM,108.0,261.175537109375,28206.9580078125,0.216662157822301,277.18048095703125,-1728.533935546875
2020-09-03,CTAS,381.0,77.75961303710938,29626.412567138672,0.22756521541784647,78.84358215332031,-412.9922332763672
2020-09-03,MEDP,233.0,123.56999969482422,28791.809928894043,0.22115449900964027,128.97999572753906,-1260.5290756225586
2020-09-04,CRM,108.0,251.0146942138672,27109.586975097656,0.2112356019354919,277.18048095703125,-2825.9049682617188
2020-09-04,CTAS,381.0,77.85600280761719,29663.13706970215,0.231132647648571,78.84358215332031,-376.2677307128906
2020-09-04,MEDP,233.0,120.18000030517578,28001.940071105957,0.21818874155903034,128.97999572753906,-2050.3989334106445
2020-09-08,CRM,108.0,237.7790069580078,25680.132751464844,0.20553261266013492,277.18048095703125,-4255.359191894531
2020-09-08,CTAS,381.0,74.95677185058594,28558.530075073242,0.22857005284476278,78.84358215332031,-1480.8747253417969
2020-09-08,MEDP,233.0,116.48999786376953,27142.1695022583,0.2172341188830174,128.97999572753906,-2910.169502258301
2020-09-09,CRM,108.0,246.80645751953125,26655.097412109375,0.21028740590534553,277.18048095703125,-3280.39453125
2020-09-09,CTAS,381.0,76.63800811767578,29199.081092834473,0.23035740304751237,78.84358215332031,-840.3237075805664
2020-09-09,MEDP,233.0,117.33000183105469,27337.890426635742,0.21567409684761202,128.97999572753906,-2714.4485778808594
2020-09-10,CRM,108.0,244.2145233154297,26375.168518066406,0.2101808836863829,277.18048095703125,-3560.3234252929688
2020-09-10,CTAS,381.0,74.65111541748047,28442.07497406006,0.22665183912768236,78.84358215332031,-1597.3298263549805
2020-09-10,MEDP,233.0,116.33999633789062,27107.219146728516,0.2160145164811831,128.97999572753906,-2945.119857788086
2020-09-11,CRM,108.0,239.58255004882812,25874.915405273438,0.2067482820504715,277.18048095703125,-4060.5765380859375
2020-09-11,CTAS,381.0,75.46704864501953,28752.94553375244,0.22974460012273318,78.84358215332031,-1286.4592666625977
2020-09-11,MEDP,233.0,115.70999908447266,26960.42978668213,0.21542186532532107,128.97999572753906,-3091.9092178344727
2020-09-14,CRM,108.0,243.07130432128906,26251.70086669922,0.20693697836195474,277.18048095703125,-3683.7910766601562
2020-09-14,CTAS,381.0,77.08006286621094,29367.503952026367,0.2314982393226251,78.84358215332031,-671.9008483886719
2020-09-14,MEDP,233.0,118.77999877929688,27675.739715576172,0.2181623956388386,128.97999572753906,-2376.5992889404297
2020-09-15,CRM,108.0,248.0383758544922,26788.144592285156,0.20972854255616208,277.18048095703125,-3147.3473510742188
2020-09-15,CTAS,381.0,77.16471862792969,29399.75779724121,0.2301752677598779,78.84358215332031,-639.6470031738281
2020-09-15,MEDP,233.0,120.06999969482422,27976.309928894043,0.21903087342511293,128.97999572753906,-2076.0290756225586
2020-09-16,CRM,108.0,246.97402954101562,26673.195190429688,0.21061783131136294,277.18048095703125,-3262.2967529296875
2020-09-16,CTAS,381.0,76.7038345336914,29224.160957336426,0.2307608578119226,78.84358215332031,-815.2438430786133
2020-09-16,MEDP,233.0,116.66000366210938,27181.780853271484,0.2146337434875774,128.97999572753906,-2870.558151245117
2020-09-17,CRM,108.0,240.99183654785156,26027.11834716797,0.20681538917492137,277.18048095703125,-3908.3735961914062
2020-09-17,CTAS,381.0,76.42167663574219,29116.658798217773,0.23136534135297543,78.84358215332031,-922.7460021972656
2020-09-17,MEDP,233.0,116.4800033569336,27139.840782165527,0.21565724866808827,128.97999572753906,-2912.498222351074
2020-09-18,CRM,108.0,239.2671661376953,25840.853942871094,0.20816650080396976,277.18048095703125,-4094.6380004882812
2020-09-18,CTAS,381.0,74.83684539794922,28512.838096618652,0.22969123805603467,78.84358215332031,-1526.5667037963867
2020-09-18,MEDP,233.0,112.5250015258789,26218.325355529785,0.21120730213740901,128.97999572753906,-3834.0136489868164
2020-09-21,CRM,108.0,241.5043182373047,26082.466369628906,0.2108783567095804,277.18048095703125,-3853.0255737304688
2020-09-21,CTAS,381.0,74.44182586669922,28362.335655212402,0.2293112411478527,78.84358215332031,-1677.0691452026367
2020-09-21,MEDP,233.0,110.19999694824219,25676.59928894043,0.20759689621404376,128.97999572753906,-4375.739715576172
2020-09-22,CRM,108.0,244.19480895996094,26373.03936767578,0.21051899662842596,277.18048095703125,-3562.4525756835938
2020-09-22,CTAS,381.0,76.1865463256836,29027.07415008545,0.2317044478621821,78.84358215332031,-1012.3306503295898
2020-09-22,MEDP,233.0,112.93000030517578,26312.690071105957,0.2100372670414796,128.97999572753906,-3739.6489334106445
2020-09-23,CRM,108.0,232.57540893554688,25118.144165039062,0.2035717007413883,277.18048095703125,-4817.3477783203125
2020-09-23,CTAS,381.0,74.47003173828125,28373.082092285156,0.2299515656431672,78.84358215332031,-1666.3227081298828
2020-09-23,MEDP,233.0,113.01499938964844,26332.494857788086,0.2134134881837695,128.97999572753906,-3719.8441467285156
2020-09-24,CRM,108.0,234.1128387451172,25284.186584472656,0.20672098405228673,277.18048095703125,-4651.305358886719
2020-09-24,CTAS,381.0,74.92387390136719,28545.9959564209,0.2333892116777781,78.84358215332031,-1493.4088439941406
2020-09-24,MEDP,233.0,106.94000244140625,24917.020568847656,0.20371907138220824,128.97999572753906,-5135.318435668945
2020-09-25,CRM,108.0,239.2277374267578,25836.595642089844,0.2084692123028988,277.18048095703125,-4098.896301269531
2020-09-25,CTAS,381.0,76.92955780029297,29310.16152191162,0.23649657135902014,78.84358215332031,-729.243278503418
2020-09-25,MEDP,233.0,108.26000213623047,25224.5804977417,0.20353101081431513,128.97999572753906,-4827.758506774902
2020-09-28,CRM,108.0,243.10086059570312,26254.892944335938,0.2091546147052988,277.18048095703125,-3680.5989990234375
2020-09-28,CTAS,381.0,79.00582885742188,30101.220794677734,0.23979565450211318,78.84358215332031,61.81599426269531
2020-09-28,MEDP,233.0,109.91000366210938,25609.030853271484,0.20400947710768058,128.97999572753906,-4443.308151245117
2020-09-29,CRM,108.0,243.86959838867188,26337.916625976562,0.20996136028570522,277.18048095703125,-3597.5753173828125
2020-09-29,CTAS,381.0,77.66085815429688,29588.78695678711,0.23587674176641926,78.84358215332031,-450.6178436279297
2020-09-29,MEDP,233.0,111.37999725341797,25951.539360046387,0.20688122689891486,128.97999572753906,-4100.799644470215
2020-09-30,CRM,108.0,247.68360900878906,26749.82977294922,0.21201705043713545,277.18048095703125,-3185.6621704101562
2020-09-30,CTAS,381.0,78.26043701171875,29817.226501464844,0.2363289960614795,78.84358215332031,-222.1782989501953
2020-09-30,MEDP,233.0,111.75,26037.75,0.20637316206782289,128.97999572753906,-4014.5890045166016
2020-10-01,CTAS,358.0,80.40019989013672,28783.271560668945,0.22576909662206365,78.84358215332031,557.2691497802734
2020-10-01,HD,118.0,242.82920837402344,28653.846588134766,0.2247539180983928,242.82920837402344,0.0
2020-10-01,PWR,541.0,53.03052520751953,28689.514137268066,0.22503368582144592,53.03052520751953,0.0
2020-10-02,CTAS,358.0,78.78243255615234,28204.11085510254,0.2204073016205715,78.84358215332031,-21.891555786132812
2020-10-02,HD,118.0,244.30738830566406,28828.27182006836,0.22528494639979418,242.82920837402344,174.42523193359375
2020-10-02,PWR,541.0,54.6543083190918,29567.980800628662,0.23106556686421503,53.03052520751953,878.4666633605957
2020-10-05,CTAS,358.0,79.09988403320312,28317.75848388672,0.21904914018476293,78.84358215332031,91.75607299804688
2020-10-05,HD,118.0,246.74781799316406,29116.24252319336,0.22522573224662762,242.82920837402344,462.39593505859375
2020-10-05,PWR,541.0,56.33750915527344,30478.59245300293,0.2357640515463478,53.03052520751953,1789.0783157348633
2020-10-06,CTAS,358.0,77.76431274414062,27839.623962402344,0.21727486527200815,78.84358215332031,-386.3784484863281
2020-10-06,HD,118.0,241.82339477539062,28535.160583496094,0.22270319382428977,242.82920837402344,-118.68600463867188
2020-10-06,PWR,541.0,56.179080963134766,30392.88280105591,0.23720182157437145,53.03052520751953,1703.3686637878418
2020-10-07,CTAS,358.0,78.9352798461914,28258.830184936523,0.21725834476690795,78.84358215332031,32.82777404785156
2020-10-07,HD,118.0,247.35140991210938,29187.466369628906,0.22439784626277912,242.82920837402344,533.6197814941406
2020-10-07,PWR,541.0,57.78307342529297,31260.642723083496,0.24033675314653022,53.03052520751953,2571.1285858154297
2020-10-08,CTAS,358.0,79.47138214111328,28450.754806518555,0.2175409235892108,78.84358215332031,224.7523956298828
2020-10-08,HD,118.0,248.86453247070312,29366.01483154297,0.22453920931210755,242.82920837402344,712.1682434082031
2020-10-08,PWR,541.0,58.416744232177734,31603.458629608154,0.24164721202135492,53.03052520751953,2913.944492340088
2020-10-09,CTAS,358.0,79.83585357666016,28581.235580444336,0.21787527370353477,78.84358215332031,355.23316955566406
2020-10-09,HD,118.0,250.089111328125,29510.51513671875,0.22495918850142815,242.82920837402344,856.6685485839844
2020-10-09,PWR,541.0,58.644466400146484,31726.656322479248,0.241852872682934,53.03052520751953,3037.1421852111816
2020-10-12,CTAS,358.0,82.0625991821289,29378.41050720215,0.22054005914442207,78.84358215332031,1152.4080963134766
2020-10-12,HD,118.0,250.9550323486328,29612.693817138672,0.22229879469675173,242.82920837402344,958.8472290039062
2020-10-12,PWR,541.0,60.733612060546875,32856.88412475586,0.24665252622835573,53.03052520751953,4167.369987487793
2020-10-13,CTAS,358.0,82.92790222167969,29688.188995361328,0.2226210651208224,78.84358215332031,1462.1865844726562
2020-10-13,HD,118.0,253.9727325439453,29968.782440185547,0.2247251345729014,242.82920837402344,1314.9358520507812
2020-10-13,PWR,541.0,59.773193359375,32337.297607421875,0.24248577902876095,53.03052520751953,3647.7834701538086
2020-10-14,CTAS,358.0,82.5775375366211,29562.75843811035,0.222049977965366,78.84358215332031,1336.7560272216797
2020-10-14,HD,118.0,251.1124725341797,29631.271759033203,0.22256459101925616,242.82920837402344,977.4251708984375
2020-10-14,PWR,541.0,60.21875,32578.34375,0.2447004574008222,53.03052520751953,3888.8296127319336
2020-10-15,CTAS,358.0,81.91682434082031,29326.223114013672,0.2195004834651906,78.84358215332031,1100.220703125
2020-10-15,HD,118.0,251.50604248046875,29677.713012695312,0.2221313098895072,242.82920837402344,1023.8664245605469
2020-10-15,PWR,541.0,61.43659591674805,33237.19839096069,0.24877329369966159,53.03052520751953,4547.684253692627
2020-10-16,CTAS,358.0,81.92152404785156,29327.90560913086,0.2195515671282502,78.84358215332031,1101.9031982421875
2020-10-16,HD,118.0,251.61106872558594,29690.10610961914,0.22226303546685808,242.82920837402344,1036.259521484375
2020-10-16,PWR,541.0,61.36728286743164,33199.70003128052,0.24853619849983782,53.03052520751953,4510.185894012451
2020-10-19,CTAS,358.0,80.25674438476562,28731.914489746094,0.21679372480246112,78.84358215332031,505.9120788574219
2020-10-19,HD,118.0,248.17355346679688,29284.47930908203,0.22096304618274676,242.82920837402344,630.6327209472656
2020-10-19,PWR,541.0,61.27817153930664,33151.49080276489,0.25014118625651827,53.03052520751953,4461.976665496826
2020-10-20,CTAS,358.0,80.8069839477539,28928.9002532959,0.21656201019641708,78.84358215332031,702.8978424072266
2020-10-20,HD,118.0,250.19406127929688,29522.89923095703,0.22100869194133602,242.82920837402344,869.0526428222656
2020-10-20,PWR,541.0,62.41680908203125,33767.493713378906,0.25278376481079895,53.03052520751953,5077.97957611084
2020-10-21,CTAS,358.0,79.63834381103516,28510.527084350586,0.21563136970339827,78.84358215332031,284.52467346191406
2020-10-21,HD,118.0,248.8557891845703,29364.983123779297,0.2220938081419527,242.82920837402344,711.1365356445312
2020-10-21,PWR,541.0,60.961341857910156,32980.085945129395,0.24943562369941477,53.03052520751953,4290.571807861328
2020-10-22,CTAS,358.0,79.5936508178711,28494.52699279785,0.216497395219791,78.84358215332031,268.5245819091797
2020-10-22,HD,118.0,245.9256591796875,29019.227783203125,0.22048399778459998,242.82920837402344,365.3811950683594
2020-10-22,PWR,541.0,60.515785217285156,32739.03980255127,0.24874660460378656,53.03052520751953,4049.525665283203
2020-10-23,CTAS,358.0,79.4925537109375,28458.334228515625,0.21496524867517683,78.84358215332031,232.33181762695312
2020-10-23,HD,118.0,247.5350341796875,29209.134033203125,0.2206365527446259,242.82920837402344,555.2874450683594
2020-10-23,PWR,541.0,61.654422760009766,33355.04271316528,0.251953434583747,53.03052520751953,4665.528575897217
2020-10-26,CTAS,358.0,77.34341430664062,27688.942321777344,0.21251338937345451,78.84358215332031,-537.0600891113281
2020-10-26,HD,118.0,241.44720458984375,28490.770141601562,0.21866743981368217,242.82920837402344,-163.07644653320312
2020-10-26,PWR,541.0,60.53558349609375,32749.75067138672,0.251355231826176,53.03052520751953,4060.2365341186523
2020-10-27,CTAS,358.0,76.1865463256836,27274.783584594727,0.21018934395279168,78.84358215332031,-951.2188262939453
2020-10-27,HD,118.0,242.14700317382812,28573.34637451172,0.22019653832878383,242.82920837402344,-80.50021362304688
2020-10-27,PWR,541.0,60.16924285888672,32551.560386657715,0.2508540938955696,53.03052520751953,3862.0462493896484
2020-10-28,CTAS,358.0,74.19493865966797,26561.788040161133,0.2069094376688172,78.84358215332031,-1664.214370727539
2020-10-28,HD,118.0,235.91928100585938,27838.475158691406,0.21685449909972376,242.82920837402344,-815.3714294433594
2020-10-28,PWR,541.0,60.278160095214844,32610.48461151123,0.2540272146917739,53.03052520751953,3920.970474243164
2020-10-29,CTAS,358.0,75.2248306274414,26930.489364624023,0.20765782677242053,78.84358215332031,-1295.5130462646484
2020-10-29,HD,118.0,235.84056091308594,27829.18618774414,0.21458757196530026,242.82920837402344,-824.660400390625
2020-10-29,PWR,541.0,62.040557861328125,33563.941802978516,0.25880759604309633,53.03052520751953,4874.427665710449
2020-10-30,CTAS,358.0,73.96214294433594,26478.447174072266,0.20556168127023874,78.84358215332031,-1747.5552368164062
2020-10-30,HD,118.0,233.28648376464844,27527.805084228516,0.213708223053745,242.82920837402344,-1126.04150390625
2020-10-30,PWR,541.0,61.812835693359375,33440.74411010742,0.2596124892449388,53.03052520751953,4751.2299728393555
2020-11-02,PWR,451.0,65.79308319091797,29672.680519104004,0.22552867939119708,53.03052520751953,5755.913650512695
2020-11-02,GOOG,367.0,80.63945007324219,29594.678176879883,0.22493581872193938,80.63945007324219,0.0
2020-11-02,GOOGL,367.0,80.55026245117188,29561.946319580078,0.22468703861775927,80.55026245117188,0.0
2020-11-03,PWR,451.0,66.65449523925781,30061.177352905273,0.22638747832774395,53.03052520751953,6144.410484313965
2020-11-03,GOOG,367.0,81.83860778808594,30034.76905822754,0.2261886003141238,80.63945007324219,440.09088134765625
2020-11-03,GOOGL,367.0,81.60850524902344,29950.3214263916,0.22555263432391484,80.55026245117188,388.37510681152344
2020-11-04,PWR,451.0,62.83264923095703,28337.52480316162,0.21039607896470838,53.03052520751953,4420.7579345703125
2020-11-04,GOOG,367.0,86.74433135986328,31835.169609069824,0.23636485209807184,80.63945007324219,2240.4914321899414
2020-11-04,GOOGL,367.0,86.57695007324219,31773.740676879883,0.2359087640467149,80.55026245117188,2211.7943572998047
2020-11-05,PWR,451.0,63.852447509765625,28797.453826904297,0.21220050900511497,53.03052520751953,4880.686958312988
2020-11-05,GOOG,367.0,87.4505386352539,32094.347679138184,0.23649441213228153,80.63945007324219,2499.669502258301
2020-11-05,GOOGL,367.0,87.40262603759766,32076.76375579834,0.23636484104223135,80.55026245117188,2514.8174362182617
2020-11-06,PWR,451.0,64.47624969482422,29078.788612365723,0.2139560184681216,53.03052520751953,5162.021743774414
2020-11-06,GOOG,367.0,87.37018585205078,32064.858207702637,0.23592693238766893,80.63945007324219,2470.180030822754
2020-11-06,GOOGL,367.0,87.26525115966797,32026.347175598145,0.2356435757731272,80.55026245117188,2464.4008560180664
2020-11-09,PWR,451.0,64.84258270263672,29244.00479888916,0.2148259169664331,53.03052520751953,5327.237930297852
2020-11-09,GOOG,367.0,87.43218994140625,32087.613708496094,0.2357150152859435,80.63945007324219,2492.935531616211
2020-11-09,GOOGL,367.0,87.34905242919922,32057.102241516113,0.23549087861529794,80.55026245117188,2495.155921936035
2020-11-10,PWR,451.0,65.92180633544922,29730.734657287598,0.21897426827614155,53.03052520751953,5813.967788696289
2020-11-10,GOOG,367.0,86.31088256835938,31676.09390258789,0.23330232381140703,80.63945007324219,2081.415725708008
2020-11-10,GOOGL,367.0,86.17377471923828,31625.77532196045,0.23293171492802084,80.55026245117188,2063.829002380371
2020-11-11,PWR,451.0,66.8723373413086,30159.424140930176,0.22078845528255647,53.03052520751953,6242.657272338867
2020-11-11,GOOG,367.0,86.92188262939453,31900.330924987793,0.23353313229783682,80.63945007324219,2305.65274810791
2020-11-11,GOOGL,367.0,86.64537811279297,31798.85376739502,0.2327902472624105,80.55026245117188,2236.9074478149414
2020-11-12,PWR,451.0,66.406982421875,29949.549072265625,0.21980293801985445,53.03052520751953,6032.782203674316
2020-11-12,GOOG,367.0,86.779541015625,31848.091552734375,0.23373654397016816,80.63945007324219,2253.413375854492
2020-11-12,GOOGL,367.0,86.42668914794922,31718.594917297363,0.23278615433778804,80.55026245117188,2156.648597717285
2020-11-13,PWR,451.0,68.25849151611328,30784.57967376709,0.22287981581370137,53.03052520751953,6867.812805175781
2020-11-13,GOOG,367.0,88.12747955322266,32342.784996032715,0.23416119496218574,80.63945007324219,2748.106819152832
2020-11-13,GOOGL,367.0,87.8866195678711,32254.38938140869,0.23352121226581876,80.55026245117188,2692.4430618286133
2020-11-16,PWR,451.0,68.66442108154297,30967.65390777588,0.22372802097069205,53.03052520751953,7050.88703918457
2020-11-16,GOOG,367.0,88.34369659423828,32422.13665008545,0.2342360351212647,80.63945007324219,2827.4584732055664
2020-11-16,GOOGL,367.0,87.9743881225586,32286.600440979004,0.233256844126572,80.55026245117188,2724.654121398926
2020-11-17,PWR,451.0,66.72379302978516,30092.430656433105,0.21947371518032385,53.03052520751953,6175.663787841797
2020-11-17,GOOG,367.0,87.78677368164062,32217.74594116211,0.23497431886350573,80.63945007324219,2623.0677642822266
2020-11-17,GOOGL,367.0,87.36095428466797,32061.470222473145,0.23383455009691026,80.55026245117188,2499.5239028930664
2020-11-18,PWR,451.0,66.91191864013672,30177.27530670166,0.221259319678848,53.03052520751953,6260.508438110352
2020-11-18,GOOG,367.0,86.62779235839844,31792.399795532227,0.23310138765759414,80.63945007324219,2197.7216186523438
2020-11-18,GOOGL,367.0,86.31857299804688,31678.916290283203,0.23226932833775907,80.55026245117188,2116.969970703125
2020-11-19,PWR,451.0,67.54560852050781,30463.069442749023,0.22185165668135456,53.03052520751953,6546.302574157715
2020-11-19,GOOG,367.0,87.4778060913086,32104.354835510254,0.23380455210954842,80.63945007324219,2509.676658630371
2020-11-19,GOOGL,367.0,87.20772552490234,32005.23526763916,0.23308269969139112,80.55026245117188,2443.288948059082
2020-11-20,PWR,451.0,66.21883392333984,29864.69409942627,0.21973056348627576,53.03052520751953,5947.927230834961
2020-11-20,GOOG,367.0,86.40015411376953,31708.856559753418,0.23329905527188913,80.63945007324219,2114.178382873535
2020-11-20,GOOGL,367.0,86.1073226928711,31601.38742828369,0.2325083472627394,80.55026245117188,2039.4411087036133
2020-11-23,PWR,451.0,68.22874450683594,30771.163772583008,0.2253841870990754,53.03052520751953,6854.396903991699
2020-11-23,GOOG,367.0,86.03663635253906,31575.445541381836,0.23127516977360277,80.63945007324219,1980.7673645019531
2020-11-23,GOOGL,367.0,85.6699447631836,31440.86972808838,0.23028946573892572,80.55026245117188,1878.9234085083008
2020-11-24,PWR,451.0,69.93177795410156,31539.231857299805,0.22759481786164984,53.03052520751953,7622.464988708496
2020-11-24,GOOG,367.0,87.72378540039062,32194.62924194336,0.23232432583000662,80.63945007324219,2599.9510650634766
2020-11-24,GOOGL,367.0,87.4720458984375,32102.240844726562,0.2316576285390826,80.55026245117188,2540.2945251464844
2020-11-25,PWR,451.0,69.00106048583984,31119.47827911377,0.22516559480524925,53.03052520751953,7202.711410522461
2020-11-25,GOOG,367.0,87.85025024414062,32241.04183959961,0.23328068992167933,80.63945007324219,2646.3636627197266
2020-11-25,GOOGL,367.0,87.48345184326172,32106.42682647705,0.2323066803567503,80.55026245117188,2544.4805068969727
2020-11-27,PWR,451.0,69.23870086669922,31226.654090881348,0.22444731057760603,53.03052520751953,7309.887222290039
2020-11-27,GOOG,367.0,88.92938995361328,32637.086112976074,0.2345850497407698,80.63945007324219,3042.4079360961914
2020-11-27,GOOGL,367.0,88.61856079101562,32523.011810302734,0.233765119742297,80.55026245117188,2961.0654907226562
2020-11-30,PWR,451.0,67.66439056396484,30516.640144348145,0.22237166652233661,53.03052520751953,6599.873275756836
2020-11-30,GOOG,367.0,87.32011413574219,32046.481887817383,0.23351946839048224,80.63945007324219,2451.8037109375
2020-11-30,GOOGL,367.0,87.00093078613281,31929.341598510742,0.23266587896429336,80.55026245117188,2367.395278930664
2020-12-01,GOOG,352.0,89.17290496826172,31388.862548828125,0.22571844976422006,80.63945007324219,3003.776123046875
2020-12-01,CRUS,384.0,81.37999725341797,31249.9189453125,0.22471930126874926,81.37999725341797,0.0
2020-12-01,UI,131.0,238.6419219970703,31262.09178161621,0.22480683657639008,238.6419219970703,0.0
2020-12-02,GOOG,352.0,90.65324401855469,31909.94189453125,0.2295162280916262,80.63945007324219,3524.85546875
2020-12-02,CRUS,384.0,80.75,31008.0,0.223028898773546,81.37999725341797,-241.9189453125
2020-12-02,UI,131.0,236.2765350341797,30952.22608947754,0.22262773798135954,238.6419219970703,-309.8656921386719
2020-12-03,GOOG,352.0,90.59473419189453,31889.346435546875,0.2296040409365905,80.63945007324219,3504.260009765625
2020-12-03,CRUS,384.0,79.66999816894531,30593.279296875,0.2202723271943335,81.37999725341797,-656.6396484375
2020-12-03,UI,131.0,238.50892639160156,31244.669357299805,0.22496235087988478,238.6419219970703,-17.42242431640625
2020-12-04,GOOG,352.0,90.65522766113281,31910.64013671875,0.2265590891562994,80.63945007324219,3525.5537109375
2020-12-04,CRUS,384.0,82.75,31776.0,0.22560317142452757,81.37999725341797,526.0810546875
2020-12-04,UI,131.0,244.2847442626953,32001.301498413086,0.2272027664827064,238.6419219970703,739.209716796875
2020-12-07,GOOG,352.0,90.23320007324219,31762.08642578125,0.22428658790234052,80.63945007324219,3377.0
2020-12-07,CRUS,384.0,83.08999633789062,31906.55859375,0.22530677181488926,81.37999725341797,656.6396484375
2020-12-07,UI,131.0,250.25999450683594,32784.05928039551,0.23150320463895996,238.6419219970703,1521.9674987792969
2020-12-08,GOOG,352.0,90.18706512451172,31745.846923828125,0.22360418400694518,80.63945007324219,3360.760498046875
2020-12-08,CRUS,384.0,82.97000122070312,31860.48046875,0.2244116137262903,81.37999725341797,610.5615234375
2020-12-08,UI,131.0,253.48040771484375,33205.93341064453,0.23388840947579215,238.6419219970703,1943.8416290283203
2020-12-09,GOOG,352.0,88.48008728027344,31144.99072265625,0.22454518280455382,80.63945007324219,2759.904296875
2020-12-09,CRUS,384.0,80.45999908447266,30896.6396484375,0.22275465289697577,81.37999725341797,-353.279296875
2020-12-09,UI,131.0,240.45635986328125,31499.783142089844,0.22710311995049212,238.6419219970703,237.6913604736328
2020-12-10,GOOG,352.0,88.04367065429688,30991.3720703125,0.22164039583969483,80.63945007324219,2606.28564453125
2020-12-10,CRUS,384.0,81.41999816894531,31265.279296875,0.22359929285080266,81.37999725341797,15.3603515625
2020-12-10,UI,131.0,247.40060424804688,32409.47915649414,0.23178224484241972,238.6419219970703,1147.3873748779297
2020-12-11,GOOG,352.0,88.363037109375,31103.7890625,0.22410190137522223,80.63945007324219,2718.70263671875
2020-12-11,CRUS,384.0,77.98999786376953,29948.1591796875,0.21577562146431126,81.37999725341797,-1301.759765625
2020-12-11,UI,131.0,248.7020721435547,32579.971450805664,0.23473775282506248,238.6419219970703,1317.8796691894531
2020-12-14,GOOG,352.0,87.28638458251953,30724.807373046875,0.2234694275883005,80.63945007324219,2339.720947265625
2020-12-14,CRUS,384.0,78.38999938964844,30101.759765625,0.21893784206848477,81.37999725341797,-1148.1591796875
2020-12-14,UI,131.0,240.47535705566406,31502.271774291992,0.2291241261713399,238.6419219970703,240.17999267578125
2020-12-15,GOOG,352.0,87.66874694824219,30859.39892578125,0.2214659818768185,80.63945007324219,2474.3125
2020-12-15,CRUS,384.0,81.5,31296.0,0.22459929908182563,81.37999725341797,46.0810546875
2020-12-15,UI,131.0,244.46522521972656,32024.94450378418,0.22983065211797965,238.6419219970703,762.8527221679688
2020-12-16,GOOG,352.0,87.43218994140625,30776.130859375,0.22040440569981912,80.63945007324219,2391.04443359375
2020-12-16,CRUS,384.0,80.98999786376953,31100.1591796875,0.22272494656620395,81.37999725341797,-149.759765625
2020-12-16,UI,131.0,248.83506774902344,32597.39387512207,0.23344744851904065,238.6419219970703,1335.3020935058594
2020-12-17,GOOG,352.0,86.68333435058594,30512.53369140625,0.21834292946144357,80.63945007324219,2127.447265625
2020-12-17,CRUS,384.0,80.6500015258789,30969.6005859375,0.22161362883112276,81.37999725341797,-280.318359375
2020-12-17,UI,131.0,252.6919403076172,33102.64418029785,0.23687735592019038,238.6419219970703,1840.5523986816406
2020-12-18,GOOG,352.0,85.845703125,30217.6875,0.21541166864247513,80.63945007324219,1832.60107421875
2020-12-18,CRUS,384.0,80.43000030517578,30885.1201171875,0.22016956991386705,81.37999725341797,-364.798828125
2020-12-18,UI,131.0,259.6552429199219,34014.836822509766,0.2424802612224491,238.6419219970703,2752.7450408935547
2020-12-21,GOOG,352.0,86.26030731201172,30363.628173828125,0.216278994854691,80.63945007324219,1978.541748046875
2020-12-21,CRUS,384.0,80.06999969482422,30746.8798828125,0.21900888253217643,81.37999725341797,-503.0390625
2020-12-21,UI,131.0,260.45318603515625,34119.36737060547,0.2430309855510966,238.6419219970703,2857.275588989258
2020-12-22,GOOG,352.0,85.47327423095703,30086.592529296875,0.2131266620518122,80.63945007324219,1701.506103515625
2020-12-22,CRUS,384.0,80.5,30912.0,0.21897366313351618,81.37999725341797,-337.9189453125
2020-12-22,UI,131.0,267.236083984375,35007.927001953125,0.24798828980099666,238.6419219970703,3745.835220336914
2020-12-23,GOOG,352.0,85.91365051269531,30241.60498046875,0.21494362088949875,80.63945007324219,1856.5185546875
2020-12-23,CRUS,384.0,81.44000244140625,31272.9609375,0.22227403155961442,81.37999725341797,23.0419921875
2020-12-23,UI,131.0,259.6932373046875,34019.81408691406,0.2417974187068276,238.6419219970703,2757.7223052978516
2020-12-24,GOOG,352.0,86.23452758789062,30354.5537109375,0.21592660745154824,80.63945007324219,1969.46728515625
2020-12-24,CRUS,384.0,80.95999908447266,31088.6396484375,0.22114851542528166,81.37999725341797,-161.279296875
2020-12-24,UI,131.0,259.3417663574219,33973.771392822266,0.24167185157933277,238.6419219970703,2711.6796112060547
2020-12-28,GOOG,352.0,88.08136749267578,31004.641357421875,0.2184887791132432,80.63945007324219,2619.554931640625
2020-12-28,CRUS,384.0,81.98999786376953,31484.1591796875,0.2218679268460641,81.37999725341797,234.240234375
2020-12-28,UI,131.0,261.4886779785156,34255.01681518555,0.24139407762128198,238.6419219970703,2992.925033569336
2020-12-29,GOOG,352.0,87.21993255615234,30701.416259765625,0.21761845843672883,80.63945007324219,2316.329833984375
2020-12-29,CRUS,384.0,80.70999908447266,30992.6396484375,0.21968271450776058,81.37999725341797,-257.279296875
2020-12-29,UI,131.0,261.25115966796875,34223.901916503906,0.242586619253774,238.6419219970703,2961.8101348876953
2020-12-30,GOOG,352.0,86.26775360107422,30366.249267578125,0.21428757604210535,80.63945007324219,1981.162841796875
2020-12-30,CRUS,384.0,81.94999694824219,31468.798828125,0.22206801249686814,81.37999725341797,218.8798828125
2020-12-30,UI,131.0,264.9751281738281,34711.741790771484,0.2449527086140894,238.6419219970703,3449.6500091552734
2020-12-31,GOOG,352.0,86.88072204589844,30582.01416015625,0.2154157004002659,80.63945007324219,2196.927734375
2020-12-31,CRUS,384.0,82.19999694824219,31564.798828125,0.222338306821296,81.37999725341797,314.8798828125
2020-12-31,UI,131.0,264.576171875,34659.478515625,0.24413682502569287,238.6419219970703,3397.386734008789
2021-01-04,GOOG,352.0,85.70834350585938,30169.3369140625,0.21346518138377663,80.63945007324219,1784.25048828125
2021-01-04,CRUS,384.0,84.12999725341797,32305.9189453125,0.22858271187976537,81.37999725341797,1056.0
2021-01-04,UI,131.0,257.2138977050781,33695.020599365234,0.23841139447187945,238.6419219970703,2432.9288177490234
2021-01-05,GOOG,352.0,86.3371810913086,30390.687744140625,0.21206247587131233,80.63945007324219,2005.601318359375
2021-01-05,CRUS,384.0,86.36000061035156,33162.240234375,0.23140202777729776,81.37999725341797,1912.3212890625
2021-01-05,UI,131.0,264.0915832519531,34595.99740600586,0.2414066087257138,238.6419219970703,3333.9056243896484
2021-01-06,GOOG,352.0,86.05796813964844,30292.40478515625,0.2111264751919592,80.63945007324219,1907.318359375
2021-01-06,CRUS,384.0,90.37999725341797,34705.9189453125,0.24188698081877527,81.37999725341797,3456.0
2021-01-06,UI,131.0,254.35443115234375,33320.43048095703,0.23223065614025962,238.6419219970703,2058.3386993408203
2021-01-07,GOOG,352.0,88.63481140136719,31199.45361328125,0.21741570126753978,80.63945007324219,2814.3671875
2021-01-07,CRUS,384.0,91.36000061035156,35082.240234375,0.2444731871633172,81.37999725341797,3832.3212890625
2021-01-07,UI,131.0,244.7217254638672,32058.5460357666,0.22340235038657347,238.6419219970703,796.4542541503906
2021-01-08,GOOG,352.0,89.62468719482422,31547.889892578125,0.21956783055862972,80.63945007324219,3162.803466796875
2021-01-08,CRUS,384.0,91.12000274658203,34990.0810546875,0.2435248827864001,81.37999725341797,3740.162109375
2021-01-08,UI,131.0,244.1422576904297,31982.63575744629,0.22259358621831,238.6419219970703,720.5439758300781
2021-01-11,GOOG,352.0,87.61666107177734,30841.064697265625,0.21539384687625981,80.63945007324219,2455.978271484375
2021-01-11,CRUS,384.0,91.5199966430664,35143.6787109375,0.24544328236512786,81.37999725341797,3893.759765625
2021-01-11,UI,131.0,244.56973266601562,32038.634979248047,0.22375767194108487,238.6419219970703,776.5431976318359
2021-01-12,GOOG,352.0,86.61638641357422,30488.968017578125,0.21339522964196928,80.63945007324219,2103.881591796875
2021-01-12,CRUS,384.0,93.0,35712.0,0.24995173456118042,81.37999725341797,4462.0810546875
2021-01-12,UI,131.0,240.5608673095703,31513.47361755371,0.22056584321112083,238.6419219970703,251.3818359375
2021-01-13,GOOG,352.0,87.00569152832031,30626.00341796875,0.2153860175447379,80.63945007324219,2240.9169921875
2021-01-13,CRUS,384.0,93.93000030517578,36069.1201171875,0.25366627281918674,81.37999725341797,4819.201171875
2021-01-13,UI,131.0,231.56463623046875,30334.967346191406,0.21333922418399506,238.6419219970703,-927.1244354248047
2021-01-14,GOOG,352.0,86.30048370361328,30377.770263671875,0.2120542896448756,80.63945007324219,1992.683837890625
2021-01-14,CRUS,384.0,97.55000305175781,37459.201171875,0.2614867459401972,81.37999725341797,6209.2822265625
2021-01-14,UI,131.0,230.9661865234375,30256.570434570312,0.21120824520375522,238.6419219970703,-1005.5213470458984
2021-01-15,GOOG,352.0,86.10261535644531,30308.12060546875,0.210228722151124,80.63945007324219,1923.0341796875
2021-01-15,CRUS,384.0,98.76000213623047,37923.8408203125,0.26305427177422386,81.37999725341797,6673.921875
2021-01-15,UI,131.0,234.9180145263672,30774.2599029541,0.21346204269021035,238.6419219970703,-487.8318786621094
2021-01-19,GOOG,352.0,88.8138427734375,31262.47265625,0.2132477989354621,80.63945007324219,2877.38623046875
2021-01-19,CRUS,384.0,101.3499984741211,38918.3994140625,0.265470460522924,81.37999725341797,7668.48046875
2021-01-19,UI,131.0,238.62294006347656,31259.60514831543,0.21322823907011812,238.6419219970703,-2.48663330078125
2021-01-20,GOOG,352.0,93.57674407958984,32939.013916015625,0.22144421134793443,80.63945007324219,4553.927490234375
2021-01-20,CRUS,384.0,100.44000244140625,38568.9609375,0.259293528309335,81.37999725341797,7319.0419921875
2021-01-20,UI,131.0,244.86422729492188,32077.213775634766,0.2156504540450363,238.6419219970703,815.1219940185547
2021-01-21,GOOG,352.0,93.79246520996094,33014.94775390625,0.22158647567400286,80.63945007324219,4629.861328125
2021-01-21,CRUS,384.0,99.45999908447266,38192.6396484375,0.25633759833477654,81.37999725341797,6942.720703125
2021-01-21,UI,131.0,249.04415893554688,32624.78482055664,0.21896781851349464,238.6419219970703,1362.6930389404297
2021-01-22,GOOG,352.0,94.27848052978516,33186.025146484375,0.22247685660070576,80.63945007324219,4800.938720703125
2021-01-22,CRUS,384.0,98.55999755859375,37847.0390625,0.25372397703860355,81.37999725341797,6597.1201171875
2021-01-22,UI,131.0,251.6945343017578,32971.98399353027,0.22104193926178897,238.6419219970703,1709.8922119140625
2021-01-25,GOOG,352.0,94.1966552734375,33157.22265625,0.2211655087527575,80.63945007324219,4772.13623046875
2021-01-25,CRUS,384.0,99.05000305175781,38035.201171875,0.25370263079334154,81.37999725341797,6785.2822265625
2021-01-25,UI,131.0,256.23541259765625,33566.83905029297,0.22389773452212264,238.6419219970703,2304.747268676758
2021-01-26,GOOG,352.0,95.0813980102539,33468.652099609375,0.22107283479022566,80.63945007324219,5083.565673828125
2021-01-26,CRUS,384.0,100.12999725341797,38449.9189453125,0.2539759460105012,81.37999725341797,7200.0
2021-01-26,UI,131.0,261.9256286621094,34312.25735473633,0.22664515974193844,238.6419219970703,3050.165573120117
2021-01-27,GOOG,352.0,90.7940902709961,31959.519775390625,0.21097306632882537,80.63945007324219,3574.433349609375
2021-01-27,CRUS,384.0,95.62999725341797,36721.9189453125,0.24241089652844983,81.37999725341797,5472.0
2021-01-27,UI,131.0,287.3562927246094,37643.67434692383,0.24849564263382912,238.6419219970703,6381.582565307617
2021-01-28,GOOG,352.0,92.39692687988281,32523.71826171875,0.21550108514861455,80.63945007324219,4138.6318359375
2021-01-28,CRUS,384.0,93.95999908447266,36080.6396484375,0.23906912901303393,81.37999725341797,4830.720703125
2021-01-28,UI,131.0,283.632568359375,37155.866455078125,0.24619354639198615,238.6419219970703,5893.774673461914
2021-01-29,GOOG,352.0,91.0395736694336,32045.929931640625,0.21150730349781158,80.63945007324219,3660.843505859375
2021-01-29,CRUS,384.0,93.69000244140625,35976.9609375,0.23745261916782684,81.37999725341797,4727.0419921875
2021-01-29,UI,131.0,292.5811767578125,38328.13415527344,0.2529706680560425,238.6419219970703,7066.042373657227
2021-02-01,GOOG,371.0,94.29335021972656,34982.832931518555,0.22497026688186342,81.33870641497589,4806.1728515625
2021-02-01,CRUS,358.0,97.86000061035156,35033.88021850586,0.22529854566361932,81.37999725341797,5899.841201782227
2021-02-01,GOOGL,372.0,93.87760925292969,34922.470642089844,0.22458208447282407,93.87760925292969,0.0
2021-02-02,GOOG,371.0,95.59071350097656,35464.154708862305,0.23086299510828165,81.33870641497589,5287.49462890625
2021-02-02,CRUS,358.0,89.91000366210938,32187.781311035156,0.20953460361199555,81.37999725341797,3053.7422943115234
2021-02-02,GOOGL,372.0,95.16943359375,35403.029296875,0.23046508358876389,93.87760925292969,480.55865478515625
2021-02-03,GOOG,371.0,102.6606674194336,38087.10761260986,0.24174152295483786,81.33870641497589,7910.447532653809
2021-02-03,CRUS,358.0,86.37999725341797,30924.039016723633,0.1962770280130847,81.37999725341797,1790.0
2021-02-03,GOOGL,372.0,102.10014343261719,37981.253356933594,0.24106965862639618,93.87760925292969,3058.78271484375
2021-02-04,GOOG,371.0,102.27880096435547,37945.43515777588,0.2408074434191646,81.33870641497589,7768.775077819824
2021-02-04,CRUS,358.0,87.11000061035156,31185.38021850586,0.19790711718677137,81.37999725341797,2051.3412017822266
2021-02-04,GOOGL,372.0,101.83979034423828,37884.40200805664,0.24042011786375594,93.87760925292969,2961.931365966797
2021-02-05,GOOG,371.0,104.0457992553711,38600.991523742676,0.24391756607341353,81.33870641497589,8424.331443786621
2021-02-05,CRUS,358.0,85.36000061035156,30558.88021850586,0.19309990211630249,81.37999725341797,1424.8412017822266
2021-02-05,GOOGL,372.0,103.58536529541016,38533.75588989258,0.24349270775981213,93.87760925292969,3611.2852478027344
2021-02-08,GOOG,371.0,103.79336547851562,38507.3385925293,0.24137300690894256,81.33870641497589,8330.678512573242
2021-02-08,CRUS,358.0,89.41999816894531,32012.359344482422,0.20066095751230095,81.37999725341797,2878.320327758789
2021-02-08,GOOGL,372.0,103.37163543701172,38454.24838256836,0.2410402250527022,93.87760925292969,3531.7777404785156
2021-02-09,GOOG,371.0,103.32718658447266,38334.386222839355,0.2413795715284237,81.33870641497589,8157.726142883301
2021-02-09,CRUS,358.0,88.36000061035156,31632.88021850586,0.1991822962540013,81.37999725341797,2498.8412017822266
2021-02-09,GOOGL,372.0,102.91888427734375,38285.824951171875,0.2410737964762334,93.87760925292969,3363.3543090820312
2021-02-10,GOOG,371.0,103.91585540771484,38552.78235626221,0.24257348219602085,81.33870641497589,8376.122276306152
2021-02-10,CRUS,358.0,87.51000213623047,31328.580764770508,0.19711892278340995,81.37999725341797,2194.541748046875
2021-02-10,GOOGL,372.0,103.46881866455078,38490.40054321289,0.24218097683863213,93.87760925292969,3567.929901123047
2021-02-11,GOOG,371.0,103.94115447998047,38562.168312072754,0.24175948368313277,81.33870641497589,8385.5082321167
2021-02-11,CRUS,358.0,88.97000122070312,31851.26043701172,0.19968649624658635,81.37999725341797,2717.221420288086
2021-02-11,GOOGL,372.0,103.5813980102539,38532.28005981445,0.24157210395967735,93.87760925292969,3609.8094177246094
2021-02-12,GOOG,371.0,104.34879302978516,38713.40221405029,0.24207408602528677,81.33870641497589,8536.742134094238
2021-02-12,CRUS,358.0,89.38999938964844,32001.61978149414,0.20010545229533952,81.37999725341797,2867.580764770508
2021-02-12,GOOGL,372.0,103.89282989501953,38648.132720947266,0.24166595726406634,93.87760925292969,3725.662078857422
2021-02-16,GOOG,371.0,105.2310562133789,39040.721855163574,0.24314012877974636,81.33870641497589,8864.06177520752
2021-02-16,CRUS,358.0,89.47000122070312,32030.26043701172,0.19947996034488832,81.37999725341797,2896.221420288086
2021-02-16,GOOGL,372.0,104.66991424560547,38937.208099365234,0.24249545965685834,93.87760925292969,4014.7374572753906
2021-02-17,GOOG,371.0,105.5489501953125,39158.66052246094,0.24407732166769666,81.33870641497589,8982.000442504883
2021-02-17,CRUS,358.0,88.36000061035156,31632.88021850586,0.19716886577209083,81.37999725341797,2498.8412017822266
2021-02-17,GOOGL,372.0,105.06266021728516,39083.30960083008,0.2436076566972541,93.87760925292969,4160.838958740234
2021-02-18,GOOG,371.0,104.99798583984375,38954.25274658203,0.244242645560577,81.33870641497589,8777.592666625977
2021-02-18,CRUS,358.0,86.94999694824219,31128.098907470703,0.19517276529194993,81.37999725341797,1994.0598907470703
2021-02-18,GOOGL,372.0,104.42741394042969,38846.997985839844,0.24357015964015497,93.87760925292969,3924.52734375
2021-02-19,GOOG,371.0,104.20149993896484,38658.75647735596,0.24264665151186632,81.33870641497589,8482.096397399902
2021-02-19,CRUS,358.0,88.18000030517578,31568.44010925293,0.19814336993612006,81.37999725341797,2434.401092529297
2021-02-19,GOOGL,372.0,103.58436584472656,38533.38409423828,0.24185973564266638,93.87760925292969,3610.9134521484375
2021-02-22,GOOG,371.0,102.40328216552734,37991.617683410645,0.24176433313250842,81.33870641497589,7814.95760345459
2021-02-22,CRUS,358.0,85.73999786376953,30694.919235229492,0.1953308948647869,81.37999725341797,1560.8802185058594
2021-02-22,GOOGL,372.0,101.87104034423828,37896.02700805664,0.24115603010963563,93.87760925292969,2973.556365966797
2021-02-23,GOOG,371.0,102.69984436035156,38101.64225769043,0.2425643446105464,81.33870641497589,7924.982177734375
2021-02-23,CRUS,358.0,84.94999694824219,30412.098907470703,0.19361083676735205,81.37999725341797,1278.0598907470703
2021-02-23,GOOGL,372.0,102.1616439819336,38004.1315612793,0.24194356774199266,93.87760925292969,3081.660919189453
2021-02-24,GOOG,371.0,103.90544128417969,38548.918716430664,0.24299711732072116,81.33870641497589,8372.25863647461
2021-02-24,CRUS,358.0,86.83999633789062,31088.718688964844,0.19597097076015657,81.37999725341797,1954.679672241211
2021-02-24,GOOGL,372.0,103.33641815185547,38441.147552490234,0.24231777058312612,93.87760925292969,3518.6769104003906
2021-02-25,GOOG,371.0,100.74092102050781,37374.8816986084,0.24186580942723554,81.33870641497589,7198.221618652344
2021-02-25,CRUS,358.0,82.12999725341797,29402.539016723633,0.19027401761008172,81.37999725341797,268.5
2021-02-25,GOOGL,372.0,99.97124481201172,37189.30307006836,0.2406648658211477,93.87760925292969,2266.8324279785156
2021-02-26,GOOG,371.0,101.01368713378906,37476.07792663574,0.24238604350565124,81.33870641497589,7299.4178466796875
2021-02-26,CRUS,358.0,81.77999877929688,29277.23956298828,0.1893579759421986,81.37999725341797,143.20054626464844
2021-02-26,GOOGL,372.0,100.26678466796875,37299.243896484375,0.24124232454419917,93.87760925292969,2376.7732543945312
2021-03-01,FTNT,1016.0,34.652000427246094,35206.43243408203,0.22519026295872763,34.652000427246094,0.0
2021-03-01,LPX,770.0,45.709041595458984,35195.96202850342,0.22512329129410505,45.709041595458984,0.0
2021-03-01,TROW,264.0,133.1151885986328,35142.40979003906,0.22478075608596104,133.1151885986328,0.0
2021-03-02,FTNT,1016.0,34.66999816894531,35224.71813964844,0.226365993336052,34.652000427246094,18.28570556640625
2021-03-02,LPX,770.0,44.34765625,34147.6953125,0.21944467912861085,45.709041595458984,-1048.266716003418
2021-03-02,TROW,264.0,134.24676513671875,35441.14599609375,0.22775683219289133,133.1151885986328,298.7362060546875
2021-03-03,FTNT,1016.0,33.97600173950195,34519.617767333984,0.22322774998761102,34.652000427246094,-686.8146667480469
2021-03-03,LPX,770.0,44.02130126953125,33896.40197753906,0.21919760517400533,45.709041595458984,-1299.5600509643555
2021-03-03,TROW,264.0,134.19134521484375,35426.51513671875,0.22909237631696217,133.1151885986328,284.1053466796875
2021-03-04,FTNT,1016.0,32.7859992980957,33310.575286865234,0.21999255754644395,34.652000427246094,-1895.8571472167969
2021-03-04,LPX,770.0,43.051544189453125,33149.689025878906,0.21893001870634102,45.709041595458984,-2046.2730026245117
2021-03-04,TROW,264.0,129.39598083496094,34160.53894042969,0.22560596038800024,133.1151885986328,-981.870849609375
2021-03-05,FTNT,1016.0,33.513999938964844,34050.22393798828,0.21869555204639102,34.652000427246094,-1156.20849609375
2021-03-05,LPX,770.0,45.15890121459961,34772.3539352417,0.22333360137864236,45.709041595458984,-423.60809326171875
2021-03-05,TROW,264.0,136.66029357910156,36078.31750488281,0.23172145880757686,133.1151885986328,935.90771484375
2021-03-08,FTNT,1016.0,33.242000579833984,33773.87258911133,0.21580813241592292,34.652000427246094,-1432.5598449707031
2021-03-08,LPX,770.0,46.343109130859375,35684.19403076172,0.22801469538997696,45.709041595458984,488.2320022583008
2021-03-08,TROW,264.0,137.29335021972656,36245.44445800781,0.23160097073349997,133.1151885986328,1103.03466796875
2021-03-09,FTNT,1016.0,35.15399932861328,35716.463317871094,0.22434167552995765,34.652000427246094,510.0308837890625
2021-03-09,LPX,770.0,46.5669059753418,35856.51760101318,0.2252213822429547,45.709041595458984,660.5555725097656
2021-03-09,TROW,264.0,139.5327606201172,36836.64880371094,0.2313777666054116,133.1151885986328,1694.239013671875
2021-03-10,FTNT,1016.0,36.09199905395508,36669.47103881836,0.228597962049426,34.652000427246094,1463.0386047363281
2021-03-10,LPX,770.0,47.08906936645508,36258.58341217041,0.22603648321097716,45.709041595458984,1062.6213836669922
2021-03-10,TROW,264.0,138.9630126953125,36686.2353515625,0.22870247099433041,133.1151885986328,1543.8255615234375
2021-03-11,FTNT,1016.0,37.50600051879883,38106.09652709961,0.2344932069258701,34.652000427246094,2899.664093017578
2021-03-11,LPX,770.0,48.33857727050781,37220.704498291016,0.2290447764870746,45.709041595458984,2024.7424697875977
2021-03-11,TROW,264.0,137.80767822265625,36381.22705078125,0.22387889027071772,133.1151885986328,1238.8172607421875
2021-03-12,FTNT,1016.0,37.66999816894531,38272.71813964844,0.23479552419953842,34.652000427246094,3066.2857055664062
2021-03-12,LPX,770.0,48.88872146606445,37644.31552886963,0.23094039899343713,45.709041595458984,2448.353500366211
2021-03-12,TROW,264.0,137.46743774414062,36291.403564453125,0.2226405528021648,133.1151885986328,1148.9937744140625
2021-03-15,FTNT,1016.0,38.40599822998047,39020.494201660156,0.23590469580293255,34.652000427246094,3814.061767578125
2021-03-15,LPX,770.0,50.8095817565918,39123.37795257568,0.23652669612505456,45.709041595458984,3927.4159240722656
2021-03-15,TROW,264.0,138.1362762451172,36467.97692871094,0.22047304064001058,133.1151885986328,1325.567138671875
2021-03-16,FTNT,1016.0,37.90399932861328,38510.463317871094,0.23445649557834894,34.652000427246094,3304.0308837890625
2021-03-16,LPX,770.0,50.33403396606445,38757.20615386963,0.23595869668561098,45.709041595458984,3561.244125366211
2021-03-16,TROW,264.0,137.08523559570312,36190.502197265625,0.22033228342007136,133.1151885986328,1048.0924072265625
2021-03-17,FTNT,1016.0,36.53200149536133,37116.51351928711,0.22613003526793796,34.652000427246094,1910.0810852050781
2021-03-17,LPX,770.0,51.294456481933594,39496.73149108887,0.24063136426882115,45.709041595458984,4300.769462585449
2021-03-17,TROW,264.0,139.12367248535156,36728.64953613281,0.22376699822933604,133.1151885986328,1586.23974609375
2021-03-18,FTNT,1016.0,34.61199951171875,35165.79150390625,0.21869505363382383,34.652000427246094,-40.64093017578125
2021-03-18,LPX,770.0,50.26875305175781,38706.939849853516,0.24071735412310016,45.709041595458984,3510.9778213500977
2021-03-18,TROW,264.0,136.85430908203125,36129.53759765625,0.22468856308287555,133.1151885986328,987.1278076171875
2021-03-19,FTNT,1016.0,34.89799880981445,35456.366790771484,0.22012975372491805,34.652000427246094,249.93435668945312
2021-03-19,LPX,770.0,50.25010681152344,38692.58224487305,0.24022169701724572,45.709041595458984,3496.620216369629
2021-03-19,TROW,264.0,136.83837890625,36125.33203125,0.22428300367593657,133.1151885986328,982.9222412109375
2021-03-22,FTNT,1016.0,35.82400131225586,36397.18533325195,0.22388459435864164,34.652000427246094,1190.7528991699219
2021-03-22,LPX,770.0,50.86553192138672,39166.45957946777,0.24091881927480405,45.709041595458984,3970.4975509643555
2021-03-22,TROW,264.0,137.16485595703125,36211.52197265625,0.2227425509343042,133.1151885986328,1069.1121826171875
2021-03-23,FTNT,1016.0,35.2140007019043,35777.424713134766,0.2249425932512556,34.652000427246094,570.9922790527344
2021-03-23,LPX,770.0,48.11477279663086,37048.37505340576,0.23293341058163675,45.709041595458984,1852.4130249023438
2021-03-23,TROW,264.0,134.20277404785156,35429.53234863281,0.2227552974559087,133.1151885986328,287.12255859375
2021-03-24,FTNT,1016.0,34.2599983215332,34808.158294677734,0.2208542283058236,34.652000427246094,-398.2741394042969
2021-03-24,LPX,770.0,47.01448440551758,36201.152992248535,0.22969263815105648,45.709041595458984,1005.1909637451172
2021-03-24,TROW,264.0,135.61212158203125,35801.60009765625,0.22715751562444955,133.1151885986328,659.1903076171875
2021-03-25,FTNT,1016.0,34.24599838256836,34793.93435668945,0.21702140237854553,34.652000427246094,-412.4980773925781
2021-03-25,LPX,770.0,50.08226776123047,38563.34617614746,0.2405324842474393,45.709041595458984,3367.384147644043
2021-03-25,TROW,264.0,137.01361083984375,36171.59326171875,0.22561432160704512,133.1151885986328,1029.1834716796875
2021-03-26,FTNT,1016.0,36.55400085449219,37138.86486816406,0.22423626120303575,34.652000427246094,1932.4324340820312
2021-03-26,LPX,770.0,52.264217376708984,40243.44738006592,0.2429810445327481,45.709041595458984,5047.4853515625
2021-03-26,TROW,264.0,141.83892822265625,37445.47705078125,0.22608751782365252,133.1151885986328,2303.0672607421875
2021-03-29,FTNT,1016.0,36.73400115966797,37321.745178222656,0.22756495463316592,34.652000427246094,2115.312744140625
2021-03-29,LPX,770.0,50.240779876708984,38685.40050506592,0.2358796827121046,45.709041595458984,3489.4384765625
2021-03-29,TROW,264.0,140.91526794433594,37201.63073730469,0.22683257094725418,133.1151885986328,2059.220947265625
2021-03-30,FTNT,1016.0,36.26599884033203,36846.254821777344,0.2260939580073436,34.652000427246094,1639.8223876953125
2021-03-30,LPX,770.0,50.8095817565918,39123.37795257568,0.24006671545589658,45.709041595458984,3927.4159240722656
2021-03-30,TROW,264.0,137.1330108642578,36203.11486816406,0.2221475580714906,133.1151885986328,1060.705078125
2021-03-31,FTNT,1016.0,36.88399887084961,37474.1428527832,0.22827429523582188,34.652000427246094,2267.710418701172
2021-03-31,LPX,770.0,51.71406936645508,39819.83341217041,0.242563103958919,45.709041595458984,4623.871383666992
2021-03-31,TROW,264.0,136.63931274414062,36072.778564453125,0.21973786395455405,133.1151885986328,930.3687744140625
2021-04-01,FTNT,1016.0,37.27799987792969,37874.44787597656,0.22810047556882804,34.652000427246094,2668.0154418945312
2021-04-01,LPX,770.0,52.99152755737305,40803.476219177246,0.2457406735256788,45.709041595458984,5607.514190673828
2021-04-01,TROW,264.0,138.5184783935547,36568.87829589844,0.2202376271629795,133.1151885986328,1426.468505859375
2021-04-05,FTNT,1016.0,38.25400161743164,38866.06564331055,0.22919180316763424,34.652000427246094,3659.6332092285156
2021-04-05,LPX,770.0,55.602413177490234,42813.85814666748,0.25247179478499454,45.709041595458984,7617.8961181640625
2021-04-05,TROW,264.0,140.541015625,37102.828125,0.21879405439771277,133.1151885986328,1960.4183349609375
2021-04-06,FTNT,1016.0,38.93600082397461,39558.9768371582,0.23164718961175024,34.652000427246094,4352.544403076172
2021-04-06,LPX,770.0,56.236473083496094,43302.08427429199,0.253565863641065,45.709041595458984,8106.122245788574
2021-04-06,TROW,264.0,140.58880615234375,37115.44482421875,0.21733849487847084,133.1151885986328,1973.0350341796875
2021-04-07,FTNT,1016.0,38.566001892089844,39183.05792236328,0.23007406708238878,34.652000427246094,3976.62548828125
2021-04-07,LPX,770.0,56.01268768310547,43129.76951599121,0.25324826624127944,45.709041595458984,7933.807487487793
2021-04-07,TROW,264.0,140.8993377685547,37197.42517089844,0.21841487999784087,133.1151885986328,2055.015380859375
2021-04-08,FTNT,1016.0,39.316001892089844,39945.05792236328,0.23214172805264383,34.652000427246094,4738.62548828125
2021-04-08,LPX,770.0,57.45800018310547,44242.66014099121,0.2571173535093446,45.709041595458984,9046.698112487793
2021-04-08,TROW,264.0,140.4852752685547,37088.11267089844,0.2155385174898788,133.1151885986328,1945.702880859375
2021-04-09,FTNT,1016.0,39.52399826049805,40156.382232666016,0.23222736579757483,34.652000427246094,4949.949798583984
2021-04-09,LPX,770.0,57.43935012817383,44228.29959869385,0.25577556887471403,45.709041595458984,9032.33757019043
2021-04-09,TROW,264.0,142.94577026367188,37737.683349609375,0.21823984901841478,133.1151885986328,2595.2735595703125
2021-04-12,FTNT,1016.0,39.417999267578125,40048.687255859375,0.2296501917603179,34.652000427246094,4842.254821777344
2021-04-12,LPX,770.0,58.67952346801758,45183.233070373535,0.25909309018473,45.709041595458984,9987.271041870117
2021-04-12,TROW,264.0,145.31065368652344,38362.01257324219,0.21997833505685904,133.1151885986328,3219.602783203125
2021-04-13,FTNT,1016.0,40.007999420166016,40648.12741088867,0.23340753399142253,34.652000427246094,5441.694976806641
2021-04-13,LPX,770.0,59.10845184326172,45513.50791931152,0.2613452654131339,45.709041595458984,10317.545890808105
2021-04-13,TROW,264.0,140.88340759277344,37193.21960449219,0.21356894455020997,133.1151885986328,2050.809814453125
2021-04-14,FTNT,1016.0,39.86399841308594,40501.82238769531,0.2323396975416985,34.652000427246094,5295.389953613281
2021-04-14,LPX,770.0,60.068878173828125,46253.036193847656,0.2653316766044735,45.709041595458984,11057.074165344238
2021-04-14,TROW,264.0,139.28292846679688,36770.693115234375,0.21093598295437865,133.1151885986328,1628.2833251953125
2021-04-15,FTNT,1016.0,41.108001708984375,41765.729736328125,0.23626037287341808,34.652000427246094,6559.297302246094
2021-04-15,LPX,770.0,60.9547233581543,46935.13698577881,0.2655026749234515,45.709041595458984,11739.17495727539
2021-04-15,TROW,264.0,141.2178192138672,37281.50427246094,0.21089400703161107,133.1151885986328,2139.094482421875
2021-04-16,FTNT,1016.0,41.20199966430664,41861.23165893555,0.2352616174107801,34.652000427246094,6654.799224853516
2021-04-16,LPX,770.0,62.20420837402344,47897.24044799805,0.26918420244101326,45.709041595458984,12701.278419494629
2021-04-16,TROW,264.0,141.59210205078125,37380.31494140625,0.21007870537804438,133.1151885986328,2237.9051513671875
2021-04-19,FTNT,1016.0,41.22800064086914,41887.64865112305,0.2348524592569416,34.652000427246094,6681.216217041016
2021-04-19,LPX,770.0,62.931522369384766,48457.27222442627,0.2716865213794826,45.709041595458984,13261.310195922852
2021-04-19,TROW,264.0,140.97100830078125,37216.34619140625,0.20866175851518304,133.1151885986328,2073.9364013671875
2021-04-20,FTNT,1016.0,40.560001373291016,41208.96139526367,0.23449150468094657,34.652000427246094,6002.528961181641
2021-04-20,LPX,770.0,60.544437408447266,46619.216804504395,0.2652775009464797,45.709041595458984,11423.254776000977
2021-04-20,TROW,264.0,140.58084106445312,37113.342041015625,0.21118618679714246,133.1151885986328,1970.9322509765625
2021-04-21,FTNT,1016.0,40.38399887084961,41030.1428527832,0.23433870930232198,34.652000427246094,5823.710418701172
2021-04-21,LPX,770.0,59.21101760864258,45592.483558654785,0.260395967651323,45.709041595458984,10396.521530151367
2021-04-21,TROW,264.0,142.69091796875,37670.40234375,0.215149956845318,133.1151885986328,2527.9925537109375
2021-04-22,FTNT,1016.0,40.231998443603516,40875.71041870117,0.23413142145528157,34.652000427246094,5669.277984619141
2021-04-22,LPX,770.0,59.82645034790039,46066.3667678833,0.26386291081341834,45.709041595458984,10870.404739379883
2021-04-22,TROW,264.0,139.569580078125,36846.369140625,0.21105181277567805,133.1151885986328,1703.9593505859375
2021-04-23,FTNT,1016.0,40.35200119018555,40997.633209228516,0.2304975947034466,34.652000427246094,5791.200775146484
2021-04-23,LPX,770.0,63.034088134765625,48536.24786376953,0.27288132296405065,45.709041595458984,13340.285835266113
2021-04-23,TROW,264.0,142.1813201904297,37535.86853027344,0.21103480211109565,133.1151885986328,2393.458740234375
2021-04-26,FTNT,1016.0,40.779998779296875,41432.478759765625,0.23185503716468436,34.652000427246094,6226.046325683594
2021-04-26,LPX,770.0,63.481689453125,48880.90087890625,0.27353620708128185,45.709041595458984,13684.938850402832
2021-04-26,TROW,264.0,142.3883514404297,37590.52478027344,0.21035556599219962,133.1151885986328,2448.114990234375
2021-04-27,FTNT,1016.0,40.25,40894.0,0.22725517178993426,34.652000427246094,5687.567565917969
2021-04-27,LPX,770.0,65.78484344482422,50654.32945251465,0.28149504430075667,45.709041595458984,15458.36742401123
2021-04-27,TROW,264.0,142.4361572265625,37603.1455078125,0.2089673128630074,133.1151885986328,2460.7357177734375
2021-04-28,FTNT,1016.0,39.60200119018555,40235.633209228516,0.22561653487574096,34.652000427246094,5029.200775146484
2021-04-28,LPX,770.0,64.3208999633789,49527.09297180176,0.27771729204956713,45.709041595458984,14331.13094329834
2021-04-28,TROW,264.0,143.09703063964844,37777.61608886719,0.21183349578505822,133.1151885986328,2635.206298828125
2021-04-29,FTNT,1016.0,39.09400177001953,39719.505798339844,0.22346113113014535,34.652000427246094,4513.0733642578125
2021-04-29,LPX,770.0,63.64950180053711,49010.116386413574,0.2757299171880886,45.709041595458984,13814.154357910156
2021-04-29,TROW,264.0,144.7771759033203,38221.17443847656,0.21503154939811855,133.1151885986328,3078.7646484375
2021-04-30,FTNT,1016.0,40.84600067138672,41499.536682128906,0.23410713828204568,34.652000427246094,6293.104248046875
2021-04-30,LPX,770.0,61.4302864074707,47301.32053375244,0.26683615462837695,45.709041595458984,12105.358505249023
2021-04-30,TROW,264.0,142.69091796875,37670.40234375,0.2125062300858481,133.1151885986328,2527.9925537109375
2021-05-03,FTNT,1016.0,40.63600158691406,41286.17761230469,0.2311019906888874,34.652000427246094,6079.745178222656
2021-05-03,LPX,770.0,62.54922866821289,48162.906074523926,0.26959491323476514,45.709041595458984,12966.944046020508
2021-05-03,TROW,264.0,145.46990966796875,38404.05615234375,0.2149691335118736,133.1151885986328,3261.6463623046875
2021-05-04,FTNT,1016.0,41.35599899291992,42017.69497680664,0.22984287762414657,34.652000427246094,6811.262542724609
2021-05-04,LPX,770.0,67.23014831542969,51767.21420288086,0.2831741599710191,45.709041595458984,16571.25217437744
2021-05-04,TROW,264.0,144.80902099609375,38229.58154296875,0.20912134844743685,133.1151885986328,3087.1717529296875
2021-05-05,FTNT,1016.0,41.875999450683594,42546.01544189453,0.2332717855381052,34.652000427246094,7339.5830078125
2021-05-05,LPX,770.0,65.04821014404297,50087.121810913086,0.2746182507561276,45.709041595458984,14891.159782409668
2021-05-05,TROW,264.0,147.572021484375,38959.013671875,0.21360493074735395,133.1151885986328,3816.6038818359375
2021-05-06,FTNT,1016.0,41.301998138427734,41962.83010864258,0.23045686775760074,34.652000427246094,6756.397674560547
2021-05-06,LPX,770.0,64.56332397460938,49713.75946044922,0.2730244185162879,45.709041595458984,14517.7974319458
2021-05-06,TROW,264.0,150.0484161376953,39612.78186035156,0.21755057051839619,133.1151885986328,4470.3720703125
2021-05-07,FTNT,1016.0,42.354000091552734,43031.66409301758,0.231569533566754,34.652000427246094,7825.231658935547
2021-05-07,LPX,770.0,67.81761169433594,52219.56100463867,0.28101305491615847,45.709041595458984,17023.598976135254
2021-05-07,TROW,264.0,150.67747497558594,39778.85339355469,0.21406493846610128,133.1151885986328,4636.443603515625
2021-05-10,FTNT,1016.0,40.858001708984375,41511.729736328125,0.2242653699158602,34.652000427246094,6305.297302246094
2021-05-10,LPX,770.0,68.58222198486328,52808.31092834473,0.2852946735826518,45.709041595458984,17612.34889984131
2021-05-10,TROW,264.0,151.4578399658203,39984.86975097656,0.21601657321190285,133.1151885986328,4842.4599609375
2021-05-11,FTNT,1016.0,41.301998138427734,41962.83010864258,0.23057004739424802,34.652000427246094,6756.397674560547
2021-05-11,LPX,770.0,65.44917297363281,50395.863189697266,0.2769064082198153,45.709041595458984,15199.901161193848
2021-05-11,TROW,264.0,147.12612915039062,38841.298095703125,0.21341839717659797,133.1151885986328,3698.8883056640625
2021-05-12,FTNT,1016.0,39.40599822998047,40036.494201660156,0.22788294680887702,34.652000427246094,4830.061767578125
2021-05-12,LPX,770.0,59.81712341308594,46059.18502807617,0.2621633842100509,45.709041595458984,10863.222999572754
2021-05-12,TROW,264.0,146.9589080810547,38797.15173339844,0.2208287573898355,133.1151885986328,3654.741943359375
2021-05-13,FTNT,1016.0,39.678001403808594,40312.84942626953,0.22643070713273405,34.652000427246094,5106.4169921875
2021-05-13,LPX,770.0,61.34636688232422,47236.70249938965,0.26532086175445413,45.709041595458984,12040.74047088623
2021-05-13,TROW,264.0,150.34304809570312,39690.564697265625,0.22293543519756698,133.1151885986328,4548.1549072265625
2021-05-14,FTNT,1016.0,41.172000885009766,41830.75289916992,0.23215131136604208,34.652000427246094,6624.320465087891
2021-05-14,LPX,770.0,61.551979064941406,47395.02388000488,0.2630317692939816,45.709041595458984,12199.061851501465
2021-05-14,TROW,264.0,152.14260864257812,40165.648681640625,0.2229103558280837,133.1151885986328,5023.2388916015625
2021-05-17,FTNT,1016.0,40.86800003051758,41521.88803100586,0.23187492590279354,34.652000427246094,6315.455596923828
2021-05-17,LPX,770.0,60.392921447753906,46502.54951477051,0.2596889432141554,45.709041595458984,11306.58748626709
2021-05-17,TROW,264.0,152.4611053466797,40249.73181152344,0.224770693819007,133.1151885986328,5107.322021484375
2021-05-18,FTNT,1016.0,40.849998474121094,41503.59844970703,0.23258403885857137,34.652000427246094,6297.166015625
2021-05-18,LPX,770.0,60.383575439453125,46495.353088378906,0.26055757605101953,45.709041595458984,11299.391059875488
2021-05-18,TROW,264.0,150.19175720214844,39650.62390136719,0.22220006444543083,133.1151885986328,4508.214111328125
2021-05-19,FTNT,1016.0,41.52000045776367,42184.32046508789,0.23502891451975608,34.652000427246094,6977.888031005859
2021-05-19,LPX,770.0,61.06591796875,47020.7568359375,0.2619750020198593,45.709041595458984,11824.794807434082
2021-05-19,TROW,264.0,149.56272888183594,39484.56042480469,0.21998726717932518,133.1151885986328,4342.150634765625
2021-05-20,FTNT,1016.0,42.4640007019043,43143.424713134766,0.23788273774433102,34.652000427246094,7936.992279052734
2021-05-20,LPX,770.0,61.69220733642578,47502.99964904785,0.2619204127330957,45.709041595458984,12307.037620544434
2021-05-20,TROW,264.0,151.2189483642578,39921.80236816406,0.22011946678251917,133.1151885986328,4779.392578125
2021-05-21,FTNT,1016.0,42.16600036621094,42840.65637207031,0.2367871132522979,34.652000427246094,7634.223937988281
2021-05-21,LPX,770.0,60.89767837524414,46891.21234893799,0.25917517959048386,45.709041595458984,11695.25032043457
2021-05-21,TROW,264.0,153.0185089111328,40396.88635253906,0.22328000814747123,133.1151885986328,5254.4765625
2021-05-24,FTNT,1016.0,42.61399841308594,43295.82238769531,0.24003871237906604,34.652000427246094,8089.389953613281
2021-05-24,LPX,770.0,60.75746536254883,46783.2483291626,0.2593735393055796,45.709041595458984,11587.28630065918
2021-05-24,TROW,264.0,149.6025390625,39495.0703125,0.2189667570751005,133.1151885986328,4352.6605224609375
2021-05-25,FTNT,1016.0,42.91400146484375,43600.62548828125,0.24170048528992216,34.652000427246094,8394.193054199219
2021-05-25,LPX,770.0,60.514442443847656,46596.120681762695,0.258306041605684,45.709041595458984,11400.158653259277
2021-05-25,TROW,264.0,149.23623657226562,39398.366455078125,0.21840522206228463,133.1151885986328,4255.9566650390625
2021-05-26,FTNT,1016.0,43.141998291015625,43832.270263671875,0.24067891754447898,34.652000427246094,8625.837829589844
2021-05-26,LPX,770.0,62.43063735961914,48071.59076690674,0.2639566319705172,45.709041595458984,12875.62873840332
2021-05-26,TROW,264.0,149.3158721923828,39419.39025878906,0.21644820404413065,133.1151885986328,4276.98046875
2021-05-27,FTNT,1016.0,43.268001556396484,43960.28958129883,0.2392792068785593,34.652000427246094,8753.857147216797
2021-05-27,LPX,770.0,63.60838317871094,48978.45504760742,0.2665934640001617,45.709041595458984,13782.493019104004
2021-05-27,TROW,264.0,151.4578399658203,39984.86975097656,0.2176406937325159,133.1151885986328,4842.4599609375
2021-05-28,FTNT,1016.0,43.70800018310547,44407.328186035156,0.24160449523330754,34.652000427246094,9200.895751953125
2021-05-28,LPX,770.0,62.823219299316406,48373.87886047363,0.2631850881818474,45.709041595458984,13177.916831970215
2021-05-28,TROW,264.0,152.36558532714844,40224.51452636719,0.21884729221795332,133.1151885986328,5082.104736328125
2021-06-01,FTNT,1016.0,42.99800109863281,43685.96911621094,0.2371129163838348,34.652000427246094,8479.536682128906
2021-06-01,LPX,770.0,64.39356231689453,49583.04298400879,0.26912027277794026,45.709041595458984,14387.080955505371
2021-06-01,TROW,264.0,152.1824493408203,40176.16662597656,0.21806287534716018,133.1151885986328,5033.7568359375
2021-06-02,FTNT,1016.0,43.27399826049805,43966.382232666016,0.24100957121550726,34.652000427246094,8759.949798583984
2021-06-02,LPX,770.0,61.19680404663086,47121.53911590576,0.258305126795295,45.709041595458984,11925.577087402344
2021-06-02,TROW,264.0,153.5679168701172,40541.93005371094,0.22223782540912213,133.1151885986328,5399.520263671875
2021-06-03,FTNT,1016.0,43.07600021362305,43765.216217041016,0.24105171303364567,34.652000427246094,8558.783782958984
2021-06-03,LPX,770.0,60.701377868652344,46740.060958862305,0.25743667540807896,45.709041595458984,11544.098930358887
2021-06-03,TROW,264.0,152.49298095703125,40258.14697265625,0.22173534441583476,133.1151885986328,5115.7371826171875
2021-06-04,FTNT,1016.0,44.35200119018555,45061.633209228516,0.24533695015638585,34.652000427246094,9855.200775146484
2021-06-04,LPX,770.0,60.95375061035156,46934.3879699707,0.2555331172428741,45.709041595458984,11738.425941467285
2021-06-04,TROW,264.0,154.8499298095703,40880.38146972656,0.22257222822892123,133.1151885986328,5737.9716796875
2021-06-07,FTNT,1016.0,44.70800018310547,45423.328186035156,0.24950030601827847,34.652000427246094,10216.895751953125
2021-06-07,LPX,770.0,58.121517181396484,44753.56822967529,0.245821462552952,45.709041595458984,9557.606201171875
2021-06-07,TROW,264.0,155.62228393554688,41084.282958984375,0.22566688924303763,133.1151885986328,5941.8731689453125
2021-06-08,FTNT,1016.0,45.47200012207031,46199.55212402344,0.25124068951554246,34.652000427246094,10993.119689941406
2021-06-08,LPX,770.0,59.346031188964844,45696.44401550293,0.2485047056742657,45.709041595458984,10500.481986999512
2021-06-08,TROW,264.0,156.03639221191406,41193.60754394531,0.2240175475119336,133.1151885986328,6051.19775390625
2021-06-09,FTNT,1016.0,45.104000091552734,45825.66409301758,0.2501196042835403,34.652000427246094,10619.231658935547
2021-06-09,LPX,770.0,59.36471939086914,45710.83393096924,0.24949285341675423,45.709041595458984,10514.87190246582
2021-06-09,TROW,264.0,154.85787963867188,40882.480224609375,0.22313936913501295,133.1151885986328,5740.0704345703125
2021-06-10,FTNT,1016.0,45.790000915527344,46522.64093017578,0.25739690637179125,34.652000427246094,11316.20849609375
2021-06-10,LPX,770.0,55.99968719482422,43119.75914001465,0.23856970249806933,45.709041595458984,7923.7971115112305
2021-06-10,TROW,264.0,152.6681365966797,40304.38806152344,0.22299303291519076,133.1151885986328,5161.978271484375
2021-06-11,FTNT,1016.0,45.78799819946289,46520.6061706543,0.258058135266514,34.652000427246094,11314.173736572266
2021-06-11,LPX,770.0,54.78455352783203,42184.106216430664,0.2340027932603259,45.709041595458984,6988.144187927246
2021-06-11,TROW,264.0,154.4358673095703,40771.06896972656,0.22616442254759403,133.1151885986328,5628.6591796875
2021-06-14,FTNT,1016.0,46.29199981689453,47032.671813964844,0.2603882445066497,34.652000427246094,11826.239379882812
2021-06-14,LPX,770.0,54.64433288574219,42076.136322021484,0.23294724390419563,45.709041595458984,6880.174293518066
2021-06-14,TROW,264.0,154.24371337890625,40720.34033203125,0.22544111414105744,133.1151885986328,5577.9305419921875
2021-06-15,FTNT,1016.0,46.012001037597656,46748.19305419922,0.25810952887601735,34.652000427246094,11541.760620117188
2021-06-15,LPX,770.0,54.934104919433594,42299.26078796387,0.2335457599639659,45.709041595458984,7103.298759460449
2021-06-15,TROW,264.0,156.34158325195312,41274.177978515625,0.22788599808399684,133.1151885986328,6131.7681884765625
2021-06-16,FTNT,1016.0,46.05400085449219,46790.86486816406,0.25877560810993433,34.652000427246094,11584.432434082031
2021-06-16,LPX,770.0,54.31718444824219,41824.232025146484,0.2313077799808349,45.709041595458984,6628.269996643066
2021-06-16,TROW,264.0,156.83804321289062,41405.243408203125,0.22899057480742877,133.1151885986328,6262.8336181640625
2021-06-17,FTNT,1016.0,47.395999908447266,48154.33590698242,0.2666593553834421,34.652000427246094,12947.90347290039
2021-06-17,LPX,770.0,53.04594039916992,40845.37410736084,0.22618526296164865,45.709041595458984,5649.412078857422
2021-06-17,TROW,264.0,154.49990844726562,40787.975830078125,0.22586741437476554,133.1151885986328,5645.5660400390625
2021-06-18,FTNT,1016.0,46.731998443603516,47479.71041870117,0.2658778315678452,34.652000427246094,12273.27798461914
2021-06-18,LPX,770.0,52.12055587768555,40132.82802581787,0.22473661267291267,45.709041595458984,4936.865997314453
2021-06-18,TROW,264.0,152.15380859375,40168.60546875,0.22493695991306958,133.1151885986328,5026.1956787109375
2021-06-21,FTNT,1016.0,47.58399963378906,48345.34362792969,0.2659693796134906,34.652000427246094,13138.911193847656
2021-06-21,LPX,770.0,53.78438186645508,41413.97403717041,0.22783681230537392,45.709041595458984,6218.012008666992
2021-06-21,TROW,264.0,156.11740112304688,41214.993896484375,0.22674213346761515,133.1151885986328,6072.5841064453125
2021-06-22,FTNT,1016.0,48.380001068115234,49154.08108520508,0.268379232033339,34.652000427246094,13947.648651123047
2021-06-22,LPX,770.0,54.24238586425781,41766.637115478516,0.22804409616033233,45.709041595458984,6570.675086975098
2021-06-22,TROW,264.0,156.9501495361328,41434.83947753906,0.2262324948996698,133.1151885986328,6292.4296875
2021-06-23,FTNT,1016.0,48.012001037597656,48780.19305419922,0.26656179220221504,34.652000427246094,13573.760620117188
2021-06-23,LPX,770.0,54.38260269165039,41874.6040725708,0.22882585759634988,45.709041595458984,6678.642044067383
2021-06-23,TROW,264.0,157.37451171875,41546.87109375,0.227034944425892,133.1151885986328,6404.4613037109375
2021-06-24,FTNT,1016.0,47.99800109863281,48765.96911621094,0.2650273781693593,34.652000427246094,13559.536682128906
2021-06-24,LPX,770.0,55.261260986328125,42551.170959472656,0.23125194642500005,45.709041595458984,7355.208930969238
2021-06-24,TROW,264.0,158.67556762695312,41890.349853515625,0.22766059597457808,133.1151885986328,6747.9400634765625
2021-06-25,FTNT,1016.0,48.40599822998047,49180.494201660156,0.26728626938058087,34.652000427246094,13974.061767578125
2021-06-25,LPX,770.0,54.27978515625,41795.4345703125,0.22714992935272058,45.709041595458984,6599.472541809082
2021-06-25,TROW,264.0,159.95217895507812,42227.375244140625,0.22949744157632399,133.1151885986328,7084.9654541015625
2021-06-28,FTNT,1016.0,49.40800094604492,50198.52896118164,0.2713379154617724,34.652000427246094,14992.09652709961
2021-06-28,LPX,770.0,54.111541748046875,41665.887145996094,0.2252164594863441,45.709041595458984,6469.925117492676
2021-06-28,TROW,264.0,160.3912811279297,42343.29821777344,0.228878066946374,133.1151885986328,7200.888427734375
2021-06-29,FTNT,1016.0,48.64799880981445,49426.366790771484,0.2682094584531421,34.652000427246094,14219.934356689453
2021-06-29,LPX,770.0,54.027408599853516,41601.10462188721,0.22574610407682597,45.709041595458984,6405.142593383789
2021-06-29,TROW,264.0,160.8303680419922,42459.21716308594,0.2304026045422766,133.1151885986328,7316.807373046875
2021-06-30,FTNT,1016.0,47.63800048828125,48400.20849609375,0.26149926777290594,34.652000427246094,13193.776062011719
2021-06-30,LPX,770.0,56.35489273071289,43393.267402648926,0.23444749526197625,45.709041595458984,8197.305374145508
2021-06-30,TROW,264.0,160.9767303466797,42497.85681152344,0.22960972242563985,133.1151885986328,7355.447021484375
2021-07-01,FTNT,1016.0,48.46799850463867,49243.48648071289,0.26403352873904173,34.652000427246094,14037.05404663086
2021-07-01,LPX,770.0,56.55118179321289,43544.409980773926,0.23347624316946708,45.709041595458984,8348.447952270508
2021-07-01,TROW,264.0,162.57859802246094,42920.74987792969,0.23013230492593484,133.1151885986328,7778.340087890625
2021-07-02,FTNT,1016.0,49.608001708984375,50401.729736328125,0.26757047857110233,34.652000427246094,15195.297302246094
2021-07-02,LPX,770.0,56.45771408081055,43472.43984222412,0.23078457017425322,45.709041595458984,8276.477813720703
2021-07-02,TROW,264.0,165.52218627929688,43697.857177734375,0.2319812557772322,133.1151885986328,8555.447387695312
2021-07-06,FTNT,1016.0,50.22999954223633,51033.67953491211,0.27416347182473666,34.652000427246094,15827.247100830078
2021-07-06,LPX,770.0,52.7281379699707,40600.66623687744,0.21811516855814453,45.709041595458984,5404.704208374023
2021-07-06,TROW,264.0,165.57908630371094,43712.87878417969,0.23483461745543951,133.1151885986328,8570.468994140625
2021-07-07,FTNT,1016.0,50.66600036621094,51476.65637207031,0.2735381308253118,34.652000427246094,16270.223937988281
2021-07-07,LPX,770.0,54.4573860168457,41932.18723297119,0.22282045737817674,45.709041595458984,6736.225204467773
2021-07-07,TROW,264.0,166.6036376953125,43983.3603515625,0.23372003983751874,133.1151885986328,8840.950561523438
2021-07-08,FTNT,1016.0,50.58599853515625,51395.37451171875,0.2752223384750957,34.652000427246094,16188.942077636719
2021-07-08,LPX,770.0,54.21436309814453,41745.05958557129,0.22354488177342635,45.709041595458984,6549.097557067871
2021-07-08,TROW,264.0,162.13951110839844,42804.83093261719,0.2292199595630895,133.1151885986328,7662.421142578125
2021-07-09,FTNT,1016.0,51.36199951171875,52183.79150390625,0.2744563986442595,34.652000427246094,16977.35906982422
2021-07-09,LPX,770.0,55.98099136352539,43105.36334991455,0.2267091456239668,45.709041595458984,7909.401321411133
2021-07-09,TROW,264.0,166.855712890625,44049.908203125,0.23167690230279503,133.1151885986328,8907.498413085938
2021-07-12,FTNT,1016.0,51.15800094604492,51976.52896118164,0.27207709296974536,34.652000427246094,16770.09652709961
2021-07-12,LPX,770.0,55.77535629272461,42947.02434539795,0.22481111703945358,45.709041595458984,7751.062316894531
2021-07-12,TROW,264.0,171.6532440185547,45316.45642089844,0.23721418057555294,133.1151885986328,10174.046630859375
2021-07-13,FTNT,1016.0,51.40800094604492,52230.52896118164,0.2772488010519869,34.652000427246094,17024.09652709961
2021-07-13,LPX,770.0,53.58808135986328,41262.82264709473,0.2190302938618558,45.709041595458984,6066.860618591309
2021-07-13,TROW,264.0,167.042724609375,44099.279296875,0.2340867028438897,133.1151885986328,8956.869506835938
2021-07-14,FTNT,1016.0,51.167999267578125,51986.687255859375,0.27724430695252916,34.652000427246094,16780.254821777344
2021-07-14,LPX,770.0,53.251590728759766,41003.72486114502,0.21867231558054429,45.709041595458984,5807.762832641602
2021-07-14,TROW,264.0,165.6278533935547,43725.75329589844,0.2331888567708705,133.1151885986328,8583.343505859375
2021-07-15,FTNT,1016.0,51.2599983215332,52080.158294677734,0.2791350260145683,34.652000427246094,16873.725860595703
2021-07-15,LPX,770.0,51.70927810668945,39816.14414215088,0.21340335350046113,45.709041595458984,4620.182113647461
2021-07-15,TROW,264.0,166.22958374023438,43884.610107421875,0.2352091887790256,133.1151885986328,8742.200317382812
2021-07-16,FTNT,1016.0,51.6879997253418,52515.007720947266,0.2839743662859473,34.652000427246094,17308.575286865234
2021-07-16,LPX,770.0,49.288326263427734,37952.011222839355,0.20522511190613538,45.709041595458984,2756.0491943359375
2021-07-16,TROW,264.0,165.40017700195312,43665.646728515625,0.23612153737245234,133.1151885986328,8523.236938476562
2021-07-19,FTNT,1016.0,51.32600021362305,52147.216217041016,0.2861186591296842,34.652000427246094,16940.783782958984
2021-07-19,LPX,770.0,47.96101379394531,36929.98062133789,0.20262551490925942,45.709041595458984,1734.0185928344727
2021-07-19,TROW,264.0,160.5457763671875,42384.0849609375,0.23255081358492824,133.1151885986328,7241.6751708984375
2021-07-20,FTNT,1016.0,52.768001556396484,53612.28958129883,0.2882319117918709,34.652000427246094,18405.857147216797
2021-07-20,LPX,770.0,49.01725387573242,37743.285484313965,0.2029165218909987,45.709041595458984,2547.323455810547
2021-07-20,TROW,264.0,166.1075897216797,43852.40368652344,0.23576053643574546,133.1151885986328,8709.993896484375
2021-07-21,FTNT,1016.0,52.93000030517578,53776.880310058594,0.2858348246673626,34.652000427246094,18570.447875976562
2021-07-21,LPX,770.0,50.71846008300781,39053.214263916016,0.20757560846711035,45.709041595458984,3857.2522354125977
2021-07-21,TROW,264.0,168.61207580566406,44513.58801269531,0.23659858198475914,133.1151885986328,9371.17822265625
2021-07-22,FTNT,1016.0,54.150001525878906,55016.40155029297,0.291989005555752,34.652000427246094,19809.969116210938
2021-07-22,LPX,770.0,50.02676010131836,38520.60527801514,0.20444072879341918,45.709041595458984,3324.6432495117188
2021-07-22,TROW,264.0,166.99392700195312,44086.396728515625,0.2339801000530375,133.1151885986328,8943.986938476562
2021-07-23,FTNT,1016.0,55.141998291015625,56024.270263671875,0.2948368088442153,34.652000427246094,20817.837829589844
2021-07-23,LPX,770.0,50.241756439208984,38686.15245819092,0.20359215182192078,45.709041595458984,3490.1904296875
2021-07-23,TROW,264.0,168.60397338867188,44511.448974609375,0.23424871954496057,133.1151885986328,9369.039184570312
2021-07-26,FTNT,1016.0,54.46799850463867,55339.48648071289,0.2923130989883966,34.652000427246094,20133.05404663086
2021-07-26,LPX,770.0,50.531517028808594,38909.26811218262,0.20552573694745968,45.709041595458984,3713.306083679199
2021-07-26,TROW,264.0,167.6932373046875,44271.0146484375,0.23384744438775568,133.1151885986328,9128.604858398438
2021-07-27,FTNT,1016.0,54.22800064086914,55095.64865112305,0.2920865061287389,34.652000427246094,19889.216217041016
2021-07-27,LPX,770.0,50.74650955200195,39074.812355041504,0.20715293671721768,45.709041595458984,3878.850326538086
2021-07-27,TROW,264.0,165.38394165039062,43661.360595703125,0.23146826621426791,133.1151885986328,8518.950805664062
2021-07-28,FTNT,1016.0,54.3380012512207,55207.409271240234,0.2920836269091359,34.652000427246094,20000.976837158203
2021-07-28,LPX,770.0,51.25125503540039,39463.4663772583,0.20878777943092197,45.709041595458984,4267.504348754883
2021-07-28,TROW,264.0,164.94483947753906,43545.43762207031,0.23038410104539406,133.1151885986328,8403.02783203125
2021-07-29,FTNT,1016.0,54.84199905395508,55719.47103881836,0.29213459220021276,34.652000427246094,20513.038604736328
2021-07-29,LPX,770.0,52.513145446777344,40435.121994018555,0.2119994618408885,45.709041595458984,5239.159965515137
2021-07-29,TROW,264.0,165.83929443359375,43781.57373046875,0.2295447524748303,133.1151885986328,8639.163940429688
2021-07-30,FTNT,1016.0,54.448001861572266,55319.16989135742,0.2913922305284331,34.652000427246094,20112.73745727539
2021-07-30,LPX,770.0,51.82144546508789,39902.513008117676,0.21018540755330045,45.709041595458984,4706.550979614258
2021-07-30,TROW,264.0,166.01002502441406,43826.64660644531,0.23085567509986574,133.1151885986328,8684.23681640625
2021-08-02,TROW,257.0,167.70138549804688,43099.25607299805,0.2252843108459865,133.1151885986328,8888.652603149414
2021-08-02,MCO,118.0,363.5606994628906,42900.162536621094,0.22424362814694862,363.5606994628906,0.0
2021-08-02,NDAQ,731.0,58.88175964355469,43042.56629943848,0.22498798748145438,58.88175964355469,0.0
2021-08-03,TROW,257.0,170.4822998046875,43813.95104980469,0.22811200715608762,133.1151885986328,9603.347579956055
2021-08-03,MCO,118.0,363.4935302734375,42892.236572265625,0.22331321283467942,363.5606994628906,-7.92596435546875
2021-08-03,NDAQ,731.0,58.956748962402344,43097.38349151611,0.22438128531823429,58.88175964355469,54.81719207763672
2021-08-04,TROW,257.0,170.6205291748047,43849.475997924805,0.22758420878777602,133.1151885986328,9638.872528076172
2021-08-04,MCO,118.0,366.95452880859375,43300.63439941406,0.22473565294750106,363.5606994628906,400.47186279296875
2021-08-04,NDAQ,731.0,59.17236328125,43254.99755859375,0.22449879209401777,58.88175964355469,212.43125915527344
2021-08-05,TROW,257.0,172.6046142578125,44359.38586425781,0.22925959594602294,133.1151885986328,10148.78239440918
2021-08-05,MCO,118.0,370.8659973144531,43762.18768310547,0.22617313721709353,363.5606994628906,862.025146484375
2021-08-05,NDAQ,731.0,58.959877014160156,43099.670097351074,0.22274909265340245,58.88175964355469,57.103797912597656
2021-08-06,TROW,257.0,174.0113067626953,44720.905838012695,0.2309381137672982,133.1151885986328,10510.302368164062
2021-08-06,MCO,118.0,369.0732421875,43550.642578125,0.224894891145007,363.5606994628906,650.4800415039062
2021-08-06,NDAQ,731.0,58.97237014770508,43108.80257797241,0.2226132357467067,58.88175964355469,66.23627853393555
2021-08-09,TROW,257.0,175.28794860839844,45049.0027923584,0.2325957756593085,133.1151885986328,10838.399322509766
2021-08-09,MCO,118.0,366.6285705566406,43262.171325683594,0.22337005643796792,363.5606994628906,362.0087890625
2021-08-09,NDAQ,731.0,58.959877014160156,43099.670097351074,0.22253103455275977,58.88175964355469,57.103797912597656
2021-08-10,TROW,257.0,176.68653869628906,45408.44044494629,0.23425038222295214,133.1151885986328,11197.836975097656
2021-08-10,MCO,118.0,364.6440124511719,43027.99346923828,0.2219702728763839,363.5606994628906,127.8309326171875
2021-08-10,NDAQ,731.0,59.01612854003906,43140.789962768555,0.22255216076911852,58.88175964355469,98.22366333007812
2021-08-11,TROW,257.0,176.605224609375,45387.542724609375,0.23408874277251887,133.1151885986328,11176.939254760742
2021-08-11,MCO,118.0,364.3085021972656,42988.403259277344,0.22171504929933158,363.5606994628906,88.24072265625
2021-08-11,NDAQ,731.0,59.15985870361328,43245.85671234131,0.22304287961426755,58.88175964355469,203.29041290283203
2021-08-12,TROW,257.0,175.30419921875,45053.17919921875,0.23269970778866209,133.1151885986328,10842.575729370117
2021-08-12,MCO,118.0,363.28265380859375,42867.35314941406,0.22140991443540597,363.5606994628906,-32.80938720703125
2021-08-12,NDAQ,731.0,59.40048599243164,43421.75526046753,0.22427340179706584,58.88175964355469,379.18896102905273
2021-08-13,TROW,257.0,174.70248413085938,44898.53842163086,0.23160729686373263,133.1151885986328,10687.934951782227
2021-08-13,MCO,118.0,364.93157958984375,43061.92639160156,0.22213320789299756,363.5606994628906,161.76385498046875
2021-08-13,NDAQ,731.0,59.68171310424805,43627.33227920532,0.22504983132579193,58.88175964355469,584.7659797668457
2021-08-16,TROW,257.0,175.72702026367188,45161.84420776367,0.23181563577051556,133.1151885986328,10951.240737915039
2021-08-16,MCO,118.0,368.565185546875,43490.69189453125,0.22323761503736878,363.5606994628906,590.5293579101562
2021-08-16,NDAQ,731.0,60.05044937133789,43896.878490448,0.22532256983993895,58.88175964355469,854.3121910095215
2021-08-17,TROW,257.0,173.05992126464844,44476.39976501465,0.2300379087797586,133.1151885986328,10265.796295166016
2021-08-17,MCO,118.0,366.1012878417969,43199.95196533203,0.22343594944723896,363.5606994628906,299.7894287109375
2021-08-17,NDAQ,731.0,59.369232177734375,43398.90872192383,0.22446498049439628,58.88175964355469,356.34242248535156
2021-08-18,TROW,257.0,170.92950439453125,43928.88262939453,0.22976706607256128,133.1151885986328,9718.279159545898
2021-08-18,MCO,118.0,358.4794921875,42300.580078125,0.22125033909272862,363.5606994628906,-599.5824584960938
2021-08-18,NDAQ,731.0,58.4005241394043,42690.78314590454,0.22329126999490062,58.88175964355469,-351.78315353393555
2021-08-19,TROW,257.0,172.7672119140625,44401.17346191406,0.23118422770667102,133.1151885986328,10190.56999206543
2021-08-19,MCO,118.0,359.67034912109375,42441.10119628906,0.22097869128393507,363.5606994628906,-459.06134033203125
2021-08-19,NDAQ,731.0,58.75362777709961,42948.901905059814,0.22362266452907387,58.88175964355469,-93.66439437866211
2021-08-20,TROW,257.0,175.2066192626953,45028.101150512695,0.23324804666599602,133.1151885986328,10817.497680664062
2021-08-20,MCO,118.0,361.4756774902344,42654.129943847656,0.2209507449222463,363.5606994628906,-246.0325927734375
2021-08-20,NDAQ,731.0,58.956748962402344,43097.38349151611,0.22324682273876031,58.88175964355469,54.81719207763672
2021-08-23,TROW,257.0,175.3611297607422,45067.81034851074,0.2325242565848876,133.1151885986328,10857.20687866211
2021-08-23,MCO,118.0,364.058837890625,42958.94287109375,0.22164370040453532,363.5606994628906,58.78033447265625
2021-08-23,NDAQ,731.0,59.54110336303711,43524.54655838013,0.22456189358700668,58.88175964355469,481.9802589416504
2021-08-24,TROW,257.0,176.45074462890625,45347.841369628906,0.23392031923858989,133.1151885986328,11137.237899780273
2021-08-24,MCO,118.0,361.4084167480469,42646.19317626953,0.21998425549721326,363.5606994628906,-253.9693603515625
2021-08-24,NDAQ,731.0,59.64110565185547,43597.64823150635,0.22489219959201698,58.88175964355469,555.0819320678711
2021-08-25,TROW,257.0,178.33718872070312,45832.6575012207,0.2356112884889091,133.1151885986328,11622.05403137207
2021-08-25,MCO,118.0,361.4564208984375,42651.857666015625,0.21925979615883817,363.5606994628906,-248.30487060546875
2021-08-25,NDAQ,731.0,59.88172149658203,43773.538414001465,0.2250260043761799,58.88175964355469,730.9721145629883
2021-08-26,TROW,257.0,177.7029571533203,45669.65998840332,0.23523868834524767,133.1151885986328,11459.056518554688
2021-08-26,MCO,118.0,360.4674072265625,42535.154052734375,0.21909324156275817,363.5606994628906,-365.00848388671875
2021-08-26,NDAQ,731.0,59.73796463012695,43668.4521446228,0.2249307178371097,58.88175964355469,625.8858451843262
2021-08-27,TROW,257.0,181.04495239257812,46528.55276489258,0.23762170437438188,133.1151885986328,12317.949295043945
2021-08-27,MCO,118.0,362.848876953125,42816.16748046875,0.21866252197649796,363.5606994628906,-83.99505615234375
2021-08-27,NDAQ,731.0,60.45979690551758,44196.11153793335,0.22570990770828572,58.88175964355469,1153.545238494873
2021-08-30,TROW,257.0,180.60586547851562,46415.707427978516,0.2365670543219878,133.1151885986328,12205.103958129883
2021-08-30,MCO,118.0,365.96026611328125,43183.31140136719,0.22009249325655403,363.5606994628906,283.14886474609375
2021-08-30,NDAQ,731.0,60.6535530090332,44337.74724960327,0.22597630938592525,58.88175964355469,1295.180950164795
2021-08-31,TROW,257.0,182.03697204589844,46783.5018157959,0.23757546871148816,133.1151885986328,12572.898345947266
2021-08-31,MCO,118.0,365.6530456542969,43147.05938720703,0.2191089264287844,363.5606994628906,246.8968505859375
2021-08-31,NDAQ,731.0,61.178531646728516,44721.506633758545,0.22710426726568375,58.88175964355469,1678.9403343200684
2021-09-01,TROW,257.0,179.7032928466797,46183.74626159668,0.23447020961013826,133.1151885986328,11973.142791748047
2021-09-01,MCO,118.0,366.9397888183594,43298.895080566406,0.2198241118839198,363.5606994628906,398.7325439453125
2021-09-01,NDAQ,731.0,61.8597412109375,45219.47082519531,0.22957468072830434,58.88175964355469,2176.904525756836
2021-09-02,TROW,257.0,180.03665161132812,46269.41946411133,0.23433421538429963,133.1151885986328,12058.815994262695
2021-09-02,MCO,118.0,370.37762451171875,43704.55969238281,0.22134433115536642,363.5606994628906,804.3971557617188
2021-09-02,NDAQ,731.0,61.844112396240234,45208.04616165161,0.22895882742952625,58.88175964355469,2165.4798622131348
2021-09-03,TROW,257.0,177.7273712158203,45675.93440246582,0.23189907458525547,133.1151885986328,11465.330932617188
2021-09-03,MCO,118.0,370.0895690917969,43670.56915283203,0.22171773179108595,363.5606994628906,770.4066162109375
2021-09-03,NDAQ,731.0,62.037872314453125,45349.684661865234,0.23024268782669863,58.88175964355469,2307.118362426758
2021-09-07,TROW,257.0,174.85699462890625,44938.247619628906,0.23004407487760656,133.1151885986328,10727.644149780273
2021-09-07,MCO,118.0,366.6131896972656,43260.356384277344,0.22145475603614165,363.5606994628906,360.19384765625
2021-09-07,NDAQ,731.0,61.39414978027344,44879.12348937988,0.22974141163267534,58.88175964355469,1836.5571899414062
2021-09-08,TROW,257.0,176.5320281982422,45368.73124694824,0.2311856435877555,133.1151885986328,11158.12777709961
2021-09-08,MCO,118.0,366.7765197753906,43279.629333496094,0.22054019776840977,363.5606994628906,379.466796875
2021-09-08,NDAQ,731.0,62.00661849975586,45326.83812332153,0.2309721686132224,58.88175964355469,2284.2718238830566
2021-09-09,TROW,257.0,176.6214599609375,45391.71520996094,0.2311874389428406,133.1151885986328,11181.111740112305
2021-09-09,MCO,118.0,367.3142395019531,43343.08026123047,0.2207534056630878,363.5606994628906,442.917724609375
2021-09-09,NDAQ,731.0,62.02229309082031,45338.29624938965,0.23091536742872532,58.88175964355469,2295.729949951172
2021-09-10,TROW,257.0,176.1254425048828,45264.23872375488,0.23119675558232491,133.1151885986328,11053.63525390625
2021-09-10,MCO,118.0,367.343017578125,43346.47607421875,0.221401373730094,363.5606994628906,446.31353759765625
2021-09-10,NDAQ,731.0,61.42693328857422,44903.088233947754,0.22935210241075715,58.88175964355469,1860.5219345092773
2021-09-13,TROW,257.0,176.23118591308594,45291.414779663086,0.23222222407195317,133.1151885986328,11080.811309814453
2021-09-13,MCO,118.0,364.11651611328125,42965.74890136719,0.2202978603634335,363.5606994628906,65.58636474609375
2021-09-13,NDAQ,731.0,60.887977600097656,44509.11162567139,0.22821112883012315,58.88175964355469,1466.5453262329102
2021-09-14,TROW,257.0,173.96751403808594,44709.651107788086,0.22946168404391737,133.1151885986328,10499.047637939453
2021-09-14,MCO,118.0,365.0575866699219,43076.79522705078,0.22108143837186536,363.5606994628906,176.6326904296875
2021-09-14,NDAQ,731.0,61.273399353027344,44790.85492706299,0.22987844339363125,58.88175964355469,1748.2886276245117
2021-09-15,TROW,257.0,175.78990173339844,45178.0047454834,0.23127635935099955,133.1151885986328,10967.401275634766
2021-09-15,MCO,118.0,364.7310485839844,43038.263732910156,0.22032254423388917,363.5606994628906,138.1011962890625
2021-09-15,NDAQ,731.0,61.36427688598633,44857.286403656006,0.22963453008269075,58.88175964355469,1814.7201042175293
2021-09-16,TROW,257.0,175.7245330810547,45161.205001831055,0.2312516681068313,133.1151885986328,10950.601531982422
2021-09-16,MCO,118.0,365.2304382324219,43097.19171142578,0.22068271813347393,363.5606994628906,197.0291748046875
2021-09-16,NDAQ,731.0,61.23579788208008,44763.36825180054,0.22921451227640055,58.88175964355469,1720.8019523620605
2021-09-17,TROW,257.0,174.4823455810547,44841.962814331055,0.23207603018288178,133.1151885986328,10631.359344482422
2021-09-17,MCO,118.0,355.310546875,41926.64453125,0.21698803109911288,363.5606994628906,-973.5180053710938
2021-09-17,NDAQ,731.0,60.443050384521484,44183.869831085205,0.22867012202325732,58.88175964355469,1141.3035316467285
2021-09-20,TROW,257.0,167.96104431152344,43165.98838806152,0.2260188630954697,133.1151885986328,8955.38491821289
2021-09-20,MCO,118.0,354.28302001953125,41805.39636230469,0.21889474815493531,363.5606994628906,-1094.7661743164062
2021-09-20,NDAQ,731.0,59.84144973754883,43744.09975814819,0.22904587763837522,58.88175964355469,701.5334587097168
2021-09-21,TROW,257.0,166.38380432128906,42760.63771057129,0.22405695411348905,133.1151885986328,8550.034240722656
2021-09-21,MCO,118.0,354.7728271484375,41863.193603515625,0.21935453142103511,363.5606994628906,-1036.9689331054688
2021-09-21,NDAQ,731.0,60.12971878051758,43954.82442855835,0.23031424710537576,58.88175964355469,912.258129119873
2021-09-22,TROW,257.0,169.10511779785156,43460.01527404785,0.22606154120240815,133.1151885986328,9249.411804199219
2021-09-22,MCO,118.0,355.67547607421875,41969.70617675781,0.21830955194798798,363.5606994628906,-930.4563598632812
2021-09-22,NDAQ,731.0,60.944400787353516,44550.35697555542,0.23173306073423044,58.88175964355469,1507.7906761169434
2021-09-23,TROW,257.0,173.29739379882812,44537.43020629883,0.2292028548679208,133.1151885986328,10326.826736450195
2021-09-23,MCO,118.0,361.955810546875,42710.78564453125,0.21980239897168277,363.5606994628906,-189.37689208984375
2021-09-23,NDAQ,731.0,61.282798767089844,44797.725898742676,0.23054241387573968,58.88175964355469,1755.1595993041992
2021-09-24,TROW,257.0,172.6109619140625,44361.01721191406,0.22826585339717512,133.1151885986328,10150.41374206543
2021-09-24,MCO,118.0,361.3316345214844,42637.132873535156,0.21939536407141633,363.5606994628906,-263.0296630859375
2021-09-24,NDAQ,731.0,61.65880584716797,45072.587074279785,0.2319273362055765,58.88175964355469,2030.0207748413086
2021-09-27,TROW,257.0,173.1503143310547,44499.630783081055,0.23016927157347616,133.1151885986328,10289.027313232422
2021-09-27,MCO,118.0,353.58197021484375,41722.67248535156,0.2158057710830107,363.5606994628906,-1177.4900512695312
2021-09-27,NDAQ,731.0,61.34547424316406,44843.54167175293,0.23194811147256783,58.88175964355469,1800.9753723144531
2021-09-28,TROW,257.0,165.05174255371094,42418.29783630371,0.22478179858636876,133.1151885986328,8207.694366455078
2021-09-28,MCO,118.0,341.3766174316406,40282.440856933594,0.21346352798534599,363.5606994628906,-2617.7216796875
2021-09-28,NDAQ,731.0,59.835174560546875,43739.512603759766,0.2317831410941171,58.88175964355469,696.9463043212891
2021-09-29,TROW,257.0,164.9945526123047,42403.600021362305,0.22337267202561306,133.1151885986328,8192.996551513672
2021-09-29,MCO,118.0,345.15057373046875,40727.76770019531,0.21454476252600993,363.5606994628906,-2172.3948364257812
2021-09-29,NDAQ,731.0,60.78459167480469,44433.53651428223,0.2340659230287683,58.88175964355469,1390.97021484375
2021-09-30,TROW,257.0,160.74505615234375,41311.479431152344,0.21970599554917297,133.1151885986328,7100.875961303711
2021-09-30,MCO,118.0,341.0116882324219,40239.37921142578,0.21400426689295135,363.5606994628906,-2660.7833251953125
2021-09-30,NDAQ,731.0,60.48064422607422,44211.350929260254,0.2351283227867695,58.88175964355469,1168.7846298217773
2021-10-01,DHR,161.0,262.27423095703125,42226.15118408203,0.22411161563904944,262.27423095703125,0.0
2021-10-01,MPWR,90.0,467.1021728515625,42039.195556640625,0.22311936494738563,467.1021728515625,0.0
2021-10-01,RGEN,150.0,281.6000061035156,42240.000915527344,0.2241851218811136,281.6000061035156,0.0
2021-10-04,DHR,161.0,259.0209655761719,41702.37545776367,0.22550673658799686,262.27423095703125,-523.7757263183594
2021-10-04,MPWR,90.0,448.6628723144531,40379.65850830078,0.21835410848399095,467.1021728515625,-1659.5370483398438
2021-10-04,RGEN,150.0,272.8999938964844,40934.999084472656,0.2213571278480618,281.6000061035156,-1305.0018310546875
2021-10-05,DHR,161.0,259.8450927734375,41835.05993652344,0.22593733979269384,262.27423095703125,-391.09124755859375
2021-10-05,MPWR,90.0,453.9809875488281,40858.28887939453,0.22066212195939672,467.1021728515625,-1180.9066772460938
2021-10-05,RGEN,150.0,270.3900146484375,40558.502197265625,0.21904307311452223,281.6000061035156,-1681.4987182617188
2021-10-06,DHR,161.0,260.78204345703125,41985.90899658203,0.22730535954444916,262.27423095703125,-240.2421875
2021-10-06,MPWR,90.0,451.3799743652344,40624.197692871094,0.21993326055021392,467.1021728515625,-1414.9978637695312
2021-10-06,RGEN,150.0,267.94000244140625,40191.00036621094,0.21758799575915755,281.6000061035156,-2049.0005493164062
2021-10-07,DHR,161.0,262.52581787109375,42266.656677246094,0.22712419186235486,262.27423095703125,40.5054931640625
2021-10-07,MPWR,90.0,456.58203125,41092.3828125,0.22081411144619742,467.1021728515625,-946.812744140625
2021-10-07,RGEN,150.0,272.1700134277344,40825.502014160156,0.21938000024811088,281.6000061035156,-1414.4989013671875
2021-10-08,DHR,161.0,260.0620422363281,41869.98880004883,0.2283150418817659,262.27423095703125,-356.1623840332031
2021-10-08,MPWR,90.0,453.2171630859375,40789.544677734375,0.2224234318740545,467.1021728515625,-1249.65087890625
2021-10-08,RGEN,150.0,258.7799987792969,38816.99981689453,0.2116672393021619,281.6000061035156,-3423.0010986328125
2021-10-11,DHR,161.0,259.16845703125,41726.12158203125,0.2295236628849459,262.27423095703125,-500.02960205078125
2021-10-11,MPWR,90.0,445.5881042480469,40102.92938232422,0.2205949389796916,467.1021728515625,-1936.2661743164062
2021-10-11,RGEN,150.0,253.6999969482422,38054.99954223633,0.20932985273619148,281.6000061035156,-4185.001373291016
2021-10-12,DHR,161.0,257.52874755859375,41462.128356933594,0.22881366893635383,262.27423095703125,-764.0228271484375
2021-10-12,MPWR,90.0,446.419677734375,40177.77099609375,0.2217257906337912,467.1021728515625,-1861.424560546875
2021-10-12,RGEN,150.0,251.02999877929688,37654.49981689453,0.20780081960327285,281.6000061035156,-4585.5010986328125
2021-10-13,DHR,161.0,256.66998291015625,41323.867248535156,0.22738408161787818,262.27423095703125,-902.283935546875
2021-10-13,MPWR,90.0,450.55816650390625,40550.23498535156,0.22312717941131624,467.1021728515625,-1488.9605712890625
2021-10-13,RGEN,150.0,253.00999450683594,37951.49917602539,0.20882766693303842,281.6000061035156,-4288.501739501953
2021-10-14,DHR,161.0,260.6346130371094,41962.17269897461,0.2256826301083966,262.27423095703125,-263.9784851074219
2021-10-14,MPWR,90.0,464.18212890625,41776.3916015625,0.2246834548037915,467.1021728515625,-262.803955078125
2021-10-14,RGEN,150.0,268.57000732421875,40285.50109863281,0.21666508806385804,281.6000061035156,-1954.4998168945312
2021-10-15,DHR,161.0,261.4587707519531,42094.86209106445,0.22643222862206988,262.27423095703125,-131.28909301757812
2021-10-15,MPWR,90.0,465.1296691894531,41861.67022705078,0.22517786761832262,467.1021728515625,-177.52532958984375
2021-10-15,RGEN,150.0,266.9200134277344,40038.002014160156,0.2153681845073829,281.6000061035156,-2201.9989013671875
2021-10-18,DHR,161.0,263.8878173828125,42485.93859863281,0.22764484962463846,262.27423095703125,259.78741455078125
2021-10-18,MPWR,90.0,474.1026611328125,42669.239501953125,0.2286269982589576,467.1021728515625,630.0439453125
2021-10-18,RGEN,150.0,263.7799987792969,39566.99981689453,0.2120048190180481,281.6000061035156,-2673.0010986328125
2021-10-19,DHR,161.0,267.6182556152344,43086.539154052734,0.22971642264437953,262.27423095703125,860.3879699707031
2021-10-19,MPWR,90.0,479.6625061035156,43169.625549316406,0.23015939880039304,467.1021728515625,1130.4299926757812
2021-10-19,RGEN,150.0,262.6499938964844,39397.499084472656,0.21004825935222524,281.6000061035156,-2842.5018310546875
2021-10-20,DHR,161.0,273.118408203125,43972.063720703125,0.2317783917167923,262.27423095703125,1745.9125366210938
2021-10-20,MPWR,90.0,484.40045166015625,43596.04064941406,0.22979636005083812,467.1021728515625,1556.8450927734375
2021-10-20,RGEN,150.0,268.25,40237.5,0.21209336673260196,281.6000061035156,-2002.5009155273438
2021-10-21,DHR,161.0,269.578857421875,43402.196044921875,0.22728290311778712,262.27423095703125,1176.0448608398438
2021-10-21,MPWR,90.0,500.3838195800781,45034.54376220703,0.23583096662356615,467.1021728515625,2995.3482055664062
2021-10-21,RGEN,150.0,270.760009765625,40614.00146484375,0.21268205301422238,281.6000061035156,-1625.9994506835938
2021-10-22,DHR,161.0,271.8691711425781,43770.93655395508,0.22870220935917587,262.27423095703125,1544.7853698730469
2021-10-22,MPWR,90.0,494.05035400390625,44464.53186035156,0.23232623003276817,467.1021728515625,2425.3363037109375
2021-10-22,RGEN,150.0,274.95001220703125,41242.50183105469,0.2154911918924837,281.6000061035156,-997.4990844726562
2021-10-25,DHR,161.0,265.5534973144531,42754.11306762695,0.22342052150785038,262.27423095703125,527.9618835449219
2021-10-25,MPWR,90.0,505.5181579589844,45496.634216308594,0.2377521369085852,467.1021728515625,3457.4386596679688
2021-10-25,RGEN,150.0,274.6700134277344,41200.502014160156,0.21530180340377303,281.6000061035156,-1039.4989013671875
2021-10-26,DHR,161.0,266.27362060546875,42870.05291748047,0.2239862111213095,262.27423095703125,643.9017333984375
2021-10-26,MPWR,90.0,506.0113830566406,45541.024475097656,0.2379414259738555,467.1021728515625,3501.8289184570312
2021-10-26,RGEN,150.0,273.8299865722656,41074.497985839844,0.2146048477072612,281.6000061035156,-1165.5029296875
2021-10-27,DHR,161.0,264.8074951171875,42634.00671386719,0.22334613452933855,262.27423095703125,407.85552978515625
2021-10-27,MPWR,90.0,507.6357421875,45687.216796875,0.23934094061271785,467.1021728515625,3648.021240234375
2021-10-27,RGEN,150.0,271.0400085449219,40656.00128173828,0.21298398699980947,281.6000061035156,-1583.9996337890625
2021-10-28,DHR,161.0,264.2261962890625,42540.41760253906,0.2172742475204618,262.27423095703125,314.26641845703125
2021-10-28,MPWR,90.0,531.5284423828125,47837.559814453125,0.24432928489352715,467.1021728515625,5798.3642578125
2021-10-28,RGEN,150.0,290.0199890136719,43502.99835205078,0.22219060753323602,281.6000061035156,1262.9974365234375
2021-10-29,DHR,161.0,270.4725341796875,43546.07800292969,0.22358991100197032,262.27423095703125,1319.9268188476562
2021-10-29,MPWR,90.0,508.0804443359375,45727.239990234375,0.23478921612858875,467.1021728515625,3688.04443359375
2021-10-29,RGEN,150.0,290.5,43575.0,0.22373841270516653,281.6000061035156,1334.9990844726562
2021-11-01,DHR,161.0,268.6593017578125,43254.14758300781,0.2196816401623399,262.27423095703125,1027.9963989257812
2021-11-01,MPWR,90.0,511.7740783691406,46059.667053222656,0.2339304730064368,467.1021728515625,4020.4714965820312
2021-11-01,RGEN,150.0,304.4700012207031,45670.50018310547,0.23195395003461955,281.6000061035156,3430.499267578125
2021-11-02,DHR,161.0,271.7564697265625,43752.79162597656,0.2212917916515768,262.27423095703125,1526.6404418945312
2021-11-02,MPWR,90.0,518.25244140625,46642.7197265625,0.23590839880638087,467.1021728515625,4603.524169921875
2021-11-02,RGEN,150.0,302.7300109863281,45409.50164794922,0.2296710587882545,281.6000061035156,3169.500732421875
2021-11-03,DHR,161.0,269.67431640625,43417.56494140625,0.22141686896170495,262.27423095703125,1191.4137573242188
2021-11-03,MPWR,90.0,521.2305908203125,46910.753173828125,0.23923110617561888,467.1021728515625,4871.5576171875
2021-11-03,RGEN,150.0,292.3399963378906,43850.999450683594,0.22362725805362335,281.6000061035156,1610.99853515625
2021-11-04,DHR,161.0,265.45806884765625,42738.749084472656,0.22171176639001872,262.27423095703125,512.597900390625
2021-11-04,MPWR,90.0,517.3727416992188,46563.54675292969,0.24155330750489706,467.1021728515625,4524.3511962890625
2021-11-04,RGEN,150.0,277.0299987792969,41554.49981689453,0.21556834847102718,281.6000061035156,-685.5010986328125
2021-11-05,DHR,161.0,253.3906707763672,40795.89799499512,0.21441244393728467,262.27423095703125,-1430.253189086914
2021-11-05,MPWR,90.0,528.2117919921875,47539.061279296875,0.2498527256987667,467.1021728515625,5499.86572265625
2021-11-05,RGEN,150.0,266.82000732421875,40023.00109863281,0.21035030238371685,281.6000061035156,-2216.9998168945312
2021-11-08,DHR,161.0,261.4327392578125,42090.67102050781,0.21840691421534633,262.27423095703125,-135.48016357421875
2021-11-08,MPWR,90.0,530.2134399414062,47719.20959472656,0.2476131898990532,467.1021728515625,5680.0140380859375
2021-11-08,RGEN,150.0,273.30999755859375,40996.49963378906,0.21272929990315034,281.6000061035156,-1243.5012817382812
2021-11-09,DHR,161.0,259.55889892578125,41788.98272705078,0.21669656320478298,262.27423095703125,-437.16845703125
2021-11-09,MPWR,90.0,535.1640625,48164.765625,0.2497581538816741,467.1021728515625,6125.570068359375
2021-11-09,RGEN,150.0,273.2099914550781,40981.49871826172,0.21250935887175804,281.6000061035156,-1258.502197265625
2021-11-10,DHR,161.0,262.02264404296875,42185.64569091797,0.22152287553917238,262.27423095703125,-40.5054931640625
2021-11-10,MPWR,90.0,519.81884765625,46783.6962890625,0.24566789865529062,467.1021728515625,4744.500732421875
2021-11-10,RGEN,150.0,263.70001220703125,39555.00183105469,0.20770898735962415,281.6000061035156,-2684.9990844726562
2021-11-11,DHR,161.0,264.20025634765625,42536.241271972656,0.2206673254136329,262.27423095703125,310.090087890625
2021-11-11,MPWR,90.0,536.2470703125,48262.236328125,0.2503723481563306,467.1021728515625,6223.040771484375
2021-11-11,RGEN,150.0,267.0199890136719,40052.99835205078,0.20778488547288146,281.6000061035156,-2187.0025634765625
2021-11-12,DHR,161.0,264.0613098144531,42513.87088012695,0.221326943445254,262.27423095703125,287.7196960449219
2021-11-12,MPWR,90.0,543.1893920898438,48887.04528808594,0.25450564918424234,467.1021728515625,6847.8497314453125
2021-11-12,RGEN,150.0,258.5,38775.0,0.20186240524386934,281.6000061035156,-3465.0009155273438
2021-11-15,DHR,161.0,259.9839172363281,41857.41067504883,0.21803469963315772,262.27423095703125,-368.7405090332031
2021-11-15,MPWR,90.0,544.34033203125,48990.6298828125,0.2551915443184724,467.1021728515625,6951.434326171875
2021-11-15,RGEN,150.0,261.45001220703125,39217.50183105469,0.2042834493150799,281.6000061035156,-3022.4990844726562
2021-11-16,DHR,161.0,265.111083984375,42682.884521484375,0.21881584252127512,262.27423095703125,456.73333740234375
2021-11-16,MPWR,90.0,556.9198608398438,50122.78747558594,0.2569568597329591,467.1021728515625,8083.5919189453125
2021-11-16,RGEN,150.0,268.9800109863281,40347.00164794922,0.20684082760056757,281.6000061035156,-1892.999267578125
2021-11-17,DHR,161.0,268.6506042480469,43252.74728393555,0.22087214738477595,262.27423095703125,1026.5960998535156
2021-11-17,MPWR,90.0,544.91064453125,49041.9580078125,0.25043501875226915,467.1021728515625,7002.762451171875
2021-11-17,RGEN,150.0,277.4800109863281,41622.00164794922,0.21254466963881485,281.6000061035156,-617.999267578125
2021-11-18,DHR,161.0,271.2359313964844,43668.984954833984,0.22235277707947157,262.27423095703125,1442.8337707519531
2021-11-18,MPWR,90.0,542.3966064453125,48815.694580078125,0.2485586799457346,467.1021728515625,6776.4990234375
2021-11-18,RGEN,150.0,280.0,42000.0,0.21385467619631576,281.6000061035156,-240.00091552734375
2021-11-19,DHR,161.0,272.5198059082031,43875.6887512207,0.22139964333821746,262.27423095703125,1649.5375671386719
2021-11-19,MPWR,90.0,551.7177734375,49654.599609375,0.2505604118479338,467.1021728515625,7615.404052734375
2021-11-19,RGEN,150.0,284.8900146484375,42733.502197265625,0.21563609402722628,281.6000061035156,493.50128173828125
2021-11-22,DHR,161.0,272.1727600097656,43819.814361572266,0.2242661748338231,262.27423095703125,1593.6631774902344
2021-11-22,MPWR,90.0,539.408935546875,48546.80419921875,0.24845851669588695,467.1021728515625,6507.608642578125
2021-11-22,RGEN,150.0,274.1000061035156,41115.000915527344,0.2104231639945179,281.6000061035156,-1125.0
2021-11-23,DHR,161.0,271.99072265625,43790.50634765625,0.22610167272672904,262.27423095703125,1564.3551635742188
2021-11-23,MPWR,90.0,527.78662109375,47500.7958984375,0.24525885412746534,467.1021728515625,5461.600341796875
2021-11-23,RGEN,150.0,269.8299865722656,40474.497985839844,0.20898026674365713,281.6000061035156,-1765.5029296875
2021-11-24,DHR,161.0,273.69097900390625,44064.247619628906,0.2261584604903541,262.27423095703125,1838.096435546875
2021-11-24,MPWR,90.0,534.3035278320312,48087.31750488281,0.24680674886119253,467.1021728515625,6048.1219482421875
2021-11-24,RGEN,150.0,271.8399963378906,40775.999450683594,0.2092816230592839,281.6000061035156,-1464.00146484375
2021-11-26,DHR,161.0,281.0476989746094,45248.67953491211,0.23013294655881056,262.27423095703125,3022.528350830078
2021-11-26,MPWR,90.0,517.3242797851562,46559.18518066406,0.23679812505327158,467.1021728515625,4519.9896240234375
2021-11-26,RGEN,150.0,286.010009765625,42901.50146484375,0.218195294213701,281.6000061035156,661.5005493164062
2021-11-29,DHR,161.0,283.26861572265625,45606.247131347656,0.22768674854120907,262.27423095703125,3380.095947265625
2021-11-29,MPWR,90.0,545.6553344726562,49108.98010253906,0.2451739554784902,467.1021728515625,7069.7845458984375
2021-11-29,RGEN,150.0,291.17999267578125,43676.99890136719,0.21805507998167953,281.6000061035156,1436.9979858398438
2021-11-30,DHR,161.0,279.0350646972656,44924.645416259766,0.22692205080212116,262.27423095703125,2698.4942321777344
2021-11-30,MPWR,90.0,535.1543579101562,48163.89221191406,0.24328403917427713,467.1021728515625,6124.6966552734375
2021-11-30,RGEN,150.0,286.5,42975.0,0.21707405907964236,281.6000061035156,734.9990844726562
2021-12-01,AZO,24.0,1806.8299560546875,43363.9189453125,0.22153415813567243,1806.8299560546875,0.0
2021-12-01,FDS,99.0,443.1142272949219,43868.308502197266,0.22411094359636405,443.1142272949219,0.0
2021-12-01,HLI,450.0,97.88371276855469,44047.67074584961,0.22502725523551637,97.88371276855469,0.0
2021-12-02,AZO,24.0,1868.2900390625,44838.9609375,0.22501100495547227,1806.8299560546875,1475.0419921875
2021-12-02,FDS,99.0,450.4097595214844,44590.56619262695,0.22376450972005751,443.1142272949219,722.2576904296875
2021-12-02,HLI,450.0,100.8470687866211,45381.18095397949,0.2277319750284649,97.88371276855469,1333.5102081298828
2021-12-03,AZO,24.0,1863.0,44712.0,0.22674862267028026,1806.8299560546875,1348.0810546875
2021-12-03,FDS,99.0,446.5226135253906,44205.73873901367,0.22418121249762038,443.1142272949219,337.43023681640625
2021-12-03,HLI,450.0,97.34660339355469,43805.97152709961,0.22215386716101607,97.88371276855469,-241.69921875
2021-12-06,AZO,24.0,1879.989990234375,45119.759765625,0.22826414577243515,1806.8299560546875,1755.8408203125
2021-12-06,FDS,99.0,440.19403076171875,43579.209045410156,0.22047038764970547,443.1142272949219,-289.0994567871094
2021-12-06,HLI,450.0,98.89310455322266,44501.897048950195,0.22513833335767444,97.88371276855469,454.22630310058594
2021-12-07,AZO,24.0,2023.5699462890625,48565.6787109375,0.23971127861807412,1806.8299560546875,5201.759765625
2021-12-07,FDS,99.0,446.95343017578125,44248.389587402344,0.21840193169992952,443.1142272949219,380.0810852050781
2021-12-07,HLI,450.0,100.71742248535156,45322.8401184082,0.22370522236600393,97.88371276855469,1275.1693725585938
2021-12-08,AZO,24.0,1988.8599853515625,47732.6396484375,0.23792360926349637,1806.8299560546875,4368.720703125
2021-12-08,FDS,99.0,454.2778015136719,44973.502349853516,0.2241706739687452,443.1142272949219,1105.19384765625
2021-12-08,HLI,450.0,96.55943298339844,43451.7448425293,0.2165854651633434,97.88371276855469,-595.9259033203125
2021-12-09,AZO,24.0,1965.8299560546875,47179.9189453125,0.23877556680768597,1806.8299560546875,3816.0
2021-12-09,FDS,99.0,442.9705810546875,43854.08752441406,0.22194367518124358,443.1142272949219,-14.220977783203125
2021-12-09,HLI,450.0,93.54054260253906,42093.24417114258,0.21303212172511546,97.88371276855469,-1954.4265747070312
2021-12-10,AZO,24.0,2003.02001953125,48072.48046875,0.24259431842348597,1806.8299560546875,4708.5615234375
2021-12-10,FDS,99.0,446.225830078125,44176.357177734375,0.22293281219244748,443.1142272949219,308.0486755371094
2021-12-10,HLI,450.0,92.1051254272461,41447.30644226074,0.20916085375261384,97.88371276855469,-2600.364303588867
2021-12-13,AZO,24.0,1986.0999755859375,47666.3994140625,0.2407665993289158,1806.8299560546875,4302.48046875
2021-12-13,FDS,99.0,446.6758117675781,44220.905364990234,0.2233631475179865,443.1142272949219,352.59686279296875
2021-12-13,HLI,450.0,92.50334167480469,41626.50375366211,0.2102586281724651,97.88371276855469,-2421.1669921875
2021-12-14,AZO,24.0,1999.5400390625,47988.9609375,0.2415942438475282,1806.8299560546875,4625.0419921875
2021-12-14,FDS,99.0,442.22381591796875,43780.157775878906,0.2204055663377312,443.1142272949219,-88.15072631835938
2021-12-14,HLI,450.0,94.22578430175781,42401.602935791016,0.213465409524852,97.88371276855469,-1646.0678100585938
2021-12-15,AZO,24.0,2048.590087890625,49166.162109375,0.24530294435757083,1806.8299560546875,5802.2431640625
2021-12-15,FDS,99.0,449.3565368652344,44486.2971496582,0.22195386432849415,443.1142272949219,617.9886474609375
2021-12-15,HLI,450.0,94.03134155273438,42314.10369873047,0.2111162185500533,97.88371276855469,-1733.5670471191406
2021-12-16,AZO,24.0,2011.219970703125,48269.279296875,0.24143739649834267,1806.8299560546875,4905.3603515625
2021-12-16,FDS,99.0,451.328857421875,44681.556884765625,0.22349202065771934,443.1142272949219,813.2483825683594
2021-12-16,HLI,450.0,94.46659088134766,42509.965896606445,0.21262997170903408,97.88371276855469,-1537.704849243164
2021-12-17,AZO,24.0,1996.3699951171875,47912.8798828125,0.24105357522867454,1806.8299560546875,4548.9609375
2021-12-17,FDS,99.0,452.9756164550781,44844.586029052734,0.22561674060070055,443.1142272949219,976.2775268554688
2021-12-17,HLI,450.0,92.3181381225586,41543.16215515137,0.20900700997929605,97.88371276855469,-2504.508590698242
2021-12-20,AZO,24.0,1994.300048828125,47863.201171875,0.24111110245217174,1806.8299560546875,4499.2822265625
2021-12-20,FDS,99.0,450.91717529296875,44640.800354003906,0.22487824307969356,443.1142272949219,772.4918518066406
2021-12-20,HLI,450.0,92.3181381225586,41543.16215515137,0.20927387599105496,97.88371276855469,-2504.508590698242
2021-12-21,AZO,24.0,1990.3699951171875,47768.8798828125,0.23949388975753647,1806.8299560546875,4404.9609375
2021-12-21,FDS,99.0,454.6127624511719,45006.663482666016,0.22564525123710164,443.1142272949219,1138.35498046875
2021-12-21,HLI,450.0,93.81834411621094,42218.25485229492,0.21166529544246435,97.88371276855469,-1829.4158935546875
2021-12-22,AZO,24.0,2024.1600341796875,48579.8408203125,0.24203890570568554,1806.8299560546875,5215.921875
2021-12-22,FDS,99.0,457.10211181640625,45253.10906982422,0.22546415990849739,443.1142272949219,1384.8005676269531
2021-12-22,HLI,450.0,94.25357818603516,42414.11018371582,0.21131944119204532,97.88371276855469,-1633.560562133789
2021-12-23,AZO,24.0,2014.5,48348.0,0.24001830482279637,1806.8299560546875,4984.0810546875
2021-12-23,FDS,99.0,459.0936279296875,45450.26916503906,0.22563284021536545,443.1142272949219,1581.9606628417969
2021-12-23,HLI,450.0,95.93900299072266,43172.551345825195,0.2143253617295462,97.88371276855469,-875.1194000244141
2021-12-27,AZO,24.0,2047.06005859375,49129.44140625,0.24132905499015395,1806.8299560546875,5765.5224609375
2021-12-27,FDS,99.0,464.94342041015625,46029.39862060547,0.22610131426128285,443.1142272949219,2161.090118408203
2021-12-27,HLI,450.0,97.67996978759766,43955.986404418945,0.21591649236193028,97.88371276855469,-91.68434143066406
2021-12-28,AZO,24.0,2059.93994140625,49438.55859375,0.24218727398298542,1806.8299560546875,6074.6396484375
2021-12-28,FDS,99.0,466.9635925292969,46229.39566040039,0.2264663782954352,443.1142272949219,2361.087158203125
2021-12-28,HLI,450.0,97.78182983398438,44001.82342529297,0.21555405272271808,97.88371276855469,-45.847320556640625
2021-12-29,AZO,24.0,2104.0400390625,50496.9609375,0.24629886298711237,1806.8299560546875,7133.0419921875
2021-12-29,FDS,99.0,468.03582763671875,46335.546936035156,0.22600157146796487,443.1142272949219,2467.2384338378906
2021-12-29,HLI,450.0,97.170654296875,43726.79443359375,0.21327738444290084,97.88371276855469,-320.8763122558594
2021-12-30,AZO,24.0,2084.52001953125,50028.48046875,0.24587244830552907,1806.8299560546875,6664.5615234375
2021-12-30,FDS,99.0,464.1008605957031,45945.98519897461,0.22580841482359235,443.1142272949219,2077.6766967773438
2021-12-30,HLI,450.0,95.63339233398438,43035.02655029297,0.211502073252523,97.88371276855469,-1012.6441955566406
2021-12-31,AZO,24.0,2096.389892578125,50313.357421875,0.24665496814195192,1806.8299560546875,6949.4384765625
2021-12-31,FDS,99.0,465.3168029785156,46066.36349487305,0.22583460938552585,443.1142272949219,2198.0549926757812
2021-12-31,HLI,450.0,95.86490631103516,43139.20783996582,0.21148459336982323,97.88371276855469,-908.4629058837891
2022-01-03,AZO,24.0,2045.1099853515625,49082.6396484375,0.24272179450371933,1806.8299560546875,5718.720703125
2022-01-03,FDS,99.0,455.7521057128906,45119.45846557617,0.22312320617314862,443.1142272949219,1251.1499633789062
2022-01-03,HLI,450.0,96.7817153930664,43551.77192687988,0.21537073620378336,97.88371276855469,-495.89881896972656
2022-01-04,AZO,24.0,2080.25,49926.0,0.24388979887409232,1806.8299560546875,6562.0810546875
2022-01-04,FDS,99.0,452.3436584472656,44782.0221862793,0.21876133445873489,443.1142272949219,913.7136840820312
2022-01-04,HLI,450.0,101.18971252441406,45535.37063598633,0.22244146108376306,97.88371276855469,1487.6998901367188
2022-01-05,AZO,24.0,2034.030029296875,48816.720703125,0.24435410531724022,1806.8299560546875,5452.8017578125
2022-01-05,FDS,99.0,432.0751037597656,42775.4352722168,0.21411420236650489,443.1142272949219,-1092.8732299804688
2022-01-05,HLI,450.0,97.16139221191406,43722.62649536133,0.2188554070308528,97.88371276855469,-325.04425048828125
2022-01-06,AZO,24.0,2062.489990234375,49499.759765625,0.24450085202516444,1806.8299560546875,6135.8408203125
2022-01-06,FDS,99.0,430.2943115234375,42599.13684082031,0.21041567277161166,443.1142272949219,-1269.1716613769531
2022-01-06,HLI,450.0,101.97686004638672,45889.58702087402,0.22666863796535758,97.88371276855469,1841.916275024414
2022-01-07,AZO,24.0,2014.77001953125,48354.48046875,0.2404612723472334,1806.8299560546875,4990.5615234375
2022-01-07,FDS,99.0,423.0561828613281,41882.562103271484,0.2082771663532471,443.1142272949219,-1985.7463989257812
2022-01-07,HLI,450.0,103.08811950683594,46389.65377807617,0.23069041509882246,97.88371276855469,2341.9830322265625
2022-01-10,AZO,24.0,2012.6600341796875,48303.8408203125,0.23813429771793912,1806.8299560546875,4939.921875
2022-01-10,FDS,99.0,424.0519104003906,41981.13912963867,0.20696385451468377,443.1142272949219,-1887.1693725585938
2022-01-10,HLI,450.0,106.87568664550781,48094.058990478516,0.237100089094502,97.88371276855469,4046.3882446289062
2022-01-11,AZO,24.0,2000.97998046875,48023.51953125,0.2356094059062016,1806.8299560546875,4659.6005859375
2022-01-11,FDS,99.0,425.5837707519531,42132.79330444336,0.2067087647161937,443.1142272949219,-1735.5151977539062
2022-01-11,HLI,450.0,109.34823608398438,49206.70623779297,0.24141426818463796,97.88371276855469,5159.035491943359
2022-01-12,AZO,24.0,2052.8798828125,49269.1171875,0.23918709387703838,1806.8299560546875,5905.1982421875
2022-01-12,FDS,99.0,428.70501708984375,42441.79669189453,0.20604245801728888,443.1142272949219,-1426.5118103027344
2022-01-12,HLI,450.0,110.69100952148438,49810.95428466797,0.24181755384921863,97.88371276855469,5763.283538818359
2022-01-13,AZO,24.0,2048.39990234375,49161.59765625,0.2413158123642045,1806.8299560546875,5797.6787109375
2022-01-13,FDS,99.0,415.60748291015625,41145.14080810547,0.2019660375639819,443.1142272949219,-2723.167694091797
2022-01-13,HLI,450.0,108.78336334228516,48952.51350402832,0.24028949681606768,97.88371276855469,4904.842758178711
2022-01-14,AZO,24.0,2033.47998046875,48803.51953125,0.24201204151825662,1806.8299560546875,5439.6005859375
2022-01-14,FDS,99.0,408.9246520996094,40483.54055786133,0.20075405201097427,443.1142272949219,-3384.7679443359375
2022-01-14,HLI,450.0,106.45894622802734,47906.525802612305,0.2375639343820965,97.88371276855469,3858.8550567626953
2022-01-18,AZO,24.0,1967.56005859375,47221.44140625,0.2398124708096749,1806.8299560546875,3857.5224609375
2022-01-18,FDS,99.0,410.4565124511719,40635.194732666016,0.20636444294102269,443.1142272949219,-3233.11376953125
2022-01-18,HLI,450.0,99.08758544921875,44589.41345214844,0.22644580710529913,97.88371276855469,541.7427062988281
2022-01-19,AZO,24.0,1945.8900146484375,46701.3603515625,0.239052404973488,1806.8299560546875,3337.44140625
2022-01-19,FDS,99.0,411.21282958984375,40710.07012939453,0.20838451166756042,443.1142272949219,-3158.2383728027344
2022-01-19,HLI,450.0,96.63355255126953,43485.09864807129,0.2225891780041696,97.88371276855469,-562.5720977783203
2022-01-20,AZO,24.0,1932.7099609375,46385.0390625,0.2384127838524763,1806.8299560546875,3021.1201171875
2022-01-20,FDS,99.0,407.47894287109375,40340.41534423828,0.20734424112537633,443.1142272949219,-3527.8931579589844
2022-01-20,HLI,450.0,96.37425231933594,43368.41354370117,0.22290773950384088,97.88371276855469,-679.2572021484375
2022-01-21,AZO,24.0,1942.1700439453125,46612.0810546875,0.24127044056811725,1806.8299560546875,3248.162109375
2022-01-21,FDS,99.0,402.2323303222656,39821.0007019043,0.20611888947716428,443.1142272949219,-4047.3078002929688
2022-01-21,HLI,450.0,93.99429321289062,42297.43194580078,0.218937232784998,97.88371276855469,-1750.2388000488281
2022-01-24,AZO,24.0,1972.1300048828125,47331.1201171875,0.24368813725928234,1806.8299560546875,3967.201171875
2022-01-24,FDS,99.0,403.0556945800781,39902.513763427734,0.20544135078353148,443.1142272949219,-3965.7947387695312
2022-01-24,HLI,450.0,94.51288604736328,42530.79872131348,0.2189732905303195,97.88371276855469,-1516.8720245361328
2022-01-25,AZO,24.0,1930.93994140625,46342.55859375,0.24053288750286883,1806.8299560546875,2978.6396484375
2022-01-25,FDS,99.0,396.8420104980469,39287.35903930664,0.20391411693356146,443.1142272949219,-4580.949462890625
2022-01-25,HLI,450.0,94.6054916381836,42572.47123718262,0.2209649131499053,97.88371276855469,-1475.1995086669922
2022-01-26,AZO,24.0,1881.699951171875,45160.798828125,0.2368020010099806,1806.8299560546875,1796.8798828125
2022-01-26,FDS,99.0,389.53680419921875,38564.143615722656,0.202212241864778,443.1142272949219,-5304.164886474609
2022-01-26,HLI,450.0,94.4943618774414,42522.46284484863,0.22296780727584783,97.88371276855469,-1525.2079010009766
2022-01-27,AZO,24.0,1907.72998046875,45785.51953125,0.2392441444175692,1806.8299560546875,2421.6005859375
2022-01-27,FDS,99.0,389.5177001953125,38562.25231933594,0.20150023757308394,443.1142272949219,-5306.056182861328
2022-01-27,HLI,450.0,94.58695220947266,42564.128494262695,0.22241133460414275,97.88371276855469,-1483.542251586914
2022-01-28,AZO,24.0,1951.1600341796875,46827.8408203125,0.24158618393417272,1806.8299560546875,3463.921875
2022-01-28,FDS,99.0,394.6112060546875,39066.50939941406,0.20154525086151412,443.1142272949219,-4801.799102783203
2022-01-28,HLI,450.0,96.61502838134766,43476.762771606445,0.2242978754477968,97.88371276855469,-570.9079742431641
2022-01-31,AZO,24.0,1986.3499755859375,47672.3994140625,0.24271342880239274,1806.8299560546875,4308.48046875
2022-01-31,FDS,99.0,403.9269104003906,39988.76412963867,0.2035939070566625,443.1142272949219,-3879.5443725585938
2022-01-31,HLI,450.0,98.42081451416016,44289.36653137207,0.22548946859058883,97.88371276855469,241.69578552246094
2022-02-01,AAPL,259.0,170.70521545410156,44212.650802612305,0.22527815083938285,170.70521545410156,0.0
2022-02-01,ATO,462.0,95.70249938964844,44214.55471801758,0.22528785192117887,95.70249938964844,0.0
2022-02-01,SJM,373.0,118.43864440917969,44177.61436462402,0.22509962854273893,118.43864440917969,0.0
2022-02-02,AAPL,259.0,171.90768432617188,44524.090240478516,0.22586595557168684,170.70521545410156,311.43943786621094
2022-02-02,ATO,462.0,96.16175842285156,44426.73239135742,0.22537206959882652,95.70249938964844,212.17767333984375
2022-02-02,SJM,373.0,119.36223602294922,44522.11403656006,0.22585593050022473,118.43864440917969,344.49967193603516
2022-02-03,AAPL,259.0,169.033447265625,43779.662841796875,0.22264686741483208,170.70521545410156,-432.9879608154297
2022-02-03,ATO,462.0,96.15274047851562,44422.56610107422,0.22591643112175558,95.70249938964844,208.01138305664062
2022-02-03,SJM,373.0,120.04631805419922,44777.27663421631,0.22772035522524894,118.43864440917969,599.6622695922852
2022-02-04,AAPL,259.0,168.7495880126953,43706.143295288086,0.2241164907683133,170.70521545410156,-506.50750732421875
2022-02-04,ATO,462.0,95.23426818847656,43998.23190307617,0.22561426359463188,95.70249938964844,-216.32281494140625
2022-02-04,SJM,373.0,117.04473876953125,43657.687561035156,0.22386801931099443,118.43864440917969,-519.9268035888672
2022-02-07,AAPL,259.0,168.03497314453125,43521.058044433594,0.22320958544123948,170.70521545410156,-691.5927581787109
2022-02-07,ATO,462.0,95.39633178710938,44073.10528564453,0.22604090989407946,95.70249938964844,-141.44943237304688
2022-02-07,SJM,373.0,117.24142456054688,43731.051361083984,0.22428659329125797,118.43864440917969,-446.56300354003906
2022-02-08,AAPL,259.0,171.13807678222656,44324.76188659668,0.22632031779825623,170.70521545410156,112.111083984375
2022-02-08,ATO,462.0,95.96363830566406,44335.2008972168,0.2263736189351487,95.70249938964844,120.64617919921875
2022-02-08,SJM,373.0,116.71980285644531,43536.4864654541,0.22229541757923238,118.43864440917969,-641.1278991699219
2022-02-09,AAPL,259.0,172.55743408203125,44692.375427246094,0.2266520550489654,170.70521545410156,479.72462463378906
2022-02-09,ATO,462.0,98.01670837402344,45283.71926879883,0.22965098485851784,95.70249938964844,1069.16455078125
2022-02-09,SJM,373.0,116.77112579345703,43555.62992095947,0.22088718570370192,118.43864440917969,-621.9844436645508
2022-02-10,AAPL,259.0,168.4852752685547,43637.686294555664,0.22459980561214102,170.70521545410156,-574.9645080566406
2022-02-10,ATO,462.0,95.40534210205078,44077.26805114746,0.2268622990086683,95.70249938964844,-137.2866668701172
2022-02-10,SJM,373.0,115.07415771484375,42922.66082763672,0.22091962468335144,118.43864440917969,-1254.9535369873047
2022-02-11,AAPL,259.0,165.07875061035156,42755.396408081055,0.21959056514907316,170.70521545410156,-1457.25439453125
2022-02-11,ATO,462.0,96.06269073486328,44380.963119506836,0.2279394320252563,95.70249938964844,166.4084014892578
2022-02-11,SJM,373.0,117.73587036132812,43915.47964477539,0.22554872142797336,118.43864440917969,-262.1347198486328
2022-02-14,AAPL,259.0,165.313720703125,42816.253662109375,0.21989113518269746,170.70521545410156,-1396.3971405029297
2022-02-14,ATO,462.0,95.43236541748047,44089.75282287598,0.2264314359368243,95.70249938964844,-124.80189514160156
2022-02-14,SJM,373.0,118.38190460205078,44156.45041656494,0.22677397430335122,118.43864440917969,-21.16394805908203
2022-02-15,AAPL,259.0,169.14108276367188,43807.540435791016,0.22455131067291179,170.70521545410156,-405.11036682128906
2022-02-15,ATO,462.0,95.02714538574219,43902.54116821289,0.22503827110867253,95.70249938964844,-312.0135498046875
2022-02-15,SJM,373.0,117.2276382446289,43725.90906524658,0.22413287971181628,118.43864440917969,-451.7052993774414
2022-02-16,AAPL,259.0,168.90621948242188,43746.710845947266,0.2241783080573942,170.70521545410156,-465.93995666503906
2022-02-16,ATO,462.0,95.5313949584961,44135.504470825195,0.22617066577579645,95.70249938964844,-79.05024719238281
2022-02-16,SJM,373.0,116.908935546875,43607.032958984375,0.2234625341908139,118.43864440917969,-570.5814056396484
2022-02-17,AAPL,259.0,165.313720703125,42816.253662109375,0.2189261018630976,170.70521545410156,-1396.3971405029297
2022-02-17,ATO,462.0,96.66425323486328,44658.884994506836,0.22834775976796878,95.70249938964844,444.3302764892578
2022-02-17,SJM,373.0,119.15718841552734,44445.6312789917,0.22725736066360094,118.43864440917969,268.0169143676758
2022-02-18,AAPL,259.0,163.76705932617188,42415.668365478516,0.21737590092466832,170.70521545410156,-1796.982437133789
2022-02-18,ATO,462.0,96.1023941040039,44399.306076049805,0.22754183844398662,95.70249938964844,184.75135803222656
2022-02-18,SJM,373.0,119.72572326660156,44657.69477844238,0.2288660537430919,118.43864440917969,480.0804138183594
2022-02-22,AAPL,259.0,160.8500213623047,41660.155532836914,0.2143562984948033,170.70521545410156,-2552.4952697753906
2022-02-22,ATO,462.0,96.30177307128906,44491.41915893555,0.2289241555560933,95.70249938964844,276.86444091796875
2022-02-22,SJM,373.0,119.42422485351562,44545.23587036133,0.22920106165283843,118.43864440917969,367.6215057373047
2022-02-23,AAPL,259.0,156.6897735595703,40582.65135192871,0.2109842767925606,170.70521545410156,-3629.9994506835938
2022-02-23,ATO,462.0,95.51329040527344,44127.14016723633,0.22941164376796785,95.70249938964844,-87.41455078125
2022-02-23,SJM,373.0,117.92533874511719,43986.15135192871,0.22867866003618653,118.43864440917969,-191.4630126953125
2022-02-24,AAPL,259.0,159.3033905029297,41259.57814025879,0.2151710414441349,170.70521545410156,-2953.0726623535156
2022-02-24,ATO,462.0,94.93326568603516,43859.16874694824,0.22872805398236953,95.70249938964844,-355.38597106933594
2022-02-24,SJM,373.0,115.22919464111328,42980.489601135254,0.22414569237273052,118.43864440917969,-1197.1247634887695
2022-02-25,AAPL,259.0,161.3688201904297,41794.52442932129,0.21407932358399254,170.70521545410156,-2418.1263732910156
2022-02-25,ATO,462.0,98.86654663085938,45676.34454345703,0.23396272782547997,95.70249938964844,1461.7898254394531
2022-02-25,SJM,373.0,118.24410247802734,44105.0502243042,0.22591426622461971,118.43864440917969,-72.56414031982422
2022-02-28,AAPL,259.0,161.6331024169922,41862.97352600098,0.21491405096483018,170.70521545410156,-2349.677276611328
2022-02-28,ATO,462.0,99.51905822753906,45977.80490112305,0.23603856758129577,95.70249938964844,1763.2501831054688
2022-02-28,SJM,373.0,116.0733642578125,43295.36486816406,0.22226759038123164,118.43864440917969,-882.2494964599609
2022-03-01,AAPL,259.0,159.753662109375,41376.198486328125,0.21590103291761376,170.70521545410156,-2836.4523162841797
2022-03-01,ATO,462.0,99.6278305053711,46028.057693481445,0.24017443754524226,95.70249938964844,1813.5029754638672
2022-03-01,SJM,373.0,108.81178283691406,40586.794998168945,0.21178192495899714,118.43864440917969,-3590.819366455078
2022-03-02,AAPL,259.0,163.04269409179688,42228.05776977539,0.2172112745655258,170.70521545410156,-1984.593032836914
2022-03-02,ATO,462.0,100.72441864013672,46534.681411743164,0.23936354155932985,95.70249938964844,2320.126693725586
2022-03-02,SJM,373.0,112.58470153808594,41994.093673706055,0.21600781785466172,118.43864440917969,-2183.5206909179688
2022-03-03,AAPL,259.0,162.71963500976562,42144.3854675293,0.2147058302728917,170.70521545410156,-2068.265335083008
2022-03-03,ATO,462.0,103.08076477050781,47623.31332397461,0.2426183918483762,95.70249938964844,3408.7586059570312
2022-03-03,SJM,373.0,114.9277114868164,42868.03638458252,0.21839249147936152,118.43864440917969,-1309.577980041504
2022-03-04,AAPL,259.0,159.72425842285156,41368.582931518555,0.21037949276691825,170.70521545410156,-2844.06787109375
2022-03-04,ATO,462.0,105.26490020751953,48632.38389587402,0.24731947606222857,95.70249938964844,4417.829177856445
2022-03-04,SJM,373.0,115.23782348632812,42983.70816040039,0.21859319510643757,118.43864440917969,-1193.9062042236328
2022-03-07,AAPL,259.0,155.9359893798828,40387.42124938965,0.20579201185063267,170.70521545410156,-3825.2295532226562
2022-03-07,ATO,462.0,105.1380386352539,48573.773849487305,0.24750514725707345,95.70249938964844,4359.219131469727
2022-03-07,SJM,373.0,116.99507904052734,43639.1644821167,0.22236110096757383,118.43864440917969,-538.4498825073242
2022-03-08,AAPL,259.0,154.11529541015625,39915.86151123047,0.2063619108286591,170.70521545410156,-4296.789291381836
2022-03-08,ATO,462.0,102.77262115478516,47480.95097351074,0.2454728371100993,95.70249938964844,3266.396255493164
2022-03-08,SJM,373.0,113.60979461669922,42376.45339202881,0.21908298017469255,118.43864440917969,-1801.1609725952148
2022-03-09,AAPL,259.0,159.50894165039062,41312.81588745117,0.2135103135420816,170.70521545410156,-2899.834915161133
2022-03-09,ATO,462.0,101.66695404052734,46970.13276672363,0.24274810512692668,95.70249938964844,2755.5780487060547
2022-03-09,SJM,373.0,111.41320037841797,41557.1237411499,0.2147729301254226,118.43864440917969,-2620.490623474121
2022-03-10,AAPL,259.0,155.17247009277344,40189.66975402832,0.20865478897740225,170.70521545410156,-4022.9810485839844
2022-03-10,ATO,462.0,102.67292785644531,47434.892669677734,0.2462701878550589,95.70249938964844,3220.3379516601562
2022-03-10,SJM,373.0,110.8188247680664,41335.42163848877,0.21460324834857172,118.43864440917969,-2842.192726135254
2022-03-11,AAPL,259.0,151.46250915527344,39228.78987121582,0.2044211542986058,170.70521545410156,-4983.860931396484
2022-03-11,ATO,462.0,103.08076477050781,47623.31332397461,0.2481650010915654,95.70249938964844,3408.7586059570312
2022-03-11,SJM,373.0,110.98251342773438,41396.47750854492,0.21571697072415336,118.43864440917969,-2781.1368560791016
2022-03-14,AAPL,259.0,147.4392852783203,38186.77488708496,0.2004342115487467,170.70521545410156,-6025.875915527344
2022-03-14,ATO,462.0,102.2832260131836,47254.85041809082,0.2480305999501236,95.70249938964844,3040.295700073242
2022-03-14,SJM,373.0,111.06002044677734,41425.38762664795,0.21743299693676263,118.43864440917969,-2752.226737976074
2022-03-15,AAPL,259.0,151.81492614746094,39320.06587219238,0.20447697744678603,170.70521545410156,-4892.584930419922
2022-03-15,ATO,462.0,103.41609191894531,47778.234466552734,0.2484621720426389,95.70249938964844,3563.6797485351562
2022-03-15,SJM,373.0,111.3787612915039,41544.27796173096,0.21604359502946632,118.43864440917969,-2633.3364028930664
2022-03-16,AAPL,259.0,156.2198486328125,40460.94079589844,0.20904644021285976,170.70521545410156,-3751.710006713867
2022-03-16,ATO,462.0,103.63358306884766,47878.71537780762,0.2473712873406542,95.70249938964844,3664.160659790039
2022-03-16,SJM,373.0,111.41320037841797,41557.1237411499,0.21471000457936348,118.43864440917969,-2620.490623474121
2022-03-17,AAPL,259.0,157.22811889648438,40722.08279418945,0.20997419220296248,170.70521545410156,-3490.5680084228516
2022-03-17,ATO,462.0,103.74234771728516,47928.96464538574,0.24713484537129835,95.70249938964844,3714.409927368164
2022-03-17,SJM,373.0,111.61993408203125,41634.235412597656,0.21467750048373166,118.43864440917969,-2543.378952026367
2022-03-18,AAPL,259.0,160.51719665527344,41573.95393371582,0.2147673629669634,170.70521545410156,-2638.6968688964844
2022-03-18,ATO,462.0,102.16541290283203,47200.4207611084,0.24383319214613663,95.70249938964844,2985.8660430908203
2022-03-18,SJM,373.0,110.31924438476562,41149.07815551758,0.21257249233672076,118.43864440917969,-3028.5362091064453
2022-03-21,AAPL,259.0,161.88758850097656,41928.88542175293,0.21429759123892966,170.70521545410156,-2283.765380859375
2022-03-21,ATO,462.0,104.44017791748047,48251.36219787598,0.2466116279741947,95.70249938964844,4036.8074798583984
2022-03-21,SJM,373.0,112.128173828125,41823.808837890625,0.2137605471799043,118.43864440917969,-2353.8055267333984
2022-03-22,AAPL,259.0,165.25498962402344,42801.04231262207,0.21824013913040838,170.70521545410156,-1411.6084899902344
2022-03-22,ATO,462.0,103.4614028930664,47799.16813659668,0.2437253052917434,95.70249938964844,3584.6134185791016
2022-03-22,SJM,373.0,112.24015808105469,41865.5789642334,0.21347026343877046,118.43864440917969,-2312.035400390625
2022-03-23,AAPL,259.0,166.6156005859375,43153.44055175781,0.2196152457578437,170.70521545410156,-1059.2102508544922
2022-03-23,ATO,462.0,103.59732818603516,47861.96562194824,0.24357773582179568,95.70249938964844,3647.410903930664
2022-03-23,SJM,373.0,112.13676452636719,41827.01316833496,0.21286482975240478,118.43864440917969,-2350.6011962890625
2022-03-24,AAPL,259.0,170.39410400390625,44132.07293701172,0.22240343835122606,170.70521545410156,-80.57786560058594
2022-03-24,ATO,462.0,104.82990264892578,48431.41502380371,0.24406995884563862,95.70249938964844,4216.860305786133
2022-03-24,SJM,373.0,113.17906951904297,42215.79293060303,0.21274635147753024,118.43864440917969,-1961.821434020996
2022-03-25,AAPL,259.0,171.0303497314453,44296.860580444336,0.22089937234987375,170.70521545410156,84.20977783203125
2022-03-25,ATO,462.0,107.41279602050781,49624.71176147461,0.24746827512179376,95.70249938964844,5410.157043457031
2022-03-25,SJM,373.0,115.16028594970703,42954.78665924072,0.2142067245424151,118.43864440917969,-1222.8277053833008
2022-03-28,AAPL,259.0,171.89183044433594,44519.98408508301,0.22201447901095206,170.70521545410156,307.3332824707031
2022-03-28,ATO,462.0,106.751220703125,49319.06396484375,0.2459467701187115,95.70249938964844,5104.509246826172
2022-03-28,SJM,373.0,115.3756332397461,43035.11119842529,0.2146096407769856,118.43864440917969,-1142.5031661987305
2022-03-29,AAPL,259.0,175.1808624267578,45371.84336853027,0.22412491115009606,170.70521545410156,1159.1925659179688
2022-03-29,ATO,462.0,108.01094818115234,49901.05805969238,0.2464980343223517,95.70249938964844,5686.503341674805
2022-03-29,SJM,373.0,116.65911865234375,43513.85125732422,0.21494692132369053,118.43864440917969,-663.7631072998047
2022-03-30,AAPL,259.0,174.01597595214844,45070.137771606445,0.22261273692444636,170.70521545410156,857.4869689941406
2022-03-30,ATO,462.0,109.08944702148438,50399.32452392578,0.2489349295595594,95.70249938964844,6184.769805908203
2022-03-30,SJM,373.0,116.18536376953125,43337.140686035156,0.2140530288033819,118.43864440917969,-840.4736785888672
2022-03-31,AAPL,259.0,170.92271423339844,44268.982986450195,0.21974026497075577,170.70521545410156,56.332183837890625
2022-03-31,ATO,462.0,108.2918930053711,50030.854568481445,0.24834076813909253,95.70249938964844,5816.299850463867
2022-03-31,SJM,373.0,116.64189910888672,43507.428367614746,0.21596009649966566,118.43864440917969,-670.1859970092773
2022-04-01,RGLD,326.0,139.61212158203125,45513.55163574219,0.22512104721918005,139.61212158203125,0.0
2022-04-01,SCCO,724.0,62.865455627441406,45514.58987426758,0.22512618259832975,62.865455627441406,0.0
2022-04-01,STLD,569.0,79.99427032470703,45516.7398147583,0.22513681672459185,79.99427032470703,0.0
2022-04-04,RGLD,326.0,138.266845703125,45074.99169921875,0.22437455907905282,139.61212158203125,-438.5599365234375
2022-04-04,SCCO,724.0,62.72874069213867,45415.6082611084,0.22607008220635574,62.865455627441406,-98.98161315917969
2022-04-04,STLD,569.0,78.68597412109375,44772.319274902344,0.22286791450317464,79.99427032470703,-744.420539855957
2022-04-05,RGLD,326.0,135.45228576660156,44157.44515991211,0.22391578523069502,139.61212158203125,-1356.1064758300781
2022-04-05,SCCO,724.0,59.6888313293457,43214.71388244629,0.2191353362375333,62.865455627441406,-2299.875991821289
2022-04-05,STLD,569.0,77.68827819824219,44204.630294799805,0.2241550539766864,79.99427032470703,-1312.109519958496
2022-04-06,RGLD,326.0,136.58767700195312,44527.58270263672,0.22648455975383175,139.61212158203125,-985.9689331054688
2022-04-06,SCCO,724.0,58.619224548339844,42440.31857299805,0.21586792465265914,62.865455627441406,-3074.2713012695312
2022-04-06,STLD,569.0,77.34001159667969,44006.46659851074,0.22383396108532116,79.99427032470703,-1510.2732162475586
2022-04-07,RGLD,326.0,137.60853576660156,44860.38265991211,0.2265245077199828,139.61212158203125,-653.1689758300781
2022-04-07,SCCO,724.0,59.053497314453125,42754.73205566406,0.2158919308609403,62.865455627441406,-2759.8578186035156
2022-04-07,STLD,569.0,78.72361755371094,44793.73838806152,0.226187984489948,79.99427032470703,-723.0014266967773
2022-04-08,RGLD,326.0,138.39089965820312,45115.43328857422,0.22752251830738054,139.61212158203125,-398.11834716796875
2022-04-08,SCCO,724.0,59.375186920166016,42987.635330200195,0.2167917790758199,62.865455627441406,-2526.954544067383
2022-04-08,STLD,569.0,78.30948638916016,44558.09775543213,0.22471180864996515,79.99427032470703,-958.6420593261719
2022-04-11,RGLD,326.0,137.77072143554688,44913.25518798828,0.22665154731316045,139.61212158203125,-600.2964477539062
2022-04-11,SCCO,724.0,59.14195251464844,42818.77362060547,0.21608189507844183,62.865455627441406,-2695.8162536621094
2022-04-11,STLD,569.0,78.73303985595703,44799.09967803955,0.2260754696528816,79.99427032470703,-717.64013671875
2022-04-12,RGLD,326.0,137.02651977539062,44670.645446777344,0.22519965285658677,139.61212158203125,-842.9061889648438
2022-04-12,SCCO,724.0,59.02132034301758,42731.43592834473,0.21542344958037646,62.865455627441406,-2783.1539459228516
2022-04-12,STLD,569.0,79.66485595703125,45329.30303955078,0.22852016590851165,79.99427032470703,-187.43677520751953
2022-04-13,RGLD,326.0,137.9805908203125,44981.672607421875,0.2239880780371018,139.61212158203125,-531.8790283203125
2022-04-13,SCCO,724.0,59.994422912597656,43435.9621887207,0.21629114980349776,62.865455627441406,-2078.627685546875
2022-04-13,STLD,569.0,82.20613098144531,46775.28852844238,0.23291946185629403,79.99427032470703,1258.548713684082
2022-04-14,RGLD,326.0,138.27633666992188,45078.08575439453,0.2249527695911812,139.61212158203125,-435.46588134765625
2022-04-14,SCCO,724.0,58.538795471191406,42382.08792114258,0.21149895563141857,62.865455627441406,-3132.501953125
2022-04-14,STLD,569.0,83.12853240966797,47300.134941101074,0.23604144184405607,79.99427032470703,1783.3951263427734
2022-04-18,RGLD,326.0,136.83572387695312,44608.44598388672,0.22155481913218142,139.61212158203125,-905.1056518554688
2022-04-18,SCCO,724.0,58.884605407714844,42632.45431518555,0.21174074766858633,62.865455627441406,-2882.1355590820312
2022-04-18,STLD,569.0,85.18980407714844,48472.99851989746,0.24074872331911384,79.99427032470703,2956.25870513916
2022-04-19,RGLD,326.0,135.58583068847656,44200.98080444336,0.21945981352106408,139.61212158203125,-1312.5708312988281
2022-04-19,SCCO,724.0,58.45033645629883,42318.04359436035,0.21011094746705225,62.865455627441406,-3196.5462799072266
2022-04-19,STLD,569.0,86.5733871459961,49260.25728607178,0.2445793437442048,79.99427032470703,3743.5174713134766
2022-04-20,RGLD,326.0,137.60853576660156,44860.38265991211,0.2228679171394551,139.61212158203125,-653.1689758300781
2022-04-20,SCCO,724.0,57.73458480834961,41799.83940124512,0.207663033432927,62.865455627441406,-3714.750473022461
2022-04-20,STLD,569.0,86.1121826171875,48997.83190917969,0.24342290668212063,79.99427032470703,3481.0920944213867
2022-04-21,RGLD,326.0,133.6108856201172,43557.1487121582,0.21908591731069715,139.61212158203125,-1956.4029235839844
2022-04-21,SCCO,724.0,54.82332229614258,39692.08534240723,0.1996452289538511,62.865455627441406,-5822.504531860352
2022-04-21,STLD,569.0,87.75932312011719,49935.05485534668,0.2511658274796551,79.99427032470703,4418.315040588379
2022-04-22,RGLD,326.0,130.98712158203125,42701.80163574219,0.21917273879650256,139.61212158203125,-2811.75
2022-04-22,SCCO,724.0,53.19076156616211,38510.11137390137,0.19765832489164967,62.865455627441406,-7004.478500366211
2022-04-22,STLD,569.0,84.34271240234375,47991.003356933594,0.24632027784343552,79.99427032470703,2474.263542175293
2022-04-25,RGLD,326.0,128.7641143798828,41977.1012878418,0.21763335776573473,139.61212158203125,-3536.4503479003906
2022-04-25,SCCO,724.0,51.702972412109375,37432.95202636719,0.1940738829181982,62.865455627441406,-8081.637847900391
2022-04-25,STLD,569.0,84.07917022705078,47841.047859191895,0.24803541848285776,79.99427032470703,2324.3080444335938
2022-04-26,RGLD,326.0,125.46296691894531,40900.92721557617,0.21577627338956365,139.61212158203125,-4612.624420166016
2022-04-26,SCCO,724.0,49.91761016845703,36140.34976196289,0.19066144758845419,62.865455627441406,-9374.240112304688
2022-04-26,STLD,569.0,82.39437103271484,46882.397117614746,0.2473320197434557,79.99427032470703,1365.6573028564453
2022-04-27,RGLD,326.0,124.32754516601562,40530.779724121094,0.21333351636682932,139.61212158203125,-4982.771911621094
2022-04-27,SCCO,724.0,50.6011962890625,36635.26611328125,0.19282950380373695,62.865455627441406,-8879.323760986328
2022-04-27,STLD,569.0,82.94027709960938,47193.017669677734,0.24840016589768632,79.99427032470703,1676.2778549194336
2022-04-28,RGLD,326.0,125.3293685913086,40857.3741607666,0.21371104342375666,139.61212158203125,-4656.177474975586
2022-04-28,SCCO,724.0,50.665531158447266,36681.84455871582,0.19187026666238702,62.865455627441406,-8832.745315551758
2022-04-28,STLD,569.0,84.38037109375,48012.43115234375,0.25113671570043306,79.99427032470703,2495.691337585449
2022-04-29,RGLD,326.0,124.48975372314453,40583.65971374512,0.215420176545802,139.61212158203125,-4929.89192199707
2022-04-29,SCCO,724.0,50.07845687866211,36256.80278015137,0.19245299489935463,62.865455627441406,-9257.787094116211
2022-04-29,STLD,569.0,80.70960235595703,45923.76374053955,0.24376572646266653,79.99427032470703,407.02392578125
2022-05-02,RGLD,326.0,124.33712768554688,40533.90362548828,0.21678783090564116,139.61212158203125,-4979.648010253906
2022-05-02,SCCO,724.0,49.756771087646484,36023.902267456055,0.19266695123851474,62.865455627441406,-9490.687606811523
2022-05-02,STLD,569.0,78.7142105102539,44788.38578033447,0.23954211498589187,79.99427032470703,-728.3540344238281
2022-05-03,RGLD,326.0,125.19579315185547,40813.82856750488,0.21567780419941737,139.61212158203125,-4699.723068237305
2022-05-03,SCCO,724.0,50.47251892089844,36542.10369873047,0.19310417481501693,62.865455627441406,-8972.48617553711
2022-05-03,STLD,569.0,81.28373718261719,46250.44645690918,0.2444072287550827,79.99427032470703,733.7066421508789
2022-05-04,RGLD,326.0,127.09443664550781,41432.78634643555,0.21489518650076422,139.61212158203125,-4080.7652893066406
2022-05-04,SCCO,724.0,52.21766662597656,37805.59063720703,0.19608238226664854,62.865455627441406,-7708.999237060547
2022-05-04,STLD,569.0,84.24858856201172,47937.44689178467,0.248632242689292,79.99427032470703,2420.707077026367
2022-05-05,RGLD,326.0,126.49336242675781,41236.83615112305,0.2206261188638013,139.61212158203125,-4276.715484619141
2022-05-05,SCCO,724.0,50.33580780029297,36443.12484741211,0.1949787118703219,62.865455627441406,-9071.465026855469
2022-05-05,STLD,569.0,76.62471008300781,43599.460037231445,0.23326667490492745,79.99427032470703,-1917.2797775268555
2022-05-06,RGLD,326.0,124.16535186767578,40477.904708862305,0.21936270711393607,139.61212158203125,-5035.646926879883
2022-05-06,SCCO,724.0,49.3868293762207,35756.06446838379,0.1937735451955795,62.865455627441406,-9758.525405883789
2022-05-06,STLD,569.0,74.9775619506836,42662.232749938965,0.23120027913654498,79.99427032470703,-2854.507064819336
2022-05-09,RGLD,326.0,117.90654754638672,38437.53450012207,0.21423971527128208,139.61212158203125,-7076.017135620117
2022-05-09,SCCO,724.0,46.95006561279297,33991.84750366211,0.1894607400145887,62.865455627441406,-11522.742370605469
2022-05-09,STLD,569.0,72.68099975585938,41355.488861083984,0.2305035500774685,79.99427032470703,-4161.250953674316
2022-05-10,RGLD,326.0,115.90296173095703,37784.36552429199,0.21193911792978737,139.61212158203125,-7729.186111450195
2022-05-10,SCCO,724.0,46.41123580932617,33601.73472595215,0.18847800988349261,62.865455627441406,-11912.85514831543
2022-05-10,STLD,569.0,72.5209732055664,41264.433753967285,0.23145942959040453,79.99427032470703,-4252.306060791016
2022-05-11,RGLD,326.0,116.56127166748047,37998.97456359863,0.21443618416925322,139.61212158203125,-7514.577072143555
2022-05-11,SCCO,724.0,45.87240982055664,33211.62471008301,0.18742016474607268,62.865455627441406,-12302.96516418457
2022-05-11,STLD,569.0,70.93974304199219,40364.713790893555,0.22778654686895122,79.99427032470703,-5152.026023864746
2022-05-12,RGLD,326.0,112.46820831298828,36664.63591003418,0.21051073255707156,139.61212158203125,-8848.915725708008
2022-05-12,SCCO,724.0,43.99054718017578,31849.156158447266,0.18286256027990244,62.865455627441406,-13665.433715820312
2022-05-12,STLD,569.0,70.3467788696289,40027.31717681885,0.22981763358736523,79.99427032470703,-5489.422637939453
2022-05-13,RGLD,326.0,112.58271789550781,36701.96603393555,0.21082160150080073,139.61212158203125,-8811.58560180664
2022-05-13,SCCO,724.0,44.280059814453125,32058.763305664062,0.184150348130832,62.865455627441406,-13455.826568603516
2022-05-13,STLD,569.0,69.77262878417969,39700.62577819824,0.22804635314099658,79.99427032470703,-5816.114036560059
2022-05-16,RGLD,326.0,111.24700164794922,36266.522537231445,0.20812800031089576,139.61212158203125,-9247.029098510742
2022-05-16,SCCO,724.0,44.37881851196289,32130.264602661133,0.18439065158085363,62.865455627441406,-13384.325271606445
2022-05-16,STLD,569.0,70.69500732421875,40225.45916748047,0.23084772932173206,79.99427032470703,-5291.280647277832
2022-05-17,RGLD,326.0,111.08480072021484,36213.64503479004,0.20367848831175878,139.61212158203125,-9299.906600952148
2022-05-17,SCCO,724.0,46.88042068481445,33941.424575805664,0.19089870798993866,62.865455627441406,-11573.165298461914
2022-05-17,STLD,569.0,73.83868408203125,42014.21124267578,0.23630294672900543,79.99427032470703,-3502.5285720825195
2022-05-18,RGLD,326.0,107.14440155029297,34929.07490539551,0.2001745317675127,139.61212158203125,-10584.47673034668
2022-05-18,SCCO,724.0,45.983455657958984,33292.021896362305,0.19079276828109412,62.865455627441406,-12222.567977905273
2022-05-18,STLD,569.0,71.4291763305664,40643.201332092285,0.23292153651992634,79.99427032470703,-4873.538482666016
2022-05-19,RGLD,326.0,110.59819793701172,36055.01252746582,0.2037786752494768,139.61212158203125,-9458.539108276367
2022-05-19,SCCO,724.0,47.90079879760742,34680.17832946777,0.19600827463340992,62.865455627441406,-10834.411544799805
2022-05-19,STLD,569.0,71.29740142822266,40568.22141265869,0.2292867991767163,79.99427032470703,-4948.518402099609
2022-05-20,RGLD,326.0,109.15753173828125,35585.35534667969,0.20098511698844967,139.61212158203125,-9928.1962890625
2022-05-20,SCCO,724.0,48.600276947021484,35186.600509643555,0.19873296053839765,62.865455627441406,-10327.989364624023
2022-05-20,STLD,569.0,71.44801330566406,40653.91957092285,0.2296122295646357,79.99427032470703,-4862.820243835449
2022-05-23,RGLD,326.0,108.64232635498047,35417.39839172363,0.197962398091171,139.61212158203125,-10096.153244018555
2022-05-23,SCCO,724.0,49.7523307800293,36020.68748474121,0.20133442881672298,62.865455627441406,-9493.902389526367
2022-05-23,STLD,569.0,73.5374984741211,41842.8366317749,0.23387681361991022,79.99427032470703,-3673.9031829833984
2022-05-24,RGLD,326.0,109.52963256835938,35706.660217285156,0.19888474445001916,139.61212158203125,-9806.891418457031
2022-05-24,SCCO,724.0,50.23783493041992,36372.19248962402,0.2025917339892783,62.865455627441406,-9142.397384643555
2022-05-24,STLD,569.0,73.50927734375,41826.77880859375,0.23297357310633215,79.99427032470703,-3689.961006164551
2022-05-25,RGLD,326.0,109.5582504272461,35715.98963928223,0.19743055828065367,139.61212158203125,-9797.561996459961
2022-05-25,SCCO,724.0,50.23783493041992,36372.19248962402,0.20105791108248802,62.865455627441406,-9142.397384643555
2022-05-25,STLD,569.0,75.89995574951172,43187.07482147217,0.23872916244588105,79.99427032470703,-2329.664993286133
2022-05-26,RGLD,326.0,109.73953247070312,35775.08758544922,0.1954400024188585,139.61212158203125,-9738.464050292969
2022-05-26,SCCO,724.0,50.34482192993164,36449.65107727051,0.19912515595365649,62.865455627441406,-9064.93879699707
2022-05-26,STLD,569.0,79.4295425415039,45195.40970611572,0.24690340620933085,79.99427032470703,-321.3301086425781
2022-05-27,RGLD,326.0,110.0353012084961,35871.50819396973,0.19295345820566798,139.61212158203125,-9642.043441772461
2022-05-27,SCCO,724.0,51.64499282836914,37390.97480773926,0.2011266951983678,62.865455627441406,-8123.61506652832
2022-05-27,STLD,569.0,82.62966918945312,47016.28176879883,0.2529013865323594,79.99427032470703,1499.5419540405273
2022-05-31,RGLD,326.0,107.88859558105469,35171.68215942383,0.191845675055815,139.61212158203125,-10341.86947631836
2022-05-31,SCCO,724.0,50.83855438232422,36807.113372802734,0.20076621527097677,62.865455627441406,-8707.476501464844
2022-05-31,STLD,569.0,80.36134338378906,45725.60438537598,0.24941256437168072,79.99427032470703,208.86457061767578
2022-06-01,RGLD,326.0,109.1861572265625,35594.687255859375,0.19437244550591304,139.61212158203125,-9918.864379882812
2022-06-01,SCCO,724.0,51.01136779785156,36932.23028564453,0.20167638690031123,62.865455627441406,-8582.359588623047
2022-06-01,STLD,569.0,79.03423309326172,44970.47863006592,0.24557097086050172,79.99427032470703,-546.2611846923828
2022-06-02,RGLD,326.0,113.15516662597656,36888.58432006836,0.19790350838202586,139.61212158203125,-8624.967315673828
2022-06-02,SCCO,724.0,52.99454116821289,38368.04780578613,0.2058406797249598,62.865455627441406,-7146.542068481445
2022-06-02,STLD,569.0,79.98485565185547,45511.38286590576,0.24416394682786458,79.99427032470703,-5.3569488525390625
2022-06-03,RGLD,326.0,110.73178100585938,36098.560607910156,0.19624934637148073,139.61212158203125,-9414.991027832031
2022-06-03,SCCO,724.0,52.20455551147461,37796.09819030762,0.2054779869426376,62.865455627441406,-7718.491683959961
2022-06-03,STLD,569.0,78.06478118896484,44418.860496520996,0.24148254645638326,79.99427032470703,-1097.8793182373047
2022-06-06,RGLD,326.0,109.56779479980469,35719.10110473633,0.19451294356261703,139.61212158203125,-9794.45053100586
2022-06-06,SCCO,724.0,52.73122024536133,38177.4034576416,0.20789994413209964,62.865455627441406,-7337.186416625977
2022-06-06,STLD,569.0,77.51886749267578,44108.23560333252,0.24019705079924256,79.99427032470703,-1408.5042114257812
2022-06-07,RGLD,326.0,111.13248443603516,36229.18992614746,0.1942800277380972,139.61212158203125,-9284.361709594727
2022-06-07,SCCO,724.0,53.39776611328125,38659.982666015625,0.2073152206830632,62.865455627441406,-6854.607208251953
2022-06-07,STLD,569.0,80.7754898071289,45961.25370025635,0.24646848748111258,79.99427032470703,444.5138854980469
2022-06-08,RGLD,326.0,109.89217376708984,35824.84864807129,0.19604952394921193,139.61212158203125,-9688.702987670898
2022-06-08,SCCO,724.0,52.08935546875,37712.693359375,0.20638065083203427,62.865455627441406,-7801.896514892578
2022-06-08,STLD,569.0,76.56822967529297,43567.3226852417,0.23841978946206044,79.99427032470703,-1949.4171295166016
2022-06-09,RGLD,326.0,105.92317199707031,34530.95407104492,0.19433592142644487,139.61212158203125,-10982.597564697266
2022-06-09,SCCO,724.0,50.27898406982422,36401.984466552734,0.20486584814610048,62.865455627441406,-9112.605407714844
2022-06-09,STLD,569.0,72.27626037597656,41125.192153930664,0.23144747447842157,79.99427032470703,-4391.547660827637
2022-06-10,RGLD,326.0,109.56779479980469,35719.10110473633,0.20196177433938461,139.61212158203125,-9794.45053100586
2022-06-10,SCCO,724.0,49.464324951171875,35812.17126464844,0.20248800859647817,62.865455627441406,-9702.41860961914
2022-06-10,STLD,569.0,69.77262878417969,39700.62577819824,0.2244739810511538,79.99427032470703,-5816.114036560059
2022-06-13,RGLD,326.0,104.0340576171875,33915.102783203125,0.19748220000575614,139.61212158203125,-11598.448852539062
2022-06-13,SCCO,724.0,47.50581741333008,34394.21180725098,0.2002719749539966,62.865455627441406,-11120.378067016602
2022-06-13,STLD,569.0,66.43128204345703,37799.39948272705,0.22009983624293683,79.99427032470703,-7717.34033203125
2022-06-14,RGLD,326.0,100.97142028808594,32916.683013916016,0.19287314718340373,139.61212158203125,-12596.868621826172
2022-06-14,SCCO,724.0,47.077911376953125,34084.40783691406,0.19971535426607365,62.865455627441406,-11430.182037353516
2022-06-14,STLD,569.0,66.84541320800781,38035.040115356445,0.22286382522790746,79.99427032470703,-7481.6996994018555
2022-06-15,RGLD,326.0,102.15451049804688,33302.37042236328,0.19377118647530645,139.61212158203125,-12211.181213378906
2022-06-15,SCCO,724.0,47.43998718261719,34346.550720214844,0.19984679168426675,62.865455627441406,-11168.039154052734
2022-06-15,STLD,569.0,67.81491088867188,38586.6842956543,0.2245181800360987,79.99427032470703,-6930.055519104004
2022-06-16,RGLD,326.0,104.17717742919922,33961.759841918945,0.1991980822387654,139.61212158203125,-11551.791793823242
2022-06-16,SCCO,724.0,46.246795654296875,33482.68005371094,0.19638810491442787,62.865455627441406,-12031.90982055664
2022-06-16,STLD,569.0,65.76302337646484,37419.160301208496,0.2194769942924286,79.99427032470703,-8097.579513549805
2022-06-17,RGLD,326.0,103.92910766601562,33880.889099121094,0.1980985724647209,139.61212158203125,-11632.662536621094
2022-06-17,SCCO,724.0,45.62961196899414,33035.83906555176,0.19315763939706737,62.865455627441406,-12478.75080871582
2022-06-17,STLD,569.0,67.63607025146484,38484.923973083496,0.2250179585953937,79.99427032470703,-7031.815841674805
2022-06-21,RGLD,326.0,104.65422058105469,34117.27590942383,0.20000252192901194,139.61212158203125,-11396.27572631836
2022-06-21,SCCO,724.0,45.52265167236328,32958.399810791016,0.19320895074984887,62.865455627441406,-12556.190063476562
2022-06-21,STLD,569.0,66.57249450683594,37879.74937438965,0.22205891891926216,79.99427032470703,-7636.990440368652
2022-06-22,RGLD,326.0,104.18670654296875,33964.86633300781,0.20316730067628858,139.61212158203125,-11548.685302734375
2022-06-22,SCCO,724.0,43.49008560180664,31486.821975708008,0.18834440756984822,62.865455627441406,-14027.76789855957
2022-06-22,STLD,569.0,63.43821334838867,36096.343395233154,0.21591713566577309,79.99427032470703,-9420.396419525146
2022-06-23,RGLD,326.0,102.35485076904297,33367.68135070801,0.20365128106018862,139.61212158203125,-12145.87028503418
2022-06-23,SCCO,724.0,40.766300201416016,29514.801345825195,0.18013619349630786,62.865455627441406,-15999.788528442383
2022-06-23,STLD,569.0,62.101688385009766,35335.86069107056,0.21566357043109888,79.99427032470703,-10180.879123687744
2022-06-24,RGLD,326.0,104.64468383789062,34114.166931152344,0.20388600274400137,139.61212158203125,-11399.384704589844
2022-06-24,SCCO,724.0,42.37917709350586,30682.524215698242,0.183376520055723,62.865455627441406,-14832.065658569336
2022-06-24,STLD,569.0,64.84062194824219,36894.313888549805,0.22050176977500122,79.99427032470703,-8622.425926208496
2022-06-27,RGLD,326.0,105.09309387207031,34260.34860229492,0.2042542450665402,139.61212158203125,-11253.203033447266
2022-06-27,SCCO,724.0,42.4532356262207,30736.14259338379,0.18324354123030162,62.865455627441406,-14778.447280883789
2022-06-27,STLD,569.0,65.21712493896484,37108.544090270996,0.22123469164493578,79.99427032470703,-8408.195724487305
2022-06-28,RGLD,326.0,105.22669219970703,34303.90165710449,0.20552262213221784,139.61212158203125,-11209.649978637695
2022-06-28,SCCO,724.0,42.68364715576172,30902.960540771484,0.18514679599638026,62.865455627441406,-14611.629333496094
2022-06-28,STLD,569.0,63.40056610107422,36074.92211151123,0.21613321597305232,79.99427032470703,-9441.81770324707
2022-06-29,RGLD,326.0,104.72099304199219,34139.04373168945,0.20517086162679013,139.61212158203125,-11374.507904052734
2022-06-29,SCCO,724.0,42.338035583496094,30652.737762451172,0.1842186520328443,62.865455627441406,-14861.852111816406
2022-06-29,STLD,569.0,63.220829010009766,35972.65170669556,0.21619058822119813,79.99427032470703,-9544.088108062744
2022-06-30,RGLD,326.0,102.20372009277344,33318.41275024414,0.2028771453738727,139.61212158203125,-12195.138885498047
2022-06-30,SCCO,724.0,40.98847961425781,29675.659240722656,0.1806962738283949,62.865455627441406,-15838.930633544922
2022-06-30,STLD,569.0,62.577552795410156,35606.62754058838,0.21681017658238705,79.99427032470703,-9910.112274169922
2022-07-01,RGLD,326.0,105.52501678466797,34401.15547180176,0.20781922508693793,139.61212158203125,-11112.39616394043
2022-07-01,SCCO,724.0,41.235347747802734,29854.39176940918,0.18035198172474418,62.865455627441406,-15660.198104858398
2022-07-01,STLD,569.0,62.653228759765625,35649.68716430664,0.21536167199822065,79.99427032470703,-9867.05265045166
2022-07-05,RGLD,326.0,103.08428955078125,33605.47839355469,0.20684539297980292,139.61212158203125,-11908.0732421875
2022-07-05,SCCO,724.0,39.383827209472656,28513.890899658203,0.17550611538546698,62.865455627441406,-17000.698974609375
2022-07-05,STLD,569.0,61.016658782958984,34718.47884750366,0.21369603243768157,79.99427032470703,-10798.260967254639
2022-07-06,RGLD,326.0,102.08888244628906,33280.975677490234,0.20464240439077153,139.61212158203125,-12232.575958251953
2022-07-06,SCCO,724.0,40.12443923950195,29050.094009399414,0.17862700731704498,62.865455627441406,-16464.495864868164
2022-07-06,STLD,569.0,60.931522369384766,34670.03622817993,0.21318364109284843,79.99427032470703,-10846.70358657837
2022-07-07,RGLD,326.0,103.40971374511719,33711.5666809082,0.20344195410776283,139.61212158203125,-11801.984954833984
2022-07-07,SCCO,724.0,42.16522216796875,30527.620849609375,0.1842275352756788,62.865455627441406,-14986.969024658203
2022-07-07,STLD,569.0,62.98432159423828,35838.07898712158,0.21627499218947446,79.99427032470703,-9678.660827636719
2022-07-08,RGLD,326.0,103.17044067382812,33633.56365966797,0.2034176299444564,139.61212158203125,-11879.987976074219
2022-07-08,SCCO,724.0,42.08293151855469,30468.042419433594,0.1842723845954041,62.865455627441406,-15046.547454833984
2022-07-08,STLD,569.0,62.58701705932617,35612.01270675659,0.21538339783622576,79.99427032470703,-9904.727108001709
2022-07-11,RGLD,326.0,104.05101776123047,33920.63179016113,0.20638242988127,139.61212158203125,-11592.919845581055
2022-07-11,SCCO,724.0,40.52766036987305,29342.026107788086,0.17852493677672157,62.865455627441406,-16172.563766479492
2022-07-11,STLD,569.0,62.33159255981445,35466.676166534424,0.21578898802187463,79.99427032470703,-10050.063648223877
2022-07-12,RGLD,326.0,100.7392807006836,32841.00550842285,0.20191708960144905,139.61212158203125,-12672.546127319336
2022-07-12,SCCO,724.0,39.7952766418457,28811.78028869629,0.17714411395345048,62.865455627441406,-16702.80958557129
2022-07-12,STLD,569.0,62.151851654052734,35364.403591156006,0.2174317545419204,79.99427032470703,-10152.336223602295
2022-07-13,RGLD,326.0,102.04100799560547,33265.36860656738,0.20303747653653648,139.61212158203125,-12248.183029174805
2022-07-13,SCCO,724.0,39.69652557373047,28740.28451538086,0.1754183130197747,62.865455627441406,-16774.30535888672
2022-07-13,STLD,569.0,63.62760543823242,36204.10749435425,0.22097427245883494,79.99427032470703,-9312.632320404053
2022-07-14,RGLD,326.0,99.31314849853516,32376.08641052246,0.20126484804182068,139.61212158203125,-13137.465225219727
2022-07-14,SCCO,724.0,37.803863525390625,27369.997192382812,0.17014466344022497,62.865455627441406,-18144.592681884766
2022-07-14,STLD,569.0,62.36943435668945,35488.2081489563,0.22061124775274935,79.99427032470703,-10028.531665802002
2022-07-15,RGLD,326.0,98.96858215332031,32263.757781982422,0.19919992061416616,139.61212158203125,-13249.793853759766
2022-07-15,SCCO,724.0,38.643226623535156,27977.696075439453,0.1727373133301638,62.865455627441406,-17536.893798828125
2022-07-15,STLD,569.0,63.43842315673828,36096.46277618408,0.22286345465572313,79.99427032470703,-9420.277038574219
2022-07-18,RGLD,326.0,98.06886291503906,31970.449310302734,0.19669808416406148,139.61212158203125,-13543.102325439453
2022-07-18,SCCO,724.0,39.350914001464844,28490.061737060547,0.17528501107395222,62.865455627441406,-17024.52813720703
2022-07-18,STLD,569.0,64.05329895019531,36446.32710266113,0.22423590755103687,79.99427032470703,-9070.412712097168
2022-07-19,RGLD,326.0,98.66230773925781,32163.912322998047,0.19745415233323044,139.61212158203125,-13349.63931274414
2022-07-19,SCCO,724.0,40.38776779174805,29240.743881225586,0.17950883084991312,62.865455627441406,-16273.845993041992
2022-07-19,STLD,569.0,63.02215576171875,35859.60662841797,0.2201420075615156,79.99427032470703,-9657.133186340332
2022-07-20,RGLD,326.0,95.45587158203125,31118.614135742188,0.19174353662351892,139.61212158203125,-14394.9375
2022-07-20,SCCO,724.0,39.90225601196289,28889.233352661133,0.17800676306529387,62.865455627441406,-16625.356521606445
2022-07-20,STLD,569.0,64.42222595214844,36656.24656677246,0.22586476137392553,79.99427032470703,-8860.49324798584
2022-07-21,RGLD,326.0,98.33687591552734,32057.821548461914,0.19417848469605598,139.61212158203125,-13455.730087280273
2022-07-21,SCCO,724.0,40.519432067871094,29336.068817138672,0.17769246675853784,62.865455627441406,-16178.521057128906
2022-07-21,STLD,569.0,66.91022491455078,38071.917976379395,0.23060666586312623,79.99427032470703,-7444.821838378906
2022-07-22,RGLD,326.0,97.92529296875,31923.6455078125,0.19701053463765708,139.61212158203125,-13589.906127929688
2022-07-22,SCCO,724.0,39.556636810302734,28639.00505065918,0.17674001846500095,62.865455627441406,-16875.5848236084
2022-07-22,STLD,569.0,63.003238677978516,35848.842807769775,0.22123412208582693,79.99427032470703,-9667.897006988525
2022-07-25,RGLD,326.0,96.19286346435547,31358.873489379883,0.1912303182032113,139.61212158203125,-14154.678146362305
2022-07-25,SCCO,724.0,40.494747161865234,29318.19694519043,0.1787860183457136,62.865455627441406,-16196.392929077148
2022-07-25,STLD,569.0,66.2196273803711,37678.96797943115,0.22977104195772288,79.99427032470703,-7837.771835327148
2022-07-26,RGLD,326.0,98.54741668701172,32126.45783996582,0.19495351841285075,139.61212158203125,-13387.093795776367
2022-07-26,SCCO,724.0,40.190269470214844,29097.755096435547,0.17657439118322682,62.865455627441406,-16416.83477783203
2022-07-26,STLD,569.0,66.67369079589844,37937.33006286621,0.2302157309650435,79.99427032470703,-7579.40975189209
2022-07-27,RGLD,326.0,99.2844467163086,32366.7296295166,0.19499703266201643,139.61212158203125,-13146.822006225586
2022-07-27,SCCO,724.0,39.762359619140625,28787.948364257812,0.17343625913748092,62.865455627441406,-16726.641510009766
2022-07-27,STLD,569.0,68.89678955078125,39202.27325439453,0.2361785403008797,79.99427032470703,-6314.4665603637695
2022-07-28,RGLD,326.0,100.02142333984375,32606.984008789062,0.1956201966768566,139.61212158203125,-12906.567626953125
2022-07-28,SCCO,724.0,39.40029525756836,28525.813766479492,0.17113589217150466,62.865455627441406,-16988.776107788086
2022-07-28,STLD,569.0,70.1644287109375,39923.55993652344,0.23951478139523352,79.99427032470703,-5593.179878234863
2022-07-29,RGLD,326.0,100.27985382080078,32691.232345581055,0.1924029096156318,139.61212158203125,-12822.319290161133
2022-07-29,SCCO,724.0,40.98025131225586,29669.701950073242,0.17461981617203587,62.865455627441406,-15844.887924194336
2022-07-29,STLD,569.0,73.67406463623047,41920.54277801514,0.24672163832474558,79.99427032470703,-3596.197036743164
2022-08-01,RGLD,326.0,101.0647201538086,32947.0987701416,0.1952039944325567,139.61212158203125,-12566.452865600586
2022-08-01,SCCO,724.0,39.441436767578125,28555.600219726562,0.16918537395958588,62.865455627441406,-16958.989654541016
2022-08-01,STLD,569.0,73.2010726928711,41651.41036224365,0.2467750418081683,79.99427032470703,-3865.3294525146484
2022-08-02,RGLD,326.0,99.85872650146484,32553.94483947754,0.19462635660654848,139.61212158203125,-12959.606796264648
2022-08-02,SCCO,724.0,38.503326416015625,27876.408325195312,0.16666133134899955,62.865455627441406,-17638.181549072266
2022-08-02,STLD,569.0,72.41590118408203,41204.647773742676,0.24634527431325498,79.99427032470703,-4312.092041015625
2022-08-03,RGLD,326.0,97.35099029541016,31736.42283630371,0.19101364842548907,139.61212158203125,-13777.128799438477
2022-08-03,SCCO,724.0,38.23178482055664,27679.812210083008,0.16659791638307242,62.865455627441406,-17834.77766418457
2022-08-03,STLD,569.0,72.23615264892578,41102.37085723877,0.24738496385918082,79.99427032470703,-4414.368957519531
2022-08-04,RGLD,326.0,98.28900909423828,32042.21696472168,0.1919146738259629,139.61212158203125,-13471.334671020508
2022-08-04,SCCO,724.0,38.10011672973633,27584.4845123291,0.16521538923693968,62.865455627441406,-17930.105361938477
2022-08-04,STLD,569.0,73.2956771850586,41705.24031829834,0.24979069336344045,79.99427032470703,-3811.499496459961
2022-08-05,RGLD,326.0,98.26986694335938,32035.976623535156,0.19030588311926344,139.61212158203125,-13477.575012207031
2022-08-05,SCCO,724.0,39.046443939208984,28269.625411987305,0.1679323247328974,62.865455627441406,-17244.964462280273
2022-08-05,STLD,569.0,74.52545928955078,42404.986335754395,0.2519017437213852,79.99427032470703,-3111.7534790039062
2022-08-08,RGLD,326.0,100.23201751708984,32675.63771057129,0.19326675335318189,139.61212158203125,-12837.913925170898
2022-08-08,SCCO,724.0,39.19456481933594,28376.86492919922,0.16784078106710706,62.865455627441406,-17137.72494506836
2022-08-08,STLD,569.0,74.49707794189453,42388.83734893799,0.2507174625147388,79.99427032470703,-3127.9024658203125
2022-08-09,RGLD,326.0,99.65772247314453,32488.417526245117,0.19078451177813574,139.61212158203125,-13025.13410949707
2022-08-09,SCCO,724.0,39.3591423034668,28496.01902770996,0.16733960875226575,62.865455627441406,-17018.570846557617
2022-08-09,STLD,569.0,76.75801086425781,43675.308181762695,0.2564782461776081,79.99427032470703,-1841.4316329956055
2022-08-10,RGLD,326.0,99.61943054199219,32475.934356689453,0.188790450176038,139.61212158203125,-13037.617279052734
2022-08-10,SCCO,724.0,40.37907028198242,29234.446884155273,0.16994690059688133,62.865455627441406,-16280.142990112305
2022-08-10,STLD,569.0,78.52703094482422,44681.88060760498,0.2597465637777459,79.99427032470703,-834.8592071533203
2022-08-11,RGLD,326.0,97.10215759277344,31655.30337524414,0.18442807480940565,139.61212158203125,-13858.248260498047
2022-08-11,SCCO,724.0,40.6298713684082,29416.02687072754,0.17138174731734612,62.865455627441406,-16098.563003540039
2022-08-11,STLD,569.0,78.98108673095703,44940.23834991455,0.26182790106609233,79.99427032470703,-576.50146484375
2022-08-12,RGLD,326.0,98.45170593261719,32095.256134033203,0.18548498634379845,139.61212158203125,-13418.295501708984
2022-08-12,SCCO,724.0,41.11475372314453,29767.08169555664,0.1720299946738959,62.865455627441406,-15747.508178710938
2022-08-12,STLD,569.0,80.04061889648438,45543.11215209961,0.2632028702406472,79.99427032470703,26.372337341308594
2022-08-15,RGLD,326.0,96.53742980957031,31471.202117919922,0.1835307239733201,139.61212158203125,-14042.349517822266
2022-08-15,SCCO,724.0,40.6131591796875,29403.92724609375,0.17147498957663265,62.865455627441406,-16110.662628173828
2022-08-15,STLD,569.0,79.0378646850586,44972.54500579834,0.26226655444906233,79.99427032470703,-544.1948089599609
2022-08-16,RGLD,326.0,97.31272888183594,31723.949615478516,0.18362038751153617,139.61212158203125,-13789.602020263672
2022-08-16,SCCO,724.0,41.2318000793457,29851.82325744629,0.1727843922619184,62.865455627441406,-15662.766616821289
2022-08-16,STLD,569.0,80.07844543457031,45564.63545227051,0.2637312226244875,79.99427032470703,47.89563751220703
2022-08-17,RGLD,326.0,95.60900115966797,31168.534378051758,0.18265123550628287,139.61212158203125,-14345.01725769043
2022-08-17,SCCO,724.0,40.26203155517578,29149.710845947266,0.17082069487400653,62.865455627441406,-16364.879028320312
2022-08-17,STLD,569.0,78.55541229248047,44698.02959442139,0.26193565058569096,79.99427032470703,-818.7102203369141
2022-08-18,RGLD,326.0,95.85787200927734,31249.666275024414,0.18143406218545433,139.61212158203125,-14263.885360717773
2022-08-18,SCCO,724.0,41.315406799316406,29912.354522705078,0.17366969435201077,62.865455627441406,-15602.2353515625
2022-08-18,STLD,569.0,79.87033081054688,45446.21823120117,0.26385856130705315,79.99427032470703,-70.5215835571289
2022-08-19,RGLD,326.0,93.03429412841797,30329.179885864258,0.1791620270393058,139.61212158203125,-15184.37174987793
2022-08-19,SCCO,724.0,40.46267318725586,29294.975387573242,0.17305272322745607,62.865455627441406,-16219.614486694336
2022-08-19,STLD,569.0,77.38236999511719,44030.56852722168,0.2600995456757074,79.99427032470703,-1486.171287536621
2022-08-22,RGLD,326.0,93.07257843017578,30341.660568237305,0.18057078161478748,139.61212158203125,-15171.891067504883
2022-08-22,SCCO,724.0,39.86911392211914,28865.238479614258,0.17178422591733547,62.865455627441406,-16649.35139465332
2022-08-22,STLD,569.0,75.91607666015625,43196.247619628906,0.25707163185615434,79.99427032470703,-2320.4921951293945
2022-08-23,RGLD,326.0,94.62315368652344,30847.14810180664,0.18147495508987527,139.61212158203125,-14666.403533935547
2022-08-23,SCCO,724.0,41.281959533691406,29888.138702392578,0.1758330660207447,62.865455627441406,-15626.451171875
2022-08-23,STLD,569.0,76.65396118164062,43616.103912353516,0.2565952117377785,79.99427032470703,-1900.6359024047852
2022-08-24,RGLD,326.0,95.75260162353516,31215.34812927246,0.18313343966259857,139.61212158203125,-14298.203506469727
2022-08-24,SCCO,724.0,41.156558990478516,29797.348709106445,0.17481435540381843,62.865455627441406,-15717.241165161133
2022-08-24,STLD,569.0,76.99452209472656,43809.883071899414,0.2570227487115385,79.99427032470703,-1706.8567428588867
2022-08-25,RGLD,326.0,95.28358459472656,31062.44857788086,0.17848251371977003,139.61212158203125,-14451.103057861328
2022-08-25,SCCO,724.0,42.326969146728516,30644.725662231445,0.17608230898907956,62.865455627441406,-14869.864212036133
2022-08-25,STLD,569.0,82.07450103759766,46700.39109039307,0.26833696553610037,79.99427032470703,1183.6512756347656
2022-08-26,RGLD,326.0,92.13457489013672,30035.87141418457,0.17310056148664718,139.61212158203125,-15477.680221557617
2022-08-26,SCCO,724.0,42.94561004638672,31092.621673583984,0.17919074814148855,62.865455627441406,-14421.968200683594
2022-08-26,STLD,569.0,82.17855072021484,46759.595359802246,0.26948151761788774,79.99427032470703,1242.8555450439453
2022-08-29,RGLD,326.0,91.18701171875,29726.9658203125,0.17293128042028696,139.61212158203125,-15786.585815429688
2022-08-29,SCCO,724.0,41.608001708984375,30124.193237304688,0.17524207951945248,62.865455627441406,-15390.39663696289
2022-08-29,STLD,569.0,81.58258819580078,46420.492683410645,0.27004287238751823,79.99427032470703,903.7528686523438
2022-08-30,RGLD,326.0,89.95230102539062,29324.450134277344,0.1750152184514858,139.61212158203125,-16189.101501464844
2022-08-30,SCCO,724.0,39.74370574951172,28774.442962646484,0.171732646234374,62.865455627441406,-16740.146911621094
2022-08-30,STLD,569.0,77.02288055419922,43826.019035339355,0.26156399387564894,79.99427032470703,-1690.7207794189453
2022-08-31,RGLD,326.0,87.96142578125,28675.4248046875,0.17249057167483273,139.61212158203125,-16838.126831054688
2022-08-31,SCCO,724.0,39.35078048706055,28489.965072631836,0.1713749803480143,62.865455627441406,-17024.624801635742
2022-08-31,STLD,569.0,76.36070251464844,43449.23973083496,0.2613591342083084,79.99427032470703,-2067.50008392334
2022-09-01,RGLD,326.0,85.22401428222656,27783.02865600586,0.1709696270491296,139.61212158203125,-17730.522979736328
2022-09-01,SCCO,724.0,37.9295768737793,27461.01365661621,0.16898802939714097,62.865455627441406,-18053.576217651367
2022-09-01,STLD,569.0,73.16321563720703,41629.8696975708,0.2561795326356172,79.99427032470703,-3886.8701171875
2022-09-02,RGLD,326.0,86.57357788085938,28222.986389160156,0.17266061516620362,139.61212158203125,-17290.56524658203
2022-09-02,SCCO,724.0,38.19709396362305,27654.696029663086,0.1691839680916944,62.865455627441406,-17859.893844604492
2022-09-02,STLD,569.0,73.7308120727539,41952.83206939697,0.25665610623858814,79.99427032470703,-3563.907745361328
2022-09-06,RGLD,326.0,87.55945587158203,28544.382614135742,0.17383264823198202,139.61212158203125,-16969.169021606445
2022-09-06,SCCO,724.0,37.72892761230469,27315.743591308594,0.16635035029804704,62.865455627441406,-18198.846282958984
2022-09-06,STLD,569.0,75.07412719726562,42717.17837524414,0.260143662672505,79.99427032470703,-2799.56143951416
2022-09-07,RGLD,326.0,90.22029876708984,29411.81739807129,0.17758644106835245,139.61212158203125,-16101.734237670898
2022-09-07,SCCO,724.0,38.23054122924805,27678.911849975586,0.1671232818276692,62.865455627441406,-17835.678024291992
2022-09-07,STLD,569.0,75.39576721191406,42900.1915435791,0.2590282754126725,79.99427032470703,-2616.548271179199
2022-09-08,RGLD,326.0,90.392578125,29467.98046875,0.17498476773501395,139.61212158203125,-16045.571166992188
2022-09-08,SCCO,724.0,39.55142593383789,28635.232376098633,0.1700397993572554,62.865455627441406,-16879.357498168945
2022-09-08,STLD,569.0,78.50808715820312,44671.10159301758,0.26526291291019616,79.99427032470703,-845.6382217407227
2022-09-09,RGLD,326.0,91.93358612060547,29970.349075317383,0.1742973393907191,139.61212158203125,-15543.202560424805
2022-09-09,SCCO,724.0,41.13147735595703,29779.18960571289,0.17318562104310586,62.865455627441406,-15735.400268554688
2022-09-09,STLD,569.0,81.84746551513672,46571.20787811279,0.2708422783120752,79.99427032470703,1054.4680633544922
2022-09-12,RGLD,326.0,92.01971435546875,29998.426879882812,0.17588350009493162,139.61212158203125,-15515.124755859375
2022-09-12,SCCO,724.0,41.4240837097168,29991.03660583496,0.17584017024728987,62.865455627441406,-15523.553268432617
2022-09-12,STLD,569.0,78.98108673095703,44940.23834991455,0.26348869718178775,79.99427032470703,-576.50146484375
2022-09-13,RGLD,326.0,89.36843872070312,29134.11102294922,0.17338360951884693,139.61212158203125,-16379.440612792969
2022-09-13,SCCO,724.0,40.3038330078125,29179.97509765625,0.17365655688331888,62.865455627441406,-16334.614776611328
2022-09-13,STLD,569.0,77.48643493652344,44089.781478881836,0.26238814871283134,79.99427032470703,-1426.9583358764648
2022-09-14,RGLD,326.0,89.57901000976562,29202.757263183594,0.1788042277840472,139.61212158203125,-16310.794372558594
2022-09-14,SCCO,724.0,39.17522048950195,28362.859634399414,0.17366165697886715,62.865455627441406,-17151.730239868164
2022-09-14,STLD,569.0,70.5239028930664,40128.100746154785,0.24569851407155963,79.99427032470703,-5388.639068603516
2022-09-15,RGLD,326.0,87.77957916259766,28616.142807006836,0.1749370286106683,139.61212158203125,-16897.40882873535
2022-09-15,SCCO,724.0,39.091617584228516,28302.331130981445,0.1730186260321847,62.865455627441406,-17212.258743286133
2022-09-15,STLD,569.0,72.1131820678711,41032.40059661865,0.2508404534302744,79.99427032470703,-4484.339218139648
2022-09-16,RGLD,326.0,89.26314544677734,29099.785415649414,0.17812895976137633,139.61212158203125,-16413.766220092773
2022-09-16,SCCO,724.0,39.02474594116211,28253.916061401367,0.1729511267975222,62.865455627441406,-17260.67381286621
2022-09-16,STLD,569.0,70.968505859375,40381.079833984375,0.24718531913985944,79.99427032470703,-5135.659980773926
2022-09-19,RGLD,326.0,89.70343017578125,29243.318237304688,0.17682142657648137,139.61212158203125,-16270.2333984375
2022-09-19,SCCO,724.0,40.00286865234375,28962.076904296875,0.17512088447961102,62.865455627441406,-16552.512969970703
2022-09-19,STLD,569.0,73.0213394165039,41549.14212799072,0.2512293073064557,79.99427032470703,-3967.597686767578
2022-09-20,RGLD,326.0,88.66971588134766,28906.327377319336,0.17625349896209183,139.61212158203125,-16607.22425842285
2022-09-20,SCCO,724.0,39.559791564941406,28641.289093017578,0.17463745399182184,62.865455627441406,-16873.30078125
2022-09-20,STLD,569.0,71.75370025634766,40827.85544586182,0.24894384829730576,79.99427032470703,-4688.884368896484
2022-09-21,RGLD,326.0,88.4208755493164,28825.20542907715,0.17809973271019858,139.61212158203125,-16688.34620666504
2022-09-21,SCCO,724.0,37.92121505737305,27454.959701538086,0.1696335173202529,62.865455627441406,-18059.630172729492
2022-09-21,STLD,569.0,70.19280242919922,39939.704582214355,0.24677189996506485,79.99427032470703,-5577.035232543945
2022-09-22,RGLD,326.0,87.9422836303711,28669.184463500977,0.17813918668201506,139.61212158203125,-16844.36717224121
2022-09-22,SCCO,724.0,38.09677505493164,27582.065139770508,0.1713842490798591,62.865455627441406,-17932.52473449707
2022-09-22,STLD,569.0,68.64136505126953,39056.93671417236,0.2426846480202934,79.99427032470703,-6459.8031005859375
2022-09-23,RGLD,326.0,84.42001342773438,27520.924377441406,0.17503622818669,139.61212158203125,-17992.62725830078
2022-09-23,SCCO,724.0,36.3244514465332,26298.90284729004,0.16726403142225457,62.865455627441406,-19215.68702697754
2022-09-23,STLD,569.0,66.39937591552734,37781.24489593506,0.24029304074549107,79.99427032470703,-7735.494918823242
2022-09-26,RGLD,326.0,82.75459289550781,26977.997283935547,0.17290811653913854,139.61212158203125,-18535.55435180664
2022-09-26,SCCO,724.0,35.78940200805664,25911.527053833008,0.1660728664317521,62.865455627441406,-19603.06282043457
2022-09-26,STLD,569.0,65.91690826416016,37506.72080230713,0.24038909868776553,79.99427032470703,-8010.019012451172
2022-09-27,RGLD,326.0,82.94599914550781,27040.395721435547,0.1720509068181089,139.61212158203125,-18473.15591430664
2022-09-27,SCCO,724.0,36.47491455078125,26407.838134765625,0.16802610971371737,62.865455627441406,-19106.751739501953
2022-09-27,STLD,569.0,66.9385757446289,38088.04959869385,0.24234421492558278,79.99427032470703,-7428.690216064453
2022-09-28,RGLD,326.0,88.86114501953125,28968.733276367188,0.1802064539301364,139.61212158203125,-16544.818359375
2022-09-28,SCCO,724.0,37.36945724487305,27055.487045288086,0.16830467985155645,62.865455627441406,-18459.102828979492
2022-09-28,STLD,569.0,68.71705627441406,39100.0050201416,0.2432302850838999,79.99427032470703,-6416.734794616699
2022-09-29,RGLD,326.0,88.9377212524414,28993.6971282959,0.181234800461538,139.61212158203125,-16519.85450744629
2022-09-29,SCCO,724.0,37.45305633544922,27116.012786865234,0.1694977065185641,62.865455627441406,-18398.577087402344
2022-09-29,STLD,569.0,67.20584869384766,38240.12790679932,0.23903270838988033,79.99427032470703,-7276.611907958984
2022-09-30,RGLD,326.0,89.79914093017578,29274.519943237305,0.18249415089474066,139.61212158203125,-16239.031692504883
2022-09-30,SCCO,724.0,37.48649597167969,27140.223083496094,0.1691891780401555,62.865455627441406,-18374.366790771484
2022-09-30,STLD,569.0,67.4339599609375,38369.92321777344,0.23919389869078123,79.99427032470703,-7146.816596984863
2022-10-03,RGLD,326.0,92.32601928710938,30098.282287597656,0.1819796607728503,139.61212158203125,-15415.269348144531
2022-10-03,SCCO,724.0,39.91090774536133,28895.4972076416,0.17470740454435313,62.865455627441406,-16619.092666625977
2022-10-03,STLD,569.0,71.65391540527344,40771.077865600586,0.24650931400104362,79.99427032470703,-4745.661949157715
2022-10-04,RGLD,326.0,94.86244201660156,30925.15609741211,0.18370770704713996,139.61212158203125,-14588.395538330078
2022-10-04,SCCO,724.0,40.872314453125,29591.5556640625,0.17578559092407112,62.865455627441406,-15923.034210205078
2022-10-04,STLD,569.0,74.15360260009766,42193.39987945557,0.2506455495313247,79.99427032470703,-3323.3399353027344
2022-10-05,RGLD,326.0,93.31185913085938,30419.666076660156,0.18153050451415195,139.61212158203125,-15093.885559082031
2022-10-05,SCCO,724.0,40.65496063232422,29434.191497802734,0.17564964780010942,62.865455627441406,-16080.398376464844
2022-10-05,STLD,569.0,73.97300720214844,42090.64109802246,0.2511774880957868,79.99427032470703,-3426.09871673584
2022-10-06,RGLD,326.0,95.51162719726562,31136.790466308594,0.185650183004446,139.61212158203125,-14376.761169433594
2022-10-06,SCCO,724.0,40.37907028198242,29234.446884155273,0.17430763841732025,62.865455627441406,-16280.142990112305
2022-10-06,STLD,569.0,73.31720733642578,41717.49097442627,0.24873661407937492,79.99427032470703,-3799.2488403320312
2022-10-07,RGLD,326.0,90.18033599853516,29398.78953552246,0.1781016602583793,139.61212158203125,-16114.762100219727
2022-10-07,SCCO,724.0,40.05302429199219,28998.389587402344,0.17567598571006515,62.865455627441406,-16516.200286865234
2022-10-07,STLD,569.0,72.12914276123047,41041.48223114014,0.2486345948359105,79.99427032470703,-4475.257583618164
2022-10-10,RGLD,326.0,90.09386444091797,29370.599807739258,0.17718469823194916,139.61212158203125,-16142.95182800293
2022-10-10,SCCO,724.0,39.6851806640625,28732.07080078125,0.17333262949141262,62.865455627441406,-16782.519073486328
2022-10-10,STLD,569.0,73.86844635009766,42031.14597320557,0.2535622685391345,79.99427032470703,-3485.5938415527344
2022-10-11,RGLD,326.0,91.05448150634766,29683.760971069336,0.17805359344074317,139.61212158203125,-15829.790664672852
2022-10-11,SCCO,724.0,39.52635192871094,28617.07879638672,0.17165526020909727,62.865455627441406,-16897.51107788086
2022-10-11,STLD,569.0,75.18956756591797,42782.863945007324,0.25662660033273216,79.99427032470703,-2733.8758697509766
2022-10-12,RGLD,326.0,90.6030044555664,29536.57945251465,0.1769572019948102,139.61212158203125,-15976.972183227539
2022-10-12,SCCO,724.0,40.18678665161133,29095.2335357666,0.17431304549506627,62.865455627441406,-16419.356338500977
2022-10-12,STLD,569.0,74.96146392822266,42653.07297515869,0.25553969315569963,79.99427032470703,-2863.6668395996094
2022-10-13,RGLD,326.0,88.94117736816406,28994.823822021484,0.1726434729980082,139.61212158203125,-16518.727813720703
2022-10-13,SCCO,724.0,40.755279541015625,29506.822387695312,0.17569205887976805,62.865455627441406,-16007.767486572266
2022-10-13,STLD,569.0,77.00492095947266,43815.80002593994,0.26089180383014654,79.99427032470703,-1700.9397888183594
2022-10-14,RGLD,326.0,86.00176239013672,28036.57453918457,0.17059463863844482,139.61212158203125,-17476.977096557617
2022-10-14,SCCO,724.0,39.31734085083008,28465.754776000977,0.17320607918044573,62.865455627441406,-17048.8350982666
2022-10-14,STLD,569.0,74.19161987304688,42215.03170776367,0.2568665465615719,79.99427032470703,-3301.708106994629
2022-10-17,RGLD,326.0,88.05742645263672,28706.72102355957,0.17246292253811432,139.61212158203125,-16806.830612182617
2022-10-17,SCCO,724.0,39.83566665649414,28841.022659301758,0.17326977374841934,62.865455627441406,-16673.56721496582
2022-10-17,STLD,569.0,76.05448913574219,43275.004318237305,0.25998558704937336,79.99427032470703,-2241.735496520996
2022-10-18,RGLD,326.0,89.79610443115234,29273.530044555664,0.17450814303344386,139.61212158203125,-16240.021591186523
2022-10-18,SCCO,724.0,39.559791564941406,28641.289093017578,0.17073916832370847,62.865455627441406,-16873.30078125
2022-10-18,STLD,569.0,77.68922424316406,44205.16859436035,0.2635200425825251,79.99427032470703,-1311.5712203979492
2022-10-19,RGLD,326.0,87.22171020507812,28434.27752685547,0.17151245525500627,139.61212158203125,-17079.27410888672
2022-10-19,SCCO,724.0,38.79902267456055,28090.492416381836,0.1694387810312896,62.865455627441406,-17424.097457885742
2022-10-19,STLD,569.0,76.6817626953125,43631.92297363281,0.2631829920643201,79.99427032470703,-1884.8168411254883
2022-10-20,RGLD,326.0,87.9709701538086,28678.5362701416,0.16952951379961975,139.61212158203125,-16835.015365600586
2022-10-20,SCCO,724.0,39.417667388916016,28538.391189575195,0.1687010640089459,62.865455627441406,-16976.198684692383
2022-10-20,STLD,569.0,81.40547943115234,46319.71779632568,0.27381311107995104,79.99427032470703,802.9779815673828
2022-10-21,RGLD,326.0,91.54438781738281,29843.470428466797,0.1702921984661201,139.61212158203125,-15670.08120727539
2022-10-21,SCCO,724.0,40.780357360839844,29524.978729248047,0.168474827668606,62.865455627441406,-15989.611145019531
2022-10-21,STLD,569.0,88.3152084350586,50251.35359954834,0.28674324257552847,79.99427032470703,4734.613784790039
2022-10-24,RGLD,326.0,90.70865631103516,29571.02195739746,0.16898612055951195,139.61212158203125,-15942.529678344727
2022-10-24,SCCO,724.0,38.3057746887207,27733.38087463379,0.1584847642653535,62.865455627441406,-17781.20899963379
2022-10-24,STLD,569.0,91.48967742919922,52057.626457214355,0.2974877348917666,79.99427032470703,6540.886642456055
2022-10-25,RGLD,326.0,92.56260681152344,30175.40982055664,0.1701888508236826,139.61212158203125,-15338.141815185547
2022-10-25,SCCO,724.0,39.584869384765625,28659.445434570312,0.16163883482473226,62.865455627441406,-16855.144439697266
2022-10-25,STLD,569.0,92.86781311035156,52841.78565979004,0.29802686460233546,79.99427032470703,7325.045845031738
2022-10-26,RGLD,326.0,94.57022857666016,30829.89451599121,0.1719918257955848,139.61212158203125,-14683.657119750977
2022-10-26,SCCO,724.0,41.12311553955078,29773.135650634766,0.16609644763968318,62.865455627441406,-15741.454223632812
2022-10-26,STLD,569.0,93.18147277832031,53020.25801086426,0.29578599351715423,79.99427032470703,7503.518196105957
2022-10-27,RGLD,326.0,93.2350082397461,30394.612686157227,0.1707561351855382,139.61212158203125,-15118.938949584961
2022-10-27,SCCO,724.0,40.42086410522461,29264.705612182617,0.16440834694217704,62.865455627441406,-16249.884262084961
2022-10-27,STLD,569.0,92.63971710205078,52711.999031066895,0.2961346250859825,79.99427032470703,7195.259216308594
2022-10-28,RGLD,326.0,92.8411636352539,30266.219345092773,0.1724795266382205,139.61212158203125,-15247.332290649414
2022-10-28,SCCO,724.0,39.38422775268555,28514.180892944336,0.16249510276839485,62.865455627441406,-17000.408981323242
2022-10-28,STLD,569.0,89.75038146972656,51067.967056274414,0.29102342396360675,79.99427032470703,5551.227241516113
2022-10-31,RGLD,326.0,91.21778106689453,29736.996627807617,0.17025873612843184,139.61212158203125,-15776.55500793457
2022-10-31,SCCO,724.0,39.267181396484375,28429.439331054688,0.1627723360878681,62.865455627441406,-17085.15054321289
2022-10-31,STLD,569.0,89.3891830444336,50862.445152282715,0.29121218045037617,79.99427032470703,5345.705337524414
2022-11-01,RGLD,326.0,93.30225372314453,30416.534713745117,0.17029029148656902,139.61212158203125,-15097.01692199707
2022-11-01,SCCO,724.0,41.80864715576172,30269.460540771484,0.16946688066671292,62.865455627441406,-15245.129333496094
2022-11-01,STLD,569.0,91.9173812866211,52300.9899520874,0.29281280421310896,79.99427032470703,6784.250137329102
2022-11-02,RGLD,326.0,88.44166564941406,28831.983001708984,0.16622063045228527,139.61212158203125,-16681.568634033203
2022-11-02,SCCO,724.0,40.11991500854492,29046.818466186523,0.16745918856141184,62.865455627441406,-16467.771408081055
2022-11-02,STLD,569.0,87.78295135498047,49948.49932098389,0.2879604585916746,79.99427032470703,4431.759506225586
2022-11-03,RGLD,326.0,84.1189956665039,27422.792587280273,0.15956748499934342,139.61212158203125,-18090.759048461914
2022-11-03,SCCO,724.0,40.46267318725586,29294.975387573242,0.17046132449256643,62.865455627441406,-16219.614486694336
2022-11-03,STLD,569.0,87.01309204101562,49510.44937133789,0.28809093246893275,79.99427032470703,3993.70955657959
2022-11-04,RGLD,326.0,91.90940856933594,29962.467193603516,0.16674838222436775,139.61212158203125,-15551.084442138672
2022-11-04,SCCO,724.0,44.89350509643555,32502.897689819336,0.1808864928365629,62.865455627441406,-13011.692184448242
2022-11-04,STLD,569.0,90.67229461669922,51592.535636901855,0.28712494858043647,79.99427032470703,6075.795822143555
2022-11-07,RGLD,326.0,92.0822982788086,30018.8292388916,0.167099488088274,139.61212158203125,-15494.722396850586
2022-11-07,SCCO,724.0,44.341739654541016,32103.419509887695,0.17870333727190407,62.865455627441406,-13411.170364379883
2022-11-07,STLD,569.0,91.20455932617188,51895.3942565918,0.2888751505065636,79.99427032470703,6378.654441833496
2022-11-08,RGLD,326.0,97.43280792236328,31763.09538269043,0.17378168883035036,139.61212158203125,-13750.456253051758
2022-11-08,SCCO,724.0,45.649879455566406,33050.51272583008,0.18082538395592726,62.865455627441406,-12464.0771484375
2022-11-08,STLD,569.0,91.97440338134766,52333.43552398682,0.28632577203444903,79.99427032470703,6816.695709228516
2022-11-09,RGLD,326.0,96.7027587890625,31525.099365234375,0.17560089241163063,139.61212158203125,-13988.452270507812
2022-11-09,SCCO,724.0,45.01690673828125,32592.240478515625,0.18154507452665933,62.865455627441406,-12922.349395751953
2022-11-09,STLD,569.0,87.4883041381836,49780.845054626465,0.2772889219260523,79.99427032470703,4264.105239868164
2022-11-10,RGLD,326.0,100.89092254638672,32890.44075012207,0.17781295368940714,139.61212158203125,-12623.110885620117
2022-11-10,SCCO,724.0,47.447513580322266,34351.99983215332,0.18571446341200307,62.865455627441406,-11162.590042114258
2022-11-10,STLD,569.0,91.56570434570312,52100.88577270508,0.28166884291584676,79.99427032470703,6584.145957946777
2022-11-11,RGLD,326.0,100.95817565917969,32912.36526489258,0.17529106021816276,139.61212158203125,-12601.18637084961
2022-11-11,SCCO,724.0,50.966835021972656,36899.9885559082,0.19652911797569445,62.865455627441406,-8614.601318359375
2022-11-11,STLD,569.0,91.94590759277344,52317.221420288086,0.27864120784454977,79.99427032470703,6800.481605529785
2022-11-14,RGLD,326.0,102.2837905883789,33344.51573181152,0.17529001295289032,139.61212158203125,-12169.035903930664
2022-11-14,SCCO,724.0,51.04279327392578,36954.982330322266,0.19427000780149276,62.865455627441406,-8559.607543945312
2022-11-14,STLD,569.0,95.42450714111328,54296.54456329346,0.2854335050581293,79.99427032470703,8779.804748535156
2022-11-15,RGLD,326.0,101.48649597167969,33084.59768676758,0.174032408136187,139.61212158203125,-12428.95394897461
2022-11-15,SCCO,724.0,51.17782974243164,37052.74873352051,0.19490577310960328,62.865455627441406,-8461.84114074707
2022-11-15,STLD,569.0,95.50054168701172,54339.80821990967,0.2858395852868962,79.99427032470703,8823.068405151367
2022-11-16,RGLD,326.0,101.54412841796875,33103.38586425781,0.17544719846070977,139.61212158203125,-12410.165771484375
2022-11-16,SCCO,724.0,50.06380081176758,36246.19178771973,0.19210399897163477,62.865455627441406,-9268.398086547852
2022-11-16,STLD,569.0,94.3790283203125,53701.66711425781,0.2846176245082839,79.99427032470703,8184.927299499512
2022-11-17,RGLD,326.0,98.89289855957031,32239.084930419922,0.17122186948686138,139.61212158203125,-13274.466705322266
2022-11-17,SCCO,724.0,49.43927001953125,35794.031494140625,0.19010220054712093,62.865455627441406,-9720.558380126953
2022-11-17,STLD,569.0,96.00428771972656,54626.439712524414,0.2901211728303211,79.99427032470703,9109.699897766113
2022-11-18,RGLD,326.0,100.2857666015625,32693.159912109375,0.17371483662729229,139.61212158203125,-12820.391723632812
2022-11-18,SCCO,724.0,48.966651916503906,35451.85598754883,0.1883731455621779,62.865455627441406,-10062.73388671875
2022-11-18,STLD,569.0,95.65261840820312,54426.33987426758,0.28919390982386867,79.99427032470703,8909.600059509277
2022-11-21,RGLD,326.0,100.85249328613281,32877.9128112793,0.17377191894675084,139.61212158203125,-12635.63882446289
2022-11-21,SCCO,724.0,48.316795349121094,34981.35983276367,0.1848894137653626,62.865455627441406,-10533.230041503906
2022-11-21,STLD,569.0,97.91468048095703,55713.45319366455,0.2944661885377256,79.99427032470703,10196.71337890625
2022-11-22,RGLD,326.0,105.16558074951172,34283.97932434082,0.1768914796377963,139.61212158203125,-11229.572311401367
2022-11-22,SCCO,724.0,50.19039535522461,36337.84623718262,0.18748860296921063,62.865455627441406,-9176.743637084961
2022-11-22,STLD,569.0,101.16519927978516,57562.998390197754,0.2970018112921011,79.99427032470703,12046.258575439453
2022-11-23,RGLD,326.0,105.7611312866211,34478.12879943848,0.1790254671668574,139.61212158203125,-11035.422836303711
2022-11-23,SCCO,724.0,50.08911895751953,36264.52212524414,0.18830119966256417,62.865455627441406,-9250.067749023438
2022-11-23,STLD,569.0,98.79857635498047,56216.38994598389,0.2918999906015172,79.99427032470703,10699.650131225586
2022-11-25,RGLD,326.0,104.243408203125,33983.35107421875,0.17721156468896254,139.61212158203125,-11530.200561523438
2022-11-25,SCCO,724.0,49.61650085449219,35922.346618652344,0.18732276395249495,62.865455627441406,-9592.243255615234
2022-11-25,STLD,569.0,98.82709503173828,56232.61707305908,0.29323388491937175,79.99427032470703,10715.877258300781
2022-11-28,RGLD,326.0,101.06383514404297,32946.81025695801,0.17392888431662465,139.61212158203125,-12566.74137878418
2022-11-28,SCCO,724.0,48.637508392333984,35213.556076049805,0.18589521939638395,62.865455627441406,-10301.033798217773
2022-11-28,STLD,569.0,97.78160858154297,55637.73528289795,0.2937161184401596,79.99427032470703,10120.995468139648
2022-11-29,RGLD,326.0,104.44510650634766,34049.104721069336,0.17785955430080944,139.61212158203125,-11464.446914672852
2022-11-29,SCCO,724.0,50.072227478027344,36252.2926940918,0.18936816911264617,62.865455627441406,-9262.297180175781
2022-11-29,STLD,569.0,97.55352020263672,55507.95299530029,0.28995240435162706,79.99427032470703,9991.213180541992
2022-11-30,RGLD,326.0,107.90325164794922,35176.460037231445,0.1810459285695512,139.61212158203125,-10337.091598510742
2022-11-30,SCCO,724.0,51.498531341552734,37284.93669128418,0.19189781967218536,62.865455627441406,-8229.653182983398
2022-11-30,STLD,569.0,98.77957916259766,56205.58054351807,0.28927844102339106,79.99427032470703,10688.840728759766
2022-12-01,CPRT,1299.0,33.834999084472656,43951.66381072998,0.22529869074462944,33.834999084472656,0.0
2022-12-01,CTAS,392.0,112.03043365478516,43915.92999267578,0.2251155171915738,112.03043365478516,0.0
2022-12-01,DKS,407.0,107.98200225830078,43948.67491912842,0.22528336951885036,107.98200225830078,0.0
2022-12-02,CPRT,1299.0,33.57500076293945,43613.92599105835,0.22323050889476817,33.834999084472656,-337.73781967163086
2022-12-02,CTAS,392.0,112.04981231689453,43923.526428222656,0.224815146406108,112.03043365478516,7.596435546875
2022-12-02,DKS,407.0,109.51658630371094,44573.25062561035,0.2281406498990482,107.98200225830078,624.5757064819336
2022-12-05,CPRT,1299.0,32.849998474121094,42672.1480178833,0.22148844488361874,33.834999084472656,-1279.5157928466797
2022-12-05,CTAS,392.0,111.29397583007812,43627.238525390625,0.22644581218423482,112.03043365478516,-288.69146728515625
2022-12-05,DKS,407.0,105.88687896728516,43095.95973968506,0.2236882263229309,107.98200225830078,-852.7151794433594
2022-12-06,CPRT,1299.0,32.119998931884766,41723.87861251831,0.21780087549521218,33.834999084472656,-2227.78519821167
2022-12-06,CTAS,392.0,109.6490707397461,42982.43572998047,0.2243706108879747,112.03043365478516,-933.4942626953125
2022-12-06,DKS,407.0,107.11823272705078,43597.12071990967,0.22757929937553487,107.98200225830078,-351.55419921875
2022-12-07,CPRT,1299.0,31.545000076293945,40976.955099105835,0.21385996350955266,33.834999084472656,-2974.7087116241455
2022-12-07,CTAS,392.0,109.8089599609375,43045.1123046875,0.22465373828974283,112.03043365478516,-870.8176879882812
2022-12-07,DKS,407.0,108.89171600341797,44318.92841339111,0.2313018229477261,107.98200225830078,370.2534942626953
2022-12-08,CPRT,1299.0,31.950000762939453,41503.05099105835,0.2141879108998849,33.834999084472656,-2448.612819671631
2022-12-08,CTAS,392.0,110.25955963134766,43221.74737548828,0.2230577163542247,112.03043365478516,-694.1826171875
2022-12-08,DKS,407.0,112.47926330566406,45779.06016540527,0.23625543244762434,107.98200225830078,1830.3852462768555
2022-12-09,CPRT,1299.0,31.895000457763672,41431.60559463501,0.21517667604916624,33.834999084472656,-2520.0582160949707
2022-12-09,CTAS,392.0,109.85256958007812,43062.207275390625,0.2236452701234111,112.03043365478516,-853.7227172851562
2022-12-09,DKS,407.0,110.04328918457031,44787.61869812012,0.23260626232807408,107.98200225830078,838.9437789916992
2022-12-12,CPRT,1299.0,32.189998626708984,41814.80821609497,0.2150147686014758,33.834999084472656,-2136.8555946350098
2022-12-12,CTAS,392.0,110.8118896484375,43438.2607421875,0.22336267892619438,112.03043365478516,-477.66925048828125
2022-12-12,DKS,407.0,112.9129409790039,45955.56697845459,0.23630684968725227,107.98200225830078,2006.8920593261719
2022-12-13,CPRT,1299.0,31.344999313354492,40717.154108047485,0.21315267070327368,33.834999084472656,-3234.509702682495
2022-12-13,CTAS,392.0,112.02317810058594,43913.08581542969,0.22988324516842645,112.03043365478516,-2.84417724609375
2022-12-13,DKS,407.0,105.96487426757812,43127.7038269043,0.22577180191941637,107.98200225830078,-820.9710922241211
2022-12-14,CPRT,1299.0,31.235000610351562,40574.26579284668,0.21199809255659924,33.834999084472656,-3377.398017883301
2022-12-14,CTAS,392.0,111.2624740600586,43614.88983154297,0.22788516984042287,112.03043365478516,-301.0401611328125
2022-12-14,DKS,407.0,107.94871520996094,43935.1270904541,0.22955839021121963,107.98200225830078,-13.547828674316406
2022-12-15,CPRT,1299.0,30.28499984741211,39340.21480178833,0.2098536776581805,33.834999084472656,-4611.44900894165
2022-12-15,CTAS,392.0,107.68437957763672,42212.276794433594,0.22517420335067095,112.03043365478516,-1703.6531982421875
2022-12-15,DKS,407.0,104.78378295898438,42646.99966430664,0.22749315848257914,107.98200225830078,-1301.6752548217773
2022-12-16,CPRT,1299.0,30.19499969482422,39223.30460357666,0.21001112983478168,33.834999084472656,-4728.35920715332
2022-12-16,CTAS,392.0,107.87090301513672,42285.393981933594,0.22640630246246446,112.03043365478516,-1630.5360107421875
2022-12-16,DKS,407.0,103.17827606201172,41993.55835723877,0.22484374342039407,107.98200225830078,-1955.1165618896484
2022-12-19,CPRT,1299.0,30.155000686645508,39171.345891952515,0.21065459858107355,33.834999084472656,-4780.317918777466
2022-12-19,CTAS,392.0,107.44213104248047,42117.315368652344,0.22649735311031713,112.03043365478516,-1798.6146240234375
2022-12-19,DKS,407.0,101.71115112304688,41396.43850708008,0.2226206411300916,107.98200225830078,-2552.23641204834
2022-12-20,CPRT,1299.0,30.125,39132.375,0.21106953417407512,33.834999084472656,-4819.2888107299805
2022-12-20,CTAS,392.0,107.54631042480469,42158.15368652344,0.22738977279691225,112.03043365478516,-1757.7763061523438
2022-12-20,DKS,407.0,100.35474395751953,40844.38079071045,0.2203036341935238,107.98200225830078,-3104.2941284179688
2022-12-21,CPRT,1299.0,30.524999618530273,39651.974504470825,0.20962396696225571,33.834999084472656,-4299.689306259155
2022-12-21,CTAS,392.0,112.50039672851562,44100.155517578125,0.23313970259425063,112.03043365478516,184.22552490234375
2022-12-21,DKS,407.0,103.53813934326172,42140.02271270752,0.22277727248919996,107.98200225830078,-1808.6522064208984
2022-12-22,CPRT,1299.0,29.989999771118164,38957.009702682495,0.2093698040958589,33.834999084472656,-4994.654108047485
2022-12-22,CTAS,392.0,109.61997985839844,42971.03210449219,0.23094268893269007,112.03043365478516,-944.8978881835938
2022-12-22,DKS,407.0,100.42855072021484,40874.42014312744,0.2196746979096074,107.98200225830078,-3074.2547760009766
2022-12-23,CPRT,1299.0,30.2549991607666,39301.243909835815,0.2093709527432675,33.834999084472656,-4650.419900894165
2022-12-23,CTAS,392.0,110.76828002929688,43421.165771484375,0.23131916301824296,112.03043365478516,-494.76422119140625
2022-12-23,DKS,407.0,102.51392364501953,41723.16692352295,0.22227335171083848,107.98200225830078,-2225.5079956054688
2022-12-27,CPRT,1299.0,30.045000076293945,39028.455099105835,0.20509215318490462,33.834999084472656,-4923.2087116241455
2022-12-27,CTAS,392.0,111.20191955566406,43591.15246582031,0.229068849800088,112.03043365478516,-324.77752685546875
2022-12-27,DKS,407.0,109.12056732177734,44412.07089996338,0.23338272614543784,107.98200225830078,463.39598083496094
2022-12-28,CPRT,1299.0,29.979999542236328,38944.01940536499,0.20690451499517204,33.834999084472656,-5007.64440536499
2022-12-28,CTAS,392.0,109.26631164550781,42832.39416503906,0.22756294486589568,112.03043365478516,-1083.5358276367188
2022-12-28,DKS,407.0,106.09406280517578,43180.28356170654,0.22941123602814617,107.98200225830078,-768.391357421875
2022-12-29,CPRT,1299.0,30.614999771118164,39768.884702682495,0.20831066557918454,33.834999084472656,-4182.779108047485
2022-12-29,CTAS,392.0,110.69802856445312,43393.627197265625,0.2272971804700292,112.03043365478516,-522.3027954101562
2022-12-29,DKS,407.0,109.2958755493164,44483.42134857178,0.2330055564202246,107.98200225830078,534.7464294433594
2022-12-30,CPRT,1299.0,30.44499969482422,39548.05460357666,0.20719299736134758,33.834999084472656,-4403.60920715332
2022-12-30,CTAS,392.0,109.40681457519531,42887.47131347656,0.22468826393003882,112.03043365478516,-1028.4586791992188
2022-12-30,DKS,407.0,110.99368286132812,45174.42892456055,0.23666967760584537,107.98200225830078,1225.754005432129
2023-01-03,CPRT,1299.0,30.729999542236328,39918.26940536499,0.208885665461008,33.834999084472656,-4033.3944053649902
2023-01-03,CTAS,392.0,108.76966857910156,42637.71008300781,0.22311604628896067,112.03043365478516,-1278.2199096679688
2023-01-03,DKS,407.0,111.25204467773438,45279.58218383789,0.23694052365396873,107.98200225830078,1330.9072647094727
2023-01-04,CPRT,1299.0,30.989999771118164,40256.009702682495,0.20946153521681818,33.834999084472656,-3695.6541080474854
2023-01-04,CTAS,392.0,107.51964569091797,42147.701110839844,0.21930445281932212,112.03043365478516,-1768.2288818359375
2023-01-04,DKS,407.0,114.29700469970703,46518.88091278076,0.24204873469886173,107.98200225830078,2570.2059936523438
2023-01-05,CPRT,1299.0,30.274999618530273,39327.224504470825,0.20620338515667197,33.834999084472656,-4624.439306259155
2023-01-05,CTAS,392.0,105.02442932128906,41169.57629394531,0.21586333905440772,112.03043365478516,-2746.3536987304688
2023-01-05,DKS,407.0,115.3765869140625,46958.27087402344,0.24621504663332652,107.98200225830078,3009.5959548950195
2023-01-06,CPRT,1299.0,31.19499969482422,40522.30460357666,0.2090330725497983,33.834999084472656,-3429.3592071533203
2023-01-06,CTAS,392.0,107.06180572509766,41968.22784423828,0.2164918234926058,112.03043365478516,-1947.7021484375
2023-01-06,DKS,407.0,118.18164825439453,48099.930839538574,0.24812202640454215,107.98200225830078,4151.255920410156
2023-01-09,CPRT,1299.0,31.219999313354492,40554.779108047485,0.20911263031914754,33.834999084472656,-3396.884702682495
2023-01-09,CTAS,392.0,106.90916442871094,41908.39245605469,0.2160922675866262,112.03043365478516,-2007.5375366210938
2023-01-09,DKS,407.0,118.44922637939453,48208.835136413574,0.24857924372215714,107.98200225830078,4260.160217285156
2023-01-10,CPRT,1299.0,30.809999465942383,40022.189306259155,0.20651946611998595,33.834999084472656,-3929.474504470825
2023-01-10,CTAS,392.0,107.79582214355469,42255.96228027344,0.21804601201922633,112.03043365478516,-1659.9677124023438
2023-01-10,DKS,407.0,118.55073547363281,48250.149337768555,0.2489767614958328,107.98200225830078,4301.474418640137
2023-01-11,CPRT,1299.0,31.18000030517578,40502.82039642334,0.20799068206131982,33.834999084472656,-3448.8434143066406
2023-01-11,CTAS,392.0,109.97368621826172,43109.684997558594,0.22137749169889043,112.03043365478516,-806.2449951171875
2023-01-11,DKS,407.0,117.58189392089844,47855.830825805664,0.24574996991936437,107.98200225830078,3907.155906677246
2023-01-12,CPRT,1299.0,31.280000686645508,40632.720891952515,0.20883445699418107,33.834999084472656,-3318.942918777466
2023-01-12,CTAS,392.0,108.10107421875,42375.62109375,0.21779220358972137,112.03043365478516,-1540.3088989257812
2023-01-12,DKS,407.0,118.66146850585938,48295.217681884766,0.2482163472840357,107.98200225830078,4346.542762756348
2023-01-13,CPRT,1299.0,31.40999984741211,40801.58980178833,0.2092258959186907,33.834999084472656,-3150.0740089416504
2023-01-13,CTAS,392.0,108.75273895263672,42631.073669433594,0.21860728039749094,112.03043365478516,-1284.8563232421875
2023-01-13,DKS,407.0,118.70759582519531,48313.99150085449,0.24774863445961198,107.98200225830078,4365.316581726074
2023-01-17,CPRT,1299.0,31.549999237060547,40983.44900894165,0.21115360979483166,33.834999084472656,-2968.21480178833
2023-01-17,CTAS,392.0,107.7740249633789,42247.41778564453,0.2176657891336311,112.03043365478516,-1668.51220703125
2023-01-17,DKS,407.0,116.9452133178711,47596.701820373535,0.24522619854437777,107.98200225830078,3648.026901245117
2023-01-18,CPRT,1299.0,31.264999389648438,40613.23420715332,0.21127479785422518,33.834999084472656,-3338.42960357666
2023-01-18,CTAS,392.0,106.15819549560547,41614.012634277344,0.2164809643665749,112.03043365478516,-2301.9173583984375
2023-01-18,DKS,407.0,114.83218383789062,46736.698822021484,0.24312977749152537,107.98200225830078,2788.0239028930664
2023-01-19,CPRT,1299.0,30.7549991607666,39950.743909835815,0.2113670942387628,33.834999084472656,-4000.919900894165
2023-01-19,CTAS,392.0,103.58546447753906,40605.50207519531,0.2148312182398948,112.03043365478516,-3310.4279174804688
2023-01-19,DKS,407.0,111.03058624267578,45189.44860076904,0.23908346894749302,107.98200225830078,1240.773681640625
2023-01-20,CPRT,1299.0,31.739999771118164,41230.259702682495,0.2145587259096397,33.834999084472656,-2721.4041080474854
2023-01-20,CTAS,392.0,105.75605010986328,41456.371643066406,0.2157353930029729,112.03043365478516,-2459.558349609375
2023-01-20,DKS,407.0,113.5403823852539,46210.93563079834,0.24047773512790618,107.98200225830078,2262.260711669922
2023-01-23,CPRT,1299.0,32.43000030517578,42126.57039642334,0.21682668468927715,33.834999084472656,-1825.0934143066406
2023-01-23,CTAS,392.0,106.05158996582031,41572.22326660156,0.21397344386774383,112.03043365478516,-2343.7067260742188
2023-01-23,DKS,407.0,116.27163696289062,47322.556243896484,0.2435705751697531,107.98200225830078,3373.8813247680664
2023-01-24,CPRT,1299.0,32.54999923706055,42282.44900894165,0.2173980322299662,33.834999084472656,-1669.21480178833
2023-01-24,CTAS,392.0,106.64993286132812,41806.773681640625,0.2149523158024783,112.03043365478516,-2109.1563110351562
2023-01-24,DKS,407.0,115.81950378417969,47138.53804016113,0.24236593793233893,107.98200225830078,3189.863121032715
2023-01-25,CPRT,1299.0,32.96500015258789,42821.53519821167,0.22000268950006827,33.834999084472656,-1130.1286125183105
2023-01-25,CTAS,392.0,105.83358001708984,41486.76336669922,0.2131450793877168,112.03043365478516,-2429.1666259765625
2023-01-25,DKS,407.0,115.64417266845703,47067.17827606201,0.24181538004142542,107.98200225830078,3118.5033569335938
2023-01-26,CPRT,1299.0,33.375,43354.125,0.22139540410193242,33.834999084472656,-597.5388107299805
2023-01-26,CTAS,392.0,106.85588073730469,41887.50524902344,0.2139058544355205,112.03043365478516,-2028.4247436523438
2023-01-26,DKS,407.0,116.25316619873047,47315.0386428833,0.24162250075257422,107.98200225830078,3366.363723754883
2023-01-27,CPRT,1299.0,33.540000915527344,43568.46118927002,0.22255620371508214,33.834999084472656,-383.20262145996094
2023-01-27,CTAS,392.0,105.93045043945312,41524.736572265625,0.21211645946467983,112.03043365478516,-2391.1934204101562
2023-01-27,DKS,407.0,116.4746322631836,47405.17533111572,0.2421548884250999,107.98200225830078,3456.5004119873047
2023-01-30,CPRT,1299.0,33.14500045776367,43055.35559463501,0.22034828068867893,33.834999084472656,-896.3082160949707
2023-01-30,CTAS,392.0,105.63249206542969,41407.93688964844,0.2119171372407917,112.03043365478516,-2507.9931030273438
2023-01-30,DKS,407.0,117.12052154541016,47668.05226898193,0.24395509492800627,107.98200225830078,3719.3773498535156
2023-01-31,CPRT,1299.0,33.30500030517578,43263.19539642334,0.21875041814299773,33.834999084472656,-688.4684143066406
2023-01-31,CTAS,392.0,107.49784851074219,42139.15661621094,0.21306697403011246,112.03043365478516,-1776.7733764648438
2023-01-31,DKS,407.0,120.65452575683594,49106.39198303223,0.24829520060532373,107.98200225830078,5157.717063903809
2023-02-01,ALGM,1139.0,39.68000030517578,45195.520347595215,0.22526293084399399,39.68000030517578,0.0
2023-02-01,BEN,1681.0,26.898277282714844,45216.00411224365,0.22536502576012588,26.898277282714844,0.0
2023-02-01,TPR,1054.0,42.8721923828125,45187.290771484375,0.2252219130966581,42.8721923828125,0.0
2023-02-02,ALGM,1139.0,41.099998474121094,46812.898262023926,0.22883972392200475,39.68000030517578,1617.377914428711
2023-02-02,BEN,1681.0,28.419233322143555,47772.731214523315,0.23353176214257756,26.898277282714844,2556.727102279663
2023-02-02,TPR,1054.0,42.64229202270508,44944.97579193115,0.21970858959293238,42.8721923828125,-242.31497955322266
2023-02-03,ALGM,1139.0,41.560001373291016,47336.84156417847,0.23197358012912483,39.68000030517578,2141.321216583252
2023-02-03,BEN,1681.0,27.957069396972656,46995.833656311035,0.23030247528506587,26.898277282714844,1779.8295440673828
2023-02-03,TPR,1054.0,42.403194427490234,44692.96692657471,0.21901730664674596,42.8721923828125,-494.32384490966797
2023-02-06,ALGM,1139.0,41.220001220703125,46949.58139038086,0.2340055008934537,39.68000030517578,1754.0610427856445
2023-02-06,BEN,1681.0,26.99071502685547,45371.39196014404,0.22613950939383654,26.898277282714844,155.38784790039062
2023-02-06,TPR,1054.0,41.060569763183594,43277.84053039551,0.21570485723174324,42.8721923828125,-1909.4502410888672
2023-02-07,ALGM,1139.0,42.84000015258789,48794.76017379761,0.24031870718012666,39.68000030517578,3599.2398262023926
2023-02-07,BEN,1681.0,26.99071502685547,45371.39196014404,0.22345830207973338,26.898277282714844,155.38784790039062
2023-02-07,TPR,1054.0,41.59394073486328,43840.0135345459,0.215916121687157,42.8721923828125,-1347.2772369384766
2023-02-08,ALGM,1139.0,42.540000915527344,48453.061042785645,0.2424271627244209,39.68000030517578,3257.5406951904297
2023-02-08,BEN,1681.0,26.469722747802734,44495.6039390564,0.22262665731541265,26.898277282714844,-720.4001731872559
2023-02-08,TPR,1054.0,39.73633575439453,41882.097885131836,0.2095503966255761,42.8721923828125,-3305.192886352539
2023-02-09,ALGM,1139.0,42.70000076293945,48635.30086898804,0.24250211621276668,39.68000030517578,3439.7805213928223
2023-02-09,BEN,1681.0,25.906715393066406,43549.18857574463,0.21714207993521262,26.898277282714844,-1666.8155364990234
2023-02-09,TPR,1054.0,41.115745544433594,43335.99580383301,0.21607907225506892,42.8721923828125,-1851.2949676513672
2023-02-10,ALGM,1139.0,42.72999954223633,48669.46947860718,0.2427940375831141,39.68000030517578,3473.949131011963
2023-02-10,BEN,1681.0,25.982341766357422,43676.316509246826,0.2178850385188447,26.898277282714844,-1539.6876029968262
2023-02-10,TPR,1054.0,40.86745071411133,43074.29305267334,0.21488176547504323,42.8721923828125,-2112.997718811035
2023-02-13,ALGM,1139.0,43.68000030517578,49751.520347595215,0.24451439210345438,39.68000030517578,4556.0
2023-02-13,BEN,1681.0,26.688201904296875,44862.86740112305,0.2204880709968838,26.898277282714844,-353.13671112060547
2023-02-13,TPR,1054.0,41.5755500793457,43820.62978363037,0.21536577331254997,42.8721923828125,-1366.660987854004
2023-02-14,ALGM,1139.0,44.630001068115234,50833.57121658325,0.24872629931074333,39.68000030517578,5638.050868988037
2023-02-14,BEN,1681.0,26.646188735961914,44792.24326515198,0.21916636267202347,26.898277282714844,-423.7608470916748
2023-02-14,TPR,1054.0,41.47439956665039,43714.01714324951,0.21389065241396693,42.8721923828125,-1473.2736282348633
2023-02-15,ALGM,1139.0,45.91999816894531,52302.87791442871,0.25371406486720804,39.68000030517578,7107.357566833496
2023-02-15,BEN,1681.0,26.67139434814453,44834.61389923096,0.2174865436226342,26.898277282714844,-381.3902130126953
2023-02-15,TPR,1054.0,41.722686767578125,43975.711853027344,0.2133201279653236,42.8721923828125,-1211.5789184570312
2023-02-16,ALGM,1139.0,45.029998779296875,51289.16860961914,0.2515558598986197,39.68000030517578,6093.648262023926
2023-02-16,BEN,1681.0,26.217626571655273,44071.830266952515,0.21615727960990982,26.898277282714844,-1144.1738452911377
2023-02-16,TPR,1054.0,41.26288986206055,43491.08591461182,0.21330892685055292,42.8721923828125,-1696.2048568725586
2023-02-17,ALGM,1139.0,44.5,50685.5,0.25001343835852907,39.68000030517578,5489.979652404785
2023-02-17,BEN,1681.0,26.326868057250977,44255.46520423889,0.21829637710722016,26.898277282714844,-960.5389080047607
2023-02-17,TPR,1054.0,40.5639762878418,42754.431007385254,0.21089231242108486,42.8721923828125,-2432.859764099121
2023-02-21,ALGM,1139.0,42.880001068115234,48840.32121658325,0.24769479875579056,39.68000030517578,3644.800868988037
2023-02-21,BEN,1681.0,25.125226974487305,42235.50654411316,0.21419833107569486,26.898277282714844,-2980.497568130493
2023-02-21,TPR,1054.0,38.9638557434082,41067.903953552246,0.2082768080084484,42.8721923828125,-4119.386817932129
2023-02-22,ALGM,1139.0,43.040000915527344,49022.561042785645,0.24793825577482045,39.68000030517578,3827.0406951904297
2023-02-22,BEN,1681.0,25.015987396240234,42051.874813079834,0.21268306411238563,26.898277282714844,-3164.1292991638184
2023-02-22,TPR,1054.0,39.478843688964844,41610.701248168945,0.21045176893214204,42.8721923828125,-3576.5895233154297
2023-02-23,ALGM,1139.0,43.790000915527344,49876.811042785645,0.25097090857056237,39.68000030517578,4681.29069519043
2023-02-23,BEN,1681.0,25.007583618164062,42037.74806213379,0.21152619032447426,26.898277282714844,-3178.2560501098633
2023-02-23,TPR,1054.0,39.64436721801758,41785.16304779053,0.2102552291460088,42.8721923828125,-3402.1277236938477
2023-02-24,ALGM,1139.0,43.22999954223633,49238.96947860718,0.25002097306064464,39.68000030517578,4043.449131011963
2023-02-24,BEN,1681.0,24.612638473510742,41373.84527397156,0.21008419071713544,26.898277282714844,-3842.1588382720947
2023-02-24,TPR,1054.0,39.17536544799805,41290.83518218994,0.20966268993958342,42.8721923828125,-3896.4555892944336
2023-02-27,ALGM,1139.0,42.93000030517578,48897.270347595215,0.24767669119334676,39.68000030517578,3701.75
2023-02-27,BEN,1681.0,24.763893127441406,41628.104347229004,0.2108565789476655,26.898277282714844,-3587.8997650146484
2023-02-27,TPR,1054.0,39.71793746948242,41862.70609283447,0.2120448944443526,42.8721923828125,-3324.5846786499023
2023-02-28,ALGM,1139.0,43.68000030517578,49751.520347595215,0.25052605861877975,39.68000030517578,4556.0
2023-02-28,BEN,1681.0,24.763893127441406,41628.104347229004,0.20962022541260217,26.898277282714844,-3587.8997650146484
2023-02-28,TPR,1054.0,40.01221466064453,42172.874252319336,0.21236343921235903,42.8721923828125,-3014.416519165039
2023-03-01,BKNG,443.0,100.22055053710938,44397.70388793945,0.22508217205316342,100.22055053710938,0.0
2023-03-01,BLD,215.0,205.97999572753906,44285.6990814209,0.224514343473667,205.97999572753906,0.0
2023-03-01,MGM,1001.0,44.380001068115234,44424.38106918335,0.2252174168377538,44.380001068115234,0.0
2023-03-02,BKNG,443.0,101.22225189208984,44841.4575881958,0.2257380350507716,100.22055053710938,443.75370025634766
2023-03-02,BLD,215.0,206.25,44343.75,0.22323250692942984,205.97999572753906,58.05091857910156
2023-03-02,MGM,1001.0,45.27000045776367,45315.270458221436,0.22812327389032058,44.380001068115234,890.8893890380859
2023-03-03,BKNG,443.0,102.8938217163086,45581.96302032471,0.22687912653828887,100.22055053710938,1184.259132385254
2023-03-03,BLD,215.0,210.36000061035156,45227.400131225586,0.22511432938495363,205.97999572753906,941.7010498046875
2023-03-03,MGM,1001.0,45.90999984741211,45955.90984725952,0.22874040507578636,44.380001068115234,1531.5287780761719
2023-03-06,BKNG,443.0,102.6201400756836,45460.72205352783,0.22870612718006655,100.22055053710938,1063.018165588379
2023-03-06,BLD,215.0,203.8800048828125,43834.20104980469,0.22052334206942648,205.97999572753906,-451.49803161621094
2023-03-06,MGM,1001.0,45.290000915527344,45335.29091644287,0.2280751017960721,44.380001068115234,910.9098472595215
2023-03-07,BKNG,443.0,101.2642593383789,44860.066886901855,0.22755541006556518,100.22055053710938,462.36299896240234
2023-03-07,BLD,215.0,201.25999450683594,43270.89881896973,0.21949425865727373,205.97999572753906,-1014.8002624511719
2023-03-07,MGM,1001.0,44.81999969482422,44864.81969451904,0.22757951897046313,44.380001068115234,440.43862533569336
2023-03-08,BKNG,443.0,101.4201431274414,44929.12340545654,0.2269608324975164,100.22055053710938,531.4195175170898
2023-03-08,BLD,215.0,203.0800018310547,43662.20039367676,0.2205609323955509,205.97999572753906,-623.4986877441406
2023-03-08,MGM,1001.0,45.18000030517578,45225.18030548096,0.22845637292660062,44.380001068115234,800.7992362976074
2023-03-09,BKNG,443.0,98.3777847290039,43581.35863494873,0.22469911586784239,100.22055053710938,-816.3452529907227
2023-03-09,BLD,215.0,200.02999877929688,43006.44973754883,0.22173496961365194,205.97999572753906,-1279.2493438720703
2023-03-09,MGM,1001.0,43.18000030517578,43223.18030548096,0.2228524007475412,44.380001068115234,-1201.2007637023926
2023-03-10,BKNG,443.0,97.4000473022461,43148.22095489502,0.22534166489675087,100.22055053710938,-1249.4829330444336
2023-03-10,BLD,215.0,192.86000061035156,41464.900131225586,0.21655051873669098,205.97999572753906,-2820.7989501953125
2023-03-10,MGM,1001.0,42.68000030517578,42722.68030548096,0.22311927805673606,44.380001068115234,-1701.7007637023926
2023-03-13,BKNG,443.0,95.76657104492188,42424.59097290039,0.22364227571090825,100.22055053710938,-1973.1129150390625
2023-03-13,BLD,215.0,192.32000732421875,41348.80157470703,0.21797122541483552,205.97999572753906,-2936.897506713867
2023-03-13,MGM,1001.0,41.7400016784668,41781.741680145264,0.2202534798386572,44.380001068115234,-2642.639389038086
2023-03-14,BKNG,443.0,97.21392822265625,43065.77020263672,0.22495476925612756,100.22055053710938,-1331.9336853027344
2023-03-14,BLD,215.0,194.6999969482422,41860.49934387207,0.218659016814019,205.97999572753906,-2425.199737548828
2023-03-14,MGM,1001.0,42.33000183105469,42372.33183288574,0.22133258236090456,44.380001068115234,-2052.0492362976074
2023-03-15,BKNG,443.0,94.8571548461914,42021.71959686279,0.2238072638621682,100.22055053710938,-2375.98429107666
2023-03-15,BLD,215.0,188.42999267578125,40512.44842529297,0.21576890049732605,205.97999572753906,-3773.2506561279297
2023-03-15,MGM,1001.0,41.040000915527344,41081.04091644287,0.21879721849377318,44.380001068115234,-3343.3401527404785
2023-03-16,BKNG,443.0,95.8066177368164,42442.33165740967,0.2235305284470627,100.22055053710938,-1955.3722305297852
2023-03-16,BLD,215.0,192.07000732421875,41295.05157470703,0.21748816194294682,205.97999572753906,-2990.647506713867
2023-03-16,MGM,1001.0,41.95000076293945,41991.95076370239,0.22115851269671521,44.380001068115234,-2432.430305480957
2023-03-17,BKNG,443.0,95.8435287475586,42458.68323516846,0.2250752250288102,100.22055053710938,-1939.020652770996
2023-03-17,BLD,215.0,189.52999877929688,40748.94973754883,0.21601185748195023,205.97999572753906,-3536.7493438720703
2023-03-17,MGM,1001.0,41.25,41291.25,0.21888661346362606,44.380001068115234,-3133.1310691833496
2023-03-20,BKNG,443.0,97.91992950439453,43378.52877044678,0.22786529542475778,100.22055053710938,-1019.1751174926758
2023-03-20,BLD,215.0,190.77000427246094,41015.5509185791,0.2154526880459474,205.97999572753906,-3270.148162841797
2023-03-20,MGM,1001.0,41.790000915527344,41831.79091644287,0.2197403569347421,44.380001068115234,-2592.5901527404785
2023-03-21,BKNG,443.0,100.96662139892578,44728.21327972412,0.23103821678854328,100.22055053710938,330.50939178466797
2023-03-21,BLD,215.0,195.36000061035156,42002.400131225586,0.21695835616032214,205.97999572753906,-2283.2989501953125
2023-03-21,MGM,1001.0,42.68000030517578,42722.68030548096,0.22067887694230334,44.380001068115234,-1701.7007637023926
2023-03-22,BKNG,443.0,100.45301818847656,44500.68705749512,0.23263329560213505,100.22055053710938,102.98316955566406
2023-03-22,BLD,215.0,190.77000427246094,41015.5509185791,0.21441428013905628,205.97999572753906,-3270.148162841797
2023-03-22,MGM,1001.0,41.59000015258789,41631.59015274048,0.21763470765915316,44.380001068115234,-2792.790916442871
2023-03-23,BKNG,443.0,99.68809509277344,44161.82612609863,0.23197049169870007,100.22055053710938,-235.8777618408203
2023-03-23,BLD,215.0,189.77000427246094,40800.5509185791,0.2143145944901795,205.97999572753906,-3485.148162841797
2023-03-23,MGM,1001.0,41.22999954223633,41271.229541778564,0.21678694586767658,44.380001068115234,-3153.151527404785
2023-03-24,BKNG,443.0,98.13983154296875,43475.945373535156,0.22848871919036648,100.22055053710938,-921.7585144042969
2023-03-24,BLD,215.0,193.0500030517578,41505.75065612793,0.21813432059895527,205.97999572753906,-2779.9484252929688
2023-03-24,MGM,1001.0,41.11000061035156,41151.110610961914,0.21627050259574923,44.380001068115234,-3273.2704582214355
2023-03-27,BKNG,443.0,98.492431640625,43632.147216796875,0.22780814431050034,100.22055053710938,-765.5566711425781
2023-03-27,BLD,215.0,195.27000427246094,41983.0509185791,0.21919803475940122,205.97999572753906,-2302.648162841797
2023-03-27,MGM,1001.0,41.72999954223633,41771.729541778564,0.21809470306997342,44.380001068115234,-2652.651527404785
2023-03-28,BKNG,443.0,99.9378433227539,44272.46459197998,0.23020276326717892,100.22055053710938,-125.23929595947266
2023-03-28,BLD,215.0,195.58999633789062,42051.849212646484,0.21865626814459277,205.97999572753906,-2233.849868774414
2023-03-28,MGM,1001.0,41.810001373291016,41851.81137466431,0.2176161348814938,44.380001068115234,-2572.569694519043
2023-03-29,BKNG,443.0,100.98429870605469,44736.04432678223,0.2300493876195285,100.22055053710938,338.34043884277344
2023-03-29,BLD,215.0,197.49000549316406,42460.35118103027,0.2183469266069714,205.97999572753906,-1825.347900390625
2023-03-29,MGM,1001.0,43.08000183105469,43123.08183288574,0.22175493424176282,44.380001068115234,-1301.2992362976074
2023-03-30,BKNG,443.0,102.47602844238281,45396.880599975586,0.23216484948564495,100.22055053710938,999.1767120361328
2023-03-30,BLD,215.0,198.25,42623.75,0.21798274182013028,205.97999572753906,-1661.9490814208984
2023-03-30,MGM,1001.0,43.33000183105469,43373.33183288574,0.22181618920922658,44.380001068115234,-1051.0492362976074
2023-03-31,BKNG,443.0,104.1507339477539,46138.77513885498,0.23127599780995972,100.22055053710938,1741.0712509155273
2023-03-31,BLD,215.0,208.13999938964844,44750.099868774414,0.22431510086903872,205.97999572753906,464.4007873535156
2023-03-31,MGM,1001.0,44.41999816894531,44464.41816711426,0.22288308798164286,44.380001068115234,40.0370979309082
2023-04-03,BKNG,443.0,104.6525650024414,46361.08629608154,0.23327213866119903,100.22055053710938,1963.3824081420898
2023-04-03,BLD,215.0,204.38999938964844,43943.849868774414,0.22110948338072195,205.97999572753906,-341.8492126464844
2023-04-03,MGM,1001.0,44.25,44294.25,0.2228725695059292,44.380001068115234,-130.1310691833496
2023-04-04,BKNG,443.0,103.59786224365234,45893.85297393799,0.23419127928801287,100.22055053710938,1496.1490859985352
2023-04-04,BLD,215.0,194.67999267578125,41856.19842529297,0.2135875726302342,205.97999572753906,-2429.5006561279297
2023-04-04,MGM,1001.0,44.029998779296875,44074.02877807617,0.22490491676033014,44.380001068115234,-350.35229110717773
2023-04-05,BKNG,443.0,102.70533752441406,45498.46452331543,0.2349462853879992,100.22055053710938,1100.7606353759766
2023-04-05,BLD,215.0,189.72000122070312,40789.80026245117,0.21063154886183846,205.97999572753906,-3495.8988189697266
2023-04-05,MGM,1001.0,43.18000030517578,43223.18030548096,0.2231971070193927,44.380001068115234,-1201.2007637023926
2023-04-06,BKNG,443.0,101.45862579345703,44946.171226501465,0.2325461418933442,100.22055053710938,548.4673385620117
2023-04-06,BLD,215.0,191.47000122070312,41166.05026245117,0.21298824581249332,205.97999572753906,-3119.6488189697266
2023-04-06,MGM,1001.0,42.97999954223633,43022.979541778564,0.22259577695235958,44.380001068115234,-1401.4015274047852
2023-04-10,BKNG,443.0,101.01570129394531,44749.95567321777,0.23134089083330545,100.22055053710938,352.2517852783203
2023-04-10,BLD,215.0,192.19000244140625,41320.850524902344,0.21361367238497211,205.97999572753906,-2964.8485565185547
2023-04-10,MGM,1001.0,43.18000030517578,43223.18030548096,0.22344802103352662,44.380001068115234,-1201.2007637023926
2023-04-11,BKNG,443.0,100.77616882324219,44643.84278869629,0.2291408314242408,100.22055053710938,246.13890075683594
2023-04-11,BLD,215.0,198.3300018310547,42640.95039367676,0.218860703191994,205.97999572753906,-1644.7486877441406
2023-04-11,MGM,1001.0,43.36000061035156,43403.360610961914,0.22277388136310095,44.380001068115234,-1021.0204582214355
2023-04-12,BKNG,443.0,100.021484375,44309.517578125,0.22807274458870866,100.22055053710938,-88.18630981445312
2023-04-12,BLD,215.0,199.0800018310547,42802.20039367676,0.2203141864726854,205.97999572753906,-1483.4986877441406
2023-04-12,MGM,1001.0,42.97999954223633,43022.979541778564,0.22145059483386323,44.380001068115234,-1401.4015274047852
2023-04-13,BKNG,443.0,103.25624084472656,45742.51469421387,0.23275148719437386,100.22055053710938,1344.810806274414
2023-04-13,BLD,215.0,200.0,43000.0,0.21879675868856555,205.97999572753906,-1285.6990814208984
2023-04-13,MGM,1001.0,43.599998474121094,43643.598472595215,0.22207157868160612,44.380001068115234,-780.7825965881348
2023-04-14,BKNG,443.0,104.05060577392578,46094.41835784912,0.23375343784501806,100.22055053710938,1696.714469909668
2023-04-14,BLD,215.0,201.67999267578125,43361.19842529297,0.21989276710910596,205.97999572753906,-924.5006561279297
2023-04-14,MGM,1001.0,43.54999923706055,43593.54923629761,0.22107106163571785,44.380001068115234,-830.8318328857422
2023-04-17,BKNG,443.0,105.07898712158203,46549.99129486084,0.23537714416976566,100.22055053710938,2152.2874069213867
2023-04-17,BLD,215.0,200.6999969482422,43150.49934387207,0.21818782394017883,205.97999572753906,-1135.1997375488281
2023-04-17,MGM,1001.0,43.880001068115234,43923.88106918335,0.2220983806726986,44.380001068115234,-500.5
2023-04-18,BKNG,443.0,105.88906860351562,46908.85739135742,0.23362211768897337,100.22055053710938,2511.1535034179688
2023-04-18,BLD,215.0,209.77999877929688,45102.69973754883,0.2246268362127579,205.97999572753906,817.0006561279297
2023-04-18,MGM,1001.0,44.59000015258789,44634.59015274048,0.22229549073569707,44.380001068115234,210.2090835571289
2023-04-19,BKNG,443.0,105.08802795410156,46553.99638366699,0.23091464941368067,100.22055053710938,2156.292495727539
2023-04-19,BLD,215.0,215.0,46225.0,0.229282779101909,205.97999572753906,1939.3009185791016
2023-04-19,MGM,1001.0,44.63999938964844,44684.639389038086,0.2216423645708011,44.380001068115234,260.2583198547363
2023-04-20,BKNG,443.0,104.47901153564453,46284.20211029053,0.22848993512347232,100.22055053710938,1886.4982223510742
2023-04-20,BLD,215.0,220.89999389648438,47493.49868774414,0.2344598359520313,205.97999572753906,3207.799606323242
2023-04-20,MGM,1001.0,44.599998474121094,44644.598472595215,0.22039574938138048,44.380001068115234,220.21740341186523
2023-04-21,BKNG,443.0,105.52192687988281,46746.213607788086,0.23064526210815273,100.22055053710938,2348.509719848633
2023-04-21,BLD,215.0,217.9600067138672,46861.401443481445,0.23121359751983064,205.97999572753906,2575.702362060547
2023-04-21,MGM,1001.0,44.880001068115234,44924.88106918335,0.22165882901910763,44.380001068115234,500.5
2023-04-24,BKNG,443.0,105.221923828125,46613.312255859375,0.22991719260161644,100.22055053710938,2215.608367919922
2023-04-24,BLD,215.0,219.47999572753906,47188.1990814209,0.23275278523814155,205.97999572753906,2902.5
2023-04-24,MGM,1001.0,44.75,44794.75,0.2209472501494816,44.380001068115234,370.3689308166504
2023-04-25,BKNG,443.0,103.86055755615234,46010.22699737549,0.23049764200800787,100.22055053710938,1612.5231094360352
2023-04-25,BLD,215.0,213.83999633789062,45975.599212646484,0.23032416703844402,205.97999572753906,1689.900131225586
2023-04-25,MGM,1001.0,43.439998626708984,43483.43862533569,0.217839178887588,44.380001068115234,-940.9424438476562
2023-04-26,BKNG,443.0,101.989501953125,45181.349365234375,0.22886125985348657,100.22055053710938,783.6454772949219
2023-04-26,BLD,215.0,212.47000122070312,45681.05026245117,0.23139244093801947,205.97999572753906,1395.3511810302734
2023-04-26,MGM,1001.0,42.369998931884766,42412.36893081665,0.214835287640755,44.380001068115234,-2012.0121383666992
2023-04-27,BKNG,443.0,103.64144134521484,45913.158515930176,0.22863581128404253,100.22055053710938,1515.4546279907227
2023-04-27,BLD,215.0,220.11000061035156,47323.650131225586,0.23565969953735263,205.97999572753906,3037.9510498046875
2023-04-27,MGM,1001.0,43.38999938964844,43433.389389038086,0.21628719392792276,44.380001068115234,-990.9916801452637
2023-04-28,BKNG,443.0,105.48186492919922,46728.466163635254,0.22870807993592718,100.22055053710938,2330.762275695801
2023-04-28,BLD,215.0,225.47999572753906,48478.1990814209,0.2372719830314426,205.97999572753906,4192.5
2023-04-28,MGM,1001.0,44.91999816894531,44964.91816711426,0.2200765602377041,44.380001068115234,540.5370979309082
2023-05-01,BYD,665.0,69.16117858886719,45992.18376159668,0.2253528742339273,69.16117858886719,0.0
2023-05-01,OC,458.0,100.29867553710938,45936.793395996094,0.2250814720722543,100.29867553710938,0.0
2023-05-01,ORLY,742.0,61.973331451416016,45984.21193695068,0.22531381382300672,61.973331451416016,0.0
2023-05-02,BYD,665.0,68.96713256835938,45863.143157958984,0.22479572753232333,69.16117858886719,-129.0406036376953
2023-05-02,OC,458.0,99.68409729003906,45655.31655883789,0.22377707664332755,100.29867553710938,-281.4768371582031
2023-05-02,ORLY,742.0,62.43466567993164,46326.52193450928,0.2270669536634871,61.973331451416016,342.30999755859375
2023-05-03,BYD,665.0,67.92893981933594,45172.7449798584,0.2219905433957447,69.16117858886719,-819.4387817382812
2023-05-03,OC,458.0,100.553955078125,46053.71142578125,0.22631984019032805,100.29867553710938,116.91802978515625
2023-05-03,ORLY,742.0,62.111331939697266,46086.60829925537,0.2264815039285356,61.973331451416016,102.3963623046875
2023-05-04,BYD,665.0,65.96898651123047,43869.37602996826,0.2180480388998443,69.16117858886719,-2122.807731628418
2023-05-04,OC,458.0,98.17129516601562,44962.453186035156,0.22348106192902503,100.29867553710938,-974.3402099609375
2023-05-04,ORLY,742.0,62.2413330078125,46183.069091796875,0.2295480026650748,61.973331451416016,198.8571548461914
2023-05-05,BYD,665.0,68.50141143798828,45553.43860626221,0.2236568198092482,69.16117858886719,-438.74515533447266
2023-05-05,OC,458.0,99.14515686035156,45408.481842041016,0.22294511571209374,100.29867553710938,-528.3115539550781
2023-05-05,ORLY,742.0,62.718666076660156,46537.250228881836,0.22848710673244513,61.973331451416016,553.0382919311523
2023-05-08,BYD,665.0,68.19092559814453,45346.96552276611,0.2220093535782635,69.16117858886719,-645.2182388305664
2023-05-08,OC,458.0,100.23248291015625,45906.47717285156,0.22474860676363081,100.29867553710938,-30.31622314453125
2023-05-08,ORLY,742.0,63.10933303833008,46827.12511444092,0.2292559084546954,61.973331451416016,842.9131774902344
2023-05-09,BYD,665.0,68.84101104736328,45779.27234649658,0.22342131816583533,69.16117858886719,-212.91141510009766
2023-05-09,OC,458.0,99.95829010009766,45780.89686584473,0.2234292464756477,100.29867553710938,-155.8965301513672
2023-05-09,ORLY,742.0,63.56399917602539,47164.48738861084,0.2301817264202491,61.973331451416016,1180.2754516601562
2023-05-10,BYD,665.0,67.80281829833984,45088.874168395996,0.22070709799488672,69.16117858886719,-903.3095932006836
2023-05-10,OC,458.0,99.99610137939453,45798.214431762695,0.2241792723151834,100.29867553710938,-138.57896423339844
2023-05-10,ORLY,742.0,63.65133285522461,47229.28897857666,0.23118428887563333,61.973331451416016,1245.0770416259766
2023-05-11,BYD,665.0,66.53173828125,44243.60595703125,0.2176274678040636,69.16117858886719,-1748.5778045654297
2023-05-11,OC,458.0,99.29642486572266,45477.76258850098,0.22369809375713798,100.29867553710938,-459.0308074951172
2023-05-11,ORLY,742.0,63.88399887084961,47401.92716217041,0.23316276226116203,61.973331451416016,1417.7152252197266
2023-05-12,BYD,665.0,66.28917694091797,44082.30266571045,0.21665582744682516,69.16117858886719,-1909.8810958862305
2023-05-12,OC,458.0,99.5989990234375,45616.341552734375,0.22419532616412566,100.29867553710938,-320.45184326171875
2023-05-12,ORLY,742.0,64.13999938964844,47591.87954711914,0.2339047059592742,61.973331451416016,1607.667610168457
2023-05-15,BYD,665.0,66.35710144042969,44127.47245788574,0.2167934259206161,69.16117858886719,-1864.7113037109375
2023-05-15,OC,458.0,101.489990234375,46482.41552734375,0.22836300259109177,100.29867553710938,545.6221313476562
2023-05-15,ORLY,742.0,63.0186653137207,46759.84966278076,0.22972600602950796,61.973331451416016,775.6377258300781
2023-05-16,BYD,665.0,64.04784393310547,42591.81621551514,0.21154839101308315,69.16117858886719,-3400.367546081543
2023-05-16,OC,458.0,100.84706115722656,46187.954010009766,0.2294099717551965,100.29867553710938,251.16061401367188
2023-05-16,ORLY,742.0,62.503334045410156,46377.473861694336,0.2303512938976015,61.973331451416016,393.26192474365234
2023-05-17,BYD,665.0,64.64942169189453,42991.86542510986,0.21190888868270732,69.16117858886719,-3000.3183364868164
2023-05-17,OC,458.0,103.14462280273438,47240.237243652344,0.23284930943152318,100.29867553710938,1303.44384765625
2023-05-17,ORLY,742.0,62.628665924072266,46470.47011566162,0.22905509173419755,61.973331451416016,486.2581787109375
2023-05-18,BYD,665.0,65.56147003173828,43598.37757110596,0.21298841419179979,69.16117858886719,-2393.8061904907227
2023-05-18,OC,458.0,105.53675079345703,48335.83186340332,0.2361320019406077,100.29867553710938,2399.0384674072266
2023-05-18,ORLY,742.0,62.78666687011719,46587.70681762695,0.2275919965080287,61.973331451416016,603.4948806762695
2023-05-19,BYD,665.0,64.80464935302734,43095.09181976318,0.21107645381334256,69.16117858886719,-2897.091941833496
2023-05-19,OC,458.0,104.12793731689453,47690.595291137695,0.23358487728489435,100.29867553710938,1753.8018951416016
2023-05-19,ORLY,742.0,63.619998931884766,47206.039207458496,0.23121155875840307,61.973331451416016,1221.8272705078125
2023-05-22,BYD,665.0,64.1254653930664,42643.43448638916,0.21084143558911353,69.16117858886719,-3348.7492752075195
2023-05-22,OC,458.0,103.75920104980469,47521.71408081055,0.23496105647052193,100.29867553710938,1584.9206848144531
2023-05-22,ORLY,742.0,61.875999450683594,45911.99159240723,0.22700212435253403,61.973331451416016,-72.22034454345703
2023-05-23,BYD,665.0,62.72827911376953,41714.30561065674,0.208755192671724,69.16117858886719,-4277.878150939941
2023-05-23,OC,458.0,102.22749328613281,46820.19192504883,0.2343071050364965,100.29867553710938,883.3985290527344
2023-05-23,ORLY,742.0,60.79933166503906,45113.104095458984,0.22576414972280326,61.973331451416016,-871.1078414916992
2023-05-24,BYD,665.0,62.81559753417969,41772.37236022949,0.2080671838139136,69.16117858886719,-4219.8114013671875
2023-05-24,OC,458.0,102.32203674316406,46863.49282836914,0.23342593263306663,100.29867553710938,926.6994323730469
2023-05-24,ORLY,742.0,61.9293327331543,45951.56488800049,0.2288836414565574,61.973331451416016,-32.64704895019531
2023-05-25,BYD,665.0,63.038753509521484,41920.77108383179,0.2079151579453248,69.16117858886719,-4071.4126777648926
2023-05-25,OC,458.0,103.22026062011719,47274.87936401367,0.23447001941254939,100.29867553710938,1338.0859680175781
2023-05-25,ORLY,742.0,62.33466720581055,46252.323066711426,0.22939842963581503,61.973331451416016,268.1111297607422
2023-05-26,BYD,665.0,63.24250793457031,42056.26777648926,0.20878007309199434,69.16117858886719,-3935.915985107422
2023-05-26,OC,458.0,103.81592559814453,47547.693923950195,0.23604117858379245,100.29867553710938,1610.9005279541016
2023-05-26,ORLY,742.0,61.53333282470703,45657.73295593262,0.22665883892539052,61.973331451416016,-326.4789810180664
2023-05-30,BYD,665.0,62.252838134765625,41398.13735961914,0.20614641000293626,69.16117858886719,-4594.046401977539
2023-05-30,OC,458.0,103.35263061523438,47335.504821777344,0.23571216018535987,100.29867553710938,1398.71142578125
2023-05-30,ORLY,742.0,61.87200164794922,45909.02522277832,0.2286088539249455,61.973331451416016,-75.18671417236328
2023-05-31,BYD,665.0,61.83562088012695,41120.687885284424,0.20765306873928518,69.16117858886719,-4871.495876312256
2023-05-31,OC,458.0,100.53504180908203,46045.04914855957,0.23252032608557788,100.29867553710938,108.25575256347656
2023-05-31,ORLY,742.0,60.22066879272461,44683.73624420166,0.22564590796074221,61.973331451416016,-1300.4756927490234
2023-06-01,BYD,665.0,62.41778564453125,41507.82745361328,0.2085696651829913,69.16117858886719,-4484.356307983398
2023-06-01,OC,458.0,102.70967864990234,47041.03282165527,0.2363730666568689,100.29867553710938,1104.2394256591797
2023-06-01,ORLY,742.0,59.685333251953125,44286.51727294922,0.222532101687623,61.973331451416016,-1697.6946640014648
2023-06-02,BYD,665.0,64.3292236328125,42778.93371582031,0.21135475688348235,69.16117858886719,-3213.250045776367
2023-06-02,OC,458.0,107.33319091796875,49158.60144042969,0.24287431578341734,100.29867553710938,3221.8080444335938
2023-06-02,ORLY,742.0,59.689334869384766,44289.486473083496,0.21881783468929886,61.973331451416016,-1694.7254638671875
2023-06-05,BYD,665.0,64.7076416015625,43030.58166503906,0.21202899320750077,69.16117858886719,-2961.602096557617
2023-06-05,OC,458.0,107.23863220214844,49115.293548583984,0.24201081740566022,100.29867553710938,3178.5001525878906
2023-06-05,ORLY,742.0,60.14066696166992,44624.37488555908,0.21988225381546408,61.973331451416016,-1359.8370513916016
2023-06-06,BYD,665.0,65.77494049072266,43740.33542633057,0.2144687802109383,69.16117858886719,-2251.8483352661133
2023-06-06,OC,458.0,109.62129974365234,50206.55528259277,0.24617412201116337,100.29867553710938,4269.76188659668
2023-06-06,ORLY,742.0,59.0620002746582,43824.00420379639,0.21487902719395602,61.973331451416016,-2160.207733154297
2023-06-07,BYD,665.0,66.39592742919922,44153.29174041748,0.21551820827659457,69.16117858886719,-1838.8920211791992
2023-06-07,OC,458.0,111.03955841064453,50856.117752075195,0.24823561156591417,100.29867553710938,4919.324356079102
2023-06-07,ORLY,742.0,58.874000549316406,43684.50840759277,0.21323001321847102,61.973331451416016,-2299.70352935791
2023-06-08,BYD,665.0,66.83253479003906,44443.63563537598,0.21507925087821755,69.16117858886719,-1548.5481262207031
2023-06-08,OC,458.0,111.72032165527344,51167.907318115234,0.24762049768553304,100.29867553710938,5231.113922119141
2023-06-08,ORLY,742.0,60.44533157348633,44850.436027526855,0.21704790898527693,61.973331451416016,-1133.7759094238281
2023-06-09,BYD,665.0,66.37650299072266,44140.37448883057,0.21391420646041445,69.16117858886719,-1851.8092727661133
2023-06-09,OC,458.0,111.71086120605469,51163.57443237305,0.2479502168054531,100.29867553710938,5226.781036376953
2023-06-09,ORLY,742.0,60.465999603271484,44865.77170562744,0.21742964491776062,61.973331451416016,-1118.4402313232422
2023-06-12,BYD,665.0,67.30796813964844,44759.79881286621,0.21511590521496599,69.16117858886719,-1232.3849487304688
2023-06-12,OC,458.0,113.611328125,52033.98828125,0.2500757105246081,100.29867553710938,6097.194885253906
2023-06-12,ORLY,742.0,60.78533172607422,45102.71614074707,0.2167639682840025,61.973331451416016,-881.4957962036133
2023-06-13,BYD,665.0,67.10420989990234,44624.29958343506,0.21352703783385515,69.16117858886719,-1367.884178161621
2023-06-13,OC,458.0,115.41722106933594,52861.08724975586,0.25294002331651777,100.29867553710938,6924.293853759766
2023-06-13,ORLY,742.0,61.08466720581055,45324.823066711426,0.21687903900168037,61.973331451416016,-659.3888702392578
2023-06-14,BYD,665.0,67.46404266357422,44863.588371276855,0.21507971928635145,69.16117858886719,-1128.5953903198242
2023-06-14,OC,458.0,114.74591064453125,52553.62707519531,0.2519463950424728,100.29867553710938,6616.833679199219
2023-06-14,ORLY,742.0,60.64266586303711,44996.858070373535,0.21571862514546103,61.973331451416016,-987.3538665771484
2023-06-15,BYD,665.0,67.18202209472656,44676.044692993164,0.21278209307491952,69.16117858886719,-1316.1390686035156
2023-06-15,OC,458.0,116.22088623046875,53229.16589355469,0.2535187125291566,100.29867553710938,7292.372497558594
2023-06-15,ORLY,742.0,61.83266830444336,45879.83988189697,0.2185155025942417,61.973331451416016,-104.37205505371094
2023-06-16,BYD,665.0,66.1316909790039,43977.5745010376,0.21090851214717918,69.16117858886719,-2014.609260559082
2023-06-16,OC,458.0,115.50232696533203,52900.06575012207,0.25369917023466043,100.29867553710938,6963.272354125977
2023-06-16,ORLY,742.0,61.268001556396484,45460.85715484619,0.2180220681165087,61.973331451416016,-523.3547821044922
2023-06-20,BYD,665.0,66.48179626464844,44210.39451599121,0.21071972959816707,69.16117858886719,-1781.7892456054688
2023-06-20,OC,458.0,117.9795150756836,54034.617904663086,0.2575448646967497,100.29867553710938,8097.824508666992
2023-06-20,ORLY,742.0,61.16600036621094,45385.172271728516,0.21631906554024663,61.973331451416016,-599.039665222168
2023-06-21,BYD,665.0,66.20948791503906,44029.30946350098,0.2090339846600529,69.16117858886719,-1962.8742980957031
2023-06-21,OC,458.0,117.97005462646484,54030.2850189209,0.2565147150260427,100.29867553710938,8093.491622924805
2023-06-21,ORLY,742.0,62.52866744995117,46396.27124786377,0.22027139581531024,61.973331451416016,412.05931091308594
2023-06-22,BYD,665.0,65.17861938476562,43343.78189086914,0.20705540837513559,69.16117858886719,-2648.401870727539
2023-06-22,OC,458.0,117.21366882324219,53683.86032104492,0.25645047886948014,100.29867553710938,7747.066925048828
2023-06-22,ORLY,742.0,62.16999816894531,46130.13864135742,0.22036597357463203,61.973331451416016,145.92670440673828
2023-06-23,BYD,665.0,63.9824104309082,42548.302936553955,0.20437014068946985,69.16117858886719,-3443.8808250427246
2023-06-23,OC,458.0,117.29875946044922,53722.83183288574,0.2580441978213672,100.29867553710938,7786.038436889648
2023-06-23,ORLY,742.0,61.650665283203125,45744.79364013672,0.21972368500774533,61.973331451416016,-239.41829681396484
2023-06-26,BYD,665.0,64.8576889038086,43130.363121032715,0.20582540950215172,69.16117858886719,-2861.820640563965
2023-06-26,OC,458.0,118.2442626953125,54155.872314453125,0.25844100975428236,100.29867553710938,8219.078918457031
2023-06-26,ORLY,742.0,62.11000061035156,46085.62045288086,0.2199283988232701,61.973331451416016,101.40851593017578
2023-06-27,BYD,665.0,66.21920013427734,44035.76808929443,0.20768771388575802,69.16117858886719,-1956.415672302246
2023-06-27,OC,458.0,121.2793197631836,55545.928451538086,0.2619735591387675,100.29867553710938,9609.135055541992
2023-06-27,ORLY,742.0,62.35933303833008,46270.62511444092,0.21822806248313015,61.973331451416016,286.4131774902344
2023-06-28,BYD,665.0,66.33592224121094,44113.38829040527,0.20799578081412795,69.16117858886719,-1878.7954711914062
2023-06-28,OC,458.0,121.06184387207031,55446.3244934082,0.2614308717425885,100.29867553710938,9509.53109741211
2023-06-28,ORLY,742.0,62.468666076660156,46351.750228881836,0.21854971596127962,61.973331451416016,367.53829193115234
2023-06-29,BYD,665.0,67.13338470458984,44643.700828552246,0.20881248155162538,69.16117858886719,-1348.4829330444336
2023-06-29,OC,458.0,123.59577941894531,56606.86697387695,0.26476793245864316,100.29867553710938,10670.07357788086
2023-06-29,ORLY,742.0,62.494667053222656,46371.04295349121,0.21689179820555474,61.973331451416016,386.83101654052734
2023-06-30,BYD,665.0,67.46404266357422,44863.588371276855,0.20885520489157686,69.16117858886719,-1128.5953903198242
2023-06-30,OC,458.0,123.38777923583984,56511.60289001465,0.263080659145445,100.29867553710938,10574.809494018555
2023-06-30,ORLY,742.0,63.686668395996094,47255.5079498291,0.21999040097817749,61.973331451416016,1271.296012878418
2023-07-03,BYD,665.0,67.08475494384766,44611.36203765869,0.20785340311686584,69.16117858886719,-1380.8217239379883
2023-07-03,OC,458.0,124.43729400634766,56992.28065490723,0.2655386194107714,100.29867553710938,11055.487258911133
2023-07-03,ORLY,742.0,63.138668060302734,46848.89170074463,0.2182785086013106,61.973331451416016,864.6797637939453
2023-07-05,BYD,665.0,65.2369613647461,43382.57930755615,0.2044760064201547,69.16117858886719,-2609.6044540405273
2023-07-05,OC,458.0,121.65751647949219,55719.14254760742,0.2626221845529059,100.29867553710938,9782.349151611328
2023-07-05,ORLY,742.0,63.189334869384766,46886.486473083496,0.22099104438031594,61.973331451416016,902.2745361328125
2023-07-06,BYD,665.0,64.82850646972656,43110.956802368164,0.20448046389048136,69.16117858886719,-2881.2269592285156
2023-07-06,OC,458.0,119.71924591064453,54831.414627075195,0.26007200791469715,100.29867553710938,8894.621231079102
2023-07-06,ORLY,742.0,62.9553337097168,46712.85761260986,0.22156471353824758,61.973331451416016,728.6456756591797
2023-07-07,BYD,665.0,65.99554443359375,43887.037048339844,0.20765997931179148,69.16117858886719,-2105.146713256836
2023-07-07,OC,458.0,120.20144653320312,55052.26251220703,0.26049039678299907,100.29867553710938,9115.469116210938
2023-07-07,ORLY,742.0,62.29800033569336,46225.11624908447,0.218723051943493,61.973331451416016,240.90431213378906
2023-07-10,BYD,665.0,67.74607849121094,45051.14219665527,0.2099973654850529,69.16117858886719,-941.0415649414062
2023-07-10,OC,458.0,121.7520523071289,55762.43995666504,0.25992605099338606,100.29867553710938,9825.646560668945
2023-07-10,ORLY,742.0,64.07266998291016,47541.921127319336,0.22160765965166704,61.973331451416016,1557.7091903686523
2023-07-11,BYD,665.0,68.05728149414062,45258.092193603516,0.2096850661918735,69.16117858886719,-734.0915679931641
2023-07-11,OC,458.0,123.45397186279297,56541.91911315918,0.26196411464144725,100.29867553710938,10605.125717163086
2023-07-11,ORLY,742.0,64.50399780273438,47861.966369628906,0.2217490640868701,61.973331451416016,1877.7544326782227
2023-07-12,BYD,665.0,68.20315551757812,45355.09841918945,0.20883780274421657,69.16117858886719,-637.0853424072266
2023-07-12,OC,458.0,125.98793029785156,57702.472076416016,0.26569135337273925,100.29867553710938,11765.678680419922
2023-07-12,ORLY,742.0,64.6153335571289,47944.57749938965,0.22076107356071914,61.973331451416016,1960.3655624389648
2023-07-13,BYD,665.0,69.46744537353516,46195.85117340088,0.21243496739941234,69.16117858886719,203.66741180419922
2023-07-13,OC,458.0,126.18647003173828,57793.40327453613,0.2657671507002418,100.29867553710938,11856.609878540039
2023-07-13,ORLY,742.0,63.73733139038086,47293.0998916626,0.21748074509962254,61.973331451416016,1308.887954711914
2023-07-14,BYD,665.0,69.87590789794922,46467.47875213623,0.2133967082362388,69.16117858886719,475.2949905395508
2023-07-14,OC,458.0,125.65492248535156,57549.954498291016,0.26429174078044937,100.29867553710938,11613.161102294922
2023-07-14,ORLY,742.0,64.09400177001953,47557.74931335449,0.21840365406370438,61.973331451416016,1573.5373764038086
2023-07-17,BYD,665.0,69.09789276123047,45950.09868621826,0.2101066937502079,69.16117858886719,-42.08507537841797
2023-07-17,OC,458.0,128.03738403320312,58641.12188720703,0.26813636074342984,100.29867553710938,12704.328491210938
2023-07-17,ORLY,742.0,64.59733581542969,47931.22317504883,0.21916537976301087,61.973331451416016,1947.0112380981445
2023-07-18,BYD,665.0,70.10931396484375,46622.693786621094,0.21171678563950694,69.16117858886719,630.5100250244141
2023-07-18,OC,458.0,130.58123779296875,59806.20690917969,0.2715840046920732,100.29867553710938,13869.413513183594
2023-07-18,ORLY,742.0,64.1606674194336,47607.21522521973,0.216187563654335,61.973331451416016,1623.003288269043
2023-07-19,BYD,665.0,70.80953216552734,47088.33889007568,0.2138484227844283,69.16117858886719,1096.155128479004
2023-07-19,OC,458.0,129.4137420654297,59271.4938659668,0.26917737550485815,100.29867553710938,13334.700469970703
2023-07-19,ORLY,742.0,64.2300033569336,47658.66249084473,0.21643850783257387,61.973331451416016,1674.450553894043
2023-07-20,BYD,665.0,70.34271240234375,46777.903747558594,0.2156016159994072,69.16117858886719,785.7199859619141
2023-07-20,OC,458.0,124.25010681152344,56906.548919677734,0.2622850304332456,100.29867553710938,10969.75552368164
2023-07-20,ORLY,742.0,63.481998443603516,47103.64284515381,0.21710296322126474,61.973331451416016,1119.430908203125
2023-07-21,BYD,665.0,70.27465057373047,46732.64263153076,0.21549186404167858,69.16117858886719,740.458869934082
2023-07-21,OC,458.0,123.69957733154297,56654.40641784668,0.2612427407843492,100.29867553710938,10717.613021850586
2023-07-21,ORLY,742.0,63.7486686706543,47301.51215362549,0.2181150145165884,61.973331451416016,1317.3002166748047
2023-07-24,BYD,665.0,69.3215560913086,46098.834800720215,0.21291448337936666,69.16117858886719,106.65103912353516
2023-07-24,OC,458.0,124.126708984375,56850.03271484375,0.262570526953795,100.29867553710938,10913.239318847656
2023-07-24,ORLY,742.0,63.865333557128906,47388.07749938965,0.2188690469670245,61.973331451416016,1403.8655624389648
2023-07-25,BYD,665.0,69.77864837646484,46402.80117034912,0.21370930206757566,69.16117858886719,410.6174087524414
2023-07-25,OC,458.0,124.126708984375,56850.03271484375,0.2618242974040848,100.29867553710938,10913.239318847656
2023-07-25,ORLY,742.0,64.2873306274414,47701.19932556152,0.21968910838438865,61.973331451416016,1716.9873886108398
2023-07-26,BYD,665.0,70.02178955078125,46564.49005126953,0.21096462150112072,69.16117858886719,572.3062896728516
2023-07-26,OC,458.0,131.4735107421875,60214.867919921875,0.2728088894666195,100.29867553710938,14278.074523925781
2023-07-26,ORLY,742.0,64.37466430664062,47766.000915527344,0.2164081748274547,61.973331451416016,1781.7889785766602
2023-07-27,BYD,665.0,67.96975708007812,45199.88845825195,0.20798738727897298,69.16117858886719,-792.2953033447266
2023-07-27,OC,458.0,131.9955596923828,60453.96633911133,0.2781790605774653,100.29867553710938,14517.172943115234
2023-07-27,ORLY,742.0,61.307334899902344,45490.04249572754,0.20932253172780788,61.973331451416016,-494.16944122314453
2023-07-28,BYD,665.0,65.53844451904297,43583.065605163574,0.2012175912758925,69.16117858886719,-2409.1181564331055
2023-07-28,OC,458.0,132.95425415039062,60893.048400878906,0.28113562812845194,100.29867553710938,14956.255004882812
2023-07-28,ORLY,742.0,61.919334411621094,45944.14613342285,0.21211840630824436,61.973331451416016,-40.06580352783203
2023-07-31,BYD,665.0,66.4428939819336,44184.52449798584,0.2036012715733295,69.16117858886719,-1807.6592636108398
2023-07-31,OC,458.0,132.87831115722656,60858.266510009766,0.2804334908651422,100.29867553710938,14921.473114013672
2023-07-31,ORLY,742.0,61.71933364868164,45795.74556732178,0.21102574116375117,61.973331451416016,-188.46636962890625
2023-08-01,BYD,665.0,66.1025161743164,43958.17325592041,0.20204509527588113,69.16117858886719,-2034.0105056762695
2023-08-01,OC,458.0,134.0078582763672,61375.59909057617,0.2821008665140468,100.29867553710938,15438.805694580078
2023-08-01,ORLY,742.0,62.06999969482422,46055.93977355957,0.21168706637088958,61.973331451416016,71.72783660888672
2023-08-02,BYD,665.0,65.93717956542969,43848.22441101074,0.20192525310729012,69.16117858886719,-2143.9593505859375
2023-08-02,OC,458.0,134.70077514648438,61692.955017089844,0.2841019385413097,100.29867553710938,15756.16162109375
2023-08-02,ORLY,742.0,61.23066711425781,45433.1549987793,0.20922400954250595,61.973331451416016,-551.0569381713867
2023-08-03,BYD,665.0,65.22721862792969,43376.10038757324,0.20029408402550708,69.16117858886719,-2616.0833740234375
2023-08-03,OC,458.0,133.1156005859375,60966.945068359375,0.2815218129151797,100.29867553710938,15030.151672363281
2023-08-03,ORLY,742.0,62.051998138427734,46042.58261871338,0.21260686943692944,61.973331451416016,58.37068176269531
2023-08-04,BYD,665.0,64.89659118652344,43156.233139038086,0.19958235013324915,69.16117858886719,-2835.9506225585938
2023-08-04,OC,458.0,133.40037536621094,61097.37191772461,0.2825537862634795,100.29867553710938,15160.578521728516
2023-08-04,ORLY,742.0,61.728668212890625,45802.671813964844,0.2118211951808171,61.973331451416016,-181.54012298583984
2023-08-07,BYD,665.0,65.48981475830078,43550.72681427002,0.19995915486752872,69.16117858886719,-2441.45694732666
2023-08-07,OC,458.0,135.3272705078125,61979.889892578125,0.28457496139057586,100.29867553710938,16043.096496582031
2023-08-07,ORLY,742.0,62.117332458496094,46091.0606842041,0.21162286408367287,61.973331451416016,106.84874725341797
2023-08-08,BYD,665.0,65.60652160644531,43628.33686828613,0.20024866945726974,69.16117858886719,-2363.846893310547
2023-08-08,OC,458.0,135.59300231933594,62101.59506225586,0.2850386394497326,100.29867553710938,16164.801666259766
2023-08-08,ORLY,742.0,61.9466667175293,45964.42670440674,0.21097103283380841,61.973331451416016,-19.785232543945312
2023-08-09,BYD,665.0,65.39256286621094,43486.05430603027,0.20004098855883923,69.16117858886719,-2506.1294555664062
2023-08-09,OC,458.0,134.78622436523438,61732.090759277344,0.28397491237960804,100.29867553710938,15795.29736328125
2023-08-09,ORLY,742.0,61.982666015625,45991.13818359375,0.21156467042162708,61.973331451416016,6.926246643066406
2023-08-10,BYD,665.0,65.8593978881836,43796.49959564209,0.20110743486929306,69.16117858886719,-2195.68416595459
2023-08-10,OC,458.0,134.2166748046875,61471.237060546875,0.2822673710827543,100.29867553710938,15534.443664550781
2023-08-10,ORLY,742.0,62.442665100097656,46332.45750427246,0.21275220088141286,61.973331451416016,348.24556732177734
2023-08-11,BYD,665.0,65.46063995361328,43531.32556915283,0.19990677642139085,69.16117858886719,-2460.8581924438477
2023-08-11,OC,458.0,134.0078582763672,61375.59909057617,0.2818521605926715,100.29867553710938,15438.805694580078
2023-08-11,ORLY,742.0,62.90399932861328,46674.767501831055,0.21434225100006585,61.973331451416016,690.5555648803711
2023-08-14,BYD,665.0,65.60652160644531,43628.33686828613,0.1995221376156304,69.16117858886719,-2363.846893310547
2023-08-14,OC,458.0,135.60250854492188,62105.94891357422,0.28402438816985887,100.29867553710938,16169.155517578125
2023-08-14,ORLY,742.0,63.0099983215332,46753.41875457764,0.21381383569385834,61.973331451416016,769.2068176269531
2023-08-15,BYD,665.0,64.86740112304688,43136.82174682617,0.1980674117203009,69.16117858886719,-2855.362014770508
2023-08-15,OC,458.0,134.09327697753906,61414.72085571289,0.2819923747004108,100.29867553710938,15477.927459716797
2023-08-15,ORLY,742.0,63.42399978637695,47060.6078414917,0.21608390260773372,61.973331451416016,1076.3959045410156
2023-08-16,BYD,665.0,64.18663787841797,42684.11418914795,0.19681197789776927,69.16117858886719,-3308.0695724487305
2023-08-16,OC,458.0,133.1251220703125,60971.305908203125,0.28113230270230755,100.29867553710938,15034.512512207031
2023-08-16,ORLY,742.0,63.40399932861328,47045.767501831055,0.21692310428941797,61.973331451416016,1061.555564880371
2023-08-17,BYD,665.0,62.97097396850586,41875.6976890564,0.19649378029859693,69.16117858886719,-4116.486072540283
2023-08-17,OC,458.0,128.76829528808594,58975.87924194336,0.27673314352232176,100.29867553710938,13039.085845947266
2023-08-17,ORLY,742.0,62.111331939697266,46086.60829925537,0.21625268080555377,61.973331451416016,102.3963623046875
2023-08-18,BYD,665.0,63.01959991455078,41908.03394317627,0.19604379169604075,69.16117858886719,-4084.14981842041
2023-08-18,OC,458.0,129.4422149658203,59284.5344543457,0.27733023551339675,100.29867553710938,13347.74105834961
2023-08-18,ORLY,742.0,62.53333282470703,46399.73295593262,0.2170557462728671,61.973331451416016,415.5210189819336
2023-08-21,BYD,665.0,63.11686706542969,41972.71659851074,0.19597929606995707,69.16117858886719,-4019.4671630859375
2023-08-21,OC,458.0,129.3662567138672,59249.74557495117,0.27664931820293437,100.29867553710938,13312.952178955078
2023-08-21,ORLY,742.0,63.03266525268555,46770.237617492676,0.21837991409939056,61.973331451416016,786.0256805419922
2023-08-22,BYD,665.0,63.01959991455078,41908.03394317627,0.19641996018993893,69.16117858886719,-4084.14981842041
2023-08-22,OC,458.0,128.9771270751953,59071.52420043945,0.27686401245980136,100.29867553710938,13134.73080444336
2023-08-22,ORLY,742.0,62.2686653137207,46203.34966278076,0.2165517980087185,61.973331451416016,219.13772583007812
2023-08-23,BYD,665.0,63.81706619262695,42438.349018096924,0.19668331588457125,69.16117858886719,-3553.834743499756
2023-08-23,OC,458.0,131.66336059570312,60301.81915283203,0.27947274150069207,100.29867553710938,14365.025756835938
2023-08-23,ORLY,742.0,63.14466857910156,46853.34408569336,0.21714490050320479,61.973331451416016,869.1321487426758
2023-08-24,BYD,665.0,63.25301742553711,42063.25658798218,0.19653744394569145,69.16117858886719,-3928.927173614502
2023-08-24,OC,458.0,129.9642791748047,59523.63986206055,0.27811978866552245,100.29867553710938,13586.846466064453
2023-08-24,ORLY,742.0,62.34266662597656,46258.25863647461,0.21613827961168697,61.973331451416016,274.0466995239258
2023-08-25,BYD,665.0,63.28218078613281,42082.65022277832,0.19735844351795953,69.16117858886719,-3909.5335388183594
2023-08-25,OC,458.0,128.63539123535156,58915.009185791016,0.2762985327967863,100.29867553710938,12978.215789794922
2023-08-25,ORLY,742.0,62.069332122802734,46055.44443511963,0.21598998117098603,61.973331451416016,71.23249816894531
2023-08-28,BYD,665.0,63.612857818603516,42302.55044937134,0.19698743910587654,69.16117858886719,-3689.633312225342
2023-08-28,OC,458.0,131.10333251953125,60045.32629394531,0.2796090290366126,100.29867553710938,14108.532897949219
2023-08-28,ORLY,742.0,62.29533386230469,46223.13772583008,0.21524417396409753,61.973331451416016,238.92578887939453
2023-08-29,BYD,665.0,64.37141418457031,42806.99043273926,0.19690198426332067,69.16117858886719,-3185.193328857422
2023-08-29,OC,458.0,134.4824676513672,61592.97018432617,0.283313027226738,100.29867553710938,15656.176788330078
2023-08-29,ORLY,742.0,63.108001708984375,46826.137268066406,0.2153891046827068,61.973331451416016,841.9253311157227
2023-08-30,BYD,665.0,64.63399505615234,42981.60671234131,0.19708999616509104,69.16117858886719,-3010.577049255371
2023-08-30,OC,458.0,134.98556518554688,61823.38885498047,0.28348804068421246,100.29867553710938,15886.595458984375
2023-08-30,ORLY,742.0,63.47666549682617,47099.68579864502,0.2159732407296572,61.973331451416016,1115.473861694336
2023-08-31,BYD,665.0,65.03273010253906,43246.76551818848,0.1979533668212296,69.16117858886719,-2745.418243408203
2023-08-31,OC,458.0,136.5991973876953,62562.43240356445,0.2863669451904466,100.29867553710938,16625.63900756836
2023-08-31,ORLY,742.0,62.64666748046875,46483.82727050781,0.21277036561412993,61.973331451416016,499.6153335571289
2023-09-01,BYD,665.0,65.77185821533203,43738.2857131958,0.1982885515083623,69.16117858886719,-2253.898048400879
2023-09-01,OC,458.0,139.29489135742188,63797.06024169922,0.2892254796808762,100.29867553710938,17860.266845703125
2023-09-01,ORLY,742.0,63.163333892822266,46867.19374847412,0.2124735300003527,61.973331451416016,882.9818115234375
2023-09-05,BYD,665.0,64.03103637695312,42580.63919067383,0.19606261491680063,69.16117858886719,-3411.5445709228516
2023-09-05,OC,458.0,134.60586547851562,61649.486389160156,0.28386514950165015,100.29867553710938,15712.692993164062
2023-09-05,ORLY,742.0,63.03533172607422,46772.21614074707,0.21536273706330764,61.973331451416016,788.0042037963867
2023-09-06,BYD,665.0,63.466976165771484,42205.53915023804,0.19443550703607193,69.16117858886719,-3786.6446113586426
2023-09-06,OC,458.0,135.26080322265625,61949.44787597656,0.28539316286171124,100.29867553710938,16012.654479980469
2023-09-06,ORLY,742.0,62.986000061035156,46735.612045288086,0.21530497199241416,61.973331451416016,751.4001083374023
2023-09-07,BYD,665.0,62.727848052978516,41714.01895523071,0.1923385262441825,69.16117858886719,-4278.164806365967
2023-09-07,OC,458.0,135.8113555908203,62201.6008605957,0.28680440147461883,100.29867553710938,16264.80746459961
2023-09-07,ORLY,742.0,63.05400085449219,46786.0686340332,0.21572516183317123,61.973331451416016,801.8566970825195
2023-09-08,BYD,665.0,63.00015640258789,41895.10400772095,0.19255033535573293,69.16117858886719,-4097.079753875732
2023-09-08,OC,458.0,135.59300231933594,62101.59506225586,0.28541957917468314,100.29867553710938,16164.801666259766
2023-09-08,ORLY,742.0,63.89066696166992,47406.87488555908,0.21788249184676603,61.973331451416016,1422.6629486083984
2023-09-11,BYD,665.0,61.90120315551758,41164.30009841919,0.19021606489233023,69.16117858886719,-4827.88366317749
2023-09-11,OC,458.0,136.3428955078125,62445.046142578125,0.2885522387326426,100.29867553710938,16508.25274658203
2023-09-11,ORLY,742.0,62.83333206176758,46622.33238983154,0.21543707975339904,61.973331451416016,638.1204528808594
2023-09-12,BYD,665.0,62.20268249511719,41364.78385925293,0.19322031881046517,69.16117858886719,-4627.39990234375
2023-09-12,OC,458.0,132.7928924560547,60819.14474487305,0.2840941844968808,100.29867553710938,14882.351348876953
2023-09-12,ORLY,742.0,61.61800003051758,45720.55602264404,0.21356670062500271,61.973331451416016,-263.6559143066406
2023-09-13,BYD,665.0,61.78449630737305,41086.690044403076,0.19325804064835478,69.16117858886719,-4905.4937171936035
2023-09-13,OC,458.0,129.88832092285156,59488.850982666016,0.27981564757120403,100.29867553710938,13552.057586669922
2023-09-13,ORLY,742.0,61.790000915527344,45848.18067932129,0.21565449920160676,61.973331451416016,-136.03125762939453
2023-09-14,BYD,665.0,63.32495880126953,42111.09760284424,0.19539152402365012,69.16117858886719,-3881.0861587524414
2023-09-14,OC,458.0,132.53663635253906,60701.77944946289,0.28165053567202575,100.29867553710938,14764.986053466797
2023-09-14,ORLY,742.0,62.71200180053711,46532.305335998535,0.21590551121898316,61.973331451416016,548.0933990478516
2023-09-15,BYD,665.0,63.07147979736328,41942.53406524658,0.19635974124049918,69.16117858886719,-4049.6496963500977
2023-09-15,OC,458.0,129.8408660888672,59467.11666870117,0.27840348471124476,100.29867553710938,13530.323272705078
2023-09-15,ORLY,742.0,62.013999938964844,46014.387954711914,0.21542268519283028,61.973331451416016,30.17601776123047
2023-09-18,BYD,665.0,62.77897262573242,41748.01679611206,0.1954153871200168,69.16117858886719,-4244.166965484619
2023-09-18,OC,458.0,130.43887329101562,59741.003967285156,0.2796375088718634,100.29867553710938,13804.210571289062
2023-09-18,ORLY,742.0,61.956668853759766,45971.848289489746,0.21518642607593166,61.973331451416016,-12.3636474609375
2023-09-19,BYD,665.0,61.735748291015625,41054.27261352539,0.19288445986282501,69.16117858886719,-4937.911148071289
2023-09-19,OC,458.0,130.2395477294922,59649.71286010742,0.2802510412084106,100.29867553710938,13712.919464111328
2023-09-19,ORLY,742.0,61.94533157348633,45963.436027526855,0.21594908318234904,61.973331451416016,-20.775909423828125
2023-09-20,BYD,665.0,61.18001937866211,40684.7128868103,0.19125970518227378,69.16117858886719,-5307.470874786377
2023-09-20,OC,458.0,128.9771270751953,59071.52420043945,0.2776964983057883,100.29867553710938,13134.73080444336
2023-09-20,ORLY,742.0,63.05533218383789,46787.056480407715,0.21994695289321325,61.973331451416016,802.8445434570312
2023-09-21,BYD,665.0,60.13679122924805,39990.96616744995,0.18991915902297746,69.16117858886719,-6001.2175941467285
2023-09-21,OC,458.0,127.88553619384766,58571.57557678223,0.2781594305477758,100.29867553710938,12634.782180786133
2023-09-21,ORLY,742.0,61.76466751098633,45829.383293151855,0.21764610280062413,61.973331451416016,-154.82864379882812
2023-09-22,BYD,665.0,59.26905059814453,39413.91864776611,0.18724085744461744,69.16117858886719,-6578.265113830566
2023-09-22,OC,458.0,127.96146392822266,58606.35047912598,0.27841695755956675,100.29867553710938,12669.557083129883
2023-09-22,ORLY,742.0,62.40133285522461,46301.78897857666,0.21996256568768766,61.973331451416016,317.57704162597656
2023-09-25,BYD,665.0,58.8985595703125,39167.54211425781,0.18585834740587326,69.16117858886719,-6824.641647338867
2023-09-25,OC,458.0,129.28086853027344,59210.637786865234,0.2809671144493019,100.29867553710938,13273.84439086914
2023-09-25,ORLY,742.0,62.24266815185547,46184.05976867676,0.21915322130912304,61.973331451416016,199.84783172607422
2023-09-26,BYD,665.0,58.73281478881836,39057.32183456421,0.18714385852341914,69.16117858886719,-6934.861927032471
2023-09-26,OC,458.0,127.13566589355469,58228.13497924805,0.27900115376050943,100.29867553710938,12291.341583251953
2023-09-26,ORLY,742.0,60.97066879272461,45240.23624420166,0.21676940388059254,61.973331451416016,-743.9756927490234
2023-09-27,BYD,665.0,58.74256134033203,39063.8032913208,0.18641364426546475,69.16117858886719,-6928.380470275879
2023-09-27,OC,458.0,129.0245361328125,59093.237548828125,0.2819947069866937,100.29867553710938,13156.444152832031
2023-09-27,ORLY,742.0,60.94466781616211,45220.943519592285,0.21579570262895736,61.973331451416016,-763.2684173583984
2023-09-28,BYD,665.0,59.16180419921875,39342.59979248047,0.18607259630025047,69.16117858886719,-6649.583969116211
2023-09-28,OC,458.0,132.17593383789062,60536.577697753906,0.28631046862098397,100.29867553710938,14599.784301757812
2023-09-28,ORLY,742.0,61.160667419433594,45381.21522521973,0.21463249975236834,61.973331451416016,-602.996711730957
2023-09-29,BYD,665.0,59.30805206298828,39439.85462188721,0.18791934993426967,69.16117858886719,-6552.329139709473
2023-09-29,OC,458.0,129.48019409179688,59301.92889404297,0.2825563135172529,100.29867553710938,13365.135498046875
2023-09-29,ORLY,742.0,60.590667724609375,44958.275451660156,0.2142130080863251,61.973331451416016,-1025.9364852905273
2023-10-02,BYD,665.0,58.46957015991211,38882.26415634155,0.18692276823475718,69.16117858886719,-7109.919605255127
2023-10-02,OC,458.0,127.7336654663086,58502.018783569336,0.2812428631824679,100.29867553710938,12565.225387573242
2023-10-02,ORLY,742.0,59.90800094604492,44451.73670196533,0.21369747512038187,61.973331451416016,-1532.4752349853516
2023-10-03,BYD,665.0,57.63108444213867,38324.67115402222,0.18680681840548982,69.16117858886719,-7667.512607574463
2023-10-03,OC,458.0,123.6900634765625,56650.049072265625,0.2761306258095356,100.29867553710938,10713.255676269531
2023-10-03,ORLY,742.0,59.30666732788086,44005.5471572876,0.2144972418317251,61.973331451416016,-1978.664779663086
2023-10-04,BYD,665.0,57.055843353271484,37942.13582992554,0.18414430821342284,69.16117858886719,-8050.047931671143
2023-10-04,OC,458.0,125.6454086303711,57545.59715270996,0.27928565291931506,100.29867553710938,11608.803756713867
2023-10-04,ORLY,742.0,59.813331604003906,44381.4920501709,0.21539639169739075,61.973331451416016,-1602.7198867797852
2023-10-05,BYD,665.0,56.74385452270508,37734.66325759888,0.1830514845490707,69.16117858886719,-8257.520503997803
2023-10-05,OC,458.0,125.92069244384766,57671.67713928223,0.2797662733787456,100.29867553710938,11734.883743286133
2023-10-05,ORLY,742.0,60.0533332824707,44559.57329559326,0.21615923764706993,61.973331451416016,-1424.6386413574219
2023-10-06,BYD,665.0,57.328834533691406,38123.674964904785,0.18463160032113002,69.16117858886719,-7868.5087966918945
2023-10-06,OC,458.0,125.67388153076172,57558.63774108887,0.27875443299273683,100.29867553710938,11621.844345092773
2023-10-06,ORLY,742.0,60.143333435058594,44626.35340881348,0.2161238404731564,61.973331451416016,-1357.858528137207
2023-10-09,BYD,665.0,58.42081069946289,38849.83911514282,0.1870829383931007,69.16117858886719,-7142.344646453857
2023-10-09,OC,458.0,125.30370330810547,57389.096115112305,0.2763594644785653,100.29867553710938,11452.302719116211
2023-10-09,ORLY,742.0,60.97800064086914,45245.6764755249,0.21788234642458112,61.973331451416016,-738.5354614257812
2023-10-10,BYD,665.0,59.015560150146484,39245.34749984741,0.18783009584675753,69.16117858886719,-6746.836261749268
2023-10-10,OC,458.0,126.86039733886719,58102.06198120117,0.27807922635582966,100.29867553710938,12165.268585205078
2023-10-10,ORLY,742.0,61.20866775512695,45416.8314743042,0.2173671110673121,61.973331451416016,-567.3804626464844
2023-10-11,BYD,665.0,59.45429611206055,39537.106914520264,0.18790290381466032,69.16117858886719,-6455.076847076416
2023-10-11,OC,458.0,129.62257385253906,59367.13882446289,0.2821465364272214,100.29867553710938,13430.345428466797
2023-10-11,ORLY,742.0,61.09400177001953,45331.74931335449,0.21544235265856704,61.973331451416016,-652.4626235961914
2023-10-12,BYD,665.0,58.19657516479492,38700.72248458862,0.18738095761475684,69.16117858886719,-7291.461277008057
2023-10-12,OC,458.0,122.65543365478516,56176.1886138916,0.2719935789780153,100.29867553710938,10239.395217895508
2023-10-12,ORLY,742.0,61.29600143432617,45481.63306427002,0.22021273532709074,61.973331451416016,-502.57887268066406
2023-10-13,BYD,665.0,57.5433349609375,38266.31774902344,0.18585491134396023,69.16117858886719,-7725.866012573242
2023-10-13,OC,458.0,121.44509887695312,55621.85528564453,0.27014867358550243,100.29867553710938,9685.061889648438
2023-10-13,ORLY,742.0,61.763999938964844,45828.887954711914,0.22258540692833292,61.973331451416016,-155.32398223876953
2023-10-16,BYD,665.0,58.274574279785156,38752.59189605713,0.18630148400202243,69.16117858886719,-7239.591865539551
2023-10-16,OC,458.0,122.96995544433594,56320.23959350586,0.2707572242848397,100.29867553710938,10383.446197509766
2023-10-16,ORLY,742.0,63.02000045776367,46760.840339660645,0.22480080743571562,61.973331451416016,776.6284027099609
2023-10-17,BYD,665.0,59.07405090332031,39284.24385070801,0.18855898971471138,69.16117858886719,-6707.939910888672
2023-10-17,OC,458.0,122.44577026367188,56080.16278076172,0.26917710003947065,100.29867553710938,10143.369384765625
2023-10-17,ORLY,742.0,63.0706672668457,46798.43511199951,0.22462607854902283,61.973331451416016,814.2231750488281
2023-10-18,BYD,665.0,58.57681655883789,38953.5830116272,0.18994492752688882,69.16117858886719,-7038.600749969482
2023-10-18,OC,458.0,117.728271484375,53919.54833984375,0.26292176251507227,100.29867553710938,7982.754943847656
2023-10-18,ORLY,742.0,62.03333282470703,46028.73295593262,0.22444467670302568,61.973331451416016,44.521018981933594
2023-10-19,BYD,665.0,58.31357955932617,38778.530406951904,0.1910184658098245,69.16117858886719,-7213.653354644775
2023-10-19,OC,458.0,117.06114196777344,53614.003021240234,0.2640962536632031,100.29867553710938,7677.209625244141
2023-10-19,ORLY,742.0,59.89266586303711,44440.358070373535,0.21890796091437695,61.973331451416016,-1543.8538665771484
2023-10-20,BYD,665.0,58.050323486328125,38603.4651184082,0.18986158661788424,69.16117858886719,-7388.718643188477
2023-10-20,OC,458.0,117.19457244873047,53675.114181518555,0.2639877614390546,100.29867553710938,7738.320785522461
2023-10-20,ORLY,742.0,60.47066879272461,44869.23624420166,0.22067823076313722,61.973331451416016,-1114.9756927490234
2023-10-23,BYD,665.0,58.88881301879883,39161.06065750122,0.19336776993935312,69.16117858886719,-6831.123104095459
2023-10-23,OC,458.0,117.28987884521484,53718.7645111084,0.26525016235535986,100.29867553710938,7781.971115112305
2023-10-23,ORLY,742.0,58.577999114990234,43464.875343322754,0.21461895757464353,61.973331451416016,-2519.3365936279297
2023-10-24,BYD,665.0,59.503047943115234,39569.52688217163,0.19519120729552988,69.16117858886719,-6422.656879425049
2023-10-24,OC,458.0,117.55671691894531,53840.97634887695,0.26559036722378415,100.29867553710938,7904.182952880859
2023-10-24,ORLY,742.0,58.133331298828125,43134.93182373047,0.2127788751267032,61.973331451416016,-2849.280113220215
2023-10-25,BYD,665.0,52.502685546875,34914.285888671875,0.1812356186207821,69.16117858886719,-11077.897872924805
2023-10-25,OC,458.0,105.40552520751953,48275.730545043945,0.2505931788952893,100.29867553710938,2338.9371490478516
2023-10-25,ORLY,742.0,58.327999114990234,43279.375343322754,0.22465773434057476,61.973331451416016,-2704.8365936279297
2023-10-26,BYD,665.0,53.91640853881836,35854.41167831421,0.18170693634769866,69.16117858886719,-10137.77208328247
2023-10-26,OC,458.0,108.51242065429688,49698.68865966797,0.2518684879804721,100.29867553710938,3761.895263671875
2023-10-26,ORLY,742.0,61.442665100097656,45590.45750427246,0.2310483416689769,61.973331451416016,-393.75443267822266
2023-10-27,BYD,665.0,53.19491958618164,35374.62152481079,0.1805125730480594,69.16117858886719,-10617.562236785889
2023-10-27,OC,458.0,106.29186248779297,48681.67301940918,0.24841690676052666,100.29867553710938,2744.879623413086
2023-10-27,ORLY,742.0,61.637332916259766,45734.901023864746,0.23337987252035508,61.973331451416016,-249.3109130859375
2023-10-30,BYD,665.0,54.160152435302734,36016.50136947632,0.1824740390373546,69.16117858886719,-9975.682392120361
2023-10-30,OC,458.0,107.36878967285156,49174.905670166016,0.24913979192106556,100.29867553710938,3238.112274169922
2023-10-30,ORLY,742.0,62.009334564208984,46010.92624664307,0.23310980336335943,61.973331451416016,26.714309692382812
2023-10-31,BYD,665.0,53.86765670776367,35821.99171066284,0.18136890789744198,69.16117858886719,-10170.192050933838
2023-10-31,OC,458.0,108.0454330444336,49484.808334350586,0.2505445737804658,100.29867553710938,3548.014938354492
2023-10-31,ORLY,742.0,62.02933120727539,46025.76375579834,0.23303122213190722,61.973331451416016,41.55181884765625
2023-11-01,BYD,665.0,53.39966583251953,35510.77777862549,0.1784320358241663,69.16117858886719,-10481.405982971191
2023-11-01,OC,458.0,110.37084197998047,50549.845626831055,0.25399927655828214,100.29867553710938,4613.052230834961
2023-11-01,ORLY,742.0,63.04399871826172,46778.647048950195,0.2350500256028859,61.973331451416016,794.4351119995117
2023-11-02,BYD,665.0,54.7548942565918,36412.004680633545,0.18094831597896113,69.16117858886719,-9580.179080963135
2023-11-02,OC,458.0,112.97262573242188,51741.46258544922,0.25712757655733004,100.29867553710938,5804.669189453125
2023-11-02,ORLY,742.0,63.20600128173828,46898.852951049805,0.23306237976375374,61.973331451416016,914.6410140991211
2023-11-03,BYD,665.0,56.16861343383789,37352.1279335022,0.18291737567997698,69.16117858886719,-8640.055828094482
2023-11-03,OC,458.0,116.89913177490234,53539.80235290527,0.2621901530818581,100.29867553710938,7603.00895690918
2023-11-03,ORLY,742.0,63.522666931152344,47133.81886291504,0.23081936503132555,61.973331451416016,1149.6069259643555
2023-11-06,BYD,665.0,56.19786071777344,37371.577377319336,0.18337165765385563,69.16117858886719,-8620.606384277344
2023-11-06,OC,458.0,115.631591796875,52959.26904296875,0.2598560091402352,100.29867553710938,7022.475646972656
2023-11-06,ORLY,742.0,63.7400016784668,47295.08124542236,0.23206345719060364,61.973331451416016,1310.8693084716797
2023-11-07,BYD,665.0,56.21736526489258,37384.547901153564,0.1825410272450513,69.16117858886719,-8607.635860443115
2023-11-07,OC,458.0,115.78407287597656,53029.105377197266,0.2589301706960316,100.29867553710938,7092.311981201172
2023-11-07,ORLY,742.0,64.9739990234375,48210.707275390625,0.23540292779597102,61.973331451416016,2226.4953384399414
2023-11-08,BYD,665.0,55.33988571166992,36801.0239982605,0.17991035454755536,69.16117858886719,-9191.159763336182
2023-11-08,OC,458.0,116.61322021484375,53408.85485839844,0.2611015936406436,100.29867553710938,7472.061462402344
2023-11-08,ORLY,742.0,64.913330078125,48165.69091796875,0.23546916875164461,61.973331451416016,2181.4789810180664
2023-11-09,BYD,665.0,55.03763198852539,36600.025272369385,0.17915607499570219,69.16117858886719,-9392.158489227295
2023-11-09,OC,458.0,116.0032730102539,53129.49903869629,0.2600673754574312,100.29867553710938,7192.705642700195
2023-11-09,ORLY,742.0,65.20933532714844,48385.32681274414,0.23684478834772052,61.973331451416016,2401.114875793457
2023-11-10,BYD,665.0,55.84687042236328,37138.16883087158,0.17997199745788292,69.16117858886719,-8854.014930725098
2023-11-10,OC,458.0,118.46209716796875,54255.64050292969,0.2629234639741367,100.29867553710938,8318.847106933594
2023-11-10,ORLY,742.0,65.74800109863281,48785.01681518555,0.23641275805033535,61.973331451416016,2800.8048782348633
2023-11-13,BYD,665.0,54.90114212036133,36509.25951004028,0.1771346984089646,69.16117858886719,-9482.924251556396
2023-11-13,OC,458.0,118.25242614746094,54159.61117553711,0.2627702265198577,100.29867553710938,8222.817779541016
2023-11-13,ORLY,742.0,66.39466857910156,49264.84408569336,0.2390219198196586,61.973331451416016,3280.632148742676
2023-11-14,BYD,665.0,57.06560134887695,37948.624897003174,0.1809721020350669,69.16117858886719,-8043.558864593506
2023-11-14,OC,458.0,124.33277893066406,56944.41275024414,0.27156056649045973,100.29867553710938,11007.619354248047
2023-11-14,ORLY,742.0,65.53067016601562,48623.757263183594,0.23188043268087144,61.973331451416016,2639.54532623291
2023-11-15,BYD,665.0,58.274574279785156,38752.59189605713,0.18476316466869355,69.16117858886719,-7239.591865539551
2023-11-15,OC,458.0,123.72284698486328,56665.06391906738,0.2701655817995988,100.29867553710938,10728.270523071289
2023-11-15,ORLY,742.0,64.88933563232422,48147.88703918457,0.22955770301329526,61.973331451416016,2163.6751022338867
2023-11-16,BYD,665.0,57.972328186035156,38551.59824371338,0.18424331998471766,69.16117858886719,-7440.585517883301
2023-11-16,OC,458.0,123.21772003173828,56433.71577453613,0.26970438651191325,100.29867553710938,10496.922378540039
2023-11-16,ORLY,742.0,64.79933166503906,48081.104095458984,0.22978612173420712,61.973331451416016,2096.892158508301
2023-11-17,BYD,665.0,57.33858871459961,38130.16149520874,0.18195416489331562,69.16117858886719,-7862.022266387939
2023-11-17,OC,458.0,125.20004272460938,57341.619567871094,0.27362974854993,100.29867553710938,11404.826171875
2023-11-17,ORLY,742.0,64.56999969482422,47910.93977355957,0.22862727808922037,61.973331451416016,1926.7278366088867
2023-11-20,BYD,665.0,57.358089447021484,38143.12948226929,0.18181919283406026,69.16117858886719,-7849.054279327393
2023-11-20,OC,458.0,124.58057403564453,57057.902908325195,0.27198140248083974,100.29867553710938,11121.109512329102
2023-11-20,ORLY,742.0,65.24066925048828,48408.576583862305,0.23075212863210487,61.973331451416016,2424.364646911621
2023-11-21,BYD,665.0,57.30934143066406,38110.7120513916,0.18150601590252421,69.16117858886719,-7881.471710205078
2023-11-21,OC,458.0,124.51385498046875,57027.34558105469,0.271598344317361,100.29867553710938,11090.552185058594
2023-11-21,ORLY,742.0,65.57266998291016,48654.921127319336,0.23172384908375956,61.973331451416016,2670.7091903686523
2023-11-22,BYD,665.0,57.75783157348633,38408.95799636841,0.18173067732549897,69.16117858886719,-7583.2257652282715
2023-11-22,OC,458.0,126.02919006347656,57721.369049072266,0.27310669283021966,100.29867553710938,11784.575653076172
2023-11-22,ORLY,742.0,66.09733581542969,49044.22317504883,0.23205107249582954,61.973331451416016,3060.0112380981445
2023-11-24,BYD,665.0,57.71882629394531,38383.01948547363,0.181505526876807,69.16117858886719,-7609.164276123047
2023-11-24,OC,458.0,126.81065368652344,58079.279388427734,0.27464515161480324,100.29867553710938,12142.48599243164
2023-11-24,ORLY,742.0,65.8106689453125,48831.516357421875,0.23091435284297065,61.973331451416016,2847.3044204711914
2023-11-27,BYD,665.0,57.182594299316406,38026.42520904541,0.180084546681756,69.16117858886719,-7965.7585525512695
2023-11-27,OC,458.0,127.34434509277344,58323.710052490234,0.27620789563733344,100.29867553710938,12386.91665649414
2023-11-27,ORLY,742.0,65.54199981689453,48632.16386413574,0.23031092550720503,61.973331451416016,2647.9519271850586
2023-11-28,BYD,665.0,57.00709915161133,37909.72093582153,0.1804132260827609,69.16117858886719,-8082.4628257751465
2023-11-28,OC,458.0,125.96246337890625,57690.80822753906,0.2745518714124149,100.29867553710938,11754.014831542969
2023-11-28,ORLY,742.0,65.16200256347656,48350.20590209961,0.2300997320273337,61.973331451416016,2365.993965148926
2023-11-29,BYD,665.0,57.44584274291992,38201.48542404175,0.18095862233371993,69.16117858886719,-7790.698337554932
2023-11-29,OC,458.0,127.83995819091797,58550.70085144043,0.27735188946559647,100.29867553710938,12613.907455444336
2023-11-29,ORLY,742.0,64.92933654785156,48177.56771850586,0.2282148504163567,61.973331451416016,2193.355781555176
2023-11-30,BYD,665.0,57.57258605957031,38285.76972961426,0.18039200886866,69.16117858886719,-7706.414031982422
2023-11-30,OC,458.0,129.21231079101562,59179.238342285156,0.27883628207752914,100.29867553710938,13242.444946289062
2023-11-30,ORLY,742.0,65.49199676513672,48595.061599731445,0.22896655454444628,61.973331451416016,2610.8496627807617
2023-12-01,AIZ,297.0,162.515869140625,48267.213134765625,0.22533661248853967,162.515869140625,0.0
2023-12-01,CTAS,353.0,136.635498046875,48232.330810546875,0.22517376354275045,136.635498046875,0.0
2023-12-01,RGA,307.0,157.01361083984375,48203.17852783203,0.22503766542962902,157.01361083984375,0.0
2023-12-04,AIZ,297.0,165.53829956054688,49164.87496948242,0.22870985252416054,162.515869140625,897.6618347167969
2023-12-04,CTAS,353.0,135.85223388671875,47955.83856201172,0.22308554170021141,136.635498046875,-276.49224853515625
2023-12-04,RGA,307.0,157.48423767089844,48347.66096496582,0.224908258508724,157.01361083984375,144.48243713378906
2023-12-05,AIZ,297.0,165.48033142089844,49147.658432006836,0.22937909112579094,162.515869140625,880.4452972412109
2023-12-05,CTAS,353.0,134.8805694580078,47612.84101867676,0.22221588061799552,136.635498046875,-619.4897918701172
2023-12-05,RGA,307.0,156.37013244628906,48005.63066101074,0.22404908557702402,157.01361083984375,-197.54786682128906
2023-12-06,AIZ,297.0,164.0415496826172,48720.340255737305,0.22826214617514518,162.515869140625,453.1271209716797
2023-12-06,CTAS,353.0,134.84384155273438,47599.876068115234,0.2230126023740038,136.635498046875,-632.4547424316406
2023-12-06,RGA,307.0,155.1215362548828,47622.31163024902,0.22311771636820873,157.01361083984375,-580.8668975830078
2023-12-07,AIZ,297.0,161.9171600341797,48089.39653015137,0.2253289689380053,162.515869140625,-177.8166046142578
2023-12-07,CTAS,353.0,135.53404235839844,47843.51695251465,0.22417686898023068,136.635498046875,-388.81385803222656
2023-12-07,RGA,307.0,156.31248474121094,47987.93281555176,0.22485354782971553,157.01361083984375,-215.24571228027344
2023-12-08,AIZ,297.0,161.9171600341797,48089.39653015137,0.22509045534857489,162.515869140625,-177.8166046142578
2023-12-08,CTAS,353.0,135.4312744140625,47807.23986816406,0.22376977394874623,136.635498046875,-425.0909423828125
2023-12-08,RGA,307.0,157.1672821044922,48250.3556060791,0.22584385119687472,157.01361083984375,47.17707824707031
2023-12-11,AIZ,297.0,162.6606903076172,48310.225021362305,0.22449555766592916,162.515869140625,43.01188659667969
2023-12-11,CTAS,353.0,136.9658966064453,48348.961502075195,0.2246755644416337,136.635498046875,116.63069152832031
2023-12-11,RGA,307.0,159.7316436767578,49037.61460876465,0.2278757060919005,157.01361083984375,834.4360809326172
2023-12-12,AIZ,297.0,164.22503662109375,48774.835876464844,0.2247155975865478,162.515869140625,507.62274169921875
2023-12-12,CTAS,353.0,138.17010498046875,48774.04705810547,0.2247119633397927,136.635498046875,541.7162475585938
2023-12-12,RGA,307.0,162.88192749023438,50004.75173950195,0.23038207033170613,157.01361083984375,1801.5732116699219
2023-12-13,AIZ,297.0,163.57803344726562,48582.67593383789,0.22398855910324336,162.515869140625,315.4627990722656
2023-12-13,CTAS,353.0,140.71066284179688,49670.8639831543,0.22900560825738403,136.635498046875,1438.5331726074219
2023-12-13,RGA,307.0,160.08702087402344,49146.715408325195,0.22658904140973088,157.01361083984375,943.5368804931641
2023-12-14,AIZ,297.0,158.65333557128906,47120.04066467285,0.22177477604981646,162.515869140625,-1147.1724700927734
2023-12-14,CTAS,353.0,137.9008331298828,48678.99409484863,0.22911213278746748,136.635498046875,446.6632843017578
2023-12-14,RGA,307.0,153.65206909179688,47171.18521118164,0.22201549253028122,157.01361083984375,-1031.9933166503906
2023-12-15,AIZ,297.0,157.6780242919922,46830.37321472168,0.2210718073190275,162.515869140625,-1436.8399200439453
2023-12-15,CTAS,353.0,136.74806213378906,48272.06593322754,0.22787759580628603,136.635498046875,39.73512268066406
2023-12-15,RGA,307.0,153.853759765625,47233.104248046875,0.22297297682268358,157.01361083984375,-970.0742797851562
2023-12-18,AIZ,297.0,159.94728088378906,47504.34242248535,0.2220597506951482,162.515869140625,-762.8707122802734
2023-12-18,CTAS,353.0,137.225341796875,48440.545654296875,0.22643604653789742,136.635498046875,208.21484375
2023-12-18,RGA,307.0,157.926025390625,48483.289794921875,0.22663585465494177,157.01361083984375,280.11126708984375
2023-12-19,AIZ,297.0,161.6468048095703,48009.10102844238,0.224297630165993,162.515869140625,-258.1121063232422
2023-12-19,CTAS,353.0,137.13475036621094,48408.56687927246,0.22616392721705308,136.635498046875,176.23606872558594
2023-12-19,RGA,307.0,156.7638702392578,48126.50816345215,0.22484615412464132,157.01361083984375,-76.67036437988281
2023-12-20,AIZ,297.0,158.43124389648438,47054.07943725586,0.22227050852564165,162.515869140625,-1213.1336975097656
2023-12-20,CTAS,353.0,135.51202392578125,47835.74444580078,0.22596287868831064,136.635498046875,-396.58636474609375
2023-12-20,RGA,307.0,154.1034698486328,47309.76524353027,0.2234782978366446,157.01361083984375,-893.4132843017578
2023-12-21,AIZ,297.0,159.50306701660156,47372.410903930664,0.21956516504893567,162.515869140625,-894.8022308349609
2023-12-21,CTAS,353.0,144.394287109375,50971.183349609375,0.23624502260593083,136.635498046875,2738.8525390625
2023-12-21,RGA,307.0,156.0723876953125,47914.22302246094,0.22207639605788443,157.01361083984375,-288.95550537109375
2023-12-22,AIZ,297.0,160.23696899414062,47590.379791259766,0.22038287698451442,162.515869140625,-676.8333435058594
2023-12-22,CTAS,353.0,145.68902587890625,51428.226135253906,0.23815528440012543,136.635498046875,3195.8953247070312
2023-12-22,RGA,307.0,154.4876708984375,47427.71496582031,0.219629604109371,157.01361083984375,-775.4635620117188
2023-12-26,AIZ,297.0,160.59422302246094,47696.4842376709,0.22011185498751504,162.515869140625,-570.7288970947266
2023-12-26,CTAS,353.0,147.44882202148438,52049.434173583984,0.24020004178734786,136.635498046875,3817.1033630371094
2023-12-26,RGA,307.0,154.5548553466797,47448.340591430664,0.21896671066188433,157.01361083984375,-754.8379364013672
2023-12-27,AIZ,297.0,160.65220642089844,47713.705307006836,0.21983355954055073,162.515869140625,-553.5078277587891
2023-12-27,CTAS,353.0,148.37399291992188,52376.01950073242,0.2413144551932431,136.635498046875,4143.688690185547
2023-12-27,RGA,307.0,154.58367919921875,47457.189514160156,0.2186517024733409,157.01361083984375,-745.989013671875
2023-12-28,AIZ,297.0,162.2841033935547,48198.37870788574,0.22166203498754578,162.515869140625,-68.83442687988281
2023-12-28,CTAS,353.0,147.12088012695312,51933.67068481445,0.23884046386990995,136.635498046875,3701.339874267578
2023-12-28,RGA,307.0,155.73622131347656,47811.019943237305,0.2198805905833134,157.01361083984375,-392.15858459472656
2023-12-29,AIZ,297.0,162.69931030273438,48321.69515991211,0.22207611836055666,162.515869140625,54.482025146484375
2023-12-29,CTAS,353.0,147.50509643554688,52069.29904174805,0.23929929980063,136.635498046875,3836.968231201172
2023-12-29,RGA,307.0,155.380859375,47701.923828125,0.21922778261449166,157.01361083984375,-501.25469970703125
2024-01-02,AIZ,297.0,164.02223205566406,48714.60292053223,0.22401158633979676,162.515869140625,447.38978576660156
2024-01-02,CTAS,353.0,144.87399291992188,51140.51950073242,0.23516703848101939,136.635498046875,2908.188690185547
2024-01-02,RGA,307.0,156.71585083007812,48111.766204833984,0.22123947282780262,157.01361083984375,-91.41232299804688
2024-01-03,AIZ,297.0,164.1477813720703,48751.89106750488,0.22489089190926895,162.515869140625,484.6779327392578
2024-01-03,CTAS,353.0,142.0274658203125,50135.69543457031,0.23127433656183374,136.635498046875,1903.3646240234375
2024-01-03,RGA,307.0,157.63790893554688,48394.83804321289,0.22324381789155048,157.01361083984375,191.65951538085938
2024-01-04,AIZ,297.0,163.26905822753906,48490.9102935791,0.22370518629675176,162.515869140625,223.69715881347656
2024-01-04,CTAS,353.0,142.5414581298828,50317.13471984863,0.2321301853950343,136.635498046875,2084.803909301758
2024-01-04,RGA,307.0,157.83958435058594,48456.75239562988,0.22354760420810932,157.01361083984375,253.57386779785156
2024-01-05,AIZ,297.0,162.30343627929688,48204.12057495117,0.22230740846353542,162.515869140625,-63.092559814453125
2024-01-05,CTAS,353.0,141.2882843017578,49874.76435852051,0.23001207116791025,136.635498046875,1642.4335479736328
2024-01-05,RGA,307.0,160.45201110839844,49258.76741027832,0.22717122097602174,157.01361083984375,1055.588882446289
2024-01-08,AIZ,297.0,160.29489135742188,47607.5827331543,0.21920755079042972,162.515869140625,-659.6304016113281
2024-01-08,CTAS,353.0,142.96978759765625,50468.335021972656,0.23237979072886442,136.635498046875,2236.0042114257812
2024-01-08,RGA,307.0,161.5853729248047,49606.70948791504,0.2284124642616096,157.01361083984375,1403.5309600830078
2024-01-09,AIZ,297.0,158.49884033203125,47074.15557861328,0.21842922849876314,162.515869140625,-1193.0575561523438
2024-01-09,CTAS,353.0,143.06280517578125,50501.17022705078,0.2343309511427748,136.635498046875,2268.8394165039062
2024-01-09,RGA,307.0,157.781982421875,48439.068603515625,0.22476257416015152,157.01361083984375,235.89007568359375
2024-01-10,AIZ,297.0,157.6876983642578,46833.24641418457,0.21677798872654314,162.515869140625,-1433.9667205810547
2024-01-10,CTAS,353.0,143.67713928222656,50718.03016662598,0.23475956534081643,136.635498046875,2485.6993560791016
2024-01-10,RGA,307.0,159.58761596679688,48993.39810180664,0.22677672624829504,157.01361083984375,790.2195739746094
2024-01-11,AIZ,297.0,160.87428283691406,47779.66200256348,0.21959716147807845,162.515869140625,-487.55113220214844
2024-01-11,CTAS,353.0,143.9781494140625,50824.28674316406,0.23359037371063776,136.635498046875,2591.9559326171875
2024-01-11,RGA,307.0,161.1627655029297,49476.969009399414,0.22739804966431193,157.01361083984375,1273.7904815673828
2024-01-12,AIZ,297.0,158.9816436767578,47217.54817199707,0.2169326925007625,162.515869140625,-1049.6649627685547
2024-01-12,CTAS,353.0,145.14076232910156,51234.68910217285,0.23538873759153395,136.635498046875,3002.3582916259766
2024-01-12,RGA,307.0,161.92147827148438,49709.8938293457,0.22838333479421122,157.01361083984375,1506.7153015136719
2024-01-16,AIZ,297.0,158.83682250976562,47174.53628540039,0.21711269842596273,162.515869140625,-1092.6768493652344
2024-01-16,CTAS,353.0,144.0565185546875,50851.95104980469,0.2340373680803921,136.635498046875,2619.6202392578125
2024-01-16,RGA,307.0,162.07516479492188,49757.075592041016,0.22899839189126103,157.01361083984375,1553.8970642089844
2024-01-17,AIZ,297.0,160.4204559326172,47644.875411987305,0.21935209985563162,162.515869140625,-622.3377227783203
2024-01-17,CTAS,353.0,144.13482666015625,50879.593811035156,0.23424441024866655,136.635498046875,2647.2630004882812
2024-01-17,RGA,307.0,160.21189880371094,49185.05293273926,0.22644291855136864,157.01361083984375,981.8744049072266
2024-01-18,AIZ,297.0,160.85498046875,47773.92919921875,0.21904508256547953,162.515869140625,-493.283935546875
2024-01-18,CTAS,353.0,145.0477752685547,51201.864669799805,0.23476228273654776,136.635498046875,2969.5338592529297
2024-01-18,RGA,307.0,161.65255737304688,49627.33511352539,0.22754301142190034,157.01361083984375,1424.1565856933594
2024-01-19,AIZ,297.0,162.0523681640625,48129.55334472656,0.21988186220661932,162.515869140625,-137.6597900390625
2024-01-19,CTAS,353.0,146.62158203125,51757.41845703125,0.23645591455683468,136.635498046875,3525.087646484375
2024-01-19,RGA,307.0,161.24917602539062,49503.49703979492,0.226158781006901,157.01361083984375,1300.3185119628906
2024-01-22,AIZ,297.0,162.99867248535156,48410.605728149414,0.22012215623983603,162.515869140625,143.39259338378906
2024-01-22,CTAS,353.0,147.2285614013672,51971.68217468262,0.23631430699183503,136.635498046875,3739.351364135742
2024-01-22,RGA,307.0,163.0164031982422,50046.03578186035,0.2275584273706671,157.01361083984375,1842.8572540283203
2024-01-23,AIZ,297.0,163.33663940429688,48510.98190307617,0.22069471420638093,162.515869140625,243.76876831054688
2024-01-23,CTAS,353.0,147.7523193359375,52156.56872558594,0.23727986071023519,136.635498046875,3924.2379150390625
2024-01-23,RGA,307.0,161.71018981933594,49645.02827453613,0.22585391795835175,157.01361083984375,1441.8497467041016
2024-01-24,AIZ,297.0,163.7615203857422,48637.17155456543,0.2214702478290245,162.515869140625,369.9584197998047
2024-01-24,CTAS,353.0,146.35232543945312,51662.37088012695,0.23524554813843196,136.635498046875,3430.040069580078
2024-01-24,RGA,307.0,162.2576446533203,49813.096908569336,0.22682484537768136,157.01361083984375,1609.9183807373047
2024-01-25,AIZ,297.0,165.44174194335938,49136.197357177734,0.2232011974181788,162.515869140625,868.9842224121094
2024-01-25,CTAS,353.0,146.4893798828125,51710.75109863281,0.23489610888503618,136.635498046875,3478.4202880859375
2024-01-25,RGA,307.0,162.20962524414062,49798.35494995117,0.2262090485653124,157.01361083984375,1595.1764221191406
2024-01-26,AIZ,297.0,164.81405639648438,48949.77474975586,0.22196710099730577,162.515869140625,682.5616149902344
2024-01-26,CTAS,353.0,146.3180389404297,51650.26774597168,0.23421272632853457,136.635498046875,3417.9369354248047
2024-01-26,RGA,307.0,164.26498413085938,50429.35012817383,0.22867636695682006,157.01361083984375,2226.171600341797
2024-01-29,AIZ,297.0,163.51046752929688,48562.60885620117,0.2200071066931508,162.515869140625,295.3957214355469
2024-01-29,CTAS,353.0,147.34359741210938,52012.28988647461,0.23563547510993102,136.635498046875,3779.9590759277344
2024-01-29,RGA,307.0,165.0141143798828,50659.33311462402,0.22950606584081298,157.01361083984375,2456.154586791992
2024-01-30,AIZ,297.0,164.2443389892578,48780.56867980957,0.21998524438438916,162.515869140625,513.3555450439453
2024-01-30,CTAS,353.0,149.0103759765625,52600.66271972656,0.2372126844017155,136.635498046875,4368.3319091796875
2024-01-30,RGA,307.0,165.68641662597656,50865.729904174805,0.22938867517532,157.01361083984375,2662.5513763427734
2024-01-31,AIZ,297.0,162.17787170410156,48166.827896118164,0.2177803787935577,162.515869140625,-100.38523864746094
2024-01-31,CTAS,353.0,147.9726104736328,52234.33149719238,0.23617109526125957,136.635498046875,4002.000686645508
2024-01-31,RGA,307.0,167.01185607910156,51272.63981628418,0.23182292479418007,157.01361083984375,3069.4612884521484
2024-02-01,DKS,343.0,145.1388397216797,49782.62202453613,0.22492348355908146,145.1388397216797,0.0
2024-02-01,PTC,278.0,179.39999389648438,49873.198303222656,0.22533271737002758,179.39999389648438,0.0
2024-02-01,TPR,1308.0,38.13468551635742,49880.16865539551,0.2253642102048481,38.13468551635742,0.0
2024-02-02,DKS,343.0,148.35403442382812,50885.43380737305,0.22897081755995932,145.1388397216797,1102.811782836914
2024-02-02,PTC,278.0,178.72999572753906,49686.93881225586,0.22357791121445542,179.39999389648438,-186.25949096679688
2024-02-02,TPR,1308.0,38.12515640258789,49867.70457458496,0.22439130870938542,38.13468551635742,-12.464080810546875
2024-02-05,DKS,343.0,148.8201141357422,51045.29914855957,0.2294980848013515,145.1388397216797,1262.6771240234375
2024-02-05,PTC,278.0,177.2100067138672,49264.38186645508,0.22149113583151395,179.39999389648438,-608.8164367675781
2024-02-05,TPR,1308.0,38.468196868896484,50316.4015045166,0.2262209835576653,38.13468551635742,436.23284912109375
2024-02-06,DKS,343.0,149.2862091064453,51205.16972351074,0.22927131225726743,145.1388397216797,1422.5476989746094
2024-02-06,PTC,278.0,177.11000061035156,49236.580169677734,0.2204569461934438,179.39999389648438,-636.6181335449219
2024-02-06,TPR,1308.0,39.06852340698242,51101.62861633301,0.2288077066165989,38.13468551635742,1221.4599609375
2024-02-07,DKS,343.0,150.85572814941406,51743.51475524902,0.23107133534827984,145.1388397216797,1960.8927307128906
2024-02-07,PTC,278.0,180.2100067138672,50098.38186645508,0.22372465518484105,179.39999389648438,225.18356323242188
2024-02-07,TPR,1308.0,38.44913864135742,50291.47334289551,0.22458694499094542,38.13468551635742,411.3046875
2024-02-08,DKS,343.0,152.16844177246094,52193.7755279541,0.2288807244874387,145.1388397216797,2411.1535034179688
2024-02-08,PTC,278.0,181.5399932861328,50468.11813354492,0.22131335250382086,179.39999389648438,594.9198303222656
2024-02-08,TPR,1308.0,40.96477127075195,53581.920822143555,0.2349680346583181,38.13468551635742,3701.752166748047
2024-02-09,DKS,343.0,154.2611541748047,52911.57588195801,0.23211233305500673,145.1388397216797,3128.953857421875
2024-02-09,PTC,278.0,183.10000610351562,50901.801696777344,0.22329586204161786,179.39999389648438,1028.6033935546875
2024-02-09,TPR,1308.0,40.02141189575195,52348.006759643555,0.22964006981888613,38.13468551635742,2467.838104248047
2024-02-12,DKS,343.0,158.31338500976562,54301.49105834961,0.23622307304770027,145.1388397216797,4518.869033813477
2024-02-12,PTC,278.0,178.5399932861328,49634.11813354492,0.2159190048928818,179.39999389648438,-239.08016967773438
2024-02-12,TPR,1308.0,41.39357376098633,54142.79447937012,0.2355327090661954,38.13468551635742,4262.625823974609
2024-02-13,DKS,343.0,157.466796875,54011.111328125,0.23642869180990592,145.1388397216797,4228.489303588867
2024-02-13,PTC,278.0,177.80999755859375,49431.17932128906,0.21638045902357772,179.39999389648438,-442.01898193359375
2024-02-13,TPR,1308.0,40.67890167236328,53208.00338745117,0.23291316037338117,38.13468551635742,3327.834732055664
2024-02-14,DKS,343.0,158.78900146484375,54464.627502441406,0.23510499390560466,145.1388397216797,4682.005477905273
2024-02-14,PTC,278.0,180.75,50248.5,0.2169054270266738,179.39999389648438,375.30169677734375
2024-02-14,TPR,1308.0,42.1654167175293,55152.36506652832,0.23807371953961476,38.13468551635742,5272.1964111328125
2024-02-15,DKS,343.0,161.88052368164062,55525.019622802734,0.23670566766770568,145.1388397216797,5742.397598266602
2024-02-15,PTC,278.0,181.99000549316406,50593.22152709961,0.2156811895319733,179.39999389648438,720.0232238769531
2024-02-15,TPR,1308.0,43.31841278076172,56660.48391723633,0.24154620326323686,38.13468551635742,6780.31526184082
2024-02-16,DKS,343.0,160.90074157714844,55188.954360961914,0.23611004381300468,145.1388397216797,5406.332336425781
2024-02-16,PTC,278.0,178.19000244140625,49536.82067871094,0.21192901797539218,179.39999389648438,-336.37762451171875
2024-02-16,TPR,1308.0,43.747215270996094,57221.35757446289,0.24480509551930854,38.13468551635742,7341.188919067383
2024-02-20,DKS,343.0,158.33241271972656,54308.01756286621,0.23253558541057628,145.1388397216797,4525.395538330078
2024-02-20,PTC,278.0,176.88999938964844,49175.419830322266,0.2105588741997038,179.39999389648438,-697.7784729003906
2024-02-20,TPR,1308.0,44.547637939453125,58268.31042480469,0.24949273207832492,38.13468551635742,8388.14176940918
2024-02-21,DKS,343.0,157.989990234375,54190.566650390625,0.23196391592076326,145.1388397216797,4407.944625854492
2024-02-21,PTC,278.0,176.6199951171875,49100.358642578125,0.21017516825992102,179.39999389648438,-772.8396606445312
2024-02-21,TPR,1308.0,44.74775314331055,58530.061111450195,0.25053921768496035,38.13468551635742,8649.892456054688
2024-02-22,DKS,343.0,160.64390563964844,55100.859634399414,0.23314145022825583,145.1388397216797,5318.237609863281
2024-02-22,PTC,278.0,179.3800048828125,49867.641357421875,0.21099878119276474,179.39999389648438,-5.55694580078125
2024-02-22,TPR,1308.0,45.548179626464844,59577.018951416016,0.2520808693506839,38.13468551635742,9696.850296020508
2024-02-23,DKS,343.0,164.2490692138672,56337.430740356445,0.23577480372569914,145.1388397216797,6554.8087158203125
2024-02-23,PTC,278.0,180.94000244140625,50301.32067871094,0.2105133985400394,179.39999389648438,428.12237548828125
2024-02-23,TPR,1308.0,46.262847900390625,60511.80505371094,0.2532447570316054,38.13468551635742,10631.63639831543
2024-02-26,DKS,343.0,166.96009826660156,57267.313705444336,0.23969281282156393,145.1388397216797,7484.691680908203
2024-02-26,PTC,278.0,181.6699981689453,50504.2594909668,0.21138599374723496,179.39999389648438,631.0611877441406
2024-02-26,TPR,1308.0,45.376651763916016,59352.66050720215,0.24842104902263204,38.13468551635742,9472.49185180664
2024-02-27,DKS,343.0,168.46304321289062,57782.823822021484,0.2412495116410555,145.1388397216797,8000.201797485352
2024-02-27,PTC,278.0,182.36000061035156,50696.080169677734,0.21166159377606342,179.39999389648438,822.8818664550781
2024-02-27,TPR,1308.0,45.29090118408203,59240.4987487793,0.24733546142597604,38.13468551635742,9360.330093383789
2024-02-28,DKS,343.0,168.8149871826172,57903.540603637695,0.24085445415926524,145.1388397216797,8120.9185791015625
2024-02-28,PTC,278.0,184.2899932861328,51232.61813354492,0.21310621331728755,179.39999389648438,1359.4198303222656
2024-02-28,TPR,1308.0,45.471946716308594,59477.30630493164,0.24740065971091527,38.13468551635742,9597.137649536133
2024-02-29,DKS,343.0,169.21450805664062,58040.576263427734,0.24188287011932716,145.1388397216797,8257.954238891602
2024-02-29,PTC,278.0,183.00999450683594,50876.77847290039,0.2120278948230341,179.39999389648438,1003.5801696777344
2024-02-29,TPR,1308.0,45.29090118408203,59240.4987487793,0.2468835216180346,38.13468551635742,9360.330093383789
2024-03-01,DKS,316.0,172.401123046875,54478.7548828125,0.22566007935222868,145.1388397216797,8614.881530761719
2024-03-01,AAON,659.0,82.4803466796875,54354.54846191406,0.2251455956630128,82.4803466796875,0.0
2024-03-01,AWI,457.0,118.74080657958984,54264.54860687256,0.22477280126868343,118.74080657958984,0.0
2024-03-04,DKS,316.0,170.95526123046875,54021.862548828125,0.22439482116974951,145.1388397216797,8157.989196777344
2024-03-04,AAON,659.0,81.72745513916016,53858.39293670654,0.22371580470034222,82.4803466796875,-496.15552520751953
2024-03-04,AWI,457.0,119.34954071044922,54542.74010467529,0.226558430872951,118.74080657958984,278.1914978027344
2024-03-05,DKS,316.0,172.06817626953125,54373.543701171875,0.22707663927191654,145.1388397216797,8509.670349121094
2024-03-05,AAON,659.0,80.16223907470703,52826.91555023193,0.22061755827750987,82.4803466796875,-1527.632911682129
2024-03-05,AWI,457.0,118.00444030761719,53928.029220581055,0.22521606657215784,118.74080657958984,-336.5193862915039
2024-03-06,DKS,316.0,171.77330017089844,54280.362854003906,0.226137164853787,145.1388397216797,8416.489501953125
2024-03-06,AAON,659.0,80.24148559570312,52879.13900756836,0.22029953276553577,82.4803466796875,-1475.4094543457031
2024-03-06,AWI,457.0,119.36917877197266,54551.714698791504,0.2272676425004298,118.74080657958984,287.1660919189453
2024-03-07,DKS,316.0,173.2857666015625,54758.30224609375,0.22725752868218524,145.1388397216797,8894.428894042969
2024-03-07,AAON,659.0,80.36038208007812,52957.491790771484,0.2197838175385792,82.4803466796875,-1397.0566711425781
2024-03-07,AWI,457.0,120.16444396972656,54915.15089416504,0.227908480860681,118.74080657958984,650.6022872924805
2024-03-08,DKS,316.0,172.2774658203125,54439.67919921875,0.22596610573183168,145.1388397216797,8575.805847167969
2024-03-08,AAON,659.0,80.98448181152344,53368.773513793945,0.2215210320116876,82.4803466796875,-985.7749481201172
2024-03-08,AWI,457.0,119.88953399658203,54789.51703643799,0.22741819903724578,118.74080657958984,524.9684295654297
2024-03-11,DKS,316.0,171.67819213867188,54250.30871582031,0.22721169617279846,145.1388397216797,8386.435363769531
2024-03-11,AAON,659.0,78.9833984375,52050.0595703125,0.21799659026487955,82.4803466796875,-2304.4888916015625
2024-03-11,AWI,457.0,118.4757308959961,54143.409019470215,0.22676397777445173,118.74080657958984,-121.13958740234375
2024-03-12,DKS,316.0,173.36184692382812,54782.34362792969,0.22831841399825029,145.1388397216797,8918.470275878906
2024-03-12,AAON,659.0,79.2409439086914,52219.78203582764,0.21763833060394877,82.4803466796875,-2134.766426086426
2024-03-12,AWI,457.0,119.50662231445312,54614.52639770508,0.22761899587720943,118.74080657958984,349.97779083251953
2024-03-13,DKS,316.0,178.6031494140625,56438.59521484375,0.23318727284061083,145.1388397216797,10574.721862792969
2024-03-13,AAON,659.0,79.94429779052734,52683.29224395752,0.2176714922805573,82.4803466796875,-1671.256217956543
2024-03-13,AWI,457.0,119.4477310180664,54587.61307525635,0.2255395722633019,118.74080657958984,323.06446838378906
2024-03-14,DKS,316.0,206.2364044189453,65170.70379638672,0.2595396380959844,145.1388397216797,19306.830444335938
2024-03-14,AAON,659.0,80.53868103027344,53074.990798950195,0.21136896030683913,82.4803466796875,-1279.5576629638672
2024-03-14,AWI,457.0,119.32990264892578,54533.76551055908,0.21717847038820082,118.74080657958984,269.21690368652344
2024-03-15,DKS,316.0,201.16635131835938,63568.56701660156,0.2535848288278647,145.1388397216797,17704.69366455078
2024-03-15,AAON,659.0,81.75836181640625,53878.76043701172,0.21493069427393194,82.4803466796875,-475.78802490234375
2024-03-15,AWI,457.0,120.15463256835938,54910.667083740234,0.21904712921431133,118.74080657958984,646.1184768676758
2024-03-18,DKS,316.0,202.65028381347656,64037.489685058594,0.25490067348190776,145.1388397216797,18173.616333007812
2024-03-18,AAON,659.0,82.1946792602539,54166.293632507324,0.2156084630245333,82.4803466796875,-188.25482940673828
2024-03-18,AWI,457.0,119.69318389892578,54699.78504180908,0.21773202096218244,118.74080657958984,435.23643493652344
2024-03-19,DKS,316.0,204.4766387939453,64614.61785888672,0.2542592023227971,145.1388397216797,18750.744506835938
2024-03-19,AAON,659.0,84.46548461914062,55662.75436401367,0.21903352511644422,82.4803466796875,1308.2059020996094
2024-03-19,AWI,457.0,121.50952911376953,55529.854804992676,0.21851056395091464,118.74080657958984,1265.3061981201172
2024-03-20,DKS,316.0,208.61448669433594,65922.17779541016,0.2584177430512623,145.1388397216797,20058.304443359375
2024-03-20,AAON,659.0,84.61421203613281,55760.76573181152,0.21858457522360814,82.4803466796875,1406.217269897461
2024-03-20,AWI,457.0,120.55717468261719,55094.628829956055,0.21597329021304776,118.74080657958984,830.0802230834961
2024-03-21,DKS,316.0,213.7130889892578,67533.33612060547,0.2601805605758332,145.1388397216797,21669.462768554688
2024-03-21,AAON,659.0,87.60887145996094,57734.24629211426,0.22242835061308733,82.4803466796875,3379.6978302001953
2024-03-21,AWI,457.0,122.48153686523438,55974.06234741211,0.21564702346775985,118.74080657958984,1709.5137405395508
2024-03-22,DKS,316.0,210.4503631591797,66502.31475830078,0.2585526412521235,145.1388397216797,20638.44140625
2024-03-22,AAON,659.0,85.72481536865234,56492.653327941895,0.2196363357029883,82.4803466796875,2138.104866027832
2024-03-22,AWI,457.0,122.30480194091797,55893.29448699951,0.21730610386148502,118.74080657958984,1628.7458801269531
2024-03-25,DKS,316.0,209.36598205566406,66159.65032958984,0.2587063933746761,145.1388397216797,20295.776977539062
2024-03-25,AAON,659.0,84.79270935058594,55878.39546203613,0.21850324307233768,82.4803466796875,1523.8470001220703
2024-03-25,AWI,457.0,121.1659164428711,55372.82381439209,0.21652628858568457,118.74080657958984,1108.2752075195312
2024-03-26,DKS,316.0,207.8820343017578,65690.72283935547,0.2566571863607355,145.1388397216797,19826.849487304688
2024-03-26,AAON,659.0,85.84381103515625,56571.07147216797,0.22102621810031461,82.4803466796875,2216.5230102539062
2024-03-26,AWI,457.0,121.1462631225586,55363.84224700928,0.2163095086042204,118.74080657958984,1099.2936401367188
2024-03-27,DKS,316.0,212.80564880371094,67246.58502197266,0.2605920239169591,145.1388397216797,21382.711669921875
2024-03-27,AAON,659.0,85.94296264648438,56636.4123840332,0.21947578937619322,82.4803466796875,2281.8639221191406
2024-03-27,AWI,457.0,122.20661926269531,55848.42500305176,0.2164222034377566,118.74080657958984,1583.8763961791992
2024-03-28,DKS,316.0,214.9758758544922,67932.37677001953,0.2617200695389079,145.1388397216797,22068.50341796875
2024-03-28,AAON,659.0,87.3609619140625,57570.87390136719,0.22180076477953012,82.4803466796875,3216.325439453125
2024-03-28,AWI,457.0,121.96117401123047,55736.256523132324,0.2147326153839267,118.74080657958984,1471.7079162597656
2024-04-01,DKS,316.0,212.0981903076172,67023.02813720703,0.2596445958306535,145.1388397216797,21159.15478515625
2024-04-01,AAON,659.0,87.24197387695312,57492.46078491211,0.22272354978126271,82.4803466796875,3137.912322998047
2024-04-01,AWI,457.0,120.9990005493164,55296.5432510376,0.2142166509375834,118.74080657958984,1031.994644165039
2024-04-02,DKS,316.0,207.47093200683594,65560.81451416016,0.25849830499657617,145.1388397216797,19696.941162109375
2024-04-02,AAON,659.0,84.5547103881836,55721.55414581299,0.21970329998503244,82.4803466796875,1367.0056838989258
2024-04-02,AWI,457.0,118.2008056640625,54017.76818847656,0.21298547951083274,118.74080657958984,-246.7804183959961
2024-04-03,DKS,316.0,201.90679931640625,63802.548583984375,0.2516807994238756,145.1388397216797,17938.675231933594
2024-04-03,AAON,659.0,85.57608032226562,56394.63693237305,0.22245893967191283,82.4803466796875,2040.0884704589844
2024-04-03,AWI,457.0,120.321533203125,54986.940673828125,0.2169060248188294,118.74080657958984,722.3920669555664
2024-04-04,DKS,316.0,199.58355712890625,63068.404052734375,0.2508799462306304,145.1388397216797,17204.530700683594
2024-04-04,AAON,659.0,84.94145202636719,55976.41688537598,0.22266871453801465,82.4803466796875,1621.868423461914
2024-04-04,AWI,457.0,118.21063995361328,54022.26245880127,0.21489527925248747,118.74080657958984,-242.28614807128906
2024-04-05,DKS,316.0,199.5740203857422,63065.39044189453,0.24757700452556197,145.1388397216797,17201.51708984375
2024-04-05,AAON,659.0,89.16569519042969,58760.193130493164,0.23067600943491404,82.4803466796875,4405.644668579102
2024-04-05,AWI,457.0,119.43790435791016,54583.12229156494,0.21427800287780346,118.74080657958984,318.5736846923828
2024-04-08,DKS,316.0,198.4267578125,62702.85546875,0.24477712141962987,145.1388397216797,16838.98211669922
2024-04-08,AAON,659.0,92.10086822509766,60694.472160339355,0.23693686787352147,82.4803466796875,6339.923698425293
2024-04-08,AWI,457.0,119.133544921875,54444.030029296875,0.21253661973491694,118.74080657958984,179.4814224243164
2024-04-09,DKS,316.0,197.7957763671875,62503.46533203125,0.24685705030430372,145.1388397216797,16639.59197998047
2024-04-09,AAON,659.0,88.82856750488281,58538.02598571777,0.23119557209679198,82.4803466796875,4183.477523803711
2024-04-09,AWI,457.0,117.79827880859375,53833.813415527344,0.21261631360427893,118.74080657958984,-430.73519134521484
2024-04-10,DKS,316.0,197.33689880371094,62358.460021972656,0.24807276555900995,145.1388397216797,16494.586669921875
2024-04-10,AAON,659.0,87.12299346923828,57414.05269622803,0.22840305596522745,82.4803466796875,3059.504234313965
2024-04-10,AWI,457.0,116.58082580566406,53277.43739318848,0.2119468830912155,118.74080657958984,-987.111213684082
2024-04-11,DKS,316.0,198.32159423828125,62669.623779296875,0.2492174817566907,145.1388397216797,16805.750427246094
2024-04-11,AAON,659.0,86.87509155273438,57250.68533325195,0.227668059375062,82.4803466796875,2896.1368713378906
2024-04-11,AWI,457.0,116.46300506591797,53223.59331512451,0.21165357466880882,118.74080657958984,-1040.9552917480469
2024-04-12,DKS,316.0,194.20106506347656,61367.536560058594,0.24568313421272575,145.1388397216797,15503.663208007812
2024-04-12,AAON,659.0,87.271728515625,57512.069091796875,0.23024788318988695,82.4803466796875,3157.5206298828125
2024-04-12,AWI,457.0,115.05900573730469,52581.96562194824,0.210510358427425,118.74080657958984,-1682.5829849243164
2024-04-15,DKS,316.0,189.80325317382812,59977.82800292969,0.242319541557149,145.1388397216797,14113.954650878906
2024-04-15,AAON,659.0,86.40901947021484,56943.54383087158,0.23006057230118795,82.4803466796875,2588.9953689575195
2024-04-15,AWI,457.0,114.38155364990234,52272.37001800537,0.2111883200947191,118.74080657958984,-1992.1785888671875
2024-04-16,DKS,316.0,189.9657745361328,60029.18475341797,0.24228717031968883,145.1388397216797,14165.311401367188
2024-04-16,AAON,659.0,87.28164672851562,57518.6051940918,0.2321540788944058,82.4803466796875,3164.0567321777344
2024-04-16,AWI,457.0,113.5470199584961,51890.988121032715,0.2094401369697386,118.74080657958984,-2373.5604858398438
2024-04-17,DKS,316.0,188.2736053466797,59494.45928955078,0.24217124185828556,145.1388397216797,13630.5859375
2024-04-17,AAON,659.0,85.57608032226562,56394.63693237305,0.2295534646947967,82.4803466796875,2040.0884704589844
2024-04-17,AWI,457.0,112.60446166992188,51460.2389831543,0.20946807702248352,118.74080657958984,-2804.3096237182617
2024-04-18,DKS,316.0,186.63876342773438,58977.84924316406,0.24162848362947942,145.1388397216797,13113.975891113281
2024-04-18,AAON,659.0,84.52495574951172,55701.94583892822,0.22820731649232914,82.4803466796875,1347.3973770141602
2024-04-18,AWI,457.0,111.77974700927734,51083.344383239746,0.20928520114651966,118.74080657958984,-3181.2042236328125
2024-04-19,DKS,316.0,186.50489807128906,58935.547790527344,0.24132948723771933,145.1388397216797,13071.674438476562
2024-04-19,AAON,659.0,84.69354248046875,55813.044494628906,0.22854344981976601,82.4803466796875,1458.4960327148438
2024-04-19,AWI,457.0,111.90737915039062,51141.672271728516,0.20941509850188325,118.74080657958984,-3122.876335144043
2024-04-22,DKS,316.0,189.93710327148438,60020.12463378906,0.24350695971778982,145.1388397216797,14156.251281738281
2024-04-22,AAON,659.0,86.0024642944336,56675.62397003174,0.2299380244085953,82.4803466796875,2321.075508117676
2024-04-22,AWI,457.0,112.6142807006836,51464.7262802124,0.2087969511170876,118.74080657958984,-2799.8223266601562
2024-04-23,DKS,316.0,197.0309600830078,62261.78338623047,0.24832468150784714,145.1388397216797,16397.910034179688
2024-04-23,AAON,659.0,87.81710815429688,57871.47427368164,0.23081438782846958,82.4803466796875,3516.925811767578
2024-04-23,AWI,457.0,114.38155364990234,52272.37001800537,0.20848293978119867,118.74080657958984,-1992.1785888671875
2024-04-24,DKS,316.0,196.44776916503906,62077.495056152344,0.2472949850306795,145.1388397216797,16213.621704101562
2024-04-24,AAON,659.0,88.91780090332031,58596.830795288086,0.23342923842623528,82.4803466796875,4242.282333374023
2024-04-24,AWI,457.0,113.85136413574219,52030.07341003418,0.20726957834624105,118.74080657958984,-2234.475196838379
2024-04-25,DKS,316.0,195.23358154296875,61693.811767578125,0.24608328986390898,145.1388397216797,15829.938415527344
2024-04-25,AAON,659.0,89.14586639404297,58747.12595367432,0.2343295966083751,82.4803466796875,4392.577491760254
2024-04-25,AWI,457.0,113.65499877929688,51940.33444213867,0.20717877547112937,118.74080657958984,-2324.2141647338867
2024-04-26,DKS,316.0,198.0156707763672,62572.95196533203,0.2473763675587285,145.1388397216797,16709.07861328125
2024-04-26,AAON,659.0,90.38538360595703,59563.96779632568,0.23548062746030848,82.4803466796875,5209.419334411621
2024-04-26,AWI,457.0,114.85282897949219,52487.74284362793,0.20750542779581688,118.74080657958984,-1776.805763244629
2024-04-29,DKS,316.0,196.57205200195312,62116.76843261719,0.24350579189099214,145.1388397216797,16252.895080566406
2024-04-29,AAON,659.0,93.06273651123047,61328.34336090088,0.2404150633119088,82.4803466796875,6973.794898986816
2024-04-29,AWI,457.0,116.68881225585938,53326.787200927734,0.20904792496490812,118.74080657958984,-937.7614059448242
2024-04-30,DKS,316.0,192.1073455810547,60705.92120361328,0.2408408107213169,145.1388397216797,14842.0478515625
2024-04-30,AAON,659.0,93.30072784423828,61485.17964935303,0.2439323911159856,82.4803466796875,7130.631187438965
2024-04-30,AWI,457.0,112.7909927368164,51545.4836807251,0.20449827352178182,118.74080657958984,-2719.064926147461
2024-05-01,AAON,603.0,93.67752838134766,56487.54961395264,0.2254622920617992,82.4803466796875,6751.900566101074
2024-05-01,CMG,899.0,62.77320098876953,56433.10768890381,0.22524499459909014,62.77320098876953,0.0
2024-05-01,FANG,307.0,183.44793701171875,56318.516662597656,0.2247876202640859,183.44793701171875,0.0
2024-05-02,AAON,603.0,90.12757110595703,54346.92537689209,0.21832587630375003,82.4803466796875,4611.276329040527
2024-05-02,CMG,899.0,62.83980178833008,56492.98180770874,0.22694714876039876,62.77320098876953,59.87411880493164
2024-05-02,FANG,307.0,184.96409606933594,56783.97749328613,0.22811615487461231,183.44793701171875,465.46083068847656
2024-05-03,AAON,603.0,77.74234771728516,46878.63567352295,0.19306705324102869,82.4803466796875,-2857.0133743286133
2024-05-03,CMG,899.0,63.107601165771484,56733.733448028564,0.23365472520266514,62.77320098876953,300.62575912475586
2024-05-03,FANG,307.0,188.58607482910156,57895.92497253418,0.2384411463455639,183.44793701171875,1577.4083099365234
2024-05-06,AAON,603.0,75.56079864501953,45563.16158294678,0.18746133729123937,82.4803466796875,-4172.487464904785
2024-05-06,CMG,899.0,63.981998443603516,57519.81660079956,0.23665481863243756,62.77320098876953,1086.708911895752
2024-05-06,FANG,307.0,191.10369873046875,58668.835510253906,0.2413822478506034,183.44793701171875,2350.31884765625
2024-05-07,AAON,603.0,77.80184173583984,46914.510566711426,0.1921457946401894,82.4803466796875,-2821.1384811401367
2024-05-07,CMG,899.0,63.873600006103516,57422.36640548706,0.2351823793922581,62.77320098876953,989.258716583252
2024-05-07,FANG,307.0,190.62637329101562,58522.2966003418,0.239687317390888,183.44793701171875,2203.7799377441406
2024-05-08,AAON,603.0,76.34416961669922,46035.53427886963,0.1894760139632432,82.4803466796875,-3700.1147689819336
2024-05-08,CMG,899.0,63.665000915527344,57234.83582305908,0.23557081983452888,62.77320098876953,801.7281341552734
2024-05-08,FANG,307.0,190.19586181640625,58390.12957763672,0.24032585220252456,183.44793701171875,2071.6129150390625
2024-05-09,AAON,603.0,77.09779357910156,46489.96952819824,0.1901785003691274,82.4803466796875,-3245.6795196533203
2024-05-09,CMG,899.0,64.6594009399414,58128.801445007324,0.23778996629285806,62.77320098876953,1695.6937561035156
2024-05-09,FANG,307.0,190.66380310058594,58533.78755187988,0.23944666022612981,183.44793701171875,2215.2708892822266
2024-05-10,AAON,603.0,76.64165496826172,46214.91794586182,0.18952013806807158,82.4803466796875,-3520.731101989746
2024-05-10,CMG,899.0,64.78459930419922,58241.3547744751,0.23883867133682576,62.77320098876953,1808.247085571289
2024-05-10,FANG,307.0,189.23184204101562,58094.1755065918,0.2382351122176107,183.44793701171875,1775.6588439941406
2024-05-13,AAON,603.0,74.85674285888672,45138.61594390869,0.1868475524260683,82.4803466796875,-4597.033103942871
2024-05-13,CMG,899.0,63.90800094604492,57453.292850494385,0.2378231348801836,62.77320098876953,1020.1851615905762
2024-05-13,FANG,307.0,187.90284729003906,57686.17411804199,0.238787127548927,183.44793701171875,1367.657455444336
2024-05-14,AAON,603.0,74.76750946044922,45084.80820465088,0.18709584953245864,82.4803466796875,-4650.840843200684
2024-05-14,CMG,899.0,63.53340148925781,57116.52793884277,0.23702585732547973,62.77320098876953,683.4202499389648
2024-05-14,FANG,307.0,187.1939697265625,57468.54870605469,0.23848669584553328,183.44793701171875,1150.0320434570312
2024-05-15,AAON,603.0,75.18397521972656,45335.93705749512,0.18835645970624423,82.4803466796875,-4399.711990356445
2024-05-15,CMG,899.0,63.36600112915039,56966.0350151062,0.2366758332432755,62.77320098876953,532.9273262023926
2024-05-15,FANG,307.0,185.95579528808594,57088.42915344238,0.23718434212347275,183.44793701171875,769.9124908447266
2024-05-16,AAON,603.0,74.23204040527344,44761.92036437988,0.18721691087095457,82.4803466796875,-4973.72868347168
2024-05-16,CMG,899.0,62.917598724365234,56562.921253204346,0.2365746442659059,62.77320098876953,129.8135643005371
2024-05-16,FANG,307.0,183.92361450195312,56464.54965209961,0.23616320465102034,183.44793701171875,146.03298950195312
2024-05-17,AAON,603.0,74.25186920166016,44773.877128601074,0.18562085131518274,82.4803466796875,-4961.771919250488
2024-05-17,CMG,899.0,64.26860046386719,57777.4718170166,0.23953037336279226,62.77320098876953,1344.364128112793
2024-05-17,FANG,307.0,186.8347930908203,57358.281478881836,0.23779251922958453,183.44793701171875,1039.7648162841797
2024-05-20,AAON,603.0,74.35102844238281,44833.670150756836,0.18630106608415556,82.4803466796875,-4901.978897094727
2024-05-20,CMG,899.0,63.527801513671875,57111.493560791016,0.2373201234754175,62.77320098876953,678.385871887207
2024-05-20,FANG,307.0,186.9860382080078,57404.7137298584,0.2385385655505575,183.44793701171875,1086.1970672607422
2024-05-21,AAON,603.0,76.14584350585938,45915.9436340332,0.19028499647399605,82.4803466796875,-3819.7054138183594
2024-05-21,CMG,899.0,63.45600128173828,57046.945152282715,0.23641412759964348,62.77320098876953,613.8374633789062
2024-05-21,FANG,307.0,185.78564453125,57036.19287109375,0.23636956796248482,183.44793701171875,717.6762084960938
2024-05-22,AAON,603.0,75.49137878417969,45521.30140686035,0.1902010297316289,82.4803466796875,-4214.347640991211
2024-05-22,CMG,899.0,63.06760025024414,56697.77262496948,0.23689952623221225,62.77320098876953,264.6649360656738
2024-05-22,FANG,307.0,181.7969512939453,55811.66404724121,0.23319711090731676,183.44793701171875,-506.8526153564453
2024-05-23,AAON,603.0,75.62030029296875,45599.041076660156,0.19076817992316952,82.4803466796875,-4136.607971191406
2024-05-23,CMG,899.0,62.76559829711914,56426.27286911011,0.23606499437107628,62.77320098876953,-6.834819793701172
2024-05-23,FANG,307.0,181.4377899169922,55701.4015045166,0.23303242202663926,183.44793701171875,-617.1151580810547
2024-05-24,AAON,603.0,77.60352325439453,46794.9245223999,0.194250633533922,82.4803466796875,-2940.72452545166
2024-05-24,CMG,899.0,63.03260040283203,56666.307762145996,0.23522777940492204,62.77320098876953,233.2000732421875
2024-05-24,FANG,307.0,182.85557556152344,56136.661697387695,0.2330291631088577,183.44793701171875,-181.85496520996094
2024-05-28,AAON,603.0,77.02838897705078,46448.11855316162,0.19206104116937409,82.4803466796875,-3287.5304946899414
2024-05-28,CMG,899.0,63.07680130004883,56706.0443687439,0.23447713839243003,62.77320098876953,272.9366798400879
2024-05-28,FANG,307.0,186.9198760986328,57384.40196228027,0.23728211886867107,183.44793701171875,1065.8852996826172
2024-05-29,AAON,603.0,74.24195861816406,44767.90104675293,0.1881724429273006,82.4803466796875,-4967.748001098633
2024-05-29,CMG,899.0,61.457000732421875,55249.843658447266,0.23223108096365666,62.77320098876953,-1183.264030456543
2024-05-29,FANG,307.0,184.330078125,56589.333984375,0.23786134642202775,183.44793701171875,270.81732177734375
2024-05-30,AAON,603.0,74.30145263671875,44803.775939941406,0.1872980387485913,82.4803466796875,-4931.873107910156
2024-05-30,CMG,899.0,62.116798400878906,55843.00176239014,0.23344650062419448,62.77320098876953,-590.1059265136719
2024-05-30,FANG,307.0,186.5228729248047,57262.52198791504,0.2393806735510739,183.44793701171875,944.0053253173828
2024-05-31,AAON,603.0,74.42044067382812,44875.52572631836,0.18677451887359767,82.4803466796875,-4860.123321533203
2024-05-31,CMG,899.0,62.59040069580078,56268.7702255249,0.23419385770711612,62.77320098876953,-164.33746337890625
2024-05-31,FANG,307.0,188.33763122558594,57819.65278625488,0.2406487201164475,183.44793701171875,1501.1361236572266
2024-06-03,ETR,1005.0,52.76492691040039,53028.75154495239,0.22526455139647614,52.76492691040039,0.0
2024-06-03,FSLR,194.0,272.7200012207031,52907.680236816406,0.22475024409864888,272.7200012207031,0.0
2024-06-03,PEG,757.0,70.0431137084961,53022.63707733154,0.22523857732080002,70.0431137084961,0.0
2024-06-04,ETR,1005.0,52.67523193359375,52938.60809326172,0.22632676215614347,52.76492691040039,-90.14345169067383
2024-06-04,FSLR,194.0,266.1700134277344,51636.98260498047,0.22076196374316628,272.7200012207031,-1270.6976318359375
2024-06-04,PEG,757.0,69.85517120361328,52880.364601135254,0.22607775559053023,70.0431137084961,-142.27247619628906
2024-06-05,ETR,1005.0,52.340087890625,52601.788330078125,0.22357750388432285,52.76492691040039,-426.9632148742676
2024-06-05,FSLR,194.0,273.05999755859375,52973.63952636719,0.22515801216972592,272.7200012207031,65.95928955078125
2024-06-05,PEG,757.0,70.34380340576172,53250.25917816162,0.2263337503572846,70.0431137084961,227.62210083007812
2024-06-06,ETR,1005.0,51.85388946533203,52113.15891265869,0.2221727387666891,52.76492691040039,-915.5926322937012
2024-06-06,FSLR,194.0,273.45001220703125,53049.30236816406,0.22616377595821155,272.7200012207031,141.62213134765625
2024-06-06,PEG,757.0,69.94914245605469,52951.5008392334,0.22574682112393424,70.0431137084961,-71.13623809814453
2024-06-07,ETR,1005.0,51.20246124267578,51458.47354888916,0.22177222443381223,52.76492691040039,-1570.2779960632324
2024-06-07,FSLR,194.0,267.3399963378906,51863.95928955078,0.2235197592610411,272.7200012207031,-1043.720947265625
2024-06-07,PEG,757.0,69.03973388671875,52263.078552246094,0.22523985627515536,70.0431137084961,-759.5585250854492
2024-06-10,ETR,1005.0,51.00893020629883,51263.97485733032,0.21846314534220854,52.76492691040039,-1764.7766876220703
2024-06-10,FSLR,194.0,279.79998779296875,54281.19763183594,0.23132114122237757,272.7200012207031,1373.5173950195312
2024-06-10,PEG,757.0,69.57022094726562,52664.65725708008,0.22443220028822877,70.0431137084961,-357.97982025146484
2024-06-11,ETR,1005.0,51.05613708496094,51311.41777038574,0.21584149547234913,52.76492691040039,-1717.3337745666504
2024-06-11,FSLR,194.0,294.5299987792969,57138.819763183594,0.24035446384271383,272.7200012207031,4231.1395263671875
2024-06-11,PEG,757.0,69.78809356689453,52829.58683013916,0.22222767411397984,70.0431137084961,-193.0502471923828
2024-06-12,ETR,1005.0,50.67850112915039,50931.89363479614,0.21391423549550967,52.76492691040039,-2096.85791015625
2024-06-12,FSLR,194.0,300.7099914550781,58337.738342285156,0.24501882430503824,272.7200012207031,5430.05810546875
2024-06-12,PEG,757.0,69.19129180908203,52377.8078994751,0.21998708341941917,70.0431137084961,-644.8291778564453
2024-06-13,ETR,1005.0,50.55576705932617,50808.5458946228,0.21500039346077582,52.76492691040039,-2220.20565032959
2024-06-13,FSLR,194.0,291.55999755859375,56562.63952636719,0.23934929723379475,272.7200012207031,3654.9592895507812
2024-06-13,PEG,757.0,69.35233306884766,52499.716133117676,0.22215671451431795,70.0431137084961,-522.9209442138672
2024-06-14,ETR,1005.0,50.51800537109375,50770.59539794922,0.21847208622354822,52.76492691040039,-2258.156147003174
2024-06-14,FSLR,194.0,273.6099853515625,53080.337158203125,0.2284111877260038,272.7200012207031,172.65692138671875
2024-06-14,PEG,757.0,68.81238555908203,52090.9758682251,0.22415384499925192,70.0431137084961,-931.6612091064453
2024-06-17,ETR,1005.0,50.211177825927734,50462.23371505737,0.219394279385546,52.76492691040039,-2566.5178298950195
2024-06-17,FSLR,194.0,261.3299865722656,50698.01739501953,0.22041939434276864,272.7200012207031,-2209.662841796875
2024-06-17,PEG,757.0,69.21971893310547,52399.32723236084,0.22781616650871542,70.0431137084961,-623.3098449707031
2024-06-18,ETR,1005.0,50.060123443603516,50310.42406082153,0.2185368909171845,52.76492691040039,-2718.3274841308594
2024-06-18,FSLR,194.0,262.3699951171875,50899.779052734375,0.2210969132183969,272.7200012207031,-2007.9011840820312
2024-06-18,PEG,757.0,69.42813873291016,52557.10102081299,0.22829593801124684,70.0431137084961,-465.5360565185547
2024-06-20,ETR,1005.0,50.173404693603516,50424.27171707153,0.21914983890363343,52.76492691040039,-2604.4798278808594
2024-06-20,FSLR,194.0,260.07000732421875,50453.58142089844,0.21927722233731037,272.7200012207031,-2454.0988159179688
2024-06-20,PEG,757.0,69.70284271240234,52765.051933288574,0.22932314611907711,70.0431137084961,-257.58514404296875
2024-06-21,ETR,1005.0,49.94683074951172,50196.56490325928,0.21898751352602083,52.76492691040039,-2832.1866416931152
2024-06-21,FSLR,194.0,258.8699951171875,50220.779052734375,0.21909315016462186,272.7200012207031,-2686.9011840820312
2024-06-21,PEG,757.0,69.16287994384766,52356.300117492676,0.22840957348871063,70.0431137084961,-666.3369598388672
2024-06-24,ETR,1005.0,50.853153228759766,51107.418994903564,0.2204356897522455,52.76492691040039,-1921.3325500488281
2024-06-24,FSLR,194.0,261.2799987792969,50688.319763183594,0.21862803775111353,272.7200012207031,-2219.3604736328125
2024-06-24,PEG,757.0,70.81119537353516,53604.07489776611,0.23120422545302904,70.0431137084961,581.4378204345703
2024-06-25,ETR,1005.0,50.343345642089844,50595.06237030029,0.2203541080088636,52.76492691040039,-2433.6891746520996
2024-06-25,FSLR,194.0,256.739990234375,49807.55810546875,0.21692433064126035,272.7200012207031,-3100.1221313476562
2024-06-25,PEG,757.0,69.69336700439453,52757.87882232666,0.22977371276367312,70.0431137084961,-264.7582550048828
2024-06-26,ETR,1005.0,50.225337982177734,50476.46467208862,0.221922972374792,52.76492691040039,-2552.2868728637695
2024-06-26,FSLR,194.0,247.92999267578125,48098.41857910156,0.21146774218328912,272.7200012207031,-4809.261657714844
2024-06-26,PEG,757.0,69.25761413574219,52428.013900756836,0.23050308210266812,70.0431137084961,-594.623176574707
2024-06-27,ETR,1005.0,50.39527130126953,50647.24765777588,0.2221230238666021,52.76492691040039,-2381.5038871765137
2024-06-27,FSLR,194.0,249.9199981689453,48484.47964477539,0.21263779824850526,272.7200012207031,-4423.200592041016
2024-06-27,PEG,757.0,69.26708984375,52435.18701171875,0.2299643679505173,70.0431137084961,-587.450065612793
2024-06-28,ETR,1005.0,50.50856399536133,50761.106815338135,0.22681567296868327,52.76492691040039,-2267.644729614258
2024-06-28,FSLR,194.0,225.4600067138672,43739.241302490234,0.1954398962822904,272.7200012207031,-9168.438934326172
2024-06-28,PEG,757.0,69.81652069091797,52851.1061630249,0.23615440961747605,70.0431137084961,-171.53091430664062
2024-07-01,HALO,961.0,52.02000045776367,49991.22043991089,0.22530930695169185,52.02000045776367,0.0
2024-07-01,HEI,226.0,220.3267059326172,49793.835540771484,0.22441969764756844,220.3267059326172,0.0
2024-07-01,UTHR,156.0,319.010009765625,49765.5615234375,0.22429226728691307,319.010009765625,0.0
2024-07-02,HALO,961.0,51.29999923706055,49299.299266815186,0.22238988968945858,52.02000045776367,-691.9211730957031
2024-07-02,HEI,226.0,223.86248779296875,50592.92224121094,0.22822544262538585,220.3267059326172,799.0867004394531
2024-07-02,UTHR,156.0,317.04998779296875,49459.798095703125,0.22311390235054124,319.010009765625,-305.763427734375
2024-07-03,HALO,961.0,52.0099983215332,49981.60838699341,0.2248338029762023,52.02000045776367,-9.612052917480469
2024-07-03,HEI,226.0,227.75782775878906,51473.26907348633,0.23154378602231754,220.3267059326172,1679.4335327148438
2024-07-03,UTHR,156.0,311.0400085449219,48522.24133300781,0.21826908736830797,319.010009765625,-1243.3201904296875
2024-07-05,HALO,961.0,51.560001373291016,49549.161319732666,0.22294582070049934,52.02000045776367,-442.05912017822266
2024-07-05,HEI,226.0,226.98873901367188,51299.455017089844,0.23082124491416417,220.3267059326172,1505.6194763183594
2024-07-05,UTHR,156.0,314.55999755859375,49071.359619140625,0.22079595803010607,319.010009765625,-694.201904296875
2024-07-08,HALO,961.0,52.54999923706055,50500.549266815186,0.22567824060333136,52.02000045776367,509.3288269042969
2024-07-08,HEI,226.0,227.91763305664062,51509.38507080078,0.23018655373272387,220.3267059326172,1715.5495300292969
2024-07-08,UTHR,156.0,316.8900146484375,49434.84228515625,0.22091577999426396,319.010009765625,-330.71923828125
2024-07-09,HALO,961.0,52.880001068115234,50817.68102645874,0.2266186819832117,52.02000045776367,826.4605865478516
2024-07-09,HEI,226.0,224.62156677246094,50764.47409057617,0.22638140854927058,220.3267059326172,970.6385498046875
2024-07-09,UTHR,156.0,322.6499938964844,50333.39904785156,0.22445905286430248,319.010009765625,567.8375244140625
2024-07-10,HALO,961.0,52.959999084472656,50894.55912017822,0.22562111903240248,52.02000045776367,903.338680267334
2024-07-10,HEI,226.0,225.62037658691406,50990.20510864258,0.226045128107662,220.3267059326172,1196.3695678710938
2024-07-10,UTHR,156.0,329.25,51363.0,0.2276977684293713,319.010009765625,1597.4384765625
2024-07-11,HALO,961.0,52.81999969482422,50760.019706726074,0.22601467171217404,52.02000045776367,768.7992668151855
2024-07-11,HEI,226.0,225.55047607421875,50974.40759277344,0.2269692577813682,220.3267059326172,1180.5720520019531
2024-07-11,UTHR,156.0,323.8800048828125,50525.28076171875,0.22496947027410483,319.010009765625,759.71923828125
2024-07-12,HALO,961.0,53.18000030517578,51105.980293273926,0.22748538572543928,52.02000045776367,1114.759853363037
2024-07-12,HEI,226.0,226.0498809814453,51087.27310180664,0.22740211537933977,220.3267059326172,1293.4375610351562
2024-07-12,UTHR,156.0,321.3800048828125,50135.28076171875,0.223164561506979,319.010009765625,369.71923828125
2024-07-15,HALO,961.0,52.54999923706055,50500.549266815186,0.224738185037568,52.02000045776367,509.3288269042969
2024-07-15,HEI,226.0,224.9012451171875,50827.681396484375,0.22619399259128187,220.3267059326172,1033.8458557128906
2024-07-15,UTHR,156.0,327.260009765625,51052.5615234375,0.22719475698525793,319.010009765625,1287.0
2024-07-16,HALO,961.0,55.099998474121094,52951.09853363037,0.23165758878370682,52.02000045776367,2959.8780937194824
2024-07-16,HEI,226.0,230.52452087402344,52098.5417175293,0.22792770853969918,220.3267059326172,2304.7061767578125
2024-07-16,UTHR,156.0,328.19000244140625,51197.640380859375,0.22398632418385958,319.010009765625,1432.078857421875
2024-07-17,HALO,961.0,54.75,52614.75,0.23088699946665922,52.02000045776367,2623.5295600891113
2024-07-17,HEI,226.0,226.6990966796875,51233.995849609375,0.22482789659560448,220.3267059326172,1440.1603088378906
2024-07-17,UTHR,156.0,331.44000244140625,51704.640380859375,0.22689320534715618,319.010009765625,1939.078857421875
2024-07-18,HALO,961.0,54.29999923706055,52182.299266815186,0.23053991304740912,52.02000045776367,2191.078826904297
2024-07-18,HEI,226.0,223.74261474609375,50565.83093261719,0.22339840195177046,220.3267059326172,771.9953918457031
2024-07-18,UTHR,156.0,328.6700134277344,51272.52209472656,0.22652054339346955,319.010009765625,1506.9605712890625
2024-07-19,HALO,961.0,54.040000915527344,51932.44087982178,0.23011722521987668,52.02000045776367,1941.2204399108887
2024-07-19,HEI,226.0,221.54525756835938,50069.22821044922,0.22186116557379282,220.3267059326172,275.3926696777344
2024-07-19,UTHR,156.0,329.1600036621094,51348.96057128906,0.22753177251834275,319.010009765625,1583.3990478515625
2024-07-22,HALO,961.0,54.34000015258789,52220.74014663696,0.22964321026873222,52.02000045776367,2229.519706726074
2024-07-22,HEI,226.0,225.49053955078125,50960.86193847656,0.22410283540125334,220.3267059326172,1167.0263977050781
2024-07-22,UTHR,156.0,332.6300048828125,51890.28076171875,0.22818999926860173,319.010009765625,2124.71923828125
2024-07-23,HALO,961.0,55.400001525878906,53239.40146636963,0.2311823987074909,52.02000045776367,3248.1810264587402
2024-07-23,HEI,226.0,230.94403076171875,52193.35095214844,0.2266401149780313,220.3267059326172,2399.515411376953
2024-07-23,UTHR,156.0,336.739990234375,52531.4384765625,0.2281081984409247,319.010009765625,2765.876953125
2024-07-24,HALO,961.0,55.150001525878906,52999.15146636963,0.23212855970228002,52.02000045776367,3007.9310264587402
2024-07-24,HEI,226.0,226.8289337158203,51263.33901977539,0.22452595415119134,220.3267059326172,1469.5034790039062
2024-07-24,UTHR,156.0,331.5899963378906,51728.03942871094,0.2265612742201875,319.010009765625,1962.4779052734375
2024-07-25,HALO,961.0,55.970001220703125,53787.1711730957,0.23316994884326941,52.02000045776367,3795.9507331848145
2024-07-25,HEI,226.0,230.4845733642578,52089.513580322266,0.2258105223215346,220.3267059326172,2295.6780395507812
2024-07-25,UTHR,156.0,336.3699951171875,52473.71923828125,0.2274760721479661,319.010009765625,2708.15771484375
2024-07-26,HALO,961.0,56.22999954223633,54037.02956008911,0.23291851732499724,52.02000045776367,4045.8091201782227
2024-07-26,HEI,226.0,233.95042419433594,52872.79586791992,0.22790026247998746,220.3267059326172,3078.9603271484375
2024-07-26,UTHR,156.0,338.2200012207031,52762.32019042969,0.22742407362928674,319.010009765625,2996.7586669921875
2024-07-29,HALO,961.0,55.470001220703125,53306.6711730957,0.2302642612295847,52.02000045776367,3315.4507331848145
2024-07-29,HEI,226.0,237.0167694091797,53565.78988647461,0.2313835541397199,220.3267059326172,3771.954345703125
2024-07-29,UTHR,156.0,335.2699890136719,52302.11828613281,0.22592498017353366,319.010009765625,2536.5567626953125
2024-07-30,HALO,961.0,55.689998626708984,53518.088680267334,0.23030946683872416,52.02000045776367,3526.8682403564453
2024-07-30,HEI,226.0,238.37513732910156,53872.78103637695,0.2318358480948899,220.3267059326172,4078.9454956054688
2024-07-30,UTHR,156.0,337.5400085449219,52656.24133300781,0.22660059740899627,319.010009765625,2890.6798095703125
2024-07-31,HALO,961.0,55.2599983215332,53104.85838699341,0.2321184905287085,52.02000045776367,3113.6379470825195
2024-07-31,HEI,226.0,241.0519256591797,54477.73519897461,0.23811926151197116,220.3267059326172,4683.899658203125
2024-07-31,UTHR,156.0,313.2900085449219,48873.24133300781,0.21362231912554272,319.010009765625,-892.3201904296875
2024-08-01,HALO,943.0,55.04999923706055,51912.149280548096,0.2252245590132446,52.02000045776367,2857.288848876953
2024-08-01,UTHR,158.0,327.7900085449219,51790.821350097656,0.22469816914092372,319.1211489906794,1369.6798095703125
2024-08-01,AAPL,239.0,216.48472595214844,51739.84950256348,0.2244770241480448,216.48472595214844,0.0
2024-08-02,HALO,943.0,54.09000015258789,51006.87014389038,0.2218429054550589,52.02000045776367,1952.0097122192383
2024-08-02,UTHR,158.0,327.67999267578125,51773.43884277344,0.22517692353755225,319.1211489906794,1352.2973022460938
2024-08-02,AAPL,239.0,217.97181701660156,52095.26426696777,0.22657663081132096,216.48472595214844,355.4147644042969
2024-08-05,HALO,943.0,52.11000061035156,49139.73057556152,0.21816871417853081,52.02000045776367,84.87014389038086
2024-08-05,UTHR,158.0,325.7200012207031,51463.760192871094,0.22848685282891673,319.1211489906794,1042.61865234375
2024-08-05,AAPL,239.0,207.47279357910156,49585.99766540527,0.22015003389744328,216.48472595214844,-2153.851837158203
2024-08-06,HALO,943.0,51.939998626708984,48979.41870498657,0.21865858740671174,52.02000045776367,-75.44172668457031
2024-08-06,UTHR,158.0,321.9599914550781,50869.678649902344,0.22709726594383964,319.1211489906794,448.537109375
2024-08-06,AAPL,239.0,205.45028686523438,49102.618560791016,0.21920858794063328,216.48472595214844,-2637.230941772461
2024-08-07,HALO,943.0,54.119998931884766,51035.158992767334,0.2251104690844058,52.02000045776367,1980.2985610961914
2024-08-07,UTHR,158.0,322.2300109863281,50912.341735839844,0.22456873568209534,319.1211489906794,491.2001953125
2024-08-07,AAPL,239.0,208.01805114746094,49716.314224243164,0.2192931899703334,216.48472595214844,-2023.5352783203125
2024-08-08,HALO,943.0,54.459999084472656,51355.779136657715,0.22401534338649173,52.02000045776367,2300.9187049865723
2024-08-08,UTHR,158.0,331.0400085449219,52304.321350097656,0.2281529110221594,319.1211489906794,1883.1798095703125
2024-08-08,AAPL,239.0,211.47808837890625,50543.263122558594,0.22047112583268746,216.48472595214844,-1196.5863800048828
2024-08-09,HALO,943.0,55.20000076293945,52053.600719451904,0.22580947300660628,52.02000045776367,2998.7402877807617
2024-08-09,UTHR,158.0,330.260009765625,52181.08154296875,0.22636248715315754,319.1211489906794,1759.9400024414062
2024-08-09,AAPL,239.0,214.38291931152344,51237.5177154541,0.2222692899930318,216.48472595214844,-502.331787109375
2024-08-12,HALO,943.0,56.06999969482422,52874.00971221924,0.22764823542594104,52.02000045776367,3819.1492805480957
2024-08-12,UTHR,158.0,333.7799987792969,52737.239807128906,0.2270593747035814,319.1211489906794,2316.0982666015625
2024-08-12,AAPL,239.0,215.9114532470703,51602.837326049805,0.2221752222724336,216.48472595214844,-137.01217651367188
2024-08-13,HALO,943.0,55.9900016784668,52798.57158279419,0.22810740125962317,52.02000045776367,3743.711151123047
2024-08-13,UTHR,158.0,323.5899963378906,51127.21942138672,0.22088660367553564,319.1211489906794,706.077880859375
2024-08-13,AAPL,239.0,219.6236572265625,52490.05407714844,0.22677450295676665,216.48472595214844,750.2045745849609
2024-08-14,HALO,943.0,57.40999984741211,54137.62985610962,0.23239652821407156,52.02000045776367,5082.769424438477
2024-08-14,UTHR,158.0,323.8699951171875,51171.459228515625,0.21966365169591706,319.1211489906794,750.3176879882812
2024-08-14,AAPL,239.0,220.07029724121094,52596.801040649414,0.22578221450590058,216.48472595214844,856.9515380859375
2024-08-15,HALO,943.0,59.099998474121094,55731.29856109619,0.23701910594812448,52.02000045776367,6676.438129425049
2024-08-15,UTHR,158.0,323.0799865722656,51046.63787841797,0.2170957573927076,319.1211489906794,625.496337890625
2024-08-15,AAPL,239.0,223.04795837402344,53308.4620513916,0.22671504775792964,216.48472595214844,1568.612548828125
2024-08-16,HALO,943.0,59.41999816894531,56033.05827331543,0.23801189264633255,52.02000045776367,6978.197841644287
2024-08-16,UTHR,158.0,320.989990234375,50716.41845703125,0.21542837598336148,319.1211489906794,295.27691650390625
2024-08-16,AAPL,239.0,224.3680877685547,53623.97297668457,0.22777880937965267,216.48472595214844,1884.1234741210938
2024-08-19,HALO,943.0,61.7400016784668,58220.82158279419,0.24065124557123194,52.02000045776367,9165.961151123047
2024-08-19,UTHR,158.0,348.5799865722656,55075.63787841797,0.2276508729307991,319.1211489906794,4654.496337890625
2024-08-19,AAPL,239.0,224.20924377441406,53586.00926208496,0.2214936087044724,216.48472595214844,1846.1597595214844
2024-08-20,HALO,943.0,60.93000030517578,57456.99028778076,0.2383663095216734,52.02000045776367,8402.12985610962
2024-08-20,UTHR,158.0,346.8800048828125,54807.040771484375,0.22737271790724026,319.1211489906794,4385.899230957031
2024-08-20,AAPL,239.0,224.8246612548828,53733.09403991699,0.22291733801796296,216.48472595214844,1993.2445373535156
2024-08-21,HALO,943.0,62.16999816894531,58626.30827331543,0.2413245991093888,52.02000045776367,9571.447841644287
2024-08-21,UTHR,158.0,351.6099853515625,55554.377685546875,0.22867955221117667,319.1211489906794,5133.236145019531
2024-08-21,AAPL,239.0,224.7154541015625,53706.99353027344,0.2210751293197677,216.48472595214844,1967.144027709961
2024-08-22,HALO,943.0,61.63999938964844,58126.51942443848,0.2409457546311301,52.02000045776367,9071.658992767334
2024-08-22,UTHR,158.0,346.8699951171875,54805.459228515625,0.22717931268680805,319.1211489906794,4384.317687988281
2024-08-22,AAPL,239.0,222.85939025878906,53263.394271850586,0.22078715281979794,216.48472595214844,1523.5447692871094
2024-08-23,HALO,943.0,62.720001220703125,59144.96115112305,0.24340203087938633,52.02000045776367,10090.100719451904
2024-08-23,UTHR,158.0,348.0299987792969,54988.739807128906,0.22629773837122874,319.1211489906794,4567.5982666015625
2024-08-23,AAPL,239.0,225.15220642089844,53811.37733459473,0.22145248340244508,216.48472595214844,2071.52783203125
2024-08-26,HALO,943.0,62.15999984741211,58616.87985610962,0.2418880907985892,52.02000045776367,9562.019424438477
2024-08-26,UTHR,158.0,346.6700134277344,54773.86212158203,0.22602951516317676,319.1211489906794,4352.7205810546875
2024-08-26,AAPL,239.0,225.48965454101562,53892.027435302734,0.22239054104535122,216.48472595214844,2152.177932739258
2024-08-27,HALO,943.0,63.20000076293945,59597.600719451904,0.2443351630432141,52.02000045776367,10542.740287780762
2024-08-27,UTHR,158.0,349.2300109863281,55178.341735839844,0.22621731347786045,319.1211489906794,4757.2001953125
2024-08-27,AAPL,239.0,226.3333282470703,54093.665451049805,0.22177041370850814,216.48472595214844,2353.815948486328
2024-08-28,HALO,943.0,64.41999816894531,60748.05827331543,0.24656352663198478,52.02000045776367,11693.197841644287
2024-08-28,UTHR,158.0,359.8399963378906,56854.71942138672,0.23076128726845038,319.1211489906794,6433.577880859375
2024-08-28,AAPL,239.0,224.8048095703125,53728.34948730469,0.218072012608258,216.48472595214844,1988.499984741211
2024-08-29,HALO,943.0,63.7400016784668,60106.82158279419,0.24376139124090954,52.02000045776367,11051.961151123047
2024-08-29,UTHR,158.0,360.2200012207031,56914.760192871094,0.23081608312372273,319.1211489906794,6493.61865234375
2024-08-29,AAPL,239.0,228.0802459716797,54511.178787231445,0.22106843165969625,216.48472595214844,2771.3292846679688
2024-08-30,HALO,943.0,63.849998474121094,60210.54856109619,0.2437446810235186,52.02000045776367,11155.688129425049
2024-08-30,UTHR,158.0,363.54998779296875,57440.89807128906,0.23253256634730612,319.1211489906794,7019.756530761719
2024-08-30,AAPL,239.0,227.29612731933594,54323.77442932129,0.21991380890397633,216.48472595214844,2583.9249267578125
2024-09-03,HALO,887.0,61.220001220703125,54302.14108276367,0.2252981274925545,52.02000045776367,8160.400676727295
2024-09-03,UTHR,154.0,352.3999938964844,54269.599060058594,0.2251631115128144,319.1211489906794,5124.94211549397
2024-09-03,ROIV,4610.0,11.770000457763672,54259.70211029053,0.22512204933356747,11.770000457763672,0.0
2024-09-04,HALO,887.0,62.130001068115234,55109.31094741821,0.22783001952888438,52.02000045776367,8967.570541381836
2024-09-04,UTHR,154.0,353.3699951171875,54418.979248046875,0.2249760864666611,319.1211489906794,5274.322303482251
2024-09-04,ROIV,4610.0,11.75,54167.5,0.2239364341645611,11.770000457763672,-92.20211029052734
2024-09-05,HALO,887.0,61.04999923706055,54151.349323272705,0.2233590263533702,52.02000045776367,8009.608917236328
2024-09-05,UTHR,154.0,350.010009765625,53901.54150390625,0.2223286396315906,319.1211489906794,4756.884559341626
2024-09-05,ROIV,4610.0,12.1899995803833,56195.89806556702,0.23179221263806732,11.770000457763672,1936.1959552764893
2024-09-06,HALO,887.0,59.209999084472656,52519.269187927246,0.21824707841177432,52.02000045776367,6377.528781890869
2024-09-06,UTHR,154.0,345.6300048828125,53227.020751953125,0.22118818390464207,319.1211489906794,4082.3638073885013
2024-09-06,ROIV,4610.0,12.300000190734863,56703.00087928772,0.23563283477542282,11.770000457763672,2443.2987689971924
2024-09-09,HALO,887.0,59.2400016784668,52545.88148880005,0.21707409292630792,52.02000045776367,6404.141082763672
2024-09-09,UTHR,154.0,348.7099914550781,53701.33868408203,0.2218474417687757,319.1211489906794,4556.681739517408
2024-09-09,ROIV,4610.0,12.5,57625.0,0.2380566135814986,11.770000457763672,3365.2978897094727
2024-09-10,HALO,887.0,59.2599983215332,52563.61851119995,0.21929796833889537,52.02000045776367,6421.878105163574
2024-09-10,UTHR,154.0,342.4599914550781,52738.83868408203,0.22002899540692042,319.1211489906794,3594.1817395174076
2024-09-10,ROIV,4610.0,12.1899995803833,56195.89806556702,0.2344520149831895,11.770000457763672,1936.1959552764893
2024-09-11,HALO,887.0,59.38999938964844,52678.929458618164,0.21835279137747396,52.02000045776367,6537.189052581787
2024-09-11,UTHR,154.0,346.19000244140625,53313.26037597656,0.22098207651833934,319.1211489906794,4168.603431411939
2024-09-11,ROIV,4610.0,12.380000114440918,57071.80052757263,0.23656112761219283,11.770000457763672,2812.0984172821045
2024-09-12,HALO,887.0,60.540000915527344,53698.980812072754,0.2234709155948493,52.02000045776367,7557.240406036377
2024-09-12,UTHR,154.0,341.1099853515625,52530.937744140625,0.21861004766220643,319.1211489906794,3386.2807995760013
2024-09-12,ROIV,4610.0,12.119999885559082,55873.19947242737,0.2325190321025581,11.770000457763672,1613.4973621368408
2024-09-13,HALO,887.0,62.29999923706055,55260.099323272705,0.22956170496709807,52.02000045776367,9118.358917236328
2024-09-13,UTHR,154.0,339.1199951171875,52224.479248046875,0.21695112104424744,319.1211489906794,3079.8223034822513
2024-09-13,ROIV,4610.0,11.9399995803833,55043.39806556702,0.22866148381663623,11.770000457763672,783.6959552764893
2024-09-16,HALO,887.0,62.90999984741211,55801.16986465454,0.22998980218197496,52.02000045776367,9659.429458618164
2024-09-16,UTHR,154.0,344.9800109863281,53126.92169189453,0.2189676352680844,319.1211489906794,3982.2647473299076
2024-09-16,ROIV,4610.0,12.039999961853027,55504.399824142456,0.22876663637601677,11.770000457763672,1244.6977138519287
2024-09-17,HALO,887.0,61.93000030517578,54931.91027069092,0.22717203442347025,52.02000045776367,8790.169864654541
2024-09-17,UTHR,154.0,345.0199890136719,53133.07830810547,0.21973292818243836,319.1211489906794,3988.421363540845
2024-09-17,ROIV,4610.0,12.050000190734863,55550.50087928772,0.22973022849204913,11.770000457763672,1290.7987689971924
2024-09-18,HALO,887.0,62.310001373291016,55268.97121810913,0.22881923878704666,52.02000045776367,9127.230812072754
2024-09-18,UTHR,154.0,342.5899963378906,52758.859436035156,0.21842711722976368,319.1211489906794,3614.2024914705326
2024-09-18,ROIV,4610.0,12.0,55320.0,0.22903050320487742,11.770000457763672,1060.2978897094727
2024-09-19,HALO,887.0,59.5,52776.5,0.21987957637511946,52.02000045776367,6634.759593963623
2024-09-19,UTHR,154.0,351.3299865722656,54104.817932128906,0.22541366795390885,319.1211489906794,4960.160987564283
2024-09-19,ROIV,4610.0,11.920000076293945,54951.20035171509,0.22893990042233625,11.770000457763672,691.4982414245605
2024-09-20,HALO,887.0,59.2400016784668,52545.88148880005,0.21868455481075716,52.02000045776367,6404.141082763672
2024-09-20,UTHR,154.0,353.0,54362.0,0.22624284590517887,319.1211489906794,5217.343055435376
2024-09-20,ROIV,4610.0,11.970000267028809,55181.70123100281,0.22965426453021204,11.770000457763672,921.9991207122803
2024-09-23,HALO,887.0,58.529998779296875,51916.10891723633,0.21656254468137823,52.02000045776367,5774.368511199951
2024-09-23,UTHR,154.0,355.5899963378906,54760.859436035156,0.2284291198963441,319.1211489906794,5616.202491470533
2024-09-23,ROIV,4610.0,11.899999618530273,54858.99824142456,0.2288384955192553,11.770000457763672,599.2961311340332
2024-09-24,HALO,887.0,56.20000076293945,49849.400676727295,0.21029569227011136,52.02000045776367,3707.660270690918
2024-09-24,UTHR,154.0,357.8699951171875,55111.979248046875,0.232496512917052,319.1211489906794,5967.322303482251
2024-09-24,ROIV,4610.0,11.6899995803833,53890.89806556702,0.2273452350861935,11.770000457763672,-368.80404472351074
2024-09-25,HALO,887.0,55.869998931884766,49556.68905258179,0.20877139794853253,52.02000045776367,3414.94864654541
2024-09-25,UTHR,154.0,359.510009765625,55364.54150390625,0.23323859901709648,319.1211489906794,6219.884559341626
2024-09-25,ROIV,4610.0,11.770000457763672,54259.70211029053,0.228584154397743,11.770000457763672,0.0
2024-09-26,HALO,887.0,56.95000076293945,50514.650676727295,0.21302219230385971,52.02000045776367,4372.910270690918
2024-09-26,UTHR,154.0,357.7200012207031,55088.88018798828,0.23231189114441314,319.1211489906794,5944.223243423658
2024-09-26,ROIV,4610.0,11.569999694824219,53337.69859313965,0.2249270921314668,11.770000457763672,-922.0035171508789
2024-09-27,HALO,887.0,56.970001220703125,50532.39108276367,0.21334209343091173,52.02000045776367,4390.650676727295
2024-09-27,UTHR,154.0,358.5299987792969,55213.61981201172,0.23310571663431398,319.1211489906794,6068.962867447095
2024-09-27,ROIV,4610.0,11.479999542236328,52922.79788970947,0.2234341231452798,11.770000457763672,-1336.9042205810547
2024-09-30,HALO,887.0,57.2400016784668,50771.88148880005,0.21391213862401767,52.02000045776367,4630.141082763672
2024-09-30,UTHR,154.0,358.3500061035156,55185.900939941406,0.23250928950821226,319.1211489906794,6041.243995376783
2024-09-30,ROIV,4610.0,11.539999961853027,53199.399824142456,0.2241397611472574,11.770000457763672,-1060.3022861480713
2024-10-01,AEE,632.0,83.81316375732422,52969.919494628906,0.22524851860689127,83.81316375732422,0.0
2024-10-01,EXP,187.0,281.9232177734375,52719.64172363281,0.2241842410377547,281.9232177734375,0.0
2024-10-01,PEG,612.0,86.59915161132812,52998.68078613281,0.22537082270639314,86.59915161132812,0.0
2024-10-02,AEE,632.0,83.71737670898438,52909.382080078125,0.22529577382331434,83.81316375732422,-60.53741455078125
2024-10-02,EXP,187.0,279.6091613769531,52286.913177490234,0.2226452115302746,281.9232177734375,-432.7285461425781
2024-10-02,PEG,612.0,86.88549041748047,53173.92013549805,0.22642221498664797,86.59915161132812,175.23934936523438
2024-10-03,AEE,632.0,84.3112564086914,53284.71405029297,0.22559809208536655,83.81316375732422,314.7945556640625
2024-10-03,EXP,187.0,283.0354919433594,52927.6369934082,0.22408629073301944,281.9232177734375,207.99526977539062
2024-10-03,PEG,612.0,87.42953491210938,53506.87536621094,0.22653868395865617,86.59915161132812,508.194580078125
2024-10-04,AEE,632.0,84.04303741455078,53115.199645996094,0.22519385956864518,83.81316375732422,145.2801513671875
2024-10-04,EXP,187.0,280.8406677246094,52517.20486450195,0.22265852592132593,281.9232177734375,-202.43685913085938
2024-10-04,PEG,612.0,87.83995056152344,53758.049743652344,0.22791936743795815,86.59915161132812,759.3689575195312
2024-10-07,AEE,632.0,83.46833801269531,52751.98962402344,0.2247980197403008,83.81316375732422,-217.92987060546875
2024-10-07,EXP,187.0,282.76739501953125,52877.502868652344,0.22533288352543676,281.9232177734375,157.86114501953125
2024-10-07,PEG,612.0,85.88328552246094,52560.570739746094,0.2239823047988714,86.59915161132812,-438.11004638671875
2024-10-08,AEE,632.0,83.09476470947266,52515.89129638672,0.22278594629750167,83.81316375732422,-454.0281982421875
2024-10-08,EXP,187.0,286.541259765625,53583.215576171875,0.22731381098394937,281.9232177734375,863.5738525390625
2024-10-08,PEG,612.0,86.84730529785156,53150.550842285156,0.22547833566802072,86.59915161132812,151.87005615234375
2024-10-09,AEE,632.0,82.7403564453125,52291.9052734375,0.2217595735945816,83.81316375732422,-678.0142211914062
2024-10-09,EXP,187.0,291.1395568847656,54443.09713745117,0.2308823505901662,281.9232177734375,1723.4554138183594
2024-10-09,PEG,612.0,85.9405517578125,52595.61767578125,0.22304755750885957,86.59915161132812,-403.0631103515625
2024-10-10,AEE,632.0,82.19437408447266,51946.84442138672,0.2220085088647916,83.81316375732422,-1023.0750732421875
2024-10-10,EXP,187.0,287.445068359375,53752.227783203125,0.22972428972791462,281.9232177734375,1032.5860595703125
2024-10-10,PEG,612.0,84.66156005859375,51812.874755859375,0.22143595424654425,86.59915161132812,-1185.8060302734375
2024-10-11,AEE,632.0,82.80741119384766,52334.28387451172,0.2234311223819333,83.81316375732422,-635.6356201171875
2024-10-11,EXP,187.0,289.9278869628906,54216.51486206055,0.23146694423703865,281.9232177734375,1496.8731384277344
2024-10-11,PEG,612.0,83.66891479492188,51205.37585449219,0.21861146751508273,86.59915161132812,-1793.304931640625
2024-10-14,AEE,632.0,83.57369995117188,52818.578369140625,0.22323391269335136,83.81316375732422,-151.34112548828125
2024-10-14,EXP,187.0,295.3603820800781,55232.39144897461,0.23343571961355714,281.9232177734375,2512.749725341797
2024-10-14,PEG,612.0,85.10061645507812,52081.57727050781,0.2201190306956332,86.59915161132812,-917.103515625
2024-10-15,AEE,632.0,84.22505187988281,53230.23278808594,0.2254333078451328,83.81316375732422,260.31329345703125
2024-10-15,EXP,187.0,293.6720886230469,54916.680572509766,0.23257551787574252,281.9232177734375,2197.038848876953
2024-10-15,PEG,612.0,84.15570068359375,51503.288818359375,0.21811959398052239,86.59915161132812,-1495.3919677734375
2024-10-16,AEE,632.0,84.99134063720703,53714.527282714844,0.22501473906774366,83.81316375732422,744.6077880859375
2024-10-16,EXP,187.0,298.5682678222656,55832.26608276367,0.2338861276401228,281.9232177734375,3112.6243591308594
2024-10-16,PEG,612.0,86.10281372070312,52694.92199707031,0.22074352550769757,86.59915161132812,-303.7587890625
2024-10-17,AEE,632.0,84.58903503417969,53460.27014160156,0.22381958987608636,83.81316375732422,490.35064697265625
2024-10-17,EXP,187.0,302.26275634765625,56523.13543701172,0.23664274345253894,281.9232177734375,3803.4937133789062
2024-10-17,PEG,612.0,85.61602783203125,52397.009033203125,0.2193680847755212,86.59915161132812,-601.6717529296875
2024-10-18,AEE,632.0,85.0967025756836,53781.11602783203,0.22508298588414652,83.81316375732422,811.196533203125
2024-10-18,EXP,187.0,300.81280517578125,56251.994567871094,0.23542402676662358,281.9232177734375,3532.3528442382812
2024-10-18,PEG,612.0,85.67330932617188,52432.06530761719,0.21943698247919718,86.59915161132812,-566.615478515625
2024-10-21,AEE,632.0,84.51241302490234,53411.84503173828,0.22466539008927328,83.81316375732422,441.925537109375
2024-10-21,EXP,187.0,295.0922546386719,55182.25161743164,0.23211222301472392,281.9232177734375,2462.609893798828
2024-10-21,PEG,612.0,86.06463623046875,52671.557373046875,0.22155152994234611,86.59915161132812,-327.1234130859375
2024-10-22,AEE,632.0,84.06221771240234,53127.32159423828,0.22539487665750613,83.81316375732422,157.402099609375
2024-10-22,EXP,187.0,286.9981689453125,53668.65759277344,0.2276915171987325,281.9232177734375,949.015869140625
2024-10-22,PEG,612.0,85.68284606933594,52437.901794433594,0.22246998441601445,86.59915161132812,-560.7789916992188
2024-10-23,AEE,632.0,85.4415283203125,53999.0458984375,0.22814526932705637,83.81316375732422,1029.1264038085938
2024-10-23,EXP,187.0,284.5749206542969,53215.510162353516,0.2248348409933323,281.9232177734375,495.8684387207031
2024-10-23,PEG,612.0,86.59915161132812,52998.68078613281,0.22391873968796977,86.59915161132812,0.0
2024-10-24,AEE,632.0,85.25955200195312,53884.036865234375,0.22738534488140677,83.81316375732422,914.1173706054688
2024-10-24,EXP,187.0,287.4649353027344,53755.94290161133,0.2268448009320271,281.9232177734375,1036.3011779785156
2024-10-24,PEG,612.0,86.37006378173828,52858.47903442383,0.2230575915314134,86.59915161132812,-140.20175170898438
2024-10-25,AEE,632.0,84.10053253173828,53151.536560058594,0.22569855091776786,83.81316375732422,181.6170654296875
2024-10-25,EXP,187.0,286.18377685546875,53516.366271972656,0.22724773543132765,281.9232177734375,796.7245483398438
2024-10-25,PEG,612.0,85.54922485351562,52356.12561035156,0.2223209797250677,86.59915161132812,-642.55517578125
2024-10-28,AEE,632.0,84.40704345703125,53345.25146484375,0.22573644730286596,83.81316375732422,375.33197021484375
2024-10-28,EXP,187.0,287.0577392578125,53679.79724121094,0.22715211548219916,281.9232177734375,960.155517578125
2024-10-28,PEG,612.0,86.30325317382812,52817.59094238281,0.22350359229794006,86.59915161132812,-181.08984375
2024-10-29,AEE,632.0,82.38595581054688,52067.924072265625,0.22386865994667185,83.81316375732422,-901.9954223632812
2024-10-29,EXP,187.0,280.979736328125,52543.210693359375,0.22591217869359104,281.9232177734375,-176.4310302734375
2024-10-29,PEG,612.0,84.14615631103516,51497.447662353516,0.22141586791215634,86.59915161132812,-1501.2331237792969
2024-10-30,AEE,632.0,82.9606704711914,52431.14373779297,0.22400035513350486,83.81316375732422,-538.7757568359375
2024-10-30,EXP,187.0,286.35260009765625,53547.93621826172,0.2287716016561152,281.9232177734375,828.2944946289062
2024-10-30,PEG,612.0,84.33705139160156,51614.275451660156,0.2205104677660631,86.59915161132812,-1384.4053344726562
2024-10-31,AEE,632.0,83.43959045410156,52733.82116699219,0.22492543200615947,83.81316375732422,-236.09832763671875
2024-10-31,EXP,187.0,283.50225830078125,53014.922302246094,0.22612441195650645,281.9232177734375,295.28057861328125
2024-10-31,PEG,612.0,85.33924102783203,52227.6155090332,0.22276631431317395,86.59915161132812,-771.0652770996094
2024-11-01,AEE,636.0,82.26142883300781,52318.26873779297,0.22518620004282724,83.80340441817758,-980.6964721679688
2024-11-01,CPAY,158.0,329.80999755859375,52109.97961425781,0.22428969032699156,329.80999755859375,0.0
2024-11-01,ORCL,312.0,167.31739807128906,52203.02819824219,0.22469018632107388,167.31739807128906,0.0
2024-11-04,AEE,636.0,82.39552307128906,52403.552673339844,0.2256201538050193,83.80340441817758,-895.4125366210938
2024-11-04,CPAY,158.0,329.6700134277344,52087.86212158203,0.2242609682687565,329.80999755859375,-22.11749267578125
2024-11-04,ORCL,312.0,166.8942108154297,52070.99377441406,0.22418834267586593,167.31739807128906,-132.034423828125
2024-11-05,AEE,636.0,83.96642303466797,53402.64505004883,0.2281032249709903,83.80340441817758,103.67984008789062
2024-11-05,CPAY,158.0,330.80999755859375,52267.97961425781,0.223256632729642,329.80999755859375,158.0
2024-11-05,ORCL,312.0,169.04940795898438,52743.415283203125,0.22528740122904925,167.31739807128906,540.3870849609375
2024-11-06,AEE,636.0,84.07179260253906,53469.660095214844,0.22283014696465217,83.80340441817758,170.69488525390625
2024-11-06,CPAY,158.0,348.9700012207031,55137.260192871094,0.22977972499034577,329.80999755859375,3027.2805786132812
2024-11-06,ORCL,312.0,178.35902404785156,55648.01550292969,0.2319082532173939,167.31739807128906,3444.9873046875
2024-11-07,AEE,636.0,82.9031982421875,52726.43408203125,0.2193291527942433,83.80340441817758,-572.5311279296875
2024-11-07,CPAY,158.0,346.5,54747.0,0.2277342159977122,329.80999755859375,2637.0203857421875
2024-11-07,ORCL,312.0,183.407470703125,57223.130859375,0.23803431865114538,167.31739807128906,5020.1026611328125
2024-11-08,AEE,636.0,86.38982391357422,54943.9280090332,0.22282122073645635,83.80340441817758,1644.9627990722656
2024-11-08,CPAY,158.0,366.010009765625,57829.58154296875,0.23452378490238707,329.80999755859375,5719.6019287109375
2024-11-08,ORCL,312.0,186.24169921875,58107.41015625,0.2356504992275199,167.31739807128906,5904.3819580078125
2024-11-11,AEE,636.0,88.41092681884766,56229.34945678711,0.22585723134876082,83.80340441817758,2930.384246826172
2024-11-11,CPAY,158.0,373.1499938964844,58957.69903564453,0.2368162320838816,329.80999755859375,6847.719421386719
2024-11-11,ORCL,312.0,186.12359619140625,58070.56201171875,0.233252856124769,167.31739807128906,5867.5338134765625
2024-11-12,AEE,636.0,88.15229797363281,56064.86151123047,0.22503036902686369,83.80340441817758,2765.8963012695312
2024-11-12,CPAY,158.0,374.4800109863281,59167.841735839844,0.2374849576266596,329.80999755859375,7057.862121582031
2024-11-12,ORCL,312.0,186.56646728515625,58208.73779296875,0.23363535364331312,167.31739807128906,6005.7095947265625
2024-11-13,AEE,636.0,87.53925323486328,55674.96505737305,0.22433047497179903,83.80340441817758,2375.9998474121094
2024-11-13,CPAY,158.0,370.7699890136719,58581.658264160156,0.23604237936193034,329.80999755859375,6471.678649902344
2024-11-13,ORCL,312.0,186.6156463623047,58224.08166503906,0.2346016002211267,167.31739807128906,6021.053466796875
2024-11-14,AEE,636.0,85.93962860107422,54657.6037902832,0.2219184881632534,83.80340441817758,1358.6385803222656
2024-11-14,CPAY,158.0,370.2799987792969,58504.239807128906,0.23753643681405895,329.80999755859375,6394.260192871094
2024-11-14,ORCL,312.0,184.07666015625,57431.91796875,0.2331826410986348,167.31739807128906,5228.8897705078125
2024-11-15,AEE,636.0,87.37642669677734,55571.40737915039,0.2267295353905815,83.80340441817758,2272.442169189453
2024-11-15,CPAY,158.0,363.3599853515625,57410.877685546875,0.23423451443652377,329.80999755859375,5300.8980712890625
2024-11-15,ORCL,312.0,180.81927490234375,56415.61376953125,0.23017387001681996,167.31739807128906,4212.5855712890625
2024-11-18,AEE,636.0,88.45880126953125,56259.797607421875,0.22815063699658517,83.80340441817758,2960.8323974609375
2024-11-18,CPAY,158.0,364.57000732421875,57602.06115722656,0.2335939250446893,329.80999755859375,5492.08154296875
2024-11-18,ORCL,312.0,182.77764892578125,57026.62646484375,0.23126036187524496,167.31739807128906,4823.5982666015625
2024-11-19,AEE,636.0,88.23851013183594,56119.692443847656,0.22629296710041102,83.80340441817758,2820.7272338867188
2024-11-19,CPAY,158.0,368.19000244140625,58174.02038574219,0.23457668971406834,329.80999755859375,6064.040771484375
2024-11-19,ORCL,312.0,185.89723205566406,57999.93640136719,0.2338747261138883,167.31739807128906,5796.908203125
2024-11-20,AEE,636.0,88.35343933105469,56192.78741455078,0.22585273744282422,83.80340441817758,2893.8222045898438
2024-11-20,CPAY,158.0,369.239990234375,58339.91845703125,0.23448258917121717,329.80999755859375,6229.9388427734375
2024-11-20,ORCL,312.0,187.71786499023438,58567.973876953125,0.23539920041703502,167.31739807128906,6364.9456787109375
2024-11-21,AEE,636.0,90.01055145263672,57246.71072387695,0.22775216820469904,83.80340441817758,3947.7455139160156
2024-11-21,CPAY,158.0,375.4599914550781,59322.678649902344,0.2360112662436453,329.80999755859375,7212.699035644531
2024-11-21,ORCL,312.0,189.37115478515625,59083.80029296875,0.23506090485098433,167.31739807128906,6880.7720947265625
2024-11-22,AEE,636.0,89.85728454589844,57149.232971191406,0.22686225125921042,83.80340441817758,3850.2677612304688
2024-11-22,CPAY,158.0,379.8699951171875,60019.459228515625,0.2382560348063686,329.80999755859375,7909.4796142578125
2024-11-22,ORCL,312.0,189.23338317871094,59040.81555175781,0.23437116538385533,167.31739807128906,6837.787353515625
2024-11-25,AEE,636.0,89.5890884399414,56978.660247802734,0.22729220783377557,83.80340441817758,3679.695037841797
2024-11-25,CPAY,158.0,381.5400085449219,60283.321350097656,0.2404747522252432,329.80999755859375,8173.341735839844
2024-11-25,ORCL,312.0,185.00173950195312,57720.542724609375,0.2302516334393131,167.31739807128906,5517.5145263671875
2024-11-26,AEE,636.0,90.29790496826172,57429.46755981445,0.22793000895708332,83.80340441817758,4130.502349853516
2024-11-26,CPAY,158.0,382.1400146484375,60378.122314453125,0.23963283214512943,329.80999755859375,8268.142700195312
2024-11-26,ORCL,312.0,187.34388732910156,58451.29284667969,0.23198549922512718,167.31739807128906,6248.2646484375
2024-11-27,AEE,636.0,90.9780044555664,57862.010833740234,0.23163487513374376,83.80340441817758,4563.045623779297
2024-11-27,CPAY,158.0,380.6199951171875,60137.959228515625,0.24074601756793013,329.80999755859375,8027.9796142578125
2024-11-27,ORCL,312.0,179.79580688476562,56096.291748046875,0.22456629742546,167.31739807128906,3893.2635498046875
2024-11-29,AEE,636.0,90.4128646850586,57502.581939697266,0.229840729098634,83.80340441817758,4203.616729736328
2024-11-29,CPAY,158.0,381.17999267578125,60226.43884277344,0.24072812294157334,329.80999755859375,8116.459228515625
2024-11-29,ORCL,312.0,181.90179443359375,56753.35986328125,0.2268460505556629,167.31739807128906,4550.3316650390625
2024-12-02,AEE,636.0,88.96647644042969,56582.67901611328,0.22769927250083585,83.80340441817758,3283.7138061523438
2024-12-02,CPAY,158.0,382.989990234375,60512.41845703125,0.24351327825973687,329.80999755859375,8402.438842773438
2024-12-02,ORCL,312.0,178.52633666992188,55700.217041015625,0.22414808063022532,167.31739807128906,3497.1888427734375
2024-12-03,AEE,636.0,87.93199157714844,55924.746643066406,0.2264479671830961,83.80340441817758,2625.7814331054688
2024-12-03,CPAY,158.0,374.5799865722656,59183.63787841797,0.23964372290508762,329.80999755859375,7073.658264160156
2024-12-03,ORCL,312.0,179.9827880859375,56154.6298828125,0.22737880005145422,167.31739807128906,3951.6016845703125
2024-12-04,AEE,636.0,88.53544616699219,56308.54376220703,0.226675300438344,83.80340441817758,3009.5785522460938
2024-12-04,CPAY,158.0,371.0,58618.0,0.23597223215729723,329.80999755859375,6508.0203857421875
2024-12-04,ORCL,312.0,185.19854736328125,57781.94677734375,0.2326066218472816,167.31739807128906,5578.9185791015625
2024-12-05,AEE,636.0,88.39176177978516,56217.16049194336,0.22743399426171734,83.80340441817758,2918.195281982422
2024-12-05,CPAY,158.0,367.5799865722656,58077.63787841797,0.2349608027937876,329.80999755859375,5967.658264160156
2024-12-05,ORCL,312.0,183.27955627441406,57183.22155761719,0.23134232269638486,167.31739807128906,4980.193359375
2024-12-06,AEE,636.0,87.92240905761719,55918.65216064453,0.2252355665420329,83.80340441817758,2619.6869506835938
2024-12-06,CPAY,158.0,365.760009765625,57790.08154296875,0.23277352464517656,329.80999755859375,5680.1019287109375
2024-12-06,ORCL,312.0,188.64291381835938,58856.589111328125,0.23706932626233093,167.31739807128906,6653.5609130859375
2024-12-09,AEE,636.0,87.32852935791016,55540.94467163086,0.22497993659650778,83.80340441817758,2241.979461669922
2024-12-09,CPAY,158.0,361.7200012207031,57151.760192871094,0.23150487375736967,329.80999755859375,5041.780578613281
2024-12-09,ORCL,312.0,187.42262268066406,58475.85827636719,0.23686840339543624,167.31739807128906,6272.830078125
2024-12-10,AEE,636.0,87.39558410644531,55583.59149169922,0.22939706426516682,83.80340441817758,2284.6262817382812
2024-12-10,CPAY,158.0,357.239990234375,56443.91845703125,0.23294768909632407,329.80999755859375,4333.9388427734375
2024-12-10,ORCL,312.0,174.91465759277344,54573.37316894531,0.2252278281419265,167.31739807128906,2370.344970703125
2024-12-11,AEE,636.0,86.70081329345703,55141.71725463867,0.2265988421860022,83.80340441817758,1842.7520446777344
2024-12-11,CPAY,158.0,365.0,57670.0,0.2369885429668485,329.80999755859375,5560.0203857421875
2024-12-11,ORCL,312.0,175.74130249023438,54831.286376953125,0.22532316052491988,167.31739807128906,2628.2581787109375
2024-12-12,AEE,636.0,86.6429214477539,55104.898040771484,0.22793014088963692,83.80340441817758,1805.9328308105469
2024-12-12,CPAY,158.0,361.54998779296875,57124.89807128906,0.23628545789271502,329.80999755859375,5014.91845703125
2024-12-12,ORCL,312.0,172.5331268310547,53830.33557128906,0.22265817390356563,167.31739807128906,1627.307373046875
2024-12-13,AEE,636.0,86.691162109375,55135.5791015625,0.22926113055642044,83.80340441817758,1836.6138916015625
2024-12-13,CPAY,158.0,357.07000732421875,56417.06115722656,0.2345897047666981,329.80999755859375,4307.08154296875
2024-12-13,ORCL,312.0,170.63381958007812,53237.751708984375,0.22136970979484774,167.31739807128906,1034.7235107421875
2024-12-16,AEE,636.0,85.62007141113281,54454.36541748047,0.22760373342841314,83.80340441817758,1155.4002075195312
2024-12-16,CPAY,158.0,357.7200012207031,56519.760192871094,0.23623649515979014,329.80999755859375,4409.780578613281
2024-12-16,ORCL,312.0,168.5081329345703,52574.53747558594,0.21974658819316817,167.31739807128906,371.50927734375
2024-12-17,AEE,636.0,85.57182312011719,54423.67950439453,0.22880030419040973,83.80340441817758,1124.7142944335938
2024-12-17,CPAY,158.0,352.1000061035156,55631.80096435547,0.2338793168564994,329.80999755859375,3521.8213500976562
2024-12-17,ORCL,312.0,167.01231384277344,52107.84191894531,0.21906438870598205,167.31739807128906,-95.186279296875
2024-12-18,AEE,636.0,83.88316345214844,53349.691955566406,0.22854860398633878,83.80340441817758,50.72674560546875
2024-12-18,CPAY,158.0,339.1700134277344,53588.86212158203,0.22957320235897002,329.80999755859375,1478.8825073242188
2024-12-18,ORCL,312.0,162.78065490722656,50787.56433105469,0.21757252014494202,167.31739807128906,-1415.4638671875
2024-12-19,AEE,636.0,85.4656753540039,54356.169525146484,0.23085112649807285,83.80340441817758,1057.2043151855469
2024-12-19,CPAY,158.0,339.0899963378906,53576.21942138672,0.2275386715985065,329.80999755859375,1466.2398071289062
2024-12-19,ORCL,312.0,166.10691833496094,51825.35852050781,0.22010275006760577,167.31739807128906,-377.669677734375
2024-12-20,AEE,636.0,86.16044616699219,54798.04376220703,0.23129563153661176,83.80340441817758,1499.0785522460938
2024-12-20,CPAY,158.0,343.8299865722656,54325.13787841797,0.22929955544449754,329.80999755859375,2215.1582641601562
2024-12-20,ORCL,312.0,166.96310424804688,52092.488525390625,0.21987582410932133,167.31739807128906,-110.5396728515625
2024-12-23,AEE,636.0,86.54642486572266,55043.52621459961,0.23236693045883003,83.80340441817758,1744.5610046386719
2024-12-23,CPAY,158.0,343.05999755859375,54203.47961425781,0.2288206632883226,329.80999755859375,2093.5
2024-12-23,ORCL,312.0,166.4513702392578,51932.82751464844,0.2192350772110596,167.31739807128906,-270.20068359375
2024-12-24,AEE,636.0,87.70437622070312,55779.98327636719,0.23356555809133284,83.80340441817758,2481.01806640625
2024-12-24,CPAY,158.0,346.25,54707.5,0.22907478666626407,329.80999755859375,2597.5203857421875
2024-12-24,ORCL,312.0,168.68528747558594,52629.80969238281,0.22037494726625545,167.31739807128906,426.781494140625
2024-12-26,AEE,636.0,87.5113754272461,55657.234771728516,0.23324017613572795,83.80340441817758,2358.269561767578
2024-12-26,CPAY,158.0,345.2799987792969,54554.239807128906,0.22861790661631748,329.80999755859375,2444.2601928710938
2024-12-26,ORCL,312.0,168.95098876953125,52712.70849609375,0.2209006872987046,167.31739807128906,509.6802978515625
2024-12-27,AEE,636.0,86.96135711669922,55307.4231262207,0.23356035408203715,83.80340441817758,2008.4579162597656
2024-12-27,CPAY,158.0,341.2300109863281,53914.341735839844,0.22767744425888548,329.80999755859375,1804.3621215820312
2024-12-27,ORCL,312.0,166.27423095703125,51877.56005859375,0.21907622180381375,167.31739807128906,-325.4681396484375
2024-12-30,AEE,636.0,86.4788818359375,55000.56884765625,0.23375963633759655,83.80340441817758,1701.6036376953125
2024-12-30,CPAY,158.0,337.57000732421875,53336.06115722656,0.22668526018934773,329.80999755859375,1226.08154296875
2024-12-30,ORCL,312.0,164.25682067871094,51248.12805175781,0.217811270453287,167.31739807128906,-954.900146484375
2024-12-31,AEE,636.0,86.01570129394531,54705.98602294922,0.2327481774872477,83.80340441817758,1407.0208129882812
2024-12-31,CPAY,158.0,338.4200134277344,53470.36212158203,0.22749118036480753,329.80999755859375,1360.3825073242188
2024-12-31,ORCL,312.0,163.99111938476562,51165.229248046875,0.21768392682300716,167.31739807128906,-1037.7989501953125
2025-01-02,BR,237.0,222.0759735107422,52632.0057220459,0.22472218178241848,222.0759735107422,0.0
2025-01-02,CSCO,926.0,56.99872970581055,52780.82370758057,0.22535758797564676,56.99872970581055,0.0
2025-01-02,TPR,819.0,64.41474914550781,52755.6795501709,0.22525023029784855,64.41474914550781,0.0
2025-01-03,BR,237.0,224.4256591796875,53188.88122558594,0.2255425949973969,222.0759735107422,556.8755035400391
2025-01-03,CSCO,926.0,57.154090881347656,52924.68815612793,0.22442230840567173,56.99872970581055,143.86444854736328
2025-01-03,TPR,819.0,65.53363800048828,53672.0495223999,0.22759142604954308,64.41474914550781,916.3699722290039
2025-01-06,BR,237.0,220.71510314941406,52309.47944641113,0.2220441625811397,222.0759735107422,-322.5262756347656
2025-01-06,CSCO,926.0,57.06670379638672,52843.7677154541,0.22431211845705526,56.99872970581055,62.944007873535156
2025-01-06,TPR,819.0,66.40716552734375,54387.46856689453,0.23086484592560208,64.41474914550781,1631.7890167236328
2025-01-07,BR,237.0,221.57666015625,52513.66845703125,0.22280980307696532,222.0759735107422,-118.33726501464844
2025-01-07,CSCO,926.0,57.22206497192383,52987.632164001465,0.22482077971064063,56.99872970581055,206.80845642089844
2025-01-07,TPR,819.0,66.11271667480469,54146.31495666504,0.2297369452052162,64.41474914550781,1390.6354064941406
2025-01-08,BR,237.0,224.6802215576172,53249.21250915527,0.22410613741394209,222.0759735107422,617.206787109375
2025-01-08,CSCO,926.0,57.48423767089844,53230.40408325195,0.22402697974228067,56.99872970581055,449.5803756713867
2025-01-08,TPR,819.0,67.26103973388672,55086.79154205322,0.2318398243522194,64.41474914550781,2331.111991882324
2025-01-10,BR,237.0,216.81851196289062,51385.98733520508,0.21939103078205516,222.0759735107422,-1246.0183868408203
2025-01-10,CSCO,926.0,57.03757858276367,52816.79776763916,0.22549983576769705,56.99872970581055,35.97406005859375
2025-01-10,TPR,819.0,65.90660858154297,53977.51242828369,0.23045547443591008,64.41474914550781,1221.832878112793
2025-01-13,BR,237.0,220.09828186035156,52163.29280090332,0.22226015937760948,222.0759735107422,-468.7129211425781
2025-01-13,CSCO,926.0,57.05699157714844,52834.77420043945,0.22512124338642836,56.99872970581055,53.95049285888672
2025-01-13,TPR,819.0,65.5140151977539,53655.97844696045,0.22862027454249384,64.41474914550781,900.2988967895508
2025-01-14,BR,237.0,222.35987854003906,52699.29121398926,0.22285376376958838,222.0759735107422,67.28549194335938
2025-01-14,CSCO,926.0,57.6104736328125,53347.298583984375,0.22559404505283093,56.99872970581055,566.4748764038086
2025-01-14,TPR,819.0,66.40716552734375,54387.46856689453,0.22999269616011836,64.41474914550781,1631.7890167236328
2025-01-15,BR,237.0,223.30953979492188,52924.360931396484,0.22304954767877053,222.0759735107422,292.35520935058594
2025-01-15,CSCO,926.0,58.241634368896484,53931.753425598145,0.2272952000817903,56.99872970581055,1150.9297180175781
2025-01-15,TPR,819.0,66.39735412597656,54379.433029174805,0.22918194432065267,64.41474914550781,1623.7534790039062
2025-01-16,BR,237.0,226.1977081298828,53608.85682678223,0.22392214455121687,222.0759735107422,976.8511047363281
2025-01-16,CSCO,926.0,58.086273193359375,53787.88897705078,0.22466995499532472,56.99872970581055,1007.0652694702148
2025-01-16,TPR,819.0,68.3406753540039,55971.0131149292,0.23378878101981548,64.41474914550781,3215.333564758301
2025-01-17,BR,237.0,225.57113647460938,53460.35934448242,0.2217872972497025,222.0759735107422,828.3536224365234
2025-01-17,CSCO,926.0,58.48439025878906,54156.54537963867,0.2246755161283926,56.99872970581055,1375.7216720581055
2025-01-17,TPR,819.0,70.0680923461914,57385.76763153076,0.2380723672578578,64.41474914550781,4630.088081359863
2025-01-21,BR,237.0,228.6551055908203,54191.260025024414,0.22152172771628503,222.0759735107422,1559.2543029785156
2025-01-21,CSCO,926.0,59.26120376586914,54875.874687194824,0.2243202790456665,56.99872970581055,2095.050979614258
2025-01-21,TPR,819.0,72.6788330078125,59523.96423339844,0.24332062755905326,64.41474914550781,6768.284683227539
2025-01-22,BR,237.0,230.0257568359375,54516.10437011719,0.22258247311529947,222.0759735107422,1884.098648071289
2025-01-22,CSCO,926.0,59.84381103515625,55415.36901855469,0.2262540588191396,56.99872970581055,2634.545310974121
2025-01-22,TPR,819.0,71.98197174072266,58953.234855651855,0.24069872497182354,64.41474914550781,6197.555305480957
2025-01-23,BR,237.0,231.79783630371094,54936.08720397949,0.22321762991404462,222.0759735107422,2304.0814819335938
2025-01-23,CSCO,926.0,60.426422119140625,55954.86688232422,0.227357159989427,56.99872970581055,3174.0431747436523
2025-01-23,TPR,819.0,72.25680541992188,59178.323638916016,0.24045478695847536,64.41474914550781,6422.644088745117
2025-01-24,BR,237.0,232.37548828125,55072.99072265625,0.2229000406731108,222.0759735107422,2440.9850006103516
2025-01-24,CSCO,926.0,60.426422119140625,55954.86688232422,0.22646930809947144,56.99872970581055,3174.0431747436523
2025-01-24,TPR,819.0,73.26773071289062,60006.27145385742,0.24286678773383008,64.41474914550781,7250.591903686523
2025-01-27,BR,237.0,234.51956176757812,55581.136138916016,0.22870032677162055,222.0759735107422,2949.130416870117
2025-01-27,CSCO,926.0,57.36772155761719,53122.510162353516,0.2185837907791988,56.99872970581055,341.6864547729492
2025-01-27,TPR,819.0,71.1673583984375,58286.06652832031,0.23983033430520379,64.41474914550781,5530.386978149414
2025-01-28,BR,237.0,232.9237518310547,55202.92918395996,0.22624538733035524,222.0759735107422,2570.9234619140625
2025-01-28,CSCO,926.0,57.70756912231445,53437.20900726318,0.2190087053064263,56.99872970581055,656.3852996826172
2025-01-28,TPR,819.0,72.42366027832031,59314.977767944336,0.24309833405541972,64.41474914550781,6559.2982177734375
2025-01-29,BR,237.0,230.6230010986328,54657.65126037598,0.22396937165593211,222.0759735107422,2025.6455383300781
2025-01-29,CSCO,926.0,57.824100494384766,53545.11705780029,0.21941056642828694,56.99872970581055,764.2933502197266
2025-01-29,TPR,819.0,73.01253509521484,59797.26624298096,0.24502985105201536,64.41474914550781,7041.586692810059
2025-01-30,BR,237.0,234.1083526611328,55483.67958068848,0.22470685648186944,222.0759735107422,2851.673858642578
2025-01-30,CSCO,926.0,58.71743392944336,54372.34381866455,0.22020598762335922,56.99872970581055,1591.5201110839844
2025-01-30,TPR,819.0,74.50439453125,61019.09912109375,0.24712510151595896,64.41474914550781,8263.419570922852
2025-01-31,BR,237.0,233.2272491455078,55274.85804748535,0.2261317665786216,222.0759735107422,2642.852325439453
2025-01-31,CSCO,926.0,58.84366226196289,54489.23125457764,0.2229177343616759,56.99872970581055,1708.4075469970703
2025-01-31,TPR,819.0,71.58938598632812,58631.707122802734,0.23986477717970203,64.41474914550781,5876.027572631836
2025-02-03,BR,237.0,233.64822387695312,55374.62905883789,0.2259068462505894,222.0759735107422,2742.623336791992
2025-02-03,TPR,765.0,72.16847229003906,55208.88130187988,0.2252306601761381,64.41474914550781,5931.598205566406
2025-02-03,GOOGL,275.0,200.303955078125,55083.587646484375,0.2247195110266687,200.303955078125,0.0
2025-02-04,BR,237.0,235.5475616455078,55824.77210998535,0.22642060156771324,222.0759735107422,3192.766387939453
2025-02-04,TPR,765.0,71.60901641845703,54780.89756011963,0.22218673379524548,64.41474914550781,5503.614463806152
2025-02-04,GOOGL,275.0,205.43026733398438,56493.3235168457,0.22913219009730054,200.303955078125,1409.7358703613281
2025-02-05,BR,237.0,235.0580291748047,55708.75291442871,0.22960085221520576,222.0759735107422,3076.7471923828125
2025-02-05,TPR,765.0,72.021240234375,55096.248779296875,0.22707644690985593,64.41474914550781,5818.965682983398
2025-02-05,GOOGL,275.0,190.44952392578125,52373.619079589844,0.2158552641223077,200.303955078125,-2709.9685668945312
2025-02-06,BR,237.0,234.9993133544922,55694.83726501465,0.22339108674689856,222.0759735107422,3062.83154296875
2025-02-06,TPR,765.0,80.67792510986328,61718.61270904541,0.2475523521144267,64.41474914550781,12441.329612731934
2025-02-06,GOOGL,275.0,190.71827697753906,52447.52616882324,0.2103661747369816,200.303955078125,-2636.061477661133
2025-02-07,BR,237.0,235.38113403320312,55785.32876586914,0.22646969740250045,222.0759735107422,3153.323043823242
2025-02-07,TPR,765.0,78.89163208007812,60352.098541259766,0.24500924878670544,64.41474914550781,11074.815444946289
2025-02-07,GOOGL,275.0,184.48709106445312,50733.95004272461,0.20596279646269836,200.303955078125,-4349.637603759766
2025-02-10,BR,237.0,237.26087951660156,56230.82844543457,0.22850442957246658,222.0759735107422,3598.822723388672
2025-02-10,TPR,765.0,77.58625793457031,59353.48731994629,0.24119393468196554,64.41474914550781,10076.204223632812
2025-02-10,GOOGL,275.0,185.6118927001953,51043.27049255371,0.2074238230143145,200.303955078125,-4040.317153930664
2025-02-11,BR,237.0,236.50704956054688,56052.17074584961,0.22663551497124546,222.0759735107422,3420.165023803711
2025-02-11,TPR,765.0,79.85347747802734,61087.91027069092,0.2469965001978162,64.41474914550781,11810.627174377441
2025-02-11,GOOGL,275.0,184.46719360351562,50728.4782409668,0.20511025062665245,200.303955078125,-4355.109405517578
2025-02-12,BR,237.0,237.30006408691406,56240.11518859863,0.2250743696696589,222.0759735107422,3608.1094665527344
2025-02-12,TPR,765.0,83.55366516113281,63918.5538482666,0.2558036762433813,64.41474914550781,14641.270751953125
2025-02-12,GOOGL,275.0,182.76504516601562,50260.3874206543,0.20114334723748806,200.303955078125,-4823.200225830078
2025-02-13,BR,237.0,237.66229248046875,56325.963317871094,0.22370602402231735,222.0759735107422,3693.9575958251953
2025-02-13,TPR,765.0,85.03571319580078,65052.3205947876,0.2583639078049784,64.41474914550781,15775.037498474121
2025-02-13,GOOGL,275.0,185.28338623046875,50952.931213378906,0.20236631532959717,200.303955078125,-4130.656433105469
2025-02-14,BR,237.0,235.29299926757812,55764.440826416016,0.2214888246047744,222.0759735107422,3132.435104370117
2025-02-14,TPR,765.0,86.07608032226562,65848.2014465332,0.2615401593666155,64.41474914550781,16570.918350219727
2025-02-14,GOOGL,275.0,184.37759399414062,50703.83834838867,0.20138879530224219,200.303955078125,-4379.749298095703
2025-02-18,BR,237.0,234.1377410888672,55490.64463806152,0.22013672457095929,222.0759735107422,2858.638916015625
2025-02-18,TPR,765.0,87.35201263427734,66824.28966522217,0.26509838450485335,64.41474914550781,17547.00656890869
2025-02-18,GOOGL,275.0,182.92433166503906,50304.19120788574,0.19956156496152141,200.303955078125,-4779.396438598633
2025-02-19,BR,237.0,233.92234802246094,55439.59648132324,0.21948385795143732,222.0759735107422,2807.5907592773438
2025-02-19,TPR,765.0,87.55812072753906,66981.96235656738,0.26517977121514685,64.41474914550781,17704.679260253906
2025-02-19,GOOGL,275.0,184.41741943359375,50714.79034423828,0.20077847867636645,200.303955078125,-4368.797302246094
2025-02-20,BR,237.0,231.3474884033203,54829.354751586914,0.21952251622233715,222.0759735107422,2197.3490295410156
2025-02-20,TPR,765.0,84.91793060302734,64962.21691131592,0.26009186831330694,64.41474914550781,15684.933815002441
2025-02-20,GOOGL,275.0,183.71067810058594,50520.43647766113,0.20227072498798526,200.303955078125,-4563.151168823242
2025-02-21,BR,237.0,230.3978271484375,54604.28503417969,0.221293109820165,222.0759735107422,1972.279312133789
2025-02-21,TPR,765.0,83.02366638183594,63513.10478210449,0.25739761014667856,64.41474914550781,14235.821685791016
2025-02-21,GOOGL,275.0,178.83323669433594,49179.14009094238,0.19930679143942548,200.303955078125,-5904.447555541992
2025-02-24,BR,237.0,231.47474670410156,54859.51496887207,0.22233392404676336,222.0759735107422,2227.509246826172
2025-02-24,TPR,765.0,82.82738494873047,63362.94948577881,0.25679653213018006,64.41474914550781,14085.666389465332
2025-02-24,GOOGL,275.0,178.42510986328125,49066.905212402344,0.19885771106241149,200.303955078125,-6016.682434082031
2025-02-25,BR,237.0,231.83700561523438,54945.37033081055,0.2238000917877493,222.0759735107422,2313.3646087646484
2025-02-25,TPR,765.0,82.47405242919922,63092.6501083374,0.25698508901414047,64.41474914550781,13815.367012023926
2025-02-25,GOOGL,275.0,174.6127166748047,48018.49708557129,0.19558597913816433,200.303955078125,-7065.090560913086
2025-02-26,BR,237.0,231.3866424560547,54838.63426208496,0.2224082435999898,222.0759735107422,2206.6285400390625
2025-02-26,TPR,765.0,84.95718383789062,64992.24563598633,0.2635880961301178,64.41474914550781,15714.962539672852
2025-02-26,GOOGL,275.0,171.9351043701172,47282.15370178223,0.19176153636832613,200.303955078125,-7801.433944702148
2025-02-27,BR,237.0,232.44400024414062,55089.22805786133,0.22580256017896577,222.0759735107422,2457.2223358154297
2025-02-27,TPR,765.0,82.74885559082031,63302.87452697754,0.2594690766018021,64.41474914550781,14025.591430664062
2025-02-27,GOOGL,275.0,167.72459411621094,46124.26338195801,0.18905650206381508,200.303955078125,-8959.324264526367
2025-02-28,BR,237.0,236.1643524169922,55970.95152282715,0.22736413010361808,222.0759735107422,3338.94580078125
2025-02-28,TPR,765.0,83.83830261230469,64136.301498413086,0.26053325879769684,64.41474914550781,14859.01840209961
2025-02-28,GOOGL,275.0,169.49639892578125,46611.509704589844,0.18934438433618964,200.303955078125,-8472.077941894531
2025-03-03,GILD,490.0,112.19833374023438,54977.183532714844,0.22504830667647552,112.19833374023438,0.0
2025-03-03,ICE,322.0,170.70867919921875,54968.19470214844,0.22501151102839057,170.70867919921875,0.0
2025-03-03,WH,531.0,103.56806945800781,54994.64488220215,0.22511978445838235,103.56806945800781,0.0
2025-03-04,GILD,490.0,110.98918914794922,54384.70268249512,0.22502568332718778,112.19833374023438,-592.4808502197266
2025-03-04,ICE,322.0,167.40689086914062,53905.01885986328,0.22304091234114595,170.70867919921875,-1063.1758422851562
2025-03-04,WH,531.0,101.77384948730469,54041.91407775879,0.2236073388991986,103.56806945800781,-952.7308044433594
2025-03-05,GILD,490.0,111.66631317138672,54716.49345397949,0.22513502016032147,112.19833374023438,-260.69007873535156
2025-03-05,ICE,322.0,169.14157104492188,54463.585876464844,0.2240944134078009,170.70867919921875,-504.60882568359375
2025-03-05,WH,531.0,102.65145874023438,54507.92459106445,0.224276848296719,103.56806945800781,-486.7202911376953
2025-03-06,GILD,490.0,112.24669647216797,55000.881271362305,0.22899434593503237,112.19833374023438,23.697738647460938
2025-03-06,ICE,322.0,167.2097625732422,53841.543548583984,0.2241674817574276,170.70867919921875,-1126.6511535644531
2025-03-06,WH,531.0,97.912353515625,51991.459716796875,0.21646471905268422,103.56806945800781,-3003.1851654052734
2025-03-07,GILD,490.0,113.57190704345703,55650.234451293945,0.23181999091140684,112.19833374023438,673.0509185791016
2025-03-07,ICE,322.0,167.79127502441406,54028.79055786133,0.22506560591473831,170.70867919921875,-939.4041442871094
2025-03-07,WH,531.0,96.09862518310547,51028.369972229004,0.21256687199654706,103.56806945800781,-3966.2749099731445
2025-03-10,GILD,490.0,113.37844848632812,55555.43975830078,0.2343934214625781,112.19833374023438,578.2562255859375
2025-03-10,ICE,322.0,166.71694946289062,53682.85772705078,0.22649282862804024,170.70867919921875,-1285.3369750976562
2025-03-10,WH,531.0,91.20348358154297,48429.04978179932,0.2043265380658137,103.56806945800781,-6565.595100402832
2025-03-11,GILD,490.0,110.68932342529297,54237.768478393555,0.23149876921080323,112.19833374023438,-739.4150543212891
2025-03-11,ICE,322.0,165.93829345703125,53432.13049316406,0.22806012843994639,170.70867919921875,-1536.064208984375
2025-03-11,WH,531.0,89.01920318603516,47269.19689178467,0.20175536732103003,103.56806945800781,-7725.4479904174805
2025-03-12,GILD,490.0,110.26371002197266,54029.2179107666,0.23057204466025516,112.19833374023438,-947.9656219482422
2025-03-12,ICE,322.0,166.58883666992188,53641.605407714844,0.2289178913924413,170.70867919921875,-1326.5892944335938
2025-03-12,WH,531.0,89.08747100830078,47305.447105407715,0.20187805939881773,103.56806945800781,-7689.197776794434
2025-03-13,GILD,490.0,109.6446304321289,53725.868911743164,0.2314006707477884,112.19833374023438,-1251.3146209716797
2025-03-13,ICE,322.0,166.7071075439453,53679.68862915039,0.23120176938828046,170.70867919921875,-1288.5060729980469
2025-03-13,WH,531.0,85.53800964355469,45420.68312072754,0.1956297171707872,103.56806945800781,-9573.96176147461
2025-03-14,GILD,490.0,108.55364227294922,53191.28471374512,0.2278611120640803,112.19833374023438,-1785.8988189697266
2025-03-14,ICE,322.0,168.59947204589844,54289.0299987793,0.23256363923102336,170.70867919921875,-679.1647033691406
2025-03-14,WH,531.0,87.77104949951172,46606.42728424072,0.19965286432678572,103.56806945800781,-8388.217597961426
2025-03-17,GILD,490.0,109.35240173339844,53582.676849365234,0.22717228769068065,112.19833374023438,-1394.5066833496094
2025-03-17,ICE,322.0,170.8134765625,55001.939453125,0.23318947741482107,170.70867919921875,33.7447509765625
2025-03-17,WH,531.0,90.26898956298828,47932.83345794678,0.20321887730152036,103.56806945800781,-7061.811424255371
2025-03-18,GILD,490.0,107.3749771118164,52613.73878479004,0.22525527838120857,112.19833374023438,-2363.4447479248047
2025-03-18,ICE,322.0,170.83323669433594,55008.30221557617,0.23550712637113172,170.70867919921875,40.107513427734375
2025-03-18,WH,531.0,87.7612533569336,46601.22553253174,0.19951389642110967,103.56806945800781,-8393.41934967041
2025-03-19,GILD,490.0,104.72543334960938,51315.462341308594,0.2198858986602586,112.19833374023438,-3661.72119140625
2025-03-19,ICE,322.0,171.6733856201172,55278.830169677734,0.23686886357764889,170.70867919921875,310.6354675292969
2025-03-19,WH,531.0,89.31879425048828,47428.27974700928,0.2032293861978158,103.56806945800781,-7566.365135192871
2025-03-20,GILD,490.0,103.12791442871094,50532.67807006836,0.21671637916739223,112.19833374023438,-4444.505462646484
2025-03-20,ICE,322.0,173.5513153076172,55883.523529052734,0.23966422000312748,170.70867919921875,915.3288269042969
2025-03-20,WH,531.0,89.27961730957031,47407.476791381836,0.20331352123163962,103.56806945800781,-7587.1680908203125
2025-03-21,GILD,490.0,104.30656433105469,51110.2165222168,0.21925384742159953,112.19833374023438,-3866.967010498047
2025-03-21,ICE,322.0,172.365234375,55501.60546875,0.23809213431544518,170.70867919921875,533.4107666015625
2025-03-21,WH,531.0,88.7898178100586,47147.39325714111,0.20225403199053035,103.56806945800781,-7847.251625061035
2025-03-24,GILD,490.0,103.97537231445312,50947.93243408203,0.21748797788666033,112.19833374023438,-4029.2510986328125
2025-03-24,ICE,322.0,173.21524047851562,55775.30743408203,0.23809521309898232,170.70867919921875,807.1127319335938
2025-03-24,WH,531.0,90.73918914794922,48182.509437561035,0.2056828618244376,103.56806945800781,-6812.135444641113
2025-03-25,GILD,490.0,105.09558868408203,51496.838455200195,0.21933061149982483,112.19833374023438,-3480.3450775146484
2025-03-25,ICE,322.0,173.59085083007812,55896.253967285156,0.23806819857222056,170.70867919921875,928.0592651367188
2025-03-25,WH,531.0,90.48450469970703,48047.27199554443,0.20463853439952312,103.56806945800781,-6947.372886657715
2025-03-26,GILD,490.0,106.4398422241211,52155.522689819336,0.2216715213584464,112.19833374023438,-2821.660842895508
2025-03-26,ICE,322.0,173.71932983398438,55937.62420654297,0.23774621784131506,170.70867919921875,969.4295043945312
2025-03-26,WH,531.0,90.09266662597656,47839.205978393555,0.2033263022379906,103.56806945800781,-7155.438903808594
2025-03-27,GILD,490.0,108.28089141845703,53057.636795043945,0.22435426714203852,112.19833374023438,-1919.5467376708984
2025-03-27,ICE,322.0,174.31236267089844,56128.5807800293,0.23733975667386772,170.70867919921875,1160.3860778808594
2025-03-27,WH,531.0,90.30818176269531,47953.64451599121,0.2027720309846139,103.56806945800781,-7041.0003662109375
2025-03-28,GILD,490.0,108.89457702636719,53358.34274291992,0.22710510087422447,112.19833374023438,-1618.8407897949219
2025-03-28,ICE,322.0,172.68153381347656,55603.45388793945,0.23666079857495867,170.70867919921875,635.2591857910156
2025-03-28,WH,531.0,87.82981872558594,46637.63374328613,0.19850025265654506,103.56806945800781,-8357.011138916016
2025-03-31,GILD,490.0,109.14784240722656,53482.442779541016,0.22776622710746725,112.19833374023438,-1494.7407531738281
2025-03-31,ICE,322.0,170.4971923828125,54900.095947265625,0.2338036011797507,170.70867919921875,-68.0987548828125
2025-03-31,WH,531.0,88.66246795654297,47079.77048492432,0.2004991009972849,103.56806945800781,-7914.874397277832
2025-04-01,GILD,490.0,108.39778137207031,53114.91287231445,0.22661996978353496,112.19833374023438,-1862.2706604003906
2025-04-01,ICE,322.0,169.49893188476562,54578.65606689453,0.2328651732600805,170.70867919921875,-389.53863525390625
2025-04-01,WH,531.0,89.14246368408203,47334.64821624756,0.2019579053865227,103.56806945800781,-7659.99666595459
2025-04-02,GILD,490.0,108.99198150634766,53406.07093811035,0.2272734544278407,112.19833374023438,-1571.1125946044922
2025-04-02,ICE,322.0,168.4611053466797,54244.47592163086,0.23084134836699677,170.70867919921875,-723.7187805175781
2025-04-02,WH,531.0,90.366943359375,47984.846923828125,0.20420303776339618,103.56806945800781,-7009.797958374023
2025-04-03,GILD,490.0,109.47903442382812,53644.72686767578,0.23198294320536653,112.19833374023438,-1332.4566650390625
2025-04-03,ICE,322.0,165.61451721191406,53327.87454223633,0.23061273704888408,170.70867919921875,-1640.3201599121094
2025-04-03,WH,531.0,84.59718322753906,44921.10429382324,0.19425823551719096,103.56806945800781,-10073.540588378906
2025-04-04,GILD,490.0,104.47216033935547,51191.35856628418,0.22928346777827308,112.19833374023438,-3785.824966430664
2025-04-04,ICE,322.0,154.92018127441406,49884.29837036133,0.22342921224160675,170.70867919921875,-5083.896331787109
2025-04-04,WH,531.0,80.67882537841797,42840.45627593994,0.19188020500437336,103.56806945800781,-12154.188606262207
2025-04-07,GILD,490.0,102.78697204589844,50365.616302490234,0.22859202391607536,112.19833374023438,-4611.567230224609
2025-04-07,ICE,322.0,152.8544158935547,49219.12191772461,0.22338848445677498,170.70867919921875,-5749.072784423828
2025-04-07,WH,531.0,77.95558166503906,41394.41386413574,0.18787485468642198,103.56806945800781,-13600.231018066406
2025-04-08,GILD,490.0,100.51732635498047,49253.48991394043,0.22626984571338343,112.19833374023438,-5723.693618774414
2025-04-08,ICE,322.0,149.859619140625,48254.79736328125,0.2216818660646804,170.70867919921875,-6713.3973388671875
2025-04-08,WH,531.0,76.86824035644531,40817.03562927246,0.18751289239504515,103.56806945800781,-14177.609252929688
2025-04-09,GILD,490.0,102.52396392822266,50236.7423248291,0.2231736412518089,112.19833374023438,-4740.441207885742
2025-04-09,ICE,322.0,154.9893341064453,49906.56558227539,0.2217068513589469,170.70867919921875,-5061.629119873047
2025-04-09,WH,531.0,85.89024353027344,45607.719314575195,0.20260949093416014,103.56806945800781,-9386.925567626953
2025-04-10,GILD,490.0,98.773681640625,48399.10400390625,0.21994200490398302,112.19833374023438,-6578.079528808594
2025-04-10,ICE,322.0,153.38815307617188,49390.985290527344,0.22444945113250367,170.70867919921875,-5577.209411621094
2025-04-10,WH,531.0,80.81597137451172,42913.28079986572,0.19501255674832946,103.56806945800781,-12081.364082336426
2025-04-11,GILD,490.0,100.94593048095703,49463.505935668945,0.22244085509064415,112.19833374023438,-5513.677597045898
2025-04-11,ICE,322.0,154.09979248046875,49620.13317871094,0.22314521878694304,170.70867919921875,-5348.0615234375
2025-04-11,WH,531.0,82.7359619140625,43932.79577636719,0.1975688636330706,103.56806945800781,-11061.849105834961
2025-04-14,GILD,490.0,103.74158477783203,50833.376541137695,0.22603290364870207,112.19833374023438,-4143.806991577148
2025-04-14,ICE,322.0,157.9347381591797,50854.98568725586,0.22612898969245535,170.70867919921875,-4113.209014892578
2025-04-14,WH,531.0,82.58902740478516,43854.77355194092,0.19500223041016304,103.56806945800781,-11139.87133026123
2025-04-15,GILD,490.0,102.94282531738281,50441.98440551758,0.22503924759883606,112.19833374023438,-4535.199127197266
2025-04-15,ICE,322.0,158.09286499023438,50905.90252685547,0.22710894779409493,170.70867919921875,-4062.2921752929688
2025-04-15,WH,531.0,81.82494354248047,43449.04502105713,0.19384131127396953,103.56806945800781,-11545.59986114502
2025-04-16,GILD,490.0,102.16354370117188,50060.13641357422,0.22515291190474096,112.19833374023438,-4917.047119140625
2025-04-16,ICE,322.0,156.6004180908203,50425.33462524414,0.22679544519910871,170.70867919921875,-4542.860076904297
2025-04-16,WH,531.0,80.04209899902344,42502.354568481445,0.19116066354358777,103.56806945800781,-12492.290313720703
2025-04-17,GILD,490.0,101.83235931396484,49897.85606384277,0.2246645996011195,112.19833374023438,-5079.32746887207
2025-04-17,ICE,322.0,156.79811096191406,50488.99172973633,0.2273261820450224,170.70867919921875,-4479.202972412109
2025-04-17,WH,531.0,79.7776107788086,42361.91132354736,0.19073408351785506,103.56806945800781,-12632.733558654785
2025-04-21,GILD,490.0,101.62779235839844,49797.618255615234,0.22683313058768456,112.19833374023438,-5179.565277099609
2025-04-21,ICE,322.0,153.23001098632812,49340.063537597656,0.22474892309466077,170.70867919921875,-5628.131164550781
2025-04-21,WH,531.0,77.29924774169922,41045.900550842285,0.1869681813284002,103.56806945800781,-13948.744331359863
2025-04-22,GILD,490.0,102.77722930908203,50360.842361450195,0.2259405075016716,112.19833374023438,-4616.341171264648
2025-04-22,ICE,322.0,158.8144073486328,51138.239166259766,0.22942824560081237,170.70867919921875,-3829.955535888672
2025-04-22,WH,531.0,79.18006134033203,42044.61257171631,0.18863030594254726,103.56806945800781,-12950.03231048584
2025-04-23,GILD,490.0,103.62468719482422,50776.09672546387,0.22603223486800963,112.19833374023438,-4201.086807250977
2025-04-23,ICE,322.0,159.1208038330078,51236.898834228516,0.22808351760128306,170.70867919921875,-3731.295867919922
2025-04-23,WH,531.0,81.50167846679688,43277.39126586914,0.19265138712751886,103.56806945800781,-11717.253616333008
2025-04-24,GILD,490.0,103.40066528320312,50666.32598876953,0.22413371935632395,112.19833374023438,-4310.8575439453125
2025-04-24,ICE,322.0,161.0877227783203,51870.24673461914,0.22945952953323165,170.70867919921875,-3097.947967529297
2025-04-24,WH,531.0,83.1767807006836,44166.87055206299,0.195381938121138,103.56806945800781,-10827.77433013916
2025-04-25,GILD,490.0,100.49784088134766,49243.94203186035,0.21901144829361036,112.19833374023438,-5733.241500854492
2025-04-25,ICE,322.0,161.33480834960938,51949.80828857422,0.23104573440718545,170.70867919921875,-3018.3864135742188
2025-04-25,WH,531.0,83.43147277832031,44302.112045288086,0.1970327581660057,103.56806945800781,-10692.532836914062
2025-04-28,GILD,490.0,103.58572387695312,50757.00469970703,0.22352661913007804,112.19833374023438,-4220.1788330078125
2025-04-28,ICE,322.0,161.5819091796875,52029.374755859375,0.2291299556275078,170.70867919921875,-2938.8199462890625
2025-04-28,WH,531.0,84.62655639648438,44936.7014465332,0.19789483261724528,103.56806945800781,-10057.943435668945
2025-04-29,GILD,490.0,101.51090240478516,49740.34217834473,0.21930092691739092,112.19833374023438,-5236.841354370117
2025-04-29,ICE,322.0,164.39881896972656,52936.41970825195,0.2333921601922929,170.70867919921875,-2031.7749938964844
2025-04-29,WH,531.0,84.34248352050781,44785.85874938965,0.19745703198657283,103.56806945800781,-10208.7861328125
2025-04-30,GILD,490.0,103.78055572509766,50852.47230529785,0.22300669908974405,112.19833374023438,-4124.711227416992
2025-04-30,ICE,322.0,166.01979064941406,53458.37258911133,0.23443452539013274,170.70867919921875,-1509.8221130371094
2025-04-30,WH,531.0,83.5588150024414,44369.73076629639,0.1945775052644112,103.56806945800781,-10624.914115905762
2025-05-01,GILD,490.0,100.57576751708984,49282.12608337402,0.21671483262217198,112.19833374023438,-5695.05744934082
2025-05-01,ICE,322.0,168.8564453125,54371.775390625,0.23909622290270538,170.70867919921875,-596.4193115234375
2025-05-01,WH,531.0,83.61759948730469,44400.94532775879,0.19525016876692095,103.56806945800781,-10593.69955444336
2025-05-02,GILD,490.0,100.99462890625,49487.3681640625,0.2158001218173905,112.19833374023438,-5489.815368652344
2025-05-02,ICE,322.0,171.4361572265625,55202.442626953125,0.24072191117580868,170.70867919921875,234.2479248046875
2025-05-02,WH,531.0,85.2730941772461,45280.013008117676,0.19745306096396517,103.56806945800781,-9714.631874084473
2025-05-05,GILD,490.0,100.14715576171875,49072.10632324219,0.21565934673023493,112.19833374023438,-5905.077209472656
2025-05-05,ICE,322.0,171.9600067138672,55371.122161865234,0.24334190903666372,170.70867919921875,402.9274597167969
2025-05-05,WH,531.0,82.39311218261719,43750.74256896973,0.19227331509342283,103.56806945800781,-11243.902313232422
2025-05-06,GILD,490.0,95.34485626220703,46718.979568481445,0.207429711370225,112.19833374023438,-8258.203964233398
2025-05-06,ICE,322.0,173.1559600830078,55756.219146728516,0.24755456029916098,170.70867919921875,788.0244445800781
2025-05-06,WH,531.0,81.7367935180664,43402.23735809326,0.19270355755126595,103.56806945800781,-11592.407524108887
2025-05-07,GILD,490.0,96.33843231201172,47205.83183288574,0.20881688251271524,112.19833374023438,-7771.351699829102
2025-05-07,ICE,322.0,174.4803924560547,56182.68637084961,0.24852635709678264,170.70867919921875,1214.4916687011719
2025-05-07,WH,531.0,81.58984375,43324.20703125,0.19164636017066541,103.56806945800781,-11670.437850952148
2025-05-08,GILD,490.0,95.61759948730469,46852.6237487793,0.20711898537042683,112.19833374023438,-8124.559783935547
2025-05-08,ICE,322.0,174.4210968017578,56163.593170166016,0.24827950926580275,170.70867919921875,1195.3984680175781
2025-05-08,WH,531.0,82.56942749023438,43844.36599731445,0.19382053496651847,103.56806945800781,-11150.278884887695
2025-05-09,GILD,490.0,94.39997863769531,46255.9895324707,0.2044997982777146,112.19833374023438,-8721.19400024414
2025-05-09,ICE,322.0,176.25949096679688,56755.556091308594,0.25091885157195937,170.70867919921875,1787.3613891601562
2025-05-09,WH,531.0,82.54005432128906,43828.76884460449,0.19376894707204106,103.56806945800781,-11165.876037597656
2025-05-12,GILD,490.0,101.1310043334961,49554.192123413086,0.21615410994886994,112.19833374023438,-5422.991409301758
2025-05-12,ICE,322.0,171.42625427246094,55199.25387573242,0.24077772394382957,170.70867919921875,231.05917358398438
2025-05-12,WH,531.0,85.02820587158203,45149.97731781006,0.19694303838184973,103.56806945800781,-9844.66756439209
2025-05-13,GILD,490.0,98.80290222167969,48413.42208862305,0.21193315588157485,112.19833374023438,-6563.761444091797
2025-05-13,ICE,322.0,170.83323669433594,55008.30221557617,0.2408027068793818,170.70867919921875,40.107513427734375
2025-05-13,WH,531.0,85.99799346923828,45664.93453216553,0.19990145854204378,103.56806945800781,-9329.710350036621
2025-05-14,GILD,490.0,95.83190155029297,46957.631759643555,0.2073066186324871,112.19833374023438,-8019.551773071289
2025-05-14,ICE,322.0,169.9436798095703,54721.86489868164,0.2415838353065953,170.70867919921875,-246.32980346679688
2025-05-14,WH,531.0,85.65513610839844,45482.87727355957,0.20079593326853928,103.56806945800781,-9511.767608642578
2025-05-15,GILD,490.0,97.74113464355469,47893.1559753418,0.21047056438796413,112.19833374023438,-7084.027557373047
2025-05-15,ICE,322.0,172.8199005126953,55648.00796508789,0.2445499237825992,170.70867919921875,679.8132629394531
2025-05-15,WH,531.0,84.10738372802734,44661.02075958252,0.19626667013239843,103.56806945800781,-10333.624122619629
2025-05-16,GILD,490.0,99.8451919555664,48924.14405822754,0.21222705665110653,112.19833374023438,-6053.039474487305
2025-05-16,ICE,322.0,174.20364379882812,56093.573303222656,0.24332717901038162,170.70867919921875,1125.3786010742188
2025-05-16,WH,531.0,86.9285888671875,46159.08068847656,0.20023254409064906,103.56806945800781,-8835.564193725586
2025-05-19,GILD,490.0,103.410400390625,50671.09619140625,0.21823702195463066,112.19833374023438,-4306.087341308594
2025-05-19,ICE,322.0,174.69784545898438,56252.70623779297,0.2422766430757951,170.70867919921875,1284.5115356445312
2025-05-19,WH,531.0,86.4583969116211,45909.4087600708,0.19772875269264287,103.56806945800781,-9085.236122131348
2025-05-20,GILD,490.0,106.28398895263672,52079.15458679199,0.22361236904657733,112.19833374023438,-2898.0289459228516
2025-05-20,ICE,322.0,174.2431640625,56106.298828125,0.24090372624009712,170.70867919921875,1138.1041259765625
2025-05-20,WH,531.0,85.42982482910156,45363.23698425293,0.19477622035444325,103.56806945800781,-9631.407897949219
2025-05-21,GILD,490.0,104.93000030517578,51415.70014953613,0.2227266306692301,112.19833374023438,-3561.483383178711
2025-05-21,ICE,322.0,172.69142150878906,55606.63772583008,0.24088126831878548,170.70867919921875,638.4430236816406
2025-05-21,WH,531.0,83.75473022460938,44473.76174926758,0.19265498823883698,103.56806945800781,-10520.88313293457
2025-05-22,GILD,490.0,103.97537231445312,50947.93243408203,0.22157895350766052,112.19833374023438,-4029.2510986328125
2025-05-22,ICE,322.0,171.97976684570312,55377.484924316406,0.24084363331705755,170.70867919921875,409.29022216796875
2025-05-22,WH,531.0,83.34330749511719,44255.29627990723,0.19247183876520715,103.56806945800781,-10739.348602294922
2025-05-23,GILD,490.0,104.58905792236328,51248.63838195801,0.2222506249419197,112.19833374023438,-3728.545150756836
2025-05-23,ICE,322.0,174.0751495361328,56052.198150634766,0.2430822839721061,170.70867919921875,1084.0034484863281
2025-05-23,WH,531.0,82.74575805664062,43937.99752807617,0.19054647533327032,103.56806945800781,-11056.647354125977
2025-05-27,GILD,490.0,106.2645034790039,52069.606704711914,0.22286540551441764,112.19833374023438,-2907.5768280029297
2025-05-27,ICE,322.0,176.46705627441406,56822.39212036133,0.24320801065427677,170.70867919921875,1854.1974182128906
2025-05-27,WH,531.0,85.48859405517578,45394.44344329834,0.19429474671212527,103.56806945800781,-9600.201438903809
2025-05-28,GILD,490.0,105.63134765625,51759.3603515625,0.22293678450915996,112.19833374023438,-3217.8231811523438
2025-05-28,ICE,322.0,175.73565673828125,56586.88146972656,0.24372977785226782,170.70867919921875,1618.686767578125
2025-05-28,WH,531.0,83.75473022460938,44473.76174926758,0.1915564136044985,103.56806945800781,-10520.88313293457
2025-05-29,GILD,490.0,108.23218536376953,53033.77082824707,0.227799836383754,112.19833374023438,-1943.4127044677734
2025-05-29,ICE,322.0,176.45716857910156,56819.2082824707,0.24405970286591983,170.70867919921875,1851.0135803222656
2025-05-29,WH,531.0,82.11882781982422,43605.09757232666,0.1873001662401679,103.56806945800781,-11389.547309875488
2025-05-30,GILD,490.0,107.22886657714844,52542.144622802734,0.22630401936165956,112.19833374023438,-2435.0389099121094
2025-05-30,ICE,322.0,177.71241760253906,57223.39846801758,0.2464666253692678,170.70867919921875,2255.2037658691406
2025-05-30,WH,531.0,81.09026336669922,43058.929847717285,0.1854589104404616,103.56806945800781,-11935.715034484863
2025-06-02,CEG,166.0,311.7908935546875,51757.288330078125,0.22408593698444101,311.7908935546875,0.0
2025-06-02,MELI,20.0,2593.43994140625,51868.798828125,0.22456872762600394,2593.43994140625,0.0
2025-06-02,THC,305.0,170.1199951171875,51886.59851074219,0.22464579230010087,170.1199951171875,0.0
2025-06-03,CEG,166.0,311.3929748535156,51691.233825683594,0.22318640261409736,311.7908935546875,-66.05450439453125
2025-06-03,MELI,20.0,2602.260009765625,52045.2001953125,0.22471471747209162,2593.43994140625,176.4013671875
2025-06-03,THC,305.0,171.83999633789062,52411.19888305664,0.22629498407502396,170.1199951171875,524.6003723144531
2025-06-04,CEG,166.0,297.9735107421875,49463.602783203125,0.21673907982117335,311.7908935546875,-2293.685546875
2025-06-04,MELI,20.0,2573.9599609375,51479.19921875,0.22557099848763199,2593.43994140625,-389.599609375
2025-06-04,THC,305.0,169.88999938964844,51816.44981384277,0.2270487594984893,170.1199951171875,-70.14869689941406
2025-06-05,CEG,166.0,288.36407470703125,47868.43640136719,0.2105287341381637,311.7908935546875,-3888.8519287109375
2025-06-05,MELI,20.0,2581.739990234375,51634.7998046875,0.22709346403568514,2593.43994140625,-233.9990234375
2025-06-05,THC,305.0,171.83999633789062,52411.19888305664,0.2305081215311705,170.1199951171875,524.6003723144531
2025-06-06,CEG,166.0,297.2373962402344,49341.407775878906,0.21760984578433876,311.7908935546875,-2415.8805541992188
2025-06-06,MELI,20.0,2482.389892578125,49647.7978515625,0.21896111442714294,2593.43994140625,-2221.0009765625
2025-06-06,THC,305.0,171.4600067138672,52295.30204772949,0.230637371871158,170.1199951171875,408.7035369873047
2025-06-09,CEG,166.0,298.0928955078125,49483.420654296875,0.22031661782651216,311.7908935546875,-2273.86767578125
2025-06-09,MELI,20.0,2448.60009765625,48972.001953125,0.21803961197191324,2593.43994140625,-2896.796875
2025-06-09,THC,305.0,166.19000244140625,50687.950744628906,0.22567958570672825,170.1199951171875,-1198.6477661132812
2025-06-10,CEG,166.0,289.4980773925781,48056.68084716797,0.21924237891294246,311.7908935546875,-3700.6074829101562
2025-06-10,MELI,20.0,2396.43994140625,47928.798828125,0.218658960383387,2593.43994140625,-3940.0
2025-06-10,THC,305.0,156.55999755859375,47750.799255371094,0.21784689743837915,170.1199951171875,-4135.799255371094
2025-06-11,CEG,166.0,290.66192626953125,48249.87976074219,0.21864385756234786,311.7908935546875,-3507.4085693359375
2025-06-11,MELI,20.0,2387.0,47740.0,0.21633334242045638,2593.43994140625,-4128.798828125
2025-06-11,THC,305.0,161.41000366210938,49230.05111694336,0.2230854944628881,170.1199951171875,-2656.547393798828
2025-06-12,CEG,166.0,298.80914306640625,49602.31774902344,0.22250531196038736,311.7908935546875,-2154.9705810546875
2025-06-12,MELI,20.0,2368.820068359375,47376.4013671875,0.21252033058423195,2593.43994140625,-4492.3974609375
2025-06-12,THC,305.0,165.5399932861328,50489.69795227051,0.22648590839037672,170.1199951171875,-1396.9005584716797
2025-06-13,CEG,166.0,295.3373718261719,49026.00372314453,0.22078168675547225,311.7908935546875,-2731.2846069335938
2025-06-13,MELI,20.0,2371.97998046875,47439.599609375,0.2136375397821282,2593.43994140625,-4429.19921875
2025-06-13,THC,305.0,164.3699951171875,50132.84851074219,0.22576620600289662,170.1199951171875,-1753.75
2025-06-16,CEG,166.0,306.39923095703125,50862.27233886719,0.22554461225611874,311.7908935546875,-895.0159912109375
2025-06-16,MELI,20.0,2454.760009765625,49095.2001953125,0.2177086744751386,2593.43994140625,-2773.5986328125
2025-06-16,THC,305.0,164.24000549316406,50093.20167541504,0.22213423091432175,170.1199951171875,-1793.3968353271484
2025-06-17,CEG,166.0,304.101318359375,50480.81884765625,0.22455506032604866,311.7908935546875,-1276.469482421875
2025-06-17,MELI,20.0,2389.47998046875,47789.599609375,0.21258364400994967,2593.43994140625,-4079.19921875
2025-06-17,THC,305.0,167.4600067138672,51075.30204772949,0.22719951447522035,170.1199951171875,-811.2964630126953
2025-06-18,CEG,166.0,304.8274841308594,50601.362365722656,0.22466898787734801,311.7908935546875,-1155.9259643554688
2025-06-18,MELI,20.0,2402.75,48055.0,0.21336319236652573,2593.43994140625,-3813.798828125
2025-06-18,THC,305.0,167.5800018310547,51111.90055847168,0.22693576674801638,170.1199951171875,-774.6979522705078
2025-06-20,CEG,166.0,303.3254089355469,50352.01788330078,0.22365822384813028,311.7908935546875,-1405.2704467773438
2025-06-20,MELI,20.0,2403.81005859375,48076.201171875,0.21354929187521338,2593.43994140625,-3792.59765625
2025-06-20,THC,305.0,168.00999450683594,51243.04832458496,0.22761608480921658,170.1199951171875,-643.5501861572266
2025-06-23,CEG,166.0,313.5615539550781,52051.21795654297,0.22814608009149193,311.7908935546875,293.92962646484375
2025-06-23,MELI,20.0,2452.889892578125,49057.7978515625,0.21502559819251824,2593.43994140625,-2811.0009765625
2025-06-23,THC,305.0,169.1199951171875,51581.59851074219,0.22608768761000114,170.1199951171875,-305.0
2025-06-24,CEG,166.0,318.98309326171875,52951.19348144531,0.22892683479898476,311.7908935546875,1193.9051513671875
2025-06-24,MELI,20.0,2528.949951171875,50578.9990234375,0.21867099478680987,2593.43994140625,-1289.7998046875
2025-06-24,THC,305.0,171.52000427246094,52313.601303100586,0.22617029713317757,170.1199951171875,427.00279235839844
2025-06-25,CEG,166.0,313.491943359375,52039.66259765625,0.22640140857387958,311.7908935546875,282.374267578125
2025-06-25,MELI,20.0,2540.5,50810.0,0.22105169394693408,2593.43994140625,-1058.798828125
2025-06-25,THC,305.0,169.00999450683594,51548.04832458496,0.2242626136943106,170.1199951171875,-338.55018615722656
2025-06-26,CEG,166.0,320.82342529296875,53256.68859863281,0.22901225614325657,311.7908935546875,1499.4002685546875
2025-06-26,MELI,20.0,2560.199951171875,51203.9990234375,0.22018536353789678,2593.43994140625,-664.7998046875
2025-06-26,THC,305.0,172.55999755859375,52630.799255371094,0.22632083212933343,170.1199951171875,744.2007446289062
2025-06-27,CEG,166.0,318.4956359863281,52870.27557373047,0.22741228430929789,311.7908935546875,1112.9872436523438
2025-06-27,MELI,20.0,2560.050048828125,51201.0009765625,0.22023219029310423,2593.43994140625,-667.7978515625
2025-06-27,THC,305.0,173.6300048828125,52957.15148925781,0.22778596593261347,170.1199951171875,1070.552978515625
2025-06-30,CEG,166.0,321.0721130371094,53297.970764160156,0.22708146204075544,311.7908935546875,1540.6824340820312
2025-06-30,MELI,20.0,2613.6298828125,52272.59765625,0.22271275491845566,2593.43994140625,403.798828125
2025-06-30,THC,305.0,176.0,53680.0,0.22870913671904095,170.1199951171875,1793.4014892578125
2025-07-01,CEG,166.0,306.30975341796875,50847.41906738281,0.2206444319696881,311.7908935546875,-909.8692626953125
2025-07-01,MELI,20.0,2501.39990234375,50027.998046875,0.21708868245614107,2593.43994140625,-1840.80078125
2025-07-01,THC,305.0,177.42999267578125,54116.14776611328,0.23482856953699777,170.1199951171875,2229.5492553710938
2025-07-02,CEG,166.0,305.02642822265625,50634.38708496094,0.2220217174410385,311.7908935546875,-1122.9012451171875
2025-07-02,MELI,20.0,2472.050048828125,49441.0009765625,0.21678895669067494,2593.43994140625,-2427.7978515625
2025-07-02,THC,305.0,172.22000122070312,52527.10037231445,0.2303208887922508,170.1199951171875,640.5018615722656
2025-07-03,CEG,166.0,310.2490234375,51501.337890625,0.22435990825118737,311.7908935546875,-255.950439453125
2025-07-03,MELI,20.0,2514.050048828125,50281.0009765625,0.2190436448435053,2593.43994140625,-1587.7978515625
2025-07-03,THC,305.0,171.5,52307.5,0.22787186472266932,170.1199951171875,420.9014892578125
2025-07-07,CEG,166.0,316.585693359375,52553.22509765625,0.22767532309798413,311.7908935546875,795.936767578125
2025-07-07,MELI,20.0,2501.080078125,50021.6015625,0.21670761930324853,2593.43994140625,-1847.197265625
2025-07-07,THC,305.0,173.08999633789062,52792.44888305664,0.22871170768775095,170.1199951171875,905.8503723144531
2025-07-08,CEG,166.0,311.2039794921875,51659.860595703125,0.2253637063075336,311.7908935546875,-97.427734375
2025-07-08,MELI,20.0,2476.60009765625,49532.001953125,0.2160810232987101,2593.43994140625,-2336.796875
2025-07-08,THC,305.0,172.38999938964844,52578.94981384277,0.22937318969054668,170.1199951171875,692.3513031005859
2025-07-09,CEG,166.0,315.45166015625,52364.9755859375,0.2280291345422399,311.7908935546875,607.687255859375
2025-07-09,MELI,20.0,2477.080078125,49541.6015625,0.21573443703021833,2593.43994140625,-2327.197265625
2025-07-09,THC,305.0,171.39999389648438,52276.998138427734,0.22764602692134614,170.1199951171875,390.3996276855469
2025-07-10,CEG,166.0,311.97991943359375,51788.66662597656,0.22688952098682347,311.7908935546875,31.3782958984375
2025-07-10,MELI,20.0,2402.10009765625,48042.001953125,0.21047513907077786,2593.43994140625,-3826.796875
2025-07-10,THC,305.0,173.66000366210938,52966.30111694336,0.23204881437977207,170.1199951171875,1079.7026062011719
2025-07-11,CEG,166.0,319.85845947265625,53096.50427246094,0.23094746910843805,311.7908935546875,1339.2159423828125
2025-07-11,MELI,20.0,2387.449951171875,47748.9990234375,0.20768806963895936,2593.43994140625,-4119.7998046875
2025-07-11,THC,305.0,175.75,53603.75,0.2331537747512744,170.1199951171875,1717.1514892578125
2025-07-14,CEG,166.0,324.2851867675781,53831.34100341797,0.23293016168698355,311.7908935546875,2074.0526733398438
2025-07-14,MELI,20.0,2380.25,47605.0,0.2059885587172125,2593.43994140625,-4263.798828125
2025-07-14,THC,305.0,177.74000549316406,54210.70167541504,0.23457166905088794,170.1199951171875,2324.1031646728516
2025-07-15,CEG,166.0,316.3270263671875,52510.286376953125,0.22983830268245528,311.7908935546875,752.998046875
2025-07-15,MELI,20.0,2390.0,47800.0,0.20922130931365973,2593.43994140625,-4068.798828125
2025-07-15,THC,305.0,172.77999877929688,52697.89962768555,0.23065948866494126,170.1199951171875,811.3011169433594
2025-07-16,CEG,166.0,306.5882263183594,50893.645568847656,0.2238671357588072,311.7908935546875,-863.6427612304688
2025-07-16,MELI,20.0,2405.14990234375,48102.998046875,0.21159184557918534,2593.43994140625,-3765.80078125
2025-07-16,THC,305.0,173.38999938964844,52883.94981384277,0.2326219361987345,170.1199951171875,997.3513031005859
2025-07-17,CEG,166.0,306.4688415527344,50873.827697753906,0.22433875824004404,311.7908935546875,-883.4606323242188
2025-07-17,MELI,20.0,2351.139892578125,47022.7978515625,0.20735683860205953,2593.43994140625,-4846.0009765625
2025-07-17,THC,305.0,175.13999938964844,53417.69981384277,0.23555649312398802,170.1199951171875,1531.101303100586
2025-07-18,CEG,166.0,319.7391357421875,53076.696533203125,0.23056832991195517,311.7908935546875,1319.408203125
2025-07-18,MELI,20.0,2413.570068359375,48271.4013671875,0.2096938416048482,2593.43994140625,-3597.3974609375
2025-07-18,THC,305.0,175.05999755859375,53393.299255371094,0.23194367098749066,170.1199951171875,1506.7007446289062
2025-07-21,CEG,166.0,316.2176208496094,52492.125061035156,0.22942402428284597,311.7908935546875,734.8367309570312
2025-07-21,MELI,20.0,2379.06005859375,47581.201171875,0.20796015860227318,2593.43994140625,-4287.59765625
2025-07-21,THC,305.0,174.64999389648438,53268.248138427734,0.23281617652562814,170.1199951171875,1381.6496276855469
2025-07-22,CEG,166.0,316.12811279296875,52477.26672363281,0.23511263075000355,311.7908935546875,719.9783935546875
2025-07-22,MELI,20.0,2384.719970703125,47694.3994140625,0.2136840658515415,2593.43994140625,-4174.3994140625
2025-07-22,THC,305.0,155.97000122070312,47570.85037231445,0.21313053206356805,170.1199951171875,-4315.748138427734
2025-07-23,CEG,166.0,322.0072021484375,53453.195556640625,0.23748070867522145,311.7908935546875,1695.9072265625
2025-07-23,MELI,20.0,2394.429931640625,47888.5986328125,0.21275843702801234,2593.43994140625,-3980.2001953125
2025-07-23,THC,305.0,158.30999755859375,48284.549255371094,0.21451755794616162,170.1199951171875,-3602.0492553710938
2025-07-24,CEG,166.0,319.9878234863281,53117.97869873047,0.23964485460245744,311.7908935546875,1360.6903686523438
2025-07-24,MELI,20.0,2391.050048828125,47821.0009765625,0.21574723110173982,2593.43994140625,-4047.7978515625
2025-07-24,THC,305.0,148.3800048828125,45255.90148925781,0.20417463536795935,170.1199951171875,-6630.697021484375
2025-07-25,CEG,166.0,325.6380920410156,54055.923278808594,0.24192995928615066,311.7908935546875,2298.6349487304688
2025-07-25,MELI,20.0,2362.56005859375,47251.201171875,0.21147508880335578,2593.43994140625,-4617.59765625
2025-07-25,THC,305.0,153.02000427246094,46671.101303100586,0.20887882313769254,170.1199951171875,-5215.497207641602
2025-07-28,CEG,166.0,326.94122314453125,54272.24304199219,0.2416922014682408,311.7908935546875,2514.9547119140625
2025-07-28,MELI,20.0,2354.110107421875,47082.2021484375,0.20967257753514973,2593.43994140625,-4786.5966796875
2025-07-28,THC,305.0,156.52000427246094,47738.601303100586,0.21259573950230232,170.1199951171875,-4147.997207641602
2025-07-29,CEG,166.0,328.7915344238281,54579.39471435547,0.2422158352767333,311.7908935546875,2822.1063842773438
2025-07-29,MELI,20.0,2384.89990234375,47697.998046875,0.21167714479825656,2593.43994140625,-4170.80078125
2025-07-29,THC,305.0,156.05999755859375,47598.299255371094,0.21123469529535197,170.1199951171875,-4288.299255371094
2025-07-30,CEG,166.0,343.4643859863281,57015.08807373047,0.24878692898394686,311.7908935546875,5257.799743652344
2025-07-30,MELI,20.0,2381.389892578125,47627.7978515625,0.20782522595484557,2593.43994140625,-4241.0009765625
2025-07-30,THC,305.0,160.88999938964844,49071.44981384277,0.21412464160694278,170.1199951171875,-2815.148696899414
2025-07-31,CEG,166.0,346.0209655761719,57439.48028564453,0.2502093272429001,311.7908935546875,5682.191955566406
2025-07-31,MELI,20.0,2373.889892578125,47477.7978515625,0.2068157267499302,2593.43994140625,-4391.0009765625
2025-07-31,THC,305.0,161.27999877929688,49190.39962768555,0.214275908076568,170.1199951171875,-2696.1988830566406
2025-08-01,CEG,166.0,338.9878845214844,56271.988830566406,0.24738652345319403,311.7908935546875,4514.700500488281
2025-08-01,MELI,20.0,2375.919921875,47518.3984375,0.2089034283986669,2593.43994140625,-4350.400390625
2025-08-01,THC,305.0,158.08999633789062,48217.44888305664,0.21197663876564662,170.1199951171875,-3669.149627685547
2025-08-04,CEG,166.0,353.0340881347656,58603.658630371094,0.25358062495361733,311.7908935546875,6846.370300292969
2025-08-04,MELI,20.0,2395.830078125,47916.6015625,0.20733725596400165,2593.43994140625,-3952.197265625
2025-08-04,THC,305.0,161.07000732421875,49126.35223388672,0.2125719006680666,170.1199951171875,-2760.2462768554688
2025-08-05,CEG,166.0,341.77325439453125,56734.36022949219,0.24748758811480376,311.7908935546875,4977.0718994140625
2025-08-05,MELI,20.0,2408.02001953125,48160.400390625,0.21008611513562347,2593.43994140625,-3708.3984375
2025-08-05,THC,305.0,160.2899932861328,48888.44795227051,0.21326201655295976,170.1199951171875,-2998.1505584716797
2025-08-06,CEG,166.0,336.6899719238281,55890.53533935547,0.24701114769483354,311.7908935546875,4133.247009277344
2025-08-06,MELI,20.0,2317.219970703125,46344.3994140625,0.20482150008025604,2593.43994140625,-5524.3994140625
2025-08-06,THC,305.0,159.25999450683594,48574.29832458496,0.21467665508614767,170.1199951171875,-3312.3001861572266
2025-08-07,CEG,166.0,334.65069580078125,55552.01550292969,0.24413151944723374,311.7908935546875,3794.7271728515625
2025-08-07,MELI,20.0,2334.820068359375,46696.4013671875,0.20521421797717052,2593.43994140625,-5172.3974609375
2025-08-07,THC,305.0,163.4199981689453,49843.09944152832,0.219042846428824,170.1199951171875,-2043.4990692138672
2025-08-08,CEG,166.0,334.00909423828125,55445.50964355469,0.2426717730631176,311.7908935546875,3688.2213134765625
2025-08-08,MELI,20.0,2353.699951171875,47073.9990234375,0.20603166751695615,2593.43994140625,-4794.7998046875
2025-08-08,THC,305.0,165.5800018310547,50501.90055847168,0.2210347750497449,170.1199951171875,-1384.6979522705078
2025-08-11,CEG,166.0,329.7564392089844,54739.568908691406,0.24129170805736236,311.7908935546875,2982.2805786132812
2025-08-11,MELI,20.0,2292.0400390625,45840.80078125,0.20206598882200635,2593.43994140625,-6027.998046875
2025-08-11,THC,305.0,166.6300048828125,50822.15148925781,0.22402375437863484,170.1199951171875,-1064.447021484375
2025-08-12,CEG,166.0,336.7994384765625,55908.706787109375,0.24268066491287824,311.7908935546875,4151.41845703125
2025-08-12,MELI,20.0,2350.830078125,47016.6015625,0.20408306299372547,2593.43994140625,-4852.197265625
2025-08-12,THC,305.0,170.47999572753906,51996.398696899414,0.22569866723778453,170.1199951171875,109.80018615722656
2025-08-13,CEG,166.0,325.9166259765625,54102.159912109375,0.23674344788165924,311.7908935546875,2344.87158203125
2025-08-13,MELI,20.0,2327.300048828125,46546.0009765625,0.2036787583748216,2593.43994140625,-5322.7978515625
2025-08-13,THC,305.0,171.8699951171875,52420.34851074219,0.22938407756274456,170.1199951171875,533.75
2025-08-14,CEG,166.0,324.5040588378906,53867.673767089844,0.23596004914091925,311.7908935546875,2110.3854370117188
2025-08-14,MELI,20.0,2319.800048828125,46396.0009765625,0.20323139843956287,2593.43994140625,-5472.7978515625
2025-08-14,THC,305.0,172.36000061035156,52569.80018615723,0.23027488970263177,170.1199951171875,683.2016754150391
2025-08-15,CEG,166.0,320.5448913574219,53210.45196533203,0.2323797586633725,311.7908935546875,1453.1636352539062
2025-08-15,MELI,20.0,2392.300048828125,47846.0009765625,0.20895222177750017,2593.43994140625,-4022.7978515625
2025-08-15,THC,305.0,172.02000427246094,52466.101303100586,0.229129043421131,170.1199951171875,579.5027923583984
2025-08-18,CEG,166.0,321.4691162109375,53363.873291015625,0.2336854049893426,311.7908935546875,1606.5849609375
2025-08-18,MELI,20.0,2364.010009765625,47280.2001953125,0.20704443004662784,2593.43994140625,-4588.5986328125
2025-08-18,THC,305.0,171.3300018310547,52255.65055847168,0.22883239372719855,170.1199951171875,369.0520477294922
2025-08-19,CEG,166.0,315.9564208984375,52448.765869140625,0.2289691805259081,311.7908935546875,691.4775390625
2025-08-19,MELI,20.0,2342.93994140625,46858.798828125,0.20456574316492993,2593.43994140625,-5010.0
2025-08-19,THC,305.0,178.02999877929688,54299.14962768555,0.23704717522857777,170.1199951171875,2412.5511169433594
2025-08-20,CEG,166.0,312.943603515625,51948.63818359375,0.226239433393316,311.7908935546875,191.349853515625
2025-08-20,MELI,20.0,2335.97998046875,46719.599609375,0.20346665694358304,2593.43994140625,-5149.19921875
2025-08-20,THC,305.0,181.94000244140625,55491.700744628906,0.24166968323841814,170.1199951171875,3605.1022338867188
2025-08-21,CEG,166.0,311.26043701171875,51669.23254394531,0.22663931452615144,311.7908935546875,-88.0557861328125
2025-08-21,MELI,20.0,2337.43994140625,46748.798828125,0.20505657234827182,2593.43994140625,-5120.0
2025-08-21,THC,305.0,177.38999938964844,54103.94981384277,0.23731883550887997,170.1199951171875,2217.351303100586
2025-08-22,CEG,166.0,308.9099426269531,51279.05047607422,0.22285842582223808,311.7908935546875,-478.23785400390625
2025-08-22,MELI,20.0,2430.6201171875,48612.40234375,0.21126919007246794,2593.43994140625,-3256.396484375
2025-08-22,THC,305.0,179.5,54747.5,0.23793228529837335,170.1199951171875,2860.9014892578125
2025-08-25,CEG,166.0,309.4278869628906,51365.029235839844,0.2233767130445755,311.7908935546875,-392.25909423828125
2025-08-25,MELI,20.0,2407.739990234375,48154.7998046875,0.20941603767617872,2593.43994140625,-3713.9990234375
2025-08-25,THC,305.0,180.22999572753906,54970.148696899414,0.23905468981836503,170.1199951171875,3083.5501861572266
2025-08-26,CEG,166.0,315.3040771484375,52340.476806640625,0.22675756748631312,311.7908935546875,583.1884765625
2025-08-26,MELI,20.0,2405.530029296875,48110.6005859375,0.2084322387714408,2593.43994140625,-3758.1982421875
2025-08-26,THC,305.0,180.0399932861328,54912.19795227051,0.23789917846915687,170.1199951171875,3025.5994415283203
2025-08-27,CEG,166.0,314.66668701171875,52234.67004394531,0.22567857468248853,311.7908935546875,477.3817138671875
2025-08-27,MELI,20.0,2413.429931640625,48268.5986328125,0.20854326316620247,2593.43994140625,-3600.2001953125
2025-08-27,THC,305.0,181.9499969482422,55494.74906921387,0.2397636638992082,170.1199951171875,3608.1505584716797
2025-08-28,CEG,166.0,318.2620849609375,52831.506103515625,0.22575928270932913,311.7908935546875,1074.2177734375
2025-08-28,MELI,20.0,2472.2900390625,49445.80078125,0.21129150653951478,2593.43994140625,-2422.998046875
2025-08-28,THC,305.0,184.52999877929688,56281.64962768555,0.24050241582642584,170.1199951171875,4395.051116943359
2025-08-29,CEG,166.0,306.73876953125,50918.6357421875,0.21942437666350495,311.7908935546875,-838.652587890625
2025-08-29,MELI,20.0,2472.909912109375,49458.1982421875,0.2131308932772641,2593.43994140625,-2410.6005859375
2025-08-29,THC,305.0,184.3300018310547,56220.65055847168,0.24227242196492144,170.1199951171875,4334.052047729492
2025-09-02,CEG,166.0,305.9519348144531,50788.02117919922,0.22045995562703694,311.7908935546875,-969.2671508789062
2025-09-02,MELI,20.0,2379.760009765625,47595.2001953125,0.20660060147048978,2593.43994140625,-4273.5986328125
2025-09-02,THC,305.0,185.35000610351562,56531.751861572266,0.245392264111783,170.1199951171875,4645.153350830078
2025-09-03,CEG,166.0,307.2367248535156,51001.296325683594,0.22085245000697068,311.7908935546875,-755.9920043945312
2025-09-03,MELI,20.0,2373.1201171875,47462.40234375,0.20552787077992526,2593.43994140625,-4406.396484375
2025-09-03,THC,305.0,186.91000366210938,57007.55111694336,0.24686151608139162,170.1199951171875,5120.952606201172
2025-09-04,CEG,166.0,307.81439208984375,51097.18908691406,0.2187100502531978,311.7908935546875,-660.0992431640625
2025-09-04,MELI,20.0,2417.800048828125,48356.0009765625,0.20697700974584834,2593.43994140625,-3512.7978515625
2025-09-04,THC,305.0,192.52000427246094,58718.601303100586,0.25133179478726997,170.1199951171875,6832.002792358398
2025-09-05,CEG,166.0,300.3645324707031,49860.51239013672,0.2135324257699672,311.7908935546875,-1896.7759399414062
2025-09-05,MELI,20.0,2417.489990234375,48349.7998046875,0.2070626542504109,2593.43994140625,-3518.9990234375
2025-09-05,THC,305.0,196.17999267578125,59834.89776611328,0.25624868765335057,170.1199951171875,7948.299255371094
2025-09-08,CEG,166.0,297.6156921386719,49404.20489501953,0.21433050022048397,311.7908935546875,-2353.0834350585938
2025-09-08,MELI,20.0,2346.9599609375,46939.19921875,0.20363655421398844,2593.43994140625,-4929.599609375
2025-09-08,THC,305.0,192.47000122070312,58703.35037231445,0.25467302786578966,170.1199951171875,6816.751861572266
2025-09-09,CEG,166.0,299.60760498046875,49734.86242675781,0.2138655191802083,311.7908935546875,-2022.4259033203125
2025-09-09,MELI,20.0,2373.010009765625,47460.2001953125,0.20408421497324347,2593.43994140625,-4408.5986328125
2025-09-09,THC,305.0,196.38999938964844,59898.94981384277,0.25757224158711367,170.1199951171875,8012.351303100586
2025-09-10,CEG,166.0,318.7103271484375,52905.914306640625,0.2262516018704709,311.7908935546875,1148.6259765625
2025-09-10,MELI,20.0,2348.989990234375,46979.7998046875,0.20090863376366266,2593.43994140625,-4888.9990234375
2025-09-10,THC,305.0,191.77999877929688,58492.89962768555,0.25014428750079104,170.1199951171875,6606.301116943359
2025-09-11,CEG,166.0,316.7183532714844,52575.246643066406,0.2248937355597097,311.7908935546875,817.9583129882812
2025-09-11,MELI,20.0,2338.199951171875,46763.9990234375,0.20003577922308124,2593.43994140625,-5104.7998046875
2025-09-11,THC,305.0,193.3800048828125,58980.90148925781,0.2522943040600598,170.1199951171875,7094.302978515625
2025-09-12,CEG,166.0,322.17626953125,53481.2607421875,0.22802949636202255,311.7908935546875,1723.972412109375
2025-09-12,MELI,20.0,2339.360107421875,46787.2021484375,0.19948785787842224,2593.43994140625,-5081.5966796875
2025-09-12,THC,305.0,192.82000732421875,58810.10223388672,0.25075022180271306,170.1199951171875,6923.503723144531
2025-09-15,CEG,166.0,329.08831787109375,54628.66076660156,0.23369366537062722,311.7908935546875,2871.3724365234375
2025-09-15,MELI,20.0,2335.820068359375,46716.4013671875,0.1998461414799679,2593.43994140625,-5152.3974609375
2025-09-15,THC,305.0,186.75,56958.75,0.2436614567451949,170.1199951171875,5072.1514892578125
2025-09-16,CEG,166.0,321.60858154296875,53387.02453613281,0.22971255675128538,311.7908935546875,1629.7362060546875
2025-09-16,MELI,20.0,2390.139892578125,47802.7978515625,0.20568486462315017,2593.43994140625,-4066.0009765625
2025-09-16,THC,305.0,182.82000732421875,55760.10223388672,0.23992338513246925,170.1199951171875,3873.5037231445312
2025-09-17,CEG,166.0,319.98016357421875,53116.70715332031,0.22752002210611694,311.7908935546875,1359.4188232421875
2025-09-17,MELI,20.0,2446.320068359375,48926.4013671875,0.2095712727165808,2593.43994140625,-2942.3974609375
2025-09-17,THC,305.0,183.47000122070312,55958.35037231445,0.23969191232018924,170.1199951171875,4071.7518615722656
2025-09-18,CEG,166.0,321.40936279296875,53353.95422363281,0.2257147132479994,311.7908935546875,1596.6658935546875
2025-09-18,MELI,20.0,2476.3701171875,49527.40234375,0.20952642743367889,2593.43994140625,-2341.396484375
2025-09-18,THC,305.0,190.2899932861328,58038.44795227051,0.24553253507690442,170.1199951171875,6151.84944152832
2025-09-19,CEG,166.0,329.56634521484375,54708.01330566406,0.2306354780493005,311.7908935546875,2950.7249755859375
2025-09-19,MELI,20.0,2452.340087890625,49046.8017578125,0.2067692077758416,2593.43994140625,-2821.9970703125
2025-09-19,THC,305.0,190.13999938964844,57992.69981384277,0.24448290546040433,170.1199951171875,6106.101303100586
2025-09-22,CEG,166.0,345.72100830078125,57389.68737792969,0.2378854926841575,311.7908935546875,5632.3990478515625
2025-09-22,MELI,20.0,2460.659912109375,49213.1982421875,0.20399319887057063,2593.43994140625,-2655.6005859375
2025-09-22,THC,305.0,194.05999755859375,59188.299255371094,0.245340903092566,170.1199951171875,7301.700744628906
2025-09-23,CEG,166.0,335.2931823730469,55658.66827392578,0.2320144640688429,311.7908935546875,3901.3799438476562
2025-09-23,MELI,20.0,2494.35009765625,49887.001953125,0.20795513764704796,2593.43994140625,-1981.796875
2025-09-23,THC,305.0,193.0800018310547,58889.40055847168,0.24548184736769874,170.1199951171875,7002.802047729492
2025-09-24,CEG,166.0,337.76318359375,56068.6884765625,0.23195884017711718,311.7908935546875,4311.400146484375
2025-09-24,MELI,20.0,2510.969970703125,50219.3994140625,0.20776005216078333,2593.43994140625,-1649.3994140625
2025-09-24,THC,305.0,196.6300048828125,59972.15148925781,0.24810765295838222,170.1199951171875,8085.552978515625
2025-09-25,CEG,166.0,325.0147705078125,53952.451904296875,0.22550180461459526,311.7908935546875,2195.16357421875
2025-09-25,MELI,20.0,2492.25,49845.0,0.2083341359712943,2593.43994140625,-2023.798828125
2025-09-25,THC,305.0,196.72000122070312,59999.60037231445,0.25077670583186035,170.1199951171875,8113.001861572266
2025-09-26,CEG,166.0,329.9249267578125,54767.537841796875,0.22705903060056803,311.7908935546875,3010.24951171875
2025-09-26,MELI,20.0,2468.419921875,49368.3984375,0.2046749065824642,2593.43994140625,-2500.400390625
2025-09-26,THC,305.0,202.0,61610.0,0.25542698150335597,170.1199951171875,9723.401489257812
2025-09-29,CEG,166.0,332.91778564453125,55264.35241699219,0.22825702084403798,311.7908935546875,3507.0640869140625
2025-09-29,MELI,20.0,2501.31005859375,50026.201171875,0.20662201119225906,2593.43994140625,-1842.59765625
2025-09-29,THC,305.0,201.1999969482422,61365.99906921387,0.25345850473315146,170.1199951171875,9479.40055847168
2025-09-30,CEG,166.0,327.7437438964844,54405.461486816406,0.22808694557974224,311.7908935546875,2648.1731567382812
2025-09-30,MELI,20.0,2336.93994140625,46738.798828125,0.19594558291461847,2593.43994140625,-5130.0
2025-09-30,THC,305.0,203.0399932861328,61927.19795227051,0.25962072636160216,170.1199951171875,10040.59944152832
2025-10-01,PDD,398.0,134.39999389648438,53491.19757080078,0.22512066634556221,134.39999389648438,0.0
2025-10-01,TER,379.0,140.95449829101562,53421.75485229492,0.2248284128202566,140.95449829101562,0.0
2025-10-01,UTHR,122.0,438.17999267578125,53457.95910644531,0.2249807804281811,438.17999267578125,0.0
2025-10-02,PDD,398.0,135.24000549316406,53825.5221862793,0.2243869393029518,134.39999389648438,334.3246154785156
2025-10-02,TER,379.0,144.36048889160156,54712.62528991699,0.22808507992818391,140.95449829101562,1290.8704376220703
2025-10-02,UTHR,122.0,443.44000244140625,54099.68029785156,0.22552984506665028,438.17999267578125,641.72119140625
2025-10-03,PDD,398.0,134.25,53431.5,0.22163464645266354,134.39999389648438,-59.69757080078125
2025-10-03,TER,379.0,145.46920776367188,55132.82974243164,0.22869178720228198,140.95449829101562,1711.0748901367188
2025-10-03,UTHR,122.0,453.07000732421875,55274.54089355469,0.2292796071376676,438.17999267578125,1816.581787109375
2025-10-06,PDD,398.0,134.3300018310547,53463.340728759766,0.22094040768233467,134.39999389648438,-27.856842041015625
2025-10-06,TER,379.0,147.6965789794922,55977.00343322754,0.2313282670104413,140.95449829101562,2555.248580932617
2025-10-06,UTHR,122.0,453.2799987792969,55300.15985107422,0.2285311710014805,438.17999267578125,1842.2007446289062
2025-10-07,PDD,398.0,133.47999572753906,53125.03829956055,0.2221405160452378,134.39999389648438,-366.1592712402344
2025-10-07,TER,379.0,139.97564697265625,53050.77020263672,0.22182996655850937,140.95449829101562,-370.9846496582031
2025-10-07,UTHR,122.0,456.8399963378906,55734.479553222656,0.2330518046811093,438.17999267578125,2276.5204467773438
2025-10-08,PDD,398.0,133.77000427246094,53240.46170043945,0.22184508795011512,134.39999389648438,-250.73587036132812
2025-10-08,TER,379.0,144.430419921875,54739.129150390625,0.22808981238757522,140.95449829101562,1317.3742980957031
2025-10-08,UTHR,122.0,448.92999267578125,54769.45910644531,0.22821619280490393,438.17999267578125,1311.5
2025-10-09,PDD,398.0,131.25,52237.5,0.2187713890453413,134.39999389648438,-1253.6975708007812
2025-10-09,TER,379.0,145.0197296142578,54962.47752380371,0.2301836334674494,140.95449829101562,1540.722671508789
2025-10-09,UTHR,122.0,445.3800048828125,54336.360595703125,0.22756144691439142,438.17999267578125,878.4014892578125
2025-10-10,PDD,398.0,124.2699966430664,49459.45866394043,0.21468699379852774,134.39999389648438,-4031.7389068603516
2025-10-10,TER,379.0,131.92510986328125,49999.616638183594,0.21703163918687515,140.95449829101562,-3422.138214111328
2025-10-10,UTHR,122.0,440.0,53680.0,0.23300695435041427,438.17999267578125,222.0408935546875
2025-10-13,PDD,398.0,127.55000305175781,50764.90121459961,0.21660987938402962,134.39999389648438,-2726.296356201172
2025-10-13,TER,379.0,138.9668426513672,52668.433364868164,0.22473210280233724,140.95449829101562,-753.3214874267578
2025-10-13,UTHR,122.0,440.05999755859375,53687.31970214844,0.22907961144204367,438.17999267578125,229.360595703125
2025-10-14,PDD,398.0,127.0999984741211,50585.799392700195,0.21750103222453726,134.39999389648438,-2905.398178100586
2025-10-14,TER,379.0,136.8093719482422,51850.75196838379,0.22293988056200115,140.95449829101562,-1571.0028839111328
2025-10-14,UTHR,122.0,433.6099853515625,52900.418212890625,0.22745307387736538,438.17999267578125,-557.5408935546875
2025-10-15,PDD,398.0,127.58000183105469,50776.840728759766,0.21687268664324147,134.39999389648438,-2714.3568420410156
2025-10-15,TER,379.0,140.86460876464844,53387.68672180176,0.2280238566805308,140.95449829101562,-34.06813049316406
2025-10-15,UTHR,122.0,432.19000244140625,52727.18029785156,0.22520277130674018,438.17999267578125,-730.77880859375
2025-10-16,PDD,398.0,127.3499984741211,50685.299392700195,0.21711733900182578,134.39999389648438,-2805.898178100586
2025-10-16,TER,379.0,139.13662719726562,52732.78170776367,0.2258880065765724,140.95449829101562,-688.97314453125
2025-10-16,UTHR,122.0,432.69000244140625,52788.18029785156,0.22612531393409918,438.17999267578125,-669.77880859375
2025-10-17,PDD,398.0,128.47999572753906,51135.03829956055,0.21895241650407793,134.39999389648438,-2356.1592712402344
2025-10-17,TER,379.0,137.99798583984375,52301.23663330078,0.22394589948143687,140.95449829101562,-1120.5182189941406
2025-10-17,UTHR,122.0,433.3399963378906,52867.479553222656,0.2263704650976571,438.17999267578125,-590.4795532226562
2025-10-20,PDD,398.0,131.55999755859375,52360.87902832031,0.22273593568292943,134.39999389648438,-1130.3185424804688
2025-10-20,TER,379.0,139.02676391601562,52691.14352416992,0.22414083515885547,140.95449829101562,-730.611328125
2025-10-20,UTHR,122.0,432.69000244140625,52788.18029785156,0.22455361616984543,438.17999267578125,-669.77880859375
2025-10-21,PDD,398.0,130.7100067138672,52022.58267211914,0.22130684500173242,134.39999389648438,-1468.6148986816406
2025-10-21,TER,379.0,143.1619110107422,54258.36427307129,0.2308179793361841,140.95449829101562,836.6094207763672
2025-10-21,UTHR,122.0,422.5299987792969,51548.65985107422,0.21929075201071715,438.17999267578125,-1909.2992553710938
2025-10-22,PDD,398.0,130.05999755859375,51763.87902832031,0.2221597840914583,134.39999389648438,-1727.3185424804688
2025-10-22,TER,379.0,138.6771697998047,52558.64735412598,0.22557076416053537,140.95449829101562,-863.1074981689453
2025-10-22,UTHR,122.0,421.6400146484375,51440.081787109375,0.22077011379342143,438.17999267578125,-2017.8773193359375
2025-10-23,PDD,398.0,133.2899932861328,53049.41732788086,0.2236550348956647,134.39999389648438,-441.7802429199219
2025-10-23,TER,379.0,144.86988830566406,54905.68766784668,0.23148102486073538,140.95449829101562,1483.9328155517578
2025-10-23,UTHR,122.0,426.2099914550781,51997.61895751953,0.21922067891070776,438.17999267578125,-1460.3401489257812
2025-10-24,PDD,398.0,133.9600067138672,53316.08267211914,0.2256849978480068,134.39999389648438,-175.11489868164062
2025-10-24,TER,379.0,144.1107940673828,54617.990951538086,0.23119592724328694,140.95449829101562,1196.236099243164
2025-10-24,UTHR,122.0,418.5799865722656,51066.758361816406,0.21616369158002766,438.17999267578125,-2391.2007446289062
2025-10-27,PDD,398.0,137.75999450683594,54828.4778137207,0.22914648545637195,134.39999389648438,1337.2802429199219
2025-10-27,TER,379.0,147.32701110839844,55836.93721008301,0.23336117343634807,140.95449829101562,2415.182357788086
2025-10-27,UTHR,122.0,421.0400085449219,51366.88104248047,0.21467931865134487,438.17999267578125,-2091.0780639648438
2025-10-28,PDD,398.0,138.02999877929688,54935.939514160156,0.23130573166966034,134.39999389648438,1444.741943359375
2025-10-28,TER,379.0,144.21067810058594,54655.84700012207,0.23012641254873997,140.95449829101562,1234.0921478271484
2025-10-28,UTHR,122.0,415.3399963378906,50671.479553222656,0.21335038148972268,438.17999267578125,-2786.4795532226562
2025-10-29,PDD,398.0,138.0800018310547,54955.840728759766,0.21671041045088404,134.39999389648438,1464.6431579589844
2025-10-29,TER,379.0,173.7360076904297,65845.94691467285,0.25965396931755585,140.95449829101562,12424.19206237793
2025-10-29,UTHR,122.0,455.32000732421875,55549.04089355469,0.21904960951485114,438.17999267578125,2091.081787109375
2025-10-30,PDD,398.0,136.00999450683594,54131.9778137207,0.2134021174226408,134.39999389648438,640.7802429199219
2025-10-30,TER,379.0,176.67257690429688,66958.90664672852,0.26396915530943266,140.95449829101562,13537.151794433594
2025-10-30,UTHR,122.0,453.5299987792969,55330.65985107422,0.21812762894501656,438.17999267578125,1872.7007446289062
2025-10-31,PDD,398.0,134.8699951171875,53678.258056640625,0.2112757614279241,134.39999389648438,187.06048583984375
2025-10-31,TER,379.0,181.5468292236328,68806.24827575684,0.27081900608846055,140.95449829101562,15384.493423461914
2025-10-31,UTHR,122.0,445.42999267578125,54342.45910644531,0.21389003371654117,438.17999267578125,884.5
2025-11-03,CRUS,434.0,131.24000549316406,56958.1623840332,0.2253145884693106,131.24000549316406,0.0
2025-11-03,GOOG,200.0,283.73486328125,56746.97265625,0.22447916603619927,283.73486328125,0.0
2025-11-03,GOOGL,201.0,283.3350830078125,56950.35168457031,0.22528369097435152,283.3350830078125,0.0
2025-11-04,CRUS,434.0,129.6300048828125,56259.422119140625,0.22535828350830103,131.24000549316406,-698.7402648925781
2025-11-04,GOOG,200.0,277.6830749511719,55536.614990234375,0.2224629360670685,283.73486328125,-1210.357666015625
2025-11-04,GOOGL,201.0,277.1634826660156,55709.86001586914,0.22315690340858726,283.3350830078125,-1240.4916687011719
2025-11-05,CRUS,434.0,119.41999816894531,51828.279205322266,0.20906228585526146,131.24000549316406,-5129.8831787109375
2025-11-05,GOOG,200.0,284.364013671875,56872.802734375,0.22941062919609373,283.73486328125,125.830078125
2025-11-05,GOOGL,201.0,283.9242858886719,57068.78146362305,0.23020115826138052,283.3350830078125,118.42977905273438
2025-11-06,CRUS,434.0,118.62000274658203,51481.0811920166,0.20777998083993757,131.24000549316406,-5477.081192016602
2025-11-06,GOOG,200.0,284.9532165527344,56990.643310546875,0.23001682367458634,283.73486328125,243.670654296875
2025-11-06,GOOGL,201.0,284.36370849609375,57157.105407714844,0.23068867225583756,283.3350830078125,206.75372314453125
2025-11-07,CRUS,434.0,118.63999938964844,51489.75973510742,0.2097674300464157,131.24000549316406,-5468.402648925781
2025-11-07,GOOG,200.0,279.32086181640625,55864.17236328125,0.22758862982857267,283.73486328125,-882.80029296875
2025-11-07,GOOGL,201.0,278.4516906738281,55968.78982543945,0.2280148376082905,283.3350830078125,-981.5618591308594
2025-11-10,CRUS,434.0,118.73999786376953,51533.15907287598,0.20618061586916572,131.24000549316406,-5425.003311157227
2025-11-10,GOOG,200.0,290.19610595703125,58039.22119140625,0.23221092176569802,283.73486328125,1292.24853515625
2025-11-10,GOOGL,201.0,289.7064208984375,58230.99060058594,0.23297817794794798,283.3350830078125,1280.638916015625
2025-11-11,CRUS,434.0,120.4000015258789,52253.600662231445,0.20806991223163795,131.24000549316406,-4704.561721801758
2025-11-11,GOOG,200.0,291.3445129394531,58268.902587890625,0.23202239259388327,283.73486328125,1521.929931640625
2025-11-11,GOOGL,201.0,290.9147644042969,58473.86764526367,0.23283854805413248,283.3350830078125,1523.5159606933594
2025-11-12,CRUS,434.0,121.43000030517578,52700.62013244629,0.21097322928622167,131.24000549316406,-4257.542251586914
2025-11-12,GOOG,200.0,287.04034423828125,57408.06884765625,0.22981827616899392,283.73486328125,661.09619140625
2025-11-12,GOOGL,201.0,286.3210144042969,57550.52389526367,0.23038855791039142,283.3350830078125,600.1722106933594
2025-11-13,CRUS,434.0,119.58000183105469,51897.720794677734,0.21122298187331034,131.24000549316406,-5060.441589355469
2025-11-13,GOOG,200.0,278.74163818359375,55748.32763671875,0.22689489668466528,283.73486328125,-998.64501953125
2025-11-13,GOOGL,201.0,278.19207763671875,55916.60760498047,0.22757979375030737,283.3350830078125,-1033.7440795898438
2025-11-14,CRUS,434.0,119.30999755859375,51780.53894042969,0.21158841668633488,131.24000549316406,-5177.623443603516
2025-11-14,GOOG,200.0,276.60455322265625,55320.91064453125,0.22605527351479984,283.73486328125,-1426.06201171875
2025-11-14,GOOGL,201.0,276.0350036621094,55483.035736083984,0.2267177577632978,283.3350830078125,-1467.3159484863281
2025-11-17,CRUS,434.0,115.44000244140625,50100.96105957031,0.20325487678625337,131.24000549316406,-6857.201324462891
2025-11-17,GOOG,200.0,285.2128601074219,57042.572021484375,0.23141633818186136,283.73486328125,295.599365234375
2025-11-17,GOOGL,201.0,284.63330078125,57211.29345703125,0.2321008251431495,283.3350830078125,260.9417724609375
2025-11-18,CRUS,434.0,115.51000213623047,50131.34092712402,0.20358128883566762,131.24000549316406,-6826.82145690918
2025-11-18,GOOG,200.0,284.5736999511719,56914.739990234375,0.23112839007842487,283.73486328125,167.767333984375
2025-11-18,GOOGL,201.0,283.8943176269531,57062.75784301758,0.23172948441747512,283.3350830078125,112.40615844726562
2025-11-19,CRUS,434.0,115.79000091552734,50252.86039733887,0.20126516241766332,131.24000549316406,-6705.301986694336
2025-11-19,GOOG,200.0,292.59283447265625,58518.56689453125,0.23436972099403952,283.73486328125,1771.59423828125
2025-11-19,GOOGL,201.0,292.4127502441406,58774.962799072266,0.23539659912520763,283.3350830078125,1824.6111145019531
2025-11-20,CRUS,434.0,113.48999786376953,49254.65907287598,0.19908029574579914,131.24000549316406,-7703.503311157227
2025-11-20,GOOG,200.0,289.5869445800781,57917.388916015625,0.23409381226586187,283.73486328125,1170.416259765625
2025-11-20,GOOGL,201.0,289.05731201171875,58100.51971435547,0.23483400079177813,283.3350830078125,1150.1680297851562
2025-11-21,CRUS,434.0,118.12000274658203,51264.0811920166,0.20230398885248607,131.24000549316406,-5694.081192016602
2025-11-21,GOOG,200.0,299.2438049316406,59848.760986328125,0.23618180203137557,283.73486328125,3101.788330078125
2025-11-21,GOOGL,201.0,299.2534484863281,60149.94314575195,0.2373703603904813,283.3350830078125,3199.5914611816406
2025-11-24,CRUS,434.0,116.77999877929688,50682.519470214844,0.19465102266135642,131.24000549316406,-6275.642913818359
2025-11-24,GOOG,200.0,318.0382995605469,63607.659912109375,0.2442912503247615,283.73486328125,6860.687255859375
2025-11-24,GOOGL,201.0,318.14776611328125,63947.70098876953,0.24559721032853887,283.3350830078125,6997.349304199219
2025-11-25,CRUS,434.0,118.55999755859375,51455.03894042969,0.1955298206086075,131.24000549316406,-5503.123443603516
2025-11-25,GOOG,200.0,323.2012939453125,64640.2587890625,0.24563382839437434,283.73486328125,7893.2861328125
2025-11-25,GOOGL,201.0,323.0011901855469,64923.23922729492,0.2467091577588587,283.3350830078125,7972.887542724609
2025-11-26,CRUS,434.0,119.7699966430664,51980.17854309082,0.19816277466947166,131.24000549316406,-4977.983840942383
2025-11-26,GOOG,200.0,319.8458557128906,63969.171142578125,0.24386812054543253,283.73486328125,7222.198486328125
2025-11-26,GOOGL,201.0,319.5159606933594,64222.708099365234,0.24483467334010095,283.3350830078125,7272.356414794922
2025-11-28,CRUS,434.0,120.33999633789062,52227.55841064453,0.19890750565501342,131.24000549316406,-4730.603973388672
2025-11-28,GOOG,200.0,319.68603515625,63937.20703125,0.24350344446778013,283.73486328125,7190.234375
2025-11-28,GOOGL,201.0,319.74560546875,64268.86669921875,0.24476656300691116,283.3350830078125,7318.5150146484375
2025-12-01,CRUS,434.0,118.4000015258789,51385.600662231445,0.197888362660364,131.24000549316406,-5572.561721801758
2025-12-01,GOOG,200.0,314.6928405761719,62938.568115234375,0.24237938317350138,283.73486328125,6191.595458984375
2025-12-01,GOOGL,201.0,314.4627990722656,63207.02261352539,0.24341321406057836,283.3350830078125,6256.670928955078
2025-12-02,CRUS,434.0,121.75,52839.5,0.2020723990751493,131.24000549316406,-4118.662384033203
2025-12-02,GOOG,200.0,315.59161376953125,63118.32275390625,0.24138137008263552,283.73486328125,6371.35009765625
2025-12-02,GOOGL,201.0,315.38153076171875,63391.68768310547,0.2424267907824206,283.3350830078125,6441.335998535156
2025-12-03,CRUS,434.0,122.1500015258789,53013.100662231445,0.20130504475508207,131.24000549316406,-3945.061721801758
2025-12-03,GOOG,200.0,320.1853942871094,64037.078857421875,0.2431660639416638,283.73486328125,7290.106201171875
2025-12-03,GOOGL,201.0,319.1963806152344,64158.47250366211,0.24362702836525169,283.3350830078125,7208.120819091797
2025-12-04,CRUS,434.0,121.87999725341797,52895.9188079834,0.2015996088774799,131.24000549316406,-4062.2435760498047
2025-12-04,GOOG,200.0,317.9584045410156,63591.680908203125,0.2423638399305084,283.73486328125,6844.708251953125
2025-12-04,GOOGL,201.0,317.1890869140625,63755.00646972656,0.2429863145951861,283.3350830078125,6804.65478515625
2025-12-05,CRUS,434.0,123.81999969482422,53737.87986755371,0.20301837237222223,131.24000549316406,-3220.282516479492
2025-12-05,GOOG,200.0,321.65338134765625,64330.67626953125,0.24303729923908357,283.73486328125,7583.70361328125
2025-12-05,GOOGL,201.0,320.8341064453125,64487.65539550781,0.24363035662673496,283.3350830078125,7537.3037109375
2025-12-08,CRUS,434.0,122.52999877929688,53178.019470214844,0.20361024033640873,131.24000549316406,-3780.1429138183594
2025-12-08,GOOG,200.0,314.2286376953125,62845.7275390625,0.2406263681089528,283.73486328125,6098.7548828125
2025-12-08,GOOGL,201.0,313.49932861328125,63013.36505126953,0.2412682256751036,283.3350830078125,6063.013366699219
2025-12-09,CRUS,434.0,125.3499984741211,54401.899337768555,0.20627575091870234,131.24000549316406,-2556.2630462646484
2025-12-09,GOOG,200.0,317.52630615234375,63505.26123046875,0.24079297978680855,283.73486328125,6758.28857421875
2025-12-09,GOOGL,201.0,316.85693359375,63688.24365234375,0.2414867944685872,283.3350830078125,6737.8919677734375
2025-12-10,CRUS,434.0,126.37999725341797,54848.9188079834,0.20661908823223715,131.24000549316406,-2109.2435760498047
2025-12-10,GOOG,200.0,320.7740173339844,64154.803466796875,0.24167490054696486,283.73486328125,7407.830810546875
2025-12-10,GOOGL,201.0,319.9847412109375,64316.93298339844,0.2422856519277354,283.3350830078125,7366.581298828125
2025-12-11,CRUS,434.0,126.0199966430664,54692.67854309082,0.20852686244715235,131.24000549316406,-2265.483840942383
2025-12-11,GOOG,200.0,313.4791564941406,62695.831298828125,0.23904049568463082,283.73486328125,5948.858642578125
2025-12-11,GOOGL,201.0,312.210205078125,62754.251220703125,0.23926323341365616,283.3350830078125,5803.8995361328125
2025-12-12,CRUS,434.0,122.5199966430664,53173.67854309082,0.20491138349372945,131.24000549316406,-3784.483840942383
2025-12-12,GOOG,200.0,310.3013916015625,62060.2783203125,0.23915700096459694,283.73486328125,5313.3056640625
2025-12-12,GOOGL,201.0,309.07244873046875,62123.56219482422,0.23940087324566417,283.3350830078125,5173.210510253906
2025-12-15,CRUS,434.0,122.25,53056.5,0.20491145036306882,131.24000549316406,-3901.662384033203
2025-12-15,GOOG,200.0,309.10223388671875,61820.44677734375,0.23875900994672491,283.73486328125,5073.47412109375
2025-12-15,GOOGL,201.0,308.003173828125,61908.637939453125,0.2390996162614467,283.3350830078125,4958.2862548828125
2025-12-16,CRUS,434.0,121.12999725341797,52570.4188079834,0.20392827600138566,131.24000549316406,-4387.743576049805
2025-12-16,GOOG,200.0,307.51336669921875,61502.67333984375,0.2385777862923561,283.73486328125,4755.70068359375
2025-12-16,GOOGL,201.0,306.3543395996094,61577.222259521484,0.2388669723595848,283.3350830078125,4626.870574951172
2025-12-17,CRUS,434.0,119.98999786376953,52075.65907287598,0.20552159471523582,131.24000549316406,-4882.503311157227
2025-12-17,GOOG,200.0,297.85015869140625,59570.03173828125,0.23509885689503643,283.73486328125,2823.05908203125
2025-12-17,GOOGL,201.0,296.5112609863281,59598.76345825195,0.23521224938996435,283.3350830078125,2648.4117736816406
2025-12-18,CRUS,434.0,120.0,52080.0,0.20369420485047857,131.24000549316406,-4878.162384033203
2025-12-18,GOOG,200.0,303.5361633300781,60707.232666015625,0.23743685650109544,283.73486328125,3960.260009765625
2025-12-18,GOOGL,201.0,302.2472229003906,60751.691802978516,0.237610744146103,283.3350830078125,3801.340118408203
2025-12-19,CRUS,434.0,121.13999938964844,52574.75973510742,0.2037090589037689,131.24000549316406,-4383.402648925781
2025-12-19,GOOG,200.0,308.3927307128906,61678.546142578125,0.23898309098438342,283.73486328125,4931.573486328125
2025-12-19,GOOGL,201.0,306.9439392089844,61695.73178100586,0.23904967940529895,283.3350830078125,4745.380096435547
2025-12-22,CRUS,434.0,120.55000305175781,52318.70132446289,0.20207972257288173,131.24000549316406,-4639.4610595703125
2025-12-22,GOOG,200.0,311.1108093261719,62222.161865234375,0.24033160016019545,283.73486328125,5475.189208984375
2025-12-22,GOOGL,201.0,309.56207275390625,62221.976623535156,0.240330884668598,283.3350830078125,5271.624938964844
2025-12-23,CRUS,434.0,121.13999938964844,52574.75973510742,0.20147857374597547,131.24000549316406,-4383.402648925781
2025-12-23,GOOG,200.0,315.457763671875,63091.552734375,0.24178134383089828,283.73486328125,6344.580078125
2025-12-23,GOOGL,201.0,314.1288757324219,63139.9040222168,0.2419666370887701,283.3350830078125,6189.552337646484
2025-12-24,CRUS,434.0,121.55000305175781,52752.70132446289,0.2020646827858015,131.24000549316406,-4205.4610595703125
2025-12-24,GOOG,200.0,315.4477844238281,63089.556884765625,0.24165911847068322,283.73486328125,6342.584228515625
2025-12-24,GOOGL,201.0,313.8690490722656,63087.67886352539,0.24165192487193576,283.3350830078125,6137.327178955078
2025-12-26,CRUS,434.0,120.87000274658203,52457.5811920166,0.2013611820695555,131.24000549316406,-4500.581192016602
2025-12-26,GOOG,200.0,314.7382507324219,62947.650146484375,0.24162786300802475,283.73486328125,6200.677490234375
2025-12-26,GOOGL,201.0,313.2894592285156,62971.18130493164,0.24171818859629507,283.3350830078125,6020.829620361328
2025-12-29,CRUS,434.0,120.12999725341797,52136.4188079834,0.20045542708867456,131.24000549316406,-4821.743576049805
2025-12-29,GOOG,200.0,314.168701171875,62833.740234375,0.24158476017788563,283.73486328125,6086.767578125
2025-12-29,GOOGL,201.0,313.33941650390625,62981.222717285156,0.2421518045736416,283.3350830078125,6030.871032714844
2025-12-30,CRUS,434.0,120.4000015258789,52253.600662231445,0.2007458873280711,131.24000549316406,-4704.561721801758
2025-12-30,GOOG,200.0,314.32855224609375,62865.71044921875,0.24151508540462527,283.73486328125,6118.73779296875
2025-12-30,GOOGL,201.0,313.6292419433594,63039.477630615234,0.24218265752550971,283.3350830078125,6089.125946044922
2025-12-31,CRUS,434.0,118.5,51429.0,0.19845109465886135,131.24000549316406,-5529.162384033203
2025-12-31,GOOG,200.0,313.5790710449219,62715.814208984375,0.2420039662874005,283.73486328125,5968.841552734375
2025-12-31,GOOGL,201.0,312.7798156738281,62868.74295043945,0.24259407840598268,283.3350830078125,5918.391265869141
2026-01-02,GOOG,186.0,315.0980224609375,58608.232177734375,0.22533267745913144,283.73486328125,5833.547607421875
2026-01-02,GOOGL,186.0,314.9283142089844,58576.666442871094,0.22521131581267984,283.3350830078125,5876.341003417969
2026-01-02,KNX,1124.0,52.058780670166016,58514.0694732666,0.22497064752705345,52.058780670166016,0.0
2026-01-05,GOOG,186.0,317.09661865234375,58979.97106933594,0.22445854981814659,283.73486328125,6205.2864990234375
2026-01-05,GOOGL,186.0,316.3173522949219,58835.02752685547,0.22390694192887814,283.3350830078125,6134.702087402344
2026-01-05,KNX,1124.0,53.8728141784668,60553.04313659668,0.23044514948198322,52.058780670166016,2038.9736633300781
2026-01-06,GOOG,186.0,314.32855224609375,58465.11071777344,0.2223423326047515,283.73486328125,5690.4261474609375
2026-01-06,GOOGL,186.0,314.1188659667969,58426.10906982422,0.22219400966010988,283.3350830078125,5725.783630371094
2026-01-06,KNX,1124.0,54.85957336425781,61662.16046142578,0.2345006863430775,52.058780670166016,3148.0909881591797
2026-01-07,GOOG,186.0,322.2030029296875,59929.758544921875,0.2253442393292105,283.73486328125,7155.073974609375
2026-01-07,GOOGL,186.0,321.7535095214844,59846.152770996094,0.22502986997438132,283.3350830078125,7145.827331542969
2026-01-07,KNX,1124.0,54.95924377441406,61774.190002441406,0.2322795585075459,52.058780670166016,3260.1205291748047
2026-01-08,GOOG,186.0,325.7804870605469,60595.17059326172,0.2251076704553564,283.73486328125,7820.486022949219
2026-01-08,GOOGL,186.0,325.2110595703125,60489.257080078125,0.2247142076762426,283.3350830078125,7788.931640625
2026-01-08,KNX,1124.0,56.673606872558594,63701.13412475586,0.23664615129877345,52.058780670166016,5187.064651489258
2026-01-09,GOOG,186.0,328.9082946777344,61176.942810058594,0.22599109754711172,283.73486328125,8402.258239746094
2026-01-09,GOOGL,186.0,328.3388671875,61071.029296875,0.2255998470205245,283.3350830078125,8370.703857421875
2026-01-09,KNX,1124.0,56.992557525634766,64059.63465881348,0.23663992478277274,52.058780670166016,5545.565185546875
2026-01-12,GOOG,186.0,332.4957580566406,61844.210998535156,0.22778535776451256,283.73486328125,9069.526428222656
2026-01-12,GOOGL,186.0,331.62652587890625,61682.53381347656,0.22718986637014738,283.3350830078125,8982.208374023438
2026-01-12,KNX,1124.0,56.56396484375,63577.896484375,0.23417088944592612,52.058780670166016,5063.827011108398
2026-01-13,GOOG,186.0,336.1931457519531,62531.92510986328,0.22877420290892037,283.73486328125,9757.240539550781
2026-01-13,GOOGL,186.0,335.7336730957031,62446.46319580078,0.22846153891793708,283.3350830078125,9746.137756347656
2026-01-13,KNX,1124.0,56.90285110473633,63958.80464172363,0.23399446802909524,52.058780670166016,5444.735168457031
2026-01-14,GOOG,186.0,336.0732421875,62509.623046875,0.22865650852478098,283.73486328125,9734.9384765625
2026-01-14,GOOGL,186.0,335.603759765625,62422.29931640625,0.2283370834771308,283.3350830078125,9721.973876953125
2026-01-14,KNX,1124.0,56.98258590698242,64048.42655944824,0.23428536087327162,52.058780670166016,5534.357086181641
2026-01-15,GOOG,186.0,332.92547607421875,61924.13854980469,0.22715742982777218,283.73486328125,9149.453979492188
2026-01-15,GOOGL,186.0,332.5458984375,61853.537109375,0.22689844129558215,283.3350830078125,9153.211669921875
2026-01-15,KNX,1124.0,57.32147216796875,64429.334716796875,0.23634728592969653,52.058780670166016,5915.265243530273
2026-01-16,GOOG,186.0,330.1074523925781,61399.98614501953,0.22690298638471598,283.73486328125,8625.301574707031
2026-01-16,GOOGL,186.0,329.7678527832031,61336.82061767578,0.2266695588598789,283.3350830078125,8636.495178222656
2026-01-16,KNX,1124.0,56.46429443359375,63465.866943359375,0.23453742658721063,52.058780670166016,4951.797470092773
2026-01-20,GOOG,186.0,321.9331970214844,59879.574645996094,0.22526132304238639,283.73486328125,7104.890075683594
2026-01-20,GOOGL,186.0,321.77349853515625,59849.87072753906,0.2251495796973354,283.3350830078125,7149.5452880859375
2026-01-20,KNX,1124.0,54.88947296142578,61695.76760864258,0.23209367000017117,52.058780670166016,3181.6981353759766
2026-01-21,GOOG,186.0,328.1488342285156,61035.683166503906,0.22491786604129596,283.73486328125,8260.998596191406
2026-01-21,GOOGL,186.0,328.1490173339844,61035.717224121094,0.22491799154438175,283.3350830078125,8335.391784667969
2026-01-21,KNX,1124.0,57.74009704589844,64899.869079589844,0.23915747809228546,52.058780670166016,6385.799606323242
2026-01-22,GOOG,186.0,330.6070861816406,61492.918029785156,0.2244929482744771,283.73486328125,8718.233459472656
2026-01-22,GOOGL,186.0,330.3074951171875,61437.194091796875,0.224289516212229,283.3350830078125,8736.86865234375
2026-01-22,KNX,1124.0,59.245147705078125,66591.54602050781,0.24310657186667178,52.058780670166016,8077.476547241211
2026-01-23,GOOG,186.0,328.19879150390625,61044.97521972656,0.22592807480775826,283.73486328125,8270.290649414062
2026-01-23,GOOGL,186.0,327.6993103027344,60952.071716308594,0.22558423799572636,283.3350830078125,8251.746276855469
2026-01-23,KNX,1124.0,56.763309478759766,63801.95985412598,0.236131703009464,52.058780670166016,5287.890380859375
2026-01-26,GOOG,186.0,333.35516357421875,62004.06042480469,0.22847314354307596,283.73486328125,9229.375854492188
2026-01-26,GOOGL,186.0,333.02557373046875,61942.75671386719,0.22824725105389404,283.3350830078125,9242.431274414062
2026-01-26,KNX,1124.0,56.085540771484375,63040.14782714844,0.23229092812326385,52.058780670166016,4526.078353881836
2026-01-27,GOOG,186.0,334.76416015625,62266.1337890625,0.2303155029267209,283.73486328125,9491.44921875
2026-01-27,GOOGL,186.0,334.31463623046875,62182.52233886719,0.23000623347268023,283.3350830078125,9482.196899414062
2026-01-27,KNX,1124.0,54.72003173828125,61505.315673828125,0.22750132134545265,52.058780670166016,2991.2462005615234
2026-01-28,GOOG,186.0,336.04327392578125,62504.04895019531,0.23012309796391742,283.73486328125,9729.364379882812
2026-01-28,GOOGL,186.0,335.7736511230469,62453.89910888672,0.22993845973586394,283.3350830078125,9753.573669433594
2026-01-28,KNX,1124.0,55.38783264160156,62255.923889160156,0.22920956822165392,52.058780670166016,3741.8544158935547
2026-01-29,GOOG,186.0,338.4216003417969,62946.41766357422,0.23078416765171317,283.73486328125,10171.733093261719
2026-01-29,GOOGL,186.0,338.0120544433594,62870.242126464844,0.23050488078234485,283.3350830078125,10169.916687011719
2026-01-29,KNX,1124.0,55.63701248168945,62536.002029418945,0.22927943657986719,52.058780670166016,4021.9325561523438
2026-01-30,GOOG,186.0,338.29168701171875,62922.25378417969,0.2314399636875613,283.73486328125,10147.569213867188
2026-01-30,GOOGL,186.0,337.7622375488281,62823.77618408203,0.23107774442776152,283.3350830078125,10123.450744628906
2026-01-30,KNX,1124.0,54.91937255859375,61729.374755859375,0.2270523287508814,52.058780670166016,3215.3052825927734
2026-02-02,ADI,198.0,315.8709411621094,62542.446350097656,0.22520935632358682,315.8709411621094,0.0
2026-02-02,CNQ,1730.0,36.17146301269531,62576.63101196289,0.22533245201529856,36.17146301269531,0.0
2026-02-02,VNOM,1562.0,40.069644927978516,62588.78537750244,0.22537621872094293,40.069644927978516,0.0
2026-02-03,ADI,198.0,310.318359375,61443.03515625,0.2198747909493844,315.8709411621094,-1099.4111938476562
2026-02-03,CNQ,1730.0,37.142642974853516,64256.77234649658,0.22994379022519645,36.17146301269531,1680.1413345336914
2026-02-03,VNOM,1562.0,40.810237884521484,63745.59157562256,0.2281145224351622,40.069644927978516,1156.8061981201172
2026-02-04,ADI,198.0,319.4397888183594,63249.078186035156,0.22260421389137058,315.8709411621094,706.6318359375
2026-02-04,CNQ,1730.0,38.183189392089844,66056.91764831543,0.23248636417972168,36.17146301269531,3480.286636352539
2026-02-04,VNOM,1562.0,41.502098083496094,64826.2772064209,0.2281551429823929,40.069644927978516,2237.491828918457
2026-02-05,ADI,198.0,321.1145324707031,63580.67742919922,0.2248590196306475,315.8709411621094,1038.2310791015625
2026-02-05,CNQ,1730.0,37.5489501953125,64959.683837890625,0.22973600492964852,36.17146301269531,2383.0528259277344
2026-02-05,VNOM,1562.0,41.11231231689453,64217.43183898926,0.2271109612286325,40.069644927978516,1628.6464614868164
2026-02-06,ADI,198.0,319.44976806640625,63251.05407714844,0.2214918868851015,315.8709411621094,708.6077270507812
2026-02-06,CNQ,1730.0,38.7480583190918,67034.14089202881,0.23473946116040087,36.17146301269531,4457.509880065918
2026-02-06,VNOM,1562.0,41.79443359375,65282.9052734375,0.22860700238636877,40.069644927978516,2694.1198959350586
2026-02-09,ADI,198.0,321.9618835449219,63748.45294189453,0.22197288993931147,315.8709411621094,1206.006591796875
2026-02-09,CNQ,1730.0,38.81742858886719,67154.15145874023,0.23383157367451243,36.17146301269531,4577.520446777344
2026-02-09,VNOM,1562.0,42.43757629394531,66287.49417114258,0.23081386243859642,40.069644927978516,3698.7087936401367
2026-02-10,ADI,198.0,324.1450500488281,64180.71990966797,0.22363937580391496,315.8709411621094,1638.2735595703125
2026-02-10,CNQ,1730.0,38.73815155029297,67017.00218200684,0.23352247462054299,36.17146301269531,4440.371170043945
2026-02-10,VNOM,1562.0,42.11600875854492,65785.20568084717,0.22923024790472366,40.069644927978516,3196.4203033447266
2026-02-11,ADI,198.0,335.9480895996094,66517.72174072266,0.22708553980800297,315.8709411621094,3975.275390625
2026-02-11,CNQ,1730.0,40.26428985595703,69657.22145080566,0.2378035104139446,36.17146301269531,7080.590438842773
2026-02-11,VNOM,1562.0,42.72991180419922,66744.12223815918,0.227858450813187,40.069644927978516,4155.336860656738
2026-02-12,ADI,198.0,330.32568359375,65404.4853515625,0.2251242912183838,315.8709411621094,2862.0390014648438
2026-02-12,CNQ,1730.0,39.63005065917969,68559.98764038086,0.23598562912800544,36.17146301269531,5983.356628417969
2026-02-12,VNOM,1562.0,42.612979888916016,66561.47458648682,0.2291066844756593,40.069644927978516,3972.689208984375
2026-02-13,ADI,198.0,336.04779052734375,66537.46252441406,0.22660035526993594,315.8709411621094,3995.0161743164062
2026-02-13,CNQ,1730.0,40.313838958740234,69742.9413986206,0.23751695208844187,36.17146301269531,7166.310386657715
2026-02-13,VNOM,1562.0,43.119693756103516,67352.96164703369,0.22937762365224199,40.069644927978516,4764.17626953125
2026-02-17,ADI,198.0,336.4565124511719,66618.38946533203,0.2272272090352929,315.8709411621094,4075.943115234375
2026-02-17,CNQ,1730.0,40.224647521972656,69588.6402130127,0.2373583724114609,36.17146301269531,7012.009201049805
2026-02-17,VNOM,1562.0,42.87607955932617,66972.43627166748,0.22843481955120498,40.069644927978516,4383.650894165039
2026-02-18,ADI,198.0,345.2888488769531,68367.19207763672,0.22965796310510214,315.8709411621094,5824.7457275390625
2026-02-18,CNQ,1730.0,41.28501892089844,71423.0827331543,0.23992326144617074,36.17146301269531,8846.451721191406
2026-02-18,VNOM,1562.0,43.47050094604492,67900.92247772217,0.22809167782527662,40.069644927978516,5312.137100219727
2026-02-19,ADI,198.0,344.22216796875,68155.9892578125,0.2274513167618701,315.8709411621094,5613.542907714844
2026-02-19,CNQ,1730.0,42.11745834350586,72863.20293426514,0.24316030962731972,36.17146301269531,10286.571922302246
2026-02-19,VNOM,1562.0,43.93824005126953,68631.53096008301,0.22903830255041854,40.069644927978516,6042.745582580566
2026-02-20,ADI,198.0,353.92181396484375,70076.51916503906,0.23185939666127933,315.8709411621094,7534.072814941406
2026-02-20,CNQ,1730.0,42.01836013793945,72691.76303863525,0.24051235023087722,36.17146301269531,10115.132026672363
2026-02-20,VNOM,1562.0,44.47418975830078,69468.68440246582,0.22984827791566825,40.069644927978516,6879.899024963379
2026-02-23,ADI,198.0,354.04144287109375,70100.20568847656,0.2327959799855929,315.8709411621094,7557.759338378906
2026-02-23,CNQ,1730.0,41.95889663696289,72588.8911819458,0.24106066298670623,36.17146301269531,10012.26016998291
2026-02-23,VNOM,1562.0,43.811561584472656,68433.65919494629,0.22726154081608402,40.069644927978516,5844.873817443848
2026-02-24,ADI,198.0,354.978515625,70285.74609375,0.2323159515869636,315.8709411621094,7743.299743652344
2026-02-24,CNQ,1730.0,42.20664596557617,73017.49752044678,0.24134522804005287,36.17146301269531,10440.866508483887
2026-02-24,VNOM,1562.0,44.32802200317383,69240.37036895752,0.22886066413867867,40.069644927978516,6651.584991455078
2026-02-25,ADI,198.0,359.6737976074219,71215.41192626953,0.23521334925508838,315.8709411621094,8672.965576171875
2026-02-25,CNQ,1730.0,42.186824798583984,72983.2069015503,0.24105209912235864,36.17146301269531,10406.575889587402
2026-02-25,VNOM,1562.0,43.899261474609375,68570.64642333984,0.22647810311788336,40.069644927978516,5981.861045837402
2026-02-26,ADI,198.0,353.24395751953125,69942.30358886719,0.22968142259191454,315.8709411621094,7399.857238769531
2026-02-26,CNQ,1730.0,42.702144622802734,73874.71019744873,0.24259493412533534,36.17146301269531,11298.07918548584
2026-02-26,VNOM,1562.0,45.26350021362305,70701.5873336792,0.23217481159557754,40.069644927978516,8112.801956176758
2026-02-27,ADI,198.0,354.679443359375,70226.52978515625,0.22941914030494154,315.8709411621094,7684.083435058594
2026-02-27,CNQ,1730.0,43.37602615356445,75040.5252456665,0.24514571405649824,36.17146301269531,12463.894233703613
2026-02-27,VNOM,1562.0,45.35120391845703,70838.58052062988,0.23141861477683903,40.069644927978516,8249.795143127441
2026-03-02,PR,3712.0,18.6336612701416,69168.15063476562,0.22532708538504714,18.6336612701416,0.0
2026-03-02,TPL,130.0,531.0900268554688,69041.70349121094,0.22491516217977178,531.0900268554688,0.0
2026-03-02,TRGP,290.0,238.41262817382812,69139.66217041016,0.225234279338024,238.41262817382812,0.0
2026-03-03,PR,3712.0,18.236988067626953,67695.69970703125,0.22136878405661542,18.6336612701416,-1472.450927734375
2026-03-03,TPL,130.0,523.6400146484375,68073.20190429688,0.22260323768881138,531.0900268554688,-968.5015869140625
2026-03-03,TRGP,290.0,242.8204803466797,70417.93930053711,0.23027066218673506,238.41262817382812,1278.2771301269531
2026-03-04,PR,3712.0,18.375825881958008,68211.06567382812,0.22171220966126798,18.6336612701416,-957.0849609375
2026-03-04,TPL,130.0,536.1099853515625,69694.29809570312,0.22653328574982579,531.0900268554688,652.5946044921875
2026-03-04,TRGP,290.0,241.83543395996094,70132.27584838867,0.22795688197092467,238.41262817382812,992.6136779785156
2026-03-05,PR,3712.0,18.683244705200195,69352.20434570312,0.22666543106268214,18.6336612701416,184.0537109375
2026-03-05,TPL,130.0,523.3099975585938,68030.29968261719,0.22234501914342195,531.0900268554688,-1011.40380859375
2026-03-05,TRGP,290.0,237.81561279296875,68966.52770996094,0.22540491509615937,238.41262817382812,-173.13446044921875
2026-03-06,PR,3712.0,18.69316291809082,69389.02075195312,0.22698001434953766,18.6336612701416,220.8701171875
2026-03-06,TPL,130.0,525.030029296875,68253.90380859375,0.22326690732914695,531.0900268554688,-787.7996826171875
2026-03-06,TRGP,290.0,236.01466369628906,68444.25247192383,0.22388956119954126,238.41262817382812,-695.4096984863281
2026-03-09,PR,3712.0,19.000581741333008,70530.15942382812,0.2289527519036171,18.6336612701416,1362.0087890625
2026-03-09,TPL,130.0,539.7899780273438,70172.69714355469,0.22779236926108623,531.0900268554688,1130.99365234375
2026-03-09,TRGP,290.0,233.5669708251953,67734.42153930664,0.2198773168345431,238.41262817382812,-1405.2406311035156
2026-03-10,PR,3712.0,18.56424331665039,68910.47119140625,0.22719715809111746,18.6336612701416,-257.679443359375
2026-03-10,TPL,130.0,520.760009765625,67698.80126953125,0.2232022940590628,531.0900268554688,-1342.9022216796875
2026-03-10,TRGP,290.0,231.3083038330078,67079.40811157227,0.221160160798379,238.41262817382812,-2060.2540588378906
2026-03-11,PR,3712.0,19.189001083374023,71229.57202148438,0.23177372361725426,18.6336612701416,2061.42138671875
2026-03-11,TPL,130.0,524.8300170898438,68227.90222167969,0.22200659787402574,531.0900268554688,-813.80126953125
2026-03-11,TRGP,290.0,235.33807373046875,68248.04138183594,0.22207212863614417,238.41262817382812,-891.6207885742188
2026-03-12,PR,3712.0,18.911331176757812,70198.861328125,0.2284342373384722,18.6336612701416,1030.710693359375
2026-03-12,TPL,130.0,528.969970703125,68766.09619140625,0.22377187380294902,531.0900268554688,-275.6072998046875
2026-03-12,TRGP,290.0,236.96987915039062,68721.26495361328,0.22362598839369277,238.41262817382812,-418.397216796875
2026-03-13,PR,3712.0,19.189001083374023,71229.57202148438,0.23039611481645936,18.6336612701416,2061.42138671875
2026-03-13,TPL,130.0,531.1300048828125,69046.90063476562,0.22333613968043897,531.0900268554688,5.1971435546875
2026-03-13,TRGP,290.0,238.85043334960938,69266.62567138672,0.22404685284814035,238.41262817382812,126.9635009765625
2026-03-16,PR,3712.0,19.06999969482422,70787.8388671875,0.22989878804038913,18.6336612701416,1619.688232421875
2026-03-16,TPL,130.0,526.8900146484375,68495.70190429688,0.22245457843851363,531.0900268554688,-546.0015869140625
2026-03-16,TRGP,290.0,237.9549102783203,69006.92398071289,0.22411488249170053,238.41262817382812,-132.73818969726562
2026-03-17,PR,3712.0,19.5,72384.0,0.2332783802977359,18.6336612701416,3215.849365234375
2026-03-17,TPL,130.0,529.1799926757812,68793.39904785156,0.22170662998809987,531.0900268554688,-248.304443359375
2026-03-17,TRGP,290.0,239.636474609375,69494.57763671875,0.22396638083787868,238.41262817382812,354.91546630859375
2026-03-18,PR,3712.0,19.610000610351562,72792.322265625,0.2356988901181208,18.6336612701416,3624.171630859375
2026-03-18,TPL,130.0,530.0800170898438,68910.40222167969,0.22312937430371363,531.0900268554688,-131.30126953125
2026-03-18,TRGP,290.0,232.8107452392578,67515.11611938477,0.2186114886878641,238.41262817382812,-1624.5460510253906
2026-03-19,PR,3712.0,19.969999313354492,74128.63745117188,0.23752246345937594,18.6336612701416,4960.48681640625
2026-03-19,TPL,130.0,532.52001953125,69227.6025390625,0.22181860155322106,531.0900268554688,185.8990478515625
2026-03-19,TRGP,290.0,238.33302307128906,69116.57669067383,0.22146285330364185,238.41262817382812,-23.085479736328125
2026-03-20,PR,3712.0,20.06999969482422,74499.8388671875,0.24020875360030683,18.6336612701416,5331.688232421875
2026-03-20,TPL,130.0,519.4099731445312,67523.29650878906,0.21771438891667086,531.0900268554688,-1518.406982421875
2026-03-20,TRGP,290.0,236.22361755371094,68504.84909057617,0.22087919471825884,238.41262817382812,-634.8130798339844
2026-03-23,PR,3712.0,19.920000076293945,73943.04028320312,0.23744327677253624,18.6336612701416,4774.8896484375
2026-03-23,TPL,130.0,527.8699951171875,68623.09936523438,0.2203600705781361,531.0900268554688,-418.6041259765625
2026-03-23,TRGP,290.0,238.7210693359375,69229.11010742188,0.2223060708485232,238.41262817382812,89.44793701171875
2026-03-24,PR,3712.0,20.68000030517578,76764.1611328125,0.24217461468671697,18.6336612701416,7596.010498046875
2026-03-24,TPL,130.0,535.260009765625,69583.80126953125,0.21952210526642163,531.0900268554688,542.0977783203125
2026-03-24,TRGP,290.0,244.8701934814453,71012.35610961914,0.22402889219474578,238.41262817382812,1872.6939392089844
2026-03-25,PR,3712.0,20.920000076293945,77655.04028320312,0.24493167354540943,18.6336612701416,8486.8896484375
2026-03-25,TPL,130.0,530.3599853515625,68946.79809570312,0.21746501684361044,531.0900268554688,-94.9053955078125
2026-03-25,TRGP,290.0,244.2333984375,70827.685546875,0.22339752179739042,238.41262817382812,1688.0233764648438
2026-03-26,PR,3712.0,21.459999084472656,79659.5166015625,0.24935979051793247,18.6336612701416,10491.365966796875
2026-03-26,TPL,130.0,522.280029296875,67896.40380859375,0.21253748143256745,531.0900268554688,-1145.2996826171875
2026-03-26,TRGP,290.0,249.24819946289062,72281.97784423828,0.22626573223653673,238.41262817382812,3142.315673828125
2026-03-27,PR,3712.0,21.649999618530273,80364.79858398438,0.2521528521543046,18.6336612701416,11196.64794921875
2026-03-27,TPL,130.0,511.75,66527.5,0.20873689932993314,531.0900268554688,-2514.2034912109375
2026-03-27,TRGP,290.0,248.97955322265625,72204.07043457031,0.2265477250988284,238.41262817382812,3064.4082641601562
2026-03-30,PR,3712.0,21.489999771118164,79770.87915039062,0.25589423300793945,18.6336612701416,10602.728515625
2026-03-30,TPL,130.0,467.3699951171875,60758.099365234375,0.1949037969955818,531.0900268554688,-8283.604125976562
2026-03-30,TRGP,290.0,246.85023498535156,71586.56814575195,0.22964006595429484,238.41262817382812,2446.905975341797
2026-03-31,PR,3712.0,21.31999969482422,79139.8388671875,0.2530052253279484,18.6336612701416,9971.688232421875
2026-03-31,TPL,130.0,474.55999755859375,61692.79968261719,0.19722810796982923,531.0900268554688,-7348.90380859375
2026-03-31,TRGP,290.0,249.47705078125,72348.3447265625,0.2312932338713333,238.41262817382812,3208.6825561523438
2026-04-01,PR,2763.0,20.600000381469727,56917.801054000854,0.18783425113409424,18.6336612701416,5432.994964599609
2026-04-01,CNQ,1222.0,46.560001373291016,56896.32167816162,0.18776336711537112,46.560001373291016,0.0
2026-04-01,LNG,206.0,275.202392578125,56691.69287109375,0.18708807225112312,275.202392578125,0.0
2026-04-01,SLB,1137.0,50.029998779296875,56884.10861206055,0.18772306281543918,50.029998779296875,0.0
2026-04-02,PR,2763.0,21.18000030517578,58520.34084320068,0.19109815145162193,18.6336612701416,7035.5347537994385
2026-04-02,CNQ,1222.0,47.529998779296875,58081.65850830078,0.189665634448714,46.560001373291016,1185.3368301391602
2026-04-02,LNG,206.0,280.5101013183594,57785.08087158203,0.1886971602853338,275.202392578125,1093.3880004882812
2026-04-02,SLB,1137.0,49.439998626708984,56213.278438568115,0.18356444001972685,50.029998779296875,-670.8301734924316
2026-04-06,PR,2763.0,21.1299991607666,58382.18768119812,0.18958082186440633,18.6336612701416,6897.381591796875
2026-04-06,CNQ,1222.0,48.25,58961.5,0.1914619864777359,46.560001373291016,2065.178321838379
2026-04-06,LNG,206.0,283.3934020996094,58379.04083251953,0.18957060329976422,275.202392578125,1687.3479614257812
2026-04-06,SLB,1137.0,49.779998779296875,56599.85861206055,0.18379317629680555,50.029998779296875,-284.25
2026-04-07,PR,2763.0,21.389999389648438,59100.56831359863,0.1903536103491619,18.6336612701416,7615.762224197388
2026-04-07,CNQ,1222.0,49.15999984741211,60073.5198135376,0.19348733369553114,46.560001373291016,3177.1981353759766
2026-04-07,LNG,206.0,283.6129150390625,58424.260498046875,0.18817532952934768,275.202392578125,1732.567626953125
2026-04-07,SLB,1137.0,50.349998474121094,57247.94826507568,0.18438661333197012,50.029998779296875,363.8396530151367
2026-04-08,PR,2763.0,20.559999465942383,56807.278524398804,0.18642084100363496,18.6336612701416,5322.472434997559
2026-04-08,CNQ,1222.0,46.43000030517578,56737.460372924805,0.18619172320652888,46.560001373291016,-158.8613052368164
2026-04-08,LNG,206.0,274.5738525390625,56562.213623046875,0.18561662706842808,275.202392578125,-129.479248046875
2026-04-08,SLB,1137.0,51.880001068115234,58987.56121444702,0.19357573634912992,50.029998779296875,2103.4526023864746
2026-04-09,PR,2763.0,20.3799991607666,56309.93768119812,0.18636610603403841,18.6336612701416,4825.131591796875
2026-04-09,CNQ,1222.0,45.70000076293945,55845.40093231201,0.18482865263656248,46.560001373291016,-1050.9207458496094
2026-04-09,LNG,206.0,265.1556701660156,54622.06805419922,0.18077985069740815,275.202392578125,-2069.6248168945312
2026-04-09,SLB,1137.0,52.540000915527344,59737.98104095459,0.19771172491734565,50.029998779296875,2853.872428894043
2026-04-10,PR,2763.0,20.65999984741211,57083.57957839966,0.1884179039782612,18.6336612701416,5598.773488998413
2026-04-10,CNQ,1222.0,46.349998474121094,56639.69813537598,0.18695276791414134,46.560001373291016,-256.62354278564453
2026-04-10,LNG,206.0,264.92620849609375,54574.79895019531,0.18013707802097667,275.202392578125,-2116.8939208984375
2026-04-10,SLB,1137.0,51.91999816894531,59033.03791809082,0.19485255395940113,50.029998779296875,2148.9293060302734
2026-04-13,PR,2763.0,20.559999465942383,56807.278524398804,0.1878003879945447,18.6336612701416,5322.472434997559
2026-04-13,CNQ,1222.0,46.849998474121094,57250.69813537598,0.18926629829950917,46.560001373291016,354.37645721435547
2026-04-13,LNG,206.0,260.9953308105469,53765.038146972656,0.1777429809492853,275.202392578125,-2926.6547241210938
2026-04-13,SLB,1137.0,51.91999816894531,59033.03791809082,0.19515857322319163,50.029998779296875,2148.9293060302734
2026-04-14,PR,2763.0,20.010000228881836,55287.63063240051,0.18514501288562746,18.6336612701416,3802.8245429992676
2026-04-14,CNQ,1222.0,45.650001525878906,55784.30186462402,0.1868082457034949,46.560001373291016,-1112.0198135375977
2026-04-14,LNG,206.0,259.0797424316406,53370.42694091797,0.1787247576114597,275.202392578125,-3321.2659301757812
2026-04-14,SLB,1137.0,51.4900016784668,58544.13190841675,0.1960502545068293,50.029998779296875,1660.0232963562012
2026-04-15,PR,2763.0,20.09000015258789,55508.67042160034,0.1853743858904789,18.6336612701416,4023.8643321990967
2026-04-15,CNQ,1222.0,45.77000045776367,55930.94055938721,0.18678458121451727,46.560001373291016,-965.3811187744141
2026-04-15,LNG,206.0,256.1565246582031,52768.244079589844,0.17622257507660277,275.202392578125,-3923.4487915039062
2026-04-15,SLB,1137.0,52.41999816894531,59601.53791809082,0.1990427514436517,50.029998779296875,2717.4293060302734
2026-04-16,PR,2763.0,20.420000076293945,56420.46021080017,0.18715791904543924,18.6336612701416,4935.654121398926
2026-04-16,CNQ,1222.0,46.310001373291016,56590.82167816162,0.1877230420096577,46.560001373291016,-305.5
2026-04-16,LNG,206.0,262.1326599121094,53999.32794189453,0.17912654043758802,275.202392578125,-2692.3649291992188
2026-04-16,SLB,1137.0,51.72999954223633,58817.009479522705,0.19510775093883664,50.029998779296875,1932.9008674621582
2026-04-17,PR,2763.0,19.420000076293945,53657.46021080017,0.18293755861140837,18.6336612701416,2172.654121398926
2026-04-17,CNQ,1222.0,43.0,52546.0,0.17914819145428418,46.560001373291016,-4350.321678161621
2026-04-17,LNG,206.0,250.4896697998047,51600.871978759766,0.17592591048717052,275.202392578125,-5090.820892333984
2026-04-17,SLB,1137.0,52.65999984741211,59874.41982650757,0.20413340742003894,50.029998779296875,2990.3112144470215
2026-04-20,PR,2763.0,19.600000381469727,54154.801054000854,0.18425375284457526,18.6336612701416,2669.9949645996094
2026-04-20,CNQ,1222.0,43.29999923706055,52912.59906768799,0.1800273431207005,46.560001373291016,-3983.722610473633
2026-04-20,LNG,206.0,251.76670837402344,51863.94192504883,0.17645944128710567,275.202392578125,-4827.750946044922
2026-04-20,SLB,1137.0,52.20000076293945,59351.40086746216,0.20193442009893178,50.029998779296875,2467.2922554016113
2026-04-21,PR,2763.0,19.90999984741211,55011.32957839966,0.18476769262406562,18.6336612701416,3526.523488998413
2026-04-21,CNQ,1222.0,44.279998779296875,54110.15850830078,0.18174091067645914,46.560001373291016,-2786.16316986084
2026-04-21,LNG,206.0,257.18414306640625,52979.93347167969,0.17794480042493693,275.202392578125,-3711.7593994140625
2026-04-21,SLB,1137.0,52.77000045776367,59999.490520477295,0.2015215321470983,50.029998779296875,3115.381908416748
2026-04-22,PR,2763.0,20.31999969482422,56144.15915679932,0.18647040796153108,18.6336612701416,4659.353067398071
2026-04-22,CNQ,1222.0,44.68000030517578,54598.960372924805,0.18133837193252864,46.560001373291016,-2297.3613052368164
2026-04-22,LNG,206.0,256.8848571777344,52918.28057861328,0.17575636568994304,275.202392578125,-3773.4122924804688
2026-04-22,SLB,1137.0,54.349998474121094,61795.94826507568,0.20524157555154743,50.029998779296875,4911.839653015137
2026-04-23,PR,2763.0,20.860000610351562,57636.18168640137,0.18966682615610203,18.6336612701416,6151.375597000122
2026-04-23,CNQ,1222.0,45.43000030517578,55515.460372924805,0.18268804184181076,46.560001373291016,-1380.8613052368164
2026-04-23,LNG,206.0,256.59552001953125,52858.67712402344,0.17394520649325207,275.202392578125,-3833.0157470703125
2026-04-23,SLB,1137.0,54.7400016784668,62239.38190841675,0.20481485211349665,50.029998779296875,5355.273296356201
2026-04-24,PR,2763.0,20.5,56641.5,0.18692642244581348,18.6336612701416,5156.693910598755
2026-04-24,CNQ,1222.0,44.2400016784668,54061.282051086426,0.17841127171144222,46.560001373291016,-2835.0396270751953
2026-04-24,LNG,206.0,256.4957275390625,52838.119873046875,0.17437463196828637,275.202392578125,-3853.572998046875
2026-04-24,SLB,1137.0,56.150001525878906,63842.55173492432,0.21069109743953046,50.029998779296875,6958.4431228637695
2026-04-27,PR,2763.0,20.6299991607666,57000.68768119812,0.1876528718570781,18.6336612701416,5515.881591796875
2026-04-27,CNQ,1222.0,45.02000045776367,55014.44055938721,0.18111391606920577,46.560001373291016,-1881.881118774414
2026-04-27,LNG,206.0,258.8003845214844,53312.87921142578,0.1755121788520724,275.202392578125,-3378.8136596679688
2026-04-27,SLB,1137.0,55.22999954223633,62796.509479522705,0.20673338911873584,50.029998779296875,5912.400867462158
2026-04-28,PR,2763.0,20.90999984741211,57774.32957839966,0.18770605619955347,18.6336612701416,6289.523488998413
2026-04-28,CNQ,1222.0,46.36000061035156,56651.92074584961,0.18405940314552505,46.560001373291016,-244.40093231201172
2026-04-28,LNG,206.0,264.3675231933594,54459.70977783203,0.17693701370082207,275.202392578125,-2231.9830932617188
2026-04-28,SLB,1137.0,55.650001525878906,63274.05173492432,0.20557439259960938,50.029998779296875,6389.9431228637695
2026-04-29,PR,2763.0,21.649999618530273,59818.948945999146,0.1914685984325833,18.6336612701416,8334.1428565979
2026-04-29,CNQ,1222.0,47.209999084472656,57690.618881225586,0.1846562357668334,46.560001373291016,794.2972030639648
2026-04-29,LNG,206.0,271.60076904296875,55949.75842285156,0.1790840865080345,275.202392578125,-741.9344482421875
2026-04-29,SLB,1137.0,55.70000076293945,63330.90086746216,0.2027096604039691,50.029998779296875,6446.792255401611
2026-04-30,PR,2763.0,21.6200008392334,59736.06231880188,0.1897430560125644,18.6336612701416,8251.256229400635
2026-04-30,CNQ,1222.0,47.689998626708984,58277.17832183838,0.18510911970664634,46.560001373291016,1380.8566436767578
2026-04-30,LNG,206.0,274.3144836425781,56508.783630371094,0.17949206695876563,275.202392578125,-182.90924072265625
2026-04-30,SLB,1137.0,56.880001068115234,64672.56121444702,0.2054231385306172,50.029998779296875,7788.452602386475
2026-05-01,PR,2763.0,22.100000381469727,61062.301054000854,0.19427986502960357,18.6336612701416,9577.49496459961
2026-05-01,CNQ,1222.0,46.959999084472656,57385.118881225586,0.18258029845768128,46.560001373291016,488.79720306396484
2026-05-01,LNG,206.0,269.4357604980469,55503.766662597656,0.17659446351862554,275.202392578125,-1187.9262084960938
2026-05-01,SLB,1137.0,56.91999816894531,64718.03791809082,0.2059111997857413,50.029998779296875,7833.929306030273
2026-05-04,PR,2763.0,22.520000457763672,62222.761264801025,0.19732866285979037,18.6336612701416,10737.95517539978
2026-05-04,CNQ,1222.0,47.58000183105469,58142.76223754883,0.18438965571591484,46.560001373291016,1246.440559387207
2026-05-04,LNG,206.0,272.2193298339844,56077.18194580078,0.1778390271562859,275.202392578125,-614.5109252929688
2026-05-04,SLB,1137.0,55.630001068115234,63251.31121444702,0.20059053009490715,50.029998779296875,6367.202602386475
2026-05-05,PR,2763.0,22.40999984741211,61918.82957839966,0.19651293651943183,18.6336612701416,10434.023488998413
2026-05-05,CNQ,1222.0,47.849998474121094,58472.69813537598,0.1855758853168882,46.560001373291016,1576.3764572143555
2026-05-05,LNG,206.0,268.8970031738281,55392.782653808594,0.17580110049560654,275.202392578125,-1298.9102172851562
2026-05-05,SLB,1137.0,56.0,63672.0,0.20207700596508363,50.029998779296875,6787.891387939453
2026-05-06,PR,2763.0,21.209999084472656,58603.22747039795,0.19123911628583393,18.6336612701416,7118.421380996704
2026-05-06,CNQ,1222.0,45.630001068115234,55759.86130523682,0.18196039809617237,46.560001373291016,-1136.4603729248047
2026-05-06,LNG,206.0,260.81573486328125,53728.04138183594,0.1753299877352514,275.202392578125,-2963.6514892578125
2026-05-06,SLB,1137.0,55.15999984741211,62716.91982650757,0.20466327268151327,50.029998779296875,5832.8112144470215
2026-05-07,PR,2763.0,20.079999923706055,55481.03978919983,0.18695278054968859,18.6336612701416,3996.233699798584
2026-05-07,CNQ,1222.0,44.7400016784668,54672.282051086426,0.18422753407799555,46.560001373291016,-2224.0396270751953
2026-05-07,LNG,206.0,246.20957946777344,50719.17337036133,0.17090686340411007,275.202392578125,-5972.519500732422
2026-05-07,SLB,1137.0,53.0,60261.0,0.20305966779840098,50.029998779296875,3376.891387939453
2026-05-08,PR,2763.0,19.719999313354492,54486.35810279846,0.18504462469878122,18.6336612701416,3001.552013397217
2026-05-08,CNQ,1222.0,44.529998779296875,54415.65850830078,0.18480451725930994,46.560001373291016,-2480.66316986084
2026-05-08,LNG,206.0,239.55499267578125,49348.32849121094,0.1675950319149573,275.202392578125,-7343.3643798828125
2026-05-08,SLB,1137.0,53.27000045776367,60567.990520477295,0.20569884765422447,50.029998779296875,3683.881908416748
2026-05-11,PR,2763.0,20.149999618530273,55674.448945999146,0.18647175592400783,18.6336612701416,4189.6428565979
2026-05-11,CNQ,1222.0,45.189998626708984,55222.17832183838,0.18495695516644836,46.560001373291016,-1674.1433563232422
2026-05-11,LNG,206.0,240.6999969482422,49584.19937133789,0.16607353818315426,275.202392578125,-7107.493499755859
2026-05-11,SLB,1137.0,54.93000030517578,62455.41034698486,0.2091833912115196,50.029998779296875,5571.301734924316
2026-05-12,PR,2763.0,20.170000076293945,55729.71021080017,0.18435966319145922,18.6336612701416,4244.904121398926
2026-05-12,CNQ,1222.0,46.91999816894531,57336.23776245117,0.18967422300542325,46.560001373291016,439.9160842895508
2026-05-12,LNG,206.0,244.30999755859375,50327.85949707031,0.1664897806023195,275.202392578125,-6363.8333740234375
2026-05-12,SLB,1137.0,55.63999938964844,63262.67930603027,0.20927950648465393,50.029998779296875,6378.570693969727
2026-05-13,PR,2763.0,20.239999771118164,55923.11936759949,0.1854753819234651,18.6336612701416,4438.313278198242
2026-05-13,CNQ,1222.0,47.20000076293945,57678.40093231201,0.19129697274815174,46.560001373291016,782.0792541503906
2026-05-13,LNG,206.0,239.3800048828125,49312.281005859375,0.16354978507114715,275.202392578125,-7379.411865234375
2026-05-13,SLB,1137.0,55.380001068115234,62967.06121444702,0.2088374157131551,50.029998779296875,6082.952602386475
2026-05-14,PR,2763.0,20.200000762939453,55812.60210800171,0.1844283417189229,18.6336612701416,4327.796018600464
2026-05-14,CNQ,1222.0,47.56999969482422,58130.539627075195,0.1920877834346767,46.560001373291016,1234.2179489135742
2026-05-14,LNG,206.0,241.0800018310547,49662.480377197266,0.16410574952035634,275.202392578125,-7029.212493896484
2026-05-14,SLB,1137.0,55.75,63387.75,0.20945982047516143,50.029998779296875,6503.641387939453
2026-05-15,PR,2763.0,20.84000015258789,57580.92042160034,0.18901915926879193,18.6336612701416,6096.114332199097
2026-05-15,CNQ,1222.0,47.97999954223633,58631.55944061279,0.19246806044325498,46.560001373291016,1735.2377624511719
2026-05-15,LNG,206.0,241.83999633789062,49819.03924560547,0.16353946489279783,275.202392578125,-6872.653625488281
2026-05-15,SLB,1137.0,55.380001068115234,62967.06121444702,0.20670008199307177,50.029998779296875,6082.952602386475
