======================================================================
r1000 Quant Engine -- local run
======================================================================
  commit:        724fbb9 (DIRTY)
  started:       2026-04-27 01:39:44 KST
  base_dir:      /home/runner/work/r1000-quant-engine/r1000-quant-engine
  end_date:      2026-04-27
  mode:          FULL REBUILD
  fast_mode:     True
  collector:     run
  verdict_only:  False
  Phase 9 C1:    auto
  Phase 9 C2:    auto
  Phase 9 C3:    auto
======================================================================
WARNING: cache_prices missing under /home/runner/work/r1000-quant-engine/r1000-quant-engine -- first-time run, will be created
WARNING: cache_macro missing under /home/runner/work/r1000-quant-engine/r1000-quant-engine -- first-time run, will be created
WARNING: cache_sec_actual missing under /home/runner/work/r1000-quant-engine/r1000-quant-engine -- first-time run, will be created
WARNING: feature_store missing under /home/runner/work/r1000-quant-engine/r1000-quant-engine -- first-time run, will be created

[2026-04-27 01:39:45 KST] >>> Step 1: Collector (FULL, fast_mode=True)
[16:39:45] [fast_mode] ON -- lighter collector refresh + ~5 backtests, retrain every 6m; Phase 9 CE concentrated grid expanded to 63 combos.
[16:39:45] Collector: building universe, prices, SEC fundamentals, and live fundamentals ...
[16:39:45] Phase 1/2: building monthly universe ...
[16:39:45] Building candidate universe from free sources ...
[16:39:49] Downloading SEC company_tickers.json ...
[16:39:49] Archived current universe membership snapshot: historical_universe_membership_2026_04.csv
[16:39:49] Universe change detected: current=991, added=991, removed=0
[16:39:49] Universe added sample: A, AA, AAL, AAON, AAPL, ABBV, ABNB, ABT, ACGL, ACHC
[16:39:49] Updating price cache for 991 tickers (blacklist=0) ...
[16:41:58] [WARN] Added 4 yfinance failures to blacklist.
[17:19:33] [WARN] companyfacts fetch failed for CIK0001569650: 404 Client Error: Not Found for url: https://data.sec.gov/api/xbrl/companyfacts/CIK0001569650.json
[17:25:32] [WARN] companyfacts fetch failed for CIK0002078008: empty companyfacts payload
[17:32:11] Downloading FSDS 2026q1.zip ...
[17:32:27] Downloading FSDS 2025q4.zip ...
[17:32:43] Downloading FSDS 2025q3.zip ...
[17:33:02] Downloading FSDS 2025q2.zip ...
[17:33:16] Downloading FSDS 2025q1.zip ...
[17:33:33] Downloading FSDS 2024q4.zip ...
[17:33:50] Downloading FSDS 2024q3.zip ...
[17:34:08] Downloading FSDS 2024q2.zip ...
[17:34:23] Downloading FSDS 2024q1.zip ...
[17:34:39] Downloading FSDS 2023q4.zip ...
[17:34:57] Downloading FSDS 2023q3.zip ...
[17:35:14] Downloading FSDS 2023q2.zip ...
[17:35:28] Downloading FSDS 2023q1.zip ...
[17:35:44] Downloading FSDS 2022q4.zip ...
[17:36:01] Downloading FSDS 2022q3.zip ...
[17:36:17] Downloading FSDS 2022q2.zip ...
[17:36:31] Downloading FSDS 2022q1.zip ...
[17:36:46] Downloading FSDS 2021q4.zip ...
[17:37:02] Downloading FSDS 2021q3.zip ...
[17:37:17] Downloading FSDS 2021q2.zip ...
[17:37:31] Downloading FSDS 2021q1.zip ...
[17:37:46] Downloading FSDS 2020q4.zip ...
[17:38:01] Downloading FSDS 2020q3.zip ...
[17:38:16] Downloading FSDS 2020q2.zip ...
[17:38:28] Downloading FSDS 2020q1.zip ...
[17:38:45] Downloading FSDS 2019q4.zip ...
[17:39:01] Downloading FSDS 2019q3.zip ...
[17:39:17] Downloading FSDS 2019q2.zip ...
[17:39:30] Downloading FSDS 2019q1.zip ...
[17:39:46] Downloading FSDS 2018q4.zip ...
[17:39:59] Downloading FSDS 2018q3.zip ...
[17:40:12] Downloading FSDS 2018q2.zip ...
[17:40:24] Downloading FSDS 2018q1.zip ...
[17:40:38] Downloading FSDS 2017q4.zip ...
[17:40:51] Downloading FSDS 2017q3.zip ...
[17:41:03] Downloading FSDS 2017q2.zip ...
[17:41:14] Downloading FSDS 2017q1.zip ...
[17:41:28] Downloading FSDS 2016q4.zip ...
[17:41:40] Downloading FSDS 2016q3.zip ...
[17:41:51] Downloading FSDS 2016q2.zip ...
[17:42:02] Downloading FSDS 2016q1.zip ...
[17:42:15] Downloading FSDS 2015q4.zip ...
[17:42:28] Downloading FSDS 2015q3.zip ...
[17:42:40] Downloading FSDS 2015q2.zip ...
[17:42:51] Downloading FSDS 2015q1.zip ...
[17:43:05] Downloading FSDS 2014q4.zip ...
[17:43:17] Downloading FSDS 2014q3.zip ...
[17:43:29] Downloading FSDS 2014q2.zip ...
[17:43:40] Downloading FSDS 2014q1.zip ...
[17:43:53] Downloading FSDS 2013q4.zip ...
[17:44:06] Downloading FSDS 2013q3.zip ...
[17:44:18] Downloading FSDS 2013q2.zip ...
[17:44:29] Downloading FSDS 2013q1.zip ...
[17:44:42] Downloading FSDS 2012q4.zip ...
[17:44:53] Downloading FSDS 2012q3.zip ...
[17:45:05] Downloading FSDS 2012q2.zip ...
[17:45:14] Downloading FSDS 2012q1.zip ...
[17:45:26] Downloading FSDS 2011q4.zip ...
[17:45:36] Downloading FSDS 2011q3.zip ...
[17:45:45] Downloading FSDS 2011q2.zip ...
[17:48:05] [yf_quarterly] Fetching 16 tickers (16 low-coverage) ...
[17:48:15] [yf_quarterly] Fetch complete: 16 tickers
[17:48:15] [yf_quarterly] Loaded 79 rows for 14 CIKs
[17:56:47] [yf_industry] Fetching industry metadata for 250 tickers (cached=0, refresh_days=60) ...
[17:57:43] [yf_industry]   progress: 200/250
[17:57:56] [yf_industry]   progress: 250/250
[17:58:03] [phase5_leader_laggard] disabled via env PHASE_PHASE5_LEADER_LAGGARD_ENABLED=0 — skipping sub-industry leader/laggard signals.
[18:00:52] Updating price cache for 9 tickers (blacklist=0) ...
[18:00:54] [WARN] _http_get_inner attempt 1/3 failed: 500 Server Error: Internal Server Error for url: https://api.stlouisfed.org/fred/series/observations?series_id=VIXCLS&api_key=dac25101c8dc447c12fa29c8bff99ba3&file_type=json. Retry in 1.0s
[18:01:12] Updating price cache for 3 tickers (blacklist=0) ...
[18:01:17] Universe snapshot: source=current_constituents_proxy, latest_rows=595, candidate_tickers=913
[18:01:17] Core fundamental coverage (latest universe): revenues_ttm=78.7%, gross_profit_ttm=56.0%, op_income_ttm=76.3%, op_margin_ttm=76.1%, net_income_ttm=78.8%, roe_proxy=59.5%, gross_margins=84.2%, operating_margins=89.6%, return_on_equity_live=62.2%
[18:01:17] Core fundamental coverage (latest universe) low-coverage fields: gross_profit_ttm=56.0%, roe_proxy=59.5%, return_on_equity_live=62.2%
[18:01:17] Core fundamental minimum pass rate (latest universe): 92.1%
[18:01:19] Collector summary:
[18:01:19] Latest coverage: revenues_ttm=78.7%, gross_profit_ttm=56.0%, op_income_ttm=76.3%, op_margin_ttm=76.1%, net_income_ttm=78.8%, roe_proxy=59.5%, gross_margins=84.2%, operating_margins=89.6%, return_on_equity_live=62.2%
[18:01:19] Collector invalidated 2 downstream derived artifacts so the main pipeline rebuilds from fresh data.
[18:01:19] Collector coverage (latest universe): revenues_ttm=78.7%, gross_profit_ttm=56.0%, op_income_ttm=76.3%, op_margin_ttm=76.1%, net_income_ttm=78.8%, roe_proxy=59.5%, gross_margins=84.2%, operating_margins=89.6%, return_on_equity_live=62.2%
[18:01:19] Collector coverage (latest universe) low-coverage fields: gross_profit_ttm=56.0%, roe_proxy=59.5%, return_on_equity_live=62.2%
[18:01:19] Universe change summary: added=991, removed=0
[2026-04-27 03:01:19 KST] Collector OK in 81.6 min
  core coverage keys: ['revenues_ttm', 'gross_profit_ttm', 'op_income_ttm', 'op_margin_ttm', 'net_income_ttm'] ...

[2026-04-27 03:01:19 KST] >>> Step 2: Pipeline (FULL REBUILD)
[18:01:19] [commit=724fbb9] [engine_version=2026-04-25-phase14-hybrid-alpha] Running default full pipeline with rolling window (years=8, end_date=2026-04-27, reuse_existing_artifacts=True, resume_partial_walkforward=False)
[18:01:19] Running rolling backtest window 2018-04-27 -> 2026-04-27 (window_years=8, train_lookback_years=5)
[18:01:19] [fast_mode] ON -- lighter collector refresh + ~5 backtests, retrain every 6m; Phase 9 CE concentrated grid expanded to 63 combos.
[18:01:19] Phase 3: building feature store ...
[18:01:19] Phase 1/2: building monthly universe ...
[18:01:19] Building candidate universe from free sources ...
[18:01:19] Archived current universe membership snapshot: historical_universe_membership_2026_04.csv
[18:01:19] Universe change detected: no membership change (current=991)
[18:01:19] Updating price cache for 987 tickers (blacklist=4) ...
[18:01:33] Fund panel incremental refresh: 2/972 stale or missing CIKs selected for SEC/FSDS parsing.Error 35 (CUDA driver version is insufficient for CUDA runtime version) ignored while obtaining device count

[18:01:40] [WARN] companyfacts fetch failed for CIK0001569650: 404 Client Error: Not Found for url: https://data.sec.gov/api/xbrl/companyfacts/CIK0001569650.json
[18:01:47] [WARN] companyfacts fetch failed for CIK0002078008: empty companyfacts payload
[18:04:00] [yf_quarterly] Loaded 79 rows for 14 CIKs
[18:12:23] [yf_industry] Fetching industry metadata for 654 tickers (cached=250, refresh_days=60) ...
[18:13:28] [yf_industry]   progress: 200/654
[18:14:33] [yf_industry]   progress: 400/654
[18:15:38] [yf_industry]   progress: 600/654
[18:15:56] [yf_industry]   progress: 654/654
[18:16:03] [phase5_leader_laggard] disabled via env PHASE_PHASE5_LEADER_LAGGARD_ENABLED=0 — skipping sub-industry leader/laggard signals.
[18:16:27] Updating price cache for 9 tickers (blacklist=0) ...
[18:16:41] Universe snapshot: source=historical_membership_file, latest_rows=595, candidate_tickers=901
[18:16:41] Core fundamental coverage (latest universe): revenues_ttm=78.7%, gross_profit_ttm=56.0%, op_income_ttm=76.3%, op_margin_ttm=76.1%, net_income_ttm=78.8%, roe_proxy=59.5%, gross_margins=84.2%, operating_margins=89.6%, return_on_equity_live=62.2%
[18:16:41] Core fundamental coverage (latest universe) low-coverage fields: gross_profit_ttm=56.0%, roe_proxy=59.5%, return_on_equity_live=62.2%
[18:16:41] Core fundamental minimum pass rate (latest universe): 92.1%
[18:19:41] Phase 4: monthly walk-forward training ...
[18:19:42] CatBoost task type = CPU
[18:19:42] Phase 4 plan: pending_months=95/95, retrain_every_months=6, pending_retrains=16, catboost_fits_per_retrain<=2.
[18:31:50] Phase 5: running monthly portfolio backtest ...
[18:31:51] Portfolio candidate set: sleeve-aware gate kept=237, removed=240, gate_modes={'early_relaxed': 166, 'future_relaxed': 53, 'core_strict': 18}, sleeves={'early_scout': 166, 'future_winner': 53, 'core_compounder': 18}
[18:31:52] Portfolio candidate set: sleeve-aware gate kept=239, removed=246, gate_modes={'early_relaxed': 177, 'future_relaxed': 46, 'core_strict': 16}, sleeves={'early_scout': 177, 'future_winner': 46, 'core_compounder': 16}
[18:31:52] Portfolio candidate set: sleeve-aware gate kept=138, removed=340, gate_modes={'early_relaxed': 76, 'future_relaxed': 47, 'core_strict': 15}, sleeves={'early_scout': 76, 'future_winner': 47, 'core_compounder': 15}
[18:31:53] Portfolio candidate set: sleeve-aware gate kept=215, removed=272, gate_modes={'early_relaxed': 141, 'future_relaxed': 57, 'core_strict': 17}, sleeves={'early_scout': 141, 'future_winner': 57, 'core_compounder': 17}
[18:31:54] Portfolio candidate set: sleeve-aware gate kept=218, removed=274, gate_modes={'early_relaxed': 146, 'future_relaxed': 56, 'core_strict': 16}, sleeves={'early_scout': 146, 'future_winner': 56, 'core_compounder': 16}
[18:31:55] Portfolio candidate set: sleeve-aware gate kept=168, removed=317, gate_modes={'early_relaxed': 97, 'future_relaxed': 52, 'core_strict': 19}, sleeves={'early_scout': 97, 'future_winner': 52, 'core_compounder': 19}
[18:31:56] Portfolio candidate set: sleeve-aware gate kept=161, removed=331, gate_modes={'early_relaxed': 97, 'future_relaxed': 46, 'core_strict': 18}, sleeves={'early_scout': 97, 'future_winner': 46, 'core_compounder': 18}
[18:31:57] Portfolio candidate set: sleeve-aware gate kept=170, removed=325, gate_modes={'early_relaxed': 127, 'future_relaxed': 28, 'core_strict': 15}, sleeves={'early_scout': 127, 'future_winner': 28, 'core_compounder': 15}
[18:31:58] Portfolio candidate set: sleeve-aware gate kept=164, removed=323, gate_modes={'early_relaxed': 130, 'future_relaxed': 19, 'core_strict': 15}, sleeves={'early_scout': 130, 'future_winner': 19, 'core_compounder': 15}
[18:31:59] Portfolio candidate set: sleeve-aware gate kept=162, removed=324, gate_modes={'early_relaxed': 126, 'future_relaxed': 23, 'core_strict': 13}, sleeves={'early_scout': 126, 'future_winner': 23, 'core_compounder': 13}
[18:31:59] Portfolio candidate set: sleeve-aware gate kept=163, removed=331, gate_modes={'early_relaxed': 125, 'future_relaxed': 22, 'core_strict': 16}, sleeves={'early_scout': 125, 'future_winner': 22, 'core_compounder': 16}
[18:32:00] Portfolio candidate set: sleeve-aware gate kept=182, removed=335, gate_modes={'early_relaxed': 129, 'future_relaxed': 32, 'core_strict': 21}, sleeves={'early_scout': 129, 'future_winner': 32, 'core_compounder': 21}
[18:32:01] Portfolio candidate set: sleeve-aware gate kept=69, removed=380, gate_modes={'early_relaxed': 34, 'core_strict': 20, 'future_relaxed': 15}, sleeves={'early_scout': 34, 'core_compounder': 20, 'future_winner': 15}
[18:32:02] Portfolio candidate set: sleeve-aware gate kept=110, removed=349, gate_modes={'early_relaxed': 62, 'future_relaxed': 29, 'core_strict': 19}, sleeves={'early_scout': 62, 'future_winner': 29, 'core_compounder': 19}
[18:32:03] Portfolio candidate set: sleeve-aware gate kept=157, removed=285, gate_modes={'early_relaxed': 92, 'future_relaxed': 47, 'core_strict': 18}, sleeves={'early_scout': 92, 'future_winner': 47, 'core_compounder': 18}
[18:32:03] Portfolio candidate set: sleeve-aware gate kept=138, removed=308, gate_modes={'early_relaxed': 81, 'future_relaxed': 38, 'core_strict': 19}, sleeves={'early_scout': 81, 'future_winner': 38, 'core_compounder': 19}
[18:32:04] Portfolio candidate set: sleeve-aware gate kept=187, removed=253, gate_modes={'early_relaxed': 125, 'future_relaxed': 44, 'core_strict': 18}, sleeves={'early_scout': 125, 'future_winner': 44, 'core_compounder': 18}
[18:32:05] Portfolio candidate set: sleeve-aware gate kept=153, removed=273, gate_modes={'early_relaxed': 96, 'future_relaxed': 41, 'core_strict': 16}, sleeves={'early_scout': 96, 'future_winner': 41, 'core_compounder': 16}
[18:32:06] Portfolio candidate set: sleeve-aware gate kept=117, removed=327, gate_modes={'early_relaxed': 61, 'future_relaxed': 39, 'core_strict': 17}, sleeves={'early_scout': 61, 'future_winner': 39, 'core_compounder': 17}
[18:32:07] Portfolio candidate set: sleeve-aware gate kept=125, removed=329, gate_modes={'early_relaxed': 73, 'future_relaxed': 38, 'core_strict': 14}, sleeves={'early_scout': 73, 'future_winner': 38, 'core_compounder': 14}
[18:32:08] Portfolio candidate set: sleeve-aware gate kept=178, removed=282, gate_modes={'early_relaxed': 134, 'future_relaxed': 32, 'core_strict': 12}, sleeves={'early_scout': 134, 'future_winner': 32, 'core_compounder': 12}
[18:32:09] Portfolio candidate set: sleeve-aware gate kept=172, removed=284, gate_modes={'early_relaxed': 109, 'future_relaxed': 50, 'core_strict': 13}, sleeves={'early_scout': 109, 'future_winner': 50, 'core_compounder': 13}
[18:32:10] Portfolio candidate set: sleeve-aware gate kept=142, removed=324, gate_modes={'early_relaxed': 92, 'future_relaxed': 36, 'core_strict': 14}, sleeves={'early_scout': 92, 'future_winner': 36, 'core_compounder': 14}
[18:32:10] Portfolio candidate set: sleeve-aware gate kept=240, removed=243, gate_modes={'early_relaxed': 144, 'future_relaxed': 76, 'core_strict': 20}, sleeves={'early_scout': 144, 'future_winner': 76, 'core_compounder': 20}
[18:32:11] Portfolio candidate set: sleeve-aware gate kept=205, removed=297, gate_modes={'early_relaxed': 95, 'future_relaxed': 87, 'core_strict': 23}, sleeves={'early_scout': 95, 'future_winner': 87, 'core_compounder': 23}
[18:32:12] Portfolio candidate set: sleeve-aware gate kept=296, removed=225, gate_modes={'early_relaxed': 182, 'future_relaxed': 92, 'core_strict': 22}, sleeves={'early_scout': 182, 'future_winner': 92, 'core_compounder': 22}
[18:32:14] Portfolio candidate set: sleeve-aware gate kept=191, removed=330, gate_modes={'future_relaxed': 87, 'early_relaxed': 83, 'core_strict': 21}, sleeves={'future_winner': 87, 'early_scout': 83, 'core_compounder': 21}
[18:32:14] Portfolio candidate set: sleeve-aware gate kept=170, removed=363, gate_modes={'future_relaxed': 83, 'early_relaxed': 65, 'core_strict': 22}, sleeves={'future_winner': 83, 'early_scout': 65, 'core_compounder': 22}
[18:32:15] Portfolio candidate set: sleeve-aware gate kept=207, removed=322, gate_modes={'early_relaxed': 100, 'future_relaxed': 85, 'core_strict': 22}, sleeves={'early_scout': 100, 'future_winner': 85, 'core_compounder': 22}
[18:32:16] Portfolio candidate set: sleeve-aware gate kept=227, removed=291, gate_modes={'future_relaxed': 103, 'early_relaxed': 103, 'core_strict': 21}, sleeves={'future_winner': 103, 'early_scout': 103, 'core_compounder': 21}
[18:32:17] Portfolio candidate set: sleeve-aware gate kept=182, removed=354, gate_modes={'future_relaxed': 90, 'early_relaxed': 71, 'core_strict': 21}, sleeves={'future_winner': 90, 'early_scout': 71, 'core_compounder': 21}
[18:32:18] Portfolio candidate set: sleeve-aware gate kept=223, removed=323, gate_modes={'early_relaxed': 133, 'future_relaxed': 75, 'core_strict': 15}, sleeves={'early_scout': 133, 'future_winner': 75, 'core_compounder': 15}
[18:32:19] Portfolio candidate set: sleeve-aware gate kept=137, removed=407, gate_modes={'early_relaxed': 88, 'future_relaxed': 37, 'core_strict': 12}, sleeves={'early_scout': 88, 'future_winner': 37, 'core_compounder': 12}
[18:32:20] Portfolio candidate set: sleeve-aware gate kept=155, removed=401, gate_modes={'early_relaxed': 100, 'future_relaxed': 43, 'core_strict': 12}, sleeves={'early_scout': 100, 'future_winner': 43, 'core_compounder': 12}
[18:32:20] Portfolio candidate set: sleeve-aware gate kept=73, removed=481, gate_modes={'early_relaxed': 31, 'future_relaxed': 28, 'core_strict': 14}, sleeves={'early_scout': 31, 'future_winner': 28, 'core_compounder': 14}
[18:32:21] Portfolio candidate set: sleeve-aware gate kept=174, removed=389, gate_modes={'early_relaxed': 76, 'future_relaxed': 75, 'core_strict': 23}, sleeves={'early_scout': 76, 'future_winner': 75, 'core_compounder': 23}
[18:32:22] Portfolio candidate set: sleeve-aware gate kept=226, removed=323, gate_modes={'future_relaxed': 109, 'early_relaxed': 93, 'core_strict': 24}, sleeves={'future_winner': 109, 'early_scout': 93, 'core_compounder': 24}
[18:32:24] Portfolio candidate set: sleeve-aware gate kept=161, removed=395, gate_modes={'early_relaxed': 82, 'future_relaxed': 58, 'core_strict': 21}, sleeves={'early_scout': 82, 'future_winner': 58, 'core_compounder': 21}
[18:32:25] Portfolio candidate set: sleeve-aware gate kept=118, removed=414, gate_modes={'early_relaxed': 52, 'future_relaxed': 46, 'core_strict': 20}, sleeves={'early_scout': 52, 'future_winner': 46, 'core_compounder': 20}
[18:32:26] Portfolio candidate set: sleeve-aware gate kept=83, removed=441, gate_modes={'early_relaxed': 33, 'future_relaxed': 29, 'core_strict': 21}, sleeves={'early_scout': 33, 'future_winner': 29, 'core_compounder': 21}
[18:32:27] Portfolio candidate set: sleeve-aware gate kept=145, removed=394, gate_modes={'early_relaxed': 86, 'future_relaxed': 38, 'core_strict': 21}, sleeves={'early_scout': 86, 'future_winner': 38, 'core_compounder': 21}
[18:32:28] Portfolio candidate set: sleeve-aware gate kept=128, removed=402, gate_modes={'early_relaxed': 75, 'future_relaxed': 33, 'core_strict': 20}, sleeves={'early_scout': 75, 'future_winner': 33, 'core_compounder': 20}
[18:32:29] Portfolio candidate set: sleeve-aware gate kept=94, removed=439, gate_modes={'early_relaxed': 48, 'future_relaxed': 26, 'core_strict': 20}, sleeves={'early_scout': 48, 'future_winner': 26, 'core_compounder': 20}
[18:32:29] Portfolio candidate set: sleeve-aware gate kept=110, removed=430, gate_modes={'early_relaxed': 71, 'future_relaxed': 23, 'core_strict': 16}, sleeves={'early_scout': 71, 'future_winner': 23, 'core_compounder': 16}
[18:32:30] Portfolio candidate set: sleeve-aware gate kept=145, removed=391, gate_modes={'early_relaxed': 122, 'future_relaxed': 12, 'core_strict': 11}, sleeves={'early_scout': 122, 'future_winner': 12, 'core_compounder': 11}
[18:32:31] Portfolio candidate set: sleeve-aware gate kept=89, removed=440, gate_modes={'early_relaxed': 70, 'core_strict': 11, 'future_relaxed': 8}, sleeves={'early_scout': 70, 'core_compounder': 11, 'future_winner': 8}
[18:32:32] Portfolio candidate set: sleeve-aware gate kept=177, removed=360, gate_modes={'early_relaxed': 152, 'core_strict': 13, 'future_relaxed': 12}, sleeves={'early_scout': 152, 'core_compounder': 13, 'future_winner': 12}
[18:32:33] Portfolio candidate set: sleeve-aware gate kept=166, removed=390, gate_modes={'early_relaxed': 123, 'core_strict': 22, 'future_relaxed': 21}, sleeves={'early_scout': 123, 'core_compounder': 22, 'future_winner': 21}
[18:32:34] Portfolio candidate set: sleeve-aware gate kept=116, removed=435, gate_modes={'early_relaxed': 76, 'core_strict': 23, 'future_relaxed': 17}, sleeves={'early_scout': 76, 'core_compounder': 23, 'future_winner': 17}
[18:32:35] Portfolio candidate set: sleeve-aware gate kept=134, removed=408, gate_modes={'early_relaxed': 96, 'core_strict': 20, 'future_relaxed': 18}, sleeves={'early_scout': 96, 'core_compounder': 20, 'future_winner': 18}
[18:32:35] Portfolio candidate set: sleeve-aware gate kept=127, removed=407, gate_modes={'early_relaxed': 99, 'core_strict': 19, 'future_relaxed': 9}, sleeves={'early_scout': 99, 'core_compounder': 19, 'future_winner': 9}
[18:32:36] Portfolio candidate set: sleeve-aware gate kept=196, removed=345, gate_modes={'early_relaxed': 157, 'core_strict': 21, 'future_relaxed': 18}, sleeves={'early_scout': 157, 'core_compounder': 21, 'future_winner': 18}
[18:32:37] Portfolio candidate set: sleeve-aware gate kept=250, removed=297, gate_modes={'early_relaxed': 208, 'core_strict': 22, 'future_relaxed': 20}, sleeves={'early_scout': 208, 'core_compounder': 22, 'future_winner': 20}
[18:32:38] Portfolio candidate set: sleeve-aware gate kept=128, removed=406, gate_modes={'early_relaxed': 100, 'core_strict': 20, 'future_relaxed': 8}, sleeves={'early_scout': 100, 'core_compounder': 20, 'future_winner': 8}
[18:32:39] Portfolio candidate set: sleeve-aware gate kept=97, removed=442, gate_modes={'early_relaxed': 64, 'core_strict': 21, 'future_relaxed': 12}, sleeves={'early_scout': 64, 'core_compounder': 21, 'future_winner': 12}
[18:32:40] Portfolio candidate set: sleeve-aware gate kept=59, removed=485, gate_modes={'early_relaxed': 40, 'core_strict': 14, 'future_relaxed': 5}, sleeves={'early_scout': 40, 'core_compounder': 14, 'future_winner': 5}
[18:32:41] Portfolio candidate set: sleeve-aware gate kept=131, removed=406, gate_modes={'early_relaxed': 110, 'core_strict': 13, 'future_relaxed': 8}, sleeves={'early_scout': 110, 'core_compounder': 13, 'future_winner': 8}
[18:32:42] Portfolio candidate set: sleeve-aware gate kept=194, removed=357, gate_modes={'early_relaxed': 172, 'core_strict': 13, 'future_relaxed': 9}, sleeves={'early_scout': 172, 'core_compounder': 13, 'future_winner': 9}
[18:32:43] Portfolio candidate set: sleeve-aware gate kept=167, removed=386, gate_modes={'early_relaxed': 138, 'core_strict': 16, 'future_relaxed': 13}, sleeves={'early_scout': 138, 'core_compounder': 16, 'future_winner': 13}
[18:32:45] Portfolio candidate set: sleeve-aware gate kept=245, removed=324, gate_modes={'early_relaxed': 183, 'future_relaxed': 37, 'core_strict': 25}, sleeves={'early_scout': 183, 'future_winner': 37, 'core_compounder': 25}
[18:32:46] Portfolio candidate set: sleeve-aware gate kept=242, removed=318, gate_modes={'early_relaxed': 180, 'future_relaxed': 36, 'core_strict': 26}, sleeves={'early_scout': 180, 'future_winner': 36, 'core_compounder': 26}
[18:32:47] Portfolio candidate set: sleeve-aware gate kept=157, removed=420, gate_modes={'early_relaxed': 91, 'future_relaxed': 42, 'core_strict': 24}, sleeves={'early_scout': 91, 'future_winner': 42, 'core_compounder': 24}
[18:32:48] Portfolio candidate set: sleeve-aware gate kept=174, removed=401, gate_modes={'early_relaxed': 102, 'future_relaxed': 49, 'core_strict': 23}, sleeves={'early_scout': 102, 'future_winner': 49, 'core_compounder': 23}
[18:32:49] Portfolio candidate set: sleeve-aware gate kept=162, removed=418, gate_modes={'early_relaxed': 84, 'future_relaxed': 54, 'core_strict': 24}, sleeves={'early_scout': 84, 'future_winner': 54, 'core_compounder': 24}
[18:32:50] Portfolio candidate set: sleeve-aware gate kept=253, removed=347, gate_modes={'early_relaxed': 178, 'future_relaxed': 52, 'core_strict': 23}, sleeves={'early_scout': 178, 'future_winner': 52, 'core_compounder': 23}
[18:32:50] Portfolio candidate set: sleeve-aware gate kept=217, removed=363, gate_modes={'early_relaxed': 143, 'future_relaxed': 53, 'core_strict': 21}, sleeves={'early_scout': 143, 'future_winner': 53, 'core_compounder': 21}
[18:32:51] Portfolio candidate set: sleeve-aware gate kept=251, removed=336, gate_modes={'early_relaxed': 148, 'future_relaxed': 82, 'core_strict': 21}, sleeves={'early_scout': 148, 'future_winner': 82, 'core_compounder': 21}
[18:32:52] Portfolio candidate set: sleeve-aware gate kept=180, removed=423, gate_modes={'early_relaxed': 129, 'future_relaxed': 34, 'core_strict': 17}, sleeves={'early_scout': 129, 'future_winner': 34, 'core_compounder': 17}
[18:32:53] Portfolio candidate set: sleeve-aware gate kept=208, removed=404, gate_modes={'early_relaxed': 152, 'future_relaxed': 40, 'core_strict': 16}, sleeves={'early_scout': 152, 'future_winner': 40, 'core_compounder': 16}
[18:32:54] Portfolio candidate set: sleeve-aware gate kept=90, removed=518, gate_modes={'future_relaxed': 38, 'early_relaxed': 36, 'core_strict': 16}, sleeves={'future_winner': 38, 'early_scout': 36, 'core_compounder': 16}
[18:32:55] Portfolio candidate set: sleeve-aware gate kept=148, removed=463, gate_modes={'early_relaxed': 99, 'future_relaxed': 32, 'core_strict': 17}, sleeves={'early_scout': 99, 'future_winner': 32, 'core_compounder': 17}
[18:32:56] Portfolio candidate set: sleeve-aware gate kept=193, removed=415, gate_modes={'early_relaxed': 106, 'future_relaxed': 62, 'core_strict': 25}, sleeves={'early_scout': 106, 'future_winner': 62, 'core_compounder': 25}
[18:32:57] Portfolio candidate set: sleeve-aware gate kept=156, removed=454, gate_modes={'early_relaxed': 73, 'future_relaxed': 56, 'core_strict': 27}, sleeves={'early_scout': 73, 'future_winner': 56, 'core_compounder': 27}
[18:32:58] Portfolio candidate set: sleeve-aware gate kept=142, removed=460, gate_modes={'future_relaxed': 59, 'early_relaxed': 58, 'core_strict': 25}, sleeves={'future_winner': 59, 'early_scout': 58, 'core_compounder': 25}
[18:32:59] Portfolio candidate set: sleeve-aware gate kept=186, removed=404, gate_modes={'early_relaxed': 99, 'future_relaxed': 65, 'core_strict': 22}, sleeves={'early_scout': 99, 'future_winner': 65, 'core_compounder': 22}
[18:33:00] Portfolio candidate set: sleeve-aware gate kept=223, removed=378, gate_modes={'early_relaxed': 138, 'future_relaxed': 62, 'core_strict': 23}, sleeves={'early_scout': 138, 'future_winner': 62, 'core_compounder': 23}
[18:33:00] Portfolio candidate set: sleeve-aware gate kept=217, removed=395, gate_modes={'early_relaxed': 141, 'future_relaxed': 53, 'core_strict': 23}, sleeves={'early_scout': 141, 'future_winner': 53, 'core_compounder': 23}
[18:33:01] Portfolio candidate set: sleeve-aware gate kept=223, removed=373, gate_modes={'early_relaxed': 139, 'future_relaxed': 60, 'core_strict': 24}, sleeves={'early_scout': 139, 'future_winner': 60, 'core_compounder': 24}
[18:33:02] Portfolio candidate set: sleeve-aware gate kept=200, removed=396, gate_modes={'early_relaxed': 109, 'future_relaxed': 68, 'core_strict': 23}, sleeves={'early_scout': 109, 'future_winner': 68, 'core_compounder': 23}
[18:33:03] Portfolio candidate set: sleeve-aware gate kept=159, removed=453, gate_modes={'early_relaxed': 81, 'future_relaxed': 57, 'core_strict': 21}, sleeves={'early_scout': 81, 'future_winner': 57, 'core_compounder': 21}
[18:33:04] Portfolio candidate set: sleeve-aware gate kept=119, removed=481, gate_modes={'early_relaxed': 63, 'future_relaxed': 38, 'core_strict': 18}, sleeves={'early_scout': 63, 'future_winner': 38, 'core_compounder': 18}
[18:33:05] Portfolio candidate set: sleeve-aware gate kept=122, removed=476, gate_modes={'early_relaxed': 70, 'future_relaxed': 34, 'core_strict': 18}, sleeves={'early_scout': 70, 'future_winner': 34, 'core_compounder': 18}
[18:33:05] Portfolio candidate set: sleeve-aware gate kept=166, removed=436, gate_modes={'early_relaxed': 112, 'future_relaxed': 35, 'core_strict': 19}, sleeves={'early_scout': 112, 'future_winner': 35, 'core_compounder': 19}
[18:33:07] Phase 5c: running sleeve/cap policy comparison ...
[18:33:07] Phase 5: running monthly portfolio backtest ...
[18:33:07] Portfolio candidate set: sleeve-aware gate kept=237, removed=240, gate_modes={'early_relaxed': 166, 'future_relaxed': 53, 'core_strict': 18}, sleeves={'early_scout': 166, 'future_winner': 53, 'core_compounder': 18}
[18:33:08] Portfolio candidate set: sleeve-aware gate kept=239, removed=246, gate_modes={'early_relaxed': 177, 'future_relaxed': 46, 'core_strict': 16}, sleeves={'early_scout': 177, 'future_winner': 46, 'core_compounder': 16}
[18:33:09] Portfolio candidate set: sleeve-aware gate kept=138, removed=340, gate_modes={'early_relaxed': 76, 'future_relaxed': 47, 'core_strict': 15}, sleeves={'early_scout': 76, 'future_winner': 47, 'core_compounder': 15}
[18:33:10] Portfolio candidate set: sleeve-aware gate kept=215, removed=272, gate_modes={'early_relaxed': 141, 'future_relaxed': 57, 'core_strict': 17}, sleeves={'early_scout': 141, 'future_winner': 57, 'core_compounder': 17}
[18:33:10] Portfolio candidate set: sleeve-aware gate kept=218, removed=274, gate_modes={'early_relaxed': 146, 'future_relaxed': 56, 'core_strict': 16}, sleeves={'early_scout': 146, 'future_winner': 56, 'core_compounder': 16}
[18:33:11] Portfolio candidate set: sleeve-aware gate kept=168, removed=317, gate_modes={'early_relaxed': 97, 'future_relaxed': 52, 'core_strict': 19}, sleeves={'early_scout': 97, 'future_winner': 52, 'core_compounder': 19}
[18:33:12] Portfolio candidate set: sleeve-aware gate kept=161, removed=331, gate_modes={'early_relaxed': 97, 'future_relaxed': 46, 'core_strict': 18}, sleeves={'early_scout': 97, 'future_winner': 46, 'core_compounder': 18}
[18:33:13] Portfolio candidate set: sleeve-aware gate kept=170, removed=325, gate_modes={'early_relaxed': 127, 'future_relaxed': 28, 'core_strict': 15}, sleeves={'early_scout': 127, 'future_winner': 28, 'core_compounder': 15}
[18:33:14] Portfolio candidate set: sleeve-aware gate kept=164, removed=323, gate_modes={'early_relaxed': 130, 'future_relaxed': 19, 'core_strict': 15}, sleeves={'early_scout': 130, 'future_winner': 19, 'core_compounder': 15}
[18:33:15] Portfolio candidate set: sleeve-aware gate kept=162, removed=324, gate_modes={'early_relaxed': 126, 'future_relaxed': 23, 'core_strict': 13}, sleeves={'early_scout': 126, 'future_winner': 23, 'core_compounder': 13}
[18:33:16] Portfolio candidate set: sleeve-aware gate kept=163, removed=331, gate_modes={'early_relaxed': 125, 'future_relaxed': 22, 'core_strict': 16}, sleeves={'early_scout': 125, 'future_winner': 22, 'core_compounder': 16}
[18:33:17] Portfolio candidate set: sleeve-aware gate kept=182, removed=335, gate_modes={'early_relaxed': 129, 'future_relaxed': 32, 'core_strict': 21}, sleeves={'early_scout': 129, 'future_winner': 32, 'core_compounder': 21}
[18:33:17] Portfolio candidate set: sleeve-aware gate kept=69, removed=380, gate_modes={'early_relaxed': 34, 'core_strict': 20, 'future_relaxed': 15}, sleeves={'early_scout': 34, 'core_compounder': 20, 'future_winner': 15}
[18:33:18] Portfolio candidate set: sleeve-aware gate kept=110, removed=349, gate_modes={'early_relaxed': 62, 'future_relaxed': 29, 'core_strict': 19}, sleeves={'early_scout': 62, 'future_winner': 29, 'core_compounder': 19}
[18:33:19] Portfolio candidate set: sleeve-aware gate kept=157, removed=285, gate_modes={'early_relaxed': 92, 'future_relaxed': 47, 'core_strict': 18}, sleeves={'early_scout': 92, 'future_winner': 47, 'core_compounder': 18}
[18:33:20] Portfolio candidate set: sleeve-aware gate kept=138, removed=308, gate_modes={'early_relaxed': 81, 'future_relaxed': 38, 'core_strict': 19}, sleeves={'early_scout': 81, 'future_winner': 38, 'core_compounder': 19}
[18:33:21] Portfolio candidate set: sleeve-aware gate kept=187, removed=253, gate_modes={'early_relaxed': 125, 'future_relaxed': 44, 'core_strict': 18}, sleeves={'early_scout': 125, 'future_winner': 44, 'core_compounder': 18}
[18:33:22] Portfolio candidate set: sleeve-aware gate kept=153, removed=273, gate_modes={'early_relaxed': 96, 'future_relaxed': 41, 'core_strict': 16}, sleeves={'early_scout': 96, 'future_winner': 41, 'core_compounder': 16}
[18:33:22] Portfolio candidate set: sleeve-aware gate kept=117, removed=327, gate_modes={'early_relaxed': 61, 'future_relaxed': 39, 'core_strict': 17}, sleeves={'early_scout': 61, 'future_winner': 39, 'core_compounder': 17}
[18:33:23] Portfolio candidate set: sleeve-aware gate kept=125, removed=329, gate_modes={'early_relaxed': 73, 'future_relaxed': 38, 'core_strict': 14}, sleeves={'early_scout': 73, 'future_winner': 38, 'core_compounder': 14}
[18:33:24] Portfolio candidate set: sleeve-aware gate kept=178, removed=282, gate_modes={'early_relaxed': 134, 'future_relaxed': 32, 'core_strict': 12}, sleeves={'early_scout': 134, 'future_winner': 32, 'core_compounder': 12}
[18:33:25] Portfolio candidate set: sleeve-aware gate kept=172, removed=284, gate_modes={'early_relaxed': 109, 'future_relaxed': 50, 'core_strict': 13}, sleeves={'early_scout': 109, 'future_winner': 50, 'core_compounder': 13}
[18:33:26] Portfolio candidate set: sleeve-aware gate kept=142, removed=324, gate_modes={'early_relaxed': 92, 'future_relaxed': 36, 'core_strict': 14}, sleeves={'early_scout': 92, 'future_winner': 36, 'core_compounder': 14}
[18:33:27] Portfolio candidate set: sleeve-aware gate kept=240, removed=243, gate_modes={'early_relaxed': 144, 'future_relaxed': 76, 'core_strict': 20}, sleeves={'early_scout': 144, 'future_winner': 76, 'core_compounder': 20}
[18:33:28] Portfolio candidate set: sleeve-aware gate kept=205, removed=297, gate_modes={'early_relaxed': 95, 'future_relaxed': 87, 'core_strict': 23}, sleeves={'early_scout': 95, 'future_winner': 87, 'core_compounder': 23}
[18:33:29] Portfolio candidate set: sleeve-aware gate kept=296, removed=225, gate_modes={'early_relaxed': 182, 'future_relaxed': 92, 'core_strict': 22}, sleeves={'early_scout': 182, 'future_winner': 92, 'core_compounder': 22}
[18:33:30] Portfolio candidate set: sleeve-aware gate kept=191, removed=330, gate_modes={'future_relaxed': 87, 'early_relaxed': 83, 'core_strict': 21}, sleeves={'future_winner': 87, 'early_scout': 83, 'core_compounder': 21}
[18:33:31] Portfolio candidate set: sleeve-aware gate kept=170, removed=363, gate_modes={'future_relaxed': 83, 'early_relaxed': 65, 'core_strict': 22}, sleeves={'future_winner': 83, 'early_scout': 65, 'core_compounder': 22}
[18:33:32] Portfolio candidate set: sleeve-aware gate kept=207, removed=322, gate_modes={'early_relaxed': 100, 'future_relaxed': 85, 'core_strict': 22}, sleeves={'early_scout': 100, 'future_winner': 85, 'core_compounder': 22}
[18:33:33] Portfolio candidate set: sleeve-aware gate kept=227, removed=291, gate_modes={'future_relaxed': 103, 'early_relaxed': 103, 'core_strict': 21}, sleeves={'future_winner': 103, 'early_scout': 103, 'core_compounder': 21}
[18:33:33] Portfolio candidate set: sleeve-aware gate kept=182, removed=354, gate_modes={'future_relaxed': 90, 'early_relaxed': 71, 'core_strict': 21}, sleeves={'future_winner': 90, 'early_scout': 71, 'core_compounder': 21}
[18:33:34] Portfolio candidate set: sleeve-aware gate kept=223, removed=323, gate_modes={'early_relaxed': 133, 'future_relaxed': 75, 'core_strict': 15}, sleeves={'early_scout': 133, 'future_winner': 75, 'core_compounder': 15}
[18:33:35] Portfolio candidate set: sleeve-aware gate kept=137, removed=407, gate_modes={'early_relaxed': 88, 'future_relaxed': 37, 'core_strict': 12}, sleeves={'early_scout': 88, 'future_winner': 37, 'core_compounder': 12}
[18:33:36] Portfolio candidate set: sleeve-aware gate kept=155, removed=401, gate_modes={'early_relaxed': 100, 'future_relaxed': 43, 'core_strict': 12}, sleeves={'early_scout': 100, 'future_winner': 43, 'core_compounder': 12}
[18:33:37] Portfolio candidate set: sleeve-aware gate kept=73, removed=481, gate_modes={'early_relaxed': 31, 'future_relaxed': 28, 'core_strict': 14}, sleeves={'early_scout': 31, 'future_winner': 28, 'core_compounder': 14}
[18:33:38] Portfolio candidate set: sleeve-aware gate kept=174, removed=389, gate_modes={'early_relaxed': 76, 'future_relaxed': 75, 'core_strict': 23}, sleeves={'early_scout': 76, 'future_winner': 75, 'core_compounder': 23}
[18:33:39] Portfolio candidate set: sleeve-aware gate kept=226, removed=323, gate_modes={'future_relaxed': 109, 'early_relaxed': 93, 'core_strict': 24}, sleeves={'future_winner': 109, 'early_scout': 93, 'core_compounder': 24}
[18:33:40] Portfolio candidate set: sleeve-aware gate kept=161, removed=395, gate_modes={'early_relaxed': 82, 'future_relaxed': 58, 'core_strict': 21}, sleeves={'early_scout': 82, 'future_winner': 58, 'core_compounder': 21}
[18:33:41] Portfolio candidate set: sleeve-aware gate kept=118, removed=414, gate_modes={'early_relaxed': 52, 'future_relaxed': 46, 'core_strict': 20}, sleeves={'early_scout': 52, 'future_winner': 46, 'core_compounder': 20}
[18:33:42] Portfolio candidate set: sleeve-aware gate kept=83, removed=441, gate_modes={'early_relaxed': 33, 'future_relaxed': 29, 'core_strict': 21}, sleeves={'early_scout': 33, 'future_winner': 29, 'core_compounder': 21}
[18:33:43] Portfolio candidate set: sleeve-aware gate kept=145, removed=394, gate_modes={'early_relaxed': 86, 'future_relaxed': 38, 'core_strict': 21}, sleeves={'early_scout': 86, 'future_winner': 38, 'core_compounder': 21}
[18:33:44] Portfolio candidate set: sleeve-aware gate kept=128, removed=402, gate_modes={'early_relaxed': 75, 'future_relaxed': 33, 'core_strict': 20}, sleeves={'early_scout': 75, 'future_winner': 33, 'core_compounder': 20}
[18:33:45] Portfolio candidate set: sleeve-aware gate kept=94, removed=439, gate_modes={'early_relaxed': 48, 'future_relaxed': 26, 'core_strict': 20}, sleeves={'early_scout': 48, 'future_winner': 26, 'core_compounder': 20}
[18:33:45] Portfolio candidate set: sleeve-aware gate kept=110, removed=430, gate_modes={'early_relaxed': 71, 'future_relaxed': 23, 'core_strict': 16}, sleeves={'early_scout': 71, 'future_winner': 23, 'core_compounder': 16}
[18:33:46] Portfolio candidate set: sleeve-aware gate kept=145, removed=391, gate_modes={'early_relaxed': 122, 'future_relaxed': 12, 'core_strict': 11}, sleeves={'early_scout': 122, 'future_winner': 12, 'core_compounder': 11}
[18:33:47] Portfolio candidate set: sleeve-aware gate kept=89, removed=440, gate_modes={'early_relaxed': 70, 'core_strict': 11, 'future_relaxed': 8}, sleeves={'early_scout': 70, 'core_compounder': 11, 'future_winner': 8}
[18:33:48] Portfolio candidate set: sleeve-aware gate kept=177, removed=360, gate_modes={'early_relaxed': 152, 'core_strict': 13, 'future_relaxed': 12}, sleeves={'early_scout': 152, 'core_compounder': 13, 'future_winner': 12}
[18:33:49] Portfolio candidate set: sleeve-aware gate kept=166, removed=390, gate_modes={'early_relaxed': 123, 'core_strict': 22, 'future_relaxed': 21}, sleeves={'early_scout': 123, 'core_compounder': 22, 'future_winner': 21}
[18:33:50] Portfolio candidate set: sleeve-aware gate kept=116, removed=435, gate_modes={'early_relaxed': 76, 'core_strict': 23, 'future_relaxed': 17}, sleeves={'early_scout': 76, 'core_compounder': 23, 'future_winner': 17}
[18:33:51] Portfolio candidate set: sleeve-aware gate kept=134, removed=408, gate_modes={'early_relaxed': 96, 'core_strict': 20, 'future_relaxed': 18}, sleeves={'early_scout': 96, 'core_compounder': 20, 'future_winner': 18}
[18:33:51] Portfolio candidate set: sleeve-aware gate kept=127, removed=407, gate_modes={'early_relaxed': 99, 'core_strict': 19, 'future_relaxed': 9}, sleeves={'early_scout': 99, 'core_compounder': 19, 'future_winner': 9}
[18:33:52] Portfolio candidate set: sleeve-aware gate kept=196, removed=345, gate_modes={'early_relaxed': 157, 'core_strict': 21, 'future_relaxed': 18}, sleeves={'early_scout': 157, 'core_compounder': 21, 'future_winner': 18}
[18:33:53] Portfolio candidate set: sleeve-aware gate kept=250, removed=297, gate_modes={'early_relaxed': 208, 'core_strict': 22, 'future_relaxed': 20}, sleeves={'early_scout': 208, 'core_compounder': 22, 'future_winner': 20}
[18:33:54] Portfolio candidate set: sleeve-aware gate kept=128, removed=406, gate_modes={'early_relaxed': 100, 'core_strict': 20, 'future_relaxed': 8}, sleeves={'early_scout': 100, 'core_compounder': 20, 'future_winner': 8}
[18:33:55] Portfolio candidate set: sleeve-aware gate kept=97, removed=442, gate_modes={'early_relaxed': 64, 'core_strict': 21, 'future_relaxed': 12}, sleeves={'early_scout': 64, 'core_compounder': 21, 'future_winner': 12}
[18:33:56] Portfolio candidate set: sleeve-aware gate kept=59, removed=485, gate_modes={'early_relaxed': 40, 'core_strict': 14, 'future_relaxed': 5}, sleeves={'early_scout': 40, 'core_compounder': 14, 'future_winner': 5}
[18:33:57] Portfolio candidate set: sleeve-aware gate kept=131, removed=406, gate_modes={'early_relaxed': 110, 'core_strict': 13, 'future_relaxed': 8}, sleeves={'early_scout': 110, 'core_compounder': 13, 'future_winner': 8}
[18:33:58] Portfolio candidate set: sleeve-aware gate kept=194, removed=357, gate_modes={'early_relaxed': 172, 'core_strict': 13, 'future_relaxed': 9}, sleeves={'early_scout': 172, 'core_compounder': 13, 'future_winner': 9}
[18:33:59] Portfolio candidate set: sleeve-aware gate kept=167, removed=386, gate_modes={'early_relaxed': 138, 'core_strict': 16, 'future_relaxed': 13}, sleeves={'early_scout': 138, 'core_compounder': 16, 'future_winner': 13}
[18:34:00] Portfolio candidate set: sleeve-aware gate kept=245, removed=324, gate_modes={'early_relaxed': 183, 'future_relaxed': 37, 'core_strict': 25}, sleeves={'early_scout': 183, 'future_winner': 37, 'core_compounder': 25}
[18:34:02] Portfolio candidate set: sleeve-aware gate kept=242, removed=318, gate_modes={'early_relaxed': 180, 'future_relaxed': 36, 'core_strict': 26}, sleeves={'early_scout': 180, 'future_winner': 36, 'core_compounder': 26}
[18:34:03] Portfolio candidate set: sleeve-aware gate kept=157, removed=420, gate_modes={'early_relaxed': 91, 'future_relaxed': 42, 'core_strict': 24}, sleeves={'early_scout': 91, 'future_winner': 42, 'core_compounder': 24}
[18:34:04] Portfolio candidate set: sleeve-aware gate kept=174, removed=401, gate_modes={'early_relaxed': 102, 'future_relaxed': 49, 'core_strict': 23}, sleeves={'early_scout': 102, 'future_winner': 49, 'core_compounder': 23}
[18:34:04] Portfolio candidate set: sleeve-aware gate kept=162, removed=418, gate_modes={'early_relaxed': 84, 'future_relaxed': 54, 'core_strict': 24}, sleeves={'early_scout': 84, 'future_winner': 54, 'core_compounder': 24}
[18:34:05] Portfolio candidate set: sleeve-aware gate kept=253, removed=347, gate_modes={'early_relaxed': 178, 'future_relaxed': 52, 'core_strict': 23}, sleeves={'early_scout': 178, 'future_winner': 52, 'core_compounder': 23}
[18:34:06] Portfolio candidate set: sleeve-aware gate kept=217, removed=363, gate_modes={'early_relaxed': 143, 'future_relaxed': 53, 'core_strict': 21}, sleeves={'early_scout': 143, 'future_winner': 53, 'core_compounder': 21}
[18:34:07] Portfolio candidate set: sleeve-aware gate kept=251, removed=336, gate_modes={'early_relaxed': 148, 'future_relaxed': 82, 'core_strict': 21}, sleeves={'early_scout': 148, 'future_winner': 82, 'core_compounder': 21}
[18:34:08] Portfolio candidate set: sleeve-aware gate kept=180, removed=423, gate_modes={'early_relaxed': 129, 'future_relaxed': 34, 'core_strict': 17}, sleeves={'early_scout': 129, 'future_winner': 34, 'core_compounder': 17}
[18:34:09] Portfolio candidate set: sleeve-aware gate kept=208, removed=404, gate_modes={'early_relaxed': 152, 'future_relaxed': 40, 'core_strict': 16}, sleeves={'early_scout': 152, 'future_winner': 40, 'core_compounder': 16}
[18:34:10] Portfolio candidate set: sleeve-aware gate kept=90, removed=518, gate_modes={'future_relaxed': 38, 'early_relaxed': 36, 'core_strict': 16}, sleeves={'future_winner': 38, 'early_scout': 36, 'core_compounder': 16}
[18:34:11] Portfolio candidate set: sleeve-aware gate kept=148, removed=463, gate_modes={'early_relaxed': 99, 'future_relaxed': 32, 'core_strict': 17}, sleeves={'early_scout': 99, 'future_winner': 32, 'core_compounder': 17}
[18:34:12] Portfolio candidate set: sleeve-aware gate kept=193, removed=415, gate_modes={'early_relaxed': 106, 'future_relaxed': 62, 'core_strict': 25}, sleeves={'early_scout': 106, 'future_winner': 62, 'core_compounder': 25}
[18:34:13] Portfolio candidate set: sleeve-aware gate kept=156, removed=454, gate_modes={'early_relaxed': 73, 'future_relaxed': 56, 'core_strict': 27}, sleeves={'early_scout': 73, 'future_winner': 56, 'core_compounder': 27}
[18:34:14] Portfolio candidate set: sleeve-aware gate kept=142, removed=460, gate_modes={'future_relaxed': 59, 'early_relaxed': 58, 'core_strict': 25}, sleeves={'future_winner': 59, 'early_scout': 58, 'core_compounder': 25}
[18:34:14] Portfolio candidate set: sleeve-aware gate kept=186, removed=404, gate_modes={'early_relaxed': 99, 'future_relaxed': 65, 'core_strict': 22}, sleeves={'early_scout': 99, 'future_winner': 65, 'core_compounder': 22}
[18:34:15] Portfolio candidate set: sleeve-aware gate kept=223, removed=378, gate_modes={'early_relaxed': 138, 'future_relaxed': 62, 'core_strict': 23}, sleeves={'early_scout': 138, 'future_winner': 62, 'core_compounder': 23}
[18:34:16] Portfolio candidate set: sleeve-aware gate kept=217, removed=395, gate_modes={'early_relaxed': 141, 'future_relaxed': 53, 'core_strict': 23}, sleeves={'early_scout': 141, 'future_winner': 53, 'core_compounder': 23}
[18:34:17] Portfolio candidate set: sleeve-aware gate kept=223, removed=373, gate_modes={'early_relaxed': 139, 'future_relaxed': 60, 'core_strict': 24}, sleeves={'early_scout': 139, 'future_winner': 60, 'core_compounder': 24}
[18:34:18] Portfolio candidate set: sleeve-aware gate kept=200, removed=396, gate_modes={'early_relaxed': 109, 'future_relaxed': 68, 'core_strict': 23}, sleeves={'early_scout': 109, 'future_winner': 68, 'core_compounder': 23}
[18:34:18] Portfolio candidate set: sleeve-aware gate kept=159, removed=453, gate_modes={'early_relaxed': 81, 'future_relaxed': 57, 'core_strict': 21}, sleeves={'early_scout': 81, 'future_winner': 57, 'core_compounder': 21}
[18:34:19] Portfolio candidate set: sleeve-aware gate kept=119, removed=481, gate_modes={'early_relaxed': 63, 'future_relaxed': 38, 'core_strict': 18}, sleeves={'early_scout': 63, 'future_winner': 38, 'core_compounder': 18}
[18:34:20] Portfolio candidate set: sleeve-aware gate kept=122, removed=476, gate_modes={'early_relaxed': 70, 'future_relaxed': 34, 'core_strict': 18}, sleeves={'early_scout': 70, 'future_winner': 34, 'core_compounder': 18}
[18:34:21] Portfolio candidate set: sleeve-aware gate kept=166, removed=436, gate_modes={'early_relaxed': 112, 'future_relaxed': 35, 'core_strict': 19}, sleeves={'early_scout': 112, 'future_winner': 35, 'core_compounder': 19}
[18:34:22] Phase 5: running monthly portfolio backtest ...
[18:34:23] Portfolio candidate set: sleeve-aware gate kept=237, removed=240, gate_modes={'early_relaxed': 166, 'future_relaxed': 53, 'core_strict': 18}, sleeves={'early_scout': 166, 'future_winner': 53, 'core_compounder': 18}
[18:34:24] Portfolio candidate set: sleeve-aware gate kept=239, removed=246, gate_modes={'early_relaxed': 177, 'future_relaxed': 46, 'core_strict': 16}, sleeves={'early_scout': 177, 'future_winner': 46, 'core_compounder': 16}
[18:34:24] Portfolio candidate set: sleeve-aware gate kept=138, removed=340, gate_modes={'early_relaxed': 76, 'future_relaxed': 47, 'core_strict': 15}, sleeves={'early_scout': 76, 'future_winner': 47, 'core_compounder': 15}
[18:34:25] Portfolio candidate set: sleeve-aware gate kept=215, removed=272, gate_modes={'early_relaxed': 141, 'future_relaxed': 57, 'core_strict': 17}, sleeves={'early_scout': 141, 'future_winner': 57, 'core_compounder': 17}
[18:34:26] Portfolio candidate set: sleeve-aware gate kept=218, removed=274, gate_modes={'early_relaxed': 146, 'future_relaxed': 56, 'core_strict': 16}, sleeves={'early_scout': 146, 'future_winner': 56, 'core_compounder': 16}
[18:34:27] Portfolio candidate set: sleeve-aware gate kept=168, removed=317, gate_modes={'early_relaxed': 97, 'future_relaxed': 52, 'core_strict': 19}, sleeves={'early_scout': 97, 'future_winner': 52, 'core_compounder': 19}
[18:34:28] Portfolio candidate set: sleeve-aware gate kept=161, removed=331, gate_modes={'early_relaxed': 97, 'future_relaxed': 46, 'core_strict': 18}, sleeves={'early_scout': 97, 'future_winner': 46, 'core_compounder': 18}
[18:34:29] Portfolio candidate set: sleeve-aware gate kept=170, removed=325, gate_modes={'early_relaxed': 127, 'future_relaxed': 28, 'core_strict': 15}, sleeves={'early_scout': 127, 'future_winner': 28, 'core_compounder': 15}
[18:34:30] Portfolio candidate set: sleeve-aware gate kept=164, removed=323, gate_modes={'early_relaxed': 130, 'future_relaxed': 19, 'core_strict': 15}, sleeves={'early_scout': 130, 'future_winner': 19, 'core_compounder': 15}
[18:34:31] Portfolio candidate set: sleeve-aware gate kept=162, removed=324, gate_modes={'early_relaxed': 126, 'future_relaxed': 23, 'core_strict': 13}, sleeves={'early_scout': 126, 'future_winner': 23, 'core_compounder': 13}
[18:34:32] Portfolio candidate set: sleeve-aware gate kept=163, removed=331, gate_modes={'early_relaxed': 125, 'future_relaxed': 22, 'core_strict': 16}, sleeves={'early_scout': 125, 'future_winner': 22, 'core_compounder': 16}
[18:34:33] Portfolio candidate set: sleeve-aware gate kept=182, removed=335, gate_modes={'early_relaxed': 129, 'future_relaxed': 32, 'core_strict': 21}, sleeves={'early_scout': 129, 'future_winner': 32, 'core_compounder': 21}
[18:34:34] Portfolio candidate set: sleeve-aware gate kept=69, removed=380, gate_modes={'early_relaxed': 34, 'core_strict': 20, 'future_relaxed': 15}, sleeves={'early_scout': 34, 'core_compounder': 20, 'future_winner': 15}
[18:34:35] Portfolio candidate set: sleeve-aware gate kept=110, removed=349, gate_modes={'early_relaxed': 62, 'future_relaxed': 29, 'core_strict': 19}, sleeves={'early_scout': 62, 'future_winner': 29, 'core_compounder': 19}
[18:34:36] Portfolio candidate set: sleeve-aware gate kept=157, removed=285, gate_modes={'early_relaxed': 92, 'future_relaxed': 47, 'core_strict': 18}, sleeves={'early_scout': 92, 'future_winner': 47, 'core_compounder': 18}
[18:34:37] Portfolio candidate set: sleeve-aware gate kept=138, removed=308, gate_modes={'early_relaxed': 81, 'future_relaxed': 38, 'core_strict': 19}, sleeves={'early_scout': 81, 'future_winner': 38, 'core_compounder': 19}
[18:34:38] Portfolio candidate set: sleeve-aware gate kept=187, removed=253, gate_modes={'early_relaxed': 125, 'future_relaxed': 44, 'core_strict': 18}, sleeves={'early_scout': 125, 'future_winner': 44, 'core_compounder': 18}
[18:34:39] Portfolio candidate set: sleeve-aware gate kept=153, removed=273, gate_modes={'early_relaxed': 96, 'future_relaxed': 41, 'core_strict': 16}, sleeves={'early_scout': 96, 'future_winner': 41, 'core_compounder': 16}
[18:34:40] Portfolio candidate set: sleeve-aware gate kept=117, removed=327, gate_modes={'early_relaxed': 61, 'future_relaxed': 39, 'core_strict': 17}, sleeves={'early_scout': 61, 'future_winner': 39, 'core_compounder': 17}
[18:34:41] Portfolio candidate set: sleeve-aware gate kept=125, removed=329, gate_modes={'early_relaxed': 73, 'future_relaxed': 38, 'core_strict': 14}, sleeves={'early_scout': 73, 'future_winner': 38, 'core_compounder': 14}
[18:34:42] Portfolio candidate set: sleeve-aware gate kept=178, removed=282, gate_modes={'early_relaxed': 134, 'future_relaxed': 32, 'core_strict': 12}, sleeves={'early_scout': 134, 'future_winner': 32, 'core_compounder': 12}
[18:34:43] Portfolio candidate set: sleeve-aware gate kept=172, removed=284, gate_modes={'early_relaxed': 109, 'future_relaxed': 50, 'core_strict': 13}, sleeves={'early_scout': 109, 'future_winner': 50, 'core_compounder': 13}
[18:34:44] Portfolio candidate set: sleeve-aware gate kept=142, removed=324, gate_modes={'early_relaxed': 92, 'future_relaxed': 36, 'core_strict': 14}, sleeves={'early_scout': 92, 'future_winner': 36, 'core_compounder': 14}
[18:34:45] Portfolio candidate set: sleeve-aware gate kept=240, removed=243, gate_modes={'early_relaxed': 144, 'future_relaxed': 76, 'core_strict': 20}, sleeves={'early_scout': 144, 'future_winner': 76, 'core_compounder': 20}
[18:34:46] Portfolio candidate set: sleeve-aware gate kept=205, removed=297, gate_modes={'early_relaxed': 95, 'future_relaxed': 87, 'core_strict': 23}, sleeves={'early_scout': 95, 'future_winner': 87, 'core_compounder': 23}
[18:34:47] Portfolio candidate set: sleeve-aware gate kept=296, removed=225, gate_modes={'early_relaxed': 182, 'future_relaxed': 92, 'core_strict': 22}, sleeves={'early_scout': 182, 'future_winner': 92, 'core_compounder': 22}
[18:34:48] Portfolio candidate set: sleeve-aware gate kept=191, removed=330, gate_modes={'future_relaxed': 87, 'early_relaxed': 83, 'core_strict': 21}, sleeves={'future_winner': 87, 'early_scout': 83, 'core_compounder': 21}
[18:34:49] Portfolio candidate set: sleeve-aware gate kept=170, removed=363, gate_modes={'future_relaxed': 83, 'early_relaxed': 65, 'core_strict': 22}, sleeves={'future_winner': 83, 'early_scout': 65, 'core_compounder': 22}
[18:34:50] Portfolio candidate set: sleeve-aware gate kept=207, removed=322, gate_modes={'early_relaxed': 100, 'future_relaxed': 85, 'core_strict': 22}, sleeves={'early_scout': 100, 'future_winner': 85, 'core_compounder': 22}
[18:34:51] Portfolio candidate set: sleeve-aware gate kept=227, removed=291, gate_modes={'future_relaxed': 103, 'early_relaxed': 103, 'core_strict': 21}, sleeves={'future_winner': 103, 'early_scout': 103, 'core_compounder': 21}
[18:34:52] Portfolio candidate set: sleeve-aware gate kept=182, removed=354, gate_modes={'future_relaxed': 90, 'early_relaxed': 71, 'core_strict': 21}, sleeves={'future_winner': 90, 'early_scout': 71, 'core_compounder': 21}
[18:34:52] Portfolio candidate set: sleeve-aware gate kept=223, removed=323, gate_modes={'early_relaxed': 133, 'future_relaxed': 75, 'core_strict': 15}, sleeves={'early_scout': 133, 'future_winner': 75, 'core_compounder': 15}
[18:34:53] Portfolio candidate set: sleeve-aware gate kept=137, removed=407, gate_modes={'early_relaxed': 88, 'future_relaxed': 37, 'core_strict': 12}, sleeves={'early_scout': 88, 'future_winner': 37, 'core_compounder': 12}
[18:34:55] Portfolio candidate set: sleeve-aware gate kept=155, removed=401, gate_modes={'early_relaxed': 100, 'future_relaxed': 43, 'core_strict': 12}, sleeves={'early_scout': 100, 'future_winner': 43, 'core_compounder': 12}
[18:34:55] Portfolio candidate set: sleeve-aware gate kept=73, removed=481, gate_modes={'early_relaxed': 31, 'future_relaxed': 28, 'core_strict': 14}, sleeves={'early_scout': 31, 'future_winner': 28, 'core_compounder': 14}
[18:34:56] Portfolio candidate set: sleeve-aware gate kept=174, removed=389, gate_modes={'early_relaxed': 76, 'future_relaxed': 75, 'core_strict': 23}, sleeves={'early_scout': 76, 'future_winner': 75, 'core_compounder': 23}
[18:34:57] Portfolio candidate set: sleeve-aware gate kept=226, removed=323, gate_modes={'future_relaxed': 109, 'early_relaxed': 93, 'core_strict': 24}, sleeves={'future_winner': 109, 'early_scout': 93, 'core_compounder': 24}
[18:34:58] Portfolio candidate set: sleeve-aware gate kept=161, removed=395, gate_modes={'early_relaxed': 82, 'future_relaxed': 58, 'core_strict': 21}, sleeves={'early_scout': 82, 'future_winner': 58, 'core_compounder': 21}
[18:34:59] Portfolio candidate set: sleeve-aware gate kept=118, removed=414, gate_modes={'early_relaxed': 52, 'future_relaxed': 46, 'core_strict': 20}, sleeves={'early_scout': 52, 'future_winner': 46, 'core_compounder': 20}
[18:35:00] Portfolio candidate set: sleeve-aware gate kept=83, removed=441, gate_modes={'early_relaxed': 33, 'future_relaxed': 29, 'core_strict': 21}, sleeves={'early_scout': 33, 'future_winner': 29, 'core_compounder': 21}
[18:35:02] Portfolio candidate set: sleeve-aware gate kept=145, removed=394, gate_modes={'early_relaxed': 86, 'future_relaxed': 38, 'core_strict': 21}, sleeves={'early_scout': 86, 'future_winner': 38, 'core_compounder': 21}
[18:35:03] Portfolio candidate set: sleeve-aware gate kept=128, removed=402, gate_modes={'early_relaxed': 75, 'future_relaxed': 33, 'core_strict': 20}, sleeves={'early_scout': 75, 'future_winner': 33, 'core_compounder': 20}
[18:35:04] Portfolio candidate set: sleeve-aware gate kept=94, removed=439, gate_modes={'early_relaxed': 48, 'future_relaxed': 26, 'core_strict': 20}, sleeves={'early_scout': 48, 'future_winner': 26, 'core_compounder': 20}
[18:35:05] Portfolio candidate set: sleeve-aware gate kept=110, removed=430, gate_modes={'early_relaxed': 71, 'future_relaxed': 23, 'core_strict': 16}, sleeves={'early_scout': 71, 'future_winner': 23, 'core_compounder': 16}
[18:35:06] Portfolio candidate set: sleeve-aware gate kept=145, removed=391, gate_modes={'early_relaxed': 122, 'future_relaxed': 12, 'core_strict': 11}, sleeves={'early_scout': 122, 'future_winner': 12, 'core_compounder': 11}
[18:35:07] Portfolio candidate set: sleeve-aware gate kept=89, removed=440, gate_modes={'early_relaxed': 70, 'core_strict': 11, 'future_relaxed': 8}, sleeves={'early_scout': 70, 'core_compounder': 11, 'future_winner': 8}
[18:35:07] Portfolio candidate set: sleeve-aware gate kept=177, removed=360, gate_modes={'early_relaxed': 152, 'core_strict': 13, 'future_relaxed': 12}, sleeves={'early_scout': 152, 'core_compounder': 13, 'future_winner': 12}
[18:35:08] Portfolio candidate set: sleeve-aware gate kept=166, removed=390, gate_modes={'early_relaxed': 123, 'core_strict': 22, 'future_relaxed': 21}, sleeves={'early_scout': 123, 'core_compounder': 22, 'future_winner': 21}
[18:35:10] Portfolio candidate set: sleeve-aware gate kept=116, removed=435, gate_modes={'early_relaxed': 76, 'core_strict': 23, 'future_relaxed': 17}, sleeves={'early_scout': 76, 'core_compounder': 23, 'future_winner': 17}
[18:35:11] Portfolio candidate set: sleeve-aware gate kept=134, removed=408, gate_modes={'early_relaxed': 96, 'core_strict': 20, 'future_relaxed': 18}, sleeves={'early_scout': 96, 'core_compounder': 20, 'future_winner': 18}
[18:35:11] Portfolio candidate set: sleeve-aware gate kept=127, removed=407, gate_modes={'early_relaxed': 99, 'core_strict': 19, 'future_relaxed': 9}, sleeves={'early_scout': 99, 'core_compounder': 19, 'future_winner': 9}
[18:35:12] Portfolio candidate set: sleeve-aware gate kept=196, removed=345, gate_modes={'early_relaxed': 157, 'core_strict': 21, 'future_relaxed': 18}, sleeves={'early_scout': 157, 'core_compounder': 21, 'future_winner': 18}
[18:35:13] Portfolio candidate set: sleeve-aware gate kept=250, removed=297, gate_modes={'early_relaxed': 208, 'core_strict': 22, 'future_relaxed': 20}, sleeves={'early_scout': 208, 'core_compounder': 22, 'future_winner': 20}
[18:35:14] Portfolio candidate set: sleeve-aware gate kept=128, removed=406, gate_modes={'early_relaxed': 100, 'core_strict': 20, 'future_relaxed': 8}, sleeves={'early_scout': 100, 'core_compounder': 20, 'future_winner': 8}
[18:35:15] Portfolio candidate set: sleeve-aware gate kept=97, removed=442, gate_modes={'early_relaxed': 64, 'core_strict': 21, 'future_relaxed': 12}, sleeves={'early_scout': 64, 'core_compounder': 21, 'future_winner': 12}
[18:35:16] Portfolio candidate set: sleeve-aware gate kept=59, removed=485, gate_modes={'early_relaxed': 40, 'core_strict': 14, 'future_relaxed': 5}, sleeves={'early_scout': 40, 'core_compounder': 14, 'future_winner': 5}
[18:35:17] Portfolio candidate set: sleeve-aware gate kept=131, removed=406, gate_modes={'early_relaxed': 110, 'core_strict': 13, 'future_relaxed': 8}, sleeves={'early_scout': 110, 'core_compounder': 13, 'future_winner': 8}
[18:35:18] Portfolio candidate set: sleeve-aware gate kept=194, removed=357, gate_modes={'early_relaxed': 172, 'core_strict': 13, 'future_relaxed': 9}, sleeves={'early_scout': 172, 'core_compounder': 13, 'future_winner': 9}
[18:35:20] Portfolio candidate set: sleeve-aware gate kept=167, removed=386, gate_modes={'early_relaxed': 138, 'core_strict': 16, 'future_relaxed': 13}, sleeves={'early_scout': 138, 'core_compounder': 16, 'future_winner': 13}
[18:35:21] Portfolio candidate set: sleeve-aware gate kept=245, removed=324, gate_modes={'early_relaxed': 183, 'future_relaxed': 37, 'core_strict': 25}, sleeves={'early_scout': 183, 'future_winner': 37, 'core_compounder': 25}
[18:35:22] Portfolio candidate set: sleeve-aware gate kept=242, removed=318, gate_modes={'early_relaxed': 180, 'future_relaxed': 36, 'core_strict': 26}, sleeves={'early_scout': 180, 'future_winner': 36, 'core_compounder': 26}
[18:35:23] Portfolio candidate set: sleeve-aware gate kept=157, removed=420, gate_modes={'early_relaxed': 91, 'future_relaxed': 42, 'core_strict': 24}, sleeves={'early_scout': 91, 'future_winner': 42, 'core_compounder': 24}
[18:35:24] Portfolio candidate set: sleeve-aware gate kept=174, removed=401, gate_modes={'early_relaxed': 102, 'future_relaxed': 49, 'core_strict': 23}, sleeves={'early_scout': 102, 'future_winner': 49, 'core_compounder': 23}
[18:35:25] Portfolio candidate set: sleeve-aware gate kept=162, removed=418, gate_modes={'early_relaxed': 84, 'future_relaxed': 54, 'core_strict': 24}, sleeves={'early_scout': 84, 'future_winner': 54, 'core_compounder': 24}
[18:35:26] Portfolio candidate set: sleeve-aware gate kept=253, removed=347, gate_modes={'early_relaxed': 178, 'future_relaxed': 52, 'core_strict': 23}, sleeves={'early_scout': 178, 'future_winner': 52, 'core_compounder': 23}
[18:35:27] Portfolio candidate set: sleeve-aware gate kept=217, removed=363, gate_modes={'early_relaxed': 143, 'future_relaxed': 53, 'core_strict': 21}, sleeves={'early_scout': 143, 'future_winner': 53, 'core_compounder': 21}
[18:35:28] Portfolio candidate set: sleeve-aware gate kept=251, removed=336, gate_modes={'early_relaxed': 148, 'future_relaxed': 82, 'core_strict': 21}, sleeves={'early_scout': 148, 'future_winner': 82, 'core_compounder': 21}
[18:35:29] Portfolio candidate set: sleeve-aware gate kept=180, removed=423, gate_modes={'early_relaxed': 129, 'future_relaxed': 34, 'core_strict': 17}, sleeves={'early_scout': 129, 'future_winner': 34, 'core_compounder': 17}
[18:35:30] Portfolio candidate set: sleeve-aware gate kept=208, removed=404, gate_modes={'early_relaxed': 152, 'future_relaxed': 40, 'core_strict': 16}, sleeves={'early_scout': 152, 'future_winner': 40, 'core_compounder': 16}
[18:35:31] Portfolio candidate set: sleeve-aware gate kept=90, removed=518, gate_modes={'future_relaxed': 38, 'early_relaxed': 36, 'core_strict': 16}, sleeves={'future_winner': 38, 'early_scout': 36, 'core_compounder': 16}
[18:35:32] Portfolio candidate set: sleeve-aware gate kept=148, removed=463, gate_modes={'early_relaxed': 99, 'future_relaxed': 32, 'core_strict': 17}, sleeves={'early_scout': 99, 'future_winner': 32, 'core_compounder': 17}
[18:35:33] Portfolio candidate set: sleeve-aware gate kept=193, removed=415, gate_modes={'early_relaxed': 106, 'future_relaxed': 62, 'core_strict': 25}, sleeves={'early_scout': 106, 'future_winner': 62, 'core_compounder': 25}
[18:35:34] Portfolio candidate set: sleeve-aware gate kept=156, removed=454, gate_modes={'early_relaxed': 73, 'future_relaxed': 56, 'core_strict': 27}, sleeves={'early_scout': 73, 'future_winner': 56, 'core_compounder': 27}
[18:35:36] Portfolio candidate set: sleeve-aware gate kept=142, removed=460, gate_modes={'future_relaxed': 59, 'early_relaxed': 58, 'core_strict': 25}, sleeves={'future_winner': 59, 'early_scout': 58, 'core_compounder': 25}
[18:35:37] Portfolio candidate set: sleeve-aware gate kept=186, removed=404, gate_modes={'early_relaxed': 99, 'future_relaxed': 65, 'core_strict': 22}, sleeves={'early_scout': 99, 'future_winner': 65, 'core_compounder': 22}
[18:35:38] Portfolio candidate set: sleeve-aware gate kept=223, removed=378, gate_modes={'early_relaxed': 138, 'future_relaxed': 62, 'core_strict': 23}, sleeves={'early_scout': 138, 'future_winner': 62, 'core_compounder': 23}
[18:35:39] Portfolio candidate set: sleeve-aware gate kept=217, removed=395, gate_modes={'early_relaxed': 141, 'future_relaxed': 53, 'core_strict': 23}, sleeves={'early_scout': 141, 'future_winner': 53, 'core_compounder': 23}
[18:35:39] Portfolio candidate set: sleeve-aware gate kept=223, removed=373, gate_modes={'early_relaxed': 139, 'future_relaxed': 60, 'core_strict': 24}, sleeves={'early_scout': 139, 'future_winner': 60, 'core_compounder': 24}
[18:35:40] Portfolio candidate set: sleeve-aware gate kept=200, removed=396, gate_modes={'early_relaxed': 109, 'future_relaxed': 68, 'core_strict': 23}, sleeves={'early_scout': 109, 'future_winner': 68, 'core_compounder': 23}
[18:35:41] Portfolio candidate set: sleeve-aware gate kept=159, removed=453, gate_modes={'early_relaxed': 81, 'future_relaxed': 57, 'core_strict': 21}, sleeves={'early_scout': 81, 'future_winner': 57, 'core_compounder': 21}
[18:35:42] Portfolio candidate set: sleeve-aware gate kept=119, removed=481, gate_modes={'early_relaxed': 63, 'future_relaxed': 38, 'core_strict': 18}, sleeves={'early_scout': 63, 'future_winner': 38, 'core_compounder': 18}
[18:35:43] Portfolio candidate set: sleeve-aware gate kept=122, removed=476, gate_modes={'early_relaxed': 70, 'future_relaxed': 34, 'core_strict': 18}, sleeves={'early_scout': 70, 'future_winner': 34, 'core_compounder': 18}
[18:35:44] Portfolio candidate set: sleeve-aware gate kept=166, removed=436, gate_modes={'early_relaxed': 112, 'future_relaxed': 35, 'core_strict': 19}, sleeves={'early_scout': 112, 'future_winner': 35, 'core_compounder': 19}
[18:35:45] Phase 5: running monthly portfolio backtest ...
[18:35:46] Portfolio candidate set: sleeve-aware gate kept=237, removed=240, gate_modes={'early_relaxed': 166, 'future_relaxed': 53, 'core_strict': 18}, sleeves={'early_scout': 166, 'future_winner': 53, 'core_compounder': 18}
[18:35:47] Portfolio candidate set: sleeve-aware gate kept=239, removed=246, gate_modes={'early_relaxed': 177, 'future_relaxed': 46, 'core_strict': 16}, sleeves={'early_scout': 177, 'future_winner': 46, 'core_compounder': 16}
[18:35:47] Portfolio candidate set: sleeve-aware gate kept=138, removed=340, gate_modes={'early_relaxed': 76, 'future_relaxed': 47, 'core_strict': 15}, sleeves={'early_scout': 76, 'future_winner': 47, 'core_compounder': 15}
[18:35:48] Portfolio candidate set: sleeve-aware gate kept=215, removed=272, gate_modes={'early_relaxed': 141, 'future_relaxed': 57, 'core_strict': 17}, sleeves={'early_scout': 141, 'future_winner': 57, 'core_compounder': 17}
[18:35:49] Portfolio candidate set: sleeve-aware gate kept=218, removed=274, gate_modes={'early_relaxed': 146, 'future_relaxed': 56, 'core_strict': 16}, sleeves={'early_scout': 146, 'future_winner': 56, 'core_compounder': 16}
[18:35:50] Portfolio candidate set: sleeve-aware gate kept=168, removed=317, gate_modes={'early_relaxed': 97, 'future_relaxed': 52, 'core_strict': 19}, sleeves={'early_scout': 97, 'future_winner': 52, 'core_compounder': 19}
[18:35:51] Portfolio candidate set: sleeve-aware gate kept=161, removed=331, gate_modes={'early_relaxed': 97, 'future_relaxed': 46, 'core_strict': 18}, sleeves={'early_scout': 97, 'future_winner': 46, 'core_compounder': 18}
[18:35:52] Portfolio candidate set: sleeve-aware gate kept=170, removed=325, gate_modes={'early_relaxed': 127, 'future_relaxed': 28, 'core_strict': 15}, sleeves={'early_scout': 127, 'future_winner': 28, 'core_compounder': 15}
[18:35:53] Portfolio candidate set: sleeve-aware gate kept=164, removed=323, gate_modes={'early_relaxed': 130, 'future_relaxed': 19, 'core_strict': 15}, sleeves={'early_scout': 130, 'future_winner': 19, 'core_compounder': 15}
[18:35:54] Portfolio candidate set: sleeve-aware gate kept=162, removed=324, gate_modes={'early_relaxed': 126, 'future_relaxed': 23, 'core_strict': 13}, sleeves={'early_scout': 126, 'future_winner': 23, 'core_compounder': 13}
[18:35:55] Portfolio candidate set: sleeve-aware gate kept=163, removed=331, gate_modes={'early_relaxed': 125, 'future_relaxed': 22, 'core_strict': 16}, sleeves={'early_scout': 125, 'future_winner': 22, 'core_compounder': 16}
[18:35:56] Portfolio candidate set: sleeve-aware gate kept=182, removed=335, gate_modes={'early_relaxed': 129, 'future_relaxed': 32, 'core_strict': 21}, sleeves={'early_scout': 129, 'future_winner': 32, 'core_compounder': 21}
[18:35:56] Portfolio candidate set: sleeve-aware gate kept=69, removed=380, gate_modes={'early_relaxed': 34, 'core_strict': 20, 'future_relaxed': 15}, sleeves={'early_scout': 34, 'core_compounder': 20, 'future_winner': 15}
[18:35:57] Portfolio candidate set: sleeve-aware gate kept=110, removed=349, gate_modes={'early_relaxed': 62, 'future_relaxed': 29, 'core_strict': 19}, sleeves={'early_scout': 62, 'future_winner': 29, 'core_compounder': 19}
[18:35:58] Portfolio candidate set: sleeve-aware gate kept=157, removed=285, gate_modes={'early_relaxed': 92, 'future_relaxed': 47, 'core_strict': 18}, sleeves={'early_scout': 92, 'future_winner': 47, 'core_compounder': 18}
[18:35:59] Portfolio candidate set: sleeve-aware gate kept=138, removed=308, gate_modes={'early_relaxed': 81, 'future_relaxed': 38, 'core_strict': 19}, sleeves={'early_scout': 81, 'future_winner': 38, 'core_compounder': 19}
[18:36:00] Portfolio candidate set: sleeve-aware gate kept=187, removed=253, gate_modes={'early_relaxed': 125, 'future_relaxed': 44, 'core_strict': 18}, sleeves={'early_scout': 125, 'future_winner': 44, 'core_compounder': 18}
[18:36:01] Portfolio candidate set: sleeve-aware gate kept=153, removed=273, gate_modes={'early_relaxed': 96, 'future_relaxed': 41, 'core_strict': 16}, sleeves={'early_scout': 96, 'future_winner': 41, 'core_compounder': 16}
[18:36:01] Portfolio candidate set: sleeve-aware gate kept=117, removed=327, gate_modes={'early_relaxed': 61, 'future_relaxed': 39, 'core_strict': 17}, sleeves={'early_scout': 61, 'future_winner': 39, 'core_compounder': 17}
[18:36:02] Portfolio candidate set: sleeve-aware gate kept=125, removed=329, gate_modes={'early_relaxed': 73, 'future_relaxed': 38, 'core_strict': 14}, sleeves={'early_scout': 73, 'future_winner': 38, 'core_compounder': 14}
[18:36:03] Portfolio candidate set: sleeve-aware gate kept=178, removed=282, gate_modes={'early_relaxed': 134, 'future_relaxed': 32, 'core_strict': 12}, sleeves={'early_scout': 134, 'future_winner': 32, 'core_compounder': 12}
[18:36:04] Portfolio candidate set: sleeve-aware gate kept=172, removed=284, gate_modes={'early_relaxed': 109, 'future_relaxed': 50, 'core_strict': 13}, sleeves={'early_scout': 109, 'future_winner': 50, 'core_compounder': 13}
[18:36:05] Portfolio candidate set: sleeve-aware gate kept=142, removed=324, gate_modes={'early_relaxed': 92, 'future_relaxed': 36, 'core_strict': 14}, sleeves={'early_scout': 92, 'future_winner': 36, 'core_compounder': 14}
[18:36:06] Portfolio candidate set: sleeve-aware gate kept=240, removed=243, gate_modes={'early_relaxed': 144, 'future_relaxed': 76, 'core_strict': 20}, sleeves={'early_scout': 144, 'future_winner': 76, 'core_compounder': 20}
[18:36:07] Portfolio candidate set: sleeve-aware gate kept=205, removed=297, gate_modes={'early_relaxed': 95, 'future_relaxed': 87, 'core_strict': 23}, sleeves={'early_scout': 95, 'future_winner': 87, 'core_compounder': 23}
[18:36:08] Portfolio candidate set: sleeve-aware gate kept=296, removed=225, gate_modes={'early_relaxed': 182, 'future_relaxed': 92, 'core_strict': 22}, sleeves={'early_scout': 182, 'future_winner': 92, 'core_compounder': 22}
[18:36:09] Portfolio candidate set: sleeve-aware gate kept=191, removed=330, gate_modes={'future_relaxed': 87, 'early_relaxed': 83, 'core_strict': 21}, sleeves={'future_winner': 87, 'early_scout': 83, 'core_compounder': 21}
[18:36:09] Portfolio candidate set: sleeve-aware gate kept=170, removed=363, gate_modes={'future_relaxed': 83, 'early_relaxed': 65, 'core_strict': 22}, sleeves={'future_winner': 83, 'early_scout': 65, 'core_compounder': 22}
[18:36:10] Portfolio candidate set: sleeve-aware gate kept=207, removed=322, gate_modes={'early_relaxed': 100, 'future_relaxed': 85, 'core_strict': 22}, sleeves={'early_scout': 100, 'future_winner': 85, 'core_compounder': 22}
[18:36:11] Portfolio candidate set: sleeve-aware gate kept=227, removed=291, gate_modes={'future_relaxed': 103, 'early_relaxed': 103, 'core_strict': 21}, sleeves={'future_winner': 103, 'early_scout': 103, 'core_compounder': 21}
[18:36:12] Portfolio candidate set: sleeve-aware gate kept=182, removed=354, gate_modes={'future_relaxed': 90, 'early_relaxed': 71, 'core_strict': 21}, sleeves={'future_winner': 90, 'early_scout': 71, 'core_compounder': 21}
[18:36:13] Portfolio candidate set: sleeve-aware gate kept=223, removed=323, gate_modes={'early_relaxed': 133, 'future_relaxed': 75, 'core_strict': 15}, sleeves={'early_scout': 133, 'future_winner': 75, 'core_compounder': 15}
[18:36:14] Portfolio candidate set: sleeve-aware gate kept=137, removed=407, gate_modes={'early_relaxed': 88, 'future_relaxed': 37, 'core_strict': 12}, sleeves={'early_scout': 88, 'future_winner': 37, 'core_compounder': 12}
[18:36:15] Portfolio candidate set: sleeve-aware gate kept=155, removed=401, gate_modes={'early_relaxed': 100, 'future_relaxed': 43, 'core_strict': 12}, sleeves={'early_scout': 100, 'future_winner': 43, 'core_compounder': 12}
[18:36:15] Portfolio candidate set: sleeve-aware gate kept=73, removed=481, gate_modes={'early_relaxed': 31, 'future_relaxed': 28, 'core_strict': 14}, sleeves={'early_scout': 31, 'future_winner': 28, 'core_compounder': 14}
[18:36:16] Portfolio candidate set: sleeve-aware gate kept=174, removed=389, gate_modes={'early_relaxed': 76, 'future_relaxed': 75, 'core_strict': 23}, sleeves={'early_scout': 76, 'future_winner': 75, 'core_compounder': 23}
[18:36:17] Portfolio candidate set: sleeve-aware gate kept=226, removed=323, gate_modes={'future_relaxed': 109, 'early_relaxed': 93, 'core_strict': 24}, sleeves={'future_winner': 109, 'early_scout': 93, 'core_compounder': 24}
[18:36:18] Portfolio candidate set: sleeve-aware gate kept=161, removed=395, gate_modes={'early_relaxed': 82, 'future_relaxed': 58, 'core_strict': 21}, sleeves={'early_scout': 82, 'future_winner': 58, 'core_compounder': 21}
[18:36:19] Portfolio candidate set: sleeve-aware gate kept=118, removed=414, gate_modes={'early_relaxed': 52, 'future_relaxed': 46, 'core_strict': 20}, sleeves={'early_scout': 52, 'future_winner': 46, 'core_compounder': 20}
[18:36:21] Portfolio candidate set: sleeve-aware gate kept=83, removed=441, gate_modes={'early_relaxed': 33, 'future_relaxed': 29, 'core_strict': 21}, sleeves={'early_scout': 33, 'future_winner': 29, 'core_compounder': 21}
[18:36:22] Portfolio candidate set: sleeve-aware gate kept=145, removed=394, gate_modes={'early_relaxed': 86, 'future_relaxed': 38, 'core_strict': 21}, sleeves={'early_scout': 86, 'future_winner': 38, 'core_compounder': 21}
[18:36:23] Portfolio candidate set: sleeve-aware gate kept=128, removed=402, gate_modes={'early_relaxed': 75, 'future_relaxed': 33, 'core_strict': 20}, sleeves={'early_scout': 75, 'future_winner': 33, 'core_compounder': 20}
[18:36:24] Portfolio candidate set: sleeve-aware gate kept=94, removed=439, gate_modes={'early_relaxed': 48, 'future_relaxed': 26, 'core_strict': 20}, sleeves={'early_scout': 48, 'future_winner': 26, 'core_compounder': 20}
[18:36:25] Portfolio candidate set: sleeve-aware gate kept=110, removed=430, gate_modes={'early_relaxed': 71, 'future_relaxed': 23, 'core_strict': 16}, sleeves={'early_scout': 71, 'future_winner': 23, 'core_compounder': 16}
[18:36:26] Portfolio candidate set: sleeve-aware gate kept=145, removed=391, gate_modes={'early_relaxed': 122, 'future_relaxed': 12, 'core_strict': 11}, sleeves={'early_scout': 122, 'future_winner': 12, 'core_compounder': 11}
[18:36:27] Portfolio candidate set: sleeve-aware gate kept=89, removed=440, gate_modes={'early_relaxed': 70, 'core_strict': 11, 'future_relaxed': 8}, sleeves={'early_scout': 70, 'core_compounder': 11, 'future_winner': 8}
[18:36:28] Portfolio candidate set: sleeve-aware gate kept=177, removed=360, gate_modes={'early_relaxed': 152, 'core_strict': 13, 'future_relaxed': 12}, sleeves={'early_scout': 152, 'core_compounder': 13, 'future_winner': 12}
[18:36:28] Portfolio candidate set: sleeve-aware gate kept=166, removed=390, gate_modes={'early_relaxed': 123, 'core_strict': 22, 'future_relaxed': 21}, sleeves={'early_scout': 123, 'core_compounder': 22, 'future_winner': 21}
[18:36:29] Portfolio candidate set: sleeve-aware gate kept=116, removed=435, gate_modes={'early_relaxed': 76, 'core_strict': 23, 'future_relaxed': 17}, sleeves={'early_scout': 76, 'core_compounder': 23, 'future_winner': 17}
[18:36:30] Portfolio candidate set: sleeve-aware gate kept=134, removed=408, gate_modes={'early_relaxed': 96, 'core_strict': 20, 'future_relaxed': 18}, sleeves={'early_scout': 96, 'core_compounder': 20, 'future_winner': 18}
[18:36:31] Portfolio candidate set: sleeve-aware gate kept=127, removed=407, gate_modes={'early_relaxed': 99, 'core_strict': 19, 'future_relaxed': 9}, sleeves={'early_scout': 99, 'core_compounder': 19, 'future_winner': 9}
[18:36:32] Portfolio candidate set: sleeve-aware gate kept=196, removed=345, gate_modes={'early_relaxed': 157, 'core_strict': 21, 'future_relaxed': 18}, sleeves={'early_scout': 157, 'core_compounder': 21, 'future_winner': 18}
[18:36:33] Portfolio candidate set: sleeve-aware gate kept=250, removed=297, gate_modes={'early_relaxed': 208, 'core_strict': 22, 'future_relaxed': 20}, sleeves={'early_scout': 208, 'core_compounder': 22, 'future_winner': 20}
[18:36:34] Portfolio candidate set: sleeve-aware gate kept=128, removed=406, gate_modes={'early_relaxed': 100, 'core_strict': 20, 'future_relaxed': 8}, sleeves={'early_scout': 100, 'core_compounder': 20, 'future_winner': 8}
[18:36:35] Portfolio candidate set: sleeve-aware gate kept=97, removed=442, gate_modes={'early_relaxed': 64, 'core_strict': 21, 'future_relaxed': 12}, sleeves={'early_scout': 64, 'core_compounder': 21, 'future_winner': 12}
[18:36:35] Portfolio candidate set: sleeve-aware gate kept=59, removed=485, gate_modes={'early_relaxed': 40, 'core_strict': 14, 'future_relaxed': 5}, sleeves={'early_scout': 40, 'core_compounder': 14, 'future_winner': 5}
[18:36:37] Portfolio candidate set: sleeve-aware gate kept=131, removed=406, gate_modes={'early_relaxed': 110, 'core_strict': 13, 'future_relaxed': 8}, sleeves={'early_scout': 110, 'core_compounder': 13, 'future_winner': 8}
[18:36:38] Portfolio candidate set: sleeve-aware gate kept=194, removed=357, gate_modes={'early_relaxed': 172, 'core_strict': 13, 'future_relaxed': 9}, sleeves={'early_scout': 172, 'core_compounder': 13, 'future_winner': 9}
[18:36:39] Portfolio candidate set: sleeve-aware gate kept=167, removed=386, gate_modes={'early_relaxed': 138, 'core_strict': 16, 'future_relaxed': 13}, sleeves={'early_scout': 138, 'core_compounder': 16, 'future_winner': 13}
[18:36:40] Portfolio candidate set: sleeve-aware gate kept=245, removed=324, gate_modes={'early_relaxed': 183, 'future_relaxed': 37, 'core_strict': 25}, sleeves={'early_scout': 183, 'future_winner': 37, 'core_compounder': 25}
[18:36:41] Portfolio candidate set: sleeve-aware gate kept=242, removed=318, gate_modes={'early_relaxed': 180, 'future_relaxed': 36, 'core_strict': 26}, sleeves={'early_scout': 180, 'future_winner': 36, 'core_compounder': 26}
[18:36:42] Portfolio candidate set: sleeve-aware gate kept=157, removed=420, gate_modes={'early_relaxed': 91, 'future_relaxed': 42, 'core_strict': 24}, sleeves={'early_scout': 91, 'future_winner': 42, 'core_compounder': 24}
[18:36:43] Portfolio candidate set: sleeve-aware gate kept=174, removed=401, gate_modes={'early_relaxed': 102, 'future_relaxed': 49, 'core_strict': 23}, sleeves={'early_scout': 102, 'future_winner': 49, 'core_compounder': 23}
[18:36:44] Portfolio candidate set: sleeve-aware gate kept=162, removed=418, gate_modes={'early_relaxed': 84, 'future_relaxed': 54, 'core_strict': 24}, sleeves={'early_scout': 84, 'future_winner': 54, 'core_compounder': 24}
[18:36:45] Portfolio candidate set: sleeve-aware gate kept=253, removed=347, gate_modes={'early_relaxed': 178, 'future_relaxed': 52, 'core_strict': 23}, sleeves={'early_scout': 178, 'future_winner': 52, 'core_compounder': 23}
[18:36:45] Portfolio candidate set: sleeve-aware gate kept=217, removed=363, gate_modes={'early_relaxed': 143, 'future_relaxed': 53, 'core_strict': 21}, sleeves={'early_scout': 143, 'future_winner': 53, 'core_compounder': 21}
[18:36:46] Portfolio candidate set: sleeve-aware gate kept=251, removed=336, gate_modes={'early_relaxed': 148, 'future_relaxed': 82, 'core_strict': 21}, sleeves={'early_scout': 148, 'future_winner': 82, 'core_compounder': 21}
[18:36:47] Portfolio candidate set: sleeve-aware gate kept=180, removed=423, gate_modes={'early_relaxed': 129, 'future_relaxed': 34, 'core_strict': 17}, sleeves={'early_scout': 129, 'future_winner': 34, 'core_compounder': 17}
[18:36:48] Portfolio candidate set: sleeve-aware gate kept=208, removed=404, gate_modes={'early_relaxed': 152, 'future_relaxed': 40, 'core_strict': 16}, sleeves={'early_scout': 152, 'future_winner': 40, 'core_compounder': 16}
[18:36:49] Portfolio candidate set: sleeve-aware gate kept=90, removed=518, gate_modes={'future_relaxed': 38, 'early_relaxed': 36, 'core_strict': 16}, sleeves={'future_winner': 38, 'early_scout': 36, 'core_compounder': 16}
[18:36:50] Portfolio candidate set: sleeve-aware gate kept=148, removed=463, gate_modes={'early_relaxed': 99, 'future_relaxed': 32, 'core_strict': 17}, sleeves={'early_scout': 99, 'future_winner': 32, 'core_compounder': 17}
[18:36:51] Portfolio candidate set: sleeve-aware gate kept=193, removed=415, gate_modes={'early_relaxed': 106, 'future_relaxed': 62, 'core_strict': 25}, sleeves={'early_scout': 106, 'future_winner': 62, 'core_compounder': 25}
[18:36:53] Portfolio candidate set: sleeve-aware gate kept=156, removed=454, gate_modes={'early_relaxed': 73, 'future_relaxed': 56, 'core_strict': 27}, sleeves={'early_scout': 73, 'future_winner': 56, 'core_compounder': 27}
[18:36:54] Portfolio candidate set: sleeve-aware gate kept=142, removed=460, gate_modes={'future_relaxed': 59, 'early_relaxed': 58, 'core_strict': 25}, sleeves={'future_winner': 59, 'early_scout': 58, 'core_compounder': 25}
[18:36:54] Portfolio candidate set: sleeve-aware gate kept=186, removed=404, gate_modes={'early_relaxed': 99, 'future_relaxed': 65, 'core_strict': 22}, sleeves={'early_scout': 99, 'future_winner': 65, 'core_compounder': 22}
[18:36:55] Portfolio candidate set: sleeve-aware gate kept=223, removed=378, gate_modes={'early_relaxed': 138, 'future_relaxed': 62, 'core_strict': 23}, sleeves={'early_scout': 138, 'future_winner': 62, 'core_compounder': 23}
[18:36:56] Portfolio candidate set: sleeve-aware gate kept=217, removed=395, gate_modes={'early_relaxed': 141, 'future_relaxed': 53, 'core_strict': 23}, sleeves={'early_scout': 141, 'future_winner': 53, 'core_compounder': 23}
[18:36:57] Portfolio candidate set: sleeve-aware gate kept=223, removed=373, gate_modes={'early_relaxed': 139, 'future_relaxed': 60, 'core_strict': 24}, sleeves={'early_scout': 139, 'future_winner': 60, 'core_compounder': 24}
[18:36:58] Portfolio candidate set: sleeve-aware gate kept=200, removed=396, gate_modes={'early_relaxed': 109, 'future_relaxed': 68, 'core_strict': 23}, sleeves={'early_scout': 109, 'future_winner': 68, 'core_compounder': 23}
[18:36:58] Portfolio candidate set: sleeve-aware gate kept=159, removed=453, gate_modes={'early_relaxed': 81, 'future_relaxed': 57, 'core_strict': 21}, sleeves={'early_scout': 81, 'future_winner': 57, 'core_compounder': 21}
[18:36:59] Portfolio candidate set: sleeve-aware gate kept=119, removed=481, gate_modes={'early_relaxed': 63, 'future_relaxed': 38, 'core_strict': 18}, sleeves={'early_scout': 63, 'future_winner': 38, 'core_compounder': 18}
[18:37:00] Portfolio candidate set: sleeve-aware gate kept=122, removed=476, gate_modes={'early_relaxed': 70, 'future_relaxed': 34, 'core_strict': 18}, sleeves={'early_scout': 70, 'future_winner': 34, 'core_compounder': 18}
[18:37:01] Portfolio candidate set: sleeve-aware gate kept=166, removed=436, gate_modes={'early_relaxed': 112, 'future_relaxed': 35, 'core_strict': 19}, sleeves={'early_scout': 112, 'future_winner': 35, 'core_compounder': 19}
[18:37:02]   sleeve_policy_per_regime: policy=core_only cash_max=2.00% ...
[18:37:02] Phase 5: running monthly portfolio backtest ...
[18:37:03] Portfolio candidate set: sleeve-aware gate kept=237, removed=240, gate_modes={'early_relaxed': 166, 'future_relaxed': 53, 'core_strict': 18}, sleeves={'early_scout': 166, 'future_winner': 53, 'core_compounder': 18}
[18:37:03] Portfolio candidate set: sleeve-aware gate kept=239, removed=246, gate_modes={'early_relaxed': 177, 'future_relaxed': 46, 'core_strict': 16}, sleeves={'early_scout': 177, 'future_winner': 46, 'core_compounder': 16}
[18:37:04] Portfolio candidate set: sleeve-aware gate kept=138, removed=340, gate_modes={'early_relaxed': 76, 'future_relaxed': 47, 'core_strict': 15}, sleeves={'early_scout': 76, 'future_winner': 47, 'core_compounder': 15}
[18:37:05] Portfolio candidate set: sleeve-aware gate kept=215, removed=272, gate_modes={'early_relaxed': 141, 'future_relaxed': 57, 'core_strict': 17}, sleeves={'early_scout': 141, 'future_winner': 57, 'core_compounder': 17}
[18:37:06] Portfolio candidate set: sleeve-aware gate kept=218, removed=274, gate_modes={'early_relaxed': 146, 'future_relaxed': 56, 'core_strict': 16}, sleeves={'early_scout': 146, 'future_winner': 56, 'core_compounder': 16}
[18:37:07] Portfolio candidate set: sleeve-aware gate kept=168, removed=317, gate_modes={'early_relaxed': 97, 'future_relaxed': 52, 'core_strict': 19}, sleeves={'early_scout': 97, 'future_winner': 52, 'core_compounder': 19}
[18:37:07] Portfolio candidate set: sleeve-aware gate kept=161, removed=331, gate_modes={'early_relaxed': 97, 'future_relaxed': 46, 'core_strict': 18}, sleeves={'early_scout': 97, 'future_winner': 46, 'core_compounder': 18}
[18:37:08] Portfolio candidate set: sleeve-aware gate kept=170, removed=325, gate_modes={'early_relaxed': 127, 'future_relaxed': 28, 'core_strict': 15}, sleeves={'early_scout': 127, 'future_winner': 28, 'core_compounder': 15}
[18:37:09] Portfolio candidate set: sleeve-aware gate kept=164, removed=323, gate_modes={'early_relaxed': 130, 'future_relaxed': 19, 'core_strict': 15}, sleeves={'early_scout': 130, 'future_winner': 19, 'core_compounder': 15}
[18:37:10] Portfolio candidate set: sleeve-aware gate kept=162, removed=324, gate_modes={'early_relaxed': 126, 'future_relaxed': 23, 'core_strict': 13}, sleeves={'early_scout': 126, 'future_winner': 23, 'core_compounder': 13}
[18:37:11] Portfolio candidate set: sleeve-aware gate kept=163, removed=331, gate_modes={'early_relaxed': 125, 'future_relaxed': 22, 'core_strict': 16}, sleeves={'early_scout': 125, 'future_winner': 22, 'core_compounder': 16}
[18:37:12] Portfolio candidate set: sleeve-aware gate kept=182, removed=335, gate_modes={'early_relaxed': 129, 'future_relaxed': 32, 'core_strict': 21}, sleeves={'early_scout': 129, 'future_winner': 32, 'core_compounder': 21}
[18:37:13] Portfolio candidate set: sleeve-aware gate kept=69, removed=380, gate_modes={'early_relaxed': 34, 'core_strict': 20, 'future_relaxed': 15}, sleeves={'early_scout': 34, 'core_compounder': 20, 'future_winner': 15}
[18:37:13] Portfolio candidate set: sleeve-aware gate kept=110, removed=349, gate_modes={'early_relaxed': 62, 'future_relaxed': 29, 'core_strict': 19}, sleeves={'early_scout': 62, 'future_winner': 29, 'core_compounder': 19}
[18:37:14] Portfolio candidate set: sleeve-aware gate kept=157, removed=285, gate_modes={'early_relaxed': 92, 'future_relaxed': 47, 'core_strict': 18}, sleeves={'early_scout': 92, 'future_winner': 47, 'core_compounder': 18}
[18:37:15] Portfolio candidate set: sleeve-aware gate kept=138, removed=308, gate_modes={'early_relaxed': 81, 'future_relaxed': 38, 'core_strict': 19}, sleeves={'early_scout': 81, 'future_winner': 38, 'core_compounder': 19}
[18:37:16] Portfolio candidate set: sleeve-aware gate kept=187, removed=253, gate_modes={'early_relaxed': 125, 'future_relaxed': 44, 'core_strict': 18}, sleeves={'early_scout': 125, 'future_winner': 44, 'core_compounder': 18}
[18:37:17] Portfolio candidate set: sleeve-aware gate kept=153, removed=273, gate_modes={'early_relaxed': 96, 'future_relaxed': 41, 'core_strict': 16}, sleeves={'early_scout': 96, 'future_winner': 41, 'core_compounder': 16}
[18:37:18] Portfolio candidate set: sleeve-aware gate kept=117, removed=327, gate_modes={'early_relaxed': 61, 'future_relaxed': 39, 'core_strict': 17}, sleeves={'early_scout': 61, 'future_winner': 39, 'core_compounder': 17}
[18:37:18] Portfolio candidate set: sleeve-aware gate kept=125, removed=329, gate_modes={'early_relaxed': 73, 'future_relaxed': 38, 'core_strict': 14}, sleeves={'early_scout': 73, 'future_winner': 38, 'core_compounder': 14}
[18:37:19] Portfolio candidate set: sleeve-aware gate kept=178, removed=282, gate_modes={'early_relaxed': 134, 'future_relaxed': 32, 'core_strict': 12}, sleeves={'early_scout': 134, 'future_winner': 32, 'core_compounder': 12}
[18:37:20] Portfolio candidate set: sleeve-aware gate kept=172, removed=284, gate_modes={'early_relaxed': 109, 'future_relaxed': 50, 'core_strict': 13}, sleeves={'early_scout': 109, 'future_winner': 50, 'core_compounder': 13}
[18:37:21] Portfolio candidate set: sleeve-aware gate kept=142, removed=324, gate_modes={'early_relaxed': 92, 'future_relaxed': 36, 'core_strict': 14}, sleeves={'early_scout': 92, 'future_winner': 36, 'core_compounder': 14}
[18:37:22] Portfolio candidate set: sleeve-aware gate kept=240, removed=243, gate_modes={'early_relaxed': 144, 'future_relaxed': 76, 'core_strict': 20}, sleeves={'early_scout': 144, 'future_winner': 76, 'core_compounder': 20}
[18:37:23] Portfolio candidate set: sleeve-aware gate kept=205, removed=297, gate_modes={'early_relaxed': 95, 'future_relaxed': 87, 'core_strict': 23}, sleeves={'early_scout': 95, 'future_winner': 87, 'core_compounder': 23}
[18:37:24] Portfolio candidate set: sleeve-aware gate kept=296, removed=225, gate_modes={'early_relaxed': 182, 'future_relaxed': 92, 'core_strict': 22}, sleeves={'early_scout': 182, 'future_winner': 92, 'core_compounder': 22}
[18:37:25] Portfolio candidate set: sleeve-aware gate kept=191, removed=330, gate_modes={'future_relaxed': 87, 'early_relaxed': 83, 'core_strict': 21}, sleeves={'future_winner': 87, 'early_scout': 83, 'core_compounder': 21}
[18:37:26] Portfolio candidate set: sleeve-aware gate kept=170, removed=363, gate_modes={'future_relaxed': 83, 'early_relaxed': 65, 'core_strict': 22}, sleeves={'future_winner': 83, 'early_scout': 65, 'core_compounder': 22}
[18:37:26] Portfolio candidate set: sleeve-aware gate kept=207, removed=322, gate_modes={'early_relaxed': 100, 'future_relaxed': 85, 'core_strict': 22}, sleeves={'early_scout': 100, 'future_winner': 85, 'core_compounder': 22}
[18:37:27] Portfolio candidate set: sleeve-aware gate kept=227, removed=291, gate_modes={'future_relaxed': 103, 'early_relaxed': 103, 'core_strict': 21}, sleeves={'future_winner': 103, 'early_scout': 103, 'core_compounder': 21}
[18:37:28] Portfolio candidate set: sleeve-aware gate kept=182, removed=354, gate_modes={'future_relaxed': 90, 'early_relaxed': 71, 'core_strict': 21}, sleeves={'future_winner': 90, 'early_scout': 71, 'core_compounder': 21}
[18:37:29] Portfolio candidate set: sleeve-aware gate kept=223, removed=323, gate_modes={'early_relaxed': 133, 'future_relaxed': 75, 'core_strict': 15}, sleeves={'early_scout': 133, 'future_winner': 75, 'core_compounder': 15}
[18:37:30] Portfolio candidate set: sleeve-aware gate kept=137, removed=407, gate_modes={'early_relaxed': 88, 'future_relaxed': 37, 'core_strict': 12}, sleeves={'early_scout': 88, 'future_winner': 37, 'core_compounder': 12}
[18:37:31] Portfolio candidate set: sleeve-aware gate kept=155, removed=401, gate_modes={'early_relaxed': 100, 'future_relaxed': 43, 'core_strict': 12}, sleeves={'early_scout': 100, 'future_winner': 43, 'core_compounder': 12}
[18:37:31] Portfolio candidate set: sleeve-aware gate kept=73, removed=481, gate_modes={'early_relaxed': 31, 'future_relaxed': 28, 'core_strict': 14}, sleeves={'early_scout': 31, 'future_winner': 28, 'core_compounder': 14}
[18:37:32] Portfolio candidate set: sleeve-aware gate kept=174, removed=389, gate_modes={'early_relaxed': 76, 'future_relaxed': 75, 'core_strict': 23}, sleeves={'early_scout': 76, 'future_winner': 75, 'core_compounder': 23}
[18:37:33] Portfolio candidate set: sleeve-aware gate kept=226, removed=323, gate_modes={'future_relaxed': 109, 'early_relaxed': 93, 'core_strict': 24}, sleeves={'future_winner': 109, 'early_scout': 93, 'core_compounder': 24}
[18:37:34] Portfolio candidate set: sleeve-aware gate kept=161, removed=395, gate_modes={'early_relaxed': 82, 'future_relaxed': 58, 'core_strict': 21}, sleeves={'early_scout': 82, 'future_winner': 58, 'core_compounder': 21}
[18:37:35] Portfolio candidate set: sleeve-aware gate kept=118, removed=414, gate_modes={'early_relaxed': 52, 'future_relaxed': 46, 'core_strict': 20}, sleeves={'early_scout': 52, 'future_winner': 46, 'core_compounder': 20}
[18:37:36] Portfolio candidate set: sleeve-aware gate kept=83, removed=441, gate_modes={'early_relaxed': 33, 'future_relaxed': 29, 'core_strict': 21}, sleeves={'early_scout': 33, 'future_winner': 29, 'core_compounder': 21}
[18:37:36] Portfolio candidate set: sleeve-aware gate kept=145, removed=394, gate_modes={'early_relaxed': 86, 'future_relaxed': 38, 'core_strict': 21}, sleeves={'early_scout': 86, 'future_winner': 38, 'core_compounder': 21}
[18:37:37] Portfolio candidate set: sleeve-aware gate kept=128, removed=402, gate_modes={'early_relaxed': 75, 'future_relaxed': 33, 'core_strict': 20}, sleeves={'early_scout': 75, 'future_winner': 33, 'core_compounder': 20}
[18:37:38] Portfolio candidate set: sleeve-aware gate kept=94, removed=439, gate_modes={'early_relaxed': 48, 'future_relaxed': 26, 'core_strict': 20}, sleeves={'early_scout': 48, 'future_winner': 26, 'core_compounder': 20}
[18:37:39] Portfolio candidate set: sleeve-aware gate kept=110, removed=430, gate_modes={'early_relaxed': 71, 'future_relaxed': 23, 'core_strict': 16}, sleeves={'early_scout': 71, 'future_winner': 23, 'core_compounder': 16}
[18:37:40] Portfolio candidate set: sleeve-aware gate kept=145, removed=391, gate_modes={'early_relaxed': 122, 'future_relaxed': 12, 'core_strict': 11}, sleeves={'early_scout': 122, 'future_winner': 12, 'core_compounder': 11}
[18:37:41] Portfolio candidate set: sleeve-aware gate kept=89, removed=440, gate_modes={'early_relaxed': 70, 'core_strict': 11, 'future_relaxed': 8}, sleeves={'early_scout': 70, 'core_compounder': 11, 'future_winner': 8}
[18:37:41] Portfolio candidate set: sleeve-aware gate kept=177, removed=360, gate_modes={'early_relaxed': 152, 'core_strict': 13, 'future_relaxed': 12}, sleeves={'early_scout': 152, 'core_compounder': 13, 'future_winner': 12}
[18:37:42] Portfolio candidate set: sleeve-aware gate kept=166, removed=390, gate_modes={'early_relaxed': 123, 'core_strict': 22, 'future_relaxed': 21}, sleeves={'early_scout': 123, 'core_compounder': 22, 'future_winner': 21}
[18:37:43] Portfolio candidate set: sleeve-aware gate kept=116, removed=435, gate_modes={'early_relaxed': 76, 'core_strict': 23, 'future_relaxed': 17}, sleeves={'early_scout': 76, 'core_compounder': 23, 'future_winner': 17}
[18:37:44] Portfolio candidate set: sleeve-aware gate kept=134, removed=408, gate_modes={'early_relaxed': 96, 'core_strict': 20, 'future_relaxed': 18}, sleeves={'early_scout': 96, 'core_compounder': 20, 'future_winner': 18}
[18:37:45] Portfolio candidate set: sleeve-aware gate kept=127, removed=407, gate_modes={'early_relaxed': 99, 'core_strict': 19, 'future_relaxed': 9}, sleeves={'early_scout': 99, 'core_compounder': 19, 'future_winner': 9}
[18:37:46] Portfolio candidate set: sleeve-aware gate kept=196, removed=345, gate_modes={'early_relaxed': 157, 'core_strict': 21, 'future_relaxed': 18}, sleeves={'early_scout': 157, 'core_compounder': 21, 'future_winner': 18}
[18:37:47] Portfolio candidate set: sleeve-aware gate kept=250, removed=297, gate_modes={'early_relaxed': 208, 'core_strict': 22, 'future_relaxed': 20}, sleeves={'early_scout': 208, 'core_compounder': 22, 'future_winner': 20}
[18:37:47] Portfolio candidate set: sleeve-aware gate kept=128, removed=406, gate_modes={'early_relaxed': 100, 'core_strict': 20, 'future_relaxed': 8}, sleeves={'early_scout': 100, 'core_compounder': 20, 'future_winner': 8}
[18:37:48] Portfolio candidate set: sleeve-aware gate kept=97, removed=442, gate_modes={'early_relaxed': 64, 'core_strict': 21, 'future_relaxed': 12}, sleeves={'early_scout': 64, 'core_compounder': 21, 'future_winner': 12}
[18:37:49] Portfolio candidate set: sleeve-aware gate kept=59, removed=485, gate_modes={'early_relaxed': 40, 'core_strict': 14, 'future_relaxed': 5}, sleeves={'early_scout': 40, 'core_compounder': 14, 'future_winner': 5}
[18:37:50] Portfolio candidate set: sleeve-aware gate kept=131, removed=406, gate_modes={'early_relaxed': 110, 'core_strict': 13, 'future_relaxed': 8}, sleeves={'early_scout': 110, 'core_compounder': 13, 'future_winner': 8}
[18:37:51] Portfolio candidate set: sleeve-aware gate kept=194, removed=357, gate_modes={'early_relaxed': 172, 'core_strict': 13, 'future_relaxed': 9}, sleeves={'early_scout': 172, 'core_compounder': 13, 'future_winner': 9}
[18:37:52] Portfolio candidate set: sleeve-aware gate kept=167, removed=386, gate_modes={'early_relaxed': 138, 'core_strict': 16, 'future_relaxed': 13}, sleeves={'early_scout': 138, 'core_compounder': 16, 'future_winner': 13}
[18:37:53] Portfolio candidate set: sleeve-aware gate kept=245, removed=324, gate_modes={'early_relaxed': 183, 'future_relaxed': 37, 'core_strict': 25}, sleeves={'early_scout': 183, 'future_winner': 37, 'core_compounder': 25}
[18:37:54] Portfolio candidate set: sleeve-aware gate kept=242, removed=318, gate_modes={'early_relaxed': 180, 'future_relaxed': 36, 'core_strict': 26}, sleeves={'early_scout': 180, 'future_winner': 36, 'core_compounder': 26}
[18:37:55] Portfolio candidate set: sleeve-aware gate kept=157, removed=420, gate_modes={'early_relaxed': 91, 'future_relaxed': 42, 'core_strict': 24}, sleeves={'early_scout': 91, 'future_winner': 42, 'core_compounder': 24}
[18:37:56] Portfolio candidate set: sleeve-aware gate kept=174, removed=401, gate_modes={'early_relaxed': 102, 'future_relaxed': 49, 'core_strict': 23}, sleeves={'early_scout': 102, 'future_winner': 49, 'core_compounder': 23}
[18:37:56] Portfolio candidate set: sleeve-aware gate kept=162, removed=418, gate_modes={'early_relaxed': 84, 'future_relaxed': 54, 'core_strict': 24}, sleeves={'early_scout': 84, 'future_winner': 54, 'core_compounder': 24}
[18:37:57] Portfolio candidate set: sleeve-aware gate kept=253, removed=347, gate_modes={'early_relaxed': 178, 'future_relaxed': 52, 'core_strict': 23}, sleeves={'early_scout': 178, 'future_winner': 52, 'core_compounder': 23}
[18:37:58] Portfolio candidate set: sleeve-aware gate kept=217, removed=363, gate_modes={'early_relaxed': 143, 'future_relaxed': 53, 'core_strict': 21}, sleeves={'early_scout': 143, 'future_winner': 53, 'core_compounder': 21}
[18:37:59] Portfolio candidate set: sleeve-aware gate kept=251, removed=336, gate_modes={'early_relaxed': 148, 'future_relaxed': 82, 'core_strict': 21}, sleeves={'early_scout': 148, 'future_winner': 82, 'core_compounder': 21}
[18:37:59] Portfolio candidate set: sleeve-aware gate kept=180, removed=423, gate_modes={'early_relaxed': 129, 'future_relaxed': 34, 'core_strict': 17}, sleeves={'early_scout': 129, 'future_winner': 34, 'core_compounder': 17}
[18:38:00] Portfolio candidate set: sleeve-aware gate kept=208, removed=404, gate_modes={'early_relaxed': 152, 'future_relaxed': 40, 'core_strict': 16}, sleeves={'early_scout': 152, 'future_winner': 40, 'core_compounder': 16}
[18:38:02] Portfolio candidate set: sleeve-aware gate kept=90, removed=518, gate_modes={'future_relaxed': 38, 'early_relaxed': 36, 'core_strict': 16}, sleeves={'future_winner': 38, 'early_scout': 36, 'core_compounder': 16}
[18:38:02] Portfolio candidate set: sleeve-aware gate kept=148, removed=463, gate_modes={'early_relaxed': 99, 'future_relaxed': 32, 'core_strict': 17}, sleeves={'early_scout': 99, 'future_winner': 32, 'core_compounder': 17}
[18:38:03] Portfolio candidate set: sleeve-aware gate kept=193, removed=415, gate_modes={'early_relaxed': 106, 'future_relaxed': 62, 'core_strict': 25}, sleeves={'early_scout': 106, 'future_winner': 62, 'core_compounder': 25}
[18:38:04] Portfolio candidate set: sleeve-aware gate kept=156, removed=454, gate_modes={'early_relaxed': 73, 'future_relaxed': 56, 'core_strict': 27}, sleeves={'early_scout': 73, 'future_winner': 56, 'core_compounder': 27}
[18:38:05] Portfolio candidate set: sleeve-aware gate kept=142, removed=460, gate_modes={'future_relaxed': 59, 'early_relaxed': 58, 'core_strict': 25}, sleeves={'future_winner': 59, 'early_scout': 58, 'core_compounder': 25}
[18:38:06] Portfolio candidate set: sleeve-aware gate kept=186, removed=404, gate_modes={'early_relaxed': 99, 'future_relaxed': 65, 'core_strict': 22}, sleeves={'early_scout': 99, 'future_winner': 65, 'core_compounder': 22}
[18:38:07] Portfolio candidate set: sleeve-aware gate kept=223, removed=378, gate_modes={'early_relaxed': 138, 'future_relaxed': 62, 'core_strict': 23}, sleeves={'early_scout': 138, 'future_winner': 62, 'core_compounder': 23}
[18:38:08] Portfolio candidate set: sleeve-aware gate kept=217, removed=395, gate_modes={'early_relaxed': 141, 'future_relaxed': 53, 'core_strict': 23}, sleeves={'early_scout': 141, 'future_winner': 53, 'core_compounder': 23}
[18:38:08] Portfolio candidate set: sleeve-aware gate kept=223, removed=373, gate_modes={'early_relaxed': 139, 'future_relaxed': 60, 'core_strict': 24}, sleeves={'early_scout': 139, 'future_winner': 60, 'core_compounder': 24}
[18:38:09] Portfolio candidate set: sleeve-aware gate kept=200, removed=396, gate_modes={'early_relaxed': 109, 'future_relaxed': 68, 'core_strict': 23}, sleeves={'early_scout': 109, 'future_winner': 68, 'core_compounder': 23}
[18:38:10] Portfolio candidate set: sleeve-aware gate kept=159, removed=453, gate_modes={'early_relaxed': 81, 'future_relaxed': 57, 'core_strict': 21}, sleeves={'early_scout': 81, 'future_winner': 57, 'core_compounder': 21}
[18:38:11] Portfolio candidate set: sleeve-aware gate kept=119, removed=481, gate_modes={'early_relaxed': 63, 'future_relaxed': 38, 'core_strict': 18}, sleeves={'early_scout': 63, 'future_winner': 38, 'core_compounder': 18}
[18:38:12] Portfolio candidate set: sleeve-aware gate kept=122, removed=476, gate_modes={'early_relaxed': 70, 'future_relaxed': 34, 'core_strict': 18}, sleeves={'early_scout': 70, 'future_winner': 34, 'core_compounder': 18}
[18:38:12] Portfolio candidate set: sleeve-aware gate kept=166, removed=436, gate_modes={'early_relaxed': 112, 'future_relaxed': 35, 'core_strict': 19}, sleeves={'early_scout': 112, 'future_winner': 35, 'core_compounder': 19}
[18:38:14]   sleeve_policy_per_regime: policy=def_60_25_15 cash_max=2.00% ...
[18:38:14] Phase 5: running monthly portfolio backtest ...
[18:38:14] Portfolio candidate set: sleeve-aware gate kept=237, removed=240, gate_modes={'early_relaxed': 166, 'future_relaxed': 53, 'core_strict': 18}, sleeves={'early_scout': 166, 'future_winner': 53, 'core_compounder': 18}
[18:38:15] Portfolio candidate set: sleeve-aware gate kept=239, removed=246, gate_modes={'early_relaxed': 177, 'future_relaxed': 46, 'core_strict': 16}, sleeves={'early_scout': 177, 'future_winner': 46, 'core_compounder': 16}
[18:38:16] Portfolio candidate set: sleeve-aware gate kept=138, removed=340, gate_modes={'early_relaxed': 76, 'future_relaxed': 47, 'core_strict': 15}, sleeves={'early_scout': 76, 'future_winner': 47, 'core_compounder': 15}
[18:38:17] Portfolio candidate set: sleeve-aware gate kept=215, removed=272, gate_modes={'early_relaxed': 141, 'future_relaxed': 57, 'core_strict': 17}, sleeves={'early_scout': 141, 'future_winner': 57, 'core_compounder': 17}
[18:38:18] Portfolio candidate set: sleeve-aware gate kept=218, removed=274, gate_modes={'early_relaxed': 146, 'future_relaxed': 56, 'core_strict': 16}, sleeves={'early_scout': 146, 'future_winner': 56, 'core_compounder': 16}
[18:38:19] Portfolio candidate set: sleeve-aware gate kept=168, removed=317, gate_modes={'early_relaxed': 97, 'future_relaxed': 52, 'core_strict': 19}, sleeves={'early_scout': 97, 'future_winner': 52, 'core_compounder': 19}
[18:38:20] Portfolio candidate set: sleeve-aware gate kept=161, removed=331, gate_modes={'early_relaxed': 97, 'future_relaxed': 46, 'core_strict': 18}, sleeves={'early_scout': 97, 'future_winner': 46, 'core_compounder': 18}
[18:38:20] Portfolio candidate set: sleeve-aware gate kept=170, removed=325, gate_modes={'early_relaxed': 127, 'future_relaxed': 28, 'core_strict': 15}, sleeves={'early_scout': 127, 'future_winner': 28, 'core_compounder': 15}
[18:38:21] Portfolio candidate set: sleeve-aware gate kept=164, removed=323, gate_modes={'early_relaxed': 130, 'future_relaxed': 19, 'core_strict': 15}, sleeves={'early_scout': 130, 'future_winner': 19, 'core_compounder': 15}
[18:38:22] Portfolio candidate set: sleeve-aware gate kept=162, removed=324, gate_modes={'early_relaxed': 126, 'future_relaxed': 23, 'core_strict': 13}, sleeves={'early_scout': 126, 'future_winner': 23, 'core_compounder': 13}
[18:38:23] Portfolio candidate set: sleeve-aware gate kept=163, removed=331, gate_modes={'early_relaxed': 125, 'future_relaxed': 22, 'core_strict': 16}, sleeves={'early_scout': 125, 'future_winner': 22, 'core_compounder': 16}
[18:38:24] Portfolio candidate set: sleeve-aware gate kept=182, removed=335, gate_modes={'early_relaxed': 129, 'future_relaxed': 32, 'core_strict': 21}, sleeves={'early_scout': 129, 'future_winner': 32, 'core_compounder': 21}
[18:38:25] Portfolio candidate set: sleeve-aware gate kept=69, removed=380, gate_modes={'early_relaxed': 34, 'core_strict': 20, 'future_relaxed': 15}, sleeves={'early_scout': 34, 'core_compounder': 20, 'future_winner': 15}
[18:38:26] Portfolio candidate set: sleeve-aware gate kept=110, removed=349, gate_modes={'early_relaxed': 62, 'future_relaxed': 29, 'core_strict': 19}, sleeves={'early_scout': 62, 'future_winner': 29, 'core_compounder': 19}
[18:38:27] Portfolio candidate set: sleeve-aware gate kept=157, removed=285, gate_modes={'early_relaxed': 92, 'future_relaxed': 47, 'core_strict': 18}, sleeves={'early_scout': 92, 'future_winner': 47, 'core_compounder': 18}
[18:38:28] Portfolio candidate set: sleeve-aware gate kept=138, removed=308, gate_modes={'early_relaxed': 81, 'future_relaxed': 38, 'core_strict': 19}, sleeves={'early_scout': 81, 'future_winner': 38, 'core_compounder': 19}
[18:38:29] Portfolio candidate set: sleeve-aware gate kept=187, removed=253, gate_modes={'early_relaxed': 125, 'future_relaxed': 44, 'core_strict': 18}, sleeves={'early_scout': 125, 'future_winner': 44, 'core_compounder': 18}
[18:38:29] Portfolio candidate set: sleeve-aware gate kept=153, removed=273, gate_modes={'early_relaxed': 96, 'future_relaxed': 41, 'core_strict': 16}, sleeves={'early_scout': 96, 'future_winner': 41, 'core_compounder': 16}
[18:38:30] Portfolio candidate set: sleeve-aware gate kept=117, removed=327, gate_modes={'early_relaxed': 61, 'future_relaxed': 39, 'core_strict': 17}, sleeves={'early_scout': 61, 'future_winner': 39, 'core_compounder': 17}
[18:38:31] Portfolio candidate set: sleeve-aware gate kept=125, removed=329, gate_modes={'early_relaxed': 73, 'future_relaxed': 38, 'core_strict': 14}, sleeves={'early_scout': 73, 'future_winner': 38, 'core_compounder': 14}
[18:38:32] Portfolio candidate set: sleeve-aware gate kept=178, removed=282, gate_modes={'early_relaxed': 134, 'future_relaxed': 32, 'core_strict': 12}, sleeves={'early_scout': 134, 'future_winner': 32, 'core_compounder': 12}
[18:38:33] Portfolio candidate set: sleeve-aware gate kept=172, removed=284, gate_modes={'early_relaxed': 109, 'future_relaxed': 50, 'core_strict': 13}, sleeves={'early_scout': 109, 'future_winner': 50, 'core_compounder': 13}
[18:38:34] Portfolio candidate set: sleeve-aware gate kept=142, removed=324, gate_modes={'early_relaxed': 92, 'future_relaxed': 36, 'core_strict': 14}, sleeves={'early_scout': 92, 'future_winner': 36, 'core_compounder': 14}
[18:38:35] Portfolio candidate set: sleeve-aware gate kept=240, removed=243, gate_modes={'early_relaxed': 144, 'future_relaxed': 76, 'core_strict': 20}, sleeves={'early_scout': 144, 'future_winner': 76, 'core_compounder': 20}
[18:38:36] Portfolio candidate set: sleeve-aware gate kept=205, removed=297, gate_modes={'early_relaxed': 95, 'future_relaxed': 87, 'core_strict': 23}, sleeves={'early_scout': 95, 'future_winner': 87, 'core_compounder': 23}
[18:38:37] Portfolio candidate set: sleeve-aware gate kept=296, removed=225, gate_modes={'early_relaxed': 182, 'future_relaxed': 92, 'core_strict': 22}, sleeves={'early_scout': 182, 'future_winner': 92, 'core_compounder': 22}
[18:38:38] Portfolio candidate set: sleeve-aware gate kept=191, removed=330, gate_modes={'future_relaxed': 87, 'early_relaxed': 83, 'core_strict': 21}, sleeves={'future_winner': 87, 'early_scout': 83, 'core_compounder': 21}
[18:38:39] Portfolio candidate set: sleeve-aware gate kept=170, removed=363, gate_modes={'future_relaxed': 83, 'early_relaxed': 65, 'core_strict': 22}, sleeves={'future_winner': 83, 'early_scout': 65, 'core_compounder': 22}
[18:38:40] Portfolio candidate set: sleeve-aware gate kept=207, removed=322, gate_modes={'early_relaxed': 100, 'future_relaxed': 85, 'core_strict': 22}, sleeves={'early_scout': 100, 'future_winner': 85, 'core_compounder': 22}
[18:38:41] Portfolio candidate set: sleeve-aware gate kept=227, removed=291, gate_modes={'future_relaxed': 103, 'early_relaxed': 103, 'core_strict': 21}, sleeves={'future_winner': 103, 'early_scout': 103, 'core_compounder': 21}
[18:38:42] Portfolio candidate set: sleeve-aware gate kept=182, removed=354, gate_modes={'future_relaxed': 90, 'early_relaxed': 71, 'core_strict': 21}, sleeves={'future_winner': 90, 'early_scout': 71, 'core_compounder': 21}
[18:38:43] Portfolio candidate set: sleeve-aware gate kept=223, removed=323, gate_modes={'early_relaxed': 133, 'future_relaxed': 75, 'core_strict': 15}, sleeves={'early_scout': 133, 'future_winner': 75, 'core_compounder': 15}
[18:38:44] Portfolio candidate set: sleeve-aware gate kept=137, removed=407, gate_modes={'early_relaxed': 88, 'future_relaxed': 37, 'core_strict': 12}, sleeves={'early_scout': 88, 'future_winner': 37, 'core_compounder': 12}
[18:38:44] Portfolio candidate set: sleeve-aware gate kept=155, removed=401, gate_modes={'early_relaxed': 100, 'future_relaxed': 43, 'core_strict': 12}, sleeves={'early_scout': 100, 'future_winner': 43, 'core_compounder': 12}
[18:38:45] Portfolio candidate set: sleeve-aware gate kept=73, removed=481, gate_modes={'early_relaxed': 31, 'future_relaxed': 28, 'core_strict': 14}, sleeves={'early_scout': 31, 'future_winner': 28, 'core_compounder': 14}
[18:38:46] Portfolio candidate set: sleeve-aware gate kept=174, removed=389, gate_modes={'early_relaxed': 76, 'future_relaxed': 75, 'core_strict': 23}, sleeves={'early_scout': 76, 'future_winner': 75, 'core_compounder': 23}
[18:38:47] Portfolio candidate set: sleeve-aware gate kept=226, removed=323, gate_modes={'future_relaxed': 109, 'early_relaxed': 93, 'core_strict': 24}, sleeves={'future_winner': 109, 'early_scout': 93, 'core_compounder': 24}
[18:38:48] Portfolio candidate set: sleeve-aware gate kept=161, removed=395, gate_modes={'early_relaxed': 82, 'future_relaxed': 58, 'core_strict': 21}, sleeves={'early_scout': 82, 'future_winner': 58, 'core_compounder': 21}
[18:38:49] Portfolio candidate set: sleeve-aware gate kept=118, removed=414, gate_modes={'early_relaxed': 52, 'future_relaxed': 46, 'core_strict': 20}, sleeves={'early_scout': 52, 'future_winner': 46, 'core_compounder': 20}
[18:38:50] Portfolio candidate set: sleeve-aware gate kept=83, removed=441, gate_modes={'early_relaxed': 33, 'future_relaxed': 29, 'core_strict': 21}, sleeves={'early_scout': 33, 'future_winner': 29, 'core_compounder': 21}
[18:38:51] Portfolio candidate set: sleeve-aware gate kept=145, removed=394, gate_modes={'early_relaxed': 86, 'future_relaxed': 38, 'core_strict': 21}, sleeves={'early_scout': 86, 'future_winner': 38, 'core_compounder': 21}
[18:38:52] Portfolio candidate set: sleeve-aware gate kept=128, removed=402, gate_modes={'early_relaxed': 75, 'future_relaxed': 33, 'core_strict': 20}, sleeves={'early_scout': 75, 'future_winner': 33, 'core_compounder': 20}
[18:38:53] Portfolio candidate set: sleeve-aware gate kept=94, removed=439, gate_modes={'early_relaxed': 48, 'future_relaxed': 26, 'core_strict': 20}, sleeves={'early_scout': 48, 'future_winner': 26, 'core_compounder': 20}
[18:38:54] Portfolio candidate set: sleeve-aware gate kept=110, removed=430, gate_modes={'early_relaxed': 71, 'future_relaxed': 23, 'core_strict': 16}, sleeves={'early_scout': 71, 'future_winner': 23, 'core_compounder': 16}
[18:38:54] Portfolio candidate set: sleeve-aware gate kept=145, removed=391, gate_modes={'early_relaxed': 122, 'future_relaxed': 12, 'core_strict': 11}, sleeves={'early_scout': 122, 'future_winner': 12, 'core_compounder': 11}
[18:38:55] Portfolio candidate set: sleeve-aware gate kept=89, removed=440, gate_modes={'early_relaxed': 70, 'core_strict': 11, 'future_relaxed': 8}, sleeves={'early_scout': 70, 'core_compounder': 11, 'future_winner': 8}
[18:38:56] Portfolio candidate set: sleeve-aware gate kept=177, removed=360, gate_modes={'early_relaxed': 152, 'core_strict': 13, 'future_relaxed': 12}, sleeves={'early_scout': 152, 'core_compounder': 13, 'future_winner': 12}
[18:38:57] Portfolio candidate set: sleeve-aware gate kept=166, removed=390, gate_modes={'early_relaxed': 123, 'core_strict': 22, 'future_relaxed': 21}, sleeves={'early_scout': 123, 'core_compounder': 22, 'future_winner': 21}
[18:38:58] Portfolio candidate set: sleeve-aware gate kept=116, removed=435, gate_modes={'early_relaxed': 76, 'core_strict': 23, 'future_relaxed': 17}, sleeves={'early_scout': 76, 'core_compounder': 23, 'future_winner': 17}
[18:38:59] Portfolio candidate set: sleeve-aware gate kept=134, removed=408, gate_modes={'early_relaxed': 96, 'core_strict': 20, 'future_relaxed': 18}, sleeves={'early_scout': 96, 'core_compounder': 20, 'future_winner': 18}
[18:39:00] Portfolio candidate set: sleeve-aware gate kept=127, removed=407, gate_modes={'early_relaxed': 99, 'core_strict': 19, 'future_relaxed': 9}, sleeves={'early_scout': 99, 'core_compounder': 19, 'future_winner': 9}
[18:39:01] Portfolio candidate set: sleeve-aware gate kept=196, removed=345, gate_modes={'early_relaxed': 157, 'core_strict': 21, 'future_relaxed': 18}, sleeves={'early_scout': 157, 'core_compounder': 21, 'future_winner': 18}
[18:39:02] Portfolio candidate set: sleeve-aware gate kept=250, removed=297, gate_modes={'early_relaxed': 208, 'core_strict': 22, 'future_relaxed': 20}, sleeves={'early_scout': 208, 'core_compounder': 22, 'future_winner': 20}
[18:39:03] Portfolio candidate set: sleeve-aware gate kept=128, removed=406, gate_modes={'early_relaxed': 100, 'core_strict': 20, 'future_relaxed': 8}, sleeves={'early_scout': 100, 'core_compounder': 20, 'future_winner': 8}
[18:39:04] Portfolio candidate set: sleeve-aware gate kept=97, removed=442, gate_modes={'early_relaxed': 64, 'core_strict': 21, 'future_relaxed': 12}, sleeves={'early_scout': 64, 'core_compounder': 21, 'future_winner': 12}
[18:39:05] Portfolio candidate set: sleeve-aware gate kept=59, removed=485, gate_modes={'early_relaxed': 40, 'core_strict': 14, 'future_relaxed': 5}, sleeves={'early_scout': 40, 'core_compounder': 14, 'future_winner': 5}
[18:39:06] Portfolio candidate set: sleeve-aware gate kept=131, removed=406, gate_modes={'early_relaxed': 110, 'core_strict': 13, 'future_relaxed': 8}, sleeves={'early_scout': 110, 'core_compounder': 13, 'future_winner': 8}
[18:39:07] Portfolio candidate set: sleeve-aware gate kept=194, removed=357, gate_modes={'early_relaxed': 172, 'core_strict': 13, 'future_relaxed': 9}, sleeves={'early_scout': 172, 'core_compounder': 13, 'future_winner': 9}
[18:39:08] Portfolio candidate set: sleeve-aware gate kept=167, removed=386, gate_modes={'early_relaxed': 138, 'core_strict': 16, 'future_relaxed': 13}, sleeves={'early_scout': 138, 'core_compounder': 16, 'future_winner': 13}
[18:39:09] Portfolio candidate set: sleeve-aware gate kept=245, removed=324, gate_modes={'early_relaxed': 183, 'future_relaxed': 37, 'core_strict': 25}, sleeves={'early_scout': 183, 'future_winner': 37, 'core_compounder': 25}
[18:39:10] Portfolio candidate set: sleeve-aware gate kept=242, removed=318, gate_modes={'early_relaxed': 180, 'future_relaxed': 36, 'core_strict': 26}, sleeves={'early_scout': 180, 'future_winner': 36, 'core_compounder': 26}
[18:39:11] Portfolio candidate set: sleeve-aware gate kept=157, removed=420, gate_modes={'early_relaxed': 91, 'future_relaxed': 42, 'core_strict': 24}, sleeves={'early_scout': 91, 'future_winner': 42, 'core_compounder': 24}
[18:39:12] Portfolio candidate set: sleeve-aware gate kept=174, removed=401, gate_modes={'early_relaxed': 102, 'future_relaxed': 49, 'core_strict': 23}, sleeves={'early_scout': 102, 'future_winner': 49, 'core_compounder': 23}
[18:39:13] Portfolio candidate set: sleeve-aware gate kept=162, removed=418, gate_modes={'early_relaxed': 84, 'future_relaxed': 54, 'core_strict': 24}, sleeves={'early_scout': 84, 'future_winner': 54, 'core_compounder': 24}
[18:39:14] Portfolio candidate set: sleeve-aware gate kept=253, removed=347, gate_modes={'early_relaxed': 178, 'future_relaxed': 52, 'core_strict': 23}, sleeves={'early_scout': 178, 'future_winner': 52, 'core_compounder': 23}
[18:39:15] Portfolio candidate set: sleeve-aware gate kept=217, removed=363, gate_modes={'early_relaxed': 143, 'future_relaxed': 53, 'core_strict': 21}, sleeves={'early_scout': 143, 'future_winner': 53, 'core_compounder': 21}
[18:39:15] Portfolio candidate set: sleeve-aware gate kept=251, removed=336, gate_modes={'early_relaxed': 148, 'future_relaxed': 82, 'core_strict': 21}, sleeves={'early_scout': 148, 'future_winner': 82, 'core_compounder': 21}
[18:39:16] Portfolio candidate set: sleeve-aware gate kept=180, removed=423, gate_modes={'early_relaxed': 129, 'future_relaxed': 34, 'core_strict': 17}, sleeves={'early_scout': 129, 'future_winner': 34, 'core_compounder': 17}
[18:39:17] Portfolio candidate set: sleeve-aware gate kept=208, removed=404, gate_modes={'early_relaxed': 152, 'future_relaxed': 40, 'core_strict': 16}, sleeves={'early_scout': 152, 'future_winner': 40, 'core_compounder': 16}
[18:39:18] Portfolio candidate set: sleeve-aware gate kept=90, removed=518, gate_modes={'future_relaxed': 38, 'early_relaxed': 36, 'core_strict': 16}, sleeves={'future_winner': 38, 'early_scout': 36, 'core_compounder': 16}
[18:39:19] Portfolio candidate set: sleeve-aware gate kept=148, removed=463, gate_modes={'early_relaxed': 99, 'future_relaxed': 32, 'core_strict': 17}, sleeves={'early_scout': 99, 'future_winner': 32, 'core_compounder': 17}
[18:39:20] Portfolio candidate set: sleeve-aware gate kept=193, removed=415, gate_modes={'early_relaxed': 106, 'future_relaxed': 62, 'core_strict': 25}, sleeves={'early_scout': 106, 'future_winner': 62, 'core_compounder': 25}
[18:39:21] Portfolio candidate set: sleeve-aware gate kept=156, removed=454, gate_modes={'early_relaxed': 73, 'future_relaxed': 56, 'core_strict': 27}, sleeves={'early_scout': 73, 'future_winner': 56, 'core_compounder': 27}
[18:39:23] Portfolio candidate set: sleeve-aware gate kept=142, removed=460, gate_modes={'future_relaxed': 59, 'early_relaxed': 58, 'core_strict': 25}, sleeves={'future_winner': 59, 'early_scout': 58, 'core_compounder': 25}
[18:39:24] Portfolio candidate set: sleeve-aware gate kept=186, removed=404, gate_modes={'early_relaxed': 99, 'future_relaxed': 65, 'core_strict': 22}, sleeves={'early_scout': 99, 'future_winner': 65, 'core_compounder': 22}
[18:39:24] Portfolio candidate set: sleeve-aware gate kept=223, removed=378, gate_modes={'early_relaxed': 138, 'future_relaxed': 62, 'core_strict': 23}, sleeves={'early_scout': 138, 'future_winner': 62, 'core_compounder': 23}
[18:39:25] Portfolio candidate set: sleeve-aware gate kept=217, removed=395, gate_modes={'early_relaxed': 141, 'future_relaxed': 53, 'core_strict': 23}, sleeves={'early_scout': 141, 'future_winner': 53, 'core_compounder': 23}
[18:39:26] Portfolio candidate set: sleeve-aware gate kept=223, removed=373, gate_modes={'early_relaxed': 139, 'future_relaxed': 60, 'core_strict': 24}, sleeves={'early_scout': 139, 'future_winner': 60, 'core_compounder': 24}
[18:39:27] Portfolio candidate set: sleeve-aware gate kept=200, removed=396, gate_modes={'early_relaxed': 109, 'future_relaxed': 68, 'core_strict': 23}, sleeves={'early_scout': 109, 'future_winner': 68, 'core_compounder': 23}
[18:39:28] Portfolio candidate set: sleeve-aware gate kept=159, removed=453, gate_modes={'early_relaxed': 81, 'future_relaxed': 57, 'core_strict': 21}, sleeves={'early_scout': 81, 'future_winner': 57, 'core_compounder': 21}
[18:39:29] Portfolio candidate set: sleeve-aware gate kept=119, removed=481, gate_modes={'early_relaxed': 63, 'future_relaxed': 38, 'core_strict': 18}, sleeves={'early_scout': 63, 'future_winner': 38, 'core_compounder': 18}
[18:39:30] Portfolio candidate set: sleeve-aware gate kept=122, removed=476, gate_modes={'early_relaxed': 70, 'future_relaxed': 34, 'core_strict': 18}, sleeves={'early_scout': 70, 'future_winner': 34, 'core_compounder': 18}
[18:39:31] Portfolio candidate set: sleeve-aware gate kept=166, removed=436, gate_modes={'early_relaxed': 112, 'future_relaxed': 35, 'core_strict': 19}, sleeves={'early_scout': 112, 'future_winner': 35, 'core_compounder': 19}
[18:39:32]   sleeve_policy_per_regime: policy=bal_50_30_20 cash_max=2.00% ...
[18:39:32] Phase 5: running monthly portfolio backtest ...
[18:39:32] Portfolio candidate set: sleeve-aware gate kept=237, removed=240, gate_modes={'early_relaxed': 166, 'future_relaxed': 53, 'core_strict': 18}, sleeves={'early_scout': 166, 'future_winner': 53, 'core_compounder': 18}
[18:39:33] Portfolio candidate set: sleeve-aware gate kept=239, removed=246, gate_modes={'early_relaxed': 177, 'future_relaxed': 46, 'core_strict': 16}, sleeves={'early_scout': 177, 'future_winner': 46, 'core_compounder': 16}
[18:39:34] Portfolio candidate set: sleeve-aware gate kept=138, removed=340, gate_modes={'early_relaxed': 76, 'future_relaxed': 47, 'core_strict': 15}, sleeves={'early_scout': 76, 'future_winner': 47, 'core_compounder': 15}
[18:39:35] Portfolio candidate set: sleeve-aware gate kept=215, removed=272, gate_modes={'early_relaxed': 141, 'future_relaxed': 57, 'core_strict': 17}, sleeves={'early_scout': 141, 'future_winner': 57, 'core_compounder': 17}
[18:39:36] Portfolio candidate set: sleeve-aware gate kept=218, removed=274, gate_modes={'early_relaxed': 146, 'future_relaxed': 56, 'core_strict': 16}, sleeves={'early_scout': 146, 'future_winner': 56, 'core_compounder': 16}
[18:39:37] Portfolio candidate set: sleeve-aware gate kept=168, removed=317, gate_modes={'early_relaxed': 97, 'future_relaxed': 52, 'core_strict': 19}, sleeves={'early_scout': 97, 'future_winner': 52, 'core_compounder': 19}
[18:39:38] Portfolio candidate set: sleeve-aware gate kept=161, removed=331, gate_modes={'early_relaxed': 97, 'future_relaxed': 46, 'core_strict': 18}, sleeves={'early_scout': 97, 'future_winner': 46, 'core_compounder': 18}
[18:39:39] Portfolio candidate set: sleeve-aware gate kept=170, removed=325, gate_modes={'early_relaxed': 127, 'future_relaxed': 28, 'core_strict': 15}, sleeves={'early_scout': 127, 'future_winner': 28, 'core_compounder': 15}
[18:39:40] Portfolio candidate set: sleeve-aware gate kept=164, removed=323, gate_modes={'early_relaxed': 130, 'future_relaxed': 19, 'core_strict': 15}, sleeves={'early_scout': 130, 'future_winner': 19, 'core_compounder': 15}
[18:39:41] Portfolio candidate set: sleeve-aware gate kept=162, removed=324, gate_modes={'early_relaxed': 126, 'future_relaxed': 23, 'core_strict': 13}, sleeves={'early_scout': 126, 'future_winner': 23, 'core_compounder': 13}
[18:39:42] Portfolio candidate set: sleeve-aware gate kept=163, removed=331, gate_modes={'early_relaxed': 125, 'future_relaxed': 22, 'core_strict': 16}, sleeves={'early_scout': 125, 'future_winner': 22, 'core_compounder': 16}
[18:39:43] Portfolio candidate set: sleeve-aware gate kept=182, removed=335, gate_modes={'early_relaxed': 129, 'future_relaxed': 32, 'core_strict': 21}, sleeves={'early_scout': 129, 'future_winner': 32, 'core_compounder': 21}
[18:39:44] Portfolio candidate set: sleeve-aware gate kept=69, removed=380, gate_modes={'early_relaxed': 34, 'core_strict': 20, 'future_relaxed': 15}, sleeves={'early_scout': 34, 'core_compounder': 20, 'future_winner': 15}
[18:39:45] Portfolio candidate set: sleeve-aware gate kept=110, removed=349, gate_modes={'early_relaxed': 62, 'future_relaxed': 29, 'core_strict': 19}, sleeves={'early_scout': 62, 'future_winner': 29, 'core_compounder': 19}
[18:39:45] Portfolio candidate set: sleeve-aware gate kept=157, removed=285, gate_modes={'early_relaxed': 92, 'future_relaxed': 47, 'core_strict': 18}, sleeves={'early_scout': 92, 'future_winner': 47, 'core_compounder': 18}
[18:39:46] Portfolio candidate set: sleeve-aware gate kept=138, removed=308, gate_modes={'early_relaxed': 81, 'future_relaxed': 38, 'core_strict': 19}, sleeves={'early_scout': 81, 'future_winner': 38, 'core_compounder': 19}
[18:39:47] Portfolio candidate set: sleeve-aware gate kept=187, removed=253, gate_modes={'early_relaxed': 125, 'future_relaxed': 44, 'core_strict': 18}, sleeves={'early_scout': 125, 'future_winner': 44, 'core_compounder': 18}
[18:39:48] Portfolio candidate set: sleeve-aware gate kept=153, removed=273, gate_modes={'early_relaxed': 96, 'future_relaxed': 41, 'core_strict': 16}, sleeves={'early_scout': 96, 'future_winner': 41, 'core_compounder': 16}
[18:39:49] Portfolio candidate set: sleeve-aware gate kept=117, removed=327, gate_modes={'early_relaxed': 61, 'future_relaxed': 39, 'core_strict': 17}, sleeves={'early_scout': 61, 'future_winner': 39, 'core_compounder': 17}
[18:39:50] Portfolio candidate set: sleeve-aware gate kept=125, removed=329, gate_modes={'early_relaxed': 73, 'future_relaxed': 38, 'core_strict': 14}, sleeves={'early_scout': 73, 'future_winner': 38, 'core_compounder': 14}
[18:39:51] Portfolio candidate set: sleeve-aware gate kept=178, removed=282, gate_modes={'early_relaxed': 134, 'future_relaxed': 32, 'core_strict': 12}, sleeves={'early_scout': 134, 'future_winner': 32, 'core_compounder': 12}
[18:39:52] Portfolio candidate set: sleeve-aware gate kept=172, removed=284, gate_modes={'early_relaxed': 109, 'future_relaxed': 50, 'core_strict': 13}, sleeves={'early_scout': 109, 'future_winner': 50, 'core_compounder': 13}
[18:39:53] Portfolio candidate set: sleeve-aware gate kept=142, removed=324, gate_modes={'early_relaxed': 92, 'future_relaxed': 36, 'core_strict': 14}, sleeves={'early_scout': 92, 'future_winner': 36, 'core_compounder': 14}
[18:39:54] Portfolio candidate set: sleeve-aware gate kept=240, removed=243, gate_modes={'early_relaxed': 144, 'future_relaxed': 76, 'core_strict': 20}, sleeves={'early_scout': 144, 'future_winner': 76, 'core_compounder': 20}
[18:39:55] Portfolio candidate set: sleeve-aware gate kept=205, removed=297, gate_modes={'early_relaxed': 95, 'future_relaxed': 87, 'core_strict': 23}, sleeves={'early_scout': 95, 'future_winner': 87, 'core_compounder': 23}
[18:39:56] Portfolio candidate set: sleeve-aware gate kept=296, removed=225, gate_modes={'early_relaxed': 182, 'future_relaxed': 92, 'core_strict': 22}, sleeves={'early_scout': 182, 'future_winner': 92, 'core_compounder': 22}
[18:39:57] Portfolio candidate set: sleeve-aware gate kept=191, removed=330, gate_modes={'future_relaxed': 87, 'early_relaxed': 83, 'core_strict': 21}, sleeves={'future_winner': 87, 'early_scout': 83, 'core_compounder': 21}
[18:39:58] Portfolio candidate set: sleeve-aware gate kept=170, removed=363, gate_modes={'future_relaxed': 83, 'early_relaxed': 65, 'core_strict': 22}, sleeves={'future_winner': 83, 'early_scout': 65, 'core_compounder': 22}
[18:39:58] Portfolio candidate set: sleeve-aware gate kept=207, removed=322, gate_modes={'early_relaxed': 100, 'future_relaxed': 85, 'core_strict': 22}, sleeves={'early_scout': 100, 'future_winner': 85, 'core_compounder': 22}
[18:40:00] Portfolio candidate set: sleeve-aware gate kept=227, removed=291, gate_modes={'future_relaxed': 103, 'early_relaxed': 103, 'core_strict': 21}, sleeves={'future_winner': 103, 'early_scout': 103, 'core_compounder': 21}
[18:40:00] Portfolio candidate set: sleeve-aware gate kept=182, removed=354, gate_modes={'future_relaxed': 90, 'early_relaxed': 71, 'core_strict': 21}, sleeves={'future_winner': 90, 'early_scout': 71, 'core_compounder': 21}
[18:40:01] Portfolio candidate set: sleeve-aware gate kept=223, removed=323, gate_modes={'early_relaxed': 133, 'future_relaxed': 75, 'core_strict': 15}, sleeves={'early_scout': 133, 'future_winner': 75, 'core_compounder': 15}
[18:40:02] Portfolio candidate set: sleeve-aware gate kept=137, removed=407, gate_modes={'early_relaxed': 88, 'future_relaxed': 37, 'core_strict': 12}, sleeves={'early_scout': 88, 'future_winner': 37, 'core_compounder': 12}
[18:40:03] Portfolio candidate set: sleeve-aware gate kept=155, removed=401, gate_modes={'early_relaxed': 100, 'future_relaxed': 43, 'core_strict': 12}, sleeves={'early_scout': 100, 'future_winner': 43, 'core_compounder': 12}
[18:40:04] Portfolio candidate set: sleeve-aware gate kept=73, removed=481, gate_modes={'early_relaxed': 31, 'future_relaxed': 28, 'core_strict': 14}, sleeves={'early_scout': 31, 'future_winner': 28, 'core_compounder': 14}
[18:40:05] Portfolio candidate set: sleeve-aware gate kept=174, removed=389, gate_modes={'early_relaxed': 76, 'future_relaxed': 75, 'core_strict': 23}, sleeves={'early_scout': 76, 'future_winner': 75, 'core_compounder': 23}
[18:40:06] Portfolio candidate set: sleeve-aware gate kept=226, removed=323, gate_modes={'future_relaxed': 109, 'early_relaxed': 93, 'core_strict': 24}, sleeves={'future_winner': 109, 'early_scout': 93, 'core_compounder': 24}
[18:40:07] Portfolio candidate set: sleeve-aware gate kept=161, removed=395, gate_modes={'early_relaxed': 82, 'future_relaxed': 58, 'core_strict': 21}, sleeves={'early_scout': 82, 'future_winner': 58, 'core_compounder': 21}
[18:40:08] Portfolio candidate set: sleeve-aware gate kept=118, removed=414, gate_modes={'early_relaxed': 52, 'future_relaxed': 46, 'core_strict': 20}, sleeves={'early_scout': 52, 'future_winner': 46, 'core_compounder': 20}
[18:40:09] Portfolio candidate set: sleeve-aware gate kept=83, removed=441, gate_modes={'early_relaxed': 33, 'future_relaxed': 29, 'core_strict': 21}, sleeves={'early_scout': 33, 'future_winner': 29, 'core_compounder': 21}
[18:40:09] Portfolio candidate set: sleeve-aware gate kept=145, removed=394, gate_modes={'early_relaxed': 86, 'future_relaxed': 38, 'core_strict': 21}, sleeves={'early_scout': 86, 'future_winner': 38, 'core_compounder': 21}
[18:40:10] Portfolio candidate set: sleeve-aware gate kept=128, removed=402, gate_modes={'early_relaxed': 75, 'future_relaxed': 33, 'core_strict': 20}, sleeves={'early_scout': 75, 'future_winner': 33, 'core_compounder': 20}
[18:40:11] Portfolio candidate set: sleeve-aware gate kept=94, removed=439, gate_modes={'early_relaxed': 48, 'future_relaxed': 26, 'core_strict': 20}, sleeves={'early_scout': 48, 'future_winner': 26, 'core_compounder': 20}
[18:40:12] Portfolio candidate set: sleeve-aware gate kept=110, removed=430, gate_modes={'early_relaxed': 71, 'future_relaxed': 23, 'core_strict': 16}, sleeves={'early_scout': 71, 'future_winner': 23, 'core_compounder': 16}
[18:40:13] Portfolio candidate set: sleeve-aware gate kept=145, removed=391, gate_modes={'early_relaxed': 122, 'future_relaxed': 12, 'core_strict': 11}, sleeves={'early_scout': 122, 'future_winner': 12, 'core_compounder': 11}
[18:40:14] Portfolio candidate set: sleeve-aware gate kept=89, removed=440, gate_modes={'early_relaxed': 70, 'core_strict': 11, 'future_relaxed': 8}, sleeves={'early_scout': 70, 'core_compounder': 11, 'future_winner': 8}
[18:40:15] Portfolio candidate set: sleeve-aware gate kept=177, removed=360, gate_modes={'early_relaxed': 152, 'core_strict': 13, 'future_relaxed': 12}, sleeves={'early_scout': 152, 'core_compounder': 13, 'future_winner': 12}
[18:40:16] Portfolio candidate set: sleeve-aware gate kept=166, removed=390, gate_modes={'early_relaxed': 123, 'core_strict': 22, 'future_relaxed': 21}, sleeves={'early_scout': 123, 'core_compounder': 22, 'future_winner': 21}
[18:40:17] Portfolio candidate set: sleeve-aware gate kept=116, removed=435, gate_modes={'early_relaxed': 76, 'core_strict': 23, 'future_relaxed': 17}, sleeves={'early_scout': 76, 'core_compounder': 23, 'future_winner': 17}
[18:40:18] Portfolio candidate set: sleeve-aware gate kept=134, removed=408, gate_modes={'early_relaxed': 96, 'core_strict': 20, 'future_relaxed': 18}, sleeves={'early_scout': 96, 'core_compounder': 20, 'future_winner': 18}
[18:40:19] Portfolio candidate set: sleeve-aware gate kept=127, removed=407, gate_modes={'early_relaxed': 99, 'core_strict': 19, 'future_relaxed': 9}, sleeves={'early_scout': 99, 'core_compounder': 19, 'future_winner': 9}
[18:40:20] Portfolio candidate set: sleeve-aware gate kept=196, removed=345, gate_modes={'early_relaxed': 157, 'core_strict': 21, 'future_relaxed': 18}, sleeves={'early_scout': 157, 'core_compounder': 21, 'future_winner': 18}
[18:40:21] Portfolio candidate set: sleeve-aware gate kept=250, removed=297, gate_modes={'early_relaxed': 208, 'core_strict': 22, 'future_relaxed': 20}, sleeves={'early_scout': 208, 'core_compounder': 22, 'future_winner': 20}
[18:40:22] Portfolio candidate set: sleeve-aware gate kept=128, removed=406, gate_modes={'early_relaxed': 100, 'core_strict': 20, 'future_relaxed': 8}, sleeves={'early_scout': 100, 'core_compounder': 20, 'future_winner': 8}
[18:40:23] Portfolio candidate set: sleeve-aware gate kept=97, removed=442, gate_modes={'early_relaxed': 64, 'core_strict': 21, 'future_relaxed': 12}, sleeves={'early_scout': 64, 'core_compounder': 21, 'future_winner': 12}
[18:40:23] Portfolio candidate set: sleeve-aware gate kept=59, removed=485, gate_modes={'early_relaxed': 40, 'core_strict': 14, 'future_relaxed': 5}, sleeves={'early_scout': 40, 'core_compounder': 14, 'future_winner': 5}
[18:40:25] Portfolio candidate set: sleeve-aware gate kept=131, removed=406, gate_modes={'early_relaxed': 110, 'core_strict': 13, 'future_relaxed': 8}, sleeves={'early_scout': 110, 'core_compounder': 13, 'future_winner': 8}
[18:40:26] Portfolio candidate set: sleeve-aware gate kept=194, removed=357, gate_modes={'early_relaxed': 172, 'core_strict': 13, 'future_relaxed': 9}, sleeves={'early_scout': 172, 'core_compounder': 13, 'future_winner': 9}
[18:40:27] Portfolio candidate set: sleeve-aware gate kept=167, removed=386, gate_modes={'early_relaxed': 138, 'core_strict': 16, 'future_relaxed': 13}, sleeves={'early_scout': 138, 'core_compounder': 16, 'future_winner': 13}
[18:40:28] Portfolio candidate set: sleeve-aware gate kept=245, removed=324, gate_modes={'early_relaxed': 183, 'future_relaxed': 37, 'core_strict': 25}, sleeves={'early_scout': 183, 'future_winner': 37, 'core_compounder': 25}
[18:40:29] Portfolio candidate set: sleeve-aware gate kept=242, removed=318, gate_modes={'early_relaxed': 180, 'future_relaxed': 36, 'core_strict': 26}, sleeves={'early_scout': 180, 'future_winner': 36, 'core_compounder': 26}
[18:40:30] Portfolio candidate set: sleeve-aware gate kept=157, removed=420, gate_modes={'early_relaxed': 91, 'future_relaxed': 42, 'core_strict': 24}, sleeves={'early_scout': 91, 'future_winner': 42, 'core_compounder': 24}
[18:40:31] Portfolio candidate set: sleeve-aware gate kept=174, removed=401, gate_modes={'early_relaxed': 102, 'future_relaxed': 49, 'core_strict': 23}, sleeves={'early_scout': 102, 'future_winner': 49, 'core_compounder': 23}
[18:40:32] Portfolio candidate set: sleeve-aware gate kept=162, removed=418, gate_modes={'early_relaxed': 84, 'future_relaxed': 54, 'core_strict': 24}, sleeves={'early_scout': 84, 'future_winner': 54, 'core_compounder': 24}
[18:40:33] Portfolio candidate set: sleeve-aware gate kept=253, removed=347, gate_modes={'early_relaxed': 178, 'future_relaxed': 52, 'core_strict': 23}, sleeves={'early_scout': 178, 'future_winner': 52, 'core_compounder': 23}
[18:40:34] Portfolio candidate set: sleeve-aware gate kept=217, removed=363, gate_modes={'early_relaxed': 143, 'future_relaxed': 53, 'core_strict': 21}, sleeves={'early_scout': 143, 'future_winner': 53, 'core_compounder': 21}
[18:40:35] Portfolio candidate set: sleeve-aware gate kept=251, removed=336, gate_modes={'early_relaxed': 148, 'future_relaxed': 82, 'core_strict': 21}, sleeves={'early_scout': 148, 'future_winner': 82, 'core_compounder': 21}
[18:40:35] Portfolio candidate set: sleeve-aware gate kept=180, removed=423, gate_modes={'early_relaxed': 129, 'future_relaxed': 34, 'core_strict': 17}, sleeves={'early_scout': 129, 'future_winner': 34, 'core_compounder': 17}
[18:40:36] Portfolio candidate set: sleeve-aware gate kept=208, removed=404, gate_modes={'early_relaxed': 152, 'future_relaxed': 40, 'core_strict': 16}, sleeves={'early_scout': 152, 'future_winner': 40, 'core_compounder': 16}
[18:40:38] Portfolio candidate set: sleeve-aware gate kept=90, removed=518, gate_modes={'future_relaxed': 38, 'early_relaxed': 36, 'core_strict': 16}, sleeves={'future_winner': 38, 'early_scout': 36, 'core_compounder': 16}
[18:40:39] Portfolio candidate set: sleeve-aware gate kept=148, removed=463, gate_modes={'early_relaxed': 99, 'future_relaxed': 32, 'core_strict': 17}, sleeves={'early_scout': 99, 'future_winner': 32, 'core_compounder': 17}
[18:40:40] Portfolio candidate set: sleeve-aware gate kept=193, removed=415, gate_modes={'early_relaxed': 106, 'future_relaxed': 62, 'core_strict': 25}, sleeves={'early_scout': 106, 'future_winner': 62, 'core_compounder': 25}
[18:40:41] Portfolio candidate set: sleeve-aware gate kept=156, removed=454, gate_modes={'early_relaxed': 73, 'future_relaxed': 56, 'core_strict': 27}, sleeves={'early_scout': 73, 'future_winner': 56, 'core_compounder': 27}
[18:40:42] Portfolio candidate set: sleeve-aware gate kept=142, removed=460, gate_modes={'future_relaxed': 59, 'early_relaxed': 58, 'core_strict': 25}, sleeves={'future_winner': 59, 'early_scout': 58, 'core_compounder': 25}
[18:40:43] Portfolio candidate set: sleeve-aware gate kept=186, removed=404, gate_modes={'early_relaxed': 99, 'future_relaxed': 65, 'core_strict': 22}, sleeves={'early_scout': 99, 'future_winner': 65, 'core_compounder': 22}
[18:40:44] Portfolio candidate set: sleeve-aware gate kept=223, removed=378, gate_modes={'early_relaxed': 138, 'future_relaxed': 62, 'core_strict': 23}, sleeves={'early_scout': 138, 'future_winner': 62, 'core_compounder': 23}
[18:40:45] Portfolio candidate set: sleeve-aware gate kept=217, removed=395, gate_modes={'early_relaxed': 141, 'future_relaxed': 53, 'core_strict': 23}, sleeves={'early_scout': 141, 'future_winner': 53, 'core_compounder': 23}
[18:40:46] Portfolio candidate set: sleeve-aware gate kept=223, removed=373, gate_modes={'early_relaxed': 139, 'future_relaxed': 60, 'core_strict': 24}, sleeves={'early_scout': 139, 'future_winner': 60, 'core_compounder': 24}
[18:40:47] Portfolio candidate set: sleeve-aware gate kept=200, removed=396, gate_modes={'early_relaxed': 109, 'future_relaxed': 68, 'core_strict': 23}, sleeves={'early_scout': 109, 'future_winner': 68, 'core_compounder': 23}
[18:40:48] Portfolio candidate set: sleeve-aware gate kept=159, removed=453, gate_modes={'early_relaxed': 81, 'future_relaxed': 57, 'core_strict': 21}, sleeves={'early_scout': 81, 'future_winner': 57, 'core_compounder': 21}
[18:40:48] Portfolio candidate set: sleeve-aware gate kept=119, removed=481, gate_modes={'early_relaxed': 63, 'future_relaxed': 38, 'core_strict': 18}, sleeves={'early_scout': 63, 'future_winner': 38, 'core_compounder': 18}
[18:40:49] Portfolio candidate set: sleeve-aware gate kept=122, removed=476, gate_modes={'early_relaxed': 70, 'future_relaxed': 34, 'core_strict': 18}, sleeves={'early_scout': 70, 'future_winner': 34, 'core_compounder': 18}
[18:40:50] Portfolio candidate set: sleeve-aware gate kept=166, removed=436, gate_modes={'early_relaxed': 112, 'future_relaxed': 35, 'core_strict': 19}, sleeves={'early_scout': 112, 'future_winner': 35, 'core_compounder': 19}
[18:40:52]   sleeve_policy_per_regime: policy=growth_40_40_20 cash_max=2.00% ...
[18:40:52] Phase 5: running monthly portfolio backtest ...
[18:40:52] Portfolio candidate set: sleeve-aware gate kept=237, removed=240, gate_modes={'early_relaxed': 166, 'future_relaxed': 53, 'core_strict': 18}, sleeves={'early_scout': 166, 'future_winner': 53, 'core_compounder': 18}
[18:40:53] Portfolio candidate set: sleeve-aware gate kept=239, removed=246, gate_modes={'early_relaxed': 177, 'future_relaxed': 46, 'core_strict': 16}, sleeves={'early_scout': 177, 'future_winner': 46, 'core_compounder': 16}
[18:40:54] Portfolio candidate set: sleeve-aware gate kept=138, removed=340, gate_modes={'early_relaxed': 76, 'future_relaxed': 47, 'core_strict': 15}, sleeves={'early_scout': 76, 'future_winner': 47, 'core_compounder': 15}
[18:40:55] Portfolio candidate set: sleeve-aware gate kept=215, removed=272, gate_modes={'early_relaxed': 141, 'future_relaxed': 57, 'core_strict': 17}, sleeves={'early_scout': 141, 'future_winner': 57, 'core_compounder': 17}
[18:40:56] Portfolio candidate set: sleeve-aware gate kept=218, removed=274, gate_modes={'early_relaxed': 146, 'future_relaxed': 56, 'core_strict': 16}, sleeves={'early_scout': 146, 'future_winner': 56, 'core_compounder': 16}
[18:40:57] Portfolio candidate set: sleeve-aware gate kept=168, removed=317, gate_modes={'early_relaxed': 97, 'future_relaxed': 52, 'core_strict': 19}, sleeves={'early_scout': 97, 'future_winner': 52, 'core_compounder': 19}
[18:40:58] Portfolio candidate set: sleeve-aware gate kept=161, removed=331, gate_modes={'early_relaxed': 97, 'future_relaxed': 46, 'core_strict': 18}, sleeves={'early_scout': 97, 'future_winner': 46, 'core_compounder': 18}
[18:40:58] Portfolio candidate set: sleeve-aware gate kept=170, removed=325, gate_modes={'early_relaxed': 127, 'future_relaxed': 28, 'core_strict': 15}, sleeves={'early_scout': 127, 'future_winner': 28, 'core_compounder': 15}
[18:41:00] Portfolio candidate set: sleeve-aware gate kept=164, removed=323, gate_modes={'early_relaxed': 130, 'future_relaxed': 19, 'core_strict': 15}, sleeves={'early_scout': 130, 'future_winner': 19, 'core_compounder': 15}
[18:41:01] Portfolio candidate set: sleeve-aware gate kept=162, removed=324, gate_modes={'early_relaxed': 126, 'future_relaxed': 23, 'core_strict': 13}, sleeves={'early_scout': 126, 'future_winner': 23, 'core_compounder': 13}
[18:41:02] Portfolio candidate set: sleeve-aware gate kept=163, removed=331, gate_modes={'early_relaxed': 125, 'future_relaxed': 22, 'core_strict': 16}, sleeves={'early_scout': 125, 'future_winner': 22, 'core_compounder': 16}
[18:41:03] Portfolio candidate set: sleeve-aware gate kept=182, removed=335, gate_modes={'early_relaxed': 129, 'future_relaxed': 32, 'core_strict': 21}, sleeves={'early_scout': 129, 'future_winner': 32, 'core_compounder': 21}
[18:41:03] Portfolio candidate set: sleeve-aware gate kept=69, removed=380, gate_modes={'early_relaxed': 34, 'core_strict': 20, 'future_relaxed': 15}, sleeves={'early_scout': 34, 'core_compounder': 20, 'future_winner': 15}
[18:41:04] Portfolio candidate set: sleeve-aware gate kept=110, removed=349, gate_modes={'early_relaxed': 62, 'future_relaxed': 29, 'core_strict': 19}, sleeves={'early_scout': 62, 'future_winner': 29, 'core_compounder': 19}
[18:41:05] Portfolio candidate set: sleeve-aware gate kept=157, removed=285, gate_modes={'early_relaxed': 92, 'future_relaxed': 47, 'core_strict': 18}, sleeves={'early_scout': 92, 'future_winner': 47, 'core_compounder': 18}
[18:41:06] Portfolio candidate set: sleeve-aware gate kept=138, removed=308, gate_modes={'early_relaxed': 81, 'future_relaxed': 38, 'core_strict': 19}, sleeves={'early_scout': 81, 'future_winner': 38, 'core_compounder': 19}
[18:41:07] Portfolio candidate set: sleeve-aware gate kept=187, removed=253, gate_modes={'early_relaxed': 125, 'future_relaxed': 44, 'core_strict': 18}, sleeves={'early_scout': 125, 'future_winner': 44, 'core_compounder': 18}
[18:41:08] Portfolio candidate set: sleeve-aware gate kept=153, removed=273, gate_modes={'early_relaxed': 96, 'future_relaxed': 41, 'core_strict': 16}, sleeves={'early_scout': 96, 'future_winner': 41, 'core_compounder': 16}
[18:41:09] Portfolio candidate set: sleeve-aware gate kept=117, removed=327, gate_modes={'early_relaxed': 61, 'future_relaxed': 39, 'core_strict': 17}, sleeves={'early_scout': 61, 'future_winner': 39, 'core_compounder': 17}
[18:41:10] Portfolio candidate set: sleeve-aware gate kept=125, removed=329, gate_modes={'early_relaxed': 73, 'future_relaxed': 38, 'core_strict': 14}, sleeves={'early_scout': 73, 'future_winner': 38, 'core_compounder': 14}
[18:41:11] Portfolio candidate set: sleeve-aware gate kept=178, removed=282, gate_modes={'early_relaxed': 134, 'future_relaxed': 32, 'core_strict': 12}, sleeves={'early_scout': 134, 'future_winner': 32, 'core_compounder': 12}
[18:41:12] Portfolio candidate set: sleeve-aware gate kept=172, removed=284, gate_modes={'early_relaxed': 109, 'future_relaxed': 50, 'core_strict': 13}, sleeves={'early_scout': 109, 'future_winner': 50, 'core_compounder': 13}
[18:41:13] Portfolio candidate set: sleeve-aware gate kept=142, removed=324, gate_modes={'early_relaxed': 92, 'future_relaxed': 36, 'core_strict': 14}, sleeves={'early_scout': 92, 'future_winner': 36, 'core_compounder': 14}
[18:41:13] Portfolio candidate set: sleeve-aware gate kept=240, removed=243, gate_modes={'early_relaxed': 144, 'future_relaxed': 76, 'core_strict': 20}, sleeves={'early_scout': 144, 'future_winner': 76, 'core_compounder': 20}
[18:41:14] Portfolio candidate set: sleeve-aware gate kept=205, removed=297, gate_modes={'early_relaxed': 95, 'future_relaxed': 87, 'core_strict': 23}, sleeves={'early_scout': 95, 'future_winner': 87, 'core_compounder': 23}
[18:41:16] Portfolio candidate set: sleeve-aware gate kept=296, removed=225, gate_modes={'early_relaxed': 182, 'future_relaxed': 92, 'core_strict': 22}, sleeves={'early_scout': 182, 'future_winner': 92, 'core_compounder': 22}
[18:41:16] Portfolio candidate set: sleeve-aware gate kept=191, removed=330, gate_modes={'future_relaxed': 87, 'early_relaxed': 83, 'core_strict': 21}, sleeves={'future_winner': 87, 'early_scout': 83, 'core_compounder': 21}
[18:41:17] Portfolio candidate set: sleeve-aware gate kept=170, removed=363, gate_modes={'future_relaxed': 83, 'early_relaxed': 65, 'core_strict': 22}, sleeves={'future_winner': 83, 'early_scout': 65, 'core_compounder': 22}
[18:41:18] Portfolio candidate set: sleeve-aware gate kept=207, removed=322, gate_modes={'early_relaxed': 100, 'future_relaxed': 85, 'core_strict': 22}, sleeves={'early_scout': 100, 'future_winner': 85, 'core_compounder': 22}
[18:41:19] Portfolio candidate set: sleeve-aware gate kept=227, removed=291, gate_modes={'future_relaxed': 103, 'early_relaxed': 103, 'core_strict': 21}, sleeves={'future_winner': 103, 'early_scout': 103, 'core_compounder': 21}
[18:41:20] Portfolio candidate set: sleeve-aware gate kept=182, removed=354, gate_modes={'future_relaxed': 90, 'early_relaxed': 71, 'core_strict': 21}, sleeves={'future_winner': 90, 'early_scout': 71, 'core_compounder': 21}
[18:41:21] Portfolio candidate set: sleeve-aware gate kept=223, removed=323, gate_modes={'early_relaxed': 133, 'future_relaxed': 75, 'core_strict': 15}, sleeves={'early_scout': 133, 'future_winner': 75, 'core_compounder': 15}
[18:41:22] Portfolio candidate set: sleeve-aware gate kept=137, removed=407, gate_modes={'early_relaxed': 88, 'future_relaxed': 37, 'core_strict': 12}, sleeves={'early_scout': 88, 'future_winner': 37, 'core_compounder': 12}
[18:41:23] Portfolio candidate set: sleeve-aware gate kept=155, removed=401, gate_modes={'early_relaxed': 100, 'future_relaxed': 43, 'core_strict': 12}, sleeves={'early_scout': 100, 'future_winner': 43, 'core_compounder': 12}
[18:41:24] Portfolio candidate set: sleeve-aware gate kept=73, removed=481, gate_modes={'early_relaxed': 31, 'future_relaxed': 28, 'core_strict': 14}, sleeves={'early_scout': 31, 'future_winner': 28, 'core_compounder': 14}
[18:41:25] Portfolio candidate set: sleeve-aware gate kept=174, removed=389, gate_modes={'early_relaxed': 76, 'future_relaxed': 75, 'core_strict': 23}, sleeves={'early_scout': 76, 'future_winner': 75, 'core_compounder': 23}
[18:41:26] Portfolio candidate set: sleeve-aware gate kept=226, removed=323, gate_modes={'future_relaxed': 109, 'early_relaxed': 93, 'core_strict': 24}, sleeves={'future_winner': 109, 'early_scout': 93, 'core_compounder': 24}
[18:41:27] Portfolio candidate set: sleeve-aware gate kept=161, removed=395, gate_modes={'early_relaxed': 82, 'future_relaxed': 58, 'core_strict': 21}, sleeves={'early_scout': 82, 'future_winner': 58, 'core_compounder': 21}
[18:41:28] Portfolio candidate set: sleeve-aware gate kept=118, removed=414, gate_modes={'early_relaxed': 52, 'future_relaxed': 46, 'core_strict': 20}, sleeves={'early_scout': 52, 'future_winner': 46, 'core_compounder': 20}
[18:41:29] Portfolio candidate set: sleeve-aware gate kept=83, removed=441, gate_modes={'early_relaxed': 33, 'future_relaxed': 29, 'core_strict': 21}, sleeves={'early_scout': 33, 'future_winner': 29, 'core_compounder': 21}
[18:41:30] Portfolio candidate set: sleeve-aware gate kept=145, removed=394, gate_modes={'early_relaxed': 86, 'future_relaxed': 38, 'core_strict': 21}, sleeves={'early_scout': 86, 'future_winner': 38, 'core_compounder': 21}
[18:41:31] Portfolio candidate set: sleeve-aware gate kept=128, removed=402, gate_modes={'early_relaxed': 75, 'future_relaxed': 33, 'core_strict': 20}, sleeves={'early_scout': 75, 'future_winner': 33, 'core_compounder': 20}
[18:41:31] Portfolio candidate set: sleeve-aware gate kept=94, removed=439, gate_modes={'early_relaxed': 48, 'future_relaxed': 26, 'core_strict': 20}, sleeves={'early_scout': 48, 'future_winner': 26, 'core_compounder': 20}
[18:41:32] Portfolio candidate set: sleeve-aware gate kept=110, removed=430, gate_modes={'early_relaxed': 71, 'future_relaxed': 23, 'core_strict': 16}, sleeves={'early_scout': 71, 'future_winner': 23, 'core_compounder': 16}
[18:41:33] Portfolio candidate set: sleeve-aware gate kept=145, removed=391, gate_modes={'early_relaxed': 122, 'future_relaxed': 12, 'core_strict': 11}, sleeves={'early_scout': 122, 'future_winner': 12, 'core_compounder': 11}
[18:41:34] Portfolio candidate set: sleeve-aware gate kept=89, removed=440, gate_modes={'early_relaxed': 70, 'core_strict': 11, 'future_relaxed': 8}, sleeves={'early_scout': 70, 'core_compounder': 11, 'future_winner': 8}
[18:41:35] Portfolio candidate set: sleeve-aware gate kept=177, removed=360, gate_modes={'early_relaxed': 152, 'core_strict': 13, 'future_relaxed': 12}, sleeves={'early_scout': 152, 'core_compounder': 13, 'future_winner': 12}
[18:41:36] Portfolio candidate set: sleeve-aware gate kept=166, removed=390, gate_modes={'early_relaxed': 123, 'core_strict': 22, 'future_relaxed': 21}, sleeves={'early_scout': 123, 'core_compounder': 22, 'future_winner': 21}
[18:41:37] Portfolio candidate set: sleeve-aware gate kept=116, removed=435, gate_modes={'early_relaxed': 76, 'core_strict': 23, 'future_relaxed': 17}, sleeves={'early_scout': 76, 'core_compounder': 23, 'future_winner': 17}
[18:41:38] Portfolio candidate set: sleeve-aware gate kept=134, removed=408, gate_modes={'early_relaxed': 96, 'core_strict': 20, 'future_relaxed': 18}, sleeves={'early_scout': 96, 'core_compounder': 20, 'future_winner': 18}
[18:41:39] Portfolio candidate set: sleeve-aware gate kept=127, removed=407, gate_modes={'early_relaxed': 99, 'core_strict': 19, 'future_relaxed': 9}, sleeves={'early_scout': 99, 'core_compounder': 19, 'future_winner': 9}
[18:41:40] Portfolio candidate set: sleeve-aware gate kept=196, removed=345, gate_modes={'early_relaxed': 157, 'core_strict': 21, 'future_relaxed': 18}, sleeves={'early_scout': 157, 'core_compounder': 21, 'future_winner': 18}
[18:41:41] Portfolio candidate set: sleeve-aware gate kept=250, removed=297, gate_modes={'early_relaxed': 208, 'core_strict': 22, 'future_relaxed': 20}, sleeves={'early_scout': 208, 'core_compounder': 22, 'future_winner': 20}
[18:41:42] Portfolio candidate set: sleeve-aware gate kept=128, removed=406, gate_modes={'early_relaxed': 100, 'core_strict': 20, 'future_relaxed': 8}, sleeves={'early_scout': 100, 'core_compounder': 20, 'future_winner': 8}
[18:41:43] Portfolio candidate set: sleeve-aware gate kept=97, removed=442, gate_modes={'early_relaxed': 64, 'core_strict': 21, 'future_relaxed': 12}, sleeves={'early_scout': 64, 'core_compounder': 21, 'future_winner': 12}
[18:41:44] Portfolio candidate set: sleeve-aware gate kept=59, removed=485, gate_modes={'early_relaxed': 40, 'core_strict': 14, 'future_relaxed': 5}, sleeves={'early_scout': 40, 'core_compounder': 14, 'future_winner': 5}
[18:41:45] Portfolio candidate set: sleeve-aware gate kept=131, removed=406, gate_modes={'early_relaxed': 110, 'core_strict': 13, 'future_relaxed': 8}, sleeves={'early_scout': 110, 'core_compounder': 13, 'future_winner': 8}
[18:41:46] Portfolio candidate set: sleeve-aware gate kept=194, removed=357, gate_modes={'early_relaxed': 172, 'core_strict': 13, 'future_relaxed': 9}, sleeves={'early_scout': 172, 'core_compounder': 13, 'future_winner': 9}
[18:41:47] Portfolio candidate set: sleeve-aware gate kept=167, removed=386, gate_modes={'early_relaxed': 138, 'core_strict': 16, 'future_relaxed': 13}, sleeves={'early_scout': 138, 'core_compounder': 16, 'future_winner': 13}
[18:41:48] Portfolio candidate set: sleeve-aware gate kept=245, removed=324, gate_modes={'early_relaxed': 183, 'future_relaxed': 37, 'core_strict': 25}, sleeves={'early_scout': 183, 'future_winner': 37, 'core_compounder': 25}
[18:41:49] Portfolio candidate set: sleeve-aware gate kept=242, removed=318, gate_modes={'early_relaxed': 180, 'future_relaxed': 36, 'core_strict': 26}, sleeves={'early_scout': 180, 'future_winner': 36, 'core_compounder': 26}
[18:41:49] Portfolio candidate set: sleeve-aware gate kept=157, removed=420, gate_modes={'early_relaxed': 91, 'future_relaxed': 42, 'core_strict': 24}, sleeves={'early_scout': 91, 'future_winner': 42, 'core_compounder': 24}
[18:41:50] Portfolio candidate set: sleeve-aware gate kept=174, removed=401, gate_modes={'early_relaxed': 102, 'future_relaxed': 49, 'core_strict': 23}, sleeves={'early_scout': 102, 'future_winner': 49, 'core_compounder': 23}
[18:41:51] Portfolio candidate set: sleeve-aware gate kept=162, removed=418, gate_modes={'early_relaxed': 84, 'future_relaxed': 54, 'core_strict': 24}, sleeves={'early_scout': 84, 'future_winner': 54, 'core_compounder': 24}
[18:41:52] Portfolio candidate set: sleeve-aware gate kept=253, removed=347, gate_modes={'early_relaxed': 178, 'future_relaxed': 52, 'core_strict': 23}, sleeves={'early_scout': 178, 'future_winner': 52, 'core_compounder': 23}
[18:41:53] Portfolio candidate set: sleeve-aware gate kept=217, removed=363, gate_modes={'early_relaxed': 143, 'future_relaxed': 53, 'core_strict': 21}, sleeves={'early_scout': 143, 'future_winner': 53, 'core_compounder': 21}
[18:41:54] Portfolio candidate set: sleeve-aware gate kept=251, removed=336, gate_modes={'early_relaxed': 148, 'future_relaxed': 82, 'core_strict': 21}, sleeves={'early_scout': 148, 'future_winner': 82, 'core_compounder': 21}
[18:41:55] Portfolio candidate set: sleeve-aware gate kept=180, removed=423, gate_modes={'early_relaxed': 129, 'future_relaxed': 34, 'core_strict': 17}, sleeves={'early_scout': 129, 'future_winner': 34, 'core_compounder': 17}
[18:41:56] Portfolio candidate set: sleeve-aware gate kept=208, removed=404, gate_modes={'early_relaxed': 152, 'future_relaxed': 40, 'core_strict': 16}, sleeves={'early_scout': 152, 'future_winner': 40, 'core_compounder': 16}
[18:41:57] Portfolio candidate set: sleeve-aware gate kept=90, removed=518, gate_modes={'future_relaxed': 38, 'early_relaxed': 36, 'core_strict': 16}, sleeves={'future_winner': 38, 'early_scout': 36, 'core_compounder': 16}
[18:41:58] Portfolio candidate set: sleeve-aware gate kept=148, removed=463, gate_modes={'early_relaxed': 99, 'future_relaxed': 32, 'core_strict': 17}, sleeves={'early_scout': 99, 'future_winner': 32, 'core_compounder': 17}
[18:42:00] Portfolio candidate set: sleeve-aware gate kept=193, removed=415, gate_modes={'early_relaxed': 106, 'future_relaxed': 62, 'core_strict': 25}, sleeves={'early_scout': 106, 'future_winner': 62, 'core_compounder': 25}
[18:42:01] Portfolio candidate set: sleeve-aware gate kept=156, removed=454, gate_modes={'early_relaxed': 73, 'future_relaxed': 56, 'core_strict': 27}, sleeves={'early_scout': 73, 'future_winner': 56, 'core_compounder': 27}
[18:42:02] Portfolio candidate set: sleeve-aware gate kept=142, removed=460, gate_modes={'future_relaxed': 59, 'early_relaxed': 58, 'core_strict': 25}, sleeves={'future_winner': 59, 'early_scout': 58, 'core_compounder': 25}
[18:42:03] Portfolio candidate set: sleeve-aware gate kept=186, removed=404, gate_modes={'early_relaxed': 99, 'future_relaxed': 65, 'core_strict': 22}, sleeves={'early_scout': 99, 'future_winner': 65, 'core_compounder': 22}
[18:42:04] Portfolio candidate set: sleeve-aware gate kept=223, removed=378, gate_modes={'early_relaxed': 138, 'future_relaxed': 62, 'core_strict': 23}, sleeves={'early_scout': 138, 'future_winner': 62, 'core_compounder': 23}
[18:42:04] Portfolio candidate set: sleeve-aware gate kept=217, removed=395, gate_modes={'early_relaxed': 141, 'future_relaxed': 53, 'core_strict': 23}, sleeves={'early_scout': 141, 'future_winner': 53, 'core_compounder': 23}
[18:42:05] Portfolio candidate set: sleeve-aware gate kept=223, removed=373, gate_modes={'early_relaxed': 139, 'future_relaxed': 60, 'core_strict': 24}, sleeves={'early_scout': 139, 'future_winner': 60, 'core_compounder': 24}
[18:42:06] Portfolio candidate set: sleeve-aware gate kept=200, removed=396, gate_modes={'early_relaxed': 109, 'future_relaxed': 68, 'core_strict': 23}, sleeves={'early_scout': 109, 'future_winner': 68, 'core_compounder': 23}
[18:42:07] Portfolio candidate set: sleeve-aware gate kept=159, removed=453, gate_modes={'early_relaxed': 81, 'future_relaxed': 57, 'core_strict': 21}, sleeves={'early_scout': 81, 'future_winner': 57, 'core_compounder': 21}
[18:42:08] Portfolio candidate set: sleeve-aware gate kept=119, removed=481, gate_modes={'early_relaxed': 63, 'future_relaxed': 38, 'core_strict': 18}, sleeves={'early_scout': 63, 'future_winner': 38, 'core_compounder': 18}
[18:42:09] Portfolio candidate set: sleeve-aware gate kept=122, removed=476, gate_modes={'early_relaxed': 70, 'future_relaxed': 34, 'core_strict': 18}, sleeves={'early_scout': 70, 'future_winner': 34, 'core_compounder': 18}
[18:42:10] Portfolio candidate set: sleeve-aware gate kept=166, removed=436, gate_modes={'early_relaxed': 112, 'future_relaxed': 35, 'core_strict': 19}, sleeves={'early_scout': 112, 'future_winner': 35, 'core_compounder': 19}
[18:42:11]   sleeve_policy_per_regime: policy=growth_25_45_30 cash_max=2.00% ...
[18:42:11] Phase 5: running monthly portfolio backtest ...
[18:42:12] Portfolio candidate set: sleeve-aware gate kept=237, removed=240, gate_modes={'early_relaxed': 166, 'future_relaxed': 53, 'core_strict': 18}, sleeves={'early_scout': 166, 'future_winner': 53, 'core_compounder': 18}
[18:42:12] Portfolio candidate set: sleeve-aware gate kept=239, removed=246, gate_modes={'early_relaxed': 177, 'future_relaxed': 46, 'core_strict': 16}, sleeves={'early_scout': 177, 'future_winner': 46, 'core_compounder': 16}
[18:42:13] Portfolio candidate set: sleeve-aware gate kept=138, removed=340, gate_modes={'early_relaxed': 76, 'future_relaxed': 47, 'core_strict': 15}, sleeves={'early_scout': 76, 'future_winner': 47, 'core_compounder': 15}
[18:42:14] Portfolio candidate set: sleeve-aware gate kept=215, removed=272, gate_modes={'early_relaxed': 141, 'future_relaxed': 57, 'core_strict': 17}, sleeves={'early_scout': 141, 'future_winner': 57, 'core_compounder': 17}
[18:42:15] Portfolio candidate set: sleeve-aware gate kept=218, removed=274, gate_modes={'early_relaxed': 146, 'future_relaxed': 56, 'core_strict': 16}, sleeves={'early_scout': 146, 'future_winner': 56, 'core_compounder': 16}
[18:42:16] Portfolio candidate set: sleeve-aware gate kept=168, removed=317, gate_modes={'early_relaxed': 97, 'future_relaxed': 52, 'core_strict': 19}, sleeves={'early_scout': 97, 'future_winner': 52, 'core_compounder': 19}
[18:42:17] Portfolio candidate set: sleeve-aware gate kept=161, removed=331, gate_modes={'early_relaxed': 97, 'future_relaxed': 46, 'core_strict': 18}, sleeves={'early_scout': 97, 'future_winner': 46, 'core_compounder': 18}
[18:42:18] Portfolio candidate set: sleeve-aware gate kept=170, removed=325, gate_modes={'early_relaxed': 127, 'future_relaxed': 28, 'core_strict': 15}, sleeves={'early_scout': 127, 'future_winner': 28, 'core_compounder': 15}
[18:42:19] Portfolio candidate set: sleeve-aware gate kept=164, removed=323, gate_modes={'early_relaxed': 130, 'future_relaxed': 19, 'core_strict': 15}, sleeves={'early_scout': 130, 'future_winner': 19, 'core_compounder': 15}
[18:42:20] Portfolio candidate set: sleeve-aware gate kept=162, removed=324, gate_modes={'early_relaxed': 126, 'future_relaxed': 23, 'core_strict': 13}, sleeves={'early_scout': 126, 'future_winner': 23, 'core_compounder': 13}
[18:42:21] Portfolio candidate set: sleeve-aware gate kept=163, removed=331, gate_modes={'early_relaxed': 125, 'future_relaxed': 22, 'core_strict': 16}, sleeves={'early_scout': 125, 'future_winner': 22, 'core_compounder': 16}
[18:42:22] Portfolio candidate set: sleeve-aware gate kept=182, removed=335, gate_modes={'early_relaxed': 129, 'future_relaxed': 32, 'core_strict': 21}, sleeves={'early_scout': 129, 'future_winner': 32, 'core_compounder': 21}
[18:42:23] Portfolio candidate set: sleeve-aware gate kept=69, removed=380, gate_modes={'early_relaxed': 34, 'core_strict': 20, 'future_relaxed': 15}, sleeves={'early_scout': 34, 'core_compounder': 20, 'future_winner': 15}
[18:42:24] Portfolio candidate set: sleeve-aware gate kept=110, removed=349, gate_modes={'early_relaxed': 62, 'future_relaxed': 29, 'core_strict': 19}, sleeves={'early_scout': 62, 'future_winner': 29, 'core_compounder': 19}
[18:42:25] Portfolio candidate set: sleeve-aware gate kept=157, removed=285, gate_modes={'early_relaxed': 92, 'future_relaxed': 47, 'core_strict': 18}, sleeves={'early_scout': 92, 'future_winner': 47, 'core_compounder': 18}
[18:42:26] Portfolio candidate set: sleeve-aware gate kept=138, removed=308, gate_modes={'early_relaxed': 81, 'future_relaxed': 38, 'core_strict': 19}, sleeves={'early_scout': 81, 'future_winner': 38, 'core_compounder': 19}
[18:42:27] Portfolio candidate set: sleeve-aware gate kept=187, removed=253, gate_modes={'early_relaxed': 125, 'future_relaxed': 44, 'core_strict': 18}, sleeves={'early_scout': 125, 'future_winner': 44, 'core_compounder': 18}
[18:42:28] Portfolio candidate set: sleeve-aware gate kept=153, removed=273, gate_modes={'early_relaxed': 96, 'future_relaxed': 41, 'core_strict': 16}, sleeves={'early_scout': 96, 'future_winner': 41, 'core_compounder': 16}
[18:42:28] Portfolio candidate set: sleeve-aware gate kept=117, removed=327, gate_modes={'early_relaxed': 61, 'future_relaxed': 39, 'core_strict': 17}, sleeves={'early_scout': 61, 'future_winner': 39, 'core_compounder': 17}
[18:42:29] Portfolio candidate set: sleeve-aware gate kept=125, removed=329, gate_modes={'early_relaxed': 73, 'future_relaxed': 38, 'core_strict': 14}, sleeves={'early_scout': 73, 'future_winner': 38, 'core_compounder': 14}
[18:42:30] Portfolio candidate set: sleeve-aware gate kept=178, removed=282, gate_modes={'early_relaxed': 134, 'future_relaxed': 32, 'core_strict': 12}, sleeves={'early_scout': 134, 'future_winner': 32, 'core_compounder': 12}
[18:42:31] Portfolio candidate set: sleeve-aware gate kept=172, removed=284, gate_modes={'early_relaxed': 109, 'future_relaxed': 50, 'core_strict': 13}, sleeves={'early_scout': 109, 'future_winner': 50, 'core_compounder': 13}
[18:42:33] Portfolio candidate set: sleeve-aware gate kept=142, removed=324, gate_modes={'early_relaxed': 92, 'future_relaxed': 36, 'core_strict': 14}, sleeves={'early_scout': 92, 'future_winner': 36, 'core_compounder': 14}
[18:42:34] Portfolio candidate set: sleeve-aware gate kept=240, removed=243, gate_modes={'early_relaxed': 144, 'future_relaxed': 76, 'core_strict': 20}, sleeves={'early_scout': 144, 'future_winner': 76, 'core_compounder': 20}
[18:42:35] Portfolio candidate set: sleeve-aware gate kept=205, removed=297, gate_modes={'early_relaxed': 95, 'future_relaxed': 87, 'core_strict': 23}, sleeves={'early_scout': 95, 'future_winner': 87, 'core_compounder': 23}
[18:42:36] Portfolio candidate set: sleeve-aware gate kept=296, removed=225, gate_modes={'early_relaxed': 182, 'future_relaxed': 92, 'core_strict': 22}, sleeves={'early_scout': 182, 'future_winner': 92, 'core_compounder': 22}
[18:42:37] Portfolio candidate set: sleeve-aware gate kept=191, removed=330, gate_modes={'future_relaxed': 87, 'early_relaxed': 83, 'core_strict': 21}, sleeves={'future_winner': 87, 'early_scout': 83, 'core_compounder': 21}
[18:42:38] Portfolio candidate set: sleeve-aware gate kept=170, removed=363, gate_modes={'future_relaxed': 83, 'early_relaxed': 65, 'core_strict': 22}, sleeves={'future_winner': 83, 'early_scout': 65, 'core_compounder': 22}
[18:42:39] Portfolio candidate set: sleeve-aware gate kept=207, removed=322, gate_modes={'early_relaxed': 100, 'future_relaxed': 85, 'core_strict': 22}, sleeves={'early_scout': 100, 'future_winner': 85, 'core_compounder': 22}
[18:42:40] Portfolio candidate set: sleeve-aware gate kept=227, removed=291, gate_modes={'future_relaxed': 103, 'early_relaxed': 103, 'core_strict': 21}, sleeves={'future_winner': 103, 'early_scout': 103, 'core_compounder': 21}
[18:42:41] Portfolio candidate set: sleeve-aware gate kept=182, removed=354, gate_modes={'future_relaxed': 90, 'early_relaxed': 71, 'core_strict': 21}, sleeves={'future_winner': 90, 'early_scout': 71, 'core_compounder': 21}
[18:42:41] Portfolio candidate set: sleeve-aware gate kept=223, removed=323, gate_modes={'early_relaxed': 133, 'future_relaxed': 75, 'core_strict': 15}, sleeves={'early_scout': 133, 'future_winner': 75, 'core_compounder': 15}
[18:42:42] Portfolio candidate set: sleeve-aware gate kept=137, removed=407, gate_modes={'early_relaxed': 88, 'future_relaxed': 37, 'core_strict': 12}, sleeves={'early_scout': 88, 'future_winner': 37, 'core_compounder': 12}
[18:42:43] Portfolio candidate set: sleeve-aware gate kept=155, removed=401, gate_modes={'early_relaxed': 100, 'future_relaxed': 43, 'core_strict': 12}, sleeves={'early_scout': 100, 'future_winner': 43, 'core_compounder': 12}
[18:42:44] Portfolio candidate set: sleeve-aware gate kept=73, removed=481, gate_modes={'early_relaxed': 31, 'future_relaxed': 28, 'core_strict': 14}, sleeves={'early_scout': 31, 'future_winner': 28, 'core_compounder': 14}
[18:42:45] Portfolio candidate set: sleeve-aware gate kept=174, removed=389, gate_modes={'early_relaxed': 76, 'future_relaxed': 75, 'core_strict': 23}, sleeves={'early_scout': 76, 'future_winner': 75, 'core_compounder': 23}
[18:42:46] Portfolio candidate set: sleeve-aware gate kept=226, removed=323, gate_modes={'future_relaxed': 109, 'early_relaxed': 93, 'core_strict': 24}, sleeves={'future_winner': 109, 'early_scout': 93, 'core_compounder': 24}
[18:42:47] Portfolio candidate set: sleeve-aware gate kept=161, removed=395, gate_modes={'early_relaxed': 82, 'future_relaxed': 58, 'core_strict': 21}, sleeves={'early_scout': 82, 'future_winner': 58, 'core_compounder': 21}
[18:42:49] Portfolio candidate set: sleeve-aware gate kept=118, removed=414, gate_modes={'early_relaxed': 52, 'future_relaxed': 46, 'core_strict': 20}, sleeves={'early_scout': 52, 'future_winner': 46, 'core_compounder': 20}
[18:42:50] Portfolio candidate set: sleeve-aware gate kept=83, removed=441, gate_modes={'early_relaxed': 33, 'future_relaxed': 29, 'core_strict': 21}, sleeves={'early_scout': 33, 'future_winner': 29, 'core_compounder': 21}
[18:42:51] Portfolio candidate set: sleeve-aware gate kept=145, removed=394, gate_modes={'early_relaxed': 86, 'future_relaxed': 38, 'core_strict': 21}, sleeves={'early_scout': 86, 'future_winner': 38, 'core_compounder': 21}
[18:42:52] Portfolio candidate set: sleeve-aware gate kept=128, removed=402, gate_modes={'early_relaxed': 75, 'future_relaxed': 33, 'core_strict': 20}, sleeves={'early_scout': 75, 'future_winner': 33, 'core_compounder': 20}
[18:42:53] Portfolio candidate set: sleeve-aware gate kept=94, removed=439, gate_modes={'early_relaxed': 48, 'future_relaxed': 26, 'core_strict': 20}, sleeves={'early_scout': 48, 'future_winner': 26, 'core_compounder': 20}
[18:42:54] Portfolio candidate set: sleeve-aware gate kept=110, removed=430, gate_modes={'early_relaxed': 71, 'future_relaxed': 23, 'core_strict': 16}, sleeves={'early_scout': 71, 'future_winner': 23, 'core_compounder': 16}
[18:42:55] Portfolio candidate set: sleeve-aware gate kept=145, removed=391, gate_modes={'early_relaxed': 122, 'future_relaxed': 12, 'core_strict': 11}, sleeves={'early_scout': 122, 'future_winner': 12, 'core_compounder': 11}
[18:42:56] Portfolio candidate set: sleeve-aware gate kept=89, removed=440, gate_modes={'early_relaxed': 70, 'core_strict': 11, 'future_relaxed': 8}, sleeves={'early_scout': 70, 'core_compounder': 11, 'future_winner': 8}
[18:42:57] Portfolio candidate set: sleeve-aware gate kept=177, removed=360, gate_modes={'early_relaxed': 152, 'core_strict': 13, 'future_relaxed': 12}, sleeves={'early_scout': 152, 'core_compounder': 13, 'future_winner': 12}
[18:42:57] Portfolio candidate set: sleeve-aware gate kept=166, removed=390, gate_modes={'early_relaxed': 123, 'core_strict': 22, 'future_relaxed': 21}, sleeves={'early_scout': 123, 'core_compounder': 22, 'future_winner': 21}
[18:42:58] Portfolio candidate set: sleeve-aware gate kept=116, removed=435, gate_modes={'early_relaxed': 76, 'core_strict': 23, 'future_relaxed': 17}, sleeves={'early_scout': 76, 'core_compounder': 23, 'future_winner': 17}
[18:42:59] Portfolio candidate set: sleeve-aware gate kept=134, removed=408, gate_modes={'early_relaxed': 96, 'core_strict': 20, 'future_relaxed': 18}, sleeves={'early_scout': 96, 'core_compounder': 20, 'future_winner': 18}
[18:43:00] Portfolio candidate set: sleeve-aware gate kept=127, removed=407, gate_modes={'early_relaxed': 99, 'core_strict': 19, 'future_relaxed': 9}, sleeves={'early_scout': 99, 'core_compounder': 19, 'future_winner': 9}
[18:43:01] Portfolio candidate set: sleeve-aware gate kept=196, removed=345, gate_modes={'early_relaxed': 157, 'core_strict': 21, 'future_relaxed': 18}, sleeves={'early_scout': 157, 'core_compounder': 21, 'future_winner': 18}
[18:43:02] Portfolio candidate set: sleeve-aware gate kept=250, removed=297, gate_modes={'early_relaxed': 208, 'core_strict': 22, 'future_relaxed': 20}, sleeves={'early_scout': 208, 'core_compounder': 22, 'future_winner': 20}
[18:43:03] Portfolio candidate set: sleeve-aware gate kept=128, removed=406, gate_modes={'early_relaxed': 100, 'core_strict': 20, 'future_relaxed': 8}, sleeves={'early_scout': 100, 'core_compounder': 20, 'future_winner': 8}
[18:43:04] Portfolio candidate set: sleeve-aware gate kept=97, removed=442, gate_modes={'early_relaxed': 64, 'core_strict': 21, 'future_relaxed': 12}, sleeves={'early_scout': 64, 'core_compounder': 21, 'future_winner': 12}
[18:43:05] Portfolio candidate set: sleeve-aware gate kept=59, removed=485, gate_modes={'early_relaxed': 40, 'core_strict': 14, 'future_relaxed': 5}, sleeves={'early_scout': 40, 'core_compounder': 14, 'future_winner': 5}
[18:43:06] Portfolio candidate set: sleeve-aware gate kept=131, removed=406, gate_modes={'early_relaxed': 110, 'core_strict': 13, 'future_relaxed': 8}, sleeves={'early_scout': 110, 'core_compounder': 13, 'future_winner': 8}
[18:43:07] Portfolio candidate set: sleeve-aware gate kept=194, removed=357, gate_modes={'early_relaxed': 172, 'core_strict': 13, 'future_relaxed': 9}, sleeves={'early_scout': 172, 'core_compounder': 13, 'future_winner': 9}
[18:43:08] Portfolio candidate set: sleeve-aware gate kept=167, removed=386, gate_modes={'early_relaxed': 138, 'core_strict': 16, 'future_relaxed': 13}, sleeves={'early_scout': 138, 'core_compounder': 16, 'future_winner': 13}
[18:43:09] Portfolio candidate set: sleeve-aware gate kept=245, removed=324, gate_modes={'early_relaxed': 183, 'future_relaxed': 37, 'core_strict': 25}, sleeves={'early_scout': 183, 'future_winner': 37, 'core_compounder': 25}
[18:43:10] Portfolio candidate set: sleeve-aware gate kept=242, removed=318, gate_modes={'early_relaxed': 180, 'future_relaxed': 36, 'core_strict': 26}, sleeves={'early_scout': 180, 'future_winner': 36, 'core_compounder': 26}
[18:43:11] Portfolio candidate set: sleeve-aware gate kept=157, removed=420, gate_modes={'early_relaxed': 91, 'future_relaxed': 42, 'core_strict': 24}, sleeves={'early_scout': 91, 'future_winner': 42, 'core_compounder': 24}
[18:43:12] Portfolio candidate set: sleeve-aware gate kept=174, removed=401, gate_modes={'early_relaxed': 102, 'future_relaxed': 49, 'core_strict': 23}, sleeves={'early_scout': 102, 'future_winner': 49, 'core_compounder': 23}
[18:43:13] Portfolio candidate set: sleeve-aware gate kept=162, removed=418, gate_modes={'early_relaxed': 84, 'future_relaxed': 54, 'core_strict': 24}, sleeves={'early_scout': 84, 'future_winner': 54, 'core_compounder': 24}
[18:43:14] Portfolio candidate set: sleeve-aware gate kept=253, removed=347, gate_modes={'early_relaxed': 178, 'future_relaxed': 52, 'core_strict': 23}, sleeves={'early_scout': 178, 'future_winner': 52, 'core_compounder': 23}
[18:43:15] Portfolio candidate set: sleeve-aware gate kept=217, removed=363, gate_modes={'early_relaxed': 143, 'future_relaxed': 53, 'core_strict': 21}, sleeves={'early_scout': 143, 'future_winner': 53, 'core_compounder': 21}
[18:43:16] Portfolio candidate set: sleeve-aware gate kept=251, removed=336, gate_modes={'early_relaxed': 148, 'future_relaxed': 82, 'core_strict': 21}, sleeves={'early_scout': 148, 'future_winner': 82, 'core_compounder': 21}
[18:43:18] Portfolio candidate set: sleeve-aware gate kept=180, removed=423, gate_modes={'early_relaxed': 129, 'future_relaxed': 34, 'core_strict': 17}, sleeves={'early_scout': 129, 'future_winner': 34, 'core_compounder': 17}
[18:43:19] Portfolio candidate set: sleeve-aware gate kept=208, removed=404, gate_modes={'early_relaxed': 152, 'future_relaxed': 40, 'core_strict': 16}, sleeves={'early_scout': 152, 'future_winner': 40, 'core_compounder': 16}
[18:43:20] Portfolio candidate set: sleeve-aware gate kept=90, removed=518, gate_modes={'future_relaxed': 38, 'early_relaxed': 36, 'core_strict': 16}, sleeves={'future_winner': 38, 'early_scout': 36, 'core_compounder': 16}
[18:43:22] Portfolio candidate set: sleeve-aware gate kept=148, removed=463, gate_modes={'early_relaxed': 99, 'future_relaxed': 32, 'core_strict': 17}, sleeves={'early_scout': 99, 'future_winner': 32, 'core_compounder': 17}
[18:43:23] Portfolio candidate set: sleeve-aware gate kept=193, removed=415, gate_modes={'early_relaxed': 106, 'future_relaxed': 62, 'core_strict': 25}, sleeves={'early_scout': 106, 'future_winner': 62, 'core_compounder': 25}
[18:43:25] Portfolio candidate set: sleeve-aware gate kept=156, removed=454, gate_modes={'early_relaxed': 73, 'future_relaxed': 56, 'core_strict': 27}, sleeves={'early_scout': 73, 'future_winner': 56, 'core_compounder': 27}
[18:43:25] Portfolio candidate set: sleeve-aware gate kept=142, removed=460, gate_modes={'future_relaxed': 59, 'early_relaxed': 58, 'core_strict': 25}, sleeves={'future_winner': 59, 'early_scout': 58, 'core_compounder': 25}
[18:43:26] Portfolio candidate set: sleeve-aware gate kept=186, removed=404, gate_modes={'early_relaxed': 99, 'future_relaxed': 65, 'core_strict': 22}, sleeves={'early_scout': 99, 'future_winner': 65, 'core_compounder': 22}
[18:43:27] Portfolio candidate set: sleeve-aware gate kept=223, removed=378, gate_modes={'early_relaxed': 138, 'future_relaxed': 62, 'core_strict': 23}, sleeves={'early_scout': 138, 'future_winner': 62, 'core_compounder': 23}
[18:43:28] Portfolio candidate set: sleeve-aware gate kept=217, removed=395, gate_modes={'early_relaxed': 141, 'future_relaxed': 53, 'core_strict': 23}, sleeves={'early_scout': 141, 'future_winner': 53, 'core_compounder': 23}
[18:43:29] Portfolio candidate set: sleeve-aware gate kept=223, removed=373, gate_modes={'early_relaxed': 139, 'future_relaxed': 60, 'core_strict': 24}, sleeves={'early_scout': 139, 'future_winner': 60, 'core_compounder': 24}
[18:43:30] Portfolio candidate set: sleeve-aware gate kept=200, removed=396, gate_modes={'early_relaxed': 109, 'future_relaxed': 68, 'core_strict': 23}, sleeves={'early_scout': 109, 'future_winner': 68, 'core_compounder': 23}
[18:43:31] Portfolio candidate set: sleeve-aware gate kept=159, removed=453, gate_modes={'early_relaxed': 81, 'future_relaxed': 57, 'core_strict': 21}, sleeves={'early_scout': 81, 'future_winner': 57, 'core_compounder': 21}
[18:43:32] Portfolio candidate set: sleeve-aware gate kept=119, removed=481, gate_modes={'early_relaxed': 63, 'future_relaxed': 38, 'core_strict': 18}, sleeves={'early_scout': 63, 'future_winner': 38, 'core_compounder': 18}
[18:43:33] Portfolio candidate set: sleeve-aware gate kept=122, removed=476, gate_modes={'early_relaxed': 70, 'future_relaxed': 34, 'core_strict': 18}, sleeves={'early_scout': 70, 'future_winner': 34, 'core_compounder': 18}
[18:43:34] Portfolio candidate set: sleeve-aware gate kept=166, removed=436, gate_modes={'early_relaxed': 112, 'future_relaxed': 35, 'core_strict': 19}, sleeves={'early_scout': 112, 'future_winner': 35, 'core_compounder': 19}
[18:43:35]   sleeve_policy_per_regime: policy=aggr_35_30_35 cash_max=2.00% ...
[18:43:35] Phase 5: running monthly portfolio backtest ...
[18:43:36] Portfolio candidate set: sleeve-aware gate kept=237, removed=240, gate_modes={'early_relaxed': 166, 'future_relaxed': 53, 'core_strict': 18}, sleeves={'early_scout': 166, 'future_winner': 53, 'core_compounder': 18}
[18:43:37] Portfolio candidate set: sleeve-aware gate kept=239, removed=246, gate_modes={'early_relaxed': 177, 'future_relaxed': 46, 'core_strict': 16}, sleeves={'early_scout': 177, 'future_winner': 46, 'core_compounder': 16}
[18:43:38] Portfolio candidate set: sleeve-aware gate kept=138, removed=340, gate_modes={'early_relaxed': 76, 'future_relaxed': 47, 'core_strict': 15}, sleeves={'early_scout': 76, 'future_winner': 47, 'core_compounder': 15}
[18:43:39] Portfolio candidate set: sleeve-aware gate kept=215, removed=272, gate_modes={'early_relaxed': 141, 'future_relaxed': 57, 'core_strict': 17}, sleeves={'early_scout': 141, 'future_winner': 57, 'core_compounder': 17}
[18:43:40] Portfolio candidate set: sleeve-aware gate kept=218, removed=274, gate_modes={'early_relaxed': 146, 'future_relaxed': 56, 'core_strict': 16}, sleeves={'early_scout': 146, 'future_winner': 56, 'core_compounder': 16}
[18:43:41] Portfolio candidate set: sleeve-aware gate kept=168, removed=317, gate_modes={'early_relaxed': 97, 'future_relaxed': 52, 'core_strict': 19}, sleeves={'early_scout': 97, 'future_winner': 52, 'core_compounder': 19}
[18:43:41] Portfolio candidate set: sleeve-aware gate kept=161, removed=331, gate_modes={'early_relaxed': 97, 'future_relaxed': 46, 'core_strict': 18}, sleeves={'early_scout': 97, 'future_winner': 46, 'core_compounder': 18}
[18:43:42] Portfolio candidate set: sleeve-aware gate kept=170, removed=325, gate_modes={'early_relaxed': 127, 'future_relaxed': 28, 'core_strict': 15}, sleeves={'early_scout': 127, 'future_winner': 28, 'core_compounder': 15}
[18:43:43] Portfolio candidate set: sleeve-aware gate kept=164, removed=323, gate_modes={'early_relaxed': 130, 'future_relaxed': 19, 'core_strict': 15}, sleeves={'early_scout': 130, 'future_winner': 19, 'core_compounder': 15}
[18:43:45] Portfolio candidate set: sleeve-aware gate kept=162, removed=324, gate_modes={'early_relaxed': 126, 'future_relaxed': 23, 'core_strict': 13}, sleeves={'early_scout': 126, 'future_winner': 23, 'core_compounder': 13}
[18:43:46] Portfolio candidate set: sleeve-aware gate kept=163, removed=331, gate_modes={'early_relaxed': 125, 'future_relaxed': 22, 'core_strict': 16}, sleeves={'early_scout': 125, 'future_winner': 22, 'core_compounder': 16}
[18:43:46] Portfolio candidate set: sleeve-aware gate kept=182, removed=335, gate_modes={'early_relaxed': 129, 'future_relaxed': 32, 'core_strict': 21}, sleeves={'early_scout': 129, 'future_winner': 32, 'core_compounder': 21}
[18:43:47] Portfolio candidate set: sleeve-aware gate kept=69, removed=380, gate_modes={'early_relaxed': 34, 'core_strict': 20, 'future_relaxed': 15}, sleeves={'early_scout': 34, 'core_compounder': 20, 'future_winner': 15}
[18:43:48] Portfolio candidate set: sleeve-aware gate kept=110, removed=349, gate_modes={'early_relaxed': 62, 'future_relaxed': 29, 'core_strict': 19}, sleeves={'early_scout': 62, 'future_winner': 29, 'core_compounder': 19}
[18:43:49] Portfolio candidate set: sleeve-aware gate kept=157, removed=285, gate_modes={'early_relaxed': 92, 'future_relaxed': 47, 'core_strict': 18}, sleeves={'early_scout': 92, 'future_winner': 47, 'core_compounder': 18}
[18:43:50] Portfolio candidate set: sleeve-aware gate kept=138, removed=308, gate_modes={'early_relaxed': 81, 'future_relaxed': 38, 'core_strict': 19}, sleeves={'early_scout': 81, 'future_winner': 38, 'core_compounder': 19}
[18:43:51] Portfolio candidate set: sleeve-aware gate kept=187, removed=253, gate_modes={'early_relaxed': 125, 'future_relaxed': 44, 'core_strict': 18}, sleeves={'early_scout': 125, 'future_winner': 44, 'core_compounder': 18}
[18:43:52] Portfolio candidate set: sleeve-aware gate kept=153, removed=273, gate_modes={'early_relaxed': 96, 'future_relaxed': 41, 'core_strict': 16}, sleeves={'early_scout': 96, 'future_winner': 41, 'core_compounder': 16}
[18:43:53] Portfolio candidate set: sleeve-aware gate kept=117, removed=327, gate_modes={'early_relaxed': 61, 'future_relaxed': 39, 'core_strict': 17}, sleeves={'early_scout': 61, 'future_winner': 39, 'core_compounder': 17}
[18:43:54] Portfolio candidate set: sleeve-aware gate kept=125, removed=329, gate_modes={'early_relaxed': 73, 'future_relaxed': 38, 'core_strict': 14}, sleeves={'early_scout': 73, 'future_winner': 38, 'core_compounder': 14}
[18:43:54] Portfolio candidate set: sleeve-aware gate kept=178, removed=282, gate_modes={'early_relaxed': 134, 'future_relaxed': 32, 'core_strict': 12}, sleeves={'early_scout': 134, 'future_winner': 32, 'core_compounder': 12}
[18:43:56] Portfolio candidate set: sleeve-aware gate kept=172, removed=284, gate_modes={'early_relaxed': 109, 'future_relaxed': 50, 'core_strict': 13}, sleeves={'early_scout': 109, 'future_winner': 50, 'core_compounder': 13}
[18:43:57] Portfolio candidate set: sleeve-aware gate kept=142, removed=324, gate_modes={'early_relaxed': 92, 'future_relaxed': 36, 'core_strict': 14}, sleeves={'early_scout': 92, 'future_winner': 36, 'core_compounder': 14}
[18:43:58] Portfolio candidate set: sleeve-aware gate kept=240, removed=243, gate_modes={'early_relaxed': 144, 'future_relaxed': 76, 'core_strict': 20}, sleeves={'early_scout': 144, 'future_winner': 76, 'core_compounder': 20}
[18:43:59] Portfolio candidate set: sleeve-aware gate kept=205, removed=297, gate_modes={'early_relaxed': 95, 'future_relaxed': 87, 'core_strict': 23}, sleeves={'early_scout': 95, 'future_winner': 87, 'core_compounder': 23}
[18:44:00] Portfolio candidate set: sleeve-aware gate kept=296, removed=225, gate_modes={'early_relaxed': 182, 'future_relaxed': 92, 'core_strict': 22}, sleeves={'early_scout': 182, 'future_winner': 92, 'core_compounder': 22}
[18:44:01] Portfolio candidate set: sleeve-aware gate kept=191, removed=330, gate_modes={'future_relaxed': 87, 'early_relaxed': 83, 'core_strict': 21}, sleeves={'future_winner': 87, 'early_scout': 83, 'core_compounder': 21}
[18:44:02] Portfolio candidate set: sleeve-aware gate kept=170, removed=363, gate_modes={'future_relaxed': 83, 'early_relaxed': 65, 'core_strict': 22}, sleeves={'future_winner': 83, 'early_scout': 65, 'core_compounder': 22}
[18:44:04] Portfolio candidate set: sleeve-aware gate kept=207, removed=322, gate_modes={'early_relaxed': 100, 'future_relaxed': 85, 'core_strict': 22}, sleeves={'early_scout': 100, 'future_winner': 85, 'core_compounder': 22}
[18:44:05] Portfolio candidate set: sleeve-aware gate kept=227, removed=291, gate_modes={'future_relaxed': 103, 'early_relaxed': 103, 'core_strict': 21}, sleeves={'future_winner': 103, 'early_scout': 103, 'core_compounder': 21}
[18:44:06] Portfolio candidate set: sleeve-aware gate kept=182, removed=354, gate_modes={'future_relaxed': 90, 'early_relaxed': 71, 'core_strict': 21}, sleeves={'future_winner': 90, 'early_scout': 71, 'core_compounder': 21}
[18:44:07] Portfolio candidate set: sleeve-aware gate kept=223, removed=323, gate_modes={'early_relaxed': 133, 'future_relaxed': 75, 'core_strict': 15}, sleeves={'early_scout': 133, 'future_winner': 75, 'core_compounder': 15}
[18:44:08] Portfolio candidate set: sleeve-aware gate kept=137, removed=407, gate_modes={'early_relaxed': 88, 'future_relaxed': 37, 'core_strict': 12}, sleeves={'early_scout': 88, 'future_winner': 37, 'core_compounder': 12}
[18:44:09] Portfolio candidate set: sleeve-aware gate kept=155, removed=401, gate_modes={'early_relaxed': 100, 'future_relaxed': 43, 'core_strict': 12}, sleeves={'early_scout': 100, 'future_winner': 43, 'core_compounder': 12}
[18:44:10] Portfolio candidate set: sleeve-aware gate kept=73, removed=481, gate_modes={'early_relaxed': 31, 'future_relaxed': 28, 'core_strict': 14}, sleeves={'early_scout': 31, 'future_winner': 28, 'core_compounder': 14}
[18:44:10] Portfolio candidate set: sleeve-aware gate kept=174, removed=389, gate_modes={'early_relaxed': 76, 'future_relaxed': 75, 'core_strict': 23}, sleeves={'early_scout': 76, 'future_winner': 75, 'core_compounder': 23}
[18:44:12] Portfolio candidate set: sleeve-aware gate kept=226, removed=323, gate_modes={'future_relaxed': 109, 'early_relaxed': 93, 'core_strict': 24}, sleeves={'future_winner': 109, 'early_scout': 93, 'core_compounder': 24}
[18:44:12] Portfolio candidate set: sleeve-aware gate kept=161, removed=395, gate_modes={'early_relaxed': 82, 'future_relaxed': 58, 'core_strict': 21}, sleeves={'early_scout': 82, 'future_winner': 58, 'core_compounder': 21}
[18:44:13] Portfolio candidate set: sleeve-aware gate kept=118, removed=414, gate_modes={'early_relaxed': 52, 'future_relaxed': 46, 'core_strict': 20}, sleeves={'early_scout': 52, 'future_winner': 46, 'core_compounder': 20}
[18:44:15] Portfolio candidate set: sleeve-aware gate kept=83, removed=441, gate_modes={'early_relaxed': 33, 'future_relaxed': 29, 'core_strict': 21}, sleeves={'early_scout': 33, 'future_winner': 29, 'core_compounder': 21}
[18:44:16] Portfolio candidate set: sleeve-aware gate kept=145, removed=394, gate_modes={'early_relaxed': 86, 'future_relaxed': 38, 'core_strict': 21}, sleeves={'early_scout': 86, 'future_winner': 38, 'core_compounder': 21}
[18:44:16] Portfolio candidate set: sleeve-aware gate kept=128, removed=402, gate_modes={'early_relaxed': 75, 'future_relaxed': 33, 'core_strict': 20}, sleeves={'early_scout': 75, 'future_winner': 33, 'core_compounder': 20}
[18:44:17] Portfolio candidate set: sleeve-aware gate kept=94, removed=439, gate_modes={'early_relaxed': 48, 'future_relaxed': 26, 'core_strict': 20}, sleeves={'early_scout': 48, 'future_winner': 26, 'core_compounder': 20}
[18:44:18] Portfolio candidate set: sleeve-aware gate kept=110, removed=430, gate_modes={'early_relaxed': 71, 'future_relaxed': 23, 'core_strict': 16}, sleeves={'early_scout': 71, 'future_winner': 23, 'core_compounder': 16}
[18:44:19] Portfolio candidate set: sleeve-aware gate kept=145, removed=391, gate_modes={'early_relaxed': 122, 'future_relaxed': 12, 'core_strict': 11}, sleeves={'early_scout': 122, 'future_winner': 12, 'core_compounder': 11}
[18:44:20] Portfolio candidate set: sleeve-aware gate kept=89, removed=440, gate_modes={'early_relaxed': 70, 'core_strict': 11, 'future_relaxed': 8}, sleeves={'early_scout': 70, 'core_compounder': 11, 'future_winner': 8}
[18:44:21] Portfolio candidate set: sleeve-aware gate kept=177, removed=360, gate_modes={'early_relaxed': 152, 'core_strict': 13, 'future_relaxed': 12}, sleeves={'early_scout': 152, 'core_compounder': 13, 'future_winner': 12}
[18:44:22] Portfolio candidate set: sleeve-aware gate kept=166, removed=390, gate_modes={'early_relaxed': 123, 'core_strict': 22, 'future_relaxed': 21}, sleeves={'early_scout': 123, 'core_compounder': 22, 'future_winner': 21}
[18:44:23] Portfolio candidate set: sleeve-aware gate kept=116, removed=435, gate_modes={'early_relaxed': 76, 'core_strict': 23, 'future_relaxed': 17}, sleeves={'early_scout': 76, 'core_compounder': 23, 'future_winner': 17}
[18:44:24] Portfolio candidate set: sleeve-aware gate kept=134, removed=408, gate_modes={'early_relaxed': 96, 'core_strict': 20, 'future_relaxed': 18}, sleeves={'early_scout': 96, 'core_compounder': 20, 'future_winner': 18}
[18:44:25] Portfolio candidate set: sleeve-aware gate kept=127, removed=407, gate_modes={'early_relaxed': 99, 'core_strict': 19, 'future_relaxed': 9}, sleeves={'early_scout': 99, 'core_compounder': 19, 'future_winner': 9}
[18:44:26] Portfolio candidate set: sleeve-aware gate kept=196, removed=345, gate_modes={'early_relaxed': 157, 'core_strict': 21, 'future_relaxed': 18}, sleeves={'early_scout': 157, 'core_compounder': 21, 'future_winner': 18}
[18:44:27] Portfolio candidate set: sleeve-aware gate kept=250, removed=297, gate_modes={'early_relaxed': 208, 'core_strict': 22, 'future_relaxed': 20}, sleeves={'early_scout': 208, 'core_compounder': 22, 'future_winner': 20}
[18:44:28] Portfolio candidate set: sleeve-aware gate kept=128, removed=406, gate_modes={'early_relaxed': 100, 'core_strict': 20, 'future_relaxed': 8}, sleeves={'early_scout': 100, 'core_compounder': 20, 'future_winner': 8}
[18:44:29] Portfolio candidate set: sleeve-aware gate kept=97, removed=442, gate_modes={'early_relaxed': 64, 'core_strict': 21, 'future_relaxed': 12}, sleeves={'early_scout': 64, 'core_compounder': 21, 'future_winner': 12}
[18:44:30] Portfolio candidate set: sleeve-aware gate kept=59, removed=485, gate_modes={'early_relaxed': 40, 'core_strict': 14, 'future_relaxed': 5}, sleeves={'early_scout': 40, 'core_compounder': 14, 'future_winner': 5}
[18:44:31] Portfolio candidate set: sleeve-aware gate kept=131, removed=406, gate_modes={'early_relaxed': 110, 'core_strict': 13, 'future_relaxed': 8}, sleeves={'early_scout': 110, 'core_compounder': 13, 'future_winner': 8}
[18:44:32] Portfolio candidate set: sleeve-aware gate kept=194, removed=357, gate_modes={'early_relaxed': 172, 'core_strict': 13, 'future_relaxed': 9}, sleeves={'early_scout': 172, 'core_compounder': 13, 'future_winner': 9}
[18:44:33] Portfolio candidate set: sleeve-aware gate kept=167, removed=386, gate_modes={'early_relaxed': 138, 'core_strict': 16, 'future_relaxed': 13}, sleeves={'early_scout': 138, 'core_compounder': 16, 'future_winner': 13}
[18:44:34] Portfolio candidate set: sleeve-aware gate kept=245, removed=324, gate_modes={'early_relaxed': 183, 'future_relaxed': 37, 'core_strict': 25}, sleeves={'early_scout': 183, 'future_winner': 37, 'core_compounder': 25}
[18:44:35] Portfolio candidate set: sleeve-aware gate kept=242, removed=318, gate_modes={'early_relaxed': 180, 'future_relaxed': 36, 'core_strict': 26}, sleeves={'early_scout': 180, 'future_winner': 36, 'core_compounder': 26}
[18:44:36] Portfolio candidate set: sleeve-aware gate kept=157, removed=420, gate_modes={'early_relaxed': 91, 'future_relaxed': 42, 'core_strict': 24}, sleeves={'early_scout': 91, 'future_winner': 42, 'core_compounder': 24}
[18:44:37] Portfolio candidate set: sleeve-aware gate kept=174, removed=401, gate_modes={'early_relaxed': 102, 'future_relaxed': 49, 'core_strict': 23}, sleeves={'early_scout': 102, 'future_winner': 49, 'core_compounder': 23}
[18:44:38] Portfolio candidate set: sleeve-aware gate kept=162, removed=418, gate_modes={'early_relaxed': 84, 'future_relaxed': 54, 'core_strict': 24}, sleeves={'early_scout': 84, 'future_winner': 54, 'core_compounder': 24}
[18:44:40] Portfolio candidate set: sleeve-aware gate kept=253, removed=347, gate_modes={'early_relaxed': 178, 'future_relaxed': 52, 'core_strict': 23}, sleeves={'early_scout': 178, 'future_winner': 52, 'core_compounder': 23}
[18:44:40] Portfolio candidate set: sleeve-aware gate kept=217, removed=363, gate_modes={'early_relaxed': 143, 'future_relaxed': 53, 'core_strict': 21}, sleeves={'early_scout': 143, 'future_winner': 53, 'core_compounder': 21}
[18:44:41] Portfolio candidate set: sleeve-aware gate kept=251, removed=336, gate_modes={'early_relaxed': 148, 'future_relaxed': 82, 'core_strict': 21}, sleeves={'early_scout': 148, 'future_winner': 82, 'core_compounder': 21}
[18:44:42] Portfolio candidate set: sleeve-aware gate kept=180, removed=423, gate_modes={'early_relaxed': 129, 'future_relaxed': 34, 'core_strict': 17}, sleeves={'early_scout': 129, 'future_winner': 34, 'core_compounder': 17}
[18:44:43] Portfolio candidate set: sleeve-aware gate kept=208, removed=404, gate_modes={'early_relaxed': 152, 'future_relaxed': 40, 'core_strict': 16}, sleeves={'early_scout': 152, 'future_winner': 40, 'core_compounder': 16}
[18:44:44] Portfolio candidate set: sleeve-aware gate kept=90, removed=518, gate_modes={'future_relaxed': 38, 'early_relaxed': 36, 'core_strict': 16}, sleeves={'future_winner': 38, 'early_scout': 36, 'core_compounder': 16}
[18:44:46] Portfolio candidate set: sleeve-aware gate kept=148, removed=463, gate_modes={'early_relaxed': 99, 'future_relaxed': 32, 'core_strict': 17}, sleeves={'early_scout': 99, 'future_winner': 32, 'core_compounder': 17}
[18:44:47] Portfolio candidate set: sleeve-aware gate kept=193, removed=415, gate_modes={'early_relaxed': 106, 'future_relaxed': 62, 'core_strict': 25}, sleeves={'early_scout': 106, 'future_winner': 62, 'core_compounder': 25}
[18:44:48] Portfolio candidate set: sleeve-aware gate kept=156, removed=454, gate_modes={'early_relaxed': 73, 'future_relaxed': 56, 'core_strict': 27}, sleeves={'early_scout': 73, 'future_winner': 56, 'core_compounder': 27}
[18:44:49] Portfolio candidate set: sleeve-aware gate kept=142, removed=460, gate_modes={'future_relaxed': 59, 'early_relaxed': 58, 'core_strict': 25}, sleeves={'future_winner': 59, 'early_scout': 58, 'core_compounder': 25}
[18:44:50] Portfolio candidate set: sleeve-aware gate kept=186, removed=404, gate_modes={'early_relaxed': 99, 'future_relaxed': 65, 'core_strict': 22}, sleeves={'early_scout': 99, 'future_winner': 65, 'core_compounder': 22}
[18:44:51] Portfolio candidate set: sleeve-aware gate kept=223, removed=378, gate_modes={'early_relaxed': 138, 'future_relaxed': 62, 'core_strict': 23}, sleeves={'early_scout': 138, 'future_winner': 62, 'core_compounder': 23}
[18:44:52] Portfolio candidate set: sleeve-aware gate kept=217, removed=395, gate_modes={'early_relaxed': 141, 'future_relaxed': 53, 'core_strict': 23}, sleeves={'early_scout': 141, 'future_winner': 53, 'core_compounder': 23}
[18:44:53] Portfolio candidate set: sleeve-aware gate kept=223, removed=373, gate_modes={'early_relaxed': 139, 'future_relaxed': 60, 'core_strict': 24}, sleeves={'early_scout': 139, 'future_winner': 60, 'core_compounder': 24}
[18:44:54] Portfolio candidate set: sleeve-aware gate kept=200, removed=396, gate_modes={'early_relaxed': 109, 'future_relaxed': 68, 'core_strict': 23}, sleeves={'early_scout': 109, 'future_winner': 68, 'core_compounder': 23}
[18:44:55] Portfolio candidate set: sleeve-aware gate kept=159, removed=453, gate_modes={'early_relaxed': 81, 'future_relaxed': 57, 'core_strict': 21}, sleeves={'early_scout': 81, 'future_winner': 57, 'core_compounder': 21}
[18:44:55] Portfolio candidate set: sleeve-aware gate kept=119, removed=481, gate_modes={'early_relaxed': 63, 'future_relaxed': 38, 'core_strict': 18}, sleeves={'early_scout': 63, 'future_winner': 38, 'core_compounder': 18}
[18:44:56] Portfolio candidate set: sleeve-aware gate kept=122, removed=476, gate_modes={'early_relaxed': 70, 'future_relaxed': 34, 'core_strict': 18}, sleeves={'early_scout': 70, 'future_winner': 34, 'core_compounder': 18}
[18:44:57] Portfolio candidate set: sleeve-aware gate kept=166, removed=436, gate_modes={'early_relaxed': 112, 'future_relaxed': 35, 'core_strict': 19}, sleeves={'early_scout': 112, 'future_winner': 35, 'core_compounder': 19}
[18:44:59]   sleeve_policy_per_regime: policy=aggr_25_35_40 cash_max=2.00% ...
[18:44:59] Phase 5: running monthly portfolio backtest ...
[18:44:59] Portfolio candidate set: sleeve-aware gate kept=237, removed=240, gate_modes={'early_relaxed': 166, 'future_relaxed': 53, 'core_strict': 18}, sleeves={'early_scout': 166, 'future_winner': 53, 'core_compounder': 18}
[18:45:00] Portfolio candidate set: sleeve-aware gate kept=239, removed=246, gate_modes={'early_relaxed': 177, 'future_relaxed': 46, 'core_strict': 16}, sleeves={'early_scout': 177, 'future_winner': 46, 'core_compounder': 16}
[18:45:01] Portfolio candidate set: sleeve-aware gate kept=138, removed=340, gate_modes={'early_relaxed': 76, 'future_relaxed': 47, 'core_strict': 15}, sleeves={'early_scout': 76, 'future_winner': 47, 'core_compounder': 15}
[18:45:02] Portfolio candidate set: sleeve-aware gate kept=215, removed=272, gate_modes={'early_relaxed': 141, 'future_relaxed': 57, 'core_strict': 17}, sleeves={'early_scout': 141, 'future_winner': 57, 'core_compounder': 17}
[18:45:03] Portfolio candidate set: sleeve-aware gate kept=218, removed=274, gate_modes={'early_relaxed': 146, 'future_relaxed': 56, 'core_strict': 16}, sleeves={'early_scout': 146, 'future_winner': 56, 'core_compounder': 16}
[18:45:04] Portfolio candidate set: sleeve-aware gate kept=168, removed=317, gate_modes={'early_relaxed': 97, 'future_relaxed': 52, 'core_strict': 19}, sleeves={'early_scout': 97, 'future_winner': 52, 'core_compounder': 19}
[18:45:05] Portfolio candidate set: sleeve-aware gate kept=161, removed=331, gate_modes={'early_relaxed': 97, 'future_relaxed': 46, 'core_strict': 18}, sleeves={'early_scout': 97, 'future_winner': 46, 'core_compounder': 18}
[18:45:06] Portfolio candidate set: sleeve-aware gate kept=170, removed=325, gate_modes={'early_relaxed': 127, 'future_relaxed': 28, 'core_strict': 15}, sleeves={'early_scout': 127, 'future_winner': 28, 'core_compounder': 15}
[18:45:07] Portfolio candidate set: sleeve-aware gate kept=164, removed=323, gate_modes={'early_relaxed': 130, 'future_relaxed': 19, 'core_strict': 15}, sleeves={'early_scout': 130, 'future_winner': 19, 'core_compounder': 15}
[18:45:08] Portfolio candidate set: sleeve-aware gate kept=162, removed=324, gate_modes={'early_relaxed': 126, 'future_relaxed': 23, 'core_strict': 13}, sleeves={'early_scout': 126, 'future_winner': 23, 'core_compounder': 13}
[18:45:09] Portfolio candidate set: sleeve-aware gate kept=163, removed=331, gate_modes={'early_relaxed': 125, 'future_relaxed': 22, 'core_strict': 16}, sleeves={'early_scout': 125, 'future_winner': 22, 'core_compounder': 16}
[18:45:10] Portfolio candidate set: sleeve-aware gate kept=182, removed=335, gate_modes={'early_relaxed': 129, 'future_relaxed': 32, 'core_strict': 21}, sleeves={'early_scout': 129, 'future_winner': 32, 'core_compounder': 21}
[18:45:11] Portfolio candidate set: sleeve-aware gate kept=69, removed=380, gate_modes={'early_relaxed': 34, 'core_strict': 20, 'future_relaxed': 15}, sleeves={'early_scout': 34, 'core_compounder': 20, 'future_winner': 15}
[18:45:11] Portfolio candidate set: sleeve-aware gate kept=110, removed=349, gate_modes={'early_relaxed': 62, 'future_relaxed': 29, 'core_strict': 19}, sleeves={'early_scout': 62, 'future_winner': 29, 'core_compounder': 19}
[18:45:12] Portfolio candidate set: sleeve-aware gate kept=157, removed=285, gate_modes={'early_relaxed': 92, 'future_relaxed': 47, 'core_strict': 18}, sleeves={'early_scout': 92, 'future_winner': 47, 'core_compounder': 18}
[18:45:13] Portfolio candidate set: sleeve-aware gate kept=138, removed=308, gate_modes={'early_relaxed': 81, 'future_relaxed': 38, 'core_strict': 19}, sleeves={'early_scout': 81, 'future_winner': 38, 'core_compounder': 19}
[18:45:14] Portfolio candidate set: sleeve-aware gate kept=187, removed=253, gate_modes={'early_relaxed': 125, 'future_relaxed': 44, 'core_strict': 18}, sleeves={'early_scout': 125, 'future_winner': 44, 'core_compounder': 18}
[18:45:15] Portfolio candidate set: sleeve-aware gate kept=153, removed=273, gate_modes={'early_relaxed': 96, 'future_relaxed': 41, 'core_strict': 16}, sleeves={'early_scout': 96, 'future_winner': 41, 'core_compounder': 16}
[18:45:16] Portfolio candidate set: sleeve-aware gate kept=117, removed=327, gate_modes={'early_relaxed': 61, 'future_relaxed': 39, 'core_strict': 17}, sleeves={'early_scout': 61, 'future_winner': 39, 'core_compounder': 17}
[18:45:17] Portfolio candidate set: sleeve-aware gate kept=125, removed=329, gate_modes={'early_relaxed': 73, 'future_relaxed': 38, 'core_strict': 14}, sleeves={'early_scout': 73, 'future_winner': 38, 'core_compounder': 14}
[18:45:18] Portfolio candidate set: sleeve-aware gate kept=178, removed=282, gate_modes={'early_relaxed': 134, 'future_relaxed': 32, 'core_strict': 12}, sleeves={'early_scout': 134, 'future_winner': 32, 'core_compounder': 12}
[18:45:19] Portfolio candidate set: sleeve-aware gate kept=172, removed=284, gate_modes={'early_relaxed': 109, 'future_relaxed': 50, 'core_strict': 13}, sleeves={'early_scout': 109, 'future_winner': 50, 'core_compounder': 13}
[18:45:20] Portfolio candidate set: sleeve-aware gate kept=142, removed=324, gate_modes={'early_relaxed': 92, 'future_relaxed': 36, 'core_strict': 14}, sleeves={'early_scout': 92, 'future_winner': 36, 'core_compounder': 14}
[18:45:21] Portfolio candidate set: sleeve-aware gate kept=240, removed=243, gate_modes={'early_relaxed': 144, 'future_relaxed': 76, 'core_strict': 20}, sleeves={'early_scout': 144, 'future_winner': 76, 'core_compounder': 20}
[18:45:22] Portfolio candidate set: sleeve-aware gate kept=205, removed=297, gate_modes={'early_relaxed': 95, 'future_relaxed': 87, 'core_strict': 23}, sleeves={'early_scout': 95, 'future_winner': 87, 'core_compounder': 23}
[18:45:24] Portfolio candidate set: sleeve-aware gate kept=296, removed=225, gate_modes={'early_relaxed': 182, 'future_relaxed': 92, 'core_strict': 22}, sleeves={'early_scout': 182, 'future_winner': 92, 'core_compounder': 22}
[18:45:24] Portfolio candidate set: sleeve-aware gate kept=191, removed=330, gate_modes={'future_relaxed': 87, 'early_relaxed': 83, 'core_strict': 21}, sleeves={'future_winner': 87, 'early_scout': 83, 'core_compounder': 21}
[18:45:25] Portfolio candidate set: sleeve-aware gate kept=170, removed=363, gate_modes={'future_relaxed': 83, 'early_relaxed': 65, 'core_strict': 22}, sleeves={'future_winner': 83, 'early_scout': 65, 'core_compounder': 22}
[18:45:26] Portfolio candidate set: sleeve-aware gate kept=207, removed=322, gate_modes={'early_relaxed': 100, 'future_relaxed': 85, 'core_strict': 22}, sleeves={'early_scout': 100, 'future_winner': 85, 'core_compounder': 22}
[18:45:27] Portfolio candidate set: sleeve-aware gate kept=227, removed=291, gate_modes={'future_relaxed': 103, 'early_relaxed': 103, 'core_strict': 21}, sleeves={'future_winner': 103, 'early_scout': 103, 'core_compounder': 21}
[18:45:28] Portfolio candidate set: sleeve-aware gate kept=182, removed=354, gate_modes={'future_relaxed': 90, 'early_relaxed': 71, 'core_strict': 21}, sleeves={'future_winner': 90, 'early_scout': 71, 'core_compounder': 21}
[18:45:29] Portfolio candidate set: sleeve-aware gate kept=223, removed=323, gate_modes={'early_relaxed': 133, 'future_relaxed': 75, 'core_strict': 15}, sleeves={'early_scout': 133, 'future_winner': 75, 'core_compounder': 15}
[18:45:30] Portfolio candidate set: sleeve-aware gate kept=137, removed=407, gate_modes={'early_relaxed': 88, 'future_relaxed': 37, 'core_strict': 12}, sleeves={'early_scout': 88, 'future_winner': 37, 'core_compounder': 12}
[18:45:31] Portfolio candidate set: sleeve-aware gate kept=155, removed=401, gate_modes={'early_relaxed': 100, 'future_relaxed': 43, 'core_strict': 12}, sleeves={'early_scout': 100, 'future_winner': 43, 'core_compounder': 12}
[18:45:32] Portfolio candidate set: sleeve-aware gate kept=73, removed=481, gate_modes={'early_relaxed': 31, 'future_relaxed': 28, 'core_strict': 14}, sleeves={'early_scout': 31, 'future_winner': 28, 'core_compounder': 14}
[18:45:33] Portfolio candidate set: sleeve-aware gate kept=174, removed=389, gate_modes={'early_relaxed': 76, 'future_relaxed': 75, 'core_strict': 23}, sleeves={'early_scout': 76, 'future_winner': 75, 'core_compounder': 23}
[18:45:34] Portfolio candidate set: sleeve-aware gate kept=226, removed=323, gate_modes={'future_relaxed': 109, 'early_relaxed': 93, 'core_strict': 24}, sleeves={'future_winner': 109, 'early_scout': 93, 'core_compounder': 24}
[18:45:35] Portfolio candidate set: sleeve-aware gate kept=161, removed=395, gate_modes={'early_relaxed': 82, 'future_relaxed': 58, 'core_strict': 21}, sleeves={'early_scout': 82, 'future_winner': 58, 'core_compounder': 21}
[18:45:36] Portfolio candidate set: sleeve-aware gate kept=118, removed=414, gate_modes={'early_relaxed': 52, 'future_relaxed': 46, 'core_strict': 20}, sleeves={'early_scout': 52, 'future_winner': 46, 'core_compounder': 20}
[18:45:38] Portfolio candidate set: sleeve-aware gate kept=83, removed=441, gate_modes={'early_relaxed': 33, 'future_relaxed': 29, 'core_strict': 21}, sleeves={'early_scout': 33, 'future_winner': 29, 'core_compounder': 21}
[18:45:39] Portfolio candidate set: sleeve-aware gate kept=145, removed=394, gate_modes={'early_relaxed': 86, 'future_relaxed': 38, 'core_strict': 21}, sleeves={'early_scout': 86, 'future_winner': 38, 'core_compounder': 21}
[18:45:40] Portfolio candidate set: sleeve-aware gate kept=128, removed=402, gate_modes={'early_relaxed': 75, 'future_relaxed': 33, 'core_strict': 20}, sleeves={'early_scout': 75, 'future_winner': 33, 'core_compounder': 20}
[18:45:40] Portfolio candidate set: sleeve-aware gate kept=94, removed=439, gate_modes={'early_relaxed': 48, 'future_relaxed': 26, 'core_strict': 20}, sleeves={'early_scout': 48, 'future_winner': 26, 'core_compounder': 20}
[18:45:41] Portfolio candidate set: sleeve-aware gate kept=110, removed=430, gate_modes={'early_relaxed': 71, 'future_relaxed': 23, 'core_strict': 16}, sleeves={'early_scout': 71, 'future_winner': 23, 'core_compounder': 16}
[18:45:42] Portfolio candidate set: sleeve-aware gate kept=145, removed=391, gate_modes={'early_relaxed': 122, 'future_relaxed': 12, 'core_strict': 11}, sleeves={'early_scout': 122, 'future_winner': 12, 'core_compounder': 11}
[18:45:43] Portfolio candidate set: sleeve-aware gate kept=89, removed=440, gate_modes={'early_relaxed': 70, 'core_strict': 11, 'future_relaxed': 8}, sleeves={'early_scout': 70, 'core_compounder': 11, 'future_winner': 8}
[18:45:44] Portfolio candidate set: sleeve-aware gate kept=177, removed=360, gate_modes={'early_relaxed': 152, 'core_strict': 13, 'future_relaxed': 12}, sleeves={'early_scout': 152, 'core_compounder': 13, 'future_winner': 12}
[18:45:45] Portfolio candidate set: sleeve-aware gate kept=166, removed=390, gate_modes={'early_relaxed': 123, 'core_strict': 22, 'future_relaxed': 21}, sleeves={'early_scout': 123, 'core_compounder': 22, 'future_winner': 21}
[18:45:46] Portfolio candidate set: sleeve-aware gate kept=116, removed=435, gate_modes={'early_relaxed': 76, 'core_strict': 23, 'future_relaxed': 17}, sleeves={'early_scout': 76, 'core_compounder': 23, 'future_winner': 17}
[18:45:47] Portfolio candidate set: sleeve-aware gate kept=134, removed=408, gate_modes={'early_relaxed': 96, 'core_strict': 20, 'future_relaxed': 18}, sleeves={'early_scout': 96, 'core_compounder': 20, 'future_winner': 18}
[18:45:48] Portfolio candidate set: sleeve-aware gate kept=127, removed=407, gate_modes={'early_relaxed': 99, 'core_strict': 19, 'future_relaxed': 9}, sleeves={'early_scout': 99, 'core_compounder': 19, 'future_winner': 9}
[18:45:49] Portfolio candidate set: sleeve-aware gate kept=196, removed=345, gate_modes={'early_relaxed': 157, 'core_strict': 21, 'future_relaxed': 18}, sleeves={'early_scout': 157, 'core_compounder': 21, 'future_winner': 18}
[18:45:50] Portfolio candidate set: sleeve-aware gate kept=250, removed=297, gate_modes={'early_relaxed': 208, 'core_strict': 22, 'future_relaxed': 20}, sleeves={'early_scout': 208, 'core_compounder': 22, 'future_winner': 20}
[18:45:51] Portfolio candidate set: sleeve-aware gate kept=128, removed=406, gate_modes={'early_relaxed': 100, 'core_strict': 20, 'future_relaxed': 8}, sleeves={'early_scout': 100, 'core_compounder': 20, 'future_winner': 8}
[18:45:52] Portfolio candidate set: sleeve-aware gate kept=97, removed=442, gate_modes={'early_relaxed': 64, 'core_strict': 21, 'future_relaxed': 12}, sleeves={'early_scout': 64, 'core_compounder': 21, 'future_winner': 12}
[18:45:53] Portfolio candidate set: sleeve-aware gate kept=59, removed=485, gate_modes={'early_relaxed': 40, 'core_strict': 14, 'future_relaxed': 5}, sleeves={'early_scout': 40, 'core_compounder': 14, 'future_winner': 5}
[18:45:54] Portfolio candidate set: sleeve-aware gate kept=131, removed=406, gate_modes={'early_relaxed': 110, 'core_strict': 13, 'future_relaxed': 8}, sleeves={'early_scout': 110, 'core_compounder': 13, 'future_winner': 8}
[18:45:55] Portfolio candidate set: sleeve-aware gate kept=194, removed=357, gate_modes={'early_relaxed': 172, 'core_strict': 13, 'future_relaxed': 9}, sleeves={'early_scout': 172, 'core_compounder': 13, 'future_winner': 9}
[18:45:56] Portfolio candidate set: sleeve-aware gate kept=167, removed=386, gate_modes={'early_relaxed': 138, 'core_strict': 16, 'future_relaxed': 13}, sleeves={'early_scout': 138, 'core_compounder': 16, 'future_winner': 13}
[18:45:57] Portfolio candidate set: sleeve-aware gate kept=245, removed=324, gate_modes={'early_relaxed': 183, 'future_relaxed': 37, 'core_strict': 25}, sleeves={'early_scout': 183, 'future_winner': 37, 'core_compounder': 25}
[18:45:58] Portfolio candidate set: sleeve-aware gate kept=242, removed=318, gate_modes={'early_relaxed': 180, 'future_relaxed': 36, 'core_strict': 26}, sleeves={'early_scout': 180, 'future_winner': 36, 'core_compounder': 26}
[18:45:59] Portfolio candidate set: sleeve-aware gate kept=157, removed=420, gate_modes={'early_relaxed': 91, 'future_relaxed': 42, 'core_strict': 24}, sleeves={'early_scout': 91, 'future_winner': 42, 'core_compounder': 24}
[18:46:00] Portfolio candidate set: sleeve-aware gate kept=174, removed=401, gate_modes={'early_relaxed': 102, 'future_relaxed': 49, 'core_strict': 23}, sleeves={'early_scout': 102, 'future_winner': 49, 'core_compounder': 23}
[18:46:01] Portfolio candidate set: sleeve-aware gate kept=162, removed=418, gate_modes={'early_relaxed': 84, 'future_relaxed': 54, 'core_strict': 24}, sleeves={'early_scout': 84, 'future_winner': 54, 'core_compounder': 24}
[18:46:02] Portfolio candidate set: sleeve-aware gate kept=253, removed=347, gate_modes={'early_relaxed': 178, 'future_relaxed': 52, 'core_strict': 23}, sleeves={'early_scout': 178, 'future_winner': 52, 'core_compounder': 23}
[18:46:03] Portfolio candidate set: sleeve-aware gate kept=217, removed=363, gate_modes={'early_relaxed': 143, 'future_relaxed': 53, 'core_strict': 21}, sleeves={'early_scout': 143, 'future_winner': 53, 'core_compounder': 21}
[18:46:05] Portfolio candidate set: sleeve-aware gate kept=251, removed=336, gate_modes={'early_relaxed': 148, 'future_relaxed': 82, 'core_strict': 21}, sleeves={'early_scout': 148, 'future_winner': 82, 'core_compounder': 21}
[18:46:05] Portfolio candidate set: sleeve-aware gate kept=180, removed=423, gate_modes={'early_relaxed': 129, 'future_relaxed': 34, 'core_strict': 17}, sleeves={'early_scout': 129, 'future_winner': 34, 'core_compounder': 17}
[18:46:06] Portfolio candidate set: sleeve-aware gate kept=208, removed=404, gate_modes={'early_relaxed': 152, 'future_relaxed': 40, 'core_strict': 16}, sleeves={'early_scout': 152, 'future_winner': 40, 'core_compounder': 16}
[18:46:07] Portfolio candidate set: sleeve-aware gate kept=90, removed=518, gate_modes={'future_relaxed': 38, 'early_relaxed': 36, 'core_strict': 16}, sleeves={'future_winner': 38, 'early_scout': 36, 'core_compounder': 16}
[18:46:09] Portfolio candidate set: sleeve-aware gate kept=148, removed=463, gate_modes={'early_relaxed': 99, 'future_relaxed': 32, 'core_strict': 17}, sleeves={'early_scout': 99, 'future_winner': 32, 'core_compounder': 17}
[18:46:10] Portfolio candidate set: sleeve-aware gate kept=193, removed=415, gate_modes={'early_relaxed': 106, 'future_relaxed': 62, 'core_strict': 25}, sleeves={'early_scout': 106, 'future_winner': 62, 'core_compounder': 25}
[18:46:11] Portfolio candidate set: sleeve-aware gate kept=156, removed=454, gate_modes={'early_relaxed': 73, 'future_relaxed': 56, 'core_strict': 27}, sleeves={'early_scout': 73, 'future_winner': 56, 'core_compounder': 27}
[18:46:12] Portfolio candidate set: sleeve-aware gate kept=142, removed=460, gate_modes={'future_relaxed': 59, 'early_relaxed': 58, 'core_strict': 25}, sleeves={'future_winner': 59, 'early_scout': 58, 'core_compounder': 25}
[18:46:13] Portfolio candidate set: sleeve-aware gate kept=186, removed=404, gate_modes={'early_relaxed': 99, 'future_relaxed': 65, 'core_strict': 22}, sleeves={'early_scout': 99, 'future_winner': 65, 'core_compounder': 22}
[18:46:14] Portfolio candidate set: sleeve-aware gate kept=223, removed=378, gate_modes={'early_relaxed': 138, 'future_relaxed': 62, 'core_strict': 23}, sleeves={'early_scout': 138, 'future_winner': 62, 'core_compounder': 23}
[18:46:15] Portfolio candidate set: sleeve-aware gate kept=217, removed=395, gate_modes={'early_relaxed': 141, 'future_relaxed': 53, 'core_strict': 23}, sleeves={'early_scout': 141, 'future_winner': 53, 'core_compounder': 23}
[18:46:16] Portfolio candidate set: sleeve-aware gate kept=223, removed=373, gate_modes={'early_relaxed': 139, 'future_relaxed': 60, 'core_strict': 24}, sleeves={'early_scout': 139, 'future_winner': 60, 'core_compounder': 24}
[18:46:17] Portfolio candidate set: sleeve-aware gate kept=200, removed=396, gate_modes={'early_relaxed': 109, 'future_relaxed': 68, 'core_strict': 23}, sleeves={'early_scout': 109, 'future_winner': 68, 'core_compounder': 23}
[18:46:18] Portfolio candidate set: sleeve-aware gate kept=159, removed=453, gate_modes={'early_relaxed': 81, 'future_relaxed': 57, 'core_strict': 21}, sleeves={'early_scout': 81, 'future_winner': 57, 'core_compounder': 21}
[18:46:19] Portfolio candidate set: sleeve-aware gate kept=119, removed=481, gate_modes={'early_relaxed': 63, 'future_relaxed': 38, 'core_strict': 18}, sleeves={'early_scout': 63, 'future_winner': 38, 'core_compounder': 18}
[18:46:20] Portfolio candidate set: sleeve-aware gate kept=122, removed=476, gate_modes={'early_relaxed': 70, 'future_relaxed': 34, 'core_strict': 18}, sleeves={'early_scout': 70, 'future_winner': 34, 'core_compounder': 18}
[18:46:20] Portfolio candidate set: sleeve-aware gate kept=166, removed=436, gate_modes={'early_relaxed': 112, 'future_relaxed': 35, 'core_strict': 19}, sleeves={'early_scout': 112, 'future_winner': 35, 'core_compounder': 19}
[18:46:22]   sleeve_policy_per_regime: policy=aggr_10_40_50 cash_max=2.00% ...
[18:46:22] Phase 5: running monthly portfolio backtest ...
[18:46:22] Portfolio candidate set: sleeve-aware gate kept=237, removed=240, gate_modes={'early_relaxed': 166, 'future_relaxed': 53, 'core_strict': 18}, sleeves={'early_scout': 166, 'future_winner': 53, 'core_compounder': 18}
[18:46:23] Portfolio candidate set: sleeve-aware gate kept=239, removed=246, gate_modes={'early_relaxed': 177, 'future_relaxed': 46, 'core_strict': 16}, sleeves={'early_scout': 177, 'future_winner': 46, 'core_compounder': 16}
[18:46:24] Portfolio candidate set: sleeve-aware gate kept=138, removed=340, gate_modes={'early_relaxed': 76, 'future_relaxed': 47, 'core_strict': 15}, sleeves={'early_scout': 76, 'future_winner': 47, 'core_compounder': 15}
[18:46:25] Portfolio candidate set: sleeve-aware gate kept=215, removed=272, gate_modes={'early_relaxed': 141, 'future_relaxed': 57, 'core_strict': 17}, sleeves={'early_scout': 141, 'future_winner': 57, 'core_compounder': 17}
[18:46:26] Portfolio candidate set: sleeve-aware gate kept=218, removed=274, gate_modes={'early_relaxed': 146, 'future_relaxed': 56, 'core_strict': 16}, sleeves={'early_scout': 146, 'future_winner': 56, 'core_compounder': 16}
[18:46:27] Portfolio candidate set: sleeve-aware gate kept=168, removed=317, gate_modes={'early_relaxed': 97, 'future_relaxed': 52, 'core_strict': 19}, sleeves={'early_scout': 97, 'future_winner': 52, 'core_compounder': 19}
[18:46:28] Portfolio candidate set: sleeve-aware gate kept=161, removed=331, gate_modes={'early_relaxed': 97, 'future_relaxed': 46, 'core_strict': 18}, sleeves={'early_scout': 97, 'future_winner': 46, 'core_compounder': 18}
[18:46:29] Portfolio candidate set: sleeve-aware gate kept=170, removed=325, gate_modes={'early_relaxed': 127, 'future_relaxed': 28, 'core_strict': 15}, sleeves={'early_scout': 127, 'future_winner': 28, 'core_compounder': 15}
[18:46:30] Portfolio candidate set: sleeve-aware gate kept=164, removed=323, gate_modes={'early_relaxed': 130, 'future_relaxed': 19, 'core_strict': 15}, sleeves={'early_scout': 130, 'future_winner': 19, 'core_compounder': 15}
[18:46:31] Portfolio candidate set: sleeve-aware gate kept=162, removed=324, gate_modes={'early_relaxed': 126, 'future_relaxed': 23, 'core_strict': 13}, sleeves={'early_scout': 126, 'future_winner': 23, 'core_compounder': 13}
[18:46:32] Portfolio candidate set: sleeve-aware gate kept=163, removed=331, gate_modes={'early_relaxed': 125, 'future_relaxed': 22, 'core_strict': 16}, sleeves={'early_scout': 125, 'future_winner': 22, 'core_compounder': 16}
[18:46:33] Portfolio candidate set: sleeve-aware gate kept=182, removed=335, gate_modes={'early_relaxed': 129, 'future_relaxed': 32, 'core_strict': 21}, sleeves={'early_scout': 129, 'future_winner': 32, 'core_compounder': 21}
[18:46:34] Portfolio candidate set: sleeve-aware gate kept=69, removed=380, gate_modes={'early_relaxed': 34, 'core_strict': 20, 'future_relaxed': 15}, sleeves={'early_scout': 34, 'core_compounder': 20, 'future_winner': 15}
[18:46:35] Portfolio candidate set: sleeve-aware gate kept=110, removed=349, gate_modes={'early_relaxed': 62, 'future_relaxed': 29, 'core_strict': 19}, sleeves={'early_scout': 62, 'future_winner': 29, 'core_compounder': 19}
[18:46:36] Portfolio candidate set: sleeve-aware gate kept=157, removed=285, gate_modes={'early_relaxed': 92, 'future_relaxed': 47, 'core_strict': 18}, sleeves={'early_scout': 92, 'future_winner': 47, 'core_compounder': 18}
[18:46:37] Portfolio candidate set: sleeve-aware gate kept=138, removed=308, gate_modes={'early_relaxed': 81, 'future_relaxed': 38, 'core_strict': 19}, sleeves={'early_scout': 81, 'future_winner': 38, 'core_compounder': 19}
[18:46:38] Portfolio candidate set: sleeve-aware gate kept=187, removed=253, gate_modes={'early_relaxed': 125, 'future_relaxed': 44, 'core_strict': 18}, sleeves={'early_scout': 125, 'future_winner': 44, 'core_compounder': 18}
[18:46:39] Portfolio candidate set: sleeve-aware gate kept=153, removed=273, gate_modes={'early_relaxed': 96, 'future_relaxed': 41, 'core_strict': 16}, sleeves={'early_scout': 96, 'future_winner': 41, 'core_compounder': 16}
[18:46:40] Portfolio candidate set: sleeve-aware gate kept=117, removed=327, gate_modes={'early_relaxed': 61, 'future_relaxed': 39, 'core_strict': 17}, sleeves={'early_scout': 61, 'future_winner': 39, 'core_compounder': 17}
[18:46:41] Portfolio candidate set: sleeve-aware gate kept=125, removed=329, gate_modes={'early_relaxed': 73, 'future_relaxed': 38, 'core_strict': 14}, sleeves={'early_scout': 73, 'future_winner': 38, 'core_compounder': 14}
[18:46:42] Portfolio candidate set: sleeve-aware gate kept=178, removed=282, gate_modes={'early_relaxed': 134, 'future_relaxed': 32, 'core_strict': 12}, sleeves={'early_scout': 134, 'future_winner': 32, 'core_compounder': 12}
[18:46:43] Portfolio candidate set: sleeve-aware gate kept=172, removed=284, gate_modes={'early_relaxed': 109, 'future_relaxed': 50, 'core_strict': 13}, sleeves={'early_scout': 109, 'future_winner': 50, 'core_compounder': 13}
[18:46:45] Portfolio candidate set: sleeve-aware gate kept=142, removed=324, gate_modes={'early_relaxed': 92, 'future_relaxed': 36, 'core_strict': 14}, sleeves={'early_scout': 92, 'future_winner': 36, 'core_compounder': 14}
[18:46:47] Portfolio candidate set: sleeve-aware gate kept=240, removed=243, gate_modes={'early_relaxed': 144, 'future_relaxed': 76, 'core_strict': 20}, sleeves={'early_scout': 144, 'future_winner': 76, 'core_compounder': 20}
[18:46:48] Portfolio candidate set: sleeve-aware gate kept=205, removed=297, gate_modes={'early_relaxed': 95, 'future_relaxed': 87, 'core_strict': 23}, sleeves={'early_scout': 95, 'future_winner': 87, 'core_compounder': 23}
[18:46:50] Portfolio candidate set: sleeve-aware gate kept=296, removed=225, gate_modes={'early_relaxed': 182, 'future_relaxed': 92, 'core_strict': 22}, sleeves={'early_scout': 182, 'future_winner': 92, 'core_compounder': 22}
[18:46:51] Portfolio candidate set: sleeve-aware gate kept=191, removed=330, gate_modes={'future_relaxed': 87, 'early_relaxed': 83, 'core_strict': 21}, sleeves={'future_winner': 87, 'early_scout': 83, 'core_compounder': 21}
[18:46:53] Portfolio candidate set: sleeve-aware gate kept=170, removed=363, gate_modes={'future_relaxed': 83, 'early_relaxed': 65, 'core_strict': 22}, sleeves={'future_winner': 83, 'early_scout': 65, 'core_compounder': 22}
[18:46:54] Portfolio candidate set: sleeve-aware gate kept=207, removed=322, gate_modes={'early_relaxed': 100, 'future_relaxed': 85, 'core_strict': 22}, sleeves={'early_scout': 100, 'future_winner': 85, 'core_compounder': 22}
[18:46:55] Portfolio candidate set: sleeve-aware gate kept=227, removed=291, gate_modes={'future_relaxed': 103, 'early_relaxed': 103, 'core_strict': 21}, sleeves={'future_winner': 103, 'early_scout': 103, 'core_compounder': 21}
[18:46:56] Portfolio candidate set: sleeve-aware gate kept=182, removed=354, gate_modes={'future_relaxed': 90, 'early_relaxed': 71, 'core_strict': 21}, sleeves={'future_winner': 90, 'early_scout': 71, 'core_compounder': 21}
[18:46:57] Portfolio candidate set: sleeve-aware gate kept=223, removed=323, gate_modes={'early_relaxed': 133, 'future_relaxed': 75, 'core_strict': 15}, sleeves={'early_scout': 133, 'future_winner': 75, 'core_compounder': 15}
[18:46:58] Portfolio candidate set: sleeve-aware gate kept=137, removed=407, gate_modes={'early_relaxed': 88, 'future_relaxed': 37, 'core_strict': 12}, sleeves={'early_scout': 88, 'future_winner': 37, 'core_compounder': 12}
[18:46:59] Portfolio candidate set: sleeve-aware gate kept=155, removed=401, gate_modes={'early_relaxed': 100, 'future_relaxed': 43, 'core_strict': 12}, sleeves={'early_scout': 100, 'future_winner': 43, 'core_compounder': 12}
[18:47:00] Portfolio candidate set: sleeve-aware gate kept=73, removed=481, gate_modes={'early_relaxed': 31, 'future_relaxed': 28, 'core_strict': 14}, sleeves={'early_scout': 31, 'future_winner': 28, 'core_compounder': 14}
[18:47:01] Portfolio candidate set: sleeve-aware gate kept=174, removed=389, gate_modes={'early_relaxed': 76, 'future_relaxed': 75, 'core_strict': 23}, sleeves={'early_scout': 76, 'future_winner': 75, 'core_compounder': 23}
[18:47:02] Portfolio candidate set: sleeve-aware gate kept=226, removed=323, gate_modes={'future_relaxed': 109, 'early_relaxed': 93, 'core_strict': 24}, sleeves={'future_winner': 109, 'early_scout': 93, 'core_compounder': 24}
[18:47:03] Portfolio candidate set: sleeve-aware gate kept=161, removed=395, gate_modes={'early_relaxed': 82, 'future_relaxed': 58, 'core_strict': 21}, sleeves={'early_scout': 82, 'future_winner': 58, 'core_compounder': 21}
[18:47:05] Portfolio candidate set: sleeve-aware gate kept=118, removed=414, gate_modes={'early_relaxed': 52, 'future_relaxed': 46, 'core_strict': 20}, sleeves={'early_scout': 52, 'future_winner': 46, 'core_compounder': 20}
[18:47:06] Portfolio candidate set: sleeve-aware gate kept=83, removed=441, gate_modes={'early_relaxed': 33, 'future_relaxed': 29, 'core_strict': 21}, sleeves={'early_scout': 33, 'future_winner': 29, 'core_compounder': 21}
[18:47:08] Portfolio candidate set: sleeve-aware gate kept=145, removed=394, gate_modes={'early_relaxed': 86, 'future_relaxed': 38, 'core_strict': 21}, sleeves={'early_scout': 86, 'future_winner': 38, 'core_compounder': 21}
[18:47:09] Portfolio candidate set: sleeve-aware gate kept=128, removed=402, gate_modes={'early_relaxed': 75, 'future_relaxed': 33, 'core_strict': 20}, sleeves={'early_scout': 75, 'future_winner': 33, 'core_compounder': 20}
[18:47:11] Portfolio candidate set: sleeve-aware gate kept=94, removed=439, gate_modes={'early_relaxed': 48, 'future_relaxed': 26, 'core_strict': 20}, sleeves={'early_scout': 48, 'future_winner': 26, 'core_compounder': 20}
[18:47:12] Portfolio candidate set: sleeve-aware gate kept=110, removed=430, gate_modes={'early_relaxed': 71, 'future_relaxed': 23, 'core_strict': 16}, sleeves={'early_scout': 71, 'future_winner': 23, 'core_compounder': 16}
[18:47:13] Portfolio candidate set: sleeve-aware gate kept=145, removed=391, gate_modes={'early_relaxed': 122, 'future_relaxed': 12, 'core_strict': 11}, sleeves={'early_scout': 122, 'future_winner': 12, 'core_compounder': 11}
[18:47:14] Portfolio candidate set: sleeve-aware gate kept=89, removed=440, gate_modes={'early_relaxed': 70, 'core_strict': 11, 'future_relaxed': 8}, sleeves={'early_scout': 70, 'core_compounder': 11, 'future_winner': 8}
[18:47:15] Portfolio candidate set: sleeve-aware gate kept=177, removed=360, gate_modes={'early_relaxed': 152, 'core_strict': 13, 'future_relaxed': 12}, sleeves={'early_scout': 152, 'core_compounder': 13, 'future_winner': 12}
[18:47:16] Portfolio candidate set: sleeve-aware gate kept=166, removed=390, gate_modes={'early_relaxed': 123, 'core_strict': 22, 'future_relaxed': 21}, sleeves={'early_scout': 123, 'core_compounder': 22, 'future_winner': 21}
[18:47:17] Portfolio candidate set: sleeve-aware gate kept=116, removed=435, gate_modes={'early_relaxed': 76, 'core_strict': 23, 'future_relaxed': 17}, sleeves={'early_scout': 76, 'core_compounder': 23, 'future_winner': 17}
[18:47:17] Portfolio candidate set: sleeve-aware gate kept=134, removed=408, gate_modes={'early_relaxed': 96, 'core_strict': 20, 'future_relaxed': 18}, sleeves={'early_scout': 96, 'core_compounder': 20, 'future_winner': 18}
[18:47:18] Portfolio candidate set: sleeve-aware gate kept=127, removed=407, gate_modes={'early_relaxed': 99, 'core_strict': 19, 'future_relaxed': 9}, sleeves={'early_scout': 99, 'core_compounder': 19, 'future_winner': 9}
[18:47:19] Portfolio candidate set: sleeve-aware gate kept=196, removed=345, gate_modes={'early_relaxed': 157, 'core_strict': 21, 'future_relaxed': 18}, sleeves={'early_scout': 157, 'core_compounder': 21, 'future_winner': 18}
[18:47:20] Portfolio candidate set: sleeve-aware gate kept=250, removed=297, gate_modes={'early_relaxed': 208, 'core_strict': 22, 'future_relaxed': 20}, sleeves={'early_scout': 208, 'core_compounder': 22, 'future_winner': 20}
[18:47:21] Portfolio candidate set: sleeve-aware gate kept=128, removed=406, gate_modes={'early_relaxed': 100, 'core_strict': 20, 'future_relaxed': 8}, sleeves={'early_scout': 100, 'core_compounder': 20, 'future_winner': 8}
[18:47:22] Portfolio candidate set: sleeve-aware gate kept=97, removed=442, gate_modes={'early_relaxed': 64, 'core_strict': 21, 'future_relaxed': 12}, sleeves={'early_scout': 64, 'core_compounder': 21, 'future_winner': 12}
[18:47:23] Portfolio candidate set: sleeve-aware gate kept=59, removed=485, gate_modes={'early_relaxed': 40, 'core_strict': 14, 'future_relaxed': 5}, sleeves={'early_scout': 40, 'core_compounder': 14, 'future_winner': 5}
[18:47:24] Portfolio candidate set: sleeve-aware gate kept=131, removed=406, gate_modes={'early_relaxed': 110, 'core_strict': 13, 'future_relaxed': 8}, sleeves={'early_scout': 110, 'core_compounder': 13, 'future_winner': 8}
[18:47:25] Portfolio candidate set: sleeve-aware gate kept=194, removed=357, gate_modes={'early_relaxed': 172, 'core_strict': 13, 'future_relaxed': 9}, sleeves={'early_scout': 172, 'core_compounder': 13, 'future_winner': 9}
[18:47:27] Portfolio candidate set: sleeve-aware gate kept=167, removed=386, gate_modes={'early_relaxed': 138, 'core_strict': 16, 'future_relaxed': 13}, sleeves={'early_scout': 138, 'core_compounder': 16, 'future_winner': 13}
[18:47:28] Portfolio candidate set: sleeve-aware gate kept=245, removed=324, gate_modes={'early_relaxed': 183, 'future_relaxed': 37, 'core_strict': 25}, sleeves={'early_scout': 183, 'future_winner': 37, 'core_compounder': 25}
[18:47:29] Portfolio candidate set: sleeve-aware gate kept=242, removed=318, gate_modes={'early_relaxed': 180, 'future_relaxed': 36, 'core_strict': 26}, sleeves={'early_scout': 180, 'future_winner': 36, 'core_compounder': 26}
[18:47:29] Portfolio candidate set: sleeve-aware gate kept=157, removed=420, gate_modes={'early_relaxed': 91, 'future_relaxed': 42, 'core_strict': 24}, sleeves={'early_scout': 91, 'future_winner': 42, 'core_compounder': 24}
[18:47:31] Portfolio candidate set: sleeve-aware gate kept=174, removed=401, gate_modes={'early_relaxed': 102, 'future_relaxed': 49, 'core_strict': 23}, sleeves={'early_scout': 102, 'future_winner': 49, 'core_compounder': 23}
[18:47:32] Portfolio candidate set: sleeve-aware gate kept=162, removed=418, gate_modes={'early_relaxed': 84, 'future_relaxed': 54, 'core_strict': 24}, sleeves={'early_scout': 84, 'future_winner': 54, 'core_compounder': 24}
[18:47:33] Portfolio candidate set: sleeve-aware gate kept=253, removed=347, gate_modes={'early_relaxed': 178, 'future_relaxed': 52, 'core_strict': 23}, sleeves={'early_scout': 178, 'future_winner': 52, 'core_compounder': 23}
[18:47:33] Portfolio candidate set: sleeve-aware gate kept=217, removed=363, gate_modes={'early_relaxed': 143, 'future_relaxed': 53, 'core_strict': 21}, sleeves={'early_scout': 143, 'future_winner': 53, 'core_compounder': 21}
[18:47:35] Portfolio candidate set: sleeve-aware gate kept=251, removed=336, gate_modes={'early_relaxed': 148, 'future_relaxed': 82, 'core_strict': 21}, sleeves={'early_scout': 148, 'future_winner': 82, 'core_compounder': 21}
[18:47:35] Portfolio candidate set: sleeve-aware gate kept=180, removed=423, gate_modes={'early_relaxed': 129, 'future_relaxed': 34, 'core_strict': 17}, sleeves={'early_scout': 129, 'future_winner': 34, 'core_compounder': 17}
[18:47:36] Portfolio candidate set: sleeve-aware gate kept=208, removed=404, gate_modes={'early_relaxed': 152, 'future_relaxed': 40, 'core_strict': 16}, sleeves={'early_scout': 152, 'future_winner': 40, 'core_compounder': 16}
[18:47:37] Portfolio candidate set: sleeve-aware gate kept=90, removed=518, gate_modes={'future_relaxed': 38, 'early_relaxed': 36, 'core_strict': 16}, sleeves={'future_winner': 38, 'early_scout': 36, 'core_compounder': 16}
[18:47:39] Portfolio candidate set: sleeve-aware gate kept=148, removed=463, gate_modes={'early_relaxed': 99, 'future_relaxed': 32, 'core_strict': 17}, sleeves={'early_scout': 99, 'future_winner': 32, 'core_compounder': 17}
[18:47:40] Portfolio candidate set: sleeve-aware gate kept=193, removed=415, gate_modes={'early_relaxed': 106, 'future_relaxed': 62, 'core_strict': 25}, sleeves={'early_scout': 106, 'future_winner': 62, 'core_compounder': 25}
[18:47:41] Portfolio candidate set: sleeve-aware gate kept=156, removed=454, gate_modes={'early_relaxed': 73, 'future_relaxed': 56, 'core_strict': 27}, sleeves={'early_scout': 73, 'future_winner': 56, 'core_compounder': 27}
[18:47:42] Portfolio candidate set: sleeve-aware gate kept=142, removed=460, gate_modes={'future_relaxed': 59, 'early_relaxed': 58, 'core_strict': 25}, sleeves={'future_winner': 59, 'early_scout': 58, 'core_compounder': 25}
[18:47:43] Portfolio candidate set: sleeve-aware gate kept=186, removed=404, gate_modes={'early_relaxed': 99, 'future_relaxed': 65, 'core_strict': 22}, sleeves={'early_scout': 99, 'future_winner': 65, 'core_compounder': 22}
[18:47:44] Portfolio candidate set: sleeve-aware gate kept=223, removed=378, gate_modes={'early_relaxed': 138, 'future_relaxed': 62, 'core_strict': 23}, sleeves={'early_scout': 138, 'future_winner': 62, 'core_compounder': 23}
[18:47:45] Portfolio candidate set: sleeve-aware gate kept=217, removed=395, gate_modes={'early_relaxed': 141, 'future_relaxed': 53, 'core_strict': 23}, sleeves={'early_scout': 141, 'future_winner': 53, 'core_compounder': 23}
[18:47:46] Portfolio candidate set: sleeve-aware gate kept=223, removed=373, gate_modes={'early_relaxed': 139, 'future_relaxed': 60, 'core_strict': 24}, sleeves={'early_scout': 139, 'future_winner': 60, 'core_compounder': 24}
[18:47:47] Portfolio candidate set: sleeve-aware gate kept=200, removed=396, gate_modes={'early_relaxed': 109, 'future_relaxed': 68, 'core_strict': 23}, sleeves={'early_scout': 109, 'future_winner': 68, 'core_compounder': 23}
[18:47:48] Portfolio candidate set: sleeve-aware gate kept=159, removed=453, gate_modes={'early_relaxed': 81, 'future_relaxed': 57, 'core_strict': 21}, sleeves={'early_scout': 81, 'future_winner': 57, 'core_compounder': 21}
[18:47:49] Portfolio candidate set: sleeve-aware gate kept=119, removed=481, gate_modes={'early_relaxed': 63, 'future_relaxed': 38, 'core_strict': 18}, sleeves={'early_scout': 63, 'future_winner': 38, 'core_compounder': 18}
[18:47:50] Portfolio candidate set: sleeve-aware gate kept=122, removed=476, gate_modes={'early_relaxed': 70, 'future_relaxed': 34, 'core_strict': 18}, sleeves={'early_scout': 70, 'future_winner': 34, 'core_compounder': 18}
[18:47:51] Portfolio candidate set: sleeve-aware gate kept=166, removed=436, gate_modes={'early_relaxed': 112, 'future_relaxed': 35, 'core_strict': 19}, sleeves={'early_scout': 112, 'future_winner': 35, 'core_compounder': 19}
[18:47:52] [INFO] Applied champion sleeve/cap policy: defensive_drawdown_control
[18:47:52] Phase 5: running monthly portfolio backtest ...
[18:47:53] Portfolio candidate set: sleeve-aware gate kept=237, removed=240, gate_modes={'early_relaxed': 166, 'future_relaxed': 53, 'core_strict': 18}, sleeves={'early_scout': 166, 'future_winner': 53, 'core_compounder': 18}
[18:47:54] Portfolio candidate set: sleeve-aware gate kept=239, removed=246, gate_modes={'early_relaxed': 177, 'future_relaxed': 46, 'core_strict': 16}, sleeves={'early_scout': 177, 'future_winner': 46, 'core_compounder': 16}
[18:47:55] Portfolio candidate set: sleeve-aware gate kept=138, removed=340, gate_modes={'early_relaxed': 76, 'future_relaxed': 47, 'core_strict': 15}, sleeves={'early_scout': 76, 'future_winner': 47, 'core_compounder': 15}
[18:47:55] Portfolio candidate set: sleeve-aware gate kept=215, removed=272, gate_modes={'early_relaxed': 141, 'future_relaxed': 57, 'core_strict': 17}, sleeves={'early_scout': 141, 'future_winner': 57, 'core_compounder': 17}
[18:47:56] Portfolio candidate set: sleeve-aware gate kept=218, removed=274, gate_modes={'early_relaxed': 146, 'future_relaxed': 56, 'core_strict': 16}, sleeves={'early_scout': 146, 'future_winner': 56, 'core_compounder': 16}
[18:47:57] Portfolio candidate set: sleeve-aware gate kept=168, removed=317, gate_modes={'early_relaxed': 97, 'future_relaxed': 52, 'core_strict': 19}, sleeves={'early_scout': 97, 'future_winner': 52, 'core_compounder': 19}
[18:47:58] Portfolio candidate set: sleeve-aware gate kept=161, removed=331, gate_modes={'early_relaxed': 97, 'future_relaxed': 46, 'core_strict': 18}, sleeves={'early_scout': 97, 'future_winner': 46, 'core_compounder': 18}
[18:47:59] Portfolio candidate set: sleeve-aware gate kept=170, removed=325, gate_modes={'early_relaxed': 127, 'future_relaxed': 28, 'core_strict': 15}, sleeves={'early_scout': 127, 'future_winner': 28, 'core_compounder': 15}
[18:48:00] Portfolio candidate set: sleeve-aware gate kept=164, removed=323, gate_modes={'early_relaxed': 130, 'future_relaxed': 19, 'core_strict': 15}, sleeves={'early_scout': 130, 'future_winner': 19, 'core_compounder': 15}
[18:48:01] Portfolio candidate set: sleeve-aware gate kept=162, removed=324, gate_modes={'early_relaxed': 126, 'future_relaxed': 23, 'core_strict': 13}, sleeves={'early_scout': 126, 'future_winner': 23, 'core_compounder': 13}
[18:48:02] Portfolio candidate set: sleeve-aware gate kept=163, removed=331, gate_modes={'early_relaxed': 125, 'future_relaxed': 22, 'core_strict': 16}, sleeves={'early_scout': 125, 'future_winner': 22, 'core_compounder': 16}
[18:48:03] Portfolio candidate set: sleeve-aware gate kept=182, removed=335, gate_modes={'early_relaxed': 129, 'future_relaxed': 32, 'core_strict': 21}, sleeves={'early_scout': 129, 'future_winner': 32, 'core_compounder': 21}
[18:48:04] Portfolio candidate set: sleeve-aware gate kept=69, removed=380, gate_modes={'early_relaxed': 34, 'core_strict': 20, 'future_relaxed': 15}, sleeves={'early_scout': 34, 'core_compounder': 20, 'future_winner': 15}
[18:48:05] Portfolio candidate set: sleeve-aware gate kept=110, removed=349, gate_modes={'early_relaxed': 62, 'future_relaxed': 29, 'core_strict': 19}, sleeves={'early_scout': 62, 'future_winner': 29, 'core_compounder': 19}
[18:48:05] Portfolio candidate set: sleeve-aware gate kept=157, removed=285, gate_modes={'early_relaxed': 92, 'future_relaxed': 47, 'core_strict': 18}, sleeves={'early_scout': 92, 'future_winner': 47, 'core_compounder': 18}
[18:48:06] Portfolio candidate set: sleeve-aware gate kept=138, removed=308, gate_modes={'early_relaxed': 81, 'future_relaxed': 38, 'core_strict': 19}, sleeves={'early_scout': 81, 'future_winner': 38, 'core_compounder': 19}
[18:48:07] Portfolio candidate set: sleeve-aware gate kept=187, removed=253, gate_modes={'early_relaxed': 125, 'future_relaxed': 44, 'core_strict': 18}, sleeves={'early_scout': 125, 'future_winner': 44, 'core_compounder': 18}
[18:48:08] Portfolio candidate set: sleeve-aware gate kept=153, removed=273, gate_modes={'early_relaxed': 96, 'future_relaxed': 41, 'core_strict': 16}, sleeves={'early_scout': 96, 'future_winner': 41, 'core_compounder': 16}
[18:48:09] Portfolio candidate set: sleeve-aware gate kept=117, removed=327, gate_modes={'early_relaxed': 61, 'future_relaxed': 39, 'core_strict': 17}, sleeves={'early_scout': 61, 'future_winner': 39, 'core_compounder': 17}
[18:48:10] Portfolio candidate set: sleeve-aware gate kept=125, removed=329, gate_modes={'early_relaxed': 73, 'future_relaxed': 38, 'core_strict': 14}, sleeves={'early_scout': 73, 'future_winner': 38, 'core_compounder': 14}
[18:48:11] Portfolio candidate set: sleeve-aware gate kept=178, removed=282, gate_modes={'early_relaxed': 134, 'future_relaxed': 32, 'core_strict': 12}, sleeves={'early_scout': 134, 'future_winner': 32, 'core_compounder': 12}
[18:48:12] Portfolio candidate set: sleeve-aware gate kept=172, removed=284, gate_modes={'early_relaxed': 109, 'future_relaxed': 50, 'core_strict': 13}, sleeves={'early_scout': 109, 'future_winner': 50, 'core_compounder': 13}
[18:48:13] Portfolio candidate set: sleeve-aware gate kept=142, removed=324, gate_modes={'early_relaxed': 92, 'future_relaxed': 36, 'core_strict': 14}, sleeves={'early_scout': 92, 'future_winner': 36, 'core_compounder': 14}
[18:48:14] Portfolio candidate set: sleeve-aware gate kept=240, removed=243, gate_modes={'early_relaxed': 144, 'future_relaxed': 76, 'core_strict': 20}, sleeves={'early_scout': 144, 'future_winner': 76, 'core_compounder': 20}
[18:48:15] Portfolio candidate set: sleeve-aware gate kept=205, removed=297, gate_modes={'early_relaxed': 95, 'future_relaxed': 87, 'core_strict': 23}, sleeves={'early_scout': 95, 'future_winner': 87, 'core_compounder': 23}
[18:48:16] Portfolio candidate set: sleeve-aware gate kept=296, removed=225, gate_modes={'early_relaxed': 182, 'future_relaxed': 92, 'core_strict': 22}, sleeves={'early_scout': 182, 'future_winner': 92, 'core_compounder': 22}
[18:48:17] Portfolio candidate set: sleeve-aware gate kept=191, removed=330, gate_modes={'future_relaxed': 87, 'early_relaxed': 83, 'core_strict': 21}, sleeves={'future_winner': 87, 'early_scout': 83, 'core_compounder': 21}
[18:48:18] Portfolio candidate set: sleeve-aware gate kept=170, removed=363, gate_modes={'future_relaxed': 83, 'early_relaxed': 65, 'core_strict': 22}, sleeves={'future_winner': 83, 'early_scout': 65, 'core_compounder': 22}
[18:48:19] Portfolio candidate set: sleeve-aware gate kept=207, removed=322, gate_modes={'early_relaxed': 100, 'future_relaxed': 85, 'core_strict': 22}, sleeves={'early_scout': 100, 'future_winner': 85, 'core_compounder': 22}
[18:48:20] Portfolio candidate set: sleeve-aware gate kept=227, removed=291, gate_modes={'future_relaxed': 103, 'early_relaxed': 103, 'core_strict': 21}, sleeves={'future_winner': 103, 'early_scout': 103, 'core_compounder': 21}
[18:48:20] Portfolio candidate set: sleeve-aware gate kept=182, removed=354, gate_modes={'future_relaxed': 90, 'early_relaxed': 71, 'core_strict': 21}, sleeves={'future_winner': 90, 'early_scout': 71, 'core_compounder': 21}
[18:48:21] Portfolio candidate set: sleeve-aware gate kept=223, removed=323, gate_modes={'early_relaxed': 133, 'future_relaxed': 75, 'core_strict': 15}, sleeves={'early_scout': 133, 'future_winner': 75, 'core_compounder': 15}
[18:48:22] Portfolio candidate set: sleeve-aware gate kept=137, removed=407, gate_modes={'early_relaxed': 88, 'future_relaxed': 37, 'core_strict': 12}, sleeves={'early_scout': 88, 'future_winner': 37, 'core_compounder': 12}
[18:48:23] Portfolio candidate set: sleeve-aware gate kept=155, removed=401, gate_modes={'early_relaxed': 100, 'future_relaxed': 43, 'core_strict': 12}, sleeves={'early_scout': 100, 'future_winner': 43, 'core_compounder': 12}
[18:48:24] Portfolio candidate set: sleeve-aware gate kept=73, removed=481, gate_modes={'early_relaxed': 31, 'future_relaxed': 28, 'core_strict': 14}, sleeves={'early_scout': 31, 'future_winner': 28, 'core_compounder': 14}
[18:48:25] Portfolio candidate set: sleeve-aware gate kept=174, removed=389, gate_modes={'early_relaxed': 76, 'future_relaxed': 75, 'core_strict': 23}, sleeves={'early_scout': 76, 'future_winner': 75, 'core_compounder': 23}
[18:48:26] Portfolio candidate set: sleeve-aware gate kept=226, removed=323, gate_modes={'future_relaxed': 109, 'early_relaxed': 93, 'core_strict': 24}, sleeves={'future_winner': 109, 'early_scout': 93, 'core_compounder': 24}
[18:48:27] Portfolio candidate set: sleeve-aware gate kept=161, removed=395, gate_modes={'early_relaxed': 82, 'future_relaxed': 58, 'core_strict': 21}, sleeves={'early_scout': 82, 'future_winner': 58, 'core_compounder': 21}
[18:48:28] Portfolio candidate set: sleeve-aware gate kept=118, removed=414, gate_modes={'early_relaxed': 52, 'future_relaxed': 46, 'core_strict': 20}, sleeves={'early_scout': 52, 'future_winner': 46, 'core_compounder': 20}
[18:48:28] Portfolio candidate set: sleeve-aware gate kept=83, removed=441, gate_modes={'early_relaxed': 33, 'future_relaxed': 29, 'core_strict': 21}, sleeves={'early_scout': 33, 'future_winner': 29, 'core_compounder': 21}
[18:48:29] Portfolio candidate set: sleeve-aware gate kept=145, removed=394, gate_modes={'early_relaxed': 86, 'future_relaxed': 38, 'core_strict': 21}, sleeves={'early_scout': 86, 'future_winner': 38, 'core_compounder': 21}
[18:48:30] Portfolio candidate set: sleeve-aware gate kept=128, removed=402, gate_modes={'early_relaxed': 75, 'future_relaxed': 33, 'core_strict': 20}, sleeves={'early_scout': 75, 'future_winner': 33, 'core_compounder': 20}
[18:48:31] Portfolio candidate set: sleeve-aware gate kept=94, removed=439, gate_modes={'early_relaxed': 48, 'future_relaxed': 26, 'core_strict': 20}, sleeves={'early_scout': 48, 'future_winner': 26, 'core_compounder': 20}
[18:48:32] Portfolio candidate set: sleeve-aware gate kept=110, removed=430, gate_modes={'early_relaxed': 71, 'future_relaxed': 23, 'core_strict': 16}, sleeves={'early_scout': 71, 'future_winner': 23, 'core_compounder': 16}
[18:48:33] Portfolio candidate set: sleeve-aware gate kept=145, removed=391, gate_modes={'early_relaxed': 122, 'future_relaxed': 12, 'core_strict': 11}, sleeves={'early_scout': 122, 'future_winner': 12, 'core_compounder': 11}
[18:48:34] Portfolio candidate set: sleeve-aware gate kept=89, removed=440, gate_modes={'early_relaxed': 70, 'core_strict': 11, 'future_relaxed': 8}, sleeves={'early_scout': 70, 'core_compounder': 11, 'future_winner': 8}
[18:48:35] Portfolio candidate set: sleeve-aware gate kept=177, removed=360, gate_modes={'early_relaxed': 152, 'core_strict': 13, 'future_relaxed': 12}, sleeves={'early_scout': 152, 'core_compounder': 13, 'future_winner': 12}
[18:48:35] Portfolio candidate set: sleeve-aware gate kept=166, removed=390, gate_modes={'early_relaxed': 123, 'core_strict': 22, 'future_relaxed': 21}, sleeves={'early_scout': 123, 'core_compounder': 22, 'future_winner': 21}
[18:48:36] Portfolio candidate set: sleeve-aware gate kept=116, removed=435, gate_modes={'early_relaxed': 76, 'core_strict': 23, 'future_relaxed': 17}, sleeves={'early_scout': 76, 'core_compounder': 23, 'future_winner': 17}
[18:48:37] Portfolio candidate set: sleeve-aware gate kept=134, removed=408, gate_modes={'early_relaxed': 96, 'core_strict': 20, 'future_relaxed': 18}, sleeves={'early_scout': 96, 'core_compounder': 20, 'future_winner': 18}
[18:48:38] Portfolio candidate set: sleeve-aware gate kept=127, removed=407, gate_modes={'early_relaxed': 99, 'core_strict': 19, 'future_relaxed': 9}, sleeves={'early_scout': 99, 'core_compounder': 19, 'future_winner': 9}
[18:48:39] Portfolio candidate set: sleeve-aware gate kept=196, removed=345, gate_modes={'early_relaxed': 157, 'core_strict': 21, 'future_relaxed': 18}, sleeves={'early_scout': 157, 'core_compounder': 21, 'future_winner': 18}
[18:48:40] Portfolio candidate set: sleeve-aware gate kept=250, removed=297, gate_modes={'early_relaxed': 208, 'core_strict': 22, 'future_relaxed': 20}, sleeves={'early_scout': 208, 'core_compounder': 22, 'future_winner': 20}
[18:48:41] Portfolio candidate set: sleeve-aware gate kept=128, removed=406, gate_modes={'early_relaxed': 100, 'core_strict': 20, 'future_relaxed': 8}, sleeves={'early_scout': 100, 'core_compounder': 20, 'future_winner': 8}
[18:48:42] Portfolio candidate set: sleeve-aware gate kept=97, removed=442, gate_modes={'early_relaxed': 64, 'core_strict': 21, 'future_relaxed': 12}, sleeves={'early_scout': 64, 'core_compounder': 21, 'future_winner': 12}
[18:48:43] Portfolio candidate set: sleeve-aware gate kept=59, removed=485, gate_modes={'early_relaxed': 40, 'core_strict': 14, 'future_relaxed': 5}, sleeves={'early_scout': 40, 'core_compounder': 14, 'future_winner': 5}
[18:48:44] Portfolio candidate set: sleeve-aware gate kept=131, removed=406, gate_modes={'early_relaxed': 110, 'core_strict': 13, 'future_relaxed': 8}, sleeves={'early_scout': 110, 'core_compounder': 13, 'future_winner': 8}
[18:48:45] Portfolio candidate set: sleeve-aware gate kept=194, removed=357, gate_modes={'early_relaxed': 172, 'core_strict': 13, 'future_relaxed': 9}, sleeves={'early_scout': 172, 'core_compounder': 13, 'future_winner': 9}
[18:48:46] Portfolio candidate set: sleeve-aware gate kept=167, removed=386, gate_modes={'early_relaxed': 138, 'core_strict': 16, 'future_relaxed': 13}, sleeves={'early_scout': 138, 'core_compounder': 16, 'future_winner': 13}
[18:48:48] Portfolio candidate set: sleeve-aware gate kept=245, removed=324, gate_modes={'early_relaxed': 183, 'future_relaxed': 37, 'core_strict': 25}, sleeves={'early_scout': 183, 'future_winner': 37, 'core_compounder': 25}Error 35 (CUDA driver version is insufficient for CUDA runtime version) ignored while obtaining device count

[18:48:48] Portfolio candidate set: sleeve-aware gate kept=242, removed=318, gate_modes={'early_relaxed': 180, 'future_relaxed': 36, 'core_strict': 26}, sleeves={'early_scout': 180, 'future_winner': 36, 'core_compounder': 26}
[18:48:49] Portfolio candidate set: sleeve-aware gate kept=157, removed=420, gate_modes={'early_relaxed': 91, 'future_relaxed': 42, 'core_strict': 24}, sleeves={'early_scout': 91, 'future_winner': 42, 'core_compounder': 24}
[18:48:50] Portfolio candidate set: sleeve-aware gate kept=174, removed=401, gate_modes={'early_relaxed': 102, 'future_relaxed': 49, 'core_strict': 23}, sleeves={'early_scout': 102, 'future_winner': 49, 'core_compounder': 23}
[18:48:51] Portfolio candidate set: sleeve-aware gate kept=162, removed=418, gate_modes={'early_relaxed': 84, 'future_relaxed': 54, 'core_strict': 24}, sleeves={'early_scout': 84, 'future_winner': 54, 'core_compounder': 24}
[18:48:52] Portfolio candidate set: sleeve-aware gate kept=253, removed=347, gate_modes={'early_relaxed': 178, 'future_relaxed': 52, 'core_strict': 23}, sleeves={'early_scout': 178, 'future_winner': 52, 'core_compounder': 23}
[18:48:53] Portfolio candidate set: sleeve-aware gate kept=217, removed=363, gate_modes={'early_relaxed': 143, 'future_relaxed': 53, 'core_strict': 21}, sleeves={'early_scout': 143, 'future_winner': 53, 'core_compounder': 21}
[18:48:54] Portfolio candidate set: sleeve-aware gate kept=251, removed=336, gate_modes={'early_relaxed': 148, 'future_relaxed': 82, 'core_strict': 21}, sleeves={'early_scout': 148, 'future_winner': 82, 'core_compounder': 21}
[18:48:55] Portfolio candidate set: sleeve-aware gate kept=180, removed=423, gate_modes={'early_relaxed': 129, 'future_relaxed': 34, 'core_strict': 17}, sleeves={'early_scout': 129, 'future_winner': 34, 'core_compounder': 17}
[18:48:56] Portfolio candidate set: sleeve-aware gate kept=208, removed=404, gate_modes={'early_relaxed': 152, 'future_relaxed': 40, 'core_strict': 16}, sleeves={'early_scout': 152, 'future_winner': 40, 'core_compounder': 16}
[18:48:57] Portfolio candidate set: sleeve-aware gate kept=90, removed=518, gate_modes={'future_relaxed': 38, 'early_relaxed': 36, 'core_strict': 16}, sleeves={'future_winner': 38, 'early_scout': 36, 'core_compounder': 16}
[18:48:58] Portfolio candidate set: sleeve-aware gate kept=148, removed=463, gate_modes={'early_relaxed': 99, 'future_relaxed': 32, 'core_strict': 17}, sleeves={'early_scout': 99, 'future_winner': 32, 'core_compounder': 17}
[18:48:59] Portfolio candidate set: sleeve-aware gate kept=193, removed=415, gate_modes={'early_relaxed': 106, 'future_relaxed': 62, 'core_strict': 25}, sleeves={'early_scout': 106, 'future_winner': 62, 'core_compounder': 25}
[18:49:01] Portfolio candidate set: sleeve-aware gate kept=156, removed=454, gate_modes={'early_relaxed': 73, 'future_relaxed': 56, 'core_strict': 27}, sleeves={'early_scout': 73, 'future_winner': 56, 'core_compounder': 27}
[18:49:01] Portfolio candidate set: sleeve-aware gate kept=142, removed=460, gate_modes={'future_relaxed': 59, 'early_relaxed': 58, 'core_strict': 25}, sleeves={'future_winner': 59, 'early_scout': 58, 'core_compounder': 25}
[18:49:02] Portfolio candidate set: sleeve-aware gate kept=186, removed=404, gate_modes={'early_relaxed': 99, 'future_relaxed': 65, 'core_strict': 22}, sleeves={'early_scout': 99, 'future_winner': 65, 'core_compounder': 22}
[18:49:03] Portfolio candidate set: sleeve-aware gate kept=223, removed=378, gate_modes={'early_relaxed': 138, 'future_relaxed': 62, 'core_strict': 23}, sleeves={'early_scout': 138, 'future_winner': 62, 'core_compounder': 23}
[18:49:04] Portfolio candidate set: sleeve-aware gate kept=217, removed=395, gate_modes={'early_relaxed': 141, 'future_relaxed': 53, 'core_strict': 23}, sleeves={'early_scout': 141, 'future_winner': 53, 'core_compounder': 23}
[18:49:05] Portfolio candidate set: sleeve-aware gate kept=223, removed=373, gate_modes={'early_relaxed': 139, 'future_relaxed': 60, 'core_strict': 24}, sleeves={'early_scout': 139, 'future_winner': 60, 'core_compounder': 24}
[18:49:06] Portfolio candidate set: sleeve-aware gate kept=200, removed=396, gate_modes={'early_relaxed': 109, 'future_relaxed': 68, 'core_strict': 23}, sleeves={'early_scout': 109, 'future_winner': 68, 'core_compounder': 23}
[18:49:07] Portfolio candidate set: sleeve-aware gate kept=159, removed=453, gate_modes={'early_relaxed': 81, 'future_relaxed': 57, 'core_strict': 21}, sleeves={'early_scout': 81, 'future_winner': 57, 'core_compounder': 21}
[18:49:08] Portfolio candidate set: sleeve-aware gate kept=119, removed=481, gate_modes={'early_relaxed': 63, 'future_relaxed': 38, 'core_strict': 18}, sleeves={'early_scout': 63, 'future_winner': 38, 'core_compounder': 18}
[18:49:09] Portfolio candidate set: sleeve-aware gate kept=122, removed=476, gate_modes={'early_relaxed': 70, 'future_relaxed': 34, 'core_strict': 18}, sleeves={'early_scout': 70, 'future_winner': 34, 'core_compounder': 18}
[18:49:09] Portfolio candidate set: sleeve-aware gate kept=166, removed=436, gate_modes={'early_relaxed': 112, 'future_relaxed': 35, 'core_strict': 19}, sleeves={'early_scout': 112, 'future_winner': 35, 'core_compounder': 19}
[18:49:11] Phase 5e: running concentrated alpha backtest comparisons ...
[18:49:11] Phase 5e: concentrated alpha backtests (top_n=[1, 2, 3, 4, 5, 7, 10], intervals=[1, 2, 3], modes=['conviction_curve', 'winner_take_all', 'score_power']) ...
[19:00:57] [WARN] _http_get_inner attempt 1/3 failed: 500 Server Error: Internal Server Error for url: https://api.stlouisfed.org/fred/series/observations?series_id=SP500&api_key=dac25101c8dc447c12fa29c8bff99ba3&file_type=json. Retry in 1.0s
[19:11:54] Phase 5b: scoring latest recommendation set ...
[19:14:05] Phase 5b latest ranking: ranking eligibility kept=221, removed=374, gate_modes={'early_relaxed': 102, 'future_relaxed': 69, 'core_strict': 50}, sleeves={'early_scout': 102, 'future_winner': 69, 'core_compounder': 50}
[19:14:07] Portfolio candidate set: sleeve-aware gate kept=210, removed=11, gate_modes={'early_relaxed': 107, 'future_relaxed': 67, 'core_strict': 36}, sleeves={'early_scout': 107, 'future_winner': 67, 'core_compounder': 36}
[19:14:08] Phase 6: exporting outputs ...
[19:14:09] Phase 6 latest export ranking: ranking eligibility kept=221, removed=374, gate_modes={'early_relaxed': 102, 'future_relaxed': 69, 'core_strict': 50}, sleeves={'early_scout': 102, 'future_winner': 69, 'core_compounder': 50}
[19:14:09] [Phase 12B] wrote manual_positions.yaml template at /home/runner/work/r1000-quant-engine/r1000-quant-engine/manual_positions.yaml
[19:14:11] Phase 5: running monthly portfolio backtest ...
[19:14:11] Portfolio candidate set: sleeve-aware gate kept=237, removed=240, gate_modes={'early_relaxed': 166, 'future_relaxed': 53, 'core_strict': 18}, sleeves={'early_scout': 166, 'future_winner': 53, 'core_compounder': 18}
[19:14:12] Portfolio candidate set: sleeve-aware gate kept=239, removed=246, gate_modes={'early_relaxed': 177, 'future_relaxed': 46, 'core_strict': 16}, sleeves={'early_scout': 177, 'future_winner': 46, 'core_compounder': 16}
[19:14:13] Portfolio candidate set: sleeve-aware gate kept=138, removed=340, gate_modes={'early_relaxed': 76, 'future_relaxed': 47, 'core_strict': 15}, sleeves={'early_scout': 76, 'future_winner': 47, 'core_compounder': 15}
[19:14:14] Portfolio candidate set: sleeve-aware gate kept=215, removed=272, gate_modes={'early_relaxed': 141, 'future_relaxed': 57, 'core_strict': 17}, sleeves={'early_scout': 141, 'future_winner': 57, 'core_compounder': 17}
[19:14:15] Portfolio candidate set: sleeve-aware gate kept=218, removed=274, gate_modes={'early_relaxed': 146, 'future_relaxed': 56, 'core_strict': 16}, sleeves={'early_scout': 146, 'future_winner': 56, 'core_compounder': 16}
[19:14:16] Portfolio candidate set: sleeve-aware gate kept=168, removed=317, gate_modes={'early_relaxed': 97, 'future_relaxed': 52, 'core_strict': 19}, sleeves={'early_scout': 97, 'future_winner': 52, 'core_compounder': 19}
[19:14:17] Portfolio candidate set: sleeve-aware gate kept=161, removed=331, gate_modes={'early_relaxed': 97, 'future_relaxed': 46, 'core_strict': 18}, sleeves={'early_scout': 97, 'future_winner': 46, 'core_compounder': 18}
[19:14:18] Portfolio candidate set: sleeve-aware gate kept=170, removed=325, gate_modes={'early_relaxed': 127, 'future_relaxed': 28, 'core_strict': 15}, sleeves={'early_scout': 127, 'future_winner': 28, 'core_compounder': 15}
[19:14:19] Portfolio candidate set: sleeve-aware gate kept=164, removed=323, gate_modes={'early_relaxed': 130, 'future_relaxed': 19, 'core_strict': 15}, sleeves={'early_scout': 130, 'future_winner': 19, 'core_compounder': 15}
[19:14:20] Portfolio candidate set: sleeve-aware gate kept=162, removed=324, gate_modes={'early_relaxed': 126, 'future_relaxed': 23, 'core_strict': 13}, sleeves={'early_scout': 126, 'future_winner': 23, 'core_compounder': 13}
[19:14:21] Portfolio candidate set: sleeve-aware gate kept=163, removed=331, gate_modes={'early_relaxed': 125, 'future_relaxed': 22, 'core_strict': 16}, sleeves={'early_scout': 125, 'future_winner': 22, 'core_compounder': 16}
[19:14:21] Portfolio candidate set: sleeve-aware gate kept=182, removed=335, gate_modes={'early_relaxed': 129, 'future_relaxed': 32, 'core_strict': 21}, sleeves={'early_scout': 129, 'future_winner': 32, 'core_compounder': 21}
[19:14:22] Portfolio candidate set: sleeve-aware gate kept=69, removed=380, gate_modes={'early_relaxed': 34, 'core_strict': 20, 'future_relaxed': 15}, sleeves={'early_scout': 34, 'core_compounder': 20, 'future_winner': 15}
[19:14:23] Portfolio candidate set: sleeve-aware gate kept=110, removed=349, gate_modes={'early_relaxed': 62, 'future_relaxed': 29, 'core_strict': 19}, sleeves={'early_scout': 62, 'future_winner': 29, 'core_compounder': 19}
[19:14:24] Portfolio candidate set: sleeve-aware gate kept=157, removed=285, gate_modes={'early_relaxed': 92, 'future_relaxed': 47, 'core_strict': 18}, sleeves={'early_scout': 92, 'future_winner': 47, 'core_compounder': 18}
[19:14:25] Portfolio candidate set: sleeve-aware gate kept=138, removed=308, gate_modes={'early_relaxed': 81, 'future_relaxed': 38, 'core_strict': 19}, sleeves={'early_scout': 81, 'future_winner': 38, 'core_compounder': 19}
[19:14:26] Portfolio candidate set: sleeve-aware gate kept=187, removed=253, gate_modes={'early_relaxed': 125, 'future_relaxed': 44, 'core_strict': 18}, sleeves={'early_scout': 125, 'future_winner': 44, 'core_compounder': 18}
[19:14:27] Portfolio candidate set: sleeve-aware gate kept=153, removed=273, gate_modes={'early_relaxed': 96, 'future_relaxed': 41, 'core_strict': 16}, sleeves={'early_scout': 96, 'future_winner': 41, 'core_compounder': 16}
[19:14:28] Portfolio candidate set: sleeve-aware gate kept=117, removed=327, gate_modes={'early_relaxed': 61, 'future_relaxed': 39, 'core_strict': 17}, sleeves={'early_scout': 61, 'future_winner': 39, 'core_compounder': 17}
[19:14:29] Portfolio candidate set: sleeve-aware gate kept=125, removed=329, gate_modes={'early_relaxed': 73, 'future_relaxed': 38, 'core_strict': 14}, sleeves={'early_scout': 73, 'future_winner': 38, 'core_compounder': 14}
[19:14:30] Portfolio candidate set: sleeve-aware gate kept=178, removed=282, gate_modes={'early_relaxed': 134, 'future_relaxed': 32, 'core_strict': 12}, sleeves={'early_scout': 134, 'future_winner': 32, 'core_compounder': 12}
[19:14:31] Portfolio candidate set: sleeve-aware gate kept=172, removed=284, gate_modes={'early_relaxed': 109, 'future_relaxed': 50, 'core_strict': 13}, sleeves={'early_scout': 109, 'future_winner': 50, 'core_compounder': 13}
[19:14:32] Portfolio candidate set: sleeve-aware gate kept=142, removed=324, gate_modes={'early_relaxed': 92, 'future_relaxed': 36, 'core_strict': 14}, sleeves={'early_scout': 92, 'future_winner': 36, 'core_compounder': 14}
[19:14:33] Portfolio candidate set: sleeve-aware gate kept=240, removed=243, gate_modes={'early_relaxed': 144, 'future_relaxed': 76, 'core_strict': 20}, sleeves={'early_scout': 144, 'future_winner': 76, 'core_compounder': 20}
[19:14:34] Portfolio candidate set: sleeve-aware gate kept=205, removed=297, gate_modes={'early_relaxed': 95, 'future_relaxed': 87, 'core_strict': 23}, sleeves={'early_scout': 95, 'future_winner': 87, 'core_compounder': 23}
[19:14:35] Portfolio candidate set: sleeve-aware gate kept=296, removed=225, gate_modes={'early_relaxed': 182, 'future_relaxed': 92, 'core_strict': 22}, sleeves={'early_scout': 182, 'future_winner': 92, 'core_compounder': 22}
[19:14:36] Portfolio candidate set: sleeve-aware gate kept=191, removed=330, gate_modes={'future_relaxed': 87, 'early_relaxed': 83, 'core_strict': 21}, sleeves={'future_winner': 87, 'early_scout': 83, 'core_compounder': 21}
[19:14:37] Portfolio candidate set: sleeve-aware gate kept=170, removed=363, gate_modes={'future_relaxed': 83, 'early_relaxed': 65, 'core_strict': 22}, sleeves={'future_winner': 83, 'early_scout': 65, 'core_compounder': 22}
[19:14:38] Portfolio candidate set: sleeve-aware gate kept=207, removed=322, gate_modes={'early_relaxed': 100, 'future_relaxed': 85, 'core_strict': 22}, sleeves={'early_scout': 100, 'future_winner': 85, 'core_compounder': 22}
[19:14:39] Portfolio candidate set: sleeve-aware gate kept=227, removed=291, gate_modes={'future_relaxed': 103, 'early_relaxed': 103, 'core_strict': 21}, sleeves={'future_winner': 103, 'early_scout': 103, 'core_compounder': 21}
[19:14:40] Portfolio candidate set: sleeve-aware gate kept=182, removed=354, gate_modes={'future_relaxed': 90, 'early_relaxed': 71, 'core_strict': 21}, sleeves={'future_winner': 90, 'early_scout': 71, 'core_compounder': 21}
[19:14:41] Portfolio candidate set: sleeve-aware gate kept=223, removed=323, gate_modes={'early_relaxed': 133, 'future_relaxed': 75, 'core_strict': 15}, sleeves={'early_scout': 133, 'future_winner': 75, 'core_compounder': 15}
[19:14:42] Portfolio candidate set: sleeve-aware gate kept=137, removed=407, gate_modes={'early_relaxed': 88, 'future_relaxed': 37, 'core_strict': 12}, sleeves={'early_scout': 88, 'future_winner': 37, 'core_compounder': 12}
[19:14:43] Portfolio candidate set: sleeve-aware gate kept=155, removed=401, gate_modes={'early_relaxed': 100, 'future_relaxed': 43, 'core_strict': 12}, sleeves={'early_scout': 100, 'future_winner': 43, 'core_compounder': 12}
[19:14:43] Portfolio candidate set: sleeve-aware gate kept=73, removed=481, gate_modes={'early_relaxed': 31, 'future_relaxed': 28, 'core_strict': 14}, sleeves={'early_scout': 31, 'future_winner': 28, 'core_compounder': 14}
[19:14:44] Portfolio candidate set: sleeve-aware gate kept=174, removed=389, gate_modes={'early_relaxed': 76, 'future_relaxed': 75, 'core_strict': 23}, sleeves={'early_scout': 76, 'future_winner': 75, 'core_compounder': 23}
[19:14:46] Portfolio candidate set: sleeve-aware gate kept=226, removed=323, gate_modes={'future_relaxed': 109, 'early_relaxed': 93, 'core_strict': 24}, sleeves={'future_winner': 109, 'early_scout': 93, 'core_compounder': 24}
[19:14:46] Portfolio candidate set: sleeve-aware gate kept=161, removed=395, gate_modes={'early_relaxed': 82, 'future_relaxed': 58, 'core_strict': 21}, sleeves={'early_scout': 82, 'future_winner': 58, 'core_compounder': 21}
[19:14:47] Portfolio candidate set: sleeve-aware gate kept=118, removed=414, gate_modes={'early_relaxed': 52, 'future_relaxed': 46, 'core_strict': 20}, sleeves={'early_scout': 52, 'future_winner': 46, 'core_compounder': 20}
[19:14:48] Portfolio candidate set: sleeve-aware gate kept=83, removed=441, gate_modes={'early_relaxed': 33, 'future_relaxed': 29, 'core_strict': 21}, sleeves={'early_scout': 33, 'future_winner': 29, 'core_compounder': 21}
[19:14:49] Portfolio candidate set: sleeve-aware gate kept=145, removed=394, gate_modes={'early_relaxed': 86, 'future_relaxed': 38, 'core_strict': 21}, sleeves={'early_scout': 86, 'future_winner': 38, 'core_compounder': 21}
[19:14:50] Portfolio candidate set: sleeve-aware gate kept=128, removed=402, gate_modes={'early_relaxed': 75, 'future_relaxed': 33, 'core_strict': 20}, sleeves={'early_scout': 75, 'future_winner': 33, 'core_compounder': 20}
[19:14:51] Portfolio candidate set: sleeve-aware gate kept=94, removed=439, gate_modes={'early_relaxed': 48, 'future_relaxed': 26, 'core_strict': 20}, sleeves={'early_scout': 48, 'future_winner': 26, 'core_compounder': 20}
[19:14:52] Portfolio candidate set: sleeve-aware gate kept=110, removed=430, gate_modes={'early_relaxed': 71, 'future_relaxed': 23, 'core_strict': 16}, sleeves={'early_scout': 71, 'future_winner': 23, 'core_compounder': 16}
[19:14:53] Portfolio candidate set: sleeve-aware gate kept=145, removed=391, gate_modes={'early_relaxed': 122, 'future_relaxed': 12, 'core_strict': 11}, sleeves={'early_scout': 122, 'future_winner': 12, 'core_compounder': 11}
[19:14:54] Portfolio candidate set: sleeve-aware gate kept=89, removed=440, gate_modes={'early_relaxed': 70, 'core_strict': 11, 'future_relaxed': 8}, sleeves={'early_scout': 70, 'core_compounder': 11, 'future_winner': 8}
[19:14:55] Portfolio candidate set: sleeve-aware gate kept=177, removed=360, gate_modes={'early_relaxed': 152, 'core_strict': 13, 'future_relaxed': 12}, sleeves={'early_scout': 152, 'core_compounder': 13, 'future_winner': 12}
[19:14:56] Portfolio candidate set: sleeve-aware gate kept=166, removed=390, gate_modes={'early_relaxed': 123, 'core_strict': 22, 'future_relaxed': 21}, sleeves={'early_scout': 123, 'core_compounder': 22, 'future_winner': 21}
[19:14:57] Portfolio candidate set: sleeve-aware gate kept=116, removed=435, gate_modes={'early_relaxed': 76, 'core_strict': 23, 'future_relaxed': 17}, sleeves={'early_scout': 76, 'core_compounder': 23, 'future_winner': 17}
[19:14:58] Portfolio candidate set: sleeve-aware gate kept=134, removed=408, gate_modes={'early_relaxed': 96, 'core_strict': 20, 'future_relaxed': 18}, sleeves={'early_scout': 96, 'core_compounder': 20, 'future_winner': 18}
[19:14:59] Portfolio candidate set: sleeve-aware gate kept=127, removed=407, gate_modes={'early_relaxed': 99, 'core_strict': 19, 'future_relaxed': 9}, sleeves={'early_scout': 99, 'core_compounder': 19, 'future_winner': 9}
[19:15:00] Portfolio candidate set: sleeve-aware gate kept=196, removed=345, gate_modes={'early_relaxed': 157, 'core_strict': 21, 'future_relaxed': 18}, sleeves={'early_scout': 157, 'core_compounder': 21, 'future_winner': 18}
[19:15:01] Portfolio candidate set: sleeve-aware gate kept=250, removed=297, gate_modes={'early_relaxed': 208, 'core_strict': 22, 'future_relaxed': 20}, sleeves={'early_scout': 208, 'core_compounder': 22, 'future_winner': 20}
[19:15:02] Portfolio candidate set: sleeve-aware gate kept=128, removed=406, gate_modes={'early_relaxed': 100, 'core_strict': 20, 'future_relaxed': 8}, sleeves={'early_scout': 100, 'core_compounder': 20, 'future_winner': 8}
[19:15:03] Portfolio candidate set: sleeve-aware gate kept=97, removed=442, gate_modes={'early_relaxed': 64, 'core_strict': 21, 'future_relaxed': 12}, sleeves={'early_scout': 64, 'core_compounder': 21, 'future_winner': 12}
[19:15:04] Portfolio candidate set: sleeve-aware gate kept=59, removed=485, gate_modes={'early_relaxed': 40, 'core_strict': 14, 'future_relaxed': 5}, sleeves={'early_scout': 40, 'core_compounder': 14, 'future_winner': 5}
[19:15:05] Portfolio candidate set: sleeve-aware gate kept=131, removed=406, gate_modes={'early_relaxed': 110, 'core_strict': 13, 'future_relaxed': 8}, sleeves={'early_scout': 110, 'core_compounder': 13, 'future_winner': 8}
[19:15:06] Portfolio candidate set: sleeve-aware gate kept=194, removed=357, gate_modes={'early_relaxed': 172, 'core_strict': 13, 'future_relaxed': 9}, sleeves={'early_scout': 172, 'core_compounder': 13, 'future_winner': 9}
[19:15:07] Portfolio candidate set: sleeve-aware gate kept=167, removed=386, gate_modes={'early_relaxed': 138, 'core_strict': 16, 'future_relaxed': 13}, sleeves={'early_scout': 138, 'core_compounder': 16, 'future_winner': 13}
[19:15:09] Portfolio candidate set: sleeve-aware gate kept=245, removed=324, gate_modes={'early_relaxed': 183, 'future_relaxed': 37, 'core_strict': 25}, sleeves={'early_scout': 183, 'future_winner': 37, 'core_compounder': 25}
[19:15:09] Portfolio candidate set: sleeve-aware gate kept=242, removed=318, gate_modes={'early_relaxed': 180, 'future_relaxed': 36, 'core_strict': 26}, sleeves={'early_scout': 180, 'future_winner': 36, 'core_compounder': 26}
[19:15:10] Portfolio candidate set: sleeve-aware gate kept=157, removed=420, gate_modes={'early_relaxed': 91, 'future_relaxed': 42, 'core_strict': 24}, sleeves={'early_scout': 91, 'future_winner': 42, 'core_compounder': 24}
[19:15:11] Portfolio candidate set: sleeve-aware gate kept=174, removed=401, gate_modes={'early_relaxed': 102, 'future_relaxed': 49, 'core_strict': 23}, sleeves={'early_scout': 102, 'future_winner': 49, 'core_compounder': 23}
[19:15:12] Portfolio candidate set: sleeve-aware gate kept=162, removed=418, gate_modes={'early_relaxed': 84, 'future_relaxed': 54, 'core_strict': 24}, sleeves={'early_scout': 84, 'future_winner': 54, 'core_compounder': 24}
[19:15:13] Portfolio candidate set: sleeve-aware gate kept=253, removed=347, gate_modes={'early_relaxed': 178, 'future_relaxed': 52, 'core_strict': 23}, sleeves={'early_scout': 178, 'future_winner': 52, 'core_compounder': 23}
[19:15:14] Portfolio candidate set: sleeve-aware gate kept=217, removed=363, gate_modes={'early_relaxed': 143, 'future_relaxed': 53, 'core_strict': 21}, sleeves={'early_scout': 143, 'future_winner': 53, 'core_compounder': 21}
[19:15:15] Portfolio candidate set: sleeve-aware gate kept=251, removed=336, gate_modes={'early_relaxed': 148, 'future_relaxed': 82, 'core_strict': 21}, sleeves={'early_scout': 148, 'future_winner': 82, 'core_compounder': 21}
[19:15:16] Portfolio candidate set: sleeve-aware gate kept=180, removed=423, gate_modes={'early_relaxed': 129, 'future_relaxed': 34, 'core_strict': 17}, sleeves={'early_scout': 129, 'future_winner': 34, 'core_compounder': 17}
[19:15:17] Portfolio candidate set: sleeve-aware gate kept=208, removed=404, gate_modes={'early_relaxed': 152, 'future_relaxed': 40, 'core_strict': 16}, sleeves={'early_scout': 152, 'future_winner': 40, 'core_compounder': 16}
[19:15:19] Portfolio candidate set: sleeve-aware gate kept=90, removed=518, gate_modes={'future_relaxed': 38, 'early_relaxed': 36, 'core_strict': 16}, sleeves={'future_winner': 38, 'early_scout': 36, 'core_compounder': 16}
[19:15:20] Portfolio candidate set: sleeve-aware gate kept=148, removed=463, gate_modes={'early_relaxed': 99, 'future_relaxed': 32, 'core_strict': 17}, sleeves={'early_scout': 99, 'future_winner': 32, 'core_compounder': 17}
[19:15:21] Portfolio candidate set: sleeve-aware gate kept=193, removed=415, gate_modes={'early_relaxed': 106, 'future_relaxed': 62, 'core_strict': 25}, sleeves={'early_scout': 106, 'future_winner': 62, 'core_compounder': 25}
[19:15:22] Portfolio candidate set: sleeve-aware gate kept=156, removed=454, gate_modes={'early_relaxed': 73, 'future_relaxed': 56, 'core_strict': 27}, sleeves={'early_scout': 73, 'future_winner': 56, 'core_compounder': 27}
[19:15:23] Portfolio candidate set: sleeve-aware gate kept=142, removed=460, gate_modes={'future_relaxed': 59, 'early_relaxed': 58, 'core_strict': 25}, sleeves={'future_winner': 59, 'early_scout': 58, 'core_compounder': 25}
[19:15:24] Portfolio candidate set: sleeve-aware gate kept=186, removed=404, gate_modes={'early_relaxed': 99, 'future_relaxed': 65, 'core_strict': 22}, sleeves={'early_scout': 99, 'future_winner': 65, 'core_compounder': 22}
[19:15:24] Portfolio candidate set: sleeve-aware gate kept=223, removed=378, gate_modes={'early_relaxed': 138, 'future_relaxed': 62, 'core_strict': 23}, sleeves={'early_scout': 138, 'future_winner': 62, 'core_compounder': 23}
[19:15:25] Portfolio candidate set: sleeve-aware gate kept=217, removed=395, gate_modes={'early_relaxed': 141, 'future_relaxed': 53, 'core_strict': 23}, sleeves={'early_scout': 141, 'future_winner': 53, 'core_compounder': 23}
[19:15:26] Portfolio candidate set: sleeve-aware gate kept=223, removed=373, gate_modes={'early_relaxed': 139, 'future_relaxed': 60, 'core_strict': 24}, sleeves={'early_scout': 139, 'future_winner': 60, 'core_compounder': 24}
[19:15:27] Portfolio candidate set: sleeve-aware gate kept=200, removed=396, gate_modes={'early_relaxed': 109, 'future_relaxed': 68, 'core_strict': 23}, sleeves={'early_scout': 109, 'future_winner': 68, 'core_compounder': 23}
[19:15:28] Portfolio candidate set: sleeve-aware gate kept=159, removed=453, gate_modes={'early_relaxed': 81, 'future_relaxed': 57, 'core_strict': 21}, sleeves={'early_scout': 81, 'future_winner': 57, 'core_compounder': 21}
[19:15:29] Portfolio candidate set: sleeve-aware gate kept=119, removed=481, gate_modes={'early_relaxed': 63, 'future_relaxed': 38, 'core_strict': 18}, sleeves={'early_scout': 63, 'future_winner': 38, 'core_compounder': 18}
[19:15:30] Portfolio candidate set: sleeve-aware gate kept=122, removed=476, gate_modes={'early_relaxed': 70, 'future_relaxed': 34, 'core_strict': 18}, sleeves={'early_scout': 70, 'future_winner': 34, 'core_compounder': 18}
[19:15:31] Portfolio candidate set: sleeve-aware gate kept=166, removed=436, gate_modes={'early_relaxed': 112, 'future_relaxed': 35, 'core_strict': 19}, sleeves={'early_scout': 112, 'future_winner': 35, 'core_compounder': 19}
[19:15:32] Phase 5: running monthly portfolio backtest ...
[19:15:33] Portfolio candidate set: sleeve-aware gate kept=237, removed=240, gate_modes={'early_relaxed': 166, 'future_relaxed': 53, 'core_strict': 18}, sleeves={'early_scout': 166, 'future_winner': 53, 'core_compounder': 18}
[19:15:34] Portfolio candidate set: sleeve-aware gate kept=239, removed=246, gate_modes={'early_relaxed': 177, 'future_relaxed': 46, 'core_strict': 16}, sleeves={'early_scout': 177, 'future_winner': 46, 'core_compounder': 16}
[19:15:34] Portfolio candidate set: sleeve-aware gate kept=138, removed=340, gate_modes={'early_relaxed': 76, 'future_relaxed': 47, 'core_strict': 15}, sleeves={'early_scout': 76, 'future_winner': 47, 'core_compounder': 15}
[19:15:35] Portfolio candidate set: sleeve-aware gate kept=215, removed=272, gate_modes={'early_relaxed': 141, 'future_relaxed': 57, 'core_strict': 17}, sleeves={'early_scout': 141, 'future_winner': 57, 'core_compounder': 17}
[19:15:36] Portfolio candidate set: sleeve-aware gate kept=218, removed=274, gate_modes={'early_relaxed': 146, 'future_relaxed': 56, 'core_strict': 16}, sleeves={'early_scout': 146, 'future_winner': 56, 'core_compounder': 16}
[19:15:37] Portfolio candidate set: sleeve-aware gate kept=168, removed=317, gate_modes={'early_relaxed': 97, 'future_relaxed': 52, 'core_strict': 19}, sleeves={'early_scout': 97, 'future_winner': 52, 'core_compounder': 19}
[19:15:38] Portfolio candidate set: sleeve-aware gate kept=161, removed=331, gate_modes={'early_relaxed': 97, 'future_relaxed': 46, 'core_strict': 18}, sleeves={'early_scout': 97, 'future_winner': 46, 'core_compounder': 18}
[19:15:39] Portfolio candidate set: sleeve-aware gate kept=170, removed=325, gate_modes={'early_relaxed': 127, 'future_relaxed': 28, 'core_strict': 15}, sleeves={'early_scout': 127, 'future_winner': 28, 'core_compounder': 15}
[19:15:40] Portfolio candidate set: sleeve-aware gate kept=164, removed=323, gate_modes={'early_relaxed': 130, 'future_relaxed': 19, 'core_strict': 15}, sleeves={'early_scout': 130, 'future_winner': 19, 'core_compounder': 15}
[19:15:41] Portfolio candidate set: sleeve-aware gate kept=162, removed=324, gate_modes={'early_relaxed': 126, 'future_relaxed': 23, 'core_strict': 13}, sleeves={'early_scout': 126, 'future_winner': 23, 'core_compounder': 13}
[19:15:42] Portfolio candidate set: sleeve-aware gate kept=163, removed=331, gate_modes={'early_relaxed': 125, 'future_relaxed': 22, 'core_strict': 16}, sleeves={'early_scout': 125, 'future_winner': 22, 'core_compounder': 16}
[19:15:43] Portfolio candidate set: sleeve-aware gate kept=182, removed=335, gate_modes={'early_relaxed': 129, 'future_relaxed': 32, 'core_strict': 21}, sleeves={'early_scout': 129, 'future_winner': 32, 'core_compounder': 21}
[19:15:44] Portfolio candidate set: sleeve-aware gate kept=69, removed=380, gate_modes={'early_relaxed': 34, 'core_strict': 20, 'future_relaxed': 15}, sleeves={'early_scout': 34, 'core_compounder': 20, 'future_winner': 15}
[19:15:45] Portfolio candidate set: sleeve-aware gate kept=110, removed=349, gate_modes={'early_relaxed': 62, 'future_relaxed': 29, 'core_strict': 19}, sleeves={'early_scout': 62, 'future_winner': 29, 'core_compounder': 19}
[19:15:46] Portfolio candidate set: sleeve-aware gate kept=157, removed=285, gate_modes={'early_relaxed': 92, 'future_relaxed': 47, 'core_strict': 18}, sleeves={'early_scout': 92, 'future_winner': 47, 'core_compounder': 18}
[19:15:47] Portfolio candidate set: sleeve-aware gate kept=138, removed=308, gate_modes={'early_relaxed': 81, 'future_relaxed': 38, 'core_strict': 19}, sleeves={'early_scout': 81, 'future_winner': 38, 'core_compounder': 19}
[19:15:47] Portfolio candidate set: sleeve-aware gate kept=187, removed=253, gate_modes={'early_relaxed': 125, 'future_relaxed': 44, 'core_strict': 18}, sleeves={'early_scout': 125, 'future_winner': 44, 'core_compounder': 18}
[19:15:48] Portfolio candidate set: sleeve-aware gate kept=153, removed=273, gate_modes={'early_relaxed': 96, 'future_relaxed': 41, 'core_strict': 16}, sleeves={'early_scout': 96, 'future_winner': 41, 'core_compounder': 16}
[19:15:49] Portfolio candidate set: sleeve-aware gate kept=117, removed=327, gate_modes={'early_relaxed': 61, 'future_relaxed': 39, 'core_strict': 17}, sleeves={'early_scout': 61, 'future_winner': 39, 'core_compounder': 17}
[19:15:50] Portfolio candidate set: sleeve-aware gate kept=125, removed=329, gate_modes={'early_relaxed': 73, 'future_relaxed': 38, 'core_strict': 14}, sleeves={'early_scout': 73, 'future_winner': 38, 'core_compounder': 14}
[19:15:51] Portfolio candidate set: sleeve-aware gate kept=178, removed=282, gate_modes={'early_relaxed': 134, 'future_relaxed': 32, 'core_strict': 12}, sleeves={'early_scout': 134, 'future_winner': 32, 'core_compounder': 12}
[19:15:52] Portfolio candidate set: sleeve-aware gate kept=172, removed=284, gate_modes={'early_relaxed': 109, 'future_relaxed': 50, 'core_strict': 13}, sleeves={'early_scout': 109, 'future_winner': 50, 'core_compounder': 13}
[19:15:53] Portfolio candidate set: sleeve-aware gate kept=142, removed=324, gate_modes={'early_relaxed': 92, 'future_relaxed': 36, 'core_strict': 14}, sleeves={'early_scout': 92, 'future_winner': 36, 'core_compounder': 14}
[19:15:54] Portfolio candidate set: sleeve-aware gate kept=240, removed=243, gate_modes={'early_relaxed': 144, 'future_relaxed': 76, 'core_strict': 20}, sleeves={'early_scout': 144, 'future_winner': 76, 'core_compounder': 20}
[19:15:55] Portfolio candidate set: sleeve-aware gate kept=205, removed=297, gate_modes={'early_relaxed': 95, 'future_relaxed': 87, 'core_strict': 23}, sleeves={'early_scout': 95, 'future_winner': 87, 'core_compounder': 23}
[19:15:56] Portfolio candidate set: sleeve-aware gate kept=296, removed=225, gate_modes={'early_relaxed': 182, 'future_relaxed': 92, 'core_strict': 22}, sleeves={'early_scout': 182, 'future_winner': 92, 'core_compounder': 22}
[19:15:57] Portfolio candidate set: sleeve-aware gate kept=191, removed=330, gate_modes={'future_relaxed': 87, 'early_relaxed': 83, 'core_strict': 21}, sleeves={'future_winner': 87, 'early_scout': 83, 'core_compounder': 21}
[19:15:58] Portfolio candidate set: sleeve-aware gate kept=170, removed=363, gate_modes={'future_relaxed': 83, 'early_relaxed': 65, 'core_strict': 22}, sleeves={'future_winner': 83, 'early_scout': 65, 'core_compounder': 22}
[19:15:59] Portfolio candidate set: sleeve-aware gate kept=207, removed=322, gate_modes={'early_relaxed': 100, 'future_relaxed': 85, 'core_strict': 22}, sleeves={'early_scout': 100, 'future_winner': 85, 'core_compounder': 22}
[19:16:00] Portfolio candidate set: sleeve-aware gate kept=227, removed=291, gate_modes={'future_relaxed': 103, 'early_relaxed': 103, 'core_strict': 21}, sleeves={'future_winner': 103, 'early_scout': 103, 'core_compounder': 21}
[19:16:01] Portfolio candidate set: sleeve-aware gate kept=182, removed=354, gate_modes={'future_relaxed': 90, 'early_relaxed': 71, 'core_strict': 21}, sleeves={'future_winner': 90, 'early_scout': 71, 'core_compounder': 21}
[19:16:02] Portfolio candidate set: sleeve-aware gate kept=223, removed=323, gate_modes={'early_relaxed': 133, 'future_relaxed': 75, 'core_strict': 15}, sleeves={'early_scout': 133, 'future_winner': 75, 'core_compounder': 15}
[19:16:03] Portfolio candidate set: sleeve-aware gate kept=137, removed=407, gate_modes={'early_relaxed': 88, 'future_relaxed': 37, 'core_strict': 12}, sleeves={'early_scout': 88, 'future_winner': 37, 'core_compounder': 12}
[19:16:04] Portfolio candidate set: sleeve-aware gate kept=155, removed=401, gate_modes={'early_relaxed': 100, 'future_relaxed': 43, 'core_strict': 12}, sleeves={'early_scout': 100, 'future_winner': 43, 'core_compounder': 12}
[19:16:05] Portfolio candidate set: sleeve-aware gate kept=73, removed=481, gate_modes={'early_relaxed': 31, 'future_relaxed': 28, 'core_strict': 14}, sleeves={'early_scout': 31, 'future_winner': 28, 'core_compounder': 14}
[19:16:05] Portfolio candidate set: sleeve-aware gate kept=174, removed=389, gate_modes={'early_relaxed': 76, 'future_relaxed': 75, 'core_strict': 23}, sleeves={'early_scout': 76, 'future_winner': 75, 'core_compounder': 23}
[19:16:07] Portfolio candidate set: sleeve-aware gate kept=226, removed=323, gate_modes={'future_relaxed': 109, 'early_relaxed': 93, 'core_strict': 24}, sleeves={'future_winner': 109, 'early_scout': 93, 'core_compounder': 24}
[19:16:07] Portfolio candidate set: sleeve-aware gate kept=161, removed=395, gate_modes={'early_relaxed': 82, 'future_relaxed': 58, 'core_strict': 21}, sleeves={'early_scout': 82, 'future_winner': 58, 'core_compounder': 21}
[19:16:09] Portfolio candidate set: sleeve-aware gate kept=118, removed=414, gate_modes={'early_relaxed': 52, 'future_relaxed': 46, 'core_strict': 20}, sleeves={'early_scout': 52, 'future_winner': 46, 'core_compounder': 20}
[19:16:09] Portfolio candidate set: sleeve-aware gate kept=83, removed=441, gate_modes={'early_relaxed': 33, 'future_relaxed': 29, 'core_strict': 21}, sleeves={'early_scout': 33, 'future_winner': 29, 'core_compounder': 21}
[19:16:10] Portfolio candidate set: sleeve-aware gate kept=145, removed=394, gate_modes={'early_relaxed': 86, 'future_relaxed': 38, 'core_strict': 21}, sleeves={'early_scout': 86, 'future_winner': 38, 'core_compounder': 21}
[19:16:11] Portfolio candidate set: sleeve-aware gate kept=128, removed=402, gate_modes={'early_relaxed': 75, 'future_relaxed': 33, 'core_strict': 20}, sleeves={'early_scout': 75, 'future_winner': 33, 'core_compounder': 20}
[19:16:12] Portfolio candidate set: sleeve-aware gate kept=94, removed=439, gate_modes={'early_relaxed': 48, 'future_relaxed': 26, 'core_strict': 20}, sleeves={'early_scout': 48, 'future_winner': 26, 'core_compounder': 20}
[19:16:13] Portfolio candidate set: sleeve-aware gate kept=110, removed=430, gate_modes={'early_relaxed': 71, 'future_relaxed': 23, 'core_strict': 16}, sleeves={'early_scout': 71, 'future_winner': 23, 'core_compounder': 16}
[19:16:14] Portfolio candidate set: sleeve-aware gate kept=145, removed=391, gate_modes={'early_relaxed': 122, 'future_relaxed': 12, 'core_strict': 11}, sleeves={'early_scout': 122, 'future_winner': 12, 'core_compounder': 11}
[19:16:15] Portfolio candidate set: sleeve-aware gate kept=89, removed=440, gate_modes={'early_relaxed': 70, 'core_strict': 11, 'future_relaxed': 8}, sleeves={'early_scout': 70, 'core_compounder': 11, 'future_winner': 8}
[19:16:16] Portfolio candidate set: sleeve-aware gate kept=177, removed=360, gate_modes={'early_relaxed': 152, 'core_strict': 13, 'future_relaxed': 12}, sleeves={'early_scout': 152, 'core_compounder': 13, 'future_winner': 12}
[19:16:17] Portfolio candidate set: sleeve-aware gate kept=166, removed=390, gate_modes={'early_relaxed': 123, 'core_strict': 22, 'future_relaxed': 21}, sleeves={'early_scout': 123, 'core_compounder': 22, 'future_winner': 21}
[19:16:18] Portfolio candidate set: sleeve-aware gate kept=116, removed=435, gate_modes={'early_relaxed': 76, 'core_strict': 23, 'future_relaxed': 17}, sleeves={'early_scout': 76, 'core_compounder': 23, 'future_winner': 17}
[19:16:19] Portfolio candidate set: sleeve-aware gate kept=134, removed=408, gate_modes={'early_relaxed': 96, 'core_strict': 20, 'future_relaxed': 18}, sleeves={'early_scout': 96, 'core_compounder': 20, 'future_winner': 18}
[19:16:20] Portfolio candidate set: sleeve-aware gate kept=127, removed=407, gate_modes={'early_relaxed': 99, 'core_strict': 19, 'future_relaxed': 9}, sleeves={'early_scout': 99, 'core_compounder': 19, 'future_winner': 9}
[19:16:21] Portfolio candidate set: sleeve-aware gate kept=196, removed=345, gate_modes={'early_relaxed': 157, 'core_strict': 21, 'future_relaxed': 18}, sleeves={'early_scout': 157, 'core_compounder': 21, 'future_winner': 18}
[19:16:22] Portfolio candidate set: sleeve-aware gate kept=250, removed=297, gate_modes={'early_relaxed': 208, 'core_strict': 22, 'future_relaxed': 20}, sleeves={'early_scout': 208, 'core_compounder': 22, 'future_winner': 20}
[19:16:22] Portfolio candidate set: sleeve-aware gate kept=128, removed=406, gate_modes={'early_relaxed': 100, 'core_strict': 20, 'future_relaxed': 8}, sleeves={'early_scout': 100, 'core_compounder': 20, 'future_winner': 8}
[19:16:23] Portfolio candidate set: sleeve-aware gate kept=97, removed=442, gate_modes={'early_relaxed': 64, 'core_strict': 21, 'future_relaxed': 12}, sleeves={'early_scout': 64, 'core_compounder': 21, 'future_winner': 12}
[19:16:25] Portfolio candidate set: sleeve-aware gate kept=59, removed=485, gate_modes={'early_relaxed': 40, 'core_strict': 14, 'future_relaxed': 5}, sleeves={'early_scout': 40, 'core_compounder': 14, 'future_winner': 5}
[19:16:26] Portfolio candidate set: sleeve-aware gate kept=131, removed=406, gate_modes={'early_relaxed': 110, 'core_strict': 13, 'future_relaxed': 8}, sleeves={'early_scout': 110, 'core_compounder': 13, 'future_winner': 8}
[19:16:27] Portfolio candidate set: sleeve-aware gate kept=194, removed=357, gate_modes={'early_relaxed': 172, 'core_strict': 13, 'future_relaxed': 9}, sleeves={'early_scout': 172, 'core_compounder': 13, 'future_winner': 9}
[19:16:28] Portfolio candidate set: sleeve-aware gate kept=167, removed=386, gate_modes={'early_relaxed': 138, 'core_strict': 16, 'future_relaxed': 13}, sleeves={'early_scout': 138, 'core_compounder': 16, 'future_winner': 13}
[19:16:29] Portfolio candidate set: sleeve-aware gate kept=245, removed=324, gate_modes={'early_relaxed': 183, 'future_relaxed': 37, 'core_strict': 25}, sleeves={'early_scout': 183, 'future_winner': 37, 'core_compounder': 25}
[19:16:30] Portfolio candidate set: sleeve-aware gate kept=242, removed=318, gate_modes={'early_relaxed': 180, 'future_relaxed': 36, 'core_strict': 26}, sleeves={'early_scout': 180, 'future_winner': 36, 'core_compounder': 26}
[19:16:31] Portfolio candidate set: sleeve-aware gate kept=157, removed=420, gate_modes={'early_relaxed': 91, 'future_relaxed': 42, 'core_strict': 24}, sleeves={'early_scout': 91, 'future_winner': 42, 'core_compounder': 24}
[19:16:32] Portfolio candidate set: sleeve-aware gate kept=174, removed=401, gate_modes={'early_relaxed': 102, 'future_relaxed': 49, 'core_strict': 23}, sleeves={'early_scout': 102, 'future_winner': 49, 'core_compounder': 23}
[19:16:33] Portfolio candidate set: sleeve-aware gate kept=162, removed=418, gate_modes={'early_relaxed': 84, 'future_relaxed': 54, 'core_strict': 24}, sleeves={'early_scout': 84, 'future_winner': 54, 'core_compounder': 24}
[19:16:34] Portfolio candidate set: sleeve-aware gate kept=253, removed=347, gate_modes={'early_relaxed': 178, 'future_relaxed': 52, 'core_strict': 23}, sleeves={'early_scout': 178, 'future_winner': 52, 'core_compounder': 23}
[19:16:35] Portfolio candidate set: sleeve-aware gate kept=217, removed=363, gate_modes={'early_relaxed': 143, 'future_relaxed': 53, 'core_strict': 21}, sleeves={'early_scout': 143, 'future_winner': 53, 'core_compounder': 21}
[19:16:36] Portfolio candidate set: sleeve-aware gate kept=251, removed=336, gate_modes={'early_relaxed': 148, 'future_relaxed': 82, 'core_strict': 21}, sleeves={'early_scout': 148, 'future_winner': 82, 'core_compounder': 21}
[19:16:37] Portfolio candidate set: sleeve-aware gate kept=180, removed=423, gate_modes={'early_relaxed': 129, 'future_relaxed': 34, 'core_strict': 17}, sleeves={'early_scout': 129, 'future_winner': 34, 'core_compounder': 17}
[19:16:38] Portfolio candidate set: sleeve-aware gate kept=208, removed=404, gate_modes={'early_relaxed': 152, 'future_relaxed': 40, 'core_strict': 16}, sleeves={'early_scout': 152, 'future_winner': 40, 'core_compounder': 16}
[19:16:39] Portfolio candidate set: sleeve-aware gate kept=90, removed=518, gate_modes={'future_relaxed': 38, 'early_relaxed': 36, 'core_strict': 16}, sleeves={'future_winner': 38, 'early_scout': 36, 'core_compounder': 16}
[19:16:40] Portfolio candidate set: sleeve-aware gate kept=148, removed=463, gate_modes={'early_relaxed': 99, 'future_relaxed': 32, 'core_strict': 17}, sleeves={'early_scout': 99, 'future_winner': 32, 'core_compounder': 17}
[19:16:41] Portfolio candidate set: sleeve-aware gate kept=193, removed=415, gate_modes={'early_relaxed': 106, 'future_relaxed': 62, 'core_strict': 25}, sleeves={'early_scout': 106, 'future_winner': 62, 'core_compounder': 25}
[19:16:42] Portfolio candidate set: sleeve-aware gate kept=156, removed=454, gate_modes={'early_relaxed': 73, 'future_relaxed': 56, 'core_strict': 27}, sleeves={'early_scout': 73, 'future_winner': 56, 'core_compounder': 27}
[19:16:43] Portfolio candidate set: sleeve-aware gate kept=142, removed=460, gate_modes={'future_relaxed': 59, 'early_relaxed': 58, 'core_strict': 25}, sleeves={'future_winner': 59, 'early_scout': 58, 'core_compounder': 25}
[19:16:44] Portfolio candidate set: sleeve-aware gate kept=186, removed=404, gate_modes={'early_relaxed': 99, 'future_relaxed': 65, 'core_strict': 22}, sleeves={'early_scout': 99, 'future_winner': 65, 'core_compounder': 22}
[19:16:45] Portfolio candidate set: sleeve-aware gate kept=223, removed=378, gate_modes={'early_relaxed': 138, 'future_relaxed': 62, 'core_strict': 23}, sleeves={'early_scout': 138, 'future_winner': 62, 'core_compounder': 23}
[19:16:46] Portfolio candidate set: sleeve-aware gate kept=217, removed=395, gate_modes={'early_relaxed': 141, 'future_relaxed': 53, 'core_strict': 23}, sleeves={'early_scout': 141, 'future_winner': 53, 'core_compounder': 23}
[19:16:46] Portfolio candidate set: sleeve-aware gate kept=223, removed=373, gate_modes={'early_relaxed': 139, 'future_relaxed': 60, 'core_strict': 24}, sleeves={'early_scout': 139, 'future_winner': 60, 'core_compounder': 24}
[19:16:47] Portfolio candidate set: sleeve-aware gate kept=200, removed=396, gate_modes={'early_relaxed': 109, 'future_relaxed': 68, 'core_strict': 23}, sleeves={'early_scout': 109, 'future_winner': 68, 'core_compounder': 23}
[19:16:48] Portfolio candidate set: sleeve-aware gate kept=159, removed=453, gate_modes={'early_relaxed': 81, 'future_relaxed': 57, 'core_strict': 21}, sleeves={'early_scout': 81, 'future_winner': 57, 'core_compounder': 21}
[19:16:49] Portfolio candidate set: sleeve-aware gate kept=119, removed=481, gate_modes={'early_relaxed': 63, 'future_relaxed': 38, 'core_strict': 18}, sleeves={'early_scout': 63, 'future_winner': 38, 'core_compounder': 18}
[19:16:50] Portfolio candidate set: sleeve-aware gate kept=122, removed=476, gate_modes={'early_relaxed': 70, 'future_relaxed': 34, 'core_strict': 18}, sleeves={'early_scout': 70, 'future_winner': 34, 'core_compounder': 18}
[19:16:51] Portfolio candidate set: sleeve-aware gate kept=166, removed=436, gate_modes={'early_relaxed': 112, 'future_relaxed': 35, 'core_strict': 19}, sleeves={'early_scout': 112, 'future_winner': 35, 'core_compounder': 19}
[19:16:52] Phase 5: running monthly portfolio backtest ...
[19:16:53] Portfolio candidate set: sleeve-aware gate kept=237, removed=240, gate_modes={'early_relaxed': 166, 'future_relaxed': 53, 'core_strict': 18}, sleeves={'early_scout': 166, 'future_winner': 53, 'core_compounder': 18}
[19:16:54] Portfolio candidate set: sleeve-aware gate kept=215, removed=272, gate_modes={'early_relaxed': 141, 'future_relaxed': 57, 'core_strict': 17}, sleeves={'early_scout': 141, 'future_winner': 57, 'core_compounder': 17}
[19:16:56] Portfolio candidate set: sleeve-aware gate kept=161, removed=331, gate_modes={'early_relaxed': 97, 'future_relaxed': 46, 'core_strict': 18}, sleeves={'early_scout': 97, 'future_winner': 46, 'core_compounder': 18}
[19:16:57] Portfolio candidate set: sleeve-aware gate kept=162, removed=324, gate_modes={'early_relaxed': 126, 'future_relaxed': 23, 'core_strict': 13}, sleeves={'early_scout': 126, 'future_winner': 23, 'core_compounder': 13}
[19:16:59] Portfolio candidate set: sleeve-aware gate kept=69, removed=380, gate_modes={'early_relaxed': 34, 'core_strict': 20, 'future_relaxed': 15}, sleeves={'early_scout': 34, 'core_compounder': 20, 'future_winner': 15}
[19:17:00] Portfolio candidate set: sleeve-aware gate kept=110, removed=349, gate_modes={'early_relaxed': 62, 'future_relaxed': 29, 'core_strict': 19}, sleeves={'early_scout': 62, 'future_winner': 29, 'core_compounder': 19}
[19:17:01] Portfolio candidate set: sleeve-aware gate kept=187, removed=253, gate_modes={'early_relaxed': 125, 'future_relaxed': 44, 'core_strict': 18}, sleeves={'early_scout': 125, 'future_winner': 44, 'core_compounder': 18}
[19:17:03] Portfolio candidate set: sleeve-aware gate kept=125, removed=329, gate_modes={'early_relaxed': 73, 'future_relaxed': 38, 'core_strict': 14}, sleeves={'early_scout': 73, 'future_winner': 38, 'core_compounder': 14}
[19:17:06] Portfolio candidate set: sleeve-aware gate kept=142, removed=324, gate_modes={'early_relaxed': 92, 'future_relaxed': 36, 'core_strict': 14}, sleeves={'early_scout': 92, 'future_winner': 36, 'core_compounder': 14}
[19:17:08] Portfolio candidate set: sleeve-aware gate kept=296, removed=225, gate_modes={'early_relaxed': 182, 'future_relaxed': 92, 'core_strict': 22}, sleeves={'early_scout': 182, 'future_winner': 92, 'core_compounder': 22}
[19:17:11] Portfolio candidate set: sleeve-aware gate kept=207, removed=322, gate_modes={'early_relaxed': 100, 'future_relaxed': 85, 'core_strict': 22}, sleeves={'early_scout': 100, 'future_winner': 85, 'core_compounder': 22}
[19:17:15] Portfolio candidate set: sleeve-aware gate kept=223, removed=323, gate_modes={'early_relaxed': 133, 'future_relaxed': 75, 'core_strict': 15}, sleeves={'early_scout': 133, 'future_winner': 75, 'core_compounder': 15}
[19:17:16] Portfolio candidate set: sleeve-aware gate kept=73, removed=481, gate_modes={'early_relaxed': 31, 'future_relaxed': 28, 'core_strict': 14}, sleeves={'early_scout': 31, 'future_winner': 28, 'core_compounder': 14}
[19:17:17] Portfolio candidate set: sleeve-aware gate kept=174, removed=389, gate_modes={'early_relaxed': 76, 'future_relaxed': 75, 'core_strict': 23}, sleeves={'early_scout': 76, 'future_winner': 75, 'core_compounder': 23}
[19:17:18] Portfolio candidate set: sleeve-aware gate kept=226, removed=323, gate_modes={'future_relaxed': 109, 'early_relaxed': 93, 'core_strict': 24}, sleeves={'future_winner': 109, 'early_scout': 93, 'core_compounder': 24}
[19:17:19] Portfolio candidate set: sleeve-aware gate kept=161, removed=395, gate_modes={'early_relaxed': 82, 'future_relaxed': 58, 'core_strict': 21}, sleeves={'early_scout': 82, 'future_winner': 58, 'core_compounder': 21}
[19:17:20] Portfolio candidate set: sleeve-aware gate kept=118, removed=414, gate_modes={'early_relaxed': 52, 'future_relaxed': 46, 'core_strict': 20}, sleeves={'early_scout': 52, 'future_winner': 46, 'core_compounder': 20}
[19:17:21] Portfolio candidate set: sleeve-aware gate kept=83, removed=441, gate_modes={'early_relaxed': 33, 'future_relaxed': 29, 'core_strict': 21}, sleeves={'early_scout': 33, 'future_winner': 29, 'core_compounder': 21}
[19:17:22] Portfolio candidate set: sleeve-aware gate kept=145, removed=394, gate_modes={'early_relaxed': 86, 'future_relaxed': 38, 'core_strict': 21}, sleeves={'early_scout': 86, 'future_winner': 38, 'core_compounder': 21}
[19:17:23] Portfolio candidate set: sleeve-aware gate kept=128, removed=402, gate_modes={'early_relaxed': 75, 'future_relaxed': 33, 'core_strict': 20}, sleeves={'early_scout': 75, 'future_winner': 33, 'core_compounder': 20}
[19:17:23] Portfolio candidate set: sleeve-aware gate kept=94, removed=439, gate_modes={'early_relaxed': 48, 'future_relaxed': 26, 'core_strict': 20}, sleeves={'early_scout': 48, 'future_winner': 26, 'core_compounder': 20}
[19:17:24] Portfolio candidate set: sleeve-aware gate kept=110, removed=430, gate_modes={'early_relaxed': 71, 'future_relaxed': 23, 'core_strict': 16}, sleeves={'early_scout': 71, 'future_winner': 23, 'core_compounder': 16}
[19:17:25] Portfolio candidate set: sleeve-aware gate kept=145, removed=391, gate_modes={'early_relaxed': 122, 'future_relaxed': 12, 'core_strict': 11}, sleeves={'early_scout': 122, 'future_winner': 12, 'core_compounder': 11}
[19:17:26] Portfolio candidate set: sleeve-aware gate kept=89, removed=440, gate_modes={'early_relaxed': 70, 'core_strict': 11, 'future_relaxed': 8}, sleeves={'early_scout': 70, 'core_compounder': 11, 'future_winner': 8}
[19:17:27] Portfolio candidate set: sleeve-aware gate kept=177, removed=360, gate_modes={'early_relaxed': 152, 'core_strict': 13, 'future_relaxed': 12}, sleeves={'early_scout': 152, 'core_compounder': 13, 'future_winner': 12}
[19:17:28] Portfolio candidate set: sleeve-aware gate kept=166, removed=390, gate_modes={'early_relaxed': 123, 'core_strict': 22, 'future_relaxed': 21}, sleeves={'early_scout': 123, 'core_compounder': 22, 'future_winner': 21}
[19:17:29] Portfolio candidate set: sleeve-aware gate kept=116, removed=435, gate_modes={'early_relaxed': 76, 'core_strict': 23, 'future_relaxed': 17}, sleeves={'early_scout': 76, 'core_compounder': 23, 'future_winner': 17}
[19:17:30] Portfolio candidate set: sleeve-aware gate kept=134, removed=408, gate_modes={'early_relaxed': 96, 'core_strict': 20, 'future_relaxed': 18}, sleeves={'early_scout': 96, 'core_compounder': 20, 'future_winner': 18}
[19:17:31] Portfolio candidate set: sleeve-aware gate kept=127, removed=407, gate_modes={'early_relaxed': 99, 'core_strict': 19, 'future_relaxed': 9}, sleeves={'early_scout': 99, 'core_compounder': 19, 'future_winner': 9}
[19:17:33] Portfolio candidate set: sleeve-aware gate kept=128, removed=406, gate_modes={'early_relaxed': 100, 'core_strict': 20, 'future_relaxed': 8}, sleeves={'early_scout': 100, 'core_compounder': 20, 'future_winner': 8}
[19:17:35] Portfolio candidate set: sleeve-aware gate kept=131, removed=406, gate_modes={'early_relaxed': 110, 'core_strict': 13, 'future_relaxed': 8}, sleeves={'early_scout': 110, 'core_compounder': 13, 'future_winner': 8}
[19:17:38] Portfolio candidate set: sleeve-aware gate kept=245, removed=324, gate_modes={'early_relaxed': 183, 'future_relaxed': 37, 'core_strict': 25}, sleeves={'early_scout': 183, 'future_winner': 37, 'core_compounder': 25}
[19:17:40] Portfolio candidate set: sleeve-aware gate kept=174, removed=401, gate_modes={'early_relaxed': 102, 'future_relaxed': 49, 'core_strict': 23}, sleeves={'early_scout': 102, 'future_winner': 49, 'core_compounder': 23}
[19:17:43] Portfolio candidate set: sleeve-aware gate kept=217, removed=363, gate_modes={'early_relaxed': 143, 'future_relaxed': 53, 'core_strict': 21}, sleeves={'early_scout': 143, 'future_winner': 53, 'core_compounder': 21}
[19:17:46] Portfolio candidate set: sleeve-aware gate kept=208, removed=404, gate_modes={'early_relaxed': 152, 'future_relaxed': 40, 'core_strict': 16}, sleeves={'early_scout': 152, 'future_winner': 40, 'core_compounder': 16}
[19:17:49] Portfolio candidate set: sleeve-aware gate kept=193, removed=415, gate_modes={'early_relaxed': 106, 'future_relaxed': 62, 'core_strict': 25}, sleeves={'early_scout': 106, 'future_winner': 62, 'core_compounder': 25}
[19:17:50] Portfolio candidate set: sleeve-aware gate kept=156, removed=454, gate_modes={'early_relaxed': 73, 'future_relaxed': 56, 'core_strict': 27}, sleeves={'early_scout': 73, 'future_winner': 56, 'core_compounder': 27}
[19:17:51] Portfolio candidate set: sleeve-aware gate kept=142, removed=460, gate_modes={'future_relaxed': 59, 'early_relaxed': 58, 'core_strict': 25}, sleeves={'future_winner': 59, 'early_scout': 58, 'core_compounder': 25}
[19:17:53] Portfolio candidate set: sleeve-aware gate kept=217, removed=395, gate_modes={'early_relaxed': 141, 'future_relaxed': 53, 'core_strict': 23}, sleeves={'early_scout': 141, 'future_winner': 53, 'core_compounder': 23}
[19:17:54] Portfolio candidate set: sleeve-aware gate kept=159, removed=453, gate_modes={'early_relaxed': 81, 'future_relaxed': 57, 'core_strict': 21}, sleeves={'early_scout': 81, 'future_winner': 57, 'core_compounder': 21}
[19:17:56] Portfolio candidate set: sleeve-aware gate kept=166, removed=436, gate_modes={'early_relaxed': 112, 'future_relaxed': 35, 'core_strict': 19}, sleeves={'early_scout': 112, 'future_winner': 35, 'core_compounder': 19}
[19:17:57] Phase 5: running monthly portfolio backtest ...
[19:17:58] Portfolio candidate set: sleeve-aware gate kept=237, removed=240, gate_modes={'early_relaxed': 166, 'future_relaxed': 53, 'core_strict': 18}, sleeves={'early_scout': 166, 'future_winner': 53, 'core_compounder': 18}
[19:18:00] Portfolio candidate set: sleeve-aware gate kept=161, removed=331, gate_modes={'early_relaxed': 97, 'future_relaxed': 46, 'core_strict': 18}, sleeves={'early_scout': 97, 'future_winner': 46, 'core_compounder': 18}
[19:18:03] Portfolio candidate set: sleeve-aware gate kept=69, removed=380, gate_modes={'early_relaxed': 34, 'core_strict': 20, 'future_relaxed': 15}, sleeves={'early_scout': 34, 'core_compounder': 20, 'future_winner': 15}
[19:18:04] Portfolio candidate set: sleeve-aware gate kept=110, removed=349, gate_modes={'early_relaxed': 62, 'future_relaxed': 29, 'core_strict': 19}, sleeves={'early_scout': 62, 'future_winner': 29, 'core_compounder': 19}
[19:18:06] Portfolio candidate set: sleeve-aware gate kept=125, removed=329, gate_modes={'early_relaxed': 73, 'future_relaxed': 38, 'core_strict': 14}, sleeves={'early_scout': 73, 'future_winner': 38, 'core_compounder': 14}
[19:18:09] Portfolio candidate set: sleeve-aware gate kept=296, removed=225, gate_modes={'early_relaxed': 182, 'future_relaxed': 92, 'core_strict': 22}, sleeves={'early_scout': 182, 'future_winner': 92, 'core_compounder': 22}
[19:18:13] Portfolio candidate set: sleeve-aware gate kept=223, removed=323, gate_modes={'early_relaxed': 133, 'future_relaxed': 75, 'core_strict': 15}, sleeves={'early_scout': 133, 'future_winner': 75, 'core_compounder': 15}
[19:18:16] Portfolio candidate set: sleeve-aware gate kept=73, removed=481, gate_modes={'early_relaxed': 31, 'future_relaxed': 28, 'core_strict': 14}, sleeves={'early_scout': 31, 'future_winner': 28, 'core_compounder': 14}
[19:18:18] Portfolio candidate set: sleeve-aware gate kept=174, removed=389, gate_modes={'early_relaxed': 76, 'future_relaxed': 75, 'core_strict': 23}, sleeves={'early_scout': 76, 'future_winner': 75, 'core_compounder': 23}
[19:18:19] Portfolio candidate set: sleeve-aware gate kept=226, removed=323, gate_modes={'future_relaxed': 109, 'early_relaxed': 93, 'core_strict': 24}, sleeves={'future_winner': 109, 'early_scout': 93, 'core_compounder': 24}
[19:18:20] Portfolio candidate set: sleeve-aware gate kept=161, removed=395, gate_modes={'early_relaxed': 82, 'future_relaxed': 58, 'core_strict': 21}, sleeves={'early_scout': 82, 'future_winner': 58, 'core_compounder': 21}
[19:18:21] Portfolio candidate set: sleeve-aware gate kept=118, removed=414, gate_modes={'early_relaxed': 52, 'future_relaxed': 46, 'core_strict': 20}, sleeves={'early_scout': 52, 'future_winner': 46, 'core_compounder': 20}
[19:18:22] Portfolio candidate set: sleeve-aware gate kept=83, removed=441, gate_modes={'early_relaxed': 33, 'future_relaxed': 29, 'core_strict': 21}, sleeves={'early_scout': 33, 'future_winner': 29, 'core_compounder': 21}
[19:18:23] Portfolio candidate set: sleeve-aware gate kept=145, removed=394, gate_modes={'early_relaxed': 86, 'future_relaxed': 38, 'core_strict': 21}, sleeves={'early_scout': 86, 'future_winner': 38, 'core_compounder': 21}
[19:18:24] Portfolio candidate set: sleeve-aware gate kept=128, removed=402, gate_modes={'early_relaxed': 75, 'future_relaxed': 33, 'core_strict': 20}, sleeves={'early_scout': 75, 'future_winner': 33, 'core_compounder': 20}
[19:18:25] Portfolio candidate set: sleeve-aware gate kept=94, removed=439, gate_modes={'early_relaxed': 48, 'future_relaxed': 26, 'core_strict': 20}, sleeves={'early_scout': 48, 'future_winner': 26, 'core_compounder': 20}
[19:18:26] Portfolio candidate set: sleeve-aware gate kept=110, removed=430, gate_modes={'early_relaxed': 71, 'future_relaxed': 23, 'core_strict': 16}, sleeves={'early_scout': 71, 'future_winner': 23, 'core_compounder': 16}
[19:18:26] Portfolio candidate set: sleeve-aware gate kept=145, removed=391, gate_modes={'early_relaxed': 122, 'future_relaxed': 12, 'core_strict': 11}, sleeves={'early_scout': 122, 'future_winner': 12, 'core_compounder': 11}
[19:18:27] Portfolio candidate set: sleeve-aware gate kept=89, removed=440, gate_modes={'early_relaxed': 70, 'core_strict': 11, 'future_relaxed': 8}, sleeves={'early_scout': 70, 'core_compounder': 11, 'future_winner': 8}
[19:18:28] Portfolio candidate set: sleeve-aware gate kept=177, removed=360, gate_modes={'early_relaxed': 152, 'core_strict': 13, 'future_relaxed': 12}, sleeves={'early_scout': 152, 'core_compounder': 13, 'future_winner': 12}
[19:18:29] Portfolio candidate set: sleeve-aware gate kept=166, removed=390, gate_modes={'early_relaxed': 123, 'core_strict': 22, 'future_relaxed': 21}, sleeves={'early_scout': 123, 'core_compounder': 22, 'future_winner': 21}
[19:18:30] Portfolio candidate set: sleeve-aware gate kept=116, removed=435, gate_modes={'early_relaxed': 76, 'core_strict': 23, 'future_relaxed': 17}, sleeves={'early_scout': 76, 'core_compounder': 23, 'future_winner': 17}
[19:18:31] Portfolio candidate set: sleeve-aware gate kept=134, removed=408, gate_modes={'early_relaxed': 96, 'core_strict': 20, 'future_relaxed': 18}, sleeves={'early_scout': 96, 'core_compounder': 20, 'future_winner': 18}
[19:18:32] Portfolio candidate set: sleeve-aware gate kept=127, removed=407, gate_modes={'early_relaxed': 99, 'core_strict': 19, 'future_relaxed': 9}, sleeves={'early_scout': 99, 'core_compounder': 19, 'future_winner': 9}
[19:18:35] Portfolio candidate set: sleeve-aware gate kept=131, removed=406, gate_modes={'early_relaxed': 110, 'core_strict': 13, 'future_relaxed': 8}, sleeves={'early_scout': 110, 'core_compounder': 13, 'future_winner': 8}
[19:18:39] Portfolio candidate set: sleeve-aware gate kept=174, removed=401, gate_modes={'early_relaxed': 102, 'future_relaxed': 49, 'core_strict': 23}, sleeves={'early_scout': 102, 'future_winner': 49, 'core_compounder': 23}
[19:18:43] Portfolio candidate set: sleeve-aware gate kept=208, removed=404, gate_modes={'early_relaxed': 152, 'future_relaxed': 40, 'core_strict': 16}, sleeves={'early_scout': 152, 'future_winner': 40, 'core_compounder': 16}
[19:18:47] Portfolio candidate set: sleeve-aware gate kept=156, removed=454, gate_modes={'early_relaxed': 73, 'future_relaxed': 56, 'core_strict': 27}, sleeves={'early_scout': 73, 'future_winner': 56, 'core_compounder': 27}
[19:18:48] Portfolio candidate set: sleeve-aware gate kept=142, removed=460, gate_modes={'future_relaxed': 59, 'early_relaxed': 58, 'core_strict': 25}, sleeves={'future_winner': 59, 'early_scout': 58, 'core_compounder': 25}
[19:18:50] Portfolio candidate set: sleeve-aware gate kept=159, removed=453, gate_modes={'early_relaxed': 81, 'future_relaxed': 57, 'core_strict': 21}, sleeves={'early_scout': 81, 'future_winner': 57, 'core_compounder': 21}
[19:19:28] [Phase 16-lite] market_leaders_latest.csv: top 30 leaders, 7/30 in current portfolio
[19:19:28] [Phase 12C] lifetime equity curve: 83 rows, CAGR 23.48% over 6.84 years (live_method=no_live_data)
[19:19:28] [Phase 13-lite] portfolio summaries written: main n=18, conc n=5
[19:19:28] [Phase 13-lite] recent_trades.json written: 0 events in last 90d
[19:19:29] Validation suite report saved to /home/runner/work/r1000-quant-engine/r1000-quant-engine/outputs/reports/full_validation_suite.json
[2026-04-27 04:19:29 KST] Pipeline OK in 78.2 min
  acceptance_checks: {'pit_violation_count': 0, 'pit_ok': True, 'feature_leakage_columns': [], 'leakage_ok': True, 'oos_missing_months': [], 'oos_month_coverage_ok': True, 'backtest_months': 83, 'turnover_avg': 0.4550111816196175, 'cost_bps_roundtrip': 50.0, 'live_feature_history_nonnull': 0, 'live_feature_history_ok': True, 'universe_mode': 'historical_membership_file', 'survivorship_bias_warning': False, 'historical_membership_required': True, 'historical_membership_ok': True, 'critical_ttm_coverage': {'revenues_ttm': 0.7865546218487395, 'net_income_ttm': 0.788235294117647, 'op_margin_ttm': 0.761344537815126}, 'critical_valuation_coverage': {'ep_ttm': 0.788235294117647, 'sp_ttm': 0.7865546218487395, 'fcfy_ttm': 0.6168067226890757}, 'comprehensive_fundamental_coverage': {'shares': 1.0, 'assets': 1.0, 'liabilities': 0.7680672268907563, 'revenues_ttm': 0.7865546218487395, 'gross_profit_ttm': 0.5596638655462185, 'op_income_ttm': 0.7630252100840336, 'net_income_ttm': 0.788235294117647, 'ocf_ttm': 0.7865546218487395, 'capex_ttm': 0.6168067226890757, 'sales_growth_yoy': 0.8638655462184874, 'net_income_growth_yoy': 0.05546218487394958, 'op_income_growth_yoy': 0.058823529411764705, 'ocf_growth_yoy': 0.06386554621848739, 'sales_cagr_1y': 0.7747899159663866, 'sales_cagr_2y': 0.7563025210084033, 'sales_cagr_3y': 0.7344537815126051, 'sales_cagr_5y': 0.7058823529411765, 'sales_cagr_best': 0.7815126050420168, 'op_income_cagr_1y': 0.6890756302521008, 'op_income_cagr_2y': 0.66890756302521, 'op_income_cagr_3y': 0.6403361344537815, 'op_income_cagr_5y': 0.5647058823529412, 'op_income_cagr_best': 0.7092436974789916, 'net_income_cagr_1y': 0.6957983193277311, 'net_income_cagr_2y': 0.6823529411764706, 'net_income_cagr_3y': 0.6403361344537815, 'net_income_cagr_5y': 0.5680672268907563, 'net_income_cagr_best': 0.719327731092437, 'ocf_cagr_1y': 0.7512605042016807, 'ocf_cagr_2y': 0.7310924369747899, 'ocf_cagr_3y': 0.6941176470588235, 'ocf_cagr_5y': 0.6588235294117647, 'ocf_cagr_best': 0.7663865546218488, 'roe_proxy': 0.5949579831932773, 'return_on_equity_effective': 0.8369747899159664, 'roa_proxy': 0.7848739495798319, 'asset_turnover_ttm': 0.7831932773109244, 'book_to_market_proxy': 0.7663865546218488, 'capital_efficiency_score': 1.0, 'sector_adjusted_quality_score': 1.0, 'debt_to_equity': 0.7663865546218488, 'accruals_to_assets': 0.7848739495798319, 'gross_margins': 0.8420168067226891, 'operating_margins': 0.8957983193277311, 'eps_ttm': 0.13949579831932774, 'eps_growth_yoy': 0.680672268907563, 'eps_cagr_1y': 0.6605042016806723, 'eps_cagr_2y': 0.6436974789915967, 'eps_cagr_3y': 0.6067226890756302, 'eps_cagr_5y': 0.5411764705882353, 'eps_cagr_best': 0.6823529411764706, 'fcf_ttm': 0.6168067226890757, 'fcf_growth_yoy': 0.22857142857142856, 'fcf_cagr_1y': 0.5764705882352941, 'fcf_cagr_2y': 0.5596638655462185, 'fcf_cagr_3y': 0.5260504201680672, 'fcf_cagr_5y': 0.4789915966386555, 'fcf_cagr_best': 0.5915966386554622, 'fund_history_quarters_available': 1.0, 'fcf_margin': 0.09243697478991597, 'net_margin': 0.11932773109243698, 'gross_margin_ttm': 0.06890756302521009, 'rule_of_40': 0.0907563025210084, 'sbc_to_revenue': 0.0067226890756302525, 'rd_intensity': 0.0016806722689075631, 'roic_approx': 0.01680672268907563, 'interest_coverage': 0.0016806722689075631, 'dilution_penalty': 0.9932773109243698, 'sage_composite_score': 1.0, 'sage_g_score': 1.0, 'sage_v_score': 1.0, 'sage_q_score': 1.0, 'sage_c_score': 1.0, 'sage_sector': 1.0}, 'critical_ttm_coverage_mean': 0.7787114845938374, 'critical_valuation_coverage_mean': 0.7305322128851541, 'comprehensive_fundamental_coverage_mean': 0.6354531001589824, 'core_fundamental_pass_ratio': 0.9210084033613445, 'core_fundamental_pass_count': 548, 'core_fundamental_minimum_ok': True, 'fundamental_coverage_ok': True, 'fundamental_coverage_warning': False, 'comprehensive_fundamental_coverage_warning': True, 'backtest_research_only': False, 'backtest_usable': True, 'all_pass': True, 'cagr_coverage_per_month_sample': {'2025-11-28': {'revenues_ttm': 0.242, 'sales_cagr_3y': 0.222, 'sales_cagr_5y': 0.202}, '2025-12-31': {'revenues_ttm': 0.247, 'sales_cagr_3y': 0.226, 'sales_cagr_5y': 0.206}, '2026-01-30': {'revenues_ttm': 0.257, 'sales_cagr_3y': 0.234, 'sales_cagr_5y': 0.214}, '2026-02-27': {'revenues_ttm': 0.758, 'sales_cagr_3y': 0.705, 'sales_cagr_5y': 0.681}, '2026-03-31': {'revenues_ttm': 0.773, 'sales_cagr_3y': 0.72, 'sales_cagr_5y': 0.694}, '2026-04-27': {'revenues_ttm': 0.787, 'sales_cagr_3y': 0.734, 'sales_cagr_5y': 0.706}}, 'cagr_3y_coverage_mean': 0.523, 'cagr_3y_low_months': 7, 'historical_data_quality_latest': {'fundamental_history_coverage_score_mean': 0.645, 'growth_sleeve_data_confidence_mean': 0.65, 'growth_sleeve_sparse_history_penalty_mean': 0.072, 'forward_return_coverage_score_mean': 0.0, 'quality_label_counts': {'full_history': 352, 'usable_history': 109, 'sparse_growth_history': 98, 'latest_or_price_only': 36}}}
  portfolio_shape:   {'stock_count': 18, 'cash_weight': 0.0752830074241435}

[2026-04-27 04:19:29 KST] TOTAL runtime: 159.7 min

======================================================================
CELL E -- PHASE 9 C1+C2 DIAGNOSTIC
======================================================================

Scored rows: 595

Sleeve distribution (raw):
portfolio_sleeve_label
unassigned         366
early_scout        104
future_winner       72
core_compounder     53

Phase 9 diagnostic columns (expect populated if C2 active):
  phase9_thesis_gate_active                 mean=1.000  sum=595
  phase9_core_eligible                      mean=0.089  sum=53
  phase9_future_eligible                    mean=0.121  sum=72
  phase9_early_eligible                     mean=0.175  sum=104
  phase9_unassigned                         mean=0.615  sum=366
  phase9_mktcap_percentile                  mean=0.501  sum=298

Final portfolio: 19 positions
  Sleeve dist: {'core_compounder': 7, 'early_scout': 4, 'future_winner': 7}
  Top 10 by weight:
ticker portfolio_sleeve_label   weight
 GOOGL        core_compounder 0.182007
  NVDA        core_compounder 0.120776
   GEV        core_compounder 0.087662
  CASH                    NaN 0.075283
  MRVL          future_winner 0.062833
   FTI          future_winner 0.062833
  LRCX        core_compounder 0.060429
   VRT        core_compounder 0.040000
  BKNG            early_scout 0.040000
   ETR            early_scout 0.040000

======================================================================
METRICS vs baseline: Phase 9 C3 + CE v2 (SHIPPED 2026-04-18, adaptive monthly)
======================================================================
  metric                          new   baseline          delta
  cagr                         0.2358     0.2291        +0.67pp
  sharpe                       1.1783     1.1721        +0.0062
  max_dd                      -0.2317    -0.2626        +3.09pp
  ir                           0.9955     0.9474        +0.0481
  avg_turnover_monthly         0.4550     0.4308        +2.42pp
  avg_stock_names             21.9880    20.4300        +1.5580
  beat_month_ratio             0.6265     0.5783        +0.0482
  excess_cagr                  0.1008     0.0942        +0.66pp

=== SLEEVE ALLOCATION ===
  target:  {'core_compounder': 0.5599999999999999, 'future_winner': 0.28, 'early_scout': 0.16}
  actual:  {'core_compounder': 0.5614219805216064, 'future_winner': 0.22647182074398692, 'early_scout': 0.13682319131026324}
  counts:  {'core_compounder': 7, 'future_winner': 7, 'early_scout': 4}

=== VERDICT ===
  dCAGR    +0.67pp   (gate >= +0.5pp)
  dSharpe  +0.0062    (gate >= -0.05)
  dMaxDD   +3.09pp   (gate >= -3pp; positive better)
  early_scout selected: 4    (gate >= 4)

  --> SHIP vs Phase 9 C3 + CE v2 (SHIPPED 2026-04-18, adaptive monthly). Rotate baseline + next phase.

======================================================================
LIFETIME PERFORMANCE (backtest + live, Phase 12D)
======================================================================
  Backtest anchor: 2026-01-30 at equity 4.3246
  Lifetime CAGR:   23.48% over 6.84 years
  Lifetime total:  323.45%
  vs baseline CAGR (22.91%): +0.57pp
  Live extension:  method=no_live_data (no live data yet)
  HINT: edit base_dir/manual_positions.yaml with real broker holdings
        (avg_cost, shares, entry_date) to activate lifetime CAGR.
