date,equity_usd,cash_usd,cash_weight,stock_value_usd,position_count,fill_mode
2019-06-03,99913.67603696823,65384.09082426071,0.6544058172783923,34529.58521270752,5,next_close
2019-06-04,100881.45227064133,65384.09082426071,0.648127969538449,35497.361446380615,5,next_close
2019-06-05,102541.11733259201,65384.09082426071,0.6376377839943705,37157.0265083313,5,next_close
2019-06-06,102824.20545209885,65384.09082426071,0.6358822860510234,37440.114627838135,5,next_close
2019-06-07,103622.34194196701,65384.09082426071,0.6309844923296428,38238.2511177063,5,next_close
2019-06-10,103730.51839841843,65384.09082426071,0.6303264635497823,38346.427574157715,5,next_close
2019-06-11,103363.39355482101,65384.09082426071,0.6325652494137863,37979.3027305603,5,next_close
2019-06-12,103801.6540414238,65384.09082426071,0.6298944985806112,38417.563217163086,5,next_close
2019-06-13,103929.43351758957,65384.09082426071,0.6291200539758043,38545.34269332886,5,next_close
2019-06-14,103346.35774244308,65384.09082426071,0.6326695226861223,37962.26691818237,5,next_close
2019-06-17,103641.67306913376,65384.09082426071,0.6308668018186712,38257.58224487305,5,next_close
2019-06-18,103779.00039686203,65384.09082426071,0.6300319965910727,38394.90957260132,5,next_close
2019-06-19,105389.74547208786,65384.09082426071,0.6204027776267614,40005.65464782715,5,next_close
2019-06-20,105342.96147550583,65384.09082426071,0.6206783054932788,39958.87065124512,5,next_close
2019-06-21,105034.3525582695,65384.09082426071,0.6225019646594939,39650.26173400879,5,next_close
2019-06-24,104196.47161878586,65384.09082426071,0.6275077246710957,38812.38079452515,5,next_close
2019-06-25,102391.89433683395,65384.09082426071,0.6385670589233328,37007.80351257324,5,next_close
2019-06-26,102560.71910490036,65384.09082426071,0.6375159163752065,37176.62828063965,5,next_close
2019-06-27,103468.21712888718,65384.09082426071,0.6319243980285633,38084.126304626465,5,next_close
2019-06-28,103566.80626310348,65384.09082426071,0.6313228454506695,38182.71543884277,5,next_close
2019-07-01,103633.00974004269,401.39905469417863,0.003873274120871955,103231.61068534851,5,next_close
2019-07-02,106001.85462110043,401.39905469417863,0.00378671728083404,105600.45556640625,5,next_close
2019-07-03,106582.78220288754,401.39905469417863,0.003766077844825709,106181.38314819336,5,next_close
2019-07-05,107361.00851933956,401.39905469417863,0.0037387787263741313,106959.60946464539,5,next_close
2019-07-08,108032.86097638607,401.39905469417863,0.00371552739663089,107631.4619216919,5,next_close
2019-07-09,108979.36014096737,401.39905469417863,0.003683257583591604,108577.9610862732,5,next_close
2019-07-10,108755.04852025509,401.39905469417863,0.003690854449110195,108353.64946556091,5,next_close
2019-07-11,108444.00613324642,401.39905469417863,0.003701440669768091,108042.60707855225,5,next_close
2019-07-12,108027.6974956274,401.39905469417863,0.003715704990476409,107626.29844093323,5,next_close
2019-07-15,109256.44712750912,401.39905469417863,0.0036739164163531765,108855.04807281494,5,next_close
2019-07-16,109197.03920094967,401.39905469417863,0.0036759151862671355,108795.6401462555,5,next_close
2019-07-17,109802.52631680966,401.39905469417863,0.0036556449852167792,109401.12726211548,5,next_close
2019-07-18,110892.82766263485,401.39905469417863,0.003619702582707514,110491.42860794067,5,next_close
2019-07-19,109046.96406476498,401.39905469417863,0.003680974139323864,108645.5650100708,5,next_close
2019-07-22,109971.50623624325,401.39905469417863,0.003650027797490417,109570.10718154907,5,next_close
2019-07-23,109253.1226531744,401.39905469417863,0.003674028210327916,108851.72359848022,5,next_close
2019-07-24,110548.19731824398,401.39905469417863,0.003630986885644448,110146.7982635498,5,next_close
2019-07-25,110845.98645703793,401.39905469417863,0.0036212321936415284,110444.58740234375,5,next_close
2019-07-26,111196.33274762631,401.39905469417863,0.0036098227772061774,110794.93369293213,5,next_close
2019-07-29,108522.0166389227,401.39905469417863,0.0036987799077649293,108120.61758422852,5,next_close
2019-07-30,107747.00578992367,401.39905469417863,0.0037253847728891307,107345.60673522949,5,next_close
2019-07-31,108168.77959172726,401.39905469417863,0.003710858680380985,107767.38053703308,5,next_close
2019-08-01,109969.97966870785,1335.4387064886123,0.012143666030599565,108634.54096221924,5,next_close
2019-08-02,108473.94107923031,1335.4387064886123,0.01231114766553191,107138.5023727417,5,next_close
2019-08-05,104025.17213544369,1335.4387064886123,0.012837649571488656,102689.73342895508,5,next_close
2019-08-06,106849.91330823422,1335.4387064886123,0.012498266635333797,105514.4746017456,5,next_close
2019-08-07,108928.63569364071,1335.4387064886123,0.012259757941378272,107593.1969871521,5,next_close
2019-08-08,116273.08193311215,1335.4387064886123,0.011485364318947387,114937.64322662354,5,next_close
2019-08-09,117599.02614316464,1335.4387064886123,0.011355865352684588,116263.58743667603,5,next_close
2019-08-12,116183.46141538143,1335.4387064886123,0.011494223792439142,114848.02270889282,5,next_close
2019-08-13,117620.50398740292,1335.4387064886123,0.011353791738825034,116285.0652809143,5,next_close
2019-08-14,113244.10392865658,1335.4387064886123,0.011792567208001701,111908.66522216797,5,next_close
2019-08-15,113608.63839444637,1335.4387064886123,0.011754728560798363,112273.19968795776,5,next_close
2019-08-16,115652.977776618,1335.4387064886123,0.011546946150128466,114317.5390701294,5,next_close
2019-08-19,116185.03724774838,1335.4387064886123,0.011494067894826902,114849.59854125977,5,next_close
2019-08-20,118127.55600842953,1335.4387064886123,0.011305056598253128,116792.11730194092,5,next_close
2019-08-21,120897.3964549017,1335.4387064886123,0.0110460501685557,119561.95774841309,5,next_close
2019-08-22,120198.92650327206,1335.4387064886123,0.011110238213751926,118863.48779678345,5,next_close
2019-08-23,118648.35378369808,1335.4387064886123,0.011255433926400566,117312.91507720947,5,next_close
2019-08-26,121276.9509974432,1335.4387064886123,0.01101147988554533,119941.51229095459,5,next_close
2019-08-27,122826.42250546932,1335.4387064886123,0.010872568615512243,121490.98379898071,5,next_close
2019-08-28,121121.0854769659,1335.4387064886123,0.011025650085860386,119785.6467704773,5,next_close
2019-08-29,121908.52623471737,1335.4387064886123,0.010954432374298552,120573.08752822876,5,next_close
2019-08-30,120846.98251447201,1335.4387064886123,0.011050658268018295,119511.5438079834,5,next_close
2019-09-03,119578.38500888349,4847.855345797545,0.04054123448345115,114730.52966308594,5,next_close
2019-09-04,121489.9671622038,4847.855345797545,0.03990333900843904,116642.11181640625,5,next_close
2019-09-05,122917.00882632734,4847.855345797545,0.0394400692962453,118069.15348052979,5,next_close
2019-09-06,121066.20878131391,4847.855345797545,0.0400430094788414,116218.35343551636,5,next_close
2019-09-09,114580.1609373808,4847.855345797545,0.04230972714767739,109732.30559158325,5,next_close
2019-09-10,108311.9632521391,4847.855345797545,0.04475826307858751,103464.10790634155,5,next_close
2019-09-11,108407.70482928754,4847.855345797545,0.04471873427660506,103559.84948348999,5,next_close
2019-09-12,110502.96906192304,4847.855345797545,0.04387081529982177,105655.11371612549,5,next_close
2019-09-13,108181.47657306195,4847.855345797545,0.0448122497433604,103333.6212272644,5,next_close
2019-09-16,108780.38954455854,4847.855345797545,0.044565526618304395,103932.53419876099,5,next_close
2019-09-17,108606.12823016645,4847.855345797545,0.044637033147186665,103758.2728843689,5,next_close
2019-09-18,107527.38264377118,4847.855345797545,0.04508484468424258,102679.52729797363,5,next_close
2019-09-19,107969.40671832563,4847.855345797545,0.04490026844775391,103121.55137252808,5,next_close
2019-09-20,105329.96815021039,4847.855345797545,0.04602541357350502,100482.11280441284,5,next_close
2019-09-23,105191.16298587323,4847.855345797545,0.04608614648027604,100343.30764007568,5,next_close
2019-09-24,102514.55793292524,4847.855345797545,0.047289433262439395,97666.70258712769,5,next_close
2019-09-25,104688.67550952436,4847.855345797545,0.04630735198628525,99840.8201637268,5,next_close
2019-09-26,104350.53819568158,4847.855345797545,0.046457406254165036,99502.68284988403,5,next_close
2019-09-27,102394.05978305341,4847.855345797545,0.047345083846356904,97546.20443725586,5,next_close
2019-09-30,103604.63552386762,4847.855345797545,0.046791876843008,98756.78017807007,5,next_close
2019-10-01,101779.83997485638,7689.344954943663,0.07554880177492157,94090.49501991272,5,next_close
2019-10-02,100324.15813586712,7689.344954943663,0.07664499855089865,92634.81318092346,5,next_close
2019-10-03,103067.28010127545,7689.344954943663,0.07460510209824105,95377.93514633179,5,next_close
2019-10-04,103485.0793394804,7689.344954943663,0.07430389969281412,95795.73438453674,5,next_close
2019-10-07,103352.18287608624,7689.344954943663,0.07439944412362125,95662.83792114258,5,next_close
2019-10-08,101112.0229849577,7689.344954943663,0.07604778074796897,93422.67803001404,5,next_close
2019-10-09,101665.32945773602,7689.344954943663,0.07563389599932642,93975.98450279236,5,next_close
2019-10-10,103615.22997424603,7689.344954943663,0.07421056689113058,95925.88501930237,5,next_close
2019-10-11,105460.62961337567,7689.344954943663,0.0729119955298315,97771.284658432,5,next_close
2019-10-14,107108.92438075543,7689.344954943663,0.07178995587341767,99419.57942581177,5,next_close
2019-10-15,108447.1380038023,7689.344954943663,0.07090408374515207,100757.79304885864,5,next_close
2019-10-16,105655.68957469464,7689.344954943663,0.07277738648904072,97966.34461975098,5,next_close
2019-10-17,107328.0696596861,7689.344954943663,0.07164337325105072,99638.72470474243,5,next_close
2019-10-18,104770.19857356549,7689.344954943663,0.07339248240084711,97080.85361862183,5,next_close
2019-10-21,106351.2289099455,7689.344954943663,0.07230142080873114,98661.88395500183,5,next_close
2019-10-22,103925.76444003583,7689.344954943663,0.07398882265985487,96236.41948509216,5,next_close
2019-10-23,103712.79771754742,7689.344954943663,0.07414075335123935,96023.45276260376,5,next_close
2019-10-24,106827.19609210492,7689.344954943663,0.07197928276909951,99137.85113716125,5,next_close
2019-10-25,106087.64480922223,7689.344954943663,0.07248106005908075,98398.29985427856,5,next_close
2019-10-28,107708.40005824566,7689.344954943663,0.07139039249292982,100019.055103302,5,next_close
2019-10-29,105378.43975589276,7689.344954943663,0.07296886320157986,97689.0948009491,5,next_close
2019-10-30,105975.87632129193,7689.344954943663,0.07255750291350763,98286.53136634827,5,next_close
2019-10-31,108177.40966556073,7689.344954943663,0.07108087519118732,100488.06471061707,5,next_close
2019-11-01,109455.18601227284,27537.89754677296,0.25159061484473866,81917.28846549988,5,next_close
2019-11-04,108880.20826530934,27537.89754677296,0.2529192218265337,81342.31071853638,5,next_close
2019-11-05,108800.22400093556,27537.89754677296,0.2531051548803444,81262.3264541626,5,next_close
2019-11-06,108551.8083438921,27537.89754677296,0.2536843740044653,81013.91079711914,5,next_close
2019-11-07,106552.199953084,27537.89754677296,0.25844513354860976,79014.30240631104,5,next_close
2019-11-08,107271.84457779408,27537.89754677296,0.25671132677132574,79733.94703102112,5,next_close
2019-11-11,107684.95778656483,27537.89754677296,0.2557265017585278,80147.06023979187,5,next_close
2019-11-12,109369.75367737294,27537.89754677296,0.25178714060201973,81831.85613059998,5,next_close
2019-11-13,108967.56152725697,27537.89754677296,0.25271647048727136,81429.66398048401,5,next_close
2019-11-14,109535.341699605,27537.89754677296,0.25140650605988174,81997.44415283203,5,next_close
2019-11-15,111194.9783477831,27537.89754677296,0.2476541473000969,83657.08080101013,5,next_close
2019-11-18,111635.58604622365,27537.89754677296,0.24667669622274985,84097.68849945068,5,next_close
2019-11-19,109932.26354599476,27537.89754677296,0.25049877677858723,82394.3659992218,5,next_close
2019-11-20,110622.36087608815,27537.89754677296,0.24893608605604697,83084.46332931519,5,next_close
2019-11-21,109901.42217255116,27537.89754677296,0.250569073651631,82363.5246257782,5,next_close
2019-11-22,110445.8978462267,27537.89754677296,0.24933381939738355,82908.00029945374,5,next_close
2019-11-25,111671.77866936207,27537.89754677296,0.24659674874801807,84133.88112258911,5,next_close
2019-11-26,112880.02960587025,27537.89754677296,0.2439572140698736,85342.13205909729,5,next_close
2019-11-27,112779.82523918629,27537.89754677296,0.2441739689556168,85241.92769241333,5,next_close
2019-11-29,111950.03603935719,27537.89754677296,0.24598382029186422,84412.13849258423,5,next_close
2019-12-02,109288.72483368398,2470.836627202043,0.022608339798658755,106817.88820648193,5,next_close
2019-12-03,108930.78393860342,2470.836627202043,0.0226826296283214,106459.94731140137,5,next_close
2019-12-04,110473.6399871874,2470.836627202043,0.02236584788451442,108002.80335998535,5,next_close
2019-12-05,112849.15621490957,2470.836627202043,0.021895038563660943,110378.31958770752,5,next_close
2019-12-06,113860.79503937246,2470.836627202043,0.021700503903451938,111389.95841217041,5,next_close
2019-12-09,113753.04950256826,2470.836627202043,0.021721058362890375,111282.21287536621,5,next_close
2019-12-10,113418.93345947744,2470.836627202043,0.0217850455108082,110948.09683227539,5,next_close
2019-12-11,115004.66797943594,2470.836627202043,0.021484663802028063,112533.83135223389,5,next_close
2019-12-12,113998.30009766103,2470.836627202043,0.021674328696877986,111527.46347045898,5,next_close
2019-12-13,113512.82242889883,2470.836627202043,0.021767026617188594,111041.98580169678,5,next_close
2019-12-16,115108.83775635244,2470.836627202043,0.021465220875846142,112638.00112915039,5,next_close
2019-12-17,115669.17409821035,2470.836627202043,0.0213612368763362,113198.3374710083,5,next_close
2019-12-18,116330.58566589834,2470.836627202043,0.02123978498911963,113859.74903869629,5,next_close
2019-12-19,116961.92826385977,2470.836627202043,0.02112513587864223,114491.09163665771,5,next_close
2019-12-20,116379.60488434316,2470.836627202043,0.021230838768163326,113908.76825714111,5,next_close
2019-12-23,117010.59926910879,2470.836627202043,0.021116348797765302,114539.76264190674,5,next_close
2019-12-24,117760.84891052725,2470.836627202043,0.02098181738719754,115290.0122833252,5,next_close
2019-12-26,117568.38083191396,2470.836627202043,0.02101616616405194,115097.54420471191,5,next_close
2019-12-27,116949.49279327871,2470.836627202043,0.021127382156069054,114478.65616607666,5,next_close
2019-12-30,116239.21261902334,2470.836627202043,0.021256481109350474,113768.37599182129,5,next_close
2019-12-31,116461.72964020254,2470.836627202043,0.021215867520046786,113990.89301300049,5,next_close
2020-01-02,116727.75874906064,11745.235467963228,0.10062075716893475,104982.52328109741,5,next_close
2020-01-03,114781.09548764706,11745.235467963228,0.10232726406786447,103035.86001968384,5,next_close
2020-01-06,114552.56822019101,11745.235467963228,0.10253140239847557,102807.33275222778,5,next_close
2020-01-07,114822.79362683774,11745.235467963228,0.1022901037065344,103077.55815887451,5,next_close
2020-01-08,115303.97067456723,11745.235467963228,0.10186323505816519,103558.735206604,5,next_close
2020-01-09,115872.92253690244,11745.235467963228,0.10136307267319233,104127.68706893921,5,next_close
2020-01-10,115140.21216397763,11745.235467963228,0.10200811034841746,103394.9766960144,5,next_close
2020-01-13,116515.59578900815,11745.235467963228,0.10080397725667598,104770.36032104492,5,next_close
2020-01-14,117002.09750180722,11745.235467963228,0.10038482829576462,105256.862033844,5,next_close
2020-01-15,115090.3955288458,11745.235467963228,0.10205226434398211,103345.16006088257,5,next_close
2020-01-16,116480.22993665219,11745.235467963228,0.10083458346837809,104734.99446868896,5,next_close
2020-01-17,116416.70116239072,11745.235467963228,0.10088960905686283,104671.46569442749,5,next_close
2020-01-21,115947.44870572568,11745.235467963228,0.1012979207310771,104202.21323776245,5,next_close
2020-01-22,116632.19341092587,11745.235467963228,0.10070320315919702,104886.95794296265,5,next_close
2020-01-23,118309.65521054745,11745.235467963228,0.09927537568308394,106564.41974258423,5,next_close
2020-01-24,115100.35957913876,11745.235467963228,0.10204342984600007,103355.12411117554,5,next_close
2020-01-27,112791.54463010312,11745.235467963228,0.10413223355067454,101046.30916213989,5,next_close
2020-01-28,115073.47543530942,11745.235467963228,0.10206726983375086,103328.23996734619,5,next_close
2020-01-29,114702.63948636533,11745.235467963228,0.10239725537753977,102957.4040184021,5,next_close
2020-01-30,114782.55660825253,11745.235467963228,0.1023259614964769,103037.3211402893,5,next_close
2020-01-31,110499.30178266049,11745.235467963228,0.10629239532268507,98754.06631469727,5,next_close
2020-02-03,110630.58446361065,1296.5904297971756,0.011719999818166547,109333.99403381348,5,next_close
2020-02-04,116388.50859691143,1296.5904297971756,0.011140192837143915,115091.91816711426,5,next_close
2020-02-05,110907.37926341534,1296.5904297971756,0.01169074987082377,109610.78883361816,5,next_close
2020-02-06,110916.585089221,1296.5904297971756,0.011689779565014572,109619.99465942383,5,next_close
2020-02-07,109843.42261363506,1296.5904297971756,0.011803987885171993,108546.83218383789,5,next_close
2020-02-10,112396.10946513653,1296.5904297971756,0.01153590134006691,111099.51903533936,5,next_close
2020-02-11,114095.8709397459,1296.5904297971756,0.011364043405934521,112799.28050994873,5,next_close
2020-02-12,114737.8729005003,1296.5904297971756,0.011300457268556545,113441.28247070312,5,next_close
2020-02-13,116157.49432231426,1296.5904297971756,0.011162348476624258,114860.90389251709,5,next_close
2020-02-14,119867.25778819561,1296.5904297971756,0.010816885726110791,118570.66735839844,5,next_close
2020-02-18,123581.17384959698,1296.5904297971756,0.010491811895031648,122284.5834197998,5,next_close
2020-02-19,125586.08909465313,1296.5904297971756,0.010324315687702854,124289.49866485596,5,next_close
2020-02-20,125335.40134288311,1296.5904297971756,0.010344965715233653,124038.81091308594,5,next_close
2020-02-21,122348.3087220335,1296.5904297971756,0.010597534558021027,121051.71829223633,5,next_close
2020-02-24,118361.92997600079,1296.5904297971756,0.010954454950676066,117065.33954620361,5,next_close
2020-02-25,115086.97684337139,1296.5904297971756,0.011266178549131423,113790.38641357422,5,next_close
2020-02-26,112991.70418406963,1296.5904297971756,0.011475094027123968,111695.11375427246,5,next_close
2020-02-27,107829.2255692625,1296.5904297971756,0.012024480589117557,106532.63513946533,5,next_close
2020-02-28,107553.19093181133,1296.5904297971756,0.01205534134844231,106256.60050201416,5,next_close
2020-03-02,112523.520349617,51892.61076747894,0.46117123430057677,60630.90958213806,5,next_close
2020-03-03,111136.82112943649,51892.61076747894,0.46692545494928045,59244.21036195755,5,next_close
2020-03-04,112542.28157627105,51892.61076747894,0.4610943553006857,60649.670808792114,5,next_close
2020-03-05,110862.51411640167,51892.61076747894,0.46808076815751765,58969.90334892273,5,next_close
2020-03-06,109257.29441654205,51892.61076747894,0.4749578602014344,57364.68364906311,5,next_close
2020-03-09,103775.6745387268,51892.61076747894,0.5000459982374169,51883.063771247864,5,next_close
2020-03-10,105958.12339365005,51892.61076747894,0.48974641212444125,54065.51262617111,5,next_close
2020-03-11,102630.16474210739,51892.61076747894,0.5056272773007475,50737.55397462845,5,next_close
2020-03-12,97462.92682897567,51892.61076747894,0.5324343568969375,45570.316061496735,5,next_close
2020-03-13,97657.23276340484,51892.61076747894,0.531374986768258,45764.6219959259,5,next_close
2020-03-16,88788.80021726608,51892.61076747894,0.5844499603609665,36896.18944978714,5,next_close
2020-03-17,89128.94536077499,51892.61076747894,0.5822195085718641,37236.33459329605,5,next_close
2020-03-18,85483.44902765274,51892.61076747894,0.60704863172627,33590.8382601738,5,next_close
2020-03-19,89146.21407043457,51892.61076747894,0.5821067255472958,37253.60330295563,5,next_close
2020-03-20,89522.66221630096,51892.61076747894,0.5796589319707467,37630.05144882202,5,next_close
2020-03-23,91082.75917160034,51892.61076747894,0.5697303335937927,39190.1484041214,5,next_close
2020-03-24,96864.1568103981,51892.61076747894,0.5357256231430738,44971.54604291916,5,next_close
2020-03-25,98149.7149139595,51892.61076747894,0.5287087263877364,46257.10414648056,5,next_close
2020-03-26,99486.16497528076,51892.61076747894,0.521606303553591,47593.55420780182,5,next_close
2020-03-27,99305.81356012344,51892.61076747894,0.5225536039343882,47413.2027926445,5,next_close
2020-03-30,99285.0336109352,51892.61076747894,0.5226629722544961,47392.42284345627,5,next_close
2020-03-31,98883.88951885223,51892.61076747894,0.5247832687405121,46991.27875137329,5,next_close
2020-04-01,95397.29399979353,71834.11903059721,0.7529995455715199,23563.17496919632,5,next_close
2020-04-02,96304.61570894957,71834.11903059721,0.7459052559608697,24470.496678352356,5,next_close
2020-04-03,96862.43546736479,71834.11903059721,0.7416096723564193,25028.316436767578,5,next_close
2020-04-06,97722.41996538878,71834.11903059721,0.7350833008028183,25888.300934791565,5,next_close
2020-04-07,96723.33929932356,71834.11903059721,0.742676168450892,24889.22026872635,5,next_close
2020-04-08,97355.2266050601,71834.11903059721,0.7378558043114204,25521.10757446289,5,next_close
2020-04-09,97714.89362490416,71834.11903059721,0.7351399194716942,25880.774594306946,5,next_close
2020-04-13,99141.26035416365,71834.11903059721,0.7245633026449657,27307.141323566437,5,next_close
2020-04-14,100789.61150944472,71834.11903059721,0.712713522304487,28955.492478847504,5,next_close
2020-04-15,101970.54794848204,71834.11903059721,0.704459478504416,30136.428917884827,5,next_close
2020-04-16,103407.82035315275,71834.11903059721,0.6946681477790871,31573.701322555542,5,next_close
2020-04-17,105342.28522169829,71834.11903059721,0.6819115313420303,33508.166191101074,5,next_close
2020-04-20,106509.28201401472,71834.11903059721,0.6744399893818186,34675.16298341751,5,next_close
2020-04-21,104424.27485287428,71834.11903059721,0.687906323810301,32590.15582227707,5,next_close
2020-04-22,106028.53621447325,71834.11903059721,0.6774979792731649,34194.41718387604,5,next_close
2020-04-23,104727.53198111296,71834.11903059721,0.6859143691417469,32893.41295051575,5,next_close
2020-04-24,105970.56096709013,71834.11903059721,0.6778686304482787,34136.44193649292,5,next_close
2020-04-27,106487.18962633848,71834.11903059721,0.6745799122191295,34653.07059574127,5,next_close
2020-04-28,105433.19623768568,71834.11903059721,0.6813235450877954,33599.07720708847,5,next_close
2020-04-29,106241.9107724452,71834.11903059721,0.6761373031444765,34407.79174184799,5,next_close
2020-04-30,105669.11387598753,71834.11903059721,0.6798024171462362,33834.99484539032,5,next_close
2020-05-01,104807.40492741586,32537.58583180428,0.31045121148012506,72269.81909561157,5,next_close
2020-05-04,108904.26085011484,32537.58583180428,0.29877238574334414,76366.67501831055,5,next_close
2020-05-05,109025.38211361886,32537.58583180428,0.298440465889822,76487.79628181458,5,next_close
2020-05-06,109737.54462162973,32537.58583180428,0.29650368015789363,77199.95878982544,5,next_close
2020-05-07,114196.90775982858,32537.58583180428,0.2849252792399177,81659.32192802429,5,next_close
2020-05-08,118913.87134091379,32537.58583180428,0.2736231313041889,86376.2855091095,5,next_close
2020-05-11,124002.57146183969,32537.58583180428,0.26239444431051445,91464.9856300354,5,next_close
2020-05-12,120927.98845974923,32537.58583180428,0.2690657989621186,88390.40262794495,5,next_close
2020-05-13,121938.21076313974,32537.58583180428,0.2668366677530416,89400.62493133545,5,next_close
2020-05-14,121629.17938916208,32537.58583180428,0.2675146374842975,89091.59355735779,5,next_close
2020-05-15,124228.31139103891,32537.58583180428,0.2619176375132742,91690.72555923462,5,next_close
2020-05-18,131097.26575200082,32537.58583180428,0.24819423689092227,98559.67992019653,5,next_close
2020-05-19,126145.1372920704,32537.58583180428,0.2579376940743131,93607.55146026611,5,next_close
2020-05-20,127315.46311299325,32537.58583180428,0.25556664552935704,94777.87728118896,5,next_close
2020-05-21,123833.39787785531,32537.58583180428,0.2627529114875629,91295.81204605103,5,next_close
2020-05-22,125144.98280446054,32537.58583180428,0.25999912343784787,92607.39697265625,5,next_close
2020-05-26,117506.43119160653,32537.58583180428,0.276900468356054,84968.84535980225,5,next_close
2020-05-27,113480.27701298715,32537.58583180428,0.2867245894022672,80942.69118118286,5,next_close
2020-05-28,115213.2391444874,32537.58583180428,0.2824118658012846,82675.6533126831,5,next_close
2020-05-29,120721.82838551523,32537.58583180428,0.2695252902225617,88184.24255371094,5,next_close
2020-06-01,122691.58772691728,454.4015963935926,0.003703608412053352,122237.18613052368,5,next_close
2020-06-02,120512.90160593034,454.4015963935926,0.00377056390094612,120058.50000953674,5,next_close
2020-06-03,119643.67751153947,454.4015963935926,0.0037979574503614385,119189.27591514587,5,next_close
2020-06-04,117675.34076913835,454.4015963935926,0.003861485281653541,117220.93917274475,5,next_close
2020-06-05,118154.94547780992,454.4015963935926,0.0038458110623810623,117700.54388141632,5,next_close
2020-06-08,120274.99972661973,454.4015963935926,0.0037780220114440183,119820.59813022614,5,next_close
2020-06-09,120887.72859128953,454.4015963935926,0.0037588728127226486,120433.32699489594,5,next_close
2020-06-10,125864.81850847245,454.4015963935926,0.0036102351854819946,125410.41691207886,5,next_close
2020-06-11,120860.47618135453,454.4015963935926,0.003759720387926904,120406.07458496094,5,next_close
2020-06-12,122388.91666730882,454.4015963935926,0.0037127675345701248,121934.51507091522,5,next_close
2020-06-15,129281.17044290544,454.4015963935926,0.00351483201178373,128826.76884651184,5,next_close
2020-06-16,127348.38679632188,454.4015963935926,0.003568177091401654,126893.98519992828,5,next_close
2020-06-17,127789.33404859544,454.4015963935926,0.0035558648127925435,127334.93245220184,5,next_close
2020-06-18,129549.77136644365,454.4015963935926,0.0035075445645386377,129095.36977005005,5,next_close
2020-06-19,130535.01537832261,454.4015963935926,0.003481070539399907,130080.61378192902,5,next_close
2020-06-22,130637.92958482743,454.4015963935926,0.003478328214766562,130183.52798843384,5,next_close
2020-06-23,128959.08132680894,454.4015963935926,0.003523610681143464,128504.67973041534,5,next_close
2020-06-24,127393.15868219377,454.4015963935926,0.0035669230678798303,126938.75708580017,5,next_close
2020-06-25,127710.57797845842,454.4015963935926,0.0035580576298874698,127256.17638206482,5,next_close
2020-06-26,125231.08546670915,454.4015963935926,0.003628504813322796,124776.68387031555,5,next_close
2020-06-29,126860.41496213914,454.4015963935926,0.003581902175940434,126406.01336574554,5,next_close
2020-06-30,131699.72833570483,454.4015963935926,0.0034502849940230345,131245.32673931122,5,next_close
2020-07-01,130597.82523311378,148.96383823156793,0.0011406303126845435,130448.8613948822,5,next_close
2020-07-02,134174.54544223548,148.96383823156793,0.0011102242809214473,134025.5816040039,5,next_close
2020-07-06,140681.44359744788,148.96383823156793,0.0010588733980994654,140532.4797592163,5,next_close
2020-07-07,141841.29852451087,148.96383823156793,0.0010502148512538205,141692.3346862793,5,next_close
2020-07-08,145386.46662296058,148.96383823156793,0.0010246059464247437,145237.502784729,5,next_close
2020-07-09,148072.6330429435,148.96383823156793,0.0010060187029183574,147923.6692047119,5,next_close
2020-07-10,152294.2518974662,148.96383823156793,0.0009781317178790142,152145.28805923462,5,next_close
2020-07-13,149914.08925594093,148.96383823156793,0.000993661362790587,149765.12541770935,5,next_close
2020-07-14,152608.50060237647,148.96383823156793,0.000976117566476164,152459.5367641449,5,next_close
2020-07-15,155691.1848408103,148.96383823156793,0.000956790446317684,155542.22100257874,5,next_close
2020-07-16,153005.92896808387,148.96383823156793,0.0009735821300273985,152856.9651298523,5,next_close
2020-07-17,158536.82396854163,148.96383823156793,0.0009396166423841488,158387.86013031006,5,next_close
2020-07-20,161958.40624393226,148.96383823156793,0.0009197660170056708,161809.44240570068,5,next_close
2020-07-21,158000.1426445365,148.96383823156793,0.0009428082515514043,157851.17880630493,5,next_close
2020-07-22,159703.24480594398,148.96383823156793,0.0009327539863862782,159554.2809677124,5,next_close
2020-07-23,151193.27270473243,148.96383823156793,0.0009852544069370176,151044.30886650085,5,next_close
2020-07-24,146308.95185245277,148.96383823156793,0.0010181457548940171,146159.9880142212,5,next_close
2020-07-27,156133.78553928138,148.96383823156793,0.000954078181842907,155984.8217010498,5,next_close
2020-07-28,154282.72533954383,148.96383823156793,0.000965525063831546,154133.76150131226,5,next_close
2020-07-29,155928.6842876792,148.96383823156793,0.0009553331313739456,155779.72044944763,5,next_close
2020-07-30,156209.66969074012,148.96383823156793,0.0009536147059684763,156060.70585250854,5,next_close
2020-07-31,152774.96878780128,148.96383823156793,0.0009750539595165824,152626.0049495697,5,next_close
2020-08-03,160290.08736612083,391.9130420851725,0.0024450235727303486,159898.17432403564,5,next_close
2020-08-04,162897.04338933708,391.9130420851725,0.0024058941398246787,162505.1303472519,5,next_close
2020-08-05,165867.2382402587,391.9130420851725,0.0023628116452839615,165475.32519817352,5,next_close
2020-08-06,162157.97736169578,391.9130420851725,0.0024168594629853123,161766.0643196106,5,next_close
2020-08-07,157106.20404912712,391.9130420851725,0.0024945739377842855,156714.29100704193,5,next_close
2020-08-10,152227.08686353447,391.9130420851725,0.002574528949874124,151835.17382144928,5,next_close
2020-08-11,148071.69789983513,391.9130420851725,0.002646778875665266,147679.78485774994,5,next_close
2020-08-12,158162.70913411857,391.9130420851725,0.0024779105279035063,157770.7960920334,5,next_close
2020-08-13,160344.64445497276,391.9130420851725,0.0024441916561499357,159952.73141288757,5,next_close
2020-08-14,160909.04316426994,391.9130420851725,0.0024356184983654002,160517.13012218475,5,next_close
2020-08-17,172054.35334207298,391.9130420851725,0.002277844381571581,171662.4402999878,5,next_close
2020-08-18,177347.3933286834,391.9130420851725,0.002209860741278717,176955.4802865982,5,next_close
2020-08-19,178811.8297224212,391.9130420851725,0.00219176238335886,178419.916680336,5,next_close
2020-08-20,183207.66911126854,391.9130420851725,0.002139173780149726,182815.75606918335,5,next_close
2020-08-21,183228.38241006614,391.9130420851725,0.002138931954374126,182836.46936798096,5,next_close
2020-08-24,182941.03095151664,391.9130420851725,0.002142291644726972,182549.11790943146,5,next_close
2020-08-25,185419.35747148277,391.9130420851725,0.0021136576430292515,185027.44442939758,5,next_close
2020-08-26,192288.5426092315,391.9130420851725,0.0020381507747012136,191896.6295671463,5,next_close
2020-08-27,191448.08746148826,391.9130420851725,0.0020470982357763683,191056.17441940308,5,next_close
2020-08-28,191306.57079412224,391.9130420851725,0.0020486125513531693,190914.65775203705,5,next_close
2020-08-31,199575.25561906578,391.9130420851725,0.0019637356388170013,199183.3425769806,5,next_close
2020-09-01,200094.3627780032,493.22496824980044,0.002464961838015467,199601.13780975342,5,next_close
2020-09-02,192982.95380812406,493.22496824980044,0.002555795517256908,192489.72883987427,5,next_close
2020-09-03,176039.70540076017,493.22496824980044,0.002801782513365139,175546.48043251038,5,next_close
2020-09-04,174271.42130690336,493.22496824980044,0.002830211428534797,173778.19633865356,5,next_close
2020-09-08,158851.45267515897,493.22496824980044,0.003104944650763842,158358.22770690918,5,next_close
2020-09-09,170986.01544695615,493.22496824980044,0.0028845924443616873,170492.79047870636,5,next_close
2020-09-10,170601.45098238706,493.22496824980044,0.002891094802591809,170108.22601413727,5,next_close
2020-09-11,170270.9558260989,493.22496824980044,0.0028967064045470024,169777.73085784912,5,next_close
2020-09-14,183789.780638988,493.22496824980044,0.0026836365250286977,183296.55567073822,5,next_close
2020-09-15,190601.12072401762,493.22496824980044,0.002587733830610416,190107.89575576782,5,next_close
2020-09-16,188558.32198744535,493.22496824980044,0.0026157687608327385,188065.09701919556,5,next_close
2020-09-17,184782.48599749326,493.22496824980044,0.0026692192476320048,184289.26102924347,5,next_close
2020-09-18,188983.86565142393,493.22496824980044,0.002609878713982609,188490.64068317413,5,next_close
2020-09-21,192857.44372111082,493.22496824980044,0.00255745880860605,192364.21875286102,5,next_close
2020-09-22,192740.3089602542,493.22496824980044,0.0025590130622417467,192247.0839920044,5,next_close
2020-09-23,184071.8747017932,493.22496824980044,0.002679523794978742,183578.6497335434,5,next_close
2020-09-24,183358.24734907865,493.22496824980044,0.0026899524585376052,182865.02238082886,5,next_close
2020-09-25,193928.59950190305,493.22496824980044,0.0025433328014363367,193435.37453365326,5,next_close
2020-09-28,200258.75430136442,493.22496824980044,0.0024629383617734806,199765.52933311462,5,next_close
2020-09-29,198172.55176478147,493.22496824980044,0.0024888662120838402,197679.32679653168,5,next_close
2020-09-30,202713.2405856204,493.22496824980044,0.002433116686531761,202220.0156173706,5,next_close
2020-10-01,209521.10545137167,842.4891279005969,0.0040210227322236645,208678.61632347107,5,next_close
2020-10-02,201733.25538900137,842.4891279005969,0.00417625307377323,200890.76626110077,5,next_close
2020-10-05,206177.92219522237,842.4891279005969,0.004086223776680001,205335.43306732178,5,next_close
2020-10-06,205339.3812825942,842.4891279005969,0.004102910618694902,204496.8921546936,5,next_close
2020-10-07,207060.33734777212,842.4891279005969,0.00406880979086583,206217.84821987152,5,next_close
2020-10-08,200107.46431806326,842.4891279005969,0.00421018341705381,199264.97519016266,5,next_close
2020-10-09,203442.43514802694,842.4891279005969,0.004141167142870624,202599.94602012634,5,next_close
2020-10-12,197001.4890086913,842.4891279005969,0.004276562233818588,196158.9998807907,5,next_close
2020-10-13,202534.98072984457,842.4891279005969,0.004159721569403205,201692.49160194397,5,next_close
2020-10-14,199999.11892678976,842.4891279005969,0.00421246419694975,199156.62979888916,5,next_close
2020-10-15,202691.46059396505,842.4891279005969,0.004156510222146385,201848.97146606445,5,next_close
2020-10-16,201739.07518270254,842.4891279005969,0.004176132596709918,200896.58605480194,5,next_close
2020-10-19,201117.36959150076,842.4891279005969,0.004189042098212688,200274.88046360016,5,next_close
2020-10-20,197997.32876184225,842.4891279005969,0.004255053000810788,197154.83963394165,5,next_close
2020-10-21,190302.6258094573,842.4891279005969,0.004427101960979503,189460.1366815567,5,next_close
2020-10-22,190710.07929685354,842.4891279005969,0.004417643425071434,189867.59016895294,5,next_close
2020-10-23,188493.84893872976,842.4891279005969,0.004469584194094575,187651.35981082916,5,next_close
2020-10-26,188643.46540334463,842.4891279005969,0.004466039287919377,187800.97627544403,5,next_close
2020-10-27,191646.59781816244,842.4891279005969,0.0043960557478821775,190804.10869026184,5,next_close
2020-10-28,186143.49626615286,842.4891279005969,0.004526019682664518,185301.00713825226,5,next_close
2020-10-29,183473.80270936727,842.4891279005969,0.004591876962593655,182631.31358146667,5,next_close
2020-10-30,174202.70741632223,842.4891279005969,0.004836257371632896,173360.21828842163,5,next_close
2020-11-02,176601.862426641,175.03234279393655,0.0009911126665872144,176426.83008384705,5,next_close
2020-11-03,181366.20151889563,175.03234279393655,0.0009650769621246152,181191.16917610168,5,next_close
2020-11-04,190110.57277477026,175.03234279393655,0.000920687051957403,189935.54043197632,5,next_close
2020-11-05,197431.6768425727,175.03234279393655,0.0008865464022447784,197256.64449977875,5,next_close
2020-11-06,198992.32541072607,175.03234279393655,0.0008795934337299924,198817.29306793213,5,next_close
2020-11-09,180496.94373405218,175.03234279393655,0.000969724689919585,180321.91139125824,5,next_close
2020-11-10,168853.3910845542,175.03234279393655,0.001036593589679749,168678.35874176025,5,next_close
2020-11-11,179221.15822208166,175.03234279393655,0.0009766276734862157,179046.12587928772,5,next_close
2020-11-12,183698.8052653098,175.03234279393655,0.000952822434207688,183523.77292251587,5,next_close
2020-11-13,182235.49087798834,175.03234279393655,0.0009604734069672822,182060.4585351944,5,next_close
2020-11-16,181250.40114200354,175.03234279393655,0.0009656935471100262,181075.3687992096,5,next_close
2020-11-17,181603.46132362128,175.03234279393655,0.0009638161162689798,181428.42898082733,5,next_close
2020-11-18,183197.87192619086,175.03234279393655,0.000955427816674944,183022.8395833969,5,next_close
2020-11-19,187789.17153728247,175.03234279393655,0.0009320683475041943,187614.13919448853,5,next_close
2020-11-20,192803.8794811988,175.03234279393655,0.0009078258345470937,192628.84713840485,5,next_close
2020-11-23,194723.6537235999,175.03234279393655,0.0008988756088276047,194548.62138080597,5,next_close
2020-11-24,194764.2350538993,175.03234279393655,0.0008986883179321804,194589.20271110535,5,next_close
2020-11-25,199036.24066341162,175.03234279393655,0.0008793993606919664,198861.20832061768,5,next_close
2020-11-27,203878.33000743628,175.03234279393655,0.0008585137164285797,203703.29766464233,5,next_close
2020-11-30,202134.27007186651,175.03234279393655,0.0008659211658255961,201959.23772907257,5,next_close
2020-12-01,194138.6996967077,15.721940207469743,8.098303033877981e-05,194122.97775650024,5,next_close
2020-12-02,197808.1132251501,15.721940207469743,7.948076522814127e-05,197792.39128494263,5,next_close
2020-12-03,199378.13487737178,15.721940207469743,7.885488655583812e-05,199362.4129371643,5,next_close
2020-12-04,203268.44054524897,15.721940207469743,7.734570189694513e-05,203252.7186050415,5,next_close
2020-12-07,206963.46054570674,15.721940207469743,7.596481120877682e-05,206947.73860549927,5,next_close
2020-12-08,215403.89315526484,15.721940207469743,7.298818966162901e-05,215388.17121505737,5,next_close
2020-12-09,203421.4123355627,15.721940207469743,7.728753835183745e-05,203405.69039535522,5,next_close
2020-12-10,208581.39895741938,15.721940207469743,7.537556218365992e-05,208565.6770172119,5,next_close
2020-12-11,202990.33068959712,15.721940207469743,7.745167050104946e-05,202974.60874938965,5,next_close
2020-12-14,201589.2786952734,15.721940207469743,7.798996211120612e-05,201573.55675506592,5,next_close
2020-12-15,202685.84834401606,15.721940207469743,7.756802132917093e-05,202670.1264038086,5,next_close
2020-12-16,204403.49258916377,15.721940207469743,7.691620142259362e-05,204387.7706489563,5,next_close
2020-12-17,210268.89077489375,15.721940207469743,7.477064319657767e-05,210253.16883468628,5,next_close
2020-12-18,213959.35293309687,15.721940207469743,7.348096725823361e-05,213943.6309928894,5,next_close
2020-12-21,209732.69730489253,15.721940207469743,7.496179856312271e-05,209716.97536468506,5,next_close
2020-12-22,206978.70255391597,15.721940207469743,7.595921712464271e-05,206962.9806137085,5,next_close
2020-12-23,205484.03312032222,15.721940207469743,7.65117365506627e-05,205468.31118011475,5,next_close
2020-12-24,211416.3111964941,15.721940207469743,7.436484024573435e-05,211400.58925628662,5,next_close
2020-12-28,202831.66216390132,15.721940207469743,7.751225839073084e-05,202815.94022369385,5,next_close
2020-12-29,214351.17619817256,15.721940207469743,7.334664771297756e-05,214335.4542579651,5,next_close
2020-12-30,225751.40345113276,15.721940207469743,6.964271303355591e-05,225735.6815109253,5,next_close
2020-12-31,226051.78994100093,15.721940207469743,6.95501690633511e-05,226036.06800079346,5,next_close
2021-01-04,223260.5999136305,1619.2181692457161,0.007252592575098871,221641.38174438477,5,next_close
2021-01-05,236780.1354818678,1619.2181692457161,0.006838488228543619,235160.91731262207,5,next_close
2021-01-06,239881.99868682385,1619.2181692457161,0.006750061188875095,238262.78051757812,5,next_close
2021-01-07,249031.92415908337,1619.2181692457161,0.006502050589350737,247412.70598983765,5,next_close
2021-01-08,252428.4312315321,1619.2181692457161,0.006414563372857706,250809.21306228638,5,next_close
2021-01-11,241755.35804656506,1619.2181692457161,0.006697755045966074,240136.13987731934,5,next_close
2021-01-12,244928.26776793957,1619.2181692457161,0.006610989348031748,243309.04959869385,5,next_close
2021-01-13,243017.53220656872,1619.2181692457161,0.00666296852965059,241398.314037323,5,next_close
2021-01-14,247016.23469069958,1619.2181692457161,0.006555108295911051,245397.01652145386,5,next_close
2021-01-15,235998.6747999525,1619.2181692457161,0.006861132464486373,234379.4566307068,5,next_close
2021-01-19,245308.28372481823,1619.2181692457161,0.006600748024726803,243689.0655555725,5,next_close
2021-01-20,245945.7600698805,1619.2181692457161,0.006583639290165638,244326.54190063477,5,next_close
2021-01-21,251330.6152410841,1619.2181692457161,0.006442582284265337,249711.39707183838,5,next_close
2021-01-22,250628.04819777966,1619.2181692457161,0.006460642297975893,249008.83002853394,5,next_close
2021-01-25,252727.29342940808,1619.2181692457161,0.0064069778426919174,251108.07526016235,5,next_close
2021-01-26,243444.36687758923,1619.2181692457161,0.006651286246684464,241825.1487083435,5,next_close
2021-01-27,234468.0926542616,1619.2181692457161,0.006905921189171604,232848.87448501587,5,next_close
2021-01-28,241462.63851836682,1619.2181692457161,0.006705874578284088,239843.4203491211,5,next_close
2021-01-29,232155.1466207838,1619.2181692457161,0.0069747244151801835,230535.9284515381,5,next_close
2021-02-01,242616.55408858776,662.8699684095336,0.0027321712275556295,241953.68412017822,5,next_close
2021-02-02,250238.47848510265,662.8699684095336,0.002648953000443519,249575.60851669312,5,next_close
2021-02-03,255150.99898147106,662.8699684095336,0.0025979516876501467,254488.12901306152,5,next_close
2021-02-04,256268.5957374525,662.8699684095336,0.002586621924945672,255605.72576904297,5,next_close
2021-02-05,256679.03042602062,662.8699684095336,0.002582485866918468,256016.16045761108,5,next_close
2021-02-08,259550.4657096815,662.8699684095336,0.002553915542386206,258887.59574127197,5,next_close
2021-02-09,260057.02704238414,662.8699684095336,0.002548940807131118,259394.1570739746,5,next_close
2021-02-10,261507.55491637706,662.8699684095336,0.002534802364013924,260844.68494796753,5,next_close
2021-02-11,263112.4651527357,662.8699684095336,0.0025193407998543144,262449.5951843262,5,next_close
2021-02-12,264181.16891479015,662.8699684095336,0.0025091491991366646,263518.2989463806,5,next_close
2021-02-16,262806.9330520582,662.8699684095336,0.002522269716066542,262144.0630836487,5,next_close
2021-02-17,259945.22890853405,662.8699684095336,0.0025500370643185576,259282.3589401245,5,next_close
2021-02-18,252978.98645400524,662.8699684095336,0.0026202570328111093,252316.1164855957,5,next_close
2021-02-19,256432.27547454357,662.8699684095336,0.0025849708941000204,255769.40550613403,5,next_close
2021-02-22,238469.8347091627,662.8699684095336,0.0027796805798015016,237806.96474075317,5,next_close
2021-02-23,236999.7017822218,662.8699684095336,0.00279692321730701,236336.83181381226,5,next_close
2021-02-24,238433.4009971571,662.8699684095336,0.0027801053276819937,237770.53102874756,5,next_close
2021-02-25,225283.66710662364,662.8699684095336,0.00294237916544481,224620.7971382141,5,next_close
2021-02-26,226731.45326232433,662.8699684095336,0.0029235907011216688,226068.5832939148,5,next_close
2021-03-01,241752.7269252157,1913.984733901023,0.007917117454038477,239838.7421913147,5,next_close
2021-03-02,230997.36220582484,1913.984733901023,0.008285742813788546,229083.37747192383,5,next_close
2021-03-03,222675.26666673183,1913.984733901023,0.00859540784457934,220761.2819328308,5,next_close
2021-03-04,208148.50935014247,1913.984733901023,0.009195284366324063,206234.52461624146,5,next_close
2021-03-05,203995.0434764242,1913.984733901023,0.009382506071144924,202081.0587425232,5,next_close
2021-03-08,186240.14515336513,1913.984733901023,0.010276971875880433,184326.1604194641,5,next_close
2021-03-09,209121.77778657436,1913.984733901023,0.009152488823303707,207207.79305267334,5,next_close
2021-03-10,205372.62909348964,1913.984733901023,0.00931957068646056,203458.64435958862,5,next_close
2021-03-11,221040.97976716518,1913.984733901023,0.008658958786362286,219126.99503326416,5,next_close
2021-03-12,219415.37014802455,1913.984733901023,0.008723111478515786,217501.38541412354,5,next_close
2021-03-15,221350.00674470424,1913.984733901023,0.008646870004881149,219436.02201080322,5,next_close
2021-03-16,218947.53103669643,1913.984733901023,0.008741750705470307,217033.5463027954,5,next_close
2021-03-17,212766.64720185756,1913.984733901023,0.008995699086639143,210852.66246795654,5,next_close
2021-03-18,199601.87533982753,1913.984733901023,0.0095890117797862,197687.8906059265,5,next_close
2021-03-19,202851.42241700648,1913.984733901023,0.009435402084420189,200937.43768310547,5,next_close
2021-03-22,204106.84487184047,1913.984733901023,0.009377366717430873,202192.86013793945,5,next_close
2021-03-23,200862.45442994594,1913.984733901023,0.009528832749420357,198948.46969604492,5,next_close
2021-03-24,188131.89307054042,1913.984733901023,0.010173632458922692,186217.9083366394,5,next_close
2021-03-25,191341.32604249477,1913.984733901023,0.010002986670406729,189427.34130859375,5,next_close
2021-03-26,194489.6722415304,1913.984733901023,0.009841061028290014,192575.6875076294,5,next_close
2021-03-29,189949.5782283163,1913.984733901023,0.010076277882546517,188035.59349441528,5,next_close
2021-03-30,197244.35269578456,1913.984733901023,0.00970362247507798,195330.36796188354,5,next_close
2021-03-31,204288.99964173793,1913.984733901023,0.009369005366209547,202375.0149078369,5,next_close
2021-04-01,211340.30555718899,171.76025384425157,0.0008127188677588668,211168.54530334473,5,next_close
2021-04-05,211492.90132516384,171.76025384425157,0.0008121324771093639,211321.14107131958,5,next_close
2021-04-06,214050.41159432888,171.76025384425157,0.0008024289818688779,213878.65134048462,5,next_close
2021-04-07,209616.56163018703,171.76025384425157,0.000819402114548931,209444.80137634277,5,next_close
2021-04-08,218418.67295449734,171.76025384425157,0.0007863808140617812,218246.91270065308,5,next_close
2021-04-09,216577.69496530056,171.76025384425157,0.0007930652963675253,216405.9347114563,5,next_close
2021-04-12,210761.09658044338,171.76025384425157,0.0008149523637475194,210589.33632659912,5,next_close
2021-04-13,208990.36465829372,171.76025384425157,0.000821857285741787,208818.60440444946,5,next_close
2021-04-14,211361.0837363577,171.76025384425157,0.0008126389721700026,211189.32348251343,5,next_close
2021-04-15,210888.69606393337,171.76025384425157,0.0008144592718814119,210716.9358100891,5,next_close
2021-04-16,213975.2624320364,171.76025384425157,0.0008027107988653907,213803.50217819214,5,next_close
2021-04-19,219151.16815179348,171.76025384425157,0.0007837523992812261,218979.40789794922,5,next_close
2021-04-20,202033.06902688503,171.76025384425157,0.0008501591084645406,201861.30877304077,5,next_close
2021-04-21,203772.64932626247,171.76025384425157,0.0008429014120008052,203600.8890724182,5,next_close
2021-04-22,204325.8726500845,171.76025384425157,0.0008406192109522873,204154.11239624023,5,next_close
2021-04-23,212566.03060143947,171.76025384425157,0.0008080324657626101,212394.27034759521,5,next_close
2021-04-26,219019.89754098415,171.76025384425157,0.0007842221449862148,218848.1372871399,5,next_close
2021-04-27,218749.550781188,171.76025384425157,0.0007851913443061688,218577.79052734375,5,next_close
2021-04-28,218811.407081542,171.76025384425157,0.0007849693767576001,218639.64682769775,5,next_close
2021-04-29,215411.21160119533,171.76025384425157,0.000797359861483173,215239.45134735107,5,next_close
2021-04-30,211043.42379373073,171.76025384425157,0.0008138621462667622,210871.66353988647,5,next_close
2021-05-03,212704.2746041441,109.69223338603479,0.0005157030040424852,212594.58237075806,5,next_close
2021-05-04,214035.338794055,109.69223338603479,0.0005124958990607657,213925.64656066895,5,next_close
2021-05-05,213073.62064677716,109.69223338603479,0.0005148090742207695,212963.9284133911,5,next_close
2021-05-06,211173.42153483868,109.69223338603479,0.0005194414741626854,211063.72930145264,5,next_close
2021-05-07,215077.97093516827,109.69223338603479,0.0005100114758805294,214968.27870178223,5,next_close
2021-05-10,208813.09418803692,109.69223338603479,0.0005253130021015662,208703.40195465088,5,next_close
2021-05-11,206422.29976207257,109.69223338603479,0.0005313972061762163,206312.60752868652,5,next_close
2021-05-12,188016.34289866925,109.69223338603479,0.0005834186097596475,187906.6506652832,5,next_close
2021-05-13,189426.52883845806,109.69223338603479,0.0005790753494700826,189316.83660507202,5,next_close
2021-05-14,197239.13241511822,109.69223338603479,0.0005561382877874946,197129.44018173218,5,next_close
2021-05-17,196259.8674958372,109.69223338603479,0.0005589132143297785,196150.17526245117,5,next_close
2021-05-18,196931.90524226666,109.69223338603479,0.0005570059013601216,196822.21300888062,5,next_close
2021-05-19,197775.37418681622,109.69223338603479,0.0005546303923683686,197665.68195343018,5,next_close
2021-05-20,202774.2321770811,109.69223338603479,0.0005409574589844406,202664.53994369507,5,next_close
2021-05-21,200235.54976970196,109.69223338603479,0.000547815977293721,200125.85753631592,5,next_close
2021-05-24,203208.7776787901,109.69223338603479,0.0005398006653011028,203099.08544540405,5,next_close
2021-05-25,206852.2325966978,109.69223338603479,0.0005302927215675888,206742.54036331177,5,next_close
2021-05-26,210489.00763255596,109.69223338603479,0.000521130460064314,210379.31539916992,5,next_close
2021-05-27,214055.2914689207,109.69223338603479,0.0005124481279266171,213945.59923553467,5,next_close
2021-05-28,212646.7676194334,109.69223338603479,0.0005158424678354255,212537.07538604736,5,next_close
2021-06-01,216716.10165368556,51.61579858303594,0.00023817242091922865,216664.48585510254,5,next_close
2021-06-02,214414.34497415065,51.61579858303594,0.0002407292226145533,214362.72917556763,5,next_close
2021-06-03,211987.74232064723,51.61579858303594,0.0002434848261413304,211936.1265220642,5,next_close
2021-06-04,214994.84005319118,51.61579858303594,0.00024007924362401368,214943.22425460815,5,next_close
2021-06-07,212752.91667138576,51.61579858303594,0.0002426091232524006,212701.30087280273,5,next_close
2021-06-08,216001.26168023585,51.61579858303594,0.00023896063468113895,215949.64588165283,5,next_close
2021-06-09,212792.93384515285,51.61579858303594,0.00024256349893928437,212741.31804656982,5,next_close
2021-06-10,210758.35990487575,51.61579858303594,0.0002449051065226184,210706.74410629272,5,next_close
2021-06-11,212197.4915271902,51.61579858303594,0.00024324415058611605,212145.87572860718,5,next_close
2021-06-14,209460.76784097194,51.61579858303594,0.0002464222733214842,209409.15204238892,5,next_close
2021-06-15,207748.016063323,51.61579858303594,0.0002484538700350481,207696.40026474,5,next_close
2021-06-16,204912.14669000148,51.61579858303594,0.00025189233247906086,204860.53089141846,5,next_close
2021-06-17,199602.88736306666,51.61579858303594,0.0002585924445529169,199551.27156448364,5,next_close
2021-06-18,194996.5888858938,51.61579858303594,0.0002647010333767426,194944.9730873108,5,next_close
2021-06-21,201281.32749520778,51.61579858303594,0.0002564360997880682,201229.71169662476,5,next_close
2021-06-22,202175.39745675563,51.61579858303594,0.0002553020754865899,202123.7816581726,5,next_close
2021-06-23,203439.858565917,51.61579858303594,0.0002537152696963353,203388.24276733398,5,next_close
2021-06-24,206433.21548043727,51.61579858303594,0.00025003630575103514,206381.59968185425,5,next_close
2021-06-25,205539.48208962916,51.61579858303594,0.0002511235216625093,205487.86629104614,5,next_close
2021-06-28,204524.45619546412,51.61579858303594,0.0002523698121153135,204472.8403968811,5,next_close
2021-06-29,206164.36844598292,51.61579858303594,0.0002503623636426766,206112.7526473999,5,next_close
2021-06-30,208093.18359338283,51.61579858303594,0.0002480417555814513,208041.5677947998,5,next_close
2021-07-01,208055.91181356908,1037.244073700902,0.004985410242177288,207018.66773986816,5,next_close
2021-07-02,208772.7855242014,1037.244073700902,0.00496829158597715,207735.5414505005,5,next_close
2021-07-06,203320.13067801,1037.244073700902,0.005101531610480539,202282.88660430908,5,next_close
2021-07-07,203586.31211264135,1037.244073700902,0.005094861550058482,202549.06803894043,5,next_close
2021-07-08,197983.7067278147,1037.244073700902,0.005239037549321627,196946.46265411377,5,next_close
2021-07-09,201188.38033468724,1037.244073700902,0.0051555863811587575,200151.13626098633,5,next_close
2021-07-12,202540.44648916723,1037.244073700902,0.00512117007580695,201503.2024154663,5,next_close
2021-07-13,199811.66590292455,1037.244073700902,0.005191108682337052,198774.42182922363,5,next_close
2021-07-14,197532.3761995554,1037.244073700902,0.005251007929216803,196495.1321258545,5,next_close
2021-07-15,194998.21907980443,1037.244073700902,0.005319248958250241,193960.97500610352,5,next_close
2021-07-16,189277.32254583837,1037.244073700902,0.0054800229618088905,188240.07847213745,5,next_close
2021-07-19,189909.4790132761,1037.244073700902,0.005461781471310291,188872.2349395752,5,next_close
2021-07-20,192872.2682359934,1037.244073700902,0.005377880828527187,191835.02416229248,5,next_close
2021-07-21,199828.74762899877,1037.244073700902,0.005190664936892088,198791.50355529785,5,next_close
2021-07-22,197085.18989737035,1037.244073700902,0.00526292246637626,196047.94582366943,5,next_close
2021-07-23,195441.03921682836,1037.244073700902,0.0053071968807439215,194403.79514312744,5,next_close
2021-07-26,192792.2202242136,1037.244073700902,0.0053801137436697765,191754.9761505127,5,next_close
2021-07-27,186643.79734213353,1037.244073700902,0.005557345534497177,185606.55326843262,5,next_close
2021-07-28,191165.69808752538,1037.244073700902,0.005425890126093641,190128.45401382446,5,next_close
2021-07-29,192749.14298803807,1037.244073700902,0.005381316137759808,191711.89891433716,5,next_close
2021-07-30,190957.9057939768,1037.244073700902,0.005431794349588111,189920.66172027588,5,next_close
2021-08-02,193594.33976886273,1258.617818331717,0.0065013151718919734,192335.721950531,5,next_close
2021-08-03,197917.94580409527,1258.617818331717,0.006359291034566073,196659.32798576355,5,next_close
2021-08-04,198591.77786967755,1258.617818331717,0.006337713634638305,197333.16005134583,5,next_close
2021-08-05,196822.61382243634,1258.617818331717,0.006394680945895678,195563.9960041046,5,next_close
2021-08-06,196566.07434031964,1258.617818331717,0.006403026679734374,195307.45652198792,5,next_close
2021-08-09,197634.2033552885,1258.617818331717,0.00636842103726899,196375.5855369568,5,next_close
2021-08-10,200347.31418368817,1258.617818331717,0.006282179641189274,199088.69636535645,5,next_close
2021-08-11,202675.29108188153,1258.617818331717,0.006210021022361483,201416.6732635498,5,next_close
2021-08-12,204381.37380931378,1258.617818331717,0.006158182592049692,203122.75599098206,5,next_close
2021-08-13,206510.7964339018,1258.617818331717,0.006094682893417461,205252.17861557007,5,next_close
2021-08-16,204122.489985919,1258.617818331717,0.006165992872311818,202863.87216758728,5,next_close
2021-08-17,198458.1751799345,1258.617818331717,0.006341980204093764,197199.55736160278,5,next_close
2021-08-18,195622.99485347272,1258.617818331717,0.006433895050397619,194364.377035141,5,next_close
2021-08-19,194916.68294665814,1258.617818331717,0.006457209302480058,193658.06512832642,5,next_close
2021-08-20,198828.420669055,1258.617818331717,0.0063301705767036965,197569.80285072327,5,next_close
2021-08-23,206204.42298076153,1258.617818331717,0.006103738223157044,204945.8051624298,5,next_close
2021-08-24,208595.16605899335,1258.617818331717,0.006033782288012197,207336.54824066162,5,next_close
2021-08-25,213316.99093005658,1258.617818331717,0.005900223010104238,212058.37311172485,5,next_close
2021-08-26,212626.3698839903,1258.617818331717,0.005919387228491101,211367.75206565857,5,next_close
2021-08-27,218298.0620474577,1258.617818331717,0.005765593182673766,217039.44422912598,5,next_close
2021-08-30,218931.74715564252,1258.617818331717,0.005748905011190282,217673.1293373108,5,next_close
2021-08-31,215005.27329204083,1258.617818331717,0.005853892786258043,213746.6554737091,5,next_close
2021-09-01,214629.64105660436,1085.4158864688652,0.005057157441653681,213544.2251701355,5,next_close
2021-09-02,216684.41655785558,1085.4158864688652,0.00500920141702509,215599.00067138672,5,next_close
2021-09-03,221449.9004827213,1085.4158864688652,0.0049014060701894745,220364.48459625244,5,next_close
2021-09-07,218153.5126538944,1085.4158864688652,0.004975468298742926,217068.09676742554,5,next_close
2021-09-08,214105.16558892248,1085.4158864688652,0.005069545536107435,213019.7497024536,5,next_close
2021-09-09,214767.5538297367,1085.4158864688652,0.005053909992984139,213682.13794326782,5,next_close
2021-09-10,211557.9383130741,1085.4158864688652,0.005130584534543025,210472.52242660522,5,next_close
2021-09-13,210578.80483300207,1085.4158864688652,0.005154440340420994,209493.3889465332,5,next_close
2021-09-14,213305.0965085697,1085.4158864688652,0.005088560490279977,212219.68062210083,5,next_close
2021-09-15,215600.75390679357,1085.4158864688652,0.005034378900818231,214515.3380203247,5,next_close
2021-09-16,217712.0526929569,1085.4158864688652,0.0049855571753744206,216626.63680648804,5,next_close
2021-09-17,215971.35554177282,1085.4158864688652,0.0050257400280979666,214885.93965530396,5,next_close
2021-09-20,210430.51039940832,1085.4158864688652,0.005158072773803989,209345.09451293945,5,next_close
2021-09-21,209367.27218300817,1085.4158864688652,0.005184267221670166,208281.8562965393,5,next_close
2021-09-22,211950.11703545568,1085.4158864688652,0.005121091234345926,210864.70114898682,5,next_close
2021-09-23,213749.62826973913,1085.4158864688652,0.0050779778905586485,212664.21238327026,5,next_close
2021-09-24,210304.33544594762,1085.4158864688652,0.0051611674298927546,209218.91955947876,5,next_close
2021-09-27,208376.12164360998,1085.4158864688652,0.0052089264254820645,207290.7057571411,5,next_close
2021-09-28,200181.0377584171,1085.4158864688652,0.005422171343615318,199095.62187194824,5,next_close
2021-09-29,199211.63087136266,1085.4158864688652,0.005448556802236879,198126.2149848938,5,next_close
2021-09-30,198405.9660802555,1085.4158864688652,0.005470681693260237,197320.55019378662,5,next_close
2021-10-01,201902.9232191181,3751.845368776296,0.01858242223023463,198151.0778503418,5,next_close
2021-10-04,195153.0552038288,3751.845368776296,0.019225142874948375,191401.2098350525,5,next_close
2021-10-05,197390.27528515813,3751.845368776296,0.01900724523209781,193638.42991638184,5,next_close
2021-10-06,200315.10516491887,3751.845368776296,0.018729717689973564,196563.25979614258,5,next_close
2021-10-07,203921.99785939214,3751.845368776296,0.018398433754867684,200170.15249061584,5,next_close
2021-10-08,200647.5486082172,3751.845368776296,0.018698685305655636,196895.70323944092,5,next_close
2021-10-11,198478.04369679448,3751.845368776296,0.018903075115491427,194726.1983280182,5,next_close
2021-10-12,201740.81130162237,3751.845368776296,0.01859735442010748,197988.96593284607,5,next_close
2021-10-13,209674.40626660344,3751.845368776296,0.017893673508276354,205922.56089782715,5,next_close
2021-10-14,213680.63521901128,3751.845368776296,0.017558190824970423,209928.78985023499,5,next_close
2021-10-15,213012.08286038396,3751.845368776296,0.017613298355640204,209260.23749160767,5,next_close
2021-10-18,216641.19918385503,3751.845368776296,0.01731824501946303,212889.35381507874,5,next_close
2021-10-19,216565.24037304876,3751.845368776296,0.01732431927816985,212813.39500427246,5,next_close
2021-10-20,214851.49283543584,3751.845368776296,0.01746250546953378,211099.64746665955,5,next_close
2021-10-21,220969.3847211933,3751.845368776296,0.016979027992996238,217217.539352417,5,next_close
2021-10-22,221215.37203541753,3751.845368776296,0.016960147634657186,217463.52666664124,5,next_close
2021-10-25,223147.57680455205,3751.845368776296,0.016813292003893993,219395.73143577576,5,next_close
2021-10-26,220773.93916836736,3751.845368776296,0.016994059094606502,217022.09379959106,5,next_close
2021-10-27,219401.77563420293,3751.845368776296,0.017100341863374665,215649.93026542664,5,next_close
2021-10-28,220846.72147694585,3751.845368776296,0.016988458527639725,217094.87610816956,5,next_close
2021-10-29,222496.62686291692,3751.845368776296,0.016862482014560413,218744.78149414062,5,next_close
2021-11-01,225214.9713994312,10548.095895891165,0.04683567806504095,214666.87550354004,5,next_close
2021-11-02,227579.80255711553,10548.095895891165,0.0463489983617677,217031.70666122437,5,next_close
2021-11-03,230969.93446743963,10548.095895891165,0.045668696751430024,220421.83857154846,5,next_close
2021-11-04,238202.49876797674,10548.095895891165,0.04428205392658635,227654.40287208557,5,next_close
2021-11-05,247679.3256093311,10548.095895891165,0.04258771243801293,237131.22971343994,5,next_close
2021-11-08,255739.2227994251,10548.095895891165,0.04124551478817928,245191.12690353394,5,next_close
2021-11-09,256937.78930485723,10548.095895891165,0.04105311221221658,246389.69340896606,5,next_close
2021-11-10,245859.61975110052,10548.095895891165,0.04290292121402319,235311.52385520935,5,next_close
2021-11-11,250661.16242611883,10548.095895891165,0.04208109383119998,240113.06653022766,5,next_close
2021-11-12,253212.2818719196,10548.095895891165,0.04165712586258603,242664.18597602844,5,next_close
2021-11-15,251667.7488728809,10548.095895891165,0.04191278359317737,241119.65297698975,5,next_close
2021-11-16,258514.53802311895,10548.095895891165,0.04080271839469179,247966.44212722778,5,next_close
2021-11-17,252520.38552678106,10548.095895891165,0.041771264818429826,241972.2896308899,5,next_close
2021-11-18,256899.00480092046,10548.095895891165,0.04105931007426531,246350.9089050293,5,next_close
2021-11-19,259292.12977040288,10548.095895891165,0.04068035503133573,248744.03387451172,5,next_close
2021-11-22,252243.99913609502,10548.095895891165,0.041817034030609684,241695.90324020386,5,next_close
2021-11-23,245746.02999508855,10548.095895891165,0.04292275198139306,235197.9340991974,5,next_close
2021-11-24,248891.96522725103,10548.095895891165,0.04238021860713831,238343.86933135986,5,next_close
2021-11-26,246628.63227475164,10548.095895891165,0.042769145652724834,236080.53637886047,5,next_close
2021-11-29,249287.47073567388,10548.095895891165,0.042312980531121806,238739.37483978271,5,next_close
2021-11-30,238395.37524998662,10548.095895891165,0.0442462270286502,227847.27935409546,5,next_close
2021-12-01,224450.15268522737,324.53546339508466,0.0014459133108731656,224125.61722183228,5,next_close
2021-12-02,229765.71637159822,324.53546339508466,0.0014124625227821897,229441.18090820312,5,next_close
2021-12-03,220067.3966389322,324.53546339508466,0.0014747094224391393,219742.8611755371,5,next_close
2021-12-06,218383.5362949991,324.53546339508466,0.0014860802645703672,218059.000831604,5,next_close
2021-12-07,225134.59778791902,324.53546339508466,0.0014415175036793016,224810.06232452393,5,next_close
2021-12-08,224034.18169600007,324.53546339508466,0.0014485979815145277,223709.64623260498,5,next_close
2021-12-09,216624.10344130037,324.53546339508466,0.0014981502900162057,216299.56797790527,5,next_close
2021-12-10,216906.43546110627,324.53546339508466,0.0014962002519896531,216581.89999771118,5,next_close
2021-12-13,207007.20234114167,324.53546339508466,0.0015677496228380496,206682.66687774658,5,next_close
2021-12-14,205794.1801243448,324.53546339508466,0.0015769904824276084,205469.6446609497,5,next_close
2021-12-15,214969.56645399568,324.53546339508466,0.0015096809690246852,214645.0309906006,5,next_close
2021-12-16,204156.6421566629,324.53546339508466,0.0015896395040923875,203832.10669326782,5,next_close
2021-12-17,202839.97451597688,324.53546339508466,0.0015999581156007409,202515.4390525818,5,next_close
2021-12-20,199527.29560286042,324.53546339508466,0.001626521636623797,199202.76013946533,5,next_close
2021-12-21,210061.03858381746,324.53546339508466,0.0015449579112006067,209736.50312042236,5,next_close
2021-12-22,212371.43893629548,324.53546339508466,0.0015281502306552376,212046.9034729004,5,next_close
2021-12-23,217457.17904860017,324.53546339508466,0.0014924108958598843,217132.64358520508,5,next_close
2021-12-27,224431.50200468538,324.53546339508466,0.0014460334689927329,224106.96654129028,5,next_close
2021-12-28,220243.660867753,324.53546339508466,0.0014735291908807967,219919.1254043579,5,next_close
2021-12-29,217328.4403019571,324.53546339508466,0.0014932949546049917,217003.904838562,5,next_close
2021-12-30,214225.85621077058,324.53546339508466,0.001514922003979686,213901.3207473755,5,next_close
2021-12-31,213955.53830152986,324.53546339508466,0.0015168360023366785,213631.00283813477,5,next_close
2022-01-03,220869.56071531292,552.4660707664152,0.0025013228123295338,220317.0946445465,5,next_close
2022-01-04,218363.574978466,552.4660707664152,0.002530028512405958,217811.10890769958,5,next_close
2022-01-05,208171.1498991203,552.4660707664152,0.0026539031514892443,207618.68382835388,5,next_close
2022-01-06,208941.85752355572,552.4660707664152,0.0026441139047695657,208389.3914527893,5,next_close
2022-01-07,201459.0679861259,552.4660707664152,0.002742324166835034,200906.6019153595,5,next_close
2022-01-10,203135.80393659588,552.4660707664152,0.002719688307329882,202583.33786582947,5,next_close
2022-01-11,206853.66002714154,552.4660707664152,0.002670806359887108,206301.19395637512,5,next_close
2022-01-12,208159.04637777325,552.4660707664152,0.002654057464136261,207606.58030700684,5,next_close
2022-01-13,202173.04194700238,552.4660707664152,0.0027326396508948934,201620.57587623596,5,next_close
2022-01-14,203097.59932004925,552.4660707664152,0.0027201999069216827,202545.13324928284,5,next_close
2022-01-18,196819.9208780479,552.4660707664152,0.002806962162680322,196267.4548072815,5,next_close
2022-01-19,189944.955504055,552.4660707664152,0.0029085587943114446,189392.48943328857,5,next_close
2022-01-20,183842.3500868034,552.4660707664152,0.003005107748598523,183289.884016037,5,next_close
2022-01-21,176652.06295644757,552.4660707664152,0.003127424959099528,176099.59688568115,5,next_close
2022-01-24,178279.45560514447,552.4660707664152,0.003098876810517213,177726.98953437805,5,next_close
2022-01-25,172177.6599355888,552.4660707664152,0.0032086977542446055,171625.1938648224,5,next_close
2022-01-26,171564.283049221,552.4660707664152,0.003220169495348372,171011.8169784546,5,next_close
2022-01-27,162657.13951932904,552.4660707664152,0.003396506740491179,162104.67344856262,5,next_close
2022-01-28,167265.3927694511,552.4660707664152,0.0033029311181417085,166712.9266986847,5,next_close
2022-01-31,177485.33885633465,552.4660707664152,0.0031127420119675822,176932.87278556824,5,next_close
2022-02-01,180142.6659124565,117059.79569036482,0.6498171607344375,63082.870222091675,5,next_close
2022-02-02,180340.43641454694,117059.79569036482,0.6491045381595978,63280.64072418213,5,next_close
2022-02-03,179024.8819997978,117059.79569036482,0.6538744468520137,61965.08630943298,5,next_close
2022-02-04,179090.00633985517,117059.79569036482,0.653636671765051,62030.21064949036,5,next_close
2022-02-07,180192.49312955854,117059.79569036482,0.6496374718906782,63132.697439193726,5,next_close
2022-02-08,180635.1772039604,117059.79569036482,0.6480454001392498,63575.38151359558,5,next_close
2022-02-09,181828.5567453575,117059.79569036482,0.6437921401658688,64768.761054992676,5,next_close
2022-02-10,180425.15190488813,117059.79569036482,0.6487997624193403,63365.356214523315,5,next_close
2022-02-11,180678.000917263,117059.79569036482,0.6478918025220427,63618.20522689819,5,next_close
2022-02-14,180815.02106458662,117059.79569036482,0.6474008354015642,63755.2253742218,5,next_close
2022-02-15,180069.5812776756,117059.79569036482,0.6500809012814508,63009.78558731079,5,next_close
2022-02-16,180746.21796590803,117059.79569036482,0.6476472758751964,63686.42227554321,5,next_close
2022-02-17,179483.4292162132,117059.79569036482,0.6522039176627816,62423.63352584839,5,next_close
2022-02-18,179459.41043645857,117059.79569036482,0.6522912083889428,62399.61474609375,5,next_close
2022-02-22,177945.61699277876,117059.79569036482,0.6578402866484497,60885.82130241394,5,next_close
2022-02-23,177406.22893125532,117059.79569036482,0.6598403922768987,60346.4332408905,5,next_close
2022-02-24,178537.6965749931,117059.79569036482,0.655658709258607,61477.900884628296,5,next_close
2022-02-25,181138.98906690595,117059.79569036482,0.6462429557179836,64079.19337654114,5,next_close
2022-02-28,181652.17863256452,117059.79569036482,0.6444172405283758,64592.38294219971,5,next_close
2022-03-01,180364.4583008003,117416.7241775703,0.650997016173498,62947.73412322998,5,next_close
2022-03-02,183042.15775606153,117416.7241775703,0.6414736671431202,65625.43357849121,5,next_close
2022-03-03,183537.52244112012,117416.7241775703,0.6397423405082645,66120.7982635498,5,next_close
2022-03-04,185705.63803026197,117416.7241775703,0.6322733408795939,68288.91385269165,5,next_close
2022-03-07,185928.83700868604,117416.7241775703,0.6315143259465714,68512.11283111572,5,next_close
2022-03-08,185847.25005266187,117416.7241775703,0.6317915607806894,68430.52587509155,5,next_close
2022-03-09,185081.7388374519,117416.7241775703,0.6344046955420685,67665.01465988159,5,next_close
2022-03-10,187940.36059114453,117416.7241775703,0.6247552351620996,70523.63641357422,5,next_close
2022-03-11,188055.8339798164,117416.7241775703,0.6243716118382818,70639.1098022461,5,next_close
2022-03-14,185412.29830095288,117416.7241775703,0.6332736568907892,67995.57412338257,5,next_close
2022-03-15,184363.18479463574,117416.7241775703,0.6368772827848582,66946.46061706543,5,next_close
2022-03-16,184164.27424928662,117416.7241775703,0.6375651556535543,66747.55007171631,5,next_close
2022-03-17,186411.472933979,117416.7241775703,0.6298792790460679,68994.74875640869,5,next_close
2022-03-18,187029.66569063184,117416.7241775703,0.6277973269320323,69612.94151306152,5,next_close
2022-03-21,189239.91019746778,117416.7241775703,0.6204649117358408,71823.18601989746,5,next_close
2022-03-22,188898.43326112744,117416.7241775703,0.621586543363528,71481.70908355713,5,next_close
2022-03-23,189550.86725923535,117416.7241775703,0.619447042766561,72134.14308166504,5,next_close
2022-03-24,189409.42247316358,117416.7241775703,0.6199096256375866,71992.69829559326,5,next_close
2022-03-25,190548.8984558296,117416.7241775703,0.6162025869952128,73132.17427825928,5,next_close
2022-03-28,188702.18999025342,117416.7241775703,0.6222329702884474,71285.4658126831,5,next_close
2022-03-29,188126.05089113233,117416.7241775703,0.6241385689083476,70709.32671356201,5,next_close
2022-03-30,188284.09382936475,117416.7241775703,0.6236146760436436,70867.36965179443,5,next_close
2022-03-31,187108.31479188916,117416.7241775703,0.6275334386297413,69691.59061431885,5,next_close
2022-04-01,186881.85269108767,56424.714663896506,0.3019272008029883,130457.13802719116,5,next_close
2022-04-04,187084.4157213306,56424.714663896506,0.3016002933560393,130659.70105743408,5,next_close
2022-04-05,186352.10533467287,56424.714663896506,0.30278549610460487,129927.39067077637,5,next_close
2022-04-06,187967.63997975344,56424.714663896506,0.3001831308302545,131542.92531585693,5,next_close
2022-04-07,190416.72808781618,56424.714663896506,0.2963222571384307,133992.01342391968,5,next_close
2022-04-08,193864.3492921924,56424.714663896506,0.2910525574707558,137439.6346282959,5,next_close
2022-04-11,192244.99599781985,56424.714663896506,0.2935042047312191,135820.28133392334,5,next_close
2022-04-12,193519.40442601198,56424.714663896506,0.29157135343225643,137094.68976211548,5,next_close
2022-04-13,194559.90351811404,56424.714663896506,0.2900120407319344,138135.18885421753,5,next_close
2022-04-14,195503.32232991213,56424.714663896506,0.2886125616253197,139078.60766601562,5,next_close
2022-04-18,196893.91521397585,56424.714663896506,0.2865741920088112,140469.20055007935,5,next_close
2022-04-19,195549.96777668947,56424.714663896506,0.28854371752355057,139125.25311279297,5,next_close
2022-04-20,193762.6234392261,56424.714663896506,0.29120536077792214,137337.9087753296,5,next_close
2022-04-21,186134.9578985309,56424.714663896506,0.30313872955909615,129710.2432346344,5,next_close
2022-04-22,183111.39401188845,56424.714663896506,0.30814420352363847,126686.67934799194,5,next_close
2022-04-25,178829.20451107973,56424.714663896506,0.3155229304864497,122404.48984718323,5,next_close
2022-04-26,178415.07693234438,56424.714663896506,0.3162553055159848,121990.36226844788,5,next_close
2022-04-27,179531.55077496523,56424.714663896506,0.31428857167630864,123106.83611106873,5,next_close
2022-04-28,181425.95161000246,56424.714663896506,0.31100685521103627,125001.23694610596,5,next_close
2022-04-29,177951.07164135927,56424.714663896506,0.31707993744266,121526.35697746277,5,next_close
2022-05-02,177970.00701624865,133392.44781977648,0.7495220686685581,44577.55919647217,5,next_close
2022-05-03,179573.1359129619,133392.44781977648,0.7428307532838935,46180.688093185425,5,next_close
2022-05-04,180386.77344996447,133392.44781977648,0.7394802028363613,46994.32563018799,5,next_close
2022-05-05,179421.4173708629,133392.44781977648,0.7434588901059407,46028.969551086426,5,next_close
2022-05-06,179230.1922827434,133392.44781977648,0.7442521046305866,45837.74446296692,5,next_close
2022-05-09,175629.97182757373,133392.44781977648,0.759508450816901,42237.52400779724,5,next_close
2022-05-10,175995.74533755297,133392.44781977648,0.7579299577040057,42603.29751777649,5,next_close
2022-05-11,176952.01886088366,133392.44781977648,0.7538339979305188,43559.57104110718,5,next_close
2022-05-12,176300.6327200603,133392.44781977648,0.7566192234351435,42908.18490028381,5,next_close
2022-05-13,177819.0282431316,133392.44781977648,0.7501584568181829,44426.5804233551,5,next_close
2022-05-16,178229.76035029406,133392.44781977648,0.7484297098172943,44837.31253051758,5,next_close
2022-05-17,179054.43538577075,133392.44781977648,0.7449826502894719,45661.98756599426,5,next_close
2022-05-18,177378.05724818225,133392.44781977648,0.7520233894158488,43985.60942840576,5,next_close
2022-05-19,177659.8461752605,133392.44781977648,0.7508305939215186,44267.39835548401,5,next_close
2022-05-20,176771.92237765307,133392.44781977648,0.754602009332674,43379.47455787659,5,next_close
2022-05-23,177954.2339373302,133392.44781977648,0.7495885030010191,44561.78611755371,5,next_close
2022-05-24,177609.35109049792,133392.44781977648,0.7510440582140777,44216.903270721436,5,next_close
2022-05-25,178110.76402766223,133392.44781977648,0.7489297378964666,44718.31620788574,5,next_close
2022-05-26,178304.67681986804,133392.44781977648,0.7481152496888006,44912.22900009155,5,next_close
2022-05-27,178808.67706782336,133392.44781977648,0.7460065697437033,45416.229248046875,5,next_close
2022-05-31,178835.30886942858,133392.44781977648,0.7458954759161632,45442.8610496521,5,next_close
2022-06-01,178407.34266986846,116959.87909259796,0.6555777208622228,61447.46357727051,5,next_close
2022-06-02,178641.59118976592,116959.87909259796,0.6547180772049593,61681.71209716797,5,next_close
2022-06-03,179309.09014453887,116959.87909259796,0.6522808129711551,62349.21105194092,5,next_close
2022-06-06,179651.64230670928,116959.87909259796,0.6510370714725716,62691.76321411133,5,next_close
2022-06-07,180757.777453804,116959.87909259796,0.6470530935936586,63797.898361206055,5,next_close
2022-06-08,180517.5966753006,116959.87909259796,0.6479140053197986,63557.71758270264,5,next_close
2022-06-09,178860.02178516387,116959.87909259796,0.6539185108290061,61900.14269256592,5,next_close
2022-06-10,177727.0273241043,116959.87909259796,0.6580871849013097,60767.14823150635,5,next_close
2022-06-13,174751.36177768707,116959.87909259796,0.6692930910683859,57791.48268508911,5,next_close
2022-06-14,175181.6844133377,116959.87909259796,0.6676490152739566,58221.805320739746,5,next_close
2022-06-15,174171.04376544952,116959.87909259796,0.671523099155931,57211.16467285156,5,next_close
2022-06-16,171156.06128253936,116959.87909259796,0.6833522471607012,54196.182189941406,5,next_close
2022-06-17,169553.05911197662,116959.87909259796,0.6898128509457033,52593.18001937866,5,next_close
2022-06-21,171308.90509738922,116959.87909259796,0.6827425522689915,54349.02600479126,5,next_close
2022-06-22,169758.34531726837,116959.87909259796,0.6889786706745216,52798.46622467041,5,next_close
2022-06-23,166987.02318134307,116959.87909259796,0.7004129833824447,50027.14408874512,5,next_close
2022-06-24,167680.62586917877,116959.87909259796,0.6975157594166415,50720.74677658081,5,next_close
2022-06-27,169660.6168893814,116959.87909259796,0.6893755382774289,52700.73779678345,5,next_close
2022-06-28,170789.39123096465,116959.87909259796,0.6848193453329247,53829.5121383667,5,next_close
2022-06-29,169007.793910408,116959.87909259796,0.6920383751923243,52047.91481781006,5,next_close
2022-06-30,167947.28077640533,116959.87909259796,0.696408292839889,50987.40168380737,5,next_close
2022-07-01,168454.55723531725,126455.07884176257,0.7506776956180246,41999.47839355469,5,next_close
2022-07-05,168047.9176631737,126455.07884176257,0.752494173091882,41592.83882141113,5,next_close
2022-07-06,167618.41825826647,126455.07884176257,0.7544223370901912,41163.339416503906,5,next_close
2022-07-07,168513.58042104723,126455.07884176257,0.7504147649453683,42058.50157928467,5,next_close
2022-07-08,168623.91951711656,126455.07884176257,0.7499237308911353,42168.840675354004,5,next_close
2022-07-11,168208.42172964098,126455.07884176257,0.7517761449840605,41753.34288787842,5,next_close
2022-07-12,167628.18193777086,126455.07884176257,0.7543783949688537,41173.1030960083,5,next_close
2022-07-13,167439.89289052965,126455.07884176257,0.7552267064840844,40984.81404876709,5,next_close
2022-07-14,166923.95259817125,126455.07884176257,0.7575610143031561,40468.87375640869,5,next_close
2022-07-15,167742.9360500145,126455.07884176257,0.7538623194484835,41287.85720825195,5,next_close
2022-07-18,167913.50891836168,126455.07884176257,0.7530965177033142,41458.43007659912,5,next_close
2022-07-19,168050.92372854234,126455.07884176257,0.7524807126084545,41595.844886779785,5,next_close
2022-07-20,167707.66169698717,126455.07884176257,0.7540208811106113,41252.58285522461,5,next_close
2022-07-21,167142.25869710924,126455.07884176257,0.756571556633808,40687.17985534668,5,next_close
2022-07-22,166649.43766744615,126455.07884176257,0.7588089141597189,40194.358825683594,5,next_close
2022-07-25,167723.36192281725,126455.07884176257,0.7539502988257207,41268.28308105469,5,next_close
2022-07-26,167385.2889018822,126455.07884176257,0.75547307455369,40930.21006011963,5,next_close
2022-07-27,167994.62321432115,126455.07884176257,0.75273289360241,41539.544372558594,5,next_close
2022-07-28,167572.733649807,126455.07884176257,0.7546280118937967,41117.65480804443,5,next_close
2022-07-29,168291.1989208031,126455.07884176257,0.751406369748852,41836.12007904053,5,next_close
2022-08-01,167719.7586554146,51335.12498842241,0.3060767878511679,116384.63366699219,5,next_close
2022-08-02,169682.17292390825,51335.12498842241,0.3025369377574094,118347.04793548584,5,next_close
2022-08-03,168969.9084814644,51335.12498842241,0.30381223171493726,117634.78349304199,5,next_close
2022-08-04,168391.12656770708,51335.12498842241,0.3048564733473736,117056.00157928467,5,next_close
2022-08-05,168034.25925813676,51335.12498842241,0.3055039205401597,116699.13426971436,5,next_close
2022-08-08,166220.95698152544,51335.12498842241,0.30883665887044576,114885.83199310303,5,next_close
2022-08-09,165188.85654054643,51335.12498842241,0.31076627118501754,113853.73155212402,5,next_close
2022-08-10,168779.41730867387,51335.12498842241,0.3041551263003691,117444.29232025146,5,next_close
2022-08-11,168668.09335695268,51335.12498842241,0.3043558741117786,117332.96836853027,5,next_close
2022-08-12,169630.0207861519,51335.12498842241,0.3026299516471748,118294.89579772949,5,next_close
2022-08-15,169050.87510286333,51335.12498842241,0.3036667213771371,117715.75011444092,5,next_close
2022-08-16,167096.72063814165,51335.12498842241,0.3072180279324082,115761.59564971924,5,next_close
2022-08-17,167195.08082948686,51335.12498842241,0.3070372928063374,115859.95584106445,5,next_close
2022-08-18,168600.3123587227,51335.12498842241,0.30447823180302985,117265.1873703003,5,next_close
2022-08-19,166218.4037436104,51335.12498842241,0.30884140283049605,114883.27875518799,5,next_close
2022-08-22,166447.72831331255,51335.12498842241,0.3084158943388632,115112.60332489014,5,next_close
2022-08-23,169357.67309938432,51335.12498842241,0.3031166173279753,118022.54811096191,5,next_close
2022-08-24,170434.76488862993,51335.12498842241,0.3012010197682802,119099.63990020752,5,next_close
2022-08-25,172288.83619295122,51335.12498842241,0.2979596712286728,120953.71120452881,5,next_close
2022-08-26,168854.40481172563,51335.12498842241,0.30402005233835383,117519.27982330322,5,next_close
2022-08-29,168018.62684999467,51335.12498842241,0.3055323445432862,116683.50186157227,5,next_close
2022-08-30,166894.81775270464,51335.12498842241,0.3075896884017568,115559.69276428223,5,next_close
2022-08-31,167356.77019868852,51335.12498842241,0.3067406530818954,116021.64521026611,5,next_close
2022-09-01,165089.64620365622,107336.23031582357,0.6501693642459718,57753.41588783264,5,next_close
2022-09-02,164477.0273567629,107336.23031582357,0.6525910155404457,57140.79704093933,5,next_close
2022-09-06,165041.7962719393,107336.23031582357,0.6503578653431868,57705.56595611572,5,next_close
2022-09-07,166766.58410610678,107336.23031582357,0.6436315218133263,59430.3537902832,5,next_close
2022-09-08,167213.71228565695,107336.23031582357,0.6419104560782515,59877.481969833374,5,next_close
2022-09-09,166838.51503529074,107336.23031582357,0.6433540258561947,59502.28471946716,5,next_close
2022-09-12,167145.19303669455,107336.23031582357,0.6421735998848577,59808.96272087097,5,next_close
2022-09-13,166067.96321072103,107336.23031582357,0.646339174881228,58731.73289489746,5,next_close
2022-09-14,167736.7452560854,107336.23031582357,0.6399088652397079,60400.51494026184,5,next_close
2022-09-15,166450.6300331545,107336.23031582357,0.6448532534508508,59114.39971733093,5,next_close
2022-09-16,165905.17074169638,107336.23031582357,0.64697338748374,58568.9404258728,5,next_close
2022-09-19,166362.18906750204,107336.23031582357,0.6451960683943124,59025.95875167847,5,next_close
2022-09-20,164820.5715290499,107336.23031582357,0.6512307858179305,57484.34121322632,5,next_close
2022-09-21,163631.4047523928,107336.23031582357,0.6559635082168052,56295.174436569214,5,next_close
2022-09-22,162189.95510448935,107336.23031582357,0.6617933289806587,54853.72478866577,5,next_close
2022-09-23,161299.35148014547,107336.23031582357,0.6654473767616835,53963.1211643219,5,next_close
2022-09-26,160891.28975452902,107336.23031582357,0.6671351226010177,53555.059438705444,5,next_close
2022-09-27,161830.2311760378,107336.23031582357,0.6632643946424569,54494.00086021423,5,next_close
2022-09-28,162996.40705265524,107336.23031582357,0.6585189959503163,55660.176736831665,5,next_close
2022-09-29,161337.38640751364,107336.23031582357,0.6652904990335509,54001.15609169006,5,next_close
2022-09-30,161063.68316235067,107336.23031582357,0.6664210591013846,53727.4528465271,5,next_close
2022-10-03,162622.14806172374,122915.00744053844,0.7558319017769072,39707.1406211853,5,next_close
2022-10-04,163368.43853184703,122915.00744053844,0.7523791531898457,40453.431091308594,5,next_close
2022-10-05,162580.2476062489,122915.00744053844,0.7560266960487402,39665.24016571045,5,next_close
2022-10-06,162892.97307393077,122915.00744053844,0.7545752595770482,39977.965633392334,5,next_close
2022-10-07,162269.6012401295,122915.00744053844,0.7574740216354299,39354.593799591064,5,next_close
2022-10-10,161985.09905049327,122915.00744053844,0.7588044095477197,39070.091609954834,5,next_close
2022-10-11,161634.86236760142,122915.00744053844,0.760448616344885,38719.85492706299,5,next_close
2022-10-12,161597.5390071583,122915.00744053844,0.7606242532882488,38682.53156661987,5,next_close
2022-10-13,162896.72534749034,122915.00744053844,0.7545578781791767,39981.717906951904,5,next_close
2022-10-14,161597.02349659923,122915.00744053844,0.7606266797551822,38682.01605606079,5,next_close
2022-10-17,162401.72659489635,122915.00744053844,0.756857762646479,39486.71915435791,5,next_close
2022-10-18,162791.65001484874,122915.00744053844,0.755044914338831,39876.6425743103,5,next_close
2022-10-19,162484.41176793101,122915.00744053844,0.7564726123764554,39569.40432739258,5,next_close
2022-10-20,162333.207975359,122915.00744053844,0.7571772219224303,39418.20053482056,5,next_close
2022-10-21,163421.64270207408,122915.00744053844,0.7521342057772525,40506.635261535645,5,next_close
2022-10-24,164010.87555119517,122915.00744053844,0.7494320545967157,41095.86811065674,5,next_close
2022-10-25,164346.2860812855,122915.00744053844,0.7479025560683786,41431.27864074707,5,next_close
2022-10-26,166019.8177547169,122915.00744053844,0.7403634644517987,43104.81031417847,5,next_close
2022-10-27,166210.30329319957,122915.00744053844,0.7395149699216478,43295.29585266113,5,next_close
2022-10-28,167115.55481144908,122915.00744053844,0.7355090768134621,44200.547370910645,5,next_close
2022-10-31,167158.80861851695,122915.00744053844,0.7353187573922597,44243.801177978516,5,next_close
2022-11-01,166737.5698869896,77123.52381307604,0.4625443675672397,89614.04607391357,5,next_close
2022-11-02,164790.23024160386,77123.52381307604,0.46801029223639623,87666.70642852783,5,next_close
2022-11-03,166322.1009958458,77123.52381307604,0.4636997930599875,89198.57718276978,5,next_close
2022-11-04,165872.8177889061,77123.52381307604,0.4649557705785487,88749.29397583008,5,next_close
2022-11-07,166064.12645895005,77123.52381307604,0.46442013370142565,88940.60264587402,5,next_close
2022-11-08,166313.5822961998,77123.52381307604,0.4637235440922751,89190.05848312378,5,next_close
2022-11-09,163905.9306505394,77123.52381307604,0.4705352851295514,86782.40683746338,5,next_close
2022-11-10,167765.0545519066,77123.52381307604,0.45971149366636416,90641.53073883057,5,next_close
2022-11-11,168085.41618139268,77123.52381307604,0.4588353086495421,90961.89236831665,5,next_close
2022-11-14,169057.51176626206,77123.52381307604,0.4561969652061754,91933.98795318604,5,next_close
2022-11-15,170423.5991762352,77123.52381307604,0.4525401657156796,93300.07536315918,5,next_close
2022-11-16,170488.77993185044,77123.52381307604,0.4523671519258022,93365.25611877441,5,next_close
2022-11-17,171125.91904623032,77123.52381307604,0.4506828903705746,94002.3952331543,5,next_close
2022-11-18,170567.1288965416,77123.52381307604,0.4521593598486126,93443.60508346558,5,next_close
2022-11-21,169584.6274889183,77123.52381307604,0.45477897941024026,92461.10367584229,5,next_close
2022-11-22,171576.89275533677,77123.52381307604,0.4494983128238122,94453.36894226074,5,next_close
2022-11-23,171868.8687112999,77123.52381307604,0.4487346916946651,94745.34489822388,5,next_close
2022-11-25,172771.75922185899,77123.52381307604,0.44638964238386025,95648.23540878296,5,next_close
2022-11-28,170099.238405056,77123.52381307604,0.4534031106560418,92975.71459197998,5,next_close
2022-11-29,169359.04550344468,77123.52381307604,0.45538473356303477,92235.52169036865,5,next_close
2022-11-30,172566.59004766465,77123.52381307604,0.4469203673305113,95443.06623458862,5,next_close
2022-12-01,171820.19313046458,4828.673709840805,0.028103062986166886,166991.51942062378,5,next_close
2022-12-02,174264.63999173167,4828.673709840805,0.027708855394128783,169435.96628189087,5,next_close
2022-12-05,170929.84876248363,4828.673709840805,0.028249447038068295,166101.17505264282,5,next_close
2022-12-06,166565.3416976643,4828.673709840805,0.028989666521414856,161736.6679878235,5,next_close
2022-12-07,167294.752525301,4828.673709840805,0.028863270586508893,162466.0788154602,5,next_close
2022-12-08,168743.0092391682,4828.673709840805,0.028615548173595007,163914.3355293274,5,next_close
2022-12-09,166370.6553039265,4828.673709840805,0.029023590133847622,161541.9815940857,5,next_close
2022-12-12,168564.6152686787,4828.673709840805,0.02864583235422381,163735.9415588379,5,next_close
2022-12-13,170526.45445630077,4828.673709840805,0.02831627342066274,165697.78074645996,5,next_close
2022-12-14,170915.8800697041,4828.673709840805,0.028251755822054345,166087.20635986328,5,next_close
2022-12-15,165895.673152895,4828.673709840805,0.029106688668067537,161066.9994430542,5,next_close
2022-12-16,165278.55590817455,4828.673709840805,0.02921536725262483,160449.88219833374,5,next_close
2022-12-19,165487.5446510029,4828.673709840805,0.02917847213229253,160658.8709411621,5,next_close
2022-12-20,166754.57554242137,4828.673709840805,0.028956768917038914,161925.90183258057,5,next_close
2022-12-21,169910.45563122752,4828.673709840805,0.028418932148124684,165081.78192138672,5,next_close
2022-12-22,165062.36705014232,4828.673709840805,0.029253631800723903,160233.6933403015,5,next_close
2022-12-23,165772.37818905833,4828.673709840805,0.029128337076360512,160943.70447921753,5,next_close
2022-12-27,162819.2438735676,4828.673709840805,0.029656652340127352,157990.5701637268,5,next_close
2022-12-28,160535.41948315623,4828.673709840805,0.030078556653645155,155706.74577331543,5,next_close
2022-12-29,161011.75132367137,4828.673709840805,0.02998957324632808,156183.07761383057,5,next_close
2022-12-30,161928.8312034321,4828.673709840805,0.02981972804938309,157100.1574935913,5,next_close
2023-01-03,156550.15267460825,104764.43710988047,0.6692068664259616,51785.71556472778,5,next_close
2023-01-04,156539.54960911753,104764.43710988047,0.6692521945507025,51775.11249923706,5,next_close
2023-01-05,156977.22531788828,104764.43710988047,0.667386220502536,52212.78820800781,5,next_close
2023-01-06,157386.6947202015,104764.43710988047,0.6656498968742454,52622.257610321045,5,next_close
2023-01-09,157280.4501752186,104764.43710988047,0.6660995501549457,52516.013065338135,5,next_close
2023-01-10,158266.75353520396,104764.43710988047,0.6619484810913068,53502.316425323486,5,next_close
2023-01-11,158660.21506016733,104764.43710988047,0.6603069148125859,53895.777950286865,5,next_close
2023-01-12,159525.70740406992,104764.43710988047,0.6567244791744935,54761.27029418945,5,next_close
2023-01-13,159731.00785725596,104764.43710988047,0.655880398648104,54966.57074737549,5,next_close
2023-01-17,159772.84210865977,104764.43710988047,0.6557086656731769,55008.4049987793,5,next_close
2023-01-18,158285.58014958384,104764.43710988047,0.6618697484058589,53521.14303970337,5,next_close
2023-01-19,157675.34097187998,104764.43710988047,0.6644313338035799,52910.90386199951,5,next_close
2023-01-20,158558.1108845997,104764.43710988047,0.6607321222824681,53793.67377471924,5,next_close
2023-01-23,158629.25300114634,104764.43710988047,0.6604357968521947,53864.81589126587,5,next_close
2023-01-24,158971.49785511973,104764.43710988047,0.659013964914381,54207.06074523926,5,next_close
2023-01-25,159023.9027585316,104764.43710988047,0.6587967927624006,54259.46564865112,5,next_close
2023-01-26,159902.04144185068,104764.43710988047,0.6551788592891646,55137.604331970215,5,next_close
2023-01-27,159202.33446400645,104764.43710988047,0.6580584227146891,54437.89735412598,5,next_close
2023-01-30,158571.8011769581,104764.43710988047,0.6606750779917588,53807.36406707764,5,next_close
2023-01-31,159585.88844578745,104764.43710988047,0.6564768234220769,54821.45133590698,5,next_close
2023-02-01,159314.09800389293,9751.615799455656,0.06120999912523354,149562.48220443726,5,next_close
2023-02-02,153931.2298817921,9751.615799455656,0.06335047025184026,144179.61408233643,5,next_close
2023-02-03,154645.91734364512,9751.615799455656,0.0630576995950445,144894.30154418945,5,next_close
2023-02-06,156381.68742802623,9751.615799455656,0.062357786003196705,146630.07162857056,5,next_close
2023-02-07,156742.54430439952,9751.615799455656,0.06221422424098001,146990.92850494385,5,next_close
2023-02-08,157757.31711628917,9751.615799455656,0.06181403168936598,148005.7013168335,5,next_close
2023-02-09,157335.98716786387,9751.615799455656,0.061979563448834665,147584.3713684082,5,next_close
2023-02-10,158972.60475972178,9751.615799455656,0.06134148593837711,149220.9889602661,5,next_close
2023-02-13,160041.46756794932,9751.615799455656,0.06093180691007711,150289.85176849365,5,next_close
2023-02-14,158125.12408497813,9751.615799455656,0.061670249151646726,148373.50828552246,5,next_close
2023-02-15,158231.38824513438,9751.615799455656,0.061628832986969126,148479.7724456787,5,next_close
2023-02-16,157223.9034276295,9751.615799455656,0.06202374821424241,147472.28762817383,5,next_close
2023-02-17,157038.08049824717,9751.615799455656,0.06209714082416145,147286.4646987915,5,next_close
2023-02-21,156051.83668950084,9751.615799455656,0.06248959324239562,146300.22089004517,5,next_close
2023-02-22,156473.05413105967,9751.615799455656,0.06232137446034534,146721.438331604,5,next_close
2023-02-23,158090.7989392567,9751.615799455656,0.06168363918005452,148339.18313980103,5,next_close
2023-02-24,157530.01692631724,9751.615799455656,0.061903223206132556,147778.40112686157,5,next_close
2023-02-27,158574.5963826466,9751.615799455656,0.06149544770667196,148822.98058319092,5,next_close
2023-02-28,159442.9405293751,9751.615799455656,0.06116053659747362,149691.32472991943,5,next_close
2023-03-01,160994.8163763714,11997.56219546319,0.07452141917051204,148997.2541809082,5,next_close
2023-03-02,162087.1467215252,11997.56219546319,0.07401920780353839,150089.584526062,5,next_close
2023-03-03,163750.41603152276,11997.56219546319,0.0732673692453618,151752.85383605957,5,next_close
2023-03-06,162294.48876254083,11997.56219546319,0.07392464332548762,150296.92656707764,5,next_close
2023-03-07,161947.47126833917,11997.56219546319,0.07408304743198989,149949.90907287598,5,next_close
2023-03-08,162471.74192873956,11997.56219546319,0.07384399313405124,150474.17973327637,5,next_close
2023-03-09,158414.48508517267,11997.56219546319,0.0757352598723066,146416.92288970947,5,next_close
2023-03-10,153406.83417574884,11997.56219546319,0.07820748182390828,141409.27198028564,5,next_close
2023-03-13,150772.9837691021,11997.56219546319,0.07957368684721784,138775.42157363892,5,next_close
2023-03-14,153188.8458220196,11997.56219546319,0.07831877139019898,141191.2836265564,5,next_close
2023-03-15,146235.77002779962,11997.56219546319,0.08204259596118266,134238.20783233643,5,next_close
2023-03-16,148759.3465162945,11997.56219546319,0.08065081271480999,136761.7843208313,5,next_close
2023-03-17,146560.92874209405,11997.56219546319,0.08186057702032934,134563.36654663086,5,next_close
2023-03-20,149926.62712542535,11997.56219546319,0.08002289136689703,137929.06492996216,5,next_close
2023-03-21,152888.34947268487,11997.56219546319,0.07847270401468152,140890.78727722168,5,next_close
2023-03-22,149940.76944415094,11997.56219546319,0.08001534365829682,137943.20724868774,5,next_close
2023-03-23,149571.90431658746,11997.56219546319,0.08021267262913805,137574.34212112427,5,next_close
2023-03-24,148235.0083319378,11997.56219546319,0.08093609148385138,136237.4461364746,5,next_close
2023-03-27,149987.9888121319,11997.56219546319,0.079990153148135,137990.4266166687,5,next_close
2023-03-28,150347.3523489666,11997.56219546319,0.0797989589308897,138349.79015350342,5,next_close
2023-03-29,152329.6140677166,11997.56219546319,0.07876053693755039,140332.05187225342,5,next_close
2023-03-30,154003.71836153985,11997.56219546319,0.07790436700559175,142006.15616607666,5,next_close
2023-03-31,157106.12039248468,11997.56219546319,0.07636597584798552,145108.55819702148,5,next_close
2023-04-03,157918.55521858216,2702.3774956512643,0.01711247606027539,155216.1777229309,5,next_close
2023-04-04,154460.58731163025,2702.3774956512643,0.017495579569428363,151758.209815979,5,next_close
2023-04-05,151077.3502014923,2702.3774956512643,0.01788737684402788,148374.97270584106,5,next_close
2023-04-06,150775.86509788514,2702.3774956512643,0.017923143693434323,148073.4876022339,5,next_close
2023-04-10,154091.17533958436,2702.3774956512643,0.017537522766607472,151388.7978439331,5,next_close
2023-04-11,152641.41289604187,2702.3774956512643,0.01770409120552198,149939.03540039062,5,next_close
2023-04-12,151297.41135490418,2702.3774956512643,0.01786135976452494,148595.03385925293,5,next_close
2023-04-13,153341.60111320496,2702.3774956512643,0.017623250807562815,150639.2236175537,5,next_close
2023-04-14,152587.18291557312,2702.3774956512643,0.01771038329704597,149884.80541992188,5,next_close
2023-04-17,152635.31383979798,2702.3774956512643,0.017704798631905123,149932.93634414673,5,next_close
2023-04-18,153839.42316139222,2702.3774956512643,0.017566222234311247,151137.04566574097,5,next_close
2023-04-19,151659.93278587342,2702.3774956512643,0.017818664732409673,148957.55529022217,5,next_close
2023-04-20,147283.74039543152,2702.3774956512643,0.018348104742559126,144581.36289978027,5,next_close
2023-04-21,147645.8856476593,2702.3774956512643,0.01830310058283772,144943.50815200806,5,next_close
2023-04-24,145320.55314338685,2702.3774956512643,0.018595975842349333,142618.1756477356,5,next_close
2023-04-25,140789.9361504364,2702.3774956512643,0.01919439392858115,138087.55865478516,5,next_close
2023-04-26,139723.5452584076,2702.3774956512643,0.019340888399685476,137021.16776275635,5,next_close
2023-04-27,134535.64144981385,2702.3774956512643,0.020086703170470545,131833.2639541626,5,next_close
2023-04-28,132247.2054146576,2702.3774956512643,0.020434288098398992,129544.82791900635,5,next_close
2023-05-01,132680.15260437492,1803.4617188310876,0.01359255083319539,130876.69088554382,5,next_close
2023-05-02,131848.98066833976,1803.4617188310876,0.013678237857352992,130045.51894950867,5,next_close
2023-05-03,132463.67896584037,1803.4617188310876,0.013614763933109264,130660.21724700928,5,next_close
2023-05-04,130787.86205223564,1803.4617188310876,0.013789213238387514,128984.40033340454,5,next_close
2023-05-05,133880.6287148333,1803.4617188310876,0.013470669626690163,132077.1669960022,5,next_close
2023-05-08,133726.89640549186,1803.4617188310876,0.013486155495320562,131923.43468666077,5,next_close
2023-05-09,132688.19822815422,1803.4617188310876,0.013591726641204954,130884.73650932312,5,next_close
2023-05-10,133153.90670898918,1803.4617188310876,0.013544189302478322,131350.44499015808,5,next_close
2023-05-11,132684.98486069206,1803.4617188310876,0.013592055805896718,130881.52314186096,5,next_close
2023-05-12,132583.8132069445,1803.4617188310876,0.013602427590584833,130780.3514881134,5,next_close
2023-05-15,133981.56451157096,1803.4617188310876,0.013460521418790691,132178.10279273987,5,next_close
2023-05-16,132417.75953606132,1803.4617188310876,0.01361948521972954,130614.29781723022,5,next_close
2023-05-17,132974.77911499504,1803.4617188310876,0.013562434401725722,131171.31739616394,5,next_close
2023-05-18,134506.66178635124,1803.4617188310876,0.013407973217681102,132703.20006752014,5,next_close
2023-05-19,133097.5962059832,1803.4617188310876,0.013549919534534884,131294.1344871521,5,next_close
2023-05-22,131947.13914612297,1803.4617188310876,0.01366806230511652,130143.67742729187,5,next_close
2023-05-23,130166.2461102343,1803.4617188310876,0.013855064371325453,128362.7843914032,5,next_close
2023-05-24,129595.73219612602,1803.4617188310876,0.01391605794627393,127792.27047729492,5,next_close
2023-05-25,132914.32079819206,1803.4617188310876,0.013568603503375227,131110.85907936096,5,next_close
2023-05-26,132097.97352341178,1803.4617188310876,0.01365245560342725,130294.51180458069,5,next_close
2023-05-30,132084.34137657646,1803.4617188310876,0.013653864644631596,130280.87965774536,5,next_close
2023-05-31,130357.25074890617,1803.4617188310876,0.013834763378869592,128553.78903007507,5,next_close
2023-06-01,131948.12654675962,232.91720380308834,0.00176521796783941,131715.20934295654,5,next_close
2023-06-02,133116.5140055609,232.91720380308834,0.0017497243339271813,132883.5968017578,5,next_close
2023-06-05,131912.13860120298,232.91720380308834,0.0017656995502684106,131679.2213973999,5,next_close
2023-06-06,132734.19179334166,232.91720380308834,0.0017547641693236435,132501.27458953857,5,next_close
2023-06-07,132943.13825788023,232.91720380308834,0.0017520062099879166,132710.22105407715,5,next_close
2023-06-08,134607.03719892027,232.91720380308834,0.0017303493832858587,134374.1199951172,5,next_close
2023-06-09,133745.7684534979,232.91720380308834,0.0017414921346395446,133512.85124969482,5,next_close
2023-06-12,137736.86102857115,232.91720380308834,0.0016910302882158297,137503.94382476807,5,next_close
2023-06-13,137380.07727612974,232.91720380308834,0.0016954219885532012,137147.16007232666,5,next_close
2023-06-14,138420.57055463316,232.91720380308834,0.0016826776747835925,138187.65335083008,5,next_close
2023-06-15,138734.351201911,232.91720380308834,0.0016788719000394188,138501.4339981079,5,next_close
2023-06-16,136665.4453715277,232.91720380308834,0.0017042874529834397,136432.5281677246,5,next_close
2023-06-20,137324.03098096373,232.91720380308834,0.0016961139440727314,137091.11377716064,5,next_close
2023-06-21,137749.38794507505,232.91720380308834,0.0016908765060789936,137516.47074127197,5,next_close
2023-06-22,139282.16071118833,232.91720380308834,0.0016722687429157497,139049.24350738525,5,next_close
2023-06-23,135597.29559888365,232.91720380308834,0.001717712752119268,135364.37839508057,5,next_close
2023-06-26,136037.97406568052,232.91720380308834,0.0017121484306332991,135805.05686187744,5,next_close
2023-06-27,141254.20533551695,232.91720380308834,0.001648922262171572,141021.28813171387,5,next_close
2023-06-28,142179.0737132025,232.91720380308834,0.0016381960982030232,141946.1565093994,5,next_close
2023-06-29,144506.92394055845,232.91720380308834,0.0016118065311451556,144274.00673675537,5,next_close
2023-06-30,146123.69458570005,232.91720380308834,0.0015939728629465002,145890.77738189697,5,next_close
2023-07-03,145948.0857652426,189.9325746298091,0.0013013707828639527,145758.1531906128,5,next_close
2023-07-05,143761.06475389007,189.9325746298091,0.0013211683911423567,143571.13217926025,5,next_close
2023-07-06,141124.06756913665,189.9325746298091,0.001345855302369039,140934.13499450684,5,next_close
2023-07-07,142607.00216233733,189.9325746298091,0.0013318600892654518,142417.06958770752,5,next_close
2023-07-10,145253.99491441253,189.9325746298091,0.0013075893350934847,145064.06233978271,5,next_close
2023-07-11,144501.36635148528,189.9325746298091,0.0013143998525786732,144311.43377685547,5,next_close
2023-07-12,144949.22941911223,189.9325746298091,0.0013103386295392446,144759.29684448242,5,next_close
2023-07-13,148199.47392594817,189.9325746298091,0.0012816008694114121,148009.54135131836,5,next_close
2023-07-14,147098.6263536215,189.9325746298091,0.0012911920344736314,146908.6937789917,5,next_close
2023-07-17,152238.62032639983,189.9325746298091,0.0012475978449002845,152048.68775177002,5,next_close
2023-07-18,154037.70528733733,189.9325746298091,0.0012330265130574007,153847.77271270752,5,next_close
2023-07-19,154454.5427964926,189.9325746298091,0.0012296988563169806,154264.6102218628,5,next_close
2023-07-20,151739.62501847747,189.9325746298091,0.0012517005667219807,151549.69244384766,5,next_close
2023-07-21,149754.26982438567,189.9325746298091,0.0012682948863664445,149564.33724975586,5,next_close
2023-07-24,148997.13312089446,189.9325746298091,0.0012747397929844739,148807.20054626465,5,next_close
2023-07-25,152778.73764359954,189.9325746298091,0.0012431872232959642,152588.80506896973,5,next_close
2023-07-26,154658.6890062094,189.9325746298091,0.0012280756797452452,154468.7564315796,5,next_close
2023-07-27,154870.99099290374,189.9325746298091,0.0012263921952853773,154681.05841827393,5,next_close
2023-07-28,158572.1460222006,189.9325746298091,0.0011977675739042967,158382.2134475708,5,next_close
2023-07-31,158157.43305528167,189.9325746298091,0.0012009083035852061,157967.50048065186,5,next_close
2023-08-01,157857.5210394812,1868.3966879797226,0.011835968762694712,155989.12435150146,5,next_close
2023-08-02,155951.21630620482,1868.3966879797226,0.011980648386295303,154082.8196182251,5,next_close
2023-08-03,154760.93317174437,1868.3966879797226,0.012072792853389481,152892.53648376465,5,next_close
2023-08-04,151918.95008611205,1868.3966879797226,0.012298641393457902,150050.55339813232,5,next_close
2023-08-07,155097.8854346228,1868.3966879797226,0.012046564546924744,153229.48874664307,5,next_close
2023-08-08,153736.96510838988,1868.3966879797226,0.012153203926345484,151868.56842041016,5,next_close
2023-08-09,150871.08856725218,1868.3966879797226,0.01238406049643413,149002.69187927246,5,next_close
2023-08-10,151288.29400395873,1868.3966879797226,0.012349909160393023,149419.897315979,5,next_close
2023-08-11,148019.0599265051,1868.3966879797226,0.012622676356054584,146150.6632385254,5,next_close
2023-08-14,150652.93419408324,1868.3966879797226,0.012401993349646305,148784.53750610352,5,next_close
2023-08-15,148775.77496098998,1868.3966879797226,0.012558473907930435,146907.37827301025,5,next_close
2023-08-16,146513.72771977904,1868.3966879797226,0.012752366055098966,144645.33103179932,5,next_close
2023-08-17,141782.66702031615,1868.3966879797226,0.013177892102368187,139914.27033233643,5,next_close
2023-08-18,143086.43488835814,1868.3966879797226,0.01305781843986484,141218.03820037842,5,next_close
2023-08-21,147837.25405644896,1868.3966879797226,0.012638199349037621,145968.85736846924,5,next_close
2023-08-22,146951.81395482543,1868.3966879797226,0.012714349266583998,145083.4172668457,5,next_close
2023-08-23,150754.69911717894,1868.3966879797226,0.012393621551573999,148886.30242919922,5,next_close
2023-08-24,146040.65276860716,1868.3966879797226,0.012793675271638832,144172.25608062744,5,next_close
2023-08-25,145891.02663182738,1868.3966879797226,0.0128067964912937,144022.62994384766,5,next_close
2023-08-28,148408.0190787268,1868.3966879797226,0.012589593874900953,146539.62239074707,5,next_close
2023-08-29,155591.56710576537,1868.3966879797226,0.012008341600606516,153723.17041778564,5,next_close
2023-08-30,157512.84614324095,1868.3966879797226,0.011861868626769764,155644.44945526123,5,next_close
2023-08-31,161032.56209325316,1868.3966879797226,0.011602601757635474,159164.16540527344,5,next_close
2023-09-01,159668.65892615798,316.5494901228194,0.001982539918928073,159352.10943603516,5,next_close
2023-09-05,156288.08966651442,316.5494901228194,0.0020254229915937214,155971.5401763916,5,next_close
2023-09-06,155998.53772559646,316.5494901228194,0.0020291824188739143,155681.98823547363,5,next_close
2023-09-07,155122.4125272322,316.5494901228194,0.002040643160234813,154805.86303710938,5,next_close
2023-09-08,153321.2725888777,316.5494901228194,0.0020646155929818616,153004.72309875488,5,next_close
2023-09-11,153569.39478126052,316.5494901228194,0.0020612797919383787,153252.8452911377,5,next_close
2023-09-12,151882.4066525984,316.5494901228194,0.002084174836963606,151565.8571624756,5,next_close
2023-09-13,150868.081594615,316.5494901228194,0.0020981872824060496,150551.5321044922,5,next_close
2023-09-14,152642.23164954665,316.5494901228194,0.0020738001973765008,152325.68215942383,5,next_close
2023-09-15,147576.26266303542,316.5494901228194,0.0021449892036201294,147259.7131729126,5,next_close
2023-09-18,146977.89052405837,316.5494901228194,0.0021537218216572808,146661.34103393555,5,next_close
2023-09-19,144245.1146680403,316.5494901228194,0.002194524860348395,143928.56517791748,5,next_close
2023-09-20,141338.9717999983,316.5494901228194,0.0022396476080974517,141022.4223098755,5,next_close
2023-09-21,137657.0750562239,316.5494901228194,0.002299551185389706,137340.52556610107,5,next_close
2023-09-22,139233.2245999861,316.5494901228194,0.0022735197797239767,138916.67510986328,5,next_close
2023-09-25,140632.5909635115,316.5494901228194,0.00225089709258753,140316.04147338867,5,next_close
2023-09-26,138422.58044257644,316.5494901228194,0.00228683419360281,138106.0309524536,5,next_close
2023-09-27,140214.10635962966,316.5494901228194,0.0022576151454470213,139897.55686950684,5,next_close
2023-09-28,144222.0159055281,316.5494901228194,0.002194876337952269,143905.46641540527,5,next_close
2023-09-29,143825.30318274978,316.5494901228194,0.002200930456031091,143508.75369262695,5,next_close
2023-10-02,142259.29670997383,42759.572307546165,0.30057488892779183,99499.72440242767,5,next_close
2023-10-03,140668.51442619087,42759.572307546165,0.3039740092654652,97908.94211864471,5,next_close
2023-10-04,139805.13439555885,42759.572307546165,0.30585122994527514,97045.5620880127,5,next_close
2023-10-05,139550.52599807503,42759.572307546165,0.30640925214524806,96790.95369052887,5,next_close
2023-10-06,140912.4297389579,42759.572307546165,0.3034478391065914,98152.85743141174,5,next_close
2023-10-09,142975.74318309547,42759.572307546165,0.299068718620249,100216.17087554932,5,next_close
2023-10-10,143773.38212199928,42759.572307546165,0.29740951820457573,101013.80981445312,5,next_close
2023-10-11,144494.20404239418,42759.572307546165,0.2959258649225863,101734.63173484802,5,next_close
2023-10-12,143417.51829524757,42759.572307546165,0.2981474844622457,100657.94598770142,5,next_close
2023-10-13,142068.069918592,42759.572307546165,0.30097946943354903,99308.49761104584,5,next_close
2023-10-16,143387.49260230782,42759.572307546165,0.29820991727738705,100627.92029476166,5,next_close
2023-10-17,144748.71209426643,42759.572307546165,0.29540554585176093,101989.13978672028,5,next_close
2023-10-18,143356.28275867226,42759.572307546165,0.2982748400328443,100596.7104511261,5,next_close
2023-10-19,141787.35602660896,42759.572307546165,0.30157535555936,99027.7837190628,5,next_close
2023-10-20,140583.90385242226,42759.572307546165,0.3041569563499457,97824.3315448761,5,next_close
2023-10-23,140014.3856677604,42759.572307546165,0.30539413577837776,97254.81336021423,5,next_close
2023-10-24,137791.39840598824,42759.572307546165,0.3103210563373446,95031.82609844208,5,next_close
2023-10-25,136045.96865077736,42759.572307546165,0.3143023841985915,93286.3963432312,5,next_close
2023-10-26,135819.96987529518,42759.572307546165,0.3148253702810154,93060.39756774902,5,next_close
2023-10-27,134903.84895320656,42759.572307546165,0.31696332342880723,92144.2766456604,5,next_close
2023-10-30,136522.03952308418,42759.572307546165,0.3132063691468369,93762.46721553802,5,next_close
2023-10-31,137562.38619991066,42759.572307546165,0.31083767509969185,94802.8138923645,5,next_close
2023-11-01,138795.89395768882,62426.418221070795,0.44977136168092374,76369.47573661804,5,next_close
2023-11-02,140452.31460149528,62426.418221070795,0.44446699506656756,78025.8963804245,5,next_close
2023-11-03,140588.705566957,62426.418221070795,0.4440357991015109,78162.28734588623,5,next_close
2023-11-06,140241.98115022422,62426.418221070795,0.4451336020003949,77815.56292915344,5,next_close
2023-11-07,138858.6447644973,62426.418221070795,0.4495681081069551,76432.22654342651,5,next_close
2023-11-08,138515.08790548088,62426.418221070795,0.45068316502581274,76088.6696844101,5,next_close
2023-11-09,137998.73763902427,62426.418221070795,0.4523694874975248,75572.31941795349,5,next_close
2023-11-10,139686.79349859,62426.418221070795,0.4469027934391015,77260.37527751923,5,next_close
2023-11-13,140419.16025121452,62426.418221070795,0.44457193811291756,77992.74203014374,5,next_close
2023-11-14,141761.9679771209,62426.418221070795,0.44036083240002605,79335.54975605011,5,next_close
2023-11-15,141157.4962411666,62426.418221070795,0.44224656772330173,78731.07802009583,5,next_close
2023-11-16,139500.89179284812,62426.418221070795,0.4474983451272191,77074.47357177734,5,next_close
2023-11-17,140366.67045648338,62426.418221070795,0.4447381847703248,77940.2522354126,5,next_close
2023-11-20,141302.41104562522,62426.418221070795,0.4417930151306045,78875.99282455444,5,next_close
2023-11-21,140701.93522603752,62426.418221070795,0.4436784619968646,78275.51700496674,5,next_close
2023-11-22,140840.79905660392,62426.418221070795,0.44324101140594646,78414.38083553314,5,next_close
2023-11-24,140975.30266816856,62426.418221070795,0.4428181180643518,78548.88444709778,5,next_close
2023-11-27,140943.6113973403,62426.418221070795,0.44291768603176873,78517.19317626953,5,next_close
2023-11-28,140202.04749257804,62426.418221070795,0.44526038911361476,77775.62927150726,5,next_close
2023-11-29,137439.25676687004,62426.418221070795,0.4542109706469163,75012.83854579926,5,next_close
2023-11-30,137509.17214257957,62426.418221070795,0.4539800309199921,75082.75392150879,5,next_close
2023-12-01,138924.8419389105,731.8331422186166,0.005267834981884852,138193.0087966919,5,next_close
2023-12-04,138986.5576485968,731.8331422186166,0.005265495847943286,138254.72450637817,5,next_close
2023-12-05,137340.02073377135,731.8331422186166,0.005328622628048445,136608.18759155273,5,next_close
2023-12-06,135109.95498364928,731.8331422186166,0.0054165745396568404,134378.12184143066,5,next_close
2023-12-07,135643.28723233702,731.8331422186166,0.0053952772536770945,134911.4540901184,5,next_close
2023-12-08,137819.26986020568,731.8331422186166,0.0053100930150111626,137087.43671798706,5,next_close
2023-12-11,138706.5042085028,731.8331422186166,0.005276127074174758,137974.67106628418,5,next_close
2023-12-12,139675.65978711608,731.8331422186166,0.005239518061586576,138943.82664489746,5,next_close
2023-12-13,141048.55115216735,731.8331422186166,0.005188519387406492,140316.71800994873,5,next_close
2023-12-14,142597.83569806578,731.8331422186166,0.005132147613854305,141866.00255584717,5,next_close
2023-12-15,142739.53972333434,731.8331422186166,0.00512705269778154,142007.70658111572,5,next_close
2023-12-18,143923.7988595343,731.8331422186166,0.005084865380275751,143191.96571731567,5,next_close
2023-12-19,145869.6664361334,731.8331422186166,0.005017034453417616,145137.8332939148,5,next_close
2023-12-20,144234.22947400573,731.8331422186166,0.005073921390833994,143502.3963317871,5,next_close
2023-12-21,146175.67855542662,731.8331422186166,0.005006531520502718,145443.845413208,5,next_close
2023-12-22,146076.50106519225,731.8331422186166,0.005009930665658592,145344.66792297363,5,next_close
2023-12-26,147710.70372861388,731.8331422186166,0.004954503118224932,146978.87058639526,5,next_close
2023-12-27,148739.15576642516,731.8331422186166,0.004920245368125271,148007.32262420654,5,next_close
2023-12-28,148326.32872479918,731.8331422186166,0.004933939567643724,147594.49558258057,5,next_close
2023-12-29,145997.35565656188,731.8331422186166,0.005012646557381152,145265.52251434326,5,next_close
2024-01-02,141317.24370704178,960.5916570234549,0.0067974129117237304,140356.6520500183,5,next_close
2024-01-03,139370.4890950728,960.5916570234549,0.006892360522378443,138409.89743804932,5,next_close
2024-01-04,138648.55341468338,960.5916570234549,0.006928248678876766,137687.9617576599,5,next_close
2024-01-05,139017.68861899857,960.5916570234549,0.006909852023623543,138057.0969619751,5,next_close
2024-01-08,142010.02658210282,960.5916570234549,0.006764252356984742,141049.43492507935,5,next_close
2024-01-09,142930.5886853743,960.5916570234549,0.006720686354535036,141969.99702835083,5,next_close
2024-01-10,146004.18706641678,960.5916570234549,0.006579206229109616,145043.5954093933,5,next_close
2024-01-11,147280.70626578812,960.5916570234549,0.00652218258167459,146320.11460876465,5,next_close
2024-01-12,147912.19976935867,960.5916570234549,0.006494336900683766,146951.6081123352,5,next_close
2024-01-16,147955.27055869583,960.5916570234549,0.0064924463548757146,146994.67890167236,5,next_close
2024-01-17,146470.13691077713,960.5916570234549,0.0065582765011587526,145509.54525375366,5,next_close
2024-01-18,149671.70045218949,960.5916570234549,0.0064179912042243575,148711.10879516602,5,next_close
2024-01-19,152984.9540456343,960.5916570234549,0.0062789943168981,152024.36238861084,5,next_close
2024-01-22,153728.77697501663,960.5916570234549,0.006248613147944098,152768.18531799316,5,next_close
2024-01-23,153211.9946416426,960.5916570234549,0.006269689649757805,152251.40298461914,5,next_close
2024-01-24,152930.53601966385,960.5916570234549,0.006281228602376321,151969.94436264038,5,next_close
2024-01-25,155571.75700889115,960.5916570234549,0.006174588983838215,154611.16535186768,5,next_close
2024-01-26,153045.18700156693,960.5916570234549,0.006276523135703836,152084.59534454346,5,next_close
2024-01-29,155268.368527751,960.5916570234549,0.006186653895650156,154307.77687072754,5,next_close
2024-01-30,154275.6722539473,960.5916570234549,0.006226462299527443,153315.08059692383,5,next_close
2024-01-31,151983.37318931107,960.5916570234549,0.006320373320224564,151022.7815322876,5,next_close
2024-02-01,155399.5382743788,1030.4133811903266,0.006630736439969294,154369.12489318848,5,next_close
2024-02-02,157692.11854323867,1030.4133811903266,0.006534336596586409,156661.70516204834,5,next_close
2024-02-05,160936.61980208877,1030.4133811903266,0.006402603599214857,159906.20642089844,5,next_close
2024-02-06,162927.93160781387,1030.4133811903266,0.0063243507176574815,161897.51822662354,5,next_close
2024-02-07,165236.0304618788,1030.4133811903266,0.006236009049055743,164205.61708068848,5,next_close
2024-02-08,168312.57628402236,1030.4133811903266,0.006122022512753505,167282.16290283203,5,next_close
2024-02-09,169555.60016402724,1030.4133811903266,0.006077141540553717,168525.1867828369,5,next_close
2024-02-12,168217.6083274794,1030.4133811903266,0.006125478726248197,167187.19494628906,5,next_close
2024-02-13,166974.25427779678,1030.4133811903266,0.006171091379608843,165943.84089660645,5,next_close
2024-02-14,176285.96236953262,1030.4133811903266,0.0058451244066181655,175255.54898834229,5,next_close
2024-02-15,181313.45943984512,1030.4133811903266,0.005683049589223627,180283.04605865479,5,next_close
2024-02-16,172828.98147353652,1030.4133811903266,0.0059620404656964485,171798.5680923462,5,next_close
2024-02-20,169399.46263656142,1030.4133811903266,0.006082742915194661,168369.0492553711,5,next_close
2024-02-21,167769.4531684828,1030.4133811903266,0.0061418414480705966,166739.03978729248,5,next_close
2024-02-22,179721.1776405287,1030.4133811903266,0.005733399895983985,178690.76425933838,5,next_close
2024-02-23,176280.6122184706,1030.4133811903266,0.005845301807287236,175250.19883728027,5,next_close
2024-02-26,177451.9651695204,1030.4133811903266,0.0058067172161546336,176421.55178833008,5,next_close
2024-02-27,176273.9555717421,1030.4133811903266,0.005845522543861885,175243.54219055176,5,next_close
2024-02-28,174409.35699996474,1030.4133811903266,0.005908016627746268,173378.9436187744,5,next_close
2024-02-29,177739.17399367812,1030.4133811903266,0.005797334138769974,176708.7606124878,5,next_close
2024-03-01,184299.78720542433,934.7161452436721,0.005071715813767154,183365.07106018066,5,next_close
2024-03-04,187714.2296340132,934.7161452436721,0.0049794634485946536,186779.51348876953,5,next_close
2024-03-05,182712.38021537306,934.7161452436721,0.005115778931574703,181777.6640701294,5,next_close
2024-03-06,184053.30909415724,934.7161452436721,0.005078507688038871,183118.59294891357,5,next_close
2024-03-07,188951.32160636428,934.7161452436721,0.004946862172210332,188016.6054611206,5,next_close
2024-03-08,183360.05447074416,934.7161452436721,0.005097708701830747,182425.3383255005,5,next_close
2024-03-11,180099.2610366011,934.7161452436721,0.00519000544401852,179164.54489135742,5,next_close
2024-03-12,183600.36391135695,934.7161452436721,0.005091036451839263,182665.64776611328,5,next_close
2024-03-13,180373.77447196486,934.7161452436721,0.005182106700267301,179439.0583267212,5,next_close
2024-03-14,177875.26713248732,934.7161452436721,0.005254896649276512,176940.55098724365,5,next_close
2024-03-15,174857.73278495314,934.7161452436721,0.005345580835096509,173923.01663970947,5,next_close
2024-03-18,173185.7463652754,934.7161452436721,0.005397188653575519,172251.03022003174,5,next_close
2024-03-19,172802.50422355178,934.7161452436721,0.005409158561929433,171867.7880783081,5,next_close
2024-03-20,176468.8454405928,934.7161452436721,0.0052967771331531655,175534.12929534912,5,next_close
2024-03-21,183675.84043570998,934.7161452436721,0.005088944430722997,182741.1242904663,5,next_close
2024-03-22,183563.30612632277,934.7161452436721,0.005092064230965793,182628.5899810791,5,next_close
2024-03-25,184135.8179518843,934.7161452436721,0.0050762320749997624,183201.10180664062,5,next_close
2024-03-26,182495.9496504927,934.7161452436721,0.005121845975397233,181561.23350524902,5,next_close
2024-03-27,181322.8637206221,934.7161452436721,0.00515498225686453,180388.14757537842,5,next_close
2024-03-28,180596.7149703169,934.7161452436721,0.0051757095659093425,179661.99882507324,5,next_close
2024-04-01,181401.69412675384,105.25365128996782,0.0005802241913817088,181296.44047546387,5,next_close
2024-04-02,178562.1713148642,105.25365128996782,0.0005894510047392446,178456.91766357422,5,next_close
2024-04-03,179864.29187455657,105.25365128996782,0.0005851836970696511,179759.0382232666,5,next_close
2024-04-04,174021.3509871054,105.25365128996782,0.0006048318249050192,173916.09733581543,5,next_close
2024-04-05,175749.2314344931,105.25365128996782,0.0005988854143535697,175643.97778320312,5,next_close
2024-04-08,174021.83672013762,105.25365128996782,0.000604830136687024,173916.58306884766,5,next_close
2024-04-09,172285.10039201262,105.25365128996782,0.0006109271843617158,172179.84674072266,5,next_close
2024-04-10,169933.58876481536,105.25365128996782,0.0006193810891361609,169828.3351135254,5,next_close
2024-04-11,174370.13719621184,105.25365128996782,0.000603622001923013,174264.88354492188,5,next_close
2024-04-12,169286.9683271933,105.25365128996782,0.0006217469208057197,169181.71467590332,5,next_close
2024-04-15,166471.45334306243,105.25365128996782,0.0006322624640818286,166366.19969177246,5,next_close
2024-04-16,172117.57373490813,105.25365128996782,0.000611521816198021,172012.32008361816,5,next_close
2024-04-17,168747.2534834433,105.25365128996782,0.0006237354926804473,168641.99983215332,5,next_close
2024-04-18,165536.8675886679,105.25365128996782,0.0006358320827448902,165431.61393737793,5,next_close
2024-04-19,150658.12480607512,105.25365128996782,0.000698625788854393,150552.87115478516,5,next_close
2024-04-22,151985.19530931,105.25365128996782,0.0006925256836744047,151879.94165802002,5,next_close
2024-04-23,157274.00400224212,105.25365128996782,0.0006692374366488903,157168.75035095215,5,next_close
2024-04-24,156425.3080030966,105.25365128996782,0.0006728684292434586,156320.05435180664,5,next_close
2024-04-25,158482.57994523528,105.25365128996782,0.0006641338835242266,158377.3262939453,5,next_close
2024-04-26,164176.2358900595,105.25365128996782,0.0006411016230171757,164070.98223876953,5,next_close
2024-04-29,165889.16899552825,105.25365128996782,0.0006344817562670716,165783.91534423828,5,next_close
2024-04-30,162077.04605546477,105.25365128996782,0.0006494050444006039,161971.7924041748,5,next_close
2024-05-01,153756.27369626524,1274.1221993780418,0.008286635522235542,152482.1514968872,5,next_close
2024-05-02,156294.89747556212,1274.1221993780418,0.008152039637616836,155020.77527618408,5,next_close
2024-05-03,159442.41142209532,1274.1221993780418,0.007991112201665282,158168.28922271729,5,next_close
2024-05-06,163660.47288449766,1274.1221993780418,0.007785155309170135,162386.35068511963,5,next_close
2024-05-07,162860.3316567755,1274.1221993780418,0.007823404179620767,161586.20945739746,5,next_close
2024-05-08,164168.91291745665,1274.1221993780418,0.007761044260667453,162894.7907180786,5,next_close
2024-05-09,164936.75011380675,1274.1221993780418,0.007724913935183606,163662.6279144287,5,next_close
2024-05-10,164914.51759274962,1274.1221993780418,0.00772595534933098,163640.39539337158,5,next_close
2024-05-13,163148.29218991759,1274.1221993780418,0.007809595689146793,161874.16999053955,5,next_close
2024-05-14,166315.24303372862,1274.1221993780418,0.0076608864956512175,165041.1208343506,5,next_close
2024-05-15,173439.95196469786,1274.1221993780418,0.007346186302204338,172165.82976531982,5,next_close
2024-05-16,169339.6251748419,1274.1221993780418,0.0075240641288919835,168065.50297546387,5,next_close
2024-05-17,167810.26196225645,1274.1221993780418,0.007592635780907218,166536.13976287842,5,next_close
2024-05-20,169588.5120156622,1274.1221993780418,0.0075130218682523215,168314.38981628418,5,next_close
2024-05-21,169465.46783383848,1274.1221993780418,0.007518476865312308,168191.34563446045,5,next_close
2024-05-22,164302.8418420172,1274.1221993780418,0.007754717965275086,163028.71964263916,5,next_close
2024-05-23,164918.97795041563,1274.1221993780418,0.007725746395063873,163644.8557510376,5,next_close
2024-05-24,167646.47400601866,1274.1221993780418,0.007600053666099173,166372.35180664062,5,next_close
2024-05-28,167232.1811135626,1274.1221993780418,0.007618881670345625,165958.05891418457,5,next_close
2024-05-29,163864.72835477354,1274.1221993780418,0.007775451203992585,162590.6061553955,5,next_close
2024-05-30,163657.67593320372,1274.1221993780418,0.0077852883594538526,162383.55373382568,5,next_close
2024-05-31,162049.14868100645,1274.1221993780418,0.00786256644819622,160775.02648162842,5,next_close
2024-06-03,160952.2499356604,358.9350095129339,0.002230071401029907,160593.31492614746,5,next_close
2024-06-04,158764.25587132934,358.9350095129339,0.0022608049119307635,158405.3208618164,5,next_close
2024-06-05,162442.72408727172,358.9350095129339,0.002209609642596842,162083.7890777588,5,next_close
2024-06-06,160680.98133519653,358.9350095129339,0.002233836304273993,160322.0463256836,5,next_close
2024-06-07,159238.90372899536,358.9350095129339,0.0022540660674466606,158879.96871948242,5,next_close
2024-06-10,165716.2281766272,358.9350095129339,0.0021659617374972244,165357.29316711426,5,next_close
2024-06-11,168841.50448277954,358.9350095129339,0.002125869528422393,168482.5694732666,5,next_close
2024-06-12,171166.47959569457,358.9350095129339,0.0020969935840286008,170807.54458618164,5,next_close
2024-06-13,169149.08831456664,358.9350095129339,0.0021220038079390784,168790.1533050537,5,next_close
2024-06-14,166012.95022252563,358.9350095129339,0.0021620904214509373,165654.0152130127,5,next_close
2024-06-17,167052.7447629309,358.9350095129339,0.0021486328166730115,166693.80975341797,5,next_close
2024-06-18,169641.3758969641,358.9350095129339,0.0021158458991215796,169282.44088745117,5,next_close
2024-06-20,167162.57789281372,358.9350095129339,0.0021472210708732105,166803.64288330078,5,next_close
2024-06-21,168398.57586339477,358.9350095129339,0.0021314610748496034,168039.64085388184,5,next_close
2024-06-24,168235.1268887854,358.9350095129339,0.002133531897593621,167876.19187927246,5,next_close
2024-06-25,166844.11184361938,358.9350095129339,0.002151319609345031,166485.17683410645,5,next_close
2024-06-26,165272.235714469,358.9350095129339,0.002171780444315188,164913.30070495605,5,next_close
2024-06-27,163433.68607762817,358.9350095129339,0.0021962119201205926,163074.75106811523,5,next_close
2024-06-28,159031.0409360266,358.9350095129339,0.002257012262513723,158672.10592651367,5,next_close
2024-07-01,157212.15842481138,113.56336255552742,0.000722357378038547,157098.59506225586,5,next_close
2024-07-02,157234.39394422056,113.56336255552742,0.000722255224870294,157120.83058166504,5,next_close
2024-07-03,156887.45676465513,113.56336255552742,0.0007238524028462159,156773.8934020996,5,next_close
2024-07-05,161273.3103107977,113.56336255552742,0.0007041671206269276,161159.7469482422,5,next_close
2024-07-08,163071.6378864813,113.56336255552742,0.0006964016798223492,162958.07452392578,5,next_close
2024-07-09,162331.1935505438,113.56336255552742,0.0006995781899439314,162217.63018798828,5,next_close
2024-07-10,163157.40879102232,113.56336255552742,0.0006960355854939038,163043.8454284668,5,next_close
2024-07-11,166411.1244892645,113.56336255552742,0.0006824265078675891,166297.56112670898,5,next_close
2024-07-12,165936.17398877622,113.56336255552742,0.0006843797818503923,165822.6106262207,5,next_close
2024-07-15,165235.1769489813,113.56336255552742,0.0006872832084090164,165121.61358642578,5,next_close
2024-07-16,167511.06598706724,113.56336255552742,0.0006779454353439261,167397.50262451172,5,next_close
2024-07-17,160900.53711743833,113.56336255552742,0.0007057985298870669,160786.9737548828,5,next_close
2024-07-18,161000.7976460028,113.56336255552742,0.0007053590057685463,160887.23428344727,5,next_close
2024-07-19,161860.8537220526,113.56336255552742,0.0007016110439559301,161747.29035949707,5,next_close
2024-07-22,163587.95813794615,113.56336255552742,0.0006942036800762847,163474.39477539062,5,next_close
2024-07-23,165757.00656934263,113.56336255552742,0.0006851195307271637,165643.4432067871,5,next_close
2024-07-24,163532.14646192075,113.56336255552742,0.0006944406039577741,163418.58309936523,5,next_close
2024-07-25,162666.44013257505,113.56336255552742,0.0006981363977902999,162552.87677001953,5,next_close
2024-07-26,166078.46103711607,113.56336255552742,0.0006837934422462387,165964.89767456055,5,next_close
2024-07-29,165727.28900952818,113.56336255552742,0.000685242383642674,165613.72564697266,5,next_close
2024-07-30,162223.2513050604,113.56336255552742,0.0007000436845022407,162109.68794250488,5,next_close
2024-07-31,163983.8627857733,113.56336255552742,0.0006925276708714036,163870.29942321777,5,next_close
2024-08-01,169528.33087952138,1402.9557078600192,0.008275641602683253,168125.37517166138,5,next_close
2024-08-02,162977.57242615224,1402.9557078600192,0.008608274666109172,161574.61671829224,5,next_close
2024-08-05,158859.69226105214,1402.9557078600192,0.00883141398482983,157456.73655319214,5,next_close
2024-08-06,161564.50780136586,1402.9557078600192,0.008683563778654105,160161.55209350586,5,next_close
2024-08-07,159496.84712250234,1402.9557078600192,0.008796134426296667,158093.89141464233,5,next_close
2024-08-08,163332.62691910268,1402.9557078600192,0.008589561891727191,161929.67121124268,5,next_close
2024-08-09,164682.83219559194,1402.9557078600192,0.008519137600170396,163279.87648773193,5,next_close
2024-08-12,165308.39328415395,1402.9557078600192,0.008486899424691843,163905.43757629395,5,next_close
2024-08-13,167769.56448013784,1402.9557078600192,0.00836239703075652,166366.60877227783,5,next_close
2024-08-14,165770.91138107778,1402.9557078600192,0.008463220091942874,164367.95567321777,5,next_close
2024-08-15,166903.4953387499,1402.9557078600192,0.008405789854865285,165500.5396308899,5,next_close
2024-08-16,170952.6592753649,1402.9557078600192,0.008206691336694473,169549.70356750488,5,next_close
2024-08-19,173859.82674057485,1402.9557078600192,0.00806946454601868,172456.87103271484,5,next_close
2024-08-20,172386.268081975,1402.9557078600192,0.00813844236823359,170983.312374115,5,next_close
2024-08-21,174975.20114548207,1402.9557078600192,0.008018025975541186,173572.24543762207,5,next_close
2024-08-22,175833.70154983999,1402.9557078600192,0.007978878312257744,174430.74584197998,5,next_close
2024-08-23,177529.28039200307,1402.9557078600192,0.007902672194480523,176126.32468414307,5,next_close
2024-08-26,174973.12289078237,1402.9557078600192,0.0080181212101686,173570.16718292236,5,next_close
2024-08-27,177512.62390930654,1402.9557078600192,0.007903413723278673,176109.66820144653,5,next_close
2024-08-28,176023.34294922353,1402.9557078600192,0.00797028214754859,174620.38724136353,5,next_close
2024-08-29,177939.2294505358,1402.9557078600192,0.007884465455943868,176536.27374267578,5,next_close
2024-08-30,176844.4017108202,1402.9557078600192,0.007933277470406798,175441.4460029602,5,next_close
2024-09-03,167425.21705956938,428.27820916655037,0.0025580269011338374,166996.93885040283,5,next_close
2024-09-04,168836.70955224516,428.27820916655037,0.002536641529572235,168408.4313430786,5,next_close
2024-09-05,167070.9495806265,428.27820916655037,0.0025634510981208513,166642.67137145996,5,next_close
2024-09-06,162520.7541460562,428.27820916655037,0.002635221645486951,162092.47593688965,5,next_close
2024-09-09,164482.90265985014,428.27820916655037,0.0026037855743111958,164054.6244506836,5,next_close
2024-09-10,164933.4221224356,428.27820916655037,0.0025966732737081337,164505.14391326904,5,next_close
2024-09-11,167755.8109087515,428.27820916655037,0.0025529858360584987,167327.53269958496,5,next_close
2024-09-12,170108.61925836088,428.27820916655037,0.002517674948122891,169680.34104919434,5,next_close
2024-09-13,173829.82007928373,428.27820916655037,0.0024637787059275146,173401.5418701172,5,next_close
2024-09-16,175762.77945275785,428.27820916655037,0.0024366831845741522,175334.5012435913,5,next_close
2024-09-17,176969.92396874906,428.27820916655037,0.002420062118816187,176541.64575958252,5,next_close
2024-09-18,177472.92310662748,428.27820916655037,0.002413203105406883,177044.64489746094,5,next_close
2024-09-19,180528.5747179556,428.27820916655037,0.002372356896051832,180100.29650878906,5,next_close
2024-09-20,180742.7756228018,428.27820916655037,0.002369545381223638,180314.49741363525,5,next_close
2024-09-23,180062.84144158842,428.27820916655037,0.0023784930068732803,179634.56323242188,5,next_close
2024-09-24,180916.4403719473,428.27820916655037,0.002367270814559751,180488.16216278076,5,next_close
2024-09-25,180672.2600130606,428.27820916655037,0.002370470204643428,180243.98180389404,5,next_close
2024-09-26,179343.1729311514,428.27820916655037,0.0023880374266098403,178914.89472198486,5,next_close
2024-09-27,181296.48302026273,428.27820916655037,0.0023623084244755238,180868.2048110962,5,next_close
2024-09-30,184126.9321398306,428.27820916655037,0.0023259943789282556,183698.65393066406,5,next_close
2024-10-01,183814.4074119139,1739.7322257566684,0.009464612977034291,182074.67518615723,5,next_close
2024-10-02,183542.22610698227,1739.7322257566684,0.009478648388750724,181802.4938812256,5,next_close
2024-10-03,181562.47947917465,1739.7322257566684,0.009582003014869694,179822.74725341797,5,next_close
2024-10-04,185277.9300406981,1739.7322257566684,0.009389851372878137,183538.1978149414,5,next_close
2024-10-07,183198.4273627806,1739.7322257566684,0.009496436464007114,181458.69513702393,5,next_close
2024-10-08,188329.79091105942,1739.7322257566684,0.009237689997639693,186590.05868530273,5,next_close
2024-10-09,187288.92214427475,1739.7322257566684,0.009289028981738152,185549.18991851807,5,next_close
2024-10-10,188269.1404136229,1739.7322257566684,0.009240665899544224,186529.4081878662,5,next_close
2024-10-11,191675.49135051254,1739.7322257566684,0.009076445890389086,189935.75912475586,5,next_close
2024-10-14,192272.62732921127,1739.7322257566684,0.009048257414082557,190532.8951034546,5,next_close
2024-10-15,192287.65262828354,1739.7322257566684,0.009047550385982359,190547.92040252686,5,next_close
2024-10-16,196679.24621043686,1739.7322257566684,0.008845530269600702,194939.51398468018,5,next_close
2024-10-17,195234.69638286118,1739.7322257566684,0.00891097872452446,193494.9641571045,5,next_close
2024-10-18,195022.5209830809,1739.7322257566684,0.00892067345343976,193282.78875732422,5,next_close
2024-10-21,193025.7130912352,1739.7322257566684,0.009012955827985308,191285.98086547852,5,next_close
2024-10-22,193215.22804484848,1739.7322257566684,0.009004115479722165,191475.4958190918,5,next_close
2024-10-23,190483.41443858627,1739.7322257566684,0.009133247799469571,188743.6822128296,5,next_close
2024-10-24,190669.42508922104,1739.7322257566684,0.00912433771142167,188929.69286346436,5,next_close
2024-10-25,189300.01770244126,1739.7322257566684,0.009190343703460902,187560.28547668457,5,next_close
2024-10-28,189762.1819709349,1739.7322257566684,0.009167960695261905,188022.44974517822,5,next_close
2024-10-29,189698.60319743637,1739.7322257566684,0.009171033399470912,187958.8709716797,5,next_close
2024-10-30,190101.65751872543,1739.7322257566684,0.00915158893648942,188361.92529296875,5,next_close
2024-10-31,183974.42950664047,1739.7322257566684,0.009456380598228047,182234.6972808838,5,next_close
2024-11-01,188098.513483367,373.4639075613304,0.0019854697447906984,187725.04957580566,5,next_close
2024-11-04,187552.6261924124,373.4639075613304,0.001991248617218452,187179.16228485107,5,next_close
2024-11-05,191553.58429940703,373.4639075613304,0.0019496576319740864,191180.1203918457,5,next_close
2024-11-06,202042.17482217314,373.4639075613304,0.0018484452955925348,201668.71091461182,5,next_close
2024-11-07,201874.4558509207,373.4639075613304,0.0018499809992658224,201500.99194335938,5,next_close
2024-11-08,210513.19717629912,373.4639075613304,0.0017740641089050797,210139.7332687378,5,next_close
2024-11-11,211567.45604928496,373.4639075613304,0.001765223794506143,211193.99214172363,5,next_close
2024-11-12,208776.33889993193,373.4639075613304,0.0017888229553653322,208402.8749923706,5,next_close
2024-11-13,207751.96920999052,373.4639075613304,0.0017976431654606478,207378.5053024292,5,next_close
2024-11-14,203510.75878365996,373.4639075613304,0.0018351064572381523,203137.29487609863,5,next_close
2024-11-15,196106.46892770292,373.4639075613304,0.0019043936164034063,195733.0050201416,5,next_close
2024-11-18,196568.0289405203,373.4639075613304,0.0018999219230831134,196194.56503295898,5,next_close
2024-11-19,202132.95105966093,373.4639075613304,0.0018476151740895524,201759.4871520996,5,next_close
2024-11-20,205590.71595223906,373.4639075613304,0.0018165407218489872,205217.25204467773,5,next_close
2024-11-21,206414.53409036162,373.4639075613304,0.001809290751773516,206041.0701828003,5,next_close
2024-11-22,208572.58268960478,373.4639075613304,0.0017905704706985142,208199.11878204346,5,next_close
2024-11-25,209369.7217353201,373.4639075613304,0.0017837531829624058,208996.2578277588,5,next_close
2024-11-26,210991.10478433134,373.4639075613304,0.0017700457464454428,210617.64087677002,5,next_close
2024-11-27,209648.43765481474,373.4639075613304,0.0017813817824687877,209274.97374725342,5,next_close
2024-11-29,208755.5709632254,373.4639075613304,0.0017890009154635698,208382.10705566406,5,next_close
2024-12-02,209394.36440745834,398.5993088865507,0.0019035818371449598,208995.76509857178,5,next_close
2024-12-03,213181.25081340317,398.5993088865507,0.001869767192779272,212782.6515045166,5,next_close
2024-12-04,216750.54049388412,398.5993088865507,0.001838977231513744,216351.94118499756,5,next_close
2024-12-05,218459.61523906235,398.5993088865507,0.0018245903639918064,218061.01593017578,5,next_close
2024-12-06,221069.17978374008,398.5993088865507,0.001803052371553912,220670.58047485352,5,next_close
2024-12-09,210864.30439082626,398.5993088865507,0.001890311923765756,210465.7050819397,5,next_close
2024-12-10,209424.7891167784,398.5993088865507,0.0019033052895389845,209026.18980789185,5,next_close
2024-12-11,213150.76907817367,398.5993088865507,0.0018700345797971916,212752.1697692871,5,next_close
2024-12-12,206907.8383835936,398.5993088865507,0.0019264582337744677,206509.23907470703,5,next_close
2024-12-13,207960.1920441771,398.5993088865507,0.0019167096595192413,207561.59273529053,5,next_close
2024-12-16,208038.3135346556,398.5993088865507,0.0019159899064464918,207639.71422576904,5,next_close
2024-12-17,205674.12624064926,398.5993088865507,0.0019380138677247574,205275.5269317627,5,next_close
2024-12-18,197645.01927653793,398.5993088865507,0.0020167435048228798,197246.41996765137,5,next_close
2024-12-19,202467.13641063217,398.5993088865507,0.001968711149636327,202068.5371017456,5,next_close
2024-12-20,209871.5035676146,398.5993088865507,0.001899254077427112,209472.90425872803,5,next_close
2024-12-23,209646.4847077513,398.5993088865507,0.0019012925947325136,209247.88539886475,5,next_close
2024-12-24,213354.04983989242,398.5993088865507,0.0018682528369425007,212955.45053100586,5,next_close
2024-12-26,213531.36776820663,398.5993088865507,0.0018667014268331748,213132.76845932007,5,next_close
2024-12-27,208578.38627330307,398.5993088865507,0.0019110288271396475,208179.7869644165,5,next_close
2024-12-30,204786.05663005356,398.5993088865507,0.0019464182056428833,204387.457321167,5,next_close
2024-12-31,204860.69250957016,398.5993088865507,0.0019457090767567818,204462.0932006836,5,next_close
2025-01-02,203359.6866019583,1086.2781623220671,0.005341659305604017,202273.40843963623,5,next_close
2025-01-03,209496.95032723906,1086.2781623220671,0.005185174106951322,208410.672164917,5,next_close
2025-01-06,207336.54672845366,1086.2781623220671,0.005239202540325674,206250.2685661316,5,next_close
2025-01-07,203340.89298470976,1086.2781623220671,0.005342153004136507,202254.6148223877,5,next_close
2025-01-08,206028.08077081206,1086.2781623220671,0.005272476248179272,204941.80260849,5,next_close
2025-01-10,206823.3945868826,1086.2781623220671,0.0052522015920483415,205737.11642456055,5,next_close
2025-01-13,202175.6444762564,1086.2781623220671,0.005372942745581999,201089.36631393433,5,next_close
2025-01-14,203403.454435668,1086.2781623220671,0.005340509901052997,202317.17627334595,5,next_close
2025-01-15,197670.03692849638,1086.2781623220671,0.005495411339023572,196583.75876617432,5,next_close
2025-01-16,200625.92735894682,1086.2781623220671,0.00541444556355156,199539.64919662476,5,next_close
2025-01-17,202914.76840814116,1086.2781623220671,0.005353371619246244,201828.4902458191,5,next_close
2025-01-21,203452.0998328543,1086.2781623220671,0.005339232985132604,202365.82167053223,5,next_close
2025-01-22,206147.56352456572,1086.2781623220671,0.005269420330513002,205061.28536224365,5,next_close
2025-01-23,208747.41727670195,1086.2781623220671,0.005203792106717027,207661.13911437988,5,next_close
2025-01-24,206710.0120604849,1086.2781623220671,0.0052550824775928805,205623.73389816284,5,next_close
2025-01-27,204519.96886285307,1086.2781623220671,0.005311355015169708,203433.690700531,5,next_close
2025-01-28,212219.23522027495,1086.2781623220671,0.0051186602439432715,211132.95705795288,5,next_close
2025-01-29,212804.808115325,1086.2781623220671,0.005104575276952305,211718.52995300293,5,next_close
2025-01-30,220173.774332366,1086.2781623220671,0.004933730938736885,219087.49617004395,5,next_close
2025-01-31,217479.51324685576,1086.2781623220671,0.004994852830524129,216393.2350845337,5,next_close
2025-02-03,219372.20416840079,425.8355198717327,0.0019411553140289395,218946.36864852905,5,next_close
2025-02-04,238038.36422546866,425.8355198717327,0.0017889365071774043,237612.52870559692,5,next_close
2025-02-05,239990.97128494742,425.8355198717327,0.0017743814177331165,239565.13576507568,5,next_close
2025-02-06,247545.8797741747,425.8355198717327,0.0017202286713889313,247120.04425430298,5,next_close
2025-02-07,247829.3700161791,425.8355198717327,0.0017182609141278644,247403.53449630737,5,next_close
2025-02-10,250814.6449986315,425.8355198717327,0.0016978096309888768,250388.80947875977,5,next_close
2025-02-11,245466.19343765738,425.8355198717327,0.0017348031266875244,245040.35791778564,5,next_close
2025-02-12,252725.56453140738,425.8355198717327,0.0016849720789477635,252299.72901153564,5,next_close
2025-02-13,255346.6768170214,425.8355198717327,0.001667675981453566,254920.84129714966,5,next_close
2025-02-14,257545.57591827872,425.8355198717327,0.0016534375259734755,257119.74039840698,5,next_close
2025-02-18,263669.804216466,425.8355198717327,0.0016150333222158914,263243.96869659424,5,next_close
2025-02-19,247498.52815445425,425.8355198717327,0.001720557786937566,247072.69263458252,5,next_close
2025-02-20,232526.69042023184,425.8355198717327,0.0018313403897941571,232100.8549003601,5,next_close
2025-02-21,222677.49798401358,425.8355198717327,0.0019123419462091504,222251.66246414185,5,next_close
2025-02-24,211184.4623852587,425.8355198717327,0.002016415010186172,210758.62686538696,5,next_close
2025-02-25,204965.3405743456,425.8355198717327,0.0020775976986083283,204539.50505447388,5,next_close
2025-02-26,212713.12529953482,425.8355198717327,0.00200192404334282,212287.2897796631,5,next_close
2025-02-27,202364.18717392447,425.8355198717327,0.002104302771249455,201938.35165405273,5,next_close
2025-02-28,203720.29910477164,425.8355198717327,0.002090294986523307,203294.4635848999,5,next_close
2025-03-03,199618.73918636324,270.3403311538859,0.0013542833315939207,199348.39885520935,5,next_close
2025-03-04,195066.95362384798,270.3403311538859,0.00138588482637192,194796.6132926941,5,next_close
2025-03-05,199283.50175960542,270.3403311538859,0.0013565615254994665,199013.16142845154,5,next_close
2025-03-06,190470.7636614609,270.3403311538859,0.0014193271762924398,190200.423330307,5,next_close
2025-03-07,193836.4161387253,270.3403311538859,0.001394682880230349,193566.0758075714,5,next_close
2025-03-10,184256.50385387422,270.3403311538859,0.0014671955968961672,183986.16352272034,5,next_close
2025-03-11,185117.58952053072,270.3403311538859,0.001460370847816725,184847.24918937683,5,next_close
2025-03-12,189494.08681114198,270.3403311538859,0.0014266425707696031,189223.7464799881,5,next_close
2025-03-13,185274.38714035036,270.3403311538859,0.0014591349367092808,185004.04680919647,5,next_close
2025-03-14,193842.1222973633,270.3403311538859,0.0013946418247483415,193571.7819662094,5,next_close
2025-03-17,195967.83106334688,270.3403311538859,0.001379513819625314,195697.490732193,5,next_close
2025-03-18,196181.32300003053,270.3403311538859,0.0013780125805036183,195910.98266887665,5,next_close
2025-03-19,199934.83345230104,270.3403311538859,0.001352142227974405,199664.49312114716,5,next_close
2025-03-20,198387.68256099703,270.3403311538859,0.0013626870764557979,198117.34222984314,5,next_close
2025-03-21,201277.0999995041,270.3403311538859,0.001343125130253526,201006.75966835022,5,next_close
2025-03-24,207946.77036197664,270.3403311538859,0.0013000458275129723,207676.43003082275,5,next_close
2025-03-25,207772.25005538942,270.3403311538859,0.0013011378135521787,207501.90972423553,5,next_close
2025-03-26,203357.51604373934,270.3403311538859,0.0013293845067213525,203087.17571258545,5,next_close
2025-03-27,201169.05016429903,270.3403311538859,0.0013438465357026503,200898.70983314514,5,next_close
2025-03-28,194980.04593666078,270.3403311538859,0.0013865025513518747,194709.7056055069,5,next_close
2025-03-31,226280.3040381241,270.3403311538859,0.001194714371200149,226009.96370697021,5,next_close
2025-04-01,214344.22812538865,139596.9596393657,0.6512746382781217,74747.26848602295,5,next_close
2025-04-02,212589.74906044724,139596.9596393657,0.6566495339324806,72992.78942108154,5,next_close
2025-04-03,210246.14870339158,139596.9596393657,0.6639691642404567,70649.18906402588,5,next_close
2025-04-04,204810.85065727952,139596.9596393657,0.6815896676927554,65213.89101791382,5,next_close
2025-04-07,205201.80328255417,139596.9596393657,0.6802910959176446,65604.84364318848,5,next_close
2025-04-08,204051.88437920334,139596.9596393657,0.6841248247428251,64454.92473983765,5,next_close
2025-04-09,208963.11431008103,139596.9596393657,0.6680459376778685,69366.15467071533,5,next_close
2025-04-10,207172.9095333171,139596.9596393657,0.6738185989366337,67575.94989395142,5,next_close
2025-04-11,208490.24459725144,139596.9596393657,0.6695611102046068,68893.28495788574,5,next_close
2025-04-14,208894.26219063523,139596.9596393657,0.6682661274438004,69297.30255126953,5,next_close
2025-04-15,210666.606245811,139596.9596393657,0.6626439858079857,71069.64660644531,5,next_close
2025-04-16,208430.34814339402,139596.9596393657,0.6697535214177498,68833.38850402832,5,next_close
2025-04-17,207923.13330345872,139596.9596393657,0.6713873411845298,68326.17366409302,5,next_close
2025-04-21,207397.625777061,139596.9596393657,0.673088513507977,67800.66613769531,5,next_close
2025-04-22,208725.89681130173,139596.9596393657,0.6688051735409146,69128.93717193604,5,next_close
2025-04-23,211111.90742378953,139596.9596393657,0.6612462619606598,71514.94778442383,5,next_close
2025-04-24,213035.7086589885,139596.9596393657,0.6552749326302943,73438.7490196228,5,next_close
2025-04-25,215216.79513054612,139596.9596393657,0.6486341345000005,75619.83549118042,5,next_close
2025-04-28,215329.62124901536,139596.9596393657,0.6482942701038352,75732.66160964966,5,next_close
2025-04-29,215934.48884087327,139596.9596393657,0.6464782925076766,76337.52920150757,5,next_close
2025-04-30,216130.87025719407,139596.9596393657,0.6458908876517565,76533.91061782837,5,next_close
2025-05-01,214924.3667242885,140144.6660941005,0.6520650414379601,74779.70063018799,5,next_close
2025-05-02,216957.99527958635,140144.6660941005,0.6459529915618037,76813.32918548584,5,next_close
2025-05-05,217542.9830725551,140144.6660941005,0.6442159802845002,77398.31697845459,5,next_close
2025-05-06,214475.22641972307,140144.6660941005,0.6534305543514878,74330.56032562256,5,next_close
2025-05-07,214686.74262455705,140144.6660941005,0.6527867737934089,74542.07653045654,5,next_close
2025-05-08,216478.45792607073,140144.6660941005,0.6473838895413839,76333.79183197021,5,next_close
2025-05-09,216048.16662052873,140144.6660941005,0.6486732485920761,75903.50052642822,5,next_close
2025-05-12,215137.5438788295,140144.6660941005,0.6514189181830264,74992.877784729,5,next_close
2025-05-13,216860.28541020158,140144.6660941005,0.6462440360115278,76715.61931610107,5,next_close
2025-05-14,217116.8508322597,140144.6660941005,0.64548037407918,76972.18473815918,5,next_close
2025-05-15,217651.7729895473,140144.6660941005,0.6438939787585877,77507.10689544678,5,next_close
2025-05-16,218444.35139683489,140144.6660941005,0.641557747764821,78299.68530273438,5,next_close
2025-05-19,217898.17682102922,140144.6660941005,0.6431658499336982,77753.51072692871,5,next_close
2025-05-20,218311.20226505998,140144.6660941005,0.6419490371545181,78166.53617095947,5,next_close
2025-05-21,217518.10869816545,140144.6660941005,0.6442896498726429,77373.44260406494,5,next_close
2025-05-22,218031.63168553117,140144.6660941005,0.6427721748935601,77886.96559143066,5,next_close
2025-05-23,219025.0161307216,140144.6660941005,0.6398568920111728,78880.3500366211,5,next_close
2025-05-27,218081.89173344377,140144.6660941005,0.6426240389797974,77937.22563934326,5,next_close
2025-05-28,218568.5846197963,140144.6660941005,0.641193089747479,78423.9185256958,5,next_close
2025-05-29,218220.1158926845,140144.6660941005,0.64221699049514,78075.44979858398,5,next_close
2025-05-30,220645.90699986223,140144.6660941005,0.6351564277790479,80501.24090576172,5,next_close
2025-06-02,220535.73150822407,536.9481601405641,0.0024347445036159167,219998.7833480835,5,next_close
2025-06-03,220334.80201908833,536.9481601405641,0.002436964815454104,219797.85385894775,5,next_close
2025-06-04,218038.8116931606,536.9481601405641,0.0024626265203471893,217501.86353302002,5,next_close
2025-06-05,212005.02964970356,536.9481601405641,0.0025327142522409253,211468.081489563,5,next_close
2025-06-06,215666.73835942036,536.9481601405641,0.0024897124342174214,215129.79019927979,5,next_close
2025-06-09,217605.32556339985,536.9481601405641,0.0024675322570822055,217068.37740325928,5,next_close
2025-06-10,216241.46287724262,536.9481601405641,0.0024830953000229304,215704.51471710205,5,next_close
2025-06-11,218689.37382694965,536.9481601405641,0.00245530064284447,218152.42566680908,5,next_close
2025-06-12,219994.72416874653,536.9481601405641,0.0024407319865029993,219457.77600860596,5,next_close
2025-06-13,221638.44082066303,536.9481601405641,0.0024226310118064375,221101.49266052246,5,next_close
2025-06-16,224536.27482792622,536.9481601405641,0.0023913648721216887,223999.32666778564,5,next_close
2025-06-17,223063.960969894,536.9481601405641,0.0024071488635182704,222527.01280975342,5,next_close
2025-06-18,223066.6985187221,536.9481601405641,0.0024071193221855917,222529.75035858154,5,next_close
2025-06-20,220875.8227100063,536.9481601405641,0.0024309956316293504,220338.87454986572,5,next_close
2025-06-23,224161.85456272846,536.9481601405641,0.002395359197879526,223624.9064025879,5,next_close
2025-06-24,226843.13124272114,536.9481601405641,0.0023670461485828815,226306.18308258057,5,next_close
2025-06-25,224918.20491215473,536.9481601405641,0.002387304132852552,224381.25675201416,5,next_close
2025-06-26,229245.81763645893,536.9481601405641,0.0023422375408046208,228708.86947631836,5,next_close
2025-06-27,220047.74746128803,536.9481601405641,0.0024401438612091536,219510.79930114746,5,next_close
2025-06-30,223673.50335881,536.9481601405641,0.0024005890374918875,223136.55519866943,5,next_close
2025-07-01,217099.0670225597,623.5584166026601,0.0028722298310838133,216475.50860595703,5,next_close
2025-07-02,218823.65555405384,623.5584166026601,0.0028495932719149217,218200.09713745117,5,next_close
2025-07-03,223188.3365614391,623.5584166026601,0.002793866499520272,222564.77814483643,5,next_close
2025-07-07,223367.5398161388,623.5584166026601,0.0027916250369947743,222743.98139953613,5,next_close
2025-07-08,220821.94080185657,623.5584166026601,0.002823806431273869,220198.3823852539,5,next_close
2025-07-09,224083.33547043568,623.5584166026601,0.0027827076712044437,223459.777053833,5,next_close
2025-07-10,222789.0314619518,623.5584166026601,0.002798873950440205,222165.47304534912,5,next_close
2025-07-11,223095.6975996471,623.5584166026601,0.0027950266334658643,222472.13918304443,5,next_close
2025-07-14,227798.44334244495,623.5584166026601,0.002737325187359937,227174.88492584229,5,next_close
2025-07-15,226538.09345078235,623.5584166026601,0.002752554358978634,225914.5350341797,5,next_close
2025-07-16,226774.00152420765,623.5584166026601,0.002749690936401705,226150.44310760498,5,next_close
2025-07-17,231363.92349076038,623.5584166026601,0.002695141088526545,230740.36507415771,5,next_close
2025-07-18,231620.29628586536,623.5584166026601,0.0026921579265793937,230996.7378692627,5,next_close
2025-07-21,229339.75306534534,623.5584166026601,0.0027189286125418946,228716.19464874268,5,next_close
2025-07-22,226886.28136276966,623.5584166026601,0.002748330189279489,226262.722946167,5,next_close
2025-07-23,239210.6596586681,623.5584166026601,0.0026067334018158783,238587.10124206543,5,next_close
2025-07-24,237696.97525620228,623.5584166026601,0.002623333409819608,237073.4168395996,5,next_close
2025-07-25,242546.1927168346,623.5584166026601,0.0025708851976524155,241922.63430023193,5,next_close
2025-07-28,245191.20503067737,623.5584166026601,0.002543151645772298,244567.6466140747,5,next_close
2025-07-29,243506.26271652943,623.5584166026601,0.0025607489912017464,242882.70429992676,5,next_close
2025-07-30,250031.24005722767,623.5584166026601,0.002493922025343468,249407.681640625,5,next_close
2025-07-31,249795.44100022083,623.5584166026601,0.0024962762094689664,249171.88258361816,5,next_close
2025-08-01,247641.879136169,446.4319773555253,0.001802732150607083,247195.44715881348,5,next_close
2025-08-04,252791.609604919,446.4319773555253,0.0017660078910579408,252345.17762756348,5,next_close
2025-08-05,251511.4590769649,446.4319773555253,0.001774996570708585,251065.02709960938,5,next_close
2025-08-06,263388.25624188187,446.4319773555253,0.00169495779244442,262941.82426452637,5,next_close
2025-08-07,261332.08676251178,446.4319773555253,0.0017082937762679903,260885.65478515625,5,next_close
2025-08-08,265620.8377848506,446.4319773555253,0.0016807114271551592,265174.4058074951,5,next_close
2025-08-11,264981.8783884883,446.4319773555253,0.0016847641811226582,264535.4464111328,5,next_close
2025-08-12,273726.7025156856,446.4319773555253,0.001630940544903335,273280.2705383301,5,next_close
2025-08-13,268180.17648419144,446.4319773555253,0.001664671800907109,267733.74450683594,5,next_close
2025-08-14,263183.22754009964,446.4319773555253,0.0016962782223175874,262736.79556274414,5,next_close
2025-08-15,259430.13409527545,446.4319773555253,0.0017208177412095604,258983.70211791992,5,next_close
2025-08-18,260976.15364178424,446.4319773555253,0.0017106236379293783,260529.7216644287,5,next_close
2025-08-19,246871.52052410846,446.4319773555253,0.0018083575473094257,246425.08854675293,5,next_close
2025-08-20,246575.21817883258,446.4319773555253,0.0018105305985443494,246128.78620147705,5,next_close
2025-08-21,247677.42341717487,446.4319773555253,0.0018024734398321752,247230.99143981934,5,next_close
2025-08-22,248363.11234387165,446.4319773555253,0.001797497112765349,247916.6803665161,5,next_close
2025-08-25,245287.70525463825,446.4319773555253,0.0018200340571170293,244841.27327728271,5,next_close
2025-08-26,251792.42945965534,446.4319773555253,0.0017730158857975397,251345.9974822998,5,next_close
2025-08-27,251920.71484478717,446.4319773555253,0.001772113014329052,251474.28286743164,5,next_close
2025-08-28,259242.01678570514,446.4319773555253,0.001722066441585182,258795.5848083496,5,next_close
2025-08-29,250592.89820965534,446.4319773555253,0.001781502909879049,250146.4662322998,5,next_close
2025-09-02,242021.1638002849,921.5941591716255,0.0038079073114949654,241099.56964111328,5,next_close
2025-09-03,243186.73491387133,921.5941591716255,0.00378965637043494,242265.1407546997,5,next_close
2025-09-04,250784.13475517993,921.5941591716255,0.003674850325246063,249862.5405960083,5,next_close
2025-09-05,250039.19655327563,921.5941591716255,0.003685798754257564,249117.602394104,5,next_close
2025-09-08,262509.57015709643,921.5941591716255,0.0035107068996383865,261587.9759979248,5,next_close
2025-09-09,264362.9001436687,921.5941591716255,0.0034860949046586448,263441.30598449707,5,next_close
2025-09-10,279947.7018557048,921.5941591716255,0.003292022592300645,279026.1076965332,5,next_close
2025-09-11,280349.09637169604,921.5941591716255,0.00328730918379614,279427.5022125244,5,next_close
2025-09-12,279046.1573763347,921.5941591716255,0.003302658484304876,278124.5632171631,5,next_close
2025-09-15,283962.23710350756,921.5941591716255,0.0032454814012318604,283040.64294433594,5,next_close
2025-09-16,285874.9594240642,921.5941591716255,0.003223766646187928,284953.3652648926,5,next_close
2025-09-17,289111.7268496013,921.5941591716255,0.0031876747761637758,288190.1326904297,5,next_close
2025-09-18,293822.81443505053,921.5941591716255,0.0031365643302533395,292901.2202758789,5,next_close
2025-09-19,294019.775845573,921.5941591716255,0.0031344631718094747,293098.18168640137,5,next_close
2025-09-22,294261.63165001635,921.5941591716255,0.0031318869334203063,293340.0374908447,5,next_close
2025-09-23,288205.12160973315,921.5941591716255,0.003197702226886803,287283.5274505615,5,next_close
2025-09-24,273929.0014467693,921.5941591716255,0.003364354100165303,273007.40728759766,5,next_close
2025-09-25,268559.9583254314,921.5941591716255,0.003431614172559822,267638.36416625977,5,next_close
2025-09-26,265795.0192690349,921.5941591716255,0.003467311621211373,264873.4251098633,5,next_close
2025-09-29,267997.55871300463,921.5941591716255,0.0034388155011462235,267075.964553833,5,next_close
2025-09-30,271265.3316469646,921.5941591716255,0.003397390125661264,270343.73748779297,5,next_close
2025-10-01,274767.1457518077,488.58000168566286,0.0017781601957862477,274278.56575012207,5,next_close
2025-10-02,283313.5154722667,488.58000168566286,0.001724520628220751,282824.93547058105,5,next_close
2025-10-03,274416.7211378551,488.58000168566286,0.0017804308704651472,273928.14113616943,5,next_close
2025-10-06,288075.4710997081,488.58000168566286,0.0016960138946247058,287586.89109802246,5,next_close
2025-10-07,281973.8564222789,488.58000168566286,0.0017327138334199833,281485.27642059326,5,next_close
2025-10-08,293072.2358702159,488.58000168566286,0.001667097533940491,292583.6558685303,5,next_close
2025-10-09,297482.1536177135,488.58000168566286,0.001642384243034371,296993.57361602783,5,next_close
2025-10-10,282910.4825361705,488.58000168566286,0.0017269773721558627,282421.90253448486,5,next_close
2025-10-13,288714.3830564952,488.58000168566286,0.0016922606920835607,288225.80305480957,5,next_close
2025-10-14,271062.78955063585,488.58000168566286,0.0018024606125231135,270574.2095489502,5,next_close
2025-10-15,271738.7083128429,488.58000168566286,0.0017979771991967317,271250.1283111572,5,next_close
2025-10-16,270074.6064146495,488.58000168566286,0.00180905568343415,269586.02641296387,5,next_close
2025-10-17,266748.4252089,488.58000168566286,0.0018316134436521558,266259.84520721436,5,next_close
2025-10-20,265885.4731977916,488.58000168566286,0.001837558087734298,265396.89319610596,5,next_close
2025-10-21,265464.8829496837,488.58000168566286,0.0018404694295413397,264976.30294799805,5,next_close
2025-10-22,260010.82553848985,488.58000168566286,0.0018790756141549097,259522.2455368042,5,next_close
2025-10-23,273512.9189375377,488.58000168566286,0.0017863141660129046,273024.33893585205,5,next_close
2025-10-24,275694.90155777696,488.58000168566286,0.0017721764128571377,275206.3215560913,5,next_close
2025-10-27,282797.0505217052,488.58000168566286,0.0017276700757109327,282308.47052001953,5,next_close
2025-10-28,280270.013351295,488.58000168566286,0.0017432475056590113,279781.4333496094,5,next_close
2025-10-29,289886.9435118175,488.58000168566286,0.0016854156857386904,289398.36351013184,5,next_close
2025-10-30,284389.62352738145,488.58000168566286,0.0017179951772699669,283901.0435256958,5,next_close
2025-10-31,294318.8812864757,488.58000168566286,0.0016600362149722322,293830.30128479004,5,next_close
2025-11-03,296580.2545281482,628.3737450671542,0.002118730884720836,295951.88078308105,5,next_close
2025-11-04,281755.0908776355,628.3737450671542,0.0022302125690429955,281126.71713256836,5,next_close
2025-11-05,289930.40629206423,628.3737450671542,0.002167326128719855,289302.03254699707,5,next_close
2025-11-06,278464.7035180164,628.3737450671542,0.002256565148575461,277836.3297729492,5,next_close
2025-11-07,275793.2126885486,628.3737450671542,0.002278423529504232,275164.83894348145,5,next_close
2025-11-10,289975.79253779177,628.3737450671542,0.002166986904554317,289347.4187927246,5,next_close
2025-11-11,279149.22558222536,628.3737450671542,0.002251031661494122,278520.8518371582,5,next_close
2025-11-12,273011.64150629763,628.3737450671542,0.0023016371814776966,272383.26776123047,5,next_close
2025-11-13,256744.6754571033,628.3737450671542,0.002447465537302418,256116.30171203613,5,next_close
2025-11-14,260191.0554619861,628.3737450671542,0.002415047450233967,259562.68171691895,5,next_close
2025-11-17,259114.13572321658,628.3737450671542,0.002425084773215065,258485.7619781494,5,next_close
2025-11-18,251707.24740229372,628.3737450671542,0.002496446771208178,251078.87365722656,5,next_close
2025-11-19,254085.08469782595,628.3737450671542,0.002473083950655569,253456.7109527588,5,next_close
2025-11-20,238444.36899958376,628.3737450671542,0.002635305449667596,237815.9952545166,5,next_close
2025-11-21,239512.8882103992,628.3737450671542,0.002623548777530342,238884.51446533203,5,next_close
2025-11-24,253285.95510493044,628.3737450671542,0.0024808866516378048,252657.58135986328,5,next_close
2025-11-25,255733.39507685427,628.3737450671542,0.0024571438739094367,255105.0213317871,5,next_close
2025-11-26,262476.5735741687,628.3737450671542,0.0023940183937580734,261848.19982910156,5,next_close
2025-11-28,271282.43778620486,628.3737450671542,0.0023163082365190543,270654.0640411377,5,next_close
2025-12-01,271988.0792690921,992.6402584720126,0.003649572661932516,270995.4390106201,5,next_close
2025-12-02,272639.33120695833,992.6402584720126,0.0036408549495689137,271646.6909484863,5,next_close
2025-12-03,259203.11804167513,992.6402584720126,0.003829584558903393,258210.47778320312,5,next_close
2025-12-04,263264.68359343294,992.6402584720126,0.0037705029209499853,262272.04333496094,5,next_close
2025-12-05,271461.21539274935,992.6402584720126,0.0036566559132061036,270468.57513427734,5,next_close
2025-12-08,273741.25085417513,992.6402584720126,0.0036261990305611726,272748.6105957031,5,next_close
2025-12-09,271199.60826079134,992.6402584720126,0.0036601832312289644,270206.96800231934,5,next_close
2025-12-10,282673.613784473,992.6402584720126,0.003511612722469597,281680.973526001,5,next_close
2025-12-11,284736.50276152376,992.6402584720126,0.0034861714211029053,283743.86250305176,5,next_close
2025-12-12,268916.3415829349,992.6402584720126,0.0036912604590297027,267923.7013244629,5,next_close
2025-12-15,265276.0757748294,992.6402584720126,0.003741913987428635,264283.4355163574,5,next_close
2025-12-16,264372.02790800814,992.6402584720126,0.003754709854619776,263379.38764953613,5,next_close
2025-12-17,253657.85253874544,992.6402584720126,0.003913303879762168,252665.21228027344,5,next_close
2025-12-18,264471.65470854525,992.6402584720126,0.003753295450757959,263479.01445007324,5,next_close
2025-12-19,275612.63058439974,992.6402584720126,0.0036015775342634034,274619.99032592773,5,next_close
2025-12-22,277791.8442227054,992.6402584720126,0.0035733239802253304,276799.2039642334,5,next_close
2025-12-23,278291.29882780794,992.6402584720126,0.003566910868766351,277298.65856933594,5,next_close
2025-12-24,281939.96302763704,992.6402584720126,0.003520750474010346,280947.32276916504,5,next_close
2025-12-26,283427.7157437015,992.6402584720126,0.003502269549988679,282435.0754852295,5,next_close
2025-12-29,283629.6674496341,992.6402584720126,0.0034997758429071314,282637.0271911621,5,next_close
2025-12-30,280208.1861874271,992.6402584720126,0.003542509845904539,279215.5459289551,5,next_close
2025-12-31,275638.73309294466,992.6402584720126,0.003601236471135923,274646.09283447266,5,next_close
2026-01-02,294085.33489186055,859.3103175807482,0.0029219760920643294,293226.0245742798,5,next_close
2026-01-05,296382.38104206807,859.3103175807482,0.0028993299620559397,295523.0707244873,5,next_close
2026-01-06,319916.9688945461,859.3103175807482,0.002686041695600091,319057.65857696533,5,next_close
2026-01-07,326058.0093150783,859.3103175807482,0.0026354522601233646,325198.69899749756,5,next_close
2026-01-08,323703.9829555202,859.3103175807482,0.0026546176841414555,322844.67263793945,5,next_close
2026-01-09,347017.0492549587,859.3103175807482,0.00247627694208592,346157.73893737793,5,next_close
2026-01-12,350888.1421962429,859.3103175807482,0.002448957984736223,350028.8318786621,5,next_close
2026-01-13,348942.83573872334,859.3103175807482,0.0024626105756307055,348083.5254211426,5,next_close
2026-01-14,349998.0480189968,859.3103175807482,0.002455186028734959,349138.737701416,5,next_close
2026-01-15,358445.5869060207,859.3103175807482,0.002397324305197952,357586.27658843994,5,next_close
2026-01-16,372071.7982783962,859.3103175807482,0.0023095282188997954,371212.48796081543,5,next_close
2026-01-20,367465.75910908467,859.3103175807482,0.0023384772493201364,366606.4487915039,5,next_close
2026-01-21,377413.05642658955,859.3103175807482,0.002276843111144175,376553.7461090088,5,next_close
2026-01-22,388449.688628738,859.3103175807482,0.0022121534467286876,387590.3783111572,5,next_close
2026-01-23,384699.86333424336,859.3103175807482,0.002233716201854076,383840.5530166626,5,next_close
2026-01-26,360441.5081020046,859.3103175807482,0.002384049279190021,359582.1977844238,5,next_close
2026-01-27,376891.77367359883,859.3103175807482,0.002279992235449905,376032.46335601807,5,next_close
2026-01-28,396209.8835445095,859.3103175807482,0.002168826052225966,395350.5732269287,5,next_close
2026-01-29,397449.7755122829,859.3103175807482,0.0021620601407389443,396590.46519470215,5,next_close
2026-01-30,374431.4479671169,859.3103175807482,0.0022949736787499057,373572.13764953613,5,next_close
2026-02-02,383734.56333805807,880.1544177699543,0.0022936542648480844,382854.4089202881,5,next_close
2026-02-03,390616.242270248,880.1544177699543,0.0022532458267852033,389736.087852478,5,next_close
2026-02-04,359750.34110142477,880.1544177699543,0.002446570071553626,358870.1866836548,5,next_close
2026-02-05,352358.05682255514,880.1544177699543,0.002497897808004979,351477.90240478516,5,next_close
2026-02-06,374264.408034103,880.1544177699543,0.002351691475000622,373384.253616333,5,next_close
2026-02-09,372097.1130664516,880.1544177699543,0.002365388998900323,371216.95864868164,5,next_close
2026-02-10,355357.28669621237,880.1544177699543,0.0024768154494672857,354477.1322784424,5,next_close
2026-02-11,373546.4402835537,880.1544177699543,0.0023562114983664197,372666.2858657837,5,next_close
2026-02-12,370458.046705978,880.1544177699543,0.0023758545011940526,369577.892288208,5,next_close
2026-02-13,369529.1418368984,880.1544177699543,0.0023818268118037467,368648.9874191284,5,next_close
2026-02-17,369192.22727848776,880.1544177699543,0.0023840004007073512,368312.0728607178,5,next_close
2026-02-18,381877.4904925991,880.1544177699543,0.0023048083212095266,380997.3360748291,5,next_close
2026-02-19,377212.9480579067,880.1544177699543,0.0023333091355995554,376332.7936401367,5,next_close
2026-02-20,378948.17663456686,880.1544177699543,0.002322624759898814,378068.0222167969,5,next_close
2026-02-23,376672.02194859274,880.1544177699543,0.0023366599229131904,375791.86753082275,5,next_close
2026-02-24,373493.0282657314,880.1544177699543,0.0023565484524753844,372612.8738479614,5,next_close
2026-02-25,384212.43778111227,880.1544177699543,0.002290801471324004,383332.2833633423,5,next_close
2026-02-26,375546.1587360073,880.1544177699543,0.0023436650789674693,374666.0043182373,5,next_close
2026-02-27,368978.7720248867,880.1544177699543,0.0023853795516198153,368098.6176071167,5,next_close
2026-03-02,367841.7146460605,1039.6264502597296,0.002826287527666797,366802.0881958008,5,next_close
2026-03-03,349895.92185278656,1039.6264502597296,0.0029712448340484996,348856.29540252686,5,next_close
2026-03-04,366777.58914252045,1039.6264502597296,0.0028344873870026917,365737.96269226074,5,next_close
2026-03-05,356977.5525519443,1039.6264502597296,0.002912302028034248,355937.92610168457,5,next_close
2026-03-06,337921.591957767,1039.6264502597296,0.003076531583071083,336881.9655075073,5,next_close
2026-03-09,353745.42478247406,1039.6264502597296,0.002938911367967569,352705.79833221436,5,next_close
2026-03-10,358440.18150397064,1039.6264502597296,0.0029004182675546747,357400.55505371094,5,next_close
2026-03-11,364863.54488440277,1039.6264502597296,0.0028493568755659253,363823.91843414307,5,next_close
2026-03-12,353039.83563299896,1039.6264502597296,0.0029447851073114277,352000.20918273926,5,next_close
2026-03-13,362939.3989417148,1039.6264502597296,0.0028644629194051357,361899.7724914551,5,next_close
2026-03-16,377895.7628790927,1039.6264502597296,0.002751093164789881,376856.136428833,5,next_close
2026-03-17,399298.47937079193,1039.6264502597296,0.0026036323802133086,398258.8529205322,5,next_close
2026-03-18,392295.43332739593,1039.6264502597296,0.00265011101822359,391255.80687713623,5,next_close
2026-03-19,398156.7560278964,1039.6264502597296,0.0026110983539028264,397117.1295776367,5,next_close
2026-03-20,377804.5858237338,1039.6264502597296,0.002751757096841517,376764.9593734741,5,next_close
2026-03-23,375439.51338263275,1039.6264502597296,0.0027690917263686744,374399.88693237305,5,next_close
2026-03-24,376486.9777152133,1039.6264502597296,0.002761387542721693,375447.3512649536,5,next_close
2026-03-25,373092.30481024506,1039.6264502597296,0.0027865127124197435,372052.67835998535,5,next_close
2026-03-26,346743.2146460605,1039.6264502597296,0.002998260402358363,345703.5881958008,5,next_close
2026-03-27,343553.2485205722,1039.6264502597296,0.003026099897866272,342513.6220703125,5,next_close
2026-03-30,319934.02289648773,1039.6264502597296,0.003249502634473149,318894.396446228,5,next_close
2026-03-31,341918.4142691684,1039.6264502597296,0.003040568763989718,340878.7878189087,5,next_close
2026-04-01,363394.5944289089,236649.47379292254,0.6512190258768926,126745.12063598633,5,next_close
2026-04-02,363096.0687559963,236649.47379292254,0.6517544367905372,126446.59496307373,5,next_close
2026-04-06,364712.05384053,236649.47379292254,0.6488666094277139,128062.58004760742,5,next_close
2026-04-07,365770.8163451076,236649.47379292254,0.6469883960606685,129121.34255218506,5,next_close
2026-04-08,375125.8688429714,236649.47379292254,0.6308535173083053,138476.39505004883,5,next_close
2026-04-09,379266.63999165304,236649.47379292254,0.6239659617785808,142617.16619873047,5,next_close
2026-04-10,380437.7894438625,236649.47379292254,0.6220451289522662,143788.31565093994,5,next_close
2026-04-13,396705.07842243917,236649.47379292254,0.5965375455590254,160055.6046295166,5,next_close
2026-04-14,403620.7812422634,236649.47379292254,0.5863163761404038,166971.30744934082,5,next_close
2026-04-15,402001.38716877706,236649.47379292254,0.5886782517334129,165351.9133758545,5,next_close
2026-04-16,401318.99990071065,236649.47379292254,0.5896792174092714,164669.5261077881,5,next_close
2026-04-17,403050.3911208034,236649.47379292254,0.5871461211955338,166400.91732788086,5,next_close
2026-04-20,401551.7860945583,236649.47379292254,0.589337370640398,164902.31230163574,5,next_close
2026-04-21,402711.2639235378,236649.47379292254,0.5876405628372362,166061.79013061523,5,next_close
2026-04-22,406403.1422499538,236649.47379292254,0.5823022737540101,169753.66845703125,5,next_close
2026-04-23,403510.70317829854,236649.47379292254,0.5864763237478602,166861.22938537598,5,next_close
2026-04-24,407485.2070235134,236649.47379292254,0.5807559874910183,170835.73323059082,5,next_close
2026-04-27,409407.7061690212,236649.47379292254,0.5780288700653412,172758.23237609863,5,next_close
2026-04-28,407773.9681471706,236649.47379292254,0.5803447308522471,171124.49435424805,5,next_close
2026-04-29,411828.9932478786,236649.47379292254,0.5746304356247302,175179.51945495605,5,next_close
2026-04-30,417451.7781752468,236649.47379292254,0.5668905635696605,180802.30438232422,5,next_close
2026-05-01,419476.8292234111,3030.1662595439266,0.0072236797087308876,416446.6629638672,5,next_close
2026-05-04,438554.4741819072,3030.1662595439266,0.006909440988366361,435524.3079223633,5,next_close
2026-05-05,472862.671752708,3030.1662595439266,0.0064081316639191315,469832.50549316406,5,next_close
2026-05-06,486468.6372678447,3030.1662595439266,0.006228903627913731,483438.4710083008,5,next_close
2026-05-07,465821.99362160446,3030.1662595439266,0.006504987529647183,462791.82736206055,5,next_close
2026-05-08,510262.75338722946,3030.1662595439266,0.005938442967724094,507232.58712768555,5,next_close
2026-05-11,526314.8959043194,3030.1662595439266,0.005757325667816157,523284.7296447754,5,next_close
2026-05-12,504030.1300046611,3030.1662595439266,0.006011875241497775,500999.9637451172,5,next_close
2026-05-13,512905.76983620407,3030.1662595439266,0.005907842020399979,509875.60357666016,5,next_close
2026-05-14,500756.7603147197,3030.1662595439266,0.006051173942493563,497726.5940551758,5,next_close
2026-05-15,490497.41705300094,3030.1662595439266,0.006177741521555251,487467.25079345703,5,next_close
2026-05-18,468289.3170468974,3030.1662595439266,0.006470714042021306,465259.1507873535,5,next_close
2026-05-19,476123.1005551982,3030.1662595439266,0.006364249615300133,473092.9342956543,5,next_close
2026-05-20,486972.77655007126,3030.1662595439266,0.00622245514628344,483942.61029052734,5,next_close
2026-05-21,517840.62432839157,3030.1662595439266,0.005851542187277932,514810.45806884766,5,next_close
2026-05-22,508192.2602842021,3030.1662595439266,0.005962637561322426,505162.0940246582,5,next_close
2026-05-26,556179.9880063701,3030.1662595439266,0.005448175635383021,553149.8217468262,5,next_close
2026-05-27,561265.96646096,3030.1662595439266,0.005398806342473459,558235.800201416,5,next_close
2026-05-28,566939.5556943584,3030.1662595439266,0.005344778343844318,563909.3894348145,5,next_close
2026-05-29,580991.3081357647,3030.1662595439266,0.005215510485461246,577961.1418762207,5,next_close
2026-06-01,604034.8210141826,3030.1662595439266,0.005016542348429907,601004.6547546387,5,next_close
2026-06-02,605336.7865293194,3030.1662595439266,0.005005752709854783,602306.6202697754,5,next_close
2026-06-03,631683.6249082256,3030.1662595439266,0.004796968197464617,628653.4586486816,5,next_close
2026-06-04,605380.9353330303,3030.1662595439266,0.0050053876537704,602350.7690734863,5,next_close
2026-06-05,539732.0055539776,3030.1662595439266,0.005614205250685074,536701.8392944336,5,next_close
2026-06-08,568233.7187497783,3030.1662595439266,0.0053326055099490845,565203.5524902344,5,next_close
2026-06-09,565179.1248471905,3030.1662595439266,0.005361426362594697,562148.9585876465,5,next_close
2026-06-10,548242.3228147198,3030.1662595439266,0.005527056437355678,545212.1565551758,5,next_close
2026-06-11,608166.4349668194,3030.1662595439266,0.004982462177001347,605136.2687072754,5,next_close
2026-06-12,628242.8104551006,3030.1662595439266,0.004823240646954426,625212.6441955566,5,next_close
2026-06-15,687383.0207517315,3030.1662595439266,0.0044082646327663075,684352.8544921875,5,next_close
2026-06-16,667539.9508054424,3030.1662595439266,0.004539303237038891,664509.7845458984,5,next_close
2026-06-17,676522.1249387432,3030.1662595439266,0.004479034975860247,673491.9586791992,5,next_close
2026-06-18,728080.9331357647,3030.1662595439266,0.004161853609451539,725050.7668762207,5,next_close
2026-06-22,749900.7738340069,3030.1662595439266,0.004040756277729438,746870.6075744629,5,next_close
2026-06-23,671699.1322934795,3030.1662595439266,0.00451119573312175,668668.9660339355,5,next_close
