date,equity_usd,cash_usd,cash_weight,stock_value_usd,position_count,fill_mode
2019-07-01,99768.85140806198,7309.414632854453,0.07326349386301348,92459.43677520752,15,next_close
2019-07-02,100045.28811079025,7309.414632854453,0.07306105835549197,92735.87347793579,15,next_close
2019-07-03,100696.90945058822,7309.414632854453,0.07258827180233539,93387.49481773376,15,next_close
2019-07-05,100785.77877241134,7309.414632854453,0.07252426604114608,93476.36413955688,15,next_close
2019-07-08,100962.12017446518,7309.414632854453,0.07239759446635623,93652.70554161072,15,next_close
2019-07-09,101557.53711515426,7309.414632854453,0.07197313799138748,94248.1224822998,15,next_close
2019-07-10,102008.66998106003,7309.414632854453,0.07165483712523253,94699.25534820557,15,next_close
2019-07-11,101327.57141119003,7309.414632854453,0.07213648300315667,94018.15677833557,15,next_close
2019-07-12,101842.83939748764,7309.414632854453,0.07177151261784998,94533.42476463318,15,next_close
2019-07-15,102222.6345177269,7309.414632854453,0.07150485474512881,94913.21988487244,15,next_close
2019-07-16,102830.57388120651,7309.414632854453,0.07108211455961089,95521.15924835205,15,next_close
2019-07-17,102006.86787038803,7309.414632854453,0.07165610301986668,94697.45323753357,15,next_close
2019-07-18,102087.4050140953,7309.414632854453,0.07159957324652572,94777.99038124084,15,next_close
2019-07-19,101410.80535703659,7309.414632854453,0.07207727625394778,94101.39072418213,15,next_close
2019-07-22,102125.69167715072,7309.414632854453,0.07157273074792636,94816.27704429626,15,next_close
2019-07-23,102249.46962743759,7309.414632854453,0.0714860884803362,94940.05499458313,15,next_close
2019-07-24,103405.74761396408,7309.414632854453,0.07068673455311276,96096.33298110962,15,next_close
2019-07-25,103518.50133329391,7309.414632854453,0.0706097416279304,96209.08670043945,15,next_close
2019-07-26,104285.67853551864,7309.414632854453,0.07009030132900694,96976.26390266418,15,next_close
2019-07-29,103176.56774145126,7309.414632854453,0.07084374672329685,95867.1531085968,15,next_close
2019-07-30,102752.43567663193,7309.414632854453,0.0711361690330886,95443.02104377747,15,next_close
2019-07-31,102106.936683712,7309.414632854453,0.07158587722101786,94797.52205085754,15,next_close
2019-08-01,101871.879986186,8977.43851890085,0.08812479479242168,92894.44146728516,15,next_close
2019-08-02,100979.45760383127,8977.43851890085,0.08890361200118227,92002.01908493042,15,next_close
2019-08-05,97655.2499031019,8977.43851890085,0.09192991188705865,88677.81138420105,15,next_close
2019-08-06,101405.86138762948,8977.43851890085,0.08852977920658943,92428.42286872864,15,next_close
2019-08-07,101824.11409797189,8977.43851890085,0.08816613430354078,92846.67557907104,15,next_close
2019-08-08,104353.33113517282,8977.43851890085,0.08602924718590951,95375.89261627197,15,next_close
2019-08-09,103539.04911841867,8977.43851890085,0.0867058235065812,94561.61059951782,15,next_close
2019-08-12,101921.25904693124,8977.43851890085,0.08808209987640604,92943.8205280304,15,next_close
2019-08-13,103114.34666289804,8977.43851890085,0.08706294331912841,94136.90814399719,15,next_close
2019-08-14,100046.47683372018,8977.43851890085,0.08973268028040192,91069.03831481934,15,next_close
2019-08-15,100560.37905539987,8977.43851890085,0.08927411176478438,91582.94053649902,15,next_close
2019-08-16,103112.62550582406,8977.43851890085,0.08706439657473158,94135.18698692322,15,next_close
2019-08-19,103651.28370322702,8977.43851890085,0.0866119376254416,94673.84518432617,15,next_close
2019-08-20,102803.5435031843,8977.43851890085,0.08732615835000647,93826.10498428345,15,next_close
2019-08-21,104505.65857161996,8977.43851890085,0.08590385096466732,95528.22005271912,15,next_close
2019-08-22,104342.86977805612,8977.43851890085,0.08603787242958172,95365.43125915527,15,next_close
2019-08-23,102182.57327308175,8977.43851890085,0.0878568451678032,93205.13475418091,15,next_close
2019-08-26,103290.11535682199,8977.43851890085,0.08691478838887673,94312.67683792114,15,next_close
2019-08-27,103103.00056876657,8977.43851890085,0.08707252426580128,94125.56204986572,15,next_close
2019-08-28,103047.5397304487,8977.43851890085,0.0871193872496519,94070.10121154785,15,next_close
2019-08-29,104127.14260520456,8977.43851890085,0.08621612285029834,95149.70408630371,15,next_close
2019-08-30,104103.36438979623,8977.43851890085,0.08623581544671749,95125.92587089539,15,next_close
2019-09-03,103250.63195714474,25380.071356863977,0.24581032460312924,77870.56060028076,13,next_close
2019-09-04,104424.23767385006,25380.071356863977,0.24304770542001916,79044.16631698608,13,next_close
2019-09-05,105460.05664739132,25380.071356863977,0.24066051321898074,80079.98529052734,13,next_close
2019-09-06,105246.91049108029,25380.071356863977,0.24114789914916265,79866.83913421631,13,next_close
2019-09-09,103400.49064359188,25380.071356863977,0.2454540708549034,78020.4192867279,13,next_close
2019-09-10,101176.72653874874,25380.071356863977,0.2508489078972514,75796.65518188477,13,next_close
2019-09-11,102335.55350980282,25380.071356863977,0.24800834594042426,76955.48215293884,13,next_close
2019-09-12,103528.26710233212,25380.071356863977,0.24515112700357616,78148.19574546814,13,next_close
2019-09-13,103277.40677556515,25380.071356863977,0.24574659791776218,77897.33541870117,13,next_close
2019-09-16,102881.14307698727,25380.071356863977,0.24669313148933178,77501.07172012329,13,next_close
2019-09-17,103744.24999532223,25380.071356863977,0.2446407522152635,78364.17863845825,13,next_close
2019-09-18,102312.80627355099,25380.071356863977,0.2480634857087779,76932.73491668701,13,next_close
2019-09-19,102694.95614156246,25380.071356863977,0.24714038849072759,77314.88478469849,13,next_close
2019-09-20,101316.94013890743,25380.071356863977,0.250501755403069,75936.86878204346,13,next_close
2019-09-23,101598.71091756344,25380.071356863977,0.2498070214439749,76218.63956069946,13,next_close
2019-09-24,100826.07465466976,25380.071356863977,0.2517213076457747,75446.00329780579,13,next_close
2019-09-25,101828.61074933529,25380.071356863977,0.24924302875289547,76448.53939247131,13,next_close
2019-09-26,101228.82324895382,25380.071356863977,0.2507198102505481,75848.75189208984,13,next_close
2019-09-27,99964.93790730953,25380.071356863977,0.2538897326220233,74584.86655044556,13,next_close
2019-09-30,100742.60726842404,25380.071356863977,0.2519298640866019,75362.53591156006,13,next_close
2019-10-01,99690.35345991851,13789.251665675645,0.13832082229721204,85901.10179424286,15,next_close
2019-10-02,98378.19600828887,13789.251665675645,0.14016573006191158,84588.94434261322,15,next_close
2019-10-03,99333.94256552459,13789.251665675645,0.1388171183941452,85544.69089984894,15,next_close
2019-10-04,100292.86812838317,13789.251665675645,0.13748985269844174,86503.61646270752,15,next_close
2019-10-07,99866.28050860167,13789.251665675645,0.1380771527231151,86077.02884292603,15,next_close
2019-10-08,98314.70890864135,13789.251665675645,0.1402562426186835,84525.4572429657,15,next_close
2019-10-09,99590.3469768405,13789.251665675645,0.13845972109006008,85801.09531116486,15,next_close
2019-10-10,100080.34449442626,13789.251665675645,0.13778181655283575,86291.09282875061,15,next_close
2019-10-11,101253.50793608428,13789.251665675645,0.13618542158934419,87464.25627040863,15,next_close
2019-10-14,101074.14436300994,13789.251665675645,0.13642709273057266,87284.89269733429,15,next_close
2019-10-15,102641.4449230075,13789.251665675645,0.134343896620114,88852.19325733185,15,next_close
2019-10-16,101700.89198740722,13789.251665675645,0.13558633947264745,87911.64032173157,15,next_close
2019-10-17,102733.32830771209,13789.251665675645,0.13422374114438673,88944.07664203644,15,next_close
2019-10-18,102105.1694208026,13789.251665675645,0.13504949596475832,88315.91775512695,15,next_close
2019-10-21,102979.86882075072,13789.251665675645,0.13390240076609103,89190.61715507507,15,next_close
2019-10-22,101803.64527186156,13789.251665675645,0.13544948836411638,88014.39360618591,15,next_close
2019-10-23,101679.7569404483,13789.251665675645,0.13561452230606452,87890.50527477264,15,next_close
2019-10-24,104153.80134257079,13789.251665675645,0.1323931674881612,90364.54967689514,15,next_close
2019-10-25,104802.6515050769,13789.251665675645,0.13157349997969908,91013.39983940125,15,next_close
2019-10-28,106449.28848894835,13789.251665675645,0.12953822295493553,92660.0368232727,15,next_close
2019-10-29,104832.34380110503,13789.251665675645,0.13153623362497305,91043.09213542938,15,next_close
2019-10-30,104019.19762285949,13789.251665675645,0.1325644879099249,90229.94595718384,15,next_close
2019-10-31,102954.80417021514,13789.251665675645,0.13393499970023623,89165.55250453949,15,next_close
2019-11-01,104105.0987531829,14918.883636682043,0.14330598419634,89186.21511650085,13,next_close
2019-11-04,103775.82974645378,14918.883636682043,0.1437606779259874,88856.94610977173,13,next_close
2019-11-05,103815.7677061248,14918.883636682043,0.14370537314633638,88896.88406944275,13,next_close
2019-11-06,104041.10808488609,14918.883636682043,0.14339412479642064,89122.22444820404,13,next_close
2019-11-07,102904.82129403831,14918.883636682043,0.14497749910135993,87985.93765735626,13,next_close
2019-11-08,103464.51485463859,14918.883636682043,0.14419324014269216,88545.63121795654,13,next_close
2019-11-11,103769.71460363151,14918.883636682043,0.14376914973378893,88850.83096694946,13,next_close
2019-11-12,104158.09947988273,14918.883636682043,0.14323306311443884,89239.21584320068,13,next_close
2019-11-13,104612.67862912895,14918.883636682043,0.14261066471275638,89693.7949924469,13,next_close
2019-11-14,105236.86012861015,14918.883636682043,0.14176481147812325,90317.9764919281,13,next_close
2019-11-15,106785.07007047416,14918.883636682043,0.1397094521437888,91866.18643379211,13,next_close
2019-11-18,106716.22427388908,14918.883636682043,0.13979958284873784,91797.34063720703,13,next_close
2019-11-19,105777.26300451042,14918.883636682043,0.1410405526946362,90858.37936782837,13,next_close
2019-11-20,104234.40933057548,14918.883636682043,0.14312820240931542,89315.52569389343,13,next_close
2019-11-21,102649.73563215019,14918.883636682043,0.14533776969620765,87730.85199546814,13,next_close
2019-11-22,102403.88327905418,14918.883636682043,0.1456866981892431,87484.99964237213,13,next_close
2019-11-25,104327.12736055137,14918.883636682043,0.14300100092972787,89408.24372386932,13,next_close
2019-11-26,104965.23722287895,14918.883636682043,0.1421316621711995,90046.3535861969,13,next_close
2019-11-27,105093.20813390495,14918.883636682043,0.1419585899183236,90174.3244972229,13,next_close
2019-11-29,104133.48703309776,14918.883636682043,0.1432669169326888,89214.60339641571,13,next_close
2019-12-02,101701.31013998031,3335.1824162864705,0.032793898246698795,98366.12772369385,15,next_close
2019-12-03,101012.0621045494,3335.1824162864705,0.033017664888718865,97676.87968826294,15,next_close
2019-12-04,102204.27330812454,3335.1824162864705,0.03263251435907765,98869.09089183807,15,next_close
2019-12-05,103377.4292958641,3335.1824162864705,0.03226219145710468,100042.24687957764,15,next_close
2019-12-06,104253.92161497116,3335.1824162864705,0.03199095405354544,100918.73919868469,15,next_close
2019-12-09,103659.92768224716,3335.1824162864705,0.03217426917863512,100324.7452659607,15,next_close
2019-12-10,103718.80402835846,3335.1824162864705,0.03215600534088858,100383.62161207199,15,next_close
2019-12-11,105108.51883348465,3335.1824162864705,0.031730847825666195,101773.33641719818,15,next_close
2019-12-12,106272.98404439926,3335.1824162864705,0.03138316333427771,102937.8016281128,15,next_close
2019-12-13,106005.52862724304,3335.1824162864705,0.03146234408220611,102670.34621095657,15,next_close
2019-12-16,107480.07646593094,3335.1824162864705,0.031030703791354832,104144.89404964447,15,next_close
2019-12-17,108472.19073518753,3335.1824162864705,0.03074688907527119,105137.00831890106,15,next_close
2019-12-18,108609.58024009704,3335.1824162864705,0.030707994717533865,105274.39782381058,15,next_close
2019-12-19,110233.48306306839,3335.1824162864705,0.03025562037605486,106898.30064678192,15,next_close
2019-12-20,110627.1796692276,3335.1824162864705,0.030147947604364313,107291.99725294113,15,next_close
2019-12-23,110889.82038721084,3335.1824162864705,0.030076542685708273,107554.63797092438,15,next_close
2019-12-24,111367.66364273071,3335.1824162864705,0.029947493798431386,108032.48122644424,15,next_close
2019-12-26,111799.91009840011,3335.1824162864705,0.029831709286268895,108464.72768211365,15,next_close
2019-12-27,111230.12083610534,3335.1824162864705,0.029984525695164656,107894.93841981888,15,next_close
2019-12-30,110647.13731750488,3335.1824162864705,0.030142509757989277,107311.95490121841,15,next_close
2019-12-31,111021.69812330246,3335.1824162864705,0.03004081609869058,107686.51570701599,15,next_close
2020-01-02,112412.11332826136,3391.7221663427263,0.03017221245933127,109020.39116191864,15,next_close
2020-01-03,111500.17885140894,3391.7221663427263,0.03041898408847142,108108.45668506622,15,next_close
2020-01-06,111180.62749652384,3391.7221663427263,0.03050641323686333,107788.90533018112,15,next_close
2020-01-07,112013.4213874769,3391.7221663427263,0.030279605107410106,108621.69922113419,15,next_close
2020-01-08,113123.64168719767,3391.7221663427263,0.029982434403246154,109731.91952085495,15,next_close
2020-01-09,113600.88010243891,3391.7221663427263,0.029856477901265038,110209.15793609619,15,next_close
2020-01-10,112801.36077003,3391.7221663427263,0.030068096193072408,109409.63860368729,15,next_close
2020-01-13,114774.16719274042,3391.7221663427263,0.029551267931633103,111382.4450263977,15,next_close
2020-01-14,114490.96175126551,3391.7221663427263,0.029624366102464297,111099.23958492279,15,next_close
2020-01-15,112425.28670863627,3391.7221663427263,0.030168677044451614,109033.56454229355,15,next_close
2020-01-16,114048.78263024805,3391.7221663427263,0.02973922288446394,110657.06046390533,15,next_close
2020-01-17,114168.54752282618,3391.7221663427263,0.029708025896226852,110776.82535648346,15,next_close
2020-01-21,114654.54456881998,3391.7221663427263,0.029582099681246272,111262.82240247726,15,next_close
2020-01-22,115979.12640313624,3391.7221663427263,0.029244246542721064,112587.40423679352,15,next_close
2020-01-23,117220.93318633555,3391.7221663427263,0.028934440924055872,113829.21101999283,15,next_close
2020-01-24,115397.90994624613,3391.7221663427263,0.02939153896221028,112006.18777990341,15,next_close
2020-01-27,112394.24016932963,3391.7221663427263,0.03017701050545708,109002.51800298691,15,next_close
2020-01-28,114733.35730151652,3391.7221663427263,0.0295617791208651,111341.6351351738,15,next_close
2020-01-29,114061.86854342936,3391.7221663427263,0.029735811009016733,110670.14637708664,15,next_close
2020-01-30,114878.12017039774,3391.7221663427263,0.02952452704929201,111486.39800405502,15,next_close
2020-01-31,111474.78545360087,3391.7221663427263,0.03042591338069417,108083.06328725815,15,next_close
2020-02-03,114080.1551692748,10173.112126138214,0.08917512525331958,103907.0430431366,14,next_close
2020-02-04,117833.25315168142,10173.112126138214,0.08633481512254293,107660.14102554321,14,next_close
2020-02-05,115135.24634816885,10173.112126138214,0.08835793077104065,104962.13422203064,14,next_close
2020-02-06,115114.06269529104,10173.112126138214,0.08837419067613504,104940.95056915283,14,next_close
2020-02-07,113978.5610816741,10173.112126138214,0.08925461095133869,103805.44895553589,14,next_close
2020-02-10,116158.7136256957,10173.112126138214,0.08757941448042861,105985.6014995575,14,next_close
2020-02-11,117634.91058995962,10173.112126138214,0.08648038303525953,107461.79846382141,14,next_close
2020-02-12,119108.50046231985,10173.112126138214,0.08541046261728812,108935.38833618164,14,next_close
2020-02-13,120806.9789645934,10173.112126138214,0.08420963932158083,110633.8668384552,14,next_close
2020-02-14,121702.42994954824,10173.112126138214,0.08359004935526332,111529.31782341003,14,next_close
2020-02-18,123068.52157094717,10173.112126138214,0.08266217873003022,112895.40944480896,14,next_close
2020-02-19,125084.81923368215,10173.112126138214,0.08132971041939879,114911.70710754395,14,next_close
2020-02-20,123909.05160596609,10173.112126138214,0.08210144452149443,113735.93947982788,14,next_close
2020-02-21,120313.95091321706,10173.112126138214,0.08455471746145317,110140.83878707886,14,next_close
2020-02-24,115555.45736768484,10173.112126138214,0.08803662205038472,105382.34524154663,14,next_close
2020-02-25,112492.83605458974,10173.112126138214,0.090433422099888,102319.72392845154,14,next_close
2020-02-26,112141.70933606863,10173.112126138214,0.09071657803655568,101968.59720993042,14,next_close
2020-02-27,107859.69698789358,10173.112126138214,0.09431801136322558,97686.58486175537,14,next_close
2020-02-28,109345.74679830312,10173.112126138214,0.09303619412745266,99172.63467216492,14,next_close
2020-03-02,113035.19263678312,49530.926401431556,0.43819031264528097,63504.26623535156,15,next_close
2020-03-03,111055.14007597684,49530.926401431556,0.44600300686258787,61524.21367454529,15,next_close
2020-03-04,113643.37728529691,49530.926401431556,0.4358452519154394,64112.45088386536,15,next_close
2020-03-05,111503.02848273038,49530.926401431556,0.44421148981709424,61972.10208129883,15,next_close
2020-03-06,110063.3655150485,49530.926401431556,0.4500219139188452,60532.43911361694,15,next_close
2020-03-09,104617.20247870206,49530.926401431556,0.4734491577665255,55086.27607727051,15,next_close
2020-03-10,107823.774278934,49530.926401431556,0.4593692507303431,58292.84787750244,15,next_close
2020-03-11,104510.21404104948,49530.926401431556,0.4739338337014296,54979.28763961792,15,next_close
2020-03-12,98312.38403826475,49530.926401431556,0.5038116701773129,48781.45763683319,15,next_close
2020-03-13,100724.79331045866,49530.926401431556,0.4917451282204673,51193.8669090271,15,next_close
2020-03-16,92885.13141375303,49530.926401431556,0.5332492471889615,43354.20501232147,15,next_close
2020-03-17,95455.69341498136,49530.926401431556,0.5188891791514438,45924.767013549805,15,next_close
2020-03-18,92497.24943571805,49530.926401431556,0.535485397712865,42966.3230342865,15,next_close
2020-03-19,94468.47835283994,49530.926401431556,0.5243116779803889,44937.551951408386,15,next_close
2020-03-20,93933.3749650073,49530.926401431556,0.5272984859735228,44402.448563575745,15,next_close
2020-03-23,95105.21074324369,49530.926401431556,0.5208013947327302,45574.284341812134,15,next_close
2020-03-24,100479.57391768217,49530.926401431556,0.49294522727584156,50948.64751625061,15,next_close
2020-03-25,100670.76874762296,49530.926401431556,0.49200902126418977,51139.842346191406,15,next_close
2020-03-26,103499.17650633573,49530.926401431556,0.47856348304761154,53968.250104904175,15,next_close
2020-03-27,102553.42791205167,49530.926401431556,0.48297679960448087,53022.50151062012,15,next_close
2020-03-30,103225.20110159635,49530.926401431556,0.4798336634159928,53694.274700164795,15,next_close
2020-03-31,102033.47779494047,49530.926401431556,0.48543799027389073,52502.55139350891,15,next_close
2020-04-01,99303.82843496086,78016.49568654777,0.7856343196037477,21287.332748413086,10,next_close
2020-04-02,99376.4359445739,78016.49568654777,0.785060310776899,21359.940258026123,10,next_close
2020-04-03,99355.65809728386,78016.49568654777,0.7852244872673291,21339.162410736084,10,next_close
2020-04-06,100480.44859792473,78016.49568654777,0.7764345877747115,22463.952911376953,10,next_close
2020-04-07,99799.83142186882,78016.49568654777,0.7817297341591728,21783.335735321045,10,next_close
2020-04-08,100711.15545751335,78016.49568654777,0.7746559488085737,22694.659770965576,10,next_close
2020-04-09,100881.56766225578,78016.49568654777,0.7733473764775481,22865.071975708008,10,next_close
2020-04-13,101999.54207326652,78016.49568654777,0.7648710386416081,23983.04638671875,10,next_close
2020-04-14,103550.08940984489,78016.49568654777,0.7534179461474271,25533.59372329712,10,next_close
2020-04-15,104039.7803812194,78016.49568654777,0.7498717836646915,26023.28469467163,10,next_close
2020-04-16,104896.60569097282,78016.49568654777,0.74374661765878,26880.11000442505,10,next_close
2020-04-17,105604.09680272819,78016.49568654777,0.7387639120884208,27587.60111618042,10,next_close
2020-04-20,106116.33815862419,78016.49568654777,0.7351977748226444,28099.842472076416,10,next_close
2020-04-21,104304.36244298698,78016.49568654777,0.7479696329019007,26287.86675643921,10,next_close
2020-04-22,105592.49268438102,78016.49568654777,0.7388450987679712,27575.996997833252,10,next_close
2020-04-23,105187.04422475578,78016.49568654777,0.7416930123052795,27170.548538208008,10,next_close
2020-04-24,105724.48215963127,78016.49568654777,0.7379227033597784,27707.986473083496,10,next_close
2020-04-27,106357.79327871086,78016.49568654777,0.7335287173748082,28341.297592163086,10,next_close
2020-04-28,105357.70892049553,78016.49568654777,0.7404915737624872,27341.213233947754,10,next_close
2020-04-29,106418.00140859367,78016.49568654777,0.7331137087136428,28401.5057220459,10,next_close
2020-04-30,106143.19968892814,78016.49568654777,0.7350117192169563,28126.70400238037,10,next_close
2020-05-01,104916.89047233347,33741.994903485815,0.32160689047855034,71174.89556884766,15,next_close
2020-05-04,107402.2901190925,33741.994903485815,0.3141645756908085,73660.29521560669,15,next_close
2020-05-05,109436.6147689033,33741.994903485815,0.3083245490984768,75694.61986541748,15,next_close
2020-05-06,110866.88921729807,33741.994903485815,0.30434690773502104,77124.89431381226,15,next_close
2020-05-07,112696.44937888865,33741.994903485815,0.2994060158012989,78954.45447540283,15,next_close
2020-05-08,113825.0186499763,33741.994903485815,0.29643742038159415,80083.02374649048,15,next_close
2020-05-11,115618.02521125559,33741.994903485815,0.29184026315821365,81876.03030776978,15,next_close
2020-05-12,114002.91529075388,33741.994903485815,0.29597484255056095,80260.92038726807,15,next_close
2020-05-13,112939.86217490915,33741.994903485815,0.29876072321772296,79197.86727142334,15,next_close
2020-05-14,113561.78477470163,33741.994903485815,0.29712455620900546,79819.78987121582,15,next_close
2020-05-15,114824.69509116892,33741.994903485815,0.2938566035528788,81082.7001876831,15,next_close
2020-05-18,115885.55150596384,33741.994903485815,0.2911665385805179,82143.55660247803,15,next_close
2020-05-19,115721.57171241526,33741.994903485815,0.29157912741921205,81979.57680892944,15,next_close
2020-05-20,117052.08312598948,33741.994903485815,0.2882647963399975,83310.08822250366,15,next_close
2020-05-21,117705.00792304758,33741.994903485815,0.2866657544897787,83963.01301956177,15,next_close
2020-05-22,118268.35195533518,33741.994903485815,0.285300288248108,84526.35705184937,15,next_close
2020-05-26,116981.98561851267,33741.994903485815,0.2884375292920833,83239.99071502686,15,next_close
2020-05-27,115428.46664420847,33741.994903485815,0.2923195281411008,81686.47174072266,15,next_close
2020-05-28,115056.58474723581,33741.994903485815,0.29326435316685734,81314.58984375,15,next_close
2020-05-29,117676.97011939768,33741.994903485815,0.28673405568864013,83934.97521591187,15,next_close
2020-06-01,118715.45141694788,23911.429642655887,0.20141800715287747,94804.02177429199,15,next_close
2020-06-02,119970.4834050918,23911.429642655887,0.19931093852407564,96059.05376243591,15,next_close
2020-06-03,119246.67490098719,23911.429642655887,0.2005207244773073,95335.2452583313,15,next_close
2020-06-04,116816.37392137293,23911.429642655887,0.20469244884069296,92904.94427871704,15,next_close
2020-06-05,118641.3248567367,23911.429642655887,0.2015438522077339,94729.89521408081,15,next_close
2020-06-08,119468.83332727198,23911.429642655887,0.2001478459001362,95557.40368461609,15,next_close
2020-06-09,120077.32726190332,23911.429642655887,0.19913359322615615,96165.89761924744,15,next_close
2020-06-10,121551.24229905847,23911.429642655887,0.1967189243843796,97639.81265640259,15,next_close
2020-06-11,116881.37110231165,23911.429642655887,0.20457862033227786,92969.94145965576,15,next_close
2020-06-12,118454.88249299768,23911.429642655887,0.20186107266679684,94543.4528503418,15,next_close
2020-06-15,122041.3990754867,23911.429642655887,0.195928839097181,98129.96943283081,15,next_close
2020-06-16,123266.65961549524,23911.429642655887,0.19398132242118532,99355.22997283936,15,next_close
2020-06-17,124783.53279588465,23911.429642655887,0.1916232783837683,100872.10315322876,15,next_close
2020-06-18,125671.21936319117,23911.429642655887,0.19026973529676353,101759.78972053528,15,next_close
2020-06-19,126060.76003358606,23911.429642655887,0.18968178231104765,102149.33039093018,15,next_close
2020-06-22,128196.60353372339,23911.429642655887,0.18652155348535226,104285.1738910675,15,next_close
2020-06-23,127722.98315332178,23911.429642655887,0.1872132098101093,103811.5535106659,15,next_close
2020-06-24,124588.95641992334,23911.429642655887,0.19192254538245854,100677.52677726746,15,next_close
2020-06-25,125915.94876191858,23911.429642655887,0.18989992830747382,102004.5191192627,15,next_close
2020-06-26,124241.42495820764,23911.429642655887,0.1924593962979676,100329.99531555176,15,next_close
2020-06-29,125837.99319169763,23911.429642655887,0.19001756970353118,101926.56354904175,15,next_close
2020-06-30,127750.2812490249,23911.429642655887,0.18717320548238245,103838.85160636902,15,next_close
2020-07-01,130535.2781575513,16860.98539098027,0.12916803510105274,113674.29276657104,15,next_close
2020-07-02,131667.82091267826,16860.98539098027,0.12805699429143305,114806.835521698,15,next_close
2020-07-06,132116.417664845,16860.98539098027,0.12762218117171084,115255.43227386475,15,next_close
2020-07-07,133776.0100453687,16860.98539098027,0.12603893168335675,116915.02465438843,15,next_close
2020-07-08,136638.97061665775,16860.98539098027,0.12339807095212948,119777.98522567749,15,next_close
2020-07-09,138089.3112233472,16860.98539098027,0.12210203122607456,121228.32583236694,15,next_close
2020-07-10,137753.690396626,16860.98539098027,0.12239951860769346,120892.70500564575,15,next_close
2020-07-13,134103.80965932133,16860.98539098027,0.12573084563230597,117242.82426834106,15,next_close
2020-07-14,135564.10116322758,16860.98539098027,0.12437647759474758,118703.11577224731,15,next_close
2020-07-15,135891.01857884647,16860.98539098027,0.12407726108254326,119030.03318786621,15,next_close
2020-07-16,134237.516858418,16860.98539098027,0.12560561149804167,117376.53146743774,15,next_close
2020-07-17,137166.31823857548,16860.98539098027,0.12292365653245646,120305.33284759521,15,next_close
2020-07-20,140968.2158139539,16860.98539098027,0.11960841877457647,124107.23042297363,15,next_close
2020-07-21,138234.27205785038,16860.98539098027,0.12197398763690113,121373.28666687012,15,next_close
2020-07-22,139006.53157552006,16860.98539098027,0.121296353486958,122145.5461845398,15,next_close
2020-07-23,134206.4023145032,16860.98539098027,0.12563473202617967,117345.41692352295,15,next_close
2020-07-24,131941.86518605473,16860.98539098027,0.1277910189249193,115080.87979507446,15,next_close
2020-07-27,137532.85036977055,16860.98539098027,0.12259605865542565,120671.86497879028,15,next_close
2020-07-28,136971.89098866703,16860.98539098027,0.12309814275963626,120110.90559768677,15,next_close
2020-07-29,140044.0404446912,16860.98539098027,0.12039773586537818,123183.05505371094,15,next_close
2020-07-30,141034.50600941898,16860.98539098027,0.11955219944439845,124173.52061843872,15,next_close
2020-07-31,141903.7098058057,16860.98539098027,0.11881990551236764,125042.72441482544,15,next_close
2020-08-03,147536.63424107793,8830.174516651652,0.05985072495433889,138706.45972442627,15,next_close
2020-08-04,150911.3201007581,8830.174516651652,0.05851234029863406,142081.14558410645,15,next_close
2020-08-05,153580.1193790174,8830.174516651652,0.057495557057485,144749.94486236572,15,next_close
2020-08-06,151771.19854924444,8830.174516651652,0.05818083141635447,142941.02403259277,15,next_close
2020-08-07,148412.86776158575,8830.174516651652,0.059497364681589955,139582.69324493408,15,next_close
2020-08-10,144934.27109715703,8830.174516651652,0.0609253729280656,136104.09658050537,15,next_close
2020-08-11,139248.29126927617,8830.174516651652,0.06341316246083048,130418.11675262451,15,next_close
2020-08-12,143276.62917515996,8830.174516651652,0.06163025028915567,134446.4546585083,15,next_close
2020-08-13,145436.69936558965,8830.174516651652,0.06071489902596671,136606.524848938,15,next_close
2020-08-14,144463.98198125127,8830.174516651652,0.06112370983791409,135633.8074645996,15,next_close
2020-08-17,149636.5405292249,8830.174516651652,0.05901081704656936,140806.36601257324,15,next_close
2020-08-18,150349.86667058233,8830.174516651652,0.05873084367942028,141519.69215393066,15,next_close
2020-08-19,151085.74954411748,8830.174516651652,0.05844478743558283,142255.57502746582,15,next_close
2020-08-20,153288.72518346075,8830.174516651652,0.057604853234205076,144458.55066680908,15,next_close
2020-08-21,152395.53097722295,8830.174516651652,0.05794247679068365,143565.3564605713,15,next_close
2020-08-24,151849.71846959356,8830.174516651652,0.05815074670961481,143019.5439529419,15,next_close
2020-08-25,154077.52233311895,8830.174516651652,0.05730994620721264,145247.34781646729,15,next_close
2020-08-26,157155.94085881475,8830.174516651652,0.05618734149276912,148325.7663421631,15,next_close
2020-08-27,156249.13933751348,8830.174516651652,0.056513428196091425,147418.96482086182,15,next_close
2020-08-28,157158.7023715711,8830.174516651652,0.056186354197392305,148328.52785491943,15,next_close
2020-08-31,160929.65294072393,8830.174516651652,0.05486977915688489,152099.47842407227,15,next_close
2020-09-01,168234.9288873744,3731.5934133601368,0.02218084816297731,164503.33547401428,15,next_close
2020-09-02,164341.65624333144,3731.5934133601368,0.0227063149943857,160610.0628299713,15,next_close
2020-09-03,151444.71551895858,3731.5934133601368,0.024639971098185977,147713.12210559845,15,next_close
2020-09-04,148138.232609756,3731.5934133601368,0.02518994150004719,144406.63919639587,15,next_close
2020-09-08,140492.35098458052,3731.5934133601368,0.026560829733496955,136760.7575712204,15,next_close
2020-09-09,147980.50115013839,3731.5934133601368,0.025216791295862205,144248.90773677826,15,next_close
2020-09-10,146146.03609181166,3731.5934133601368,0.025533319364309547,142414.44267845154,15,next_close
2020-09-11,144655.44764424086,3731.5934133601368,0.025796425050907523,140923.85423088074,15,next_close
2020-09-14,151490.47586537123,3731.5934133601368,0.024632528164188906,147758.8824520111,15,next_close
2020-09-15,154802.3198909831,3731.5934133601368,0.024105539348428677,151070.726477623,15,next_close
2020-09-16,152453.74632073165,3731.5934133601368,0.024476888914947512,148722.15290737152,15,next_close
2020-09-17,150330.46254826308,3731.5934133601368,0.024822603151121957,146598.86913490295,15,next_close
2020-09-18,151704.2092723918,3731.5934133601368,0.024597823826100245,147972.61585903168,15,next_close
2020-09-21,155391.3132114482,3731.5934133601368,0.024014170008862617,151659.71979808807,15,next_close
2020-09-22,157712.36697865248,3731.5934133601368,0.02366075333753145,153980.77356529236,15,next_close
2020-09-23,152779.08493519545,3731.5934133601368,0.02442476609244631,149047.49152183533,15,next_close
2020-09-24,151764.51760006667,3731.5934133601368,0.024588049119582202,148032.92418670654,15,next_close
2020-09-25,158877.41695214034,3731.5934133601368,0.023487248754077043,155145.8235387802,15,next_close
2020-09-28,162946.40733814955,3731.5934133601368,0.022900740644230724,159214.81392478943,15,next_close
2020-09-29,162753.34120655776,3731.5934133601368,0.02292790664508816,159021.74779319763,15,next_close
2020-09-30,165389.14076519728,3731.5934133601368,0.022562505591935293,161657.54735183716,15,next_close
2020-10-01,170001.0799083233,33625.21257205012,0.19779411160319235,136375.8673362732,15,next_close
2020-10-02,165866.80542941095,33625.21257205012,0.20272418272600198,132241.59285736084,15,next_close
2020-10-05,169369.76109881402,33625.21257205012,0.19853138100863493,135744.54852676392,15,next_close
2020-10-06,168611.0388888836,33625.21257205012,0.19942473988437662,134985.8263168335,15,next_close
2020-10-07,171015.98409838678,33625.21257205012,0.1966202910758639,137390.77152633667,15,next_close
2020-10-08,169198.94127840997,33625.21257205012,0.19873181426544037,135573.72870635986,15,next_close
2020-10-09,170974.51046938897,33625.21257205012,0.19666798565316163,137349.29789733887,15,next_close
2020-10-12,170204.51508898736,33625.21257205012,0.1975577002435569,136579.30251693726,15,next_close
2020-10-13,173209.21459002496,33625.21257205012,0.1941306220436299,139584.00201797485,15,next_close
2020-10-14,171632.2489757061,33625.21257205012,0.19591430382532388,138007.036403656,15,next_close
2020-10-15,172175.3495616436,33625.21257205012,0.19529632236937233,138550.1369895935,15,next_close
2020-10-16,171444.30956072808,33625.21257205012,0.1961290675567134,137819.09698867798,15,next_close
2020-10-19,170434.26910967828,33625.21257205012,0.19729138246494043,136809.05653762817,15,next_close
2020-10-20,169244.94495196344,33625.21257205012,0.19867779555598497,135619.73237991333,15,next_close
2020-10-21,165605.4332904339,33625.21257205012,0.20304413873353552,131980.2207183838,15,next_close
2020-10-22,165184.57635684015,33625.21257205012,0.20356145418450705,131559.36378479004,15,next_close
2020-10-23,166641.16015048028,33625.21257205012,0.20178215599126822,133015.94757843018,15,next_close
2020-10-26,165566.33734316827,33625.21257205012,0.2030920844878954,131941.12477111816,15,next_close
2020-10-27,167909.64210696222,33625.21257205012,0.20025778240078734,134284.4295349121,15,next_close
2020-10-28,163380.39820284845,33625.21257205012,0.20580934397223108,129755.18563079834,15,next_close
2020-10-29,163134.54844470025,33625.21257205012,0.20611950621513184,129509.33587265015,15,next_close
2020-10-30,156789.42437930108,33625.21257205012,0.21446097340535444,123164.21180725098,15,next_close
2020-11-02,157538.2129918337,22700.76620113851,0.1440968877964564,134837.4467906952,14,next_close
2020-11-03,159569.765889287,22700.76620113851,0.14226232691779972,136868.9996881485,14,next_close
2020-11-04,163143.87492477894,22700.76620113851,0.13914568482332051,140443.10872364044,14,next_close
2020-11-05,167978.40563595295,22700.76620113851,0.13514097907522818,145277.63943481445,14,next_close
2020-11-06,168546.1471425295,22700.76620113851,0.13468576165043877,145845.380941391,14,next_close
2020-11-09,162608.63270008564,22700.76620113851,0.1396036964593858,139907.86649894714,14,next_close
2020-11-10,157669.162789464,22700.76620113851,0.14397721025163873,134968.3965883255,14,next_close
2020-11-11,162406.10511505604,22700.76620113851,0.13977778843385372,139705.33891391754,14,next_close
2020-11-12,162603.18167984486,22700.76620113851,0.1396083764574475,139902.41547870636,14,next_close
2020-11-13,163653.0569525957,22700.76620113851,0.13871275382111617,140952.2907514572,14,next_close
2020-11-16,163104.4887048006,22700.76620113851,0.13917928550834766,140403.7225036621,14,next_close
2020-11-17,163672.70590889454,22700.76620113851,0.13869610131437848,140971.93970775604,14,next_close
2020-11-18,162871.865290761,22700.76620113851,0.1393780697520275,140171.0990896225,14,next_close
2020-11-19,165590.14817154408,22700.76620113851,0.13709007722863753,142889.38197040558,14,next_close
2020-11-20,167660.997854352,22700.76620113851,0.1353968215127694,144960.2316532135,14,next_close
2020-11-23,170401.669395566,22700.76620113851,0.1332191537891659,147700.9031944275,14,next_close
2020-11-24,171541.21809875965,22700.76620113851,0.13233417864661096,148840.45189762115,14,next_close
2020-11-25,172487.26254951954,22700.76620113851,0.1316083626442928,149786.49634838104,14,next_close
2020-11-27,174566.07402908802,22700.76620113851,0.13004111095123713,151865.30782794952,14,next_close
2020-11-30,172600.90133106709,22700.76620113851,0.1315217129578947,149900.1351299286,14,next_close
2020-12-01,170149.1070726252,77099.8580110407,0.4531311350234237,93049.24906158447,11,next_close
2020-12-02,169772.2969415522,77099.8580110407,0.4541368609602072,92672.43893051147,11,next_close
2020-12-03,170874.1285493708,77099.8580110407,0.4512084928571512,93774.27053833008,11,next_close
2020-12-04,173116.92651155952,77099.8580110407,0.4453629091312023,96017.0685005188,11,next_close
2020-12-07,173431.5911653376,77099.8580110407,0.44455486738594857,96331.73315429688,11,next_close
2020-12-08,175820.02537325385,77099.8580110407,0.43851579390551787,98720.16736221313,11,next_close
2020-12-09,172439.43271807197,77099.8580110407,0.44711268644158847,95339.57470703125,11,next_close
2020-12-10,175236.52290895942,77099.8580110407,0.4399759635215792,98136.6648979187,11,next_close
2020-12-11,177472.02106264594,77099.8580110407,0.43443387610842155,100372.16305160522,11,next_close
2020-12-14,177673.1518648005,77099.8580110407,0.43394208523812006,100573.29385375977,11,next_close
2020-12-15,181115.26589754585,77099.8580110407,0.42569497181234256,104015.40788650513,11,next_close
2020-12-16,182024.30296495918,77099.8580110407,0.4235690331190715,104924.44495391846,11,next_close
2020-12-17,183752.57780626777,77099.8580110407,0.419585177696543,106652.71979522705,11,next_close
2020-12-18,185267.36985186103,77099.8580110407,0.41615454503774413,108167.51184082031,11,next_close
2020-12-21,187086.83490541938,77099.8580110407,0.41210734069031674,109986.97689437866,11,next_close
2020-12-22,188442.0081537104,77099.8580110407,0.4091436870496045,111342.15014266968,11,next_close
2020-12-23,187713.34489611152,77099.8580110407,0.41073189577283925,110613.4868850708,11,next_close
2020-12-24,187917.1024606562,77099.8580110407,0.4102865412539177,110817.24444961548,11,next_close
2020-12-28,183982.0678651667,77099.8580110407,0.4190618080646,106882.20985412598,11,next_close
2020-12-29,183254.30829409126,77099.8580110407,0.4207260321940637,106154.45028305054,11,next_close
2020-12-30,184918.11295107368,77099.8580110407,0.41694054076487397,107818.25494003296,11,next_close
2020-12-31,184316.526429925,77099.8580110407,0.4183013835189281,107216.66841888428,11,next_close
2021-01-04,182804.47087339882,6861.397074265511,0.03753407693741456,175943.0737991333,15,next_close
2021-01-05,189616.57990889077,6861.397074265511,0.03618563881682898,182755.18283462524,15,next_close
2021-01-06,194597.48127989296,6861.397074265511,0.035259434136234495,187736.08420562744,15,next_close
2021-01-07,201536.67510466103,6861.397074265511,0.03404540176472736,194675.2780303955,15,next_close
2021-01-08,202627.82814268593,6861.397074265511,0.03386206690935793,195766.4310684204,15,next_close
2021-01-11,200464.84391264443,6861.397074265511,0.03422743330124991,193603.4468383789,15,next_close
2021-01-12,204308.9944787455,6861.397074265511,0.0335834312716923,197447.59740447998,15,next_close
2021-01-13,203645.60811094765,6861.397074265511,0.03369283107999742,196784.21103668213,15,next_close
2021-01-14,207094.08680967812,6861.397074265511,0.033131786522573266,200232.6897354126,15,next_close
2021-01-15,201822.0806909037,6861.397074265511,0.03399725664692724,194960.68361663818,15,next_close
2021-01-19,208794.53906492714,6861.397074265511,0.03286195656741711,201933.14199066162,15,next_close
2021-01-20,207951.51453642373,6861.397074265511,0.03299517721504117,201090.1174621582,15,next_close
2021-01-21,208423.18486265664,6861.397074265511,0.032920507758227205,201561.7877883911,15,next_close
2021-01-22,207267.8652825785,6861.397074265511,0.03310400801837289,200406.468208313,15,next_close
2021-01-25,205784.43551115517,6861.397074265511,0.03334264351539632,198923.03843688965,15,next_close
2021-01-26,200042.8292947245,6861.397074265511,0.034299640224326994,193181.43222045898,15,next_close
2021-01-27,192034.65935377602,6861.397074265511,0.03572999320724232,185173.2622795105,15,next_close
2021-01-28,198647.6818261576,6861.397074265511,0.03454053433289053,191786.2847518921,15,next_close
2021-01-29,193418.3244080973,6861.397074265511,0.035474390005512134,186556.9273338318,15,next_close
2021-02-01,200290.29930375578,46846.16831086637,0.23389134907537645,153444.1309928894,14,next_close
2021-02-02,202569.59261582853,46846.16831086637,0.2312596264124879,155723.42430496216,14,next_close
2021-02-03,202409.54421876432,46846.16831086637,0.23144248702143716,155563.37590789795,14,next_close
2021-02-04,204796.79403565885,46846.16831086637,0.2287446370020304,157950.62572479248,14,next_close
2021-02-05,206475.11935304166,46846.16831086637,0.22688529473987812,159628.9510421753,14,next_close
2021-02-08,209121.8390452719,46846.16831086637,0.22401375449230268,162275.67073440552,14,next_close
2021-02-09,209041.0510928488,46846.16831086637,0.22410032893519524,162194.88278198242,14,next_close
2021-02-10,208828.9094912863,46846.16831086637,0.22432798420958616,161982.74118041992,14,next_close
2021-02-11,211634.4043147421,46846.16831086637,0.22135421914291817,164788.23600387573,14,next_close
2021-02-12,213371.48981736662,46846.16831086637,0.21955214518567556,166525.32150650024,14,next_close
2021-02-16,211922.47892259122,46846.16831086637,0.22105332359753038,165076.31061172485,14,next_close
2021-02-17,209735.5371386862,46846.16831086637,0.22335827752399282,162889.36882781982,14,next_close
2021-02-18,206217.63984941007,46846.16831086637,0.22716857949240266,159371.4715385437,14,next_close
2021-02-19,210598.65350602628,46846.16831086637,0.22244286718350678,163752.4851951599,14,next_close
2021-02-22,202415.1502635336,46846.16831086637,0.23143607704203556,155568.98195266724,14,next_close
2021-02-23,200625.25189088346,46846.16831086637,0.2335008572916094,153779.0835800171,14,next_close
2021-02-24,202880.33068345548,46846.16831086637,0.23090542169885467,156034.1623725891,14,next_close
2021-02-25,194965.5484340048,46846.16831086637,0.240279211825589,148119.38012313843,14,next_close
2021-02-26,198003.06626389982,46846.16831086637,0.23659314572648832,151156.89795303345,14,next_close
2021-03-01,205576.75128026487,43418.61265416622,0.21120390503191283,162158.13862609863,14,next_close
2021-03-02,200313.42222066404,43418.61265416622,0.21675338663195792,156894.8095664978,14,next_close
2021-03-03,196079.09453816892,43418.61265416622,0.2214341756138328,152660.4818840027,14,next_close
2021-03-04,188944.78100438596,43418.61265416622,0.22979524717943042,145526.16835021973,14,next_close
2021-03-05,191958.3474945593,43418.61265416622,0.22618767675834905,148539.73484039307,14,next_close
2021-03-08,187698.5454773474,43418.61265416622,0.23132098623218286,144279.93282318115,14,next_close
2021-03-09,194213.29934926511,43418.61265416622,0.2235614800821853,150794.68669509888,14,next_close
2021-03-10,194244.5590042639,43418.61265416622,0.2235255024734728,150825.94635009766,14,next_close
2021-03-11,200587.76871343137,43418.61265416622,0.21645693021390547,157169.15605926514,14,next_close
2021-03-12,200790.80113072874,43418.61265416622,0.2162380567718224,157372.1884765625,14,next_close
2021-03-15,202250.02617497923,43418.61265416622,0.21467790870198478,158831.413520813,14,next_close
2021-03-16,203268.9684738684,43418.61265416622,0.21360177591371002,159850.35581970215,14,next_close
2021-03-17,204270.55560155393,43418.61265416622,0.21255443559304604,160851.9429473877,14,next_close
2021-03-18,198837.78600163938,43418.61265416622,0.21836198002027765,155419.17334747314,14,next_close
2021-03-19,201093.4205917883,43418.61265416622,0.21591264660172194,157674.80793762207,14,next_close
2021-03-22,201239.0294174719,43418.61265416622,0.215756420510725,157820.41676330566,14,next_close
2021-03-23,194725.24027104856,43418.61265416622,0.22297372746198446,151306.62761688232,14,next_close
2021-03-24,188898.90604634763,43418.61265416622,0.2298510539998213,145480.2933921814,14,next_close
2021-03-25,188358.04470677854,43418.61265416622,0.23051106058016801,144939.4320526123,14,next_close
2021-03-26,187430.54331822874,43418.61265416622,0.23165174621752005,144011.9306640625,14,next_close
2021-03-29,183428.2855553198,43418.61265416622,0.23670620113314902,140009.67290115356,14,next_close
2021-03-30,186323.95748372556,43418.61265416622,0.2330275356992598,142905.34482955933,14,next_close
2021-03-31,190115.02527471067,43418.61265416622,0.22838075313314976,146696.41262054443,14,next_close
2021-04-01,194845.68833593372,12385.185434856437,0.06356407237250804,182460.50290107727,15,next_close
2021-04-05,196451.50446943287,12385.185434856437,0.0630444926767335,184066.31903457642,15,next_close
2021-04-06,195829.93455175404,12385.185434856437,0.06324459773326062,183444.74911689758,15,next_close
2021-04-07,194432.2353158379,12385.185434856437,0.06369923904201279,182047.04988098145,15,next_close
2021-04-08,196025.93520788196,12385.185434856437,0.06318136129141366,183640.7497730255,15,next_close
2021-04-09,196277.3612733269,12385.185434856437,0.06310042765252684,183892.17583847046,15,next_close
2021-04-12,195173.8208852196,12385.185434856437,0.06345720639521671,182788.63545036316,15,next_close
2021-04-13,193305.96981100086,12385.185434856437,0.0640703722030193,180920.7843761444,15,next_close
2021-04-14,194397.89061788563,12385.185434856437,0.0637104929250551,182012.70518302917,15,next_close
2021-04-15,194191.13020566944,12385.185434856437,0.06377832716529938,181805.944770813,15,next_close
2021-04-16,195751.92756322864,12385.185434856437,0.06326980065550554,183366.7421283722,15,next_close
2021-04-19,195971.84623769764,12385.185434856437,0.063198799585907,183586.6608028412,15,next_close
2021-04-20,188566.2743821526,12385.185434856437,0.06568080891154664,176181.08894729614,15,next_close
2021-04-21,193237.0616135979,12385.185434856437,0.06409321965173632,180851.87617874146,15,next_close
2021-04-22,191607.61060384754,12385.185434856437,0.06463827504463301,179222.4251689911,15,next_close
2021-04-23,197729.99579862598,12385.185434856437,0.06263685681493603,185344.81036376953,15,next_close
2021-04-26,200340.88991788868,12385.185434856437,0.06182055715102696,187955.70448303223,15,next_close
2021-04-27,199834.7025170708,12385.185434856437,0.061977150509173635,187449.51708221436,15,next_close
2021-04-28,198759.33850149158,12385.185434856437,0.06231247058997177,186374.15306663513,15,next_close
2021-04-29,196944.61492208485,12385.185434856437,0.06288664170765096,184559.4294872284,15,next_close
2021-04-30,194625.8538804436,12385.185434856437,0.06363586947941928,182240.66844558716,15,next_close
2021-05-03,195462.611002965,15174.924233479514,0.0776359435475326,180287.68676948547,15,next_close
2021-05-04,197427.12265686513,15174.924233479514,0.07686342195167396,182252.19842338562,15,next_close
2021-05-05,198284.62509827138,15174.924233479514,0.07653101810570893,183109.70086479187,15,next_close
2021-05-06,198810.40506462575,15174.924233479514,0.0763286218774451,183635.48083114624,15,next_close
2021-05-07,200368.1290007067,15174.924233479514,0.0757352195140076,185193.20476722717,15,next_close
2021-05-10,196847.61720947744,15174.924233479514,0.07708970242363138,181672.69297599792,15,next_close
2021-05-11,194716.4960089159,15174.924233479514,0.07793342908545697,179541.5717754364,15,next_close
2021-05-12,186410.92674164296,15174.924233479514,0.0814057657387824,171236.00250816345,15,next_close
2021-05-13,190733.60960487844,15174.924233479514,0.07956082970859574,175558.68537139893,15,next_close
2021-05-14,194610.76831917287,15174.924233479514,0.07797576857921738,179435.84408569336,15,next_close
2021-05-17,194862.86672310354,15174.924233479514,0.07787488960142824,179687.94248962402,15,next_close
2021-05-18,192476.050581975,15174.924233479514,0.07884058399783384,177301.12634849548,15,next_close
2021-05-19,191543.81768898488,15174.924233479514,0.0792242966469399,176368.89345550537,15,next_close
2021-05-20,192782.20670990468,15174.924233479514,0.07871537779580705,177607.28247642517,15,next_close
2021-05-21,192585.02717689992,15174.924233479514,0.07879597108834693,177410.1029434204,15,next_close
2021-05-24,194677.27964882375,15174.924233479514,0.07794912822314652,179502.35541534424,15,next_close
2021-05-25,194853.89021210195,15174.924233479514,0.07787847713464349,179678.96597862244,15,next_close
2021-05-26,197001.4041719866,15174.924233479514,0.07702952320193347,181826.47993850708,15,next_close
2021-05-27,198620.12463097097,15174.924233479514,0.07640174560193222,183445.20039749146,15,next_close
2021-05-28,198623.23236946584,15174.924233479514,0.07640055018967833,183448.30813598633,15,next_close
2021-06-01,201749.91843948842,10728.48462067128,0.053177144772373786,191021.43381881714,15,next_close
2021-06-02,199885.36088524343,10728.48462067128,0.05367318833734217,189156.87626457214,15,next_close
2021-06-03,198673.71623383046,10728.48462067128,0.05400052318971228,187945.23161315918,15,next_close
2021-06-04,200629.1156574297,10728.48462067128,0.05347421577130389,189900.63103675842,15,next_close
2021-06-07,199548.30759582997,10728.48462067128,0.05376384670924403,188819.8229751587,15,next_close
2021-06-08,199813.249045949,10728.48462067128,0.053692558786250254,189084.7644252777,15,next_close
2021-06-09,197694.78651772023,10728.48462067128,0.054267918793648305,186966.30189704895,15,next_close
2021-06-10,198508.7811866808,10728.48462067128,0.05404539061968267,187780.29656600952,15,next_close
2021-06-11,199564.01309738637,10728.48462067128,0.053759615544691546,188835.5284767151,15,next_close
2021-06-14,199038.30425034047,10728.48462067128,0.053901607839150024,188309.8196296692,15,next_close
2021-06-15,197941.10215721608,10728.48462067128,0.054200388417308634,187212.6175365448,15,next_close
2021-06-16,195799.56312904836,10728.48462067128,0.054793199990953535,185071.07850837708,15,next_close
2021-06-17,191542.49596558095,10728.48462067128,0.05601098892748648,180814.01134490967,15,next_close
2021-06-18,188530.3763919878,10728.48462067128,0.056905867510521874,177801.89177131653,15,next_close
2021-06-21,192446.39946136952,10728.48462067128,0.05574791033087032,181717.91484069824,15,next_close
2021-06-22,194117.60580025197,10728.48462067128,0.055267962823067916,183389.1211795807,15,next_close
2021-06-23,196223.19123421193,10728.48462067128,0.05467490643277615,185494.70661354065,15,next_close
2021-06-24,197820.43302307607,10728.48462067128,0.05423345028983828,187091.94840240479,15,next_close
2021-06-25,198558.69696579457,10728.48462067128,0.054031804119461256,187830.2123451233,15,next_close
2021-06-28,198806.44919739247,10728.48462067128,0.05396446978447414,188077.9645767212,15,next_close
2021-06-29,199166.45170746327,10728.48462067128,0.053866926526508256,188437.967086792,15,next_close
2021-06-30,200111.85475311757,10728.48462067128,0.05361243907267387,189383.3701324463,15,next_close
2021-07-01,198265.602575531,8916.972831954954,0.04497488579017612,189348.62974357605,15,next_close
2021-07-02,197253.89528488158,8916.972831954954,0.04520556016942896,188336.92245292664,15,next_close
2021-07-06,192823.95302127837,8916.972831954954,0.04624411382630951,183906.98018932343,15,next_close
2021-07-07,186187.84318660735,8916.972831954954,0.04789234720882335,177270.8703546524,15,next_close
2021-07-08,186386.3233826065,8916.972831954954,0.04784134731629715,177469.35055065155,15,next_close
2021-07-09,188684.47581027984,8916.972831954954,0.04725864591489165,179767.5029783249,15,next_close
2021-07-12,189073.06857227325,8916.972831954954,0.0471615174984397,180156.0957403183,15,next_close
2021-07-13,185993.79898475646,8916.972831954954,0.047942312489061875,177076.8261528015,15,next_close
2021-07-14,183808.66121219634,8916.972831954954,0.048512256022913036,174891.6883802414,15,next_close
2021-07-15,183022.36541675567,8916.972831954954,0.04872067308085729,174105.39258480072,15,next_close
2021-07-16,183293.51630901336,8916.972831954954,0.048648599315001886,174376.5434770584,15,next_close
2021-07-19,188080.5360357666,8916.972831954954,0.047410396736955525,179163.56320381165,15,next_close
2021-07-20,190855.57821105956,8916.972831954954,0.04672104905466284,181938.6053791046,15,next_close
2021-07-21,197477.43345760345,8916.972831954954,0.04515438891335067,188560.4606256485,15,next_close
2021-07-22,197181.9639522934,8916.972831954954,0.04522205100925126,188264.99112033844,15,next_close
2021-07-23,199929.39424919127,8916.972831954954,0.044600609457361086,191012.42141723633,15,next_close
2021-07-26,196605.1279175186,8916.972831954954,0.045354731722439486,187688.15508556366,15,next_close
2021-07-27,191271.33632110595,8916.972831954954,0.04661949356063032,182354.363489151,15,next_close
2021-07-28,198047.55789302825,8916.972831954954,0.04502440184983898,189130.5850610733,15,next_close
2021-07-29,198613.66119979857,8916.972831954954,0.04489606997871502,189696.68836784363,15,next_close
2021-07-30,199062.2378351593,8916.972831954954,0.04479489896691997,190145.26500320435,15,next_close
2021-08-02,198861.18311257602,16448.62332482576,0.08271409768046153,182412.55978775024,14,next_close
2021-08-03,203729.27190346958,16448.62332482576,0.08073765331385173,187280.6485786438,14,next_close
2021-08-04,209160.03169961215,16448.62332482576,0.0786413311910789,192711.40837478638,14,next_close
2021-08-05,209510.89717049839,16448.62332482576,0.07850963146532657,193062.2738456726,14,next_close
2021-08-06,207221.96714349033,16448.62332482576,0.0793768322517465,190773.34381866455,14,next_close
2021-08-09,211354.24282403232,16448.62332482576,0.07782490242469571,194905.61949920654,14,next_close
2021-08-10,207577.6337656522,16448.62332482576,0.07924082680023067,191129.01044082642,14,next_close
2021-08-11,202173.66315026523,16448.62332482576,0.08135888259886921,185725.03982543945,14,next_close
2021-08-12,203391.18102212192,16448.62332482576,0.08087186102251266,186942.55769729614,14,next_close
2021-08-13,204543.9437632108,16448.62332482576,0.08041608576721011,188095.320438385,14,next_close
2021-08-16,201821.77584786655,16448.62332482576,0.08150073625962319,185373.15252304077,14,next_close
2021-08-17,201895.6859240079,16448.62332482576,0.08147090042833754,185447.06259918213,14,next_close
2021-08-18,200301.61360879184,16448.62332482576,0.08211927516945265,183852.99028396606,14,next_close
2021-08-19,198509.32791085483,16448.62332482576,0.08286070734274206,182060.70458602905,14,next_close
2021-08-20,202569.13659234287,16448.62332482576,0.08120004656942156,186120.5132675171,14,next_close
2021-08-23,209112.7195467496,16448.62332482576,0.07865912394271395,192664.09622192383,14,next_close
2021-08-24,208883.08027978183,16448.62332482576,0.07874559922610377,192434.45695495605,14,next_close
2021-08-25,210013.35462899448,16448.62332482576,0.07832179698230896,193564.7313041687,14,next_close
2021-08-26,208990.31648583652,16448.62332482576,0.07870519362527736,192541.69316101074,14,next_close
2021-08-27,214004.74100442172,16448.62332482576,0.07686102302044748,197556.11767959595,14,next_close
2021-08-30,213263.40239281894,16448.62332482576,0.07712820455958186,196814.77906799316,14,next_close
2021-08-31,213565.95375008823,16448.62332482576,0.07701893975138799,197117.33042526245,14,next_close
2021-09-01,215686.0387340999,6896.713155410303,0.03197570503815802,208789.32557868958,15,next_close
2021-09-02,218099.57375111344,6896.713155410303,0.031621855269100885,211202.86059570312,15,next_close
2021-09-03,221767.25846256973,6896.713155410303,0.031098879082614186,214870.54530715942,15,next_close
2021-09-07,220778.85267987015,6896.713155410303,0.03123810578638414,213882.13952445984,15,next_close
2021-09-08,217725.647250793,6896.713155410303,0.03167616329309217,210828.9340953827,15,next_close
2021-09-09,220882.8139053798,6896.713155410303,0.031223403185929477,213986.10074996948,15,next_close
2021-09-10,219243.85678257706,6896.713155410303,0.03145681368965214,212347.14362716675,15,next_close
2021-09-13,213753.82455982926,6896.713155410303,0.03226474740095201,206857.11140441895,15,next_close
2021-09-14,217239.9400860286,6896.713155410303,0.03174698516616767,210343.2269306183,15,next_close
2021-09-15,219575.08618130448,6896.713155410303,0.03140936103158646,212678.37302589417,15,next_close
2021-09-16,222961.21828427078,6896.713155410303,0.030932344236732426,216064.50512886047,15,next_close
2021-09-17,221348.40696301224,6896.713155410303,0.03115772663574108,214451.69380760193,15,next_close
2021-09-20,216038.518344543,6896.713155410303,0.031923534785640736,209141.8051891327,15,next_close
2021-09-21,218271.33940281632,6896.713155410303,0.03159697088165354,211374.626247406,15,next_close
2021-09-22,221660.56644215347,6896.713155410303,0.03111384792572084,214763.85328674316,15,next_close
2021-09-23,225239.22206082108,6896.713155410303,0.030619503531884834,218342.50890541077,15,next_close
2021-09-24,220506.33368077042,6896.713155410303,0.03127671228434987,213609.6205253601,15,next_close
2021-09-27,214672.84814991715,6896.713155410303,0.03212662064554141,207776.13499450684,15,next_close
2021-09-28,205367.6517883754,6896.713155410303,0.03358227595900614,198470.9386329651,15,next_close
2021-09-29,204519.17347111466,6896.713155410303,0.033721597043244275,197622.46031570435,15,next_close
2021-09-30,204771.72953190567,6896.713155410303,0.03368000637185477,197875.01637649536,15,next_close
2021-10-01,203026.9256718087,17228.94784282922,0.08486040846956264,185797.9778289795,15,next_close
2021-10-04,196459.2783787179,17228.94784282922,0.08769729780650362,179230.33053588867,15,next_close
2021-10-05,198930.22698711633,17228.94784282922,0.08660799368587183,181701.2791442871,15,next_close
2021-10-06,198146.3926441598,17228.94784282922,0.08695060057827922,180917.44480133057,15,next_close
2021-10-07,200434.93709301233,17228.94784282922,0.08595780801843984,183205.9892501831,15,next_close
2021-10-08,196735.12439464807,17228.94784282922,0.08757433577680912,179506.17655181885,15,next_close
2021-10-11,196189.33392071008,17228.94784282922,0.08781796389498064,178960.38607788086,15,next_close
2021-10-12,199109.19037365197,17228.94784282922,0.0865301486611294,181880.24253082275,15,next_close
2021-10-13,204632.95435070276,17228.94784282922,0.08419439526490935,187404.00650787354,15,next_close
2021-10-14,206879.27881359338,17228.94784282922,0.08328020061570884,189650.33097076416,15,next_close
2021-10-15,206017.2825519967,17228.94784282922,0.08362865304021669,188788.33470916748,15,next_close
2021-10-18,208673.23865246057,17228.94784282922,0.08256424232492768,191444.29080963135,15,next_close
2021-10-19,208932.3389255929,17228.94784282922,0.08246185311200181,191703.39108276367,15,next_close
2021-10-20,208925.38696789026,17228.94784282922,0.0824645970165279,191696.43912506104,15,next_close
2021-10-21,212994.11784099817,17228.94784282922,0.08088931289497285,195765.16999816895,15,next_close
2021-10-22,213099.32450603723,17228.94784282922,0.08084937802015939,195870.376663208,15,next_close
2021-10-25,215627.75370525598,17228.94784282922,0.07990134640265123,198398.80586242676,15,next_close
2021-10-26,213617.60960888147,17228.94784282922,0.08065321896623687,196388.66176605225,15,next_close
2021-10-27,211045.24177288293,17228.94784282922,0.08163627712284655,193816.2939300537,15,next_close
2021-10-28,215003.991406672,17228.94784282922,0.08013315348291052,197775.04356384277,15,next_close
2021-10-29,218598.00162243127,17228.94784282922,0.07881566947070062,201369.05377960205,15,next_close
2021-11-01,217792.96224096537,5533.73390844584,0.0254082310626885,212259.22833251953,15,next_close
2021-11-02,216821.8078468156,5533.73390844584,0.02552203564484352,211288.07393836975,15,next_close
2021-11-03,217890.9832084489,5533.73390844584,0.02539680085408539,212357.24930000305,15,next_close
2021-11-04,222603.49541929484,5533.73390844584,0.024859151012083285,217069.761510849,15,next_close
2021-11-05,224928.69820669413,5533.73390844584,0.024602169276597672,219394.9642982483,15,next_close
2021-11-08,230645.95218733072,5533.73390844584,0.023992330478669485,225112.2182788849,15,next_close
2021-11-09,227027.82757261515,5533.73390844584,0.02437469436065439,221494.0936641693,15,next_close
2021-11-10,221511.7710159135,5533.73390844584,0.024981669746337292,215978.03710746765,15,next_close
2021-11-11,225878.1913936448,5533.73390844584,0.024498752510383054,220344.45748519897,15,next_close
2021-11-12,229303.8462703538,5533.73390844584,0.024132756595462674,223770.11236190796,15,next_close
2021-11-15,226128.90736082316,5533.73390844584,0.024471590001608787,220595.17345237732,15,next_close
2021-11-16,230055.20043256998,5533.73390844584,0.024053939654660392,224521.46652412415,15,next_close
2021-11-17,229510.6917732072,5533.73390844584,0.024111007054582204,223976.95786476135,15,next_close
2021-11-18,231098.88990667582,5533.73390844584,0.023945307182914276,225565.15599822998,15,next_close
2021-11-19,233110.18836096048,5533.73390844584,0.0237387046330086,227576.45445251465,15,next_close
2021-11-22,222551.97450140238,5533.73390844584,0.024864905920710983,217018.24059295654,15,next_close
2021-11-23,218023.54168775797,5533.73390844584,0.025381359579833663,212489.80777931213,15,next_close
2021-11-24,222637.38861349344,5533.73390844584,0.024855366580195576,217103.6547050476,15,next_close
2021-11-26,219763.1570289445,5533.73390844584,0.025180444180263595,214229.42312049866,15,next_close
2021-11-29,221834.58047941446,5533.73390844584,0.024945316895529517,216300.84657096863,15,next_close
2021-11-30,217466.62092855692,5533.73390844584,0.02544635992787052,211932.88702011108,15,next_close
2021-12-01,203104.99664885044,71058.29000765325,0.3498598812441153,132046.7066411972,13,next_close
2021-12-02,204686.57759481907,71058.29000765325,0.34715656904633224,133628.28758716583,13,next_close
2021-12-03,198527.4174414301,71058.29000765325,0.3579268341039947,127469.12743377686,13,next_close
2021-12-06,196783.01118666172,71058.29000765325,0.361099718817951,125724.72117900848,13,next_close
2021-12-07,203159.45329386235,71058.29000765325,0.34976610172734696,132101.1632862091,13,next_close
2021-12-08,203744.13252455235,71058.29000765325,0.3487623870547061,132685.8425168991,13,next_close
2021-12-09,199214.9241848612,71058.29000765325,0.35669159978052056,128156.63417720795,13,next_close
2021-12-10,199523.37500864506,71058.29000765325,0.356140176581187,128465.08500099182,13,next_close
2021-12-13,195006.15778070927,71058.29000765325,0.36438998037980214,123947.86777305603,13,next_close
2021-12-14,193184.25747591496,71058.29000765325,0.36782650375387016,122125.96746826172,13,next_close
2021-12-15,197580.926033082,71058.29000765325,0.35964144633959044,126522.63602542877,13,next_close
2021-12-16,191115.29061323643,71058.29000765325,0.3718085024994428,120057.00060558319,13,next_close
2021-12-17,191690.01267534733,71058.29000765325,0.3706937519379268,120631.72266769409,13,next_close
2021-12-20,188863.7045879984,71058.29000765325,0.37624111081938794,117805.41458034515,13,next_close
2021-12-21,195184.4057369852,71058.29000765325,0.3640572090754304,124126.11572933197,13,next_close
2021-12-22,197305.94144827366,71058.29000765325,0.36014267733687133,126247.65144062042,13,next_close
2021-12-23,199242.9856405878,71058.29000765325,0.3566413632037943,128184.69563293457,13,next_close
2021-12-27,202333.79818064213,71058.29000765325,0.3511933777085178,131275.5081729889,13,next_close
2021-12-28,199886.769988122,71058.29000765325,0.3554927122584241,128828.47998046875,13,next_close
2021-12-29,199702.23268229008,71058.29000765325,0.3558212096742112,128643.94267463684,13,next_close
2021-12-30,198871.05490690708,71058.29000765325,0.35730835762356733,127812.76489925385,13,next_close
2021-12-31,198433.01995283604,71058.29000765325,0.35809710513170906,127374.7299451828,13,next_close
2022-01-03,199991.37944889785,158018.14448452712,0.7901247789778069,41973.23496437073,15,next_close
2022-01-04,199651.47515965224,158018.14448452712,0.7914699571248706,41633.33067512512,15,next_close
2022-01-05,197984.52993489028,158018.14448452712,0.7981337962945558,39966.38545036316,15,next_close
2022-01-06,197940.2649622035,158018.14448452712,0.798312281307194,39922.12047767639,15,next_close
2022-01-07,197072.13673687697,158018.14448452712,0.8018289500534862,39053.99225234985,15,next_close
2022-01-10,197422.58664608718,158018.14448452712,0.8004056028695486,39404.44216156006,15,next_close
2022-01-11,197612.84419155837,158018.14448452712,0.7996349889653445,39594.69970703125,15,next_close
2022-01-12,197729.2816534114,158018.14448452712,0.799164105403004,39711.13716888428,15,next_close
2022-01-13,196560.26571751357,158018.14448452712,0.8039170272165931,38542.12123298645,15,next_close
2022-01-14,196723.7347555232,158018.14448452712,0.8032490064348506,38705.590270996094,15,next_close
2022-01-18,195706.68873692275,158018.14448452712,0.8074233206047537,37688.54425239563,15,next_close
2022-01-19,194529.29485798598,158018.14448452712,0.812310272341688,36511.15037345886,15,next_close
2022-01-20,193555.5958166194,158018.14448452712,0.8163966730997456,35537.451332092285,15,next_close
2022-01-21,192570.1822595668,158018.14448452712,0.8205743102612495,34552.03777503967,15,next_close
2022-01-24,193035.15640545607,158018.14448452712,0.8185977488609468,35017.011920928955,15,next_close
2022-01-25,192159.642142303,158018.14448452712,0.822327429021269,34141.49765777588,15,next_close
2022-01-26,192464.15324688674,158018.14448452712,0.8210263668259647,34446.00876235962,15,next_close
2022-01-27,191354.46900368453,158018.14448452712,0.8257875831553455,33336.32451915741,15,next_close
2022-01-28,192136.42337799788,158018.14448452712,0.822426803343016,34118.278893470764,15,next_close
2022-01-31,193766.72544956923,158018.14448452712,0.8155071213486227,35748.580965042114,15,next_close
2022-02-01,193852.2421035171,116851.8746756912,0.6027883578116795,77000.36742782593,15,next_close
2022-02-02,194873.0805148483,116851.8746756912,0.5996306640556632,78021.2058391571,15,next_close
2022-02-03,192316.193843782,116851.8746756912,0.6076028874126415,75464.31916809082,15,next_close
2022-02-04,192374.40601724392,116851.8746756912,0.6074190277952927,75522.53134155273,15,next_close
2022-02-07,192843.3309039474,116851.8746756912,0.60594200550235,75991.45622825623,15,next_close
2022-02-08,194526.22417062527,116851.8746756912,0.6006998551166892,77674.34949493408,15,next_close
2022-02-09,196489.79369348293,116851.8746756912,0.5946969177339356,79637.91901779175,15,next_close
2022-02-10,194753.72163957363,116851.8746756912,0.5999981601991995,77901.84696388245,15,next_close
2022-02-11,192384.3279113174,116851.8746756912,0.607387701193394,75532.45323562622,15,next_close
2022-02-14,192726.3746051193,116851.8746756912,0.6063097223465714,75874.4999294281,15,next_close
2022-02-15,195442.9432238937,116851.8746756912,0.5978822911085059,78591.06854820251,15,next_close
2022-02-16,196035.75938218838,116851.8746756912,0.5960742827938781,79183.88470649719,15,next_close
2022-02-17,193842.64673036343,116851.8746756912,0.6028181963395962,76990.77205467224,15,next_close
2022-02-18,193330.02261728054,116851.8746756912,0.6044165985901382,76478.14794158936,15,next_close
2022-02-22,191710.7884330154,116851.8746756912,0.6095216426305594,74858.91375732422,15,next_close
2022-02-23,190239.48479074246,116851.8746756912,0.6142356556748703,73387.61011505127,15,next_close
2022-02-24,192238.94308847195,116851.8746756912,0.6078470511664943,75387.06841278076,15,next_close
2022-02-25,193587.0048770309,116851.8746756912,0.6036142495717474,76735.13020133972,15,next_close
2022-02-28,193372.43163675076,116851.8746756912,0.6042840423871637,76520.55696105957,15,next_close
2022-03-01,191006.56117370373,114965.19525649791,0.6018913410620861,76041.36591720581,15,next_close
2022-03-02,193262.9938366676,114965.19525649791,0.5948639880517347,78297.79858016968,15,next_close
2022-03-03,191857.6591313148,114965.19525649791,0.5992212965436594,76892.4638748169,15,next_close
2022-03-04,190561.77253082042,114965.19525649791,0.6032962106180245,75596.57727432251,15,next_close
2022-03-07,186581.52441146618,114965.19525649791,0.6161660197553454,71616.32915496826,15,next_close
2022-03-08,186430.54289748913,114965.19525649791,0.6166650242482681,71465.34764099121,15,next_close
2022-03-09,188923.07135894542,114965.19525649791,0.6085291459086496,73957.87610244751,15,next_close
2022-03-10,188892.26862457042,114965.19525649791,0.6086283789888458,73927.07336807251,15,next_close
2022-03-11,187536.21824386364,114965.19525649791,0.6130292928643915,72571.02298736572,15,next_close
2022-03-14,185656.4926922584,114965.19525649791,0.6192360611220993,70691.2974357605,15,next_close
2022-03-15,188149.2895939613,114965.19525649791,0.611031779628828,73184.09433746338,15,next_close
2022-03-16,190983.96094253307,114965.19525649791,0.6019625663282314,76018.76568603516,15,next_close
2022-03-17,192446.7703221107,114965.19525649791,0.5973869816784827,77481.5750656128,15,next_close
2022-03-18,194262.2705929542,114965.19525649791,0.5918040333080903,79297.0753364563,15,next_close
2022-03-21,193280.12363937145,114965.19525649791,0.5948112671482135,78314.92838287354,15,next_close
2022-03-22,194348.76815154796,114965.19525649791,0.5915406428861496,79383.57289505005,15,next_close
2022-03-23,192771.03588607555,114965.19525649791,0.5963821002883463,77805.84062957764,15,next_close
2022-03-24,194419.99570586925,114965.19525649791,0.5913239265287531,79454.80044937134,15,next_close
2022-03-25,194078.0546505714,114965.19525649791,0.5923657647099125,79112.85939407349,15,next_close
2022-03-28,194333.87920882946,114965.19525649791,0.5915859639325026,79368.68395233154,15,next_close
2022-03-29,196074.4900524879,114965.19525649791,0.5863342815565781,81109.29479598999,15,next_close
2022-03-30,194429.3290493751,114965.19525649791,0.5912955407427376,79464.1337928772,15,next_close
2022-03-31,192921.44256332165,114965.19525649791,0.59591714497347,77956.24730682373,15,next_close
2022-04-01,192362.81569027668,162296.1824352718,0.8436983096389317,30066.633255004883,11,next_close
2022-04-04,192137.26228451496,162296.1824352718,0.8446887423374713,29841.079849243164,11,next_close
2022-04-05,191876.55765652424,162296.1824352718,0.8458364295121247,29580.37522125244,11,next_close
2022-04-06,192269.17076992756,162296.1824352718,0.8441092338692097,29972.98833465576,11,next_close
2022-04-07,192552.94394039875,162296.1824352718,0.8428652354726273,30256.761505126953,11,next_close
2022-04-08,193052.41144680744,162296.1824352718,0.8406845644608276,30756.229011535645,11,next_close
2022-04-11,192551.4825298763,162296.1824352718,0.8428716325780038,30255.300094604492,11,next_close
2022-04-12,192800.5265972591,162296.1824352718,0.8417828794331677,30504.344161987305,11,next_close
2022-04-13,193060.09785580402,162296.1824352718,0.8406510938189325,30763.915420532227,11,next_close
2022-04-14,193249.0656521297,162296.1824352718,0.8398290666378868,30952.88321685791,11,next_close
2022-04-18,193359.57085537678,162296.1824352718,0.8393491034206999,31063.38842010498,11,next_close
2022-04-19,193152.0002224422,162296.1824352718,0.840251109221569,30855.81778717041,11,next_close
2022-04-20,193415.3113415218,162296.1824352718,0.8391072108489819,31119.12890625,11,next_close
2022-04-21,192493.10601925617,162296.1824352718,0.8431272464325885,30196.923583984375,11,next_close
2022-04-22,191689.93790936237,162296.1824352718,0.8466598936038627,29393.755474090576,11,next_close
2022-04-25,190962.9498684383,162296.1824352718,0.8498830927522006,28666.767433166504,11,next_close
2022-04-26,190865.97141766315,162296.1824352718,0.8503149159057095,28569.788982391357,11,next_close
2022-04-27,191257.82829022175,162296.1824352718,0.8485727558769387,28961.64585494995,11,next_close
2022-04-28,191480.22277569538,162296.1824352718,0.8475871820213491,29184.040340423584,11,next_close
2022-04-29,190639.83195233112,162296.1824352718,0.8513235705949082,28343.649517059326,11,next_close
2022-05-02,190468.06669803866,137337.30034252413,0.7210515795293593,53130.76635551453,15,next_close
2022-05-03,191974.74657436617,137337.30034252413,0.7153925336180773,54637.44623184204,15,next_close
2022-05-04,193320.25520130404,137337.30034252413,0.7104134028765637,55982.95485877991,15,next_close
2022-05-05,191735.05907436617,137337.30034252413,0.7162868439686694,54397.75873184204,15,next_close
2022-05-06,191580.94424625643,137337.30034252413,0.716863051713494,54243.6439037323,15,next_close
2022-05-09,188320.67668911227,137337.30034252413,0.72927361327002,50983.376346588135,15,next_close
2022-05-10,188118.02141948947,137337.30034252413,0.7300592431613555,50780.72107696533,15,next_close
2022-05-11,188381.1276263834,137337.30034252413,0.7290395915609202,51043.82728385925,15,next_close
2022-05-12,188104.39004703768,137337.30034252413,0.7301121484096217,50767.08970451355,15,next_close
2022-05-13,189253.2248515726,137337.30034252413,0.7256801063772358,51915.92450904846,15,next_close
2022-05-16,189807.9255847574,137337.30034252413,0.7235593556982273,52470.62524223328,15,next_close
2022-05-17,190789.17057033785,137337.30034252413,0.7198380281856316,53451.87022781372,15,next_close
2022-05-18,188361.57520099886,137337.30034252413,0.7291152677820452,51024.27485847473,15,next_close
2022-05-19,188757.78388592013,137337.30034252413,0.7275848312858288,51420.483543395996,15,next_close
2022-05-20,188146.30966182955,137337.30034252413,0.7299494770286564,50809.00931930542,15,next_close
2022-05-23,189429.9934615732,137337.30034252413,0.7250029302798011,52092.69311904907,15,next_close
2022-05-24,189225.99464794406,137337.30034252413,0.7257845339803387,51888.69430541992,15,next_close
2022-05-25,190194.75400539645,137337.30034252413,0.7220877413823277,52857.453662872314,15,next_close
2022-05-26,191973.15635296114,137337.30034252413,0.7153984596159698,54635.85601043701,15,next_close
2022-05-27,193096.3450202585,137337.30034252413,0.7112371822890564,55759.044677734375,15,next_close
2022-05-31,192237.71869274386,137337.30034252413,0.7144139104253114,54900.41835021973,15,next_close
2022-06-01,191604.91416040668,115118.04645792257,0.6008094675564987,76486.86770248413,15,next_close
2022-06-02,192439.63545480976,115118.04645792257,0.5982034116093279,77321.5889968872,15,next_close
2022-06-03,192438.75621858845,115118.04645792257,0.5982061447495619,77320.7097606659,15,next_close
2022-06-06,192619.23236528644,115118.04645792257,0.5976456506669631,77501.18590736389,15,next_close
2022-06-07,193171.96696153888,115118.04645792257,0.5959355711320313,78053.92050361633,15,next_close
2022-06-08,191887.330090201,115118.04645792257,0.5999252082136362,76769.28363227844,15,next_close
2022-06-09,189538.91065279255,115118.04645792257,0.6073583838877387,74420.86419487,15,next_close
2022-06-10,188632.5292936922,115118.04645792257,0.6102767475417193,73514.48283576965,15,next_close
2022-06-13,185505.54044023762,115118.04645792257,0.6205639259330313,70387.49398231506,15,next_close
2022-06-14,185213.42195955524,115118.04645792257,0.6215426789266963,70095.37550163269,15,next_close
2022-06-15,185080.6443163515,115118.04645792257,0.6219885762941021,69962.59785842896,15,next_close
2022-06-16,181973.90373865375,115118.04645792257,0.6326074458635133,66855.8572807312,15,next_close
2022-06-17,181044.87448755512,115118.04645792257,0.6358536621584152,65926.82802963257,15,next_close
2022-06-21,183119.1960035921,115118.04645792257,0.6286508949922671,68001.14954566956,15,next_close
2022-06-22,181356.5447928072,115118.04645792257,0.6347609157940258,66238.49833488464,15,next_close
2022-06-23,178631.004126227,115118.04645792257,0.6444460580682627,63512.95766830444,15,next_close
2022-06-24,180792.8734194399,115118.04645792257,0.6367399570604115,65674.82696151733,15,next_close
2022-06-27,182383.90036836872,115118.04645792257,0.631185352574507,67265.85391044617,15,next_close
2022-06-28,182400.8593794466,115118.04645792257,0.6311266671087535,67282.81292152405,15,next_close
2022-06-29,181300.48036829242,115118.04645792257,0.6349572059824257,66182.43391036987,15,next_close
2022-06-30,179885.6764799715,115118.04645792257,0.6399511551479188,64767.63002204895,15,next_close
2022-07-01,180386.06566465148,143596.40472257385,0.7960504276950536,36789.66094207764,14,next_close
2022-07-05,179648.28428495178,143596.40472257385,0.7993196555932941,36051.87956237793,14,next_close
2022-07-06,178951.02303159484,143596.40472257385,0.8024341090088156,35354.618309020996,14,next_close
2022-07-07,180189.2017883087,143596.40472257385,0.7969201444783295,36592.79706573486,14,next_close
2022-07-08,179864.15923154601,143596.40472257385,0.7983603033315643,36267.75450897217,14,next_close
2022-07-11,179406.99954068908,143596.40472257385,0.8003946618036301,35810.594818115234,14,next_close
2022-07-12,178993.63041532287,143596.40472257385,0.8022430987593466,35397.22569274902,14,next_close
2022-07-13,179091.99730527648,143596.40472257385,0.8018024640029136,35495.59258270264,14,next_close
2022-07-14,178769.03992307434,143596.40472257385,0.8032509699910256,35172.63520050049,14,next_close
2022-07-15,179401.8934921051,143596.40472257385,0.8004174422434012,35805.48876953125,14,next_close
2022-07-18,179846.40085447082,143596.40472257385,0.7984391349525535,36249.99613189697,14,next_close
2022-07-19,180834.38435971984,143596.40472257385,0.7940768854939039,37237.979637145996,14,next_close
2022-07-20,181413.80708158264,143596.40472257385,0.7915406607281984,37817.40235900879,14,next_close
2022-07-21,181318.2359985138,143596.40472257385,0.7919578741310437,37721.83127593994,14,next_close
2022-07-22,180903.37624204406,143596.40472257385,0.7937740450484769,37306.971519470215,14,next_close
2022-07-25,181825.30760801086,143596.40472257385,0.7897492742437537,38228.90288543701,14,next_close
2022-07-26,181811.6440490509,143596.40472257385,0.7898086256996445,38215.23932647705,14,next_close
2022-07-27,182582.94617307434,143596.40472257385,0.7864721636513395,38986.54145050049,14,next_close
2022-07-28,182900.43160093078,143596.40472257385,0.7851069757773228,39304.02687835693,14,next_close
2022-07-29,183919.27815854797,143596.40472257385,0.7807577659085106,40322.87343597412,14,next_close
2022-08-01,183195.0997956944,59805.82693516737,0.3264597524817254,123389.27286052704,15,next_close
2022-08-02,182897.63876378065,59805.82693516737,0.32699070004074193,123091.81182861328,15,next_close
2022-08-03,181679.62585198408,59805.82693516737,0.32918290454809546,121873.79891681671,15,next_close
2022-08-04,179508.54902302747,59805.82693516737,0.33316422677727425,119702.72208786011,15,next_close
2022-08-05,180809.3933585835,59805.82693516737,0.33076725619315417,121003.56642341614,15,next_close
2022-08-08,181970.47874199873,59805.82693516737,0.32865675437366537,122164.65180683136,15,next_close
2022-08-09,182752.13725602155,59805.82693516737,0.32725103975875286,122946.31032085419,15,next_close
2022-08-10,184756.45886933332,59805.82693516737,0.32370087249542,124950.63193416595,15,next_close
2022-08-11,186815.04625355726,59805.82693516737,0.32013388714951313,127009.21931838989,15,next_close
2022-08-12,189491.7774852467,59805.82693516737,0.31561172589572484,129685.95055007935,15,next_close
2022-08-15,189442.5973304463,59805.82693516737,0.3156936601267537,129636.77039527893,15,next_close
2022-08-16,188995.04974781995,59805.82693516737,0.31644123491576914,129189.22281265259,15,next_close
2022-08-17,188763.45266377454,59805.82693516737,0.3168294820379955,128957.62572860718,15,next_close
2022-08-18,188764.055323,59805.82693516737,0.31682847050955637,128958.22838783264,15,next_close
2022-08-19,186167.50981747633,59805.82693516737,0.32124739163027227,126361.68288230896,15,next_close
2022-08-22,186336.83571469312,59805.82693516737,0.3209554713418992,126531.00877952576,15,next_close
2022-08-23,188943.53072964674,59805.82693516737,0.31652751858830047,129137.70379447937,15,next_close
2022-08-24,190411.6020759297,59805.82693516737,0.3140870949203969,130605.77514076233,15,next_close
2022-08-25,191824.243030901,59805.82693516737,0.3117740802216185,132018.41609573364,15,next_close
2022-08-26,189076.039238329,59805.82693516737,0.31630568937284836,129270.21230316162,15,next_close
2022-08-29,189548.1506255818,59805.82693516737,0.3155178604369662,129742.32369041443,15,next_close
2022-08-30,185908.6223567677,59805.82693516737,0.3216947453916208,126102.79542160034,15,next_close
2022-08-31,184952.60242211347,59805.82693516737,0.3233575854135525,125146.7754869461,15,next_close
2022-09-01,183107.74256206283,110079.81119704971,0.6011750767979627,73027.93136501312,15,next_close
2022-09-02,183672.3947217537,110079.81119704971,0.59932692315473,73592.58352470398,15,next_close
2022-09-06,182667.9189946724,110079.81119704971,0.6026225721674765,72588.10779762268,15,next_close
2022-09-07,183612.11417413483,110079.81119704971,0.5995236844375734,73532.30297708511,15,next_close
2022-09-08,184237.8171808792,110079.81119704971,0.5974875998936561,74158.0059838295,15,next_close
2022-09-09,185708.9774062706,110079.81119704971,0.5927543877226303,75629.16620922089,15,next_close
2022-09-12,186108.58914352188,110079.81119704971,0.5914816274930715,76028.77794647217,15,next_close
2022-09-13,184321.20725465546,110079.81119704971,0.5972172862613963,74241.39605760574,15,next_close
2022-09-14,185450.46080566177,110079.81119704971,0.5935806830504732,75370.64960861206,15,next_close
2022-09-15,184514.563975103,110079.81119704971,0.5965914496153434,74434.75277805328,15,next_close
2022-09-16,182958.5430233551,110079.81119704971,0.6016653247123736,72878.73182630539,15,next_close
2022-09-19,183924.91023088226,110079.81119704971,0.5985040909296393,73845.09903383255,15,next_close
2022-09-20,182932.99233556518,110079.81119704971,0.6017493607447452,72853.18113851547,15,next_close
2022-09-21,181822.12691713104,110079.81119704971,0.6054258250274496,71742.31572008133,15,next_close
2022-09-22,180928.59172225723,110079.81119704971,0.6084157851957019,70848.78052520752,15,next_close
2022-09-23,177686.55176711807,110079.81119704971,0.6195168407642014,67606.74057006836,15,next_close
2022-09-26,176294.8037283493,110079.81119704971,0.624407576792056,66214.99253129959,15,next_close
2022-09-27,176782.05791450271,110079.81119704971,0.6226865582155838,66702.246717453,15,next_close
2022-09-28,179133.26394534836,110079.81119704971,0.614513512301288,69053.45274829865,15,next_close
2022-09-29,178058.3578498436,110079.81119704971,0.618223219209288,67978.54665279388,15,next_close
2022-09-30,177794.82417560348,110079.81119704971,0.6191395711740554,67715.01297855377,15,next_close
2022-10-03,179794.51915803205,149715.8893667723,0.8327055244391411,30078.629791259766,4,next_close
2022-10-04,180655.88534608137,149715.8893667723,0.8287351894457381,30939.995979309082,4,next_close
2022-10-05,180963.2280890013,149715.8893667723,0.827327689430579,31247.338722229004,4,next_close
2022-10-06,181096.13033356916,149715.8893667723,0.8267205328518274,31380.240966796875,4,next_close
2022-10-07,180890.63870301496,149715.8893667723,0.8276596867601028,31174.749336242676,4,next_close
2022-10-10,180226.64597382795,149715.8893667723,0.8307089584772811,30510.756607055664,4,next_close
2022-10-11,180059.6926275755,149715.8893667723,0.8314792010471522,30343.803260803223,4,next_close
2022-10-12,180247.74266877424,149715.8893667723,0.8306117300003711,30531.853302001953,4,next_close
2022-10-13,181020.87682404768,149715.8893667723,0.8270642148766971,31304.98745727539,4,next_close
2022-10-14,179867.80275025617,149715.8893667723,0.8323662549803348,30151.913383483887,4,next_close
2022-10-17,180299.81726899397,149715.8893667723,0.8303718308455481,30583.92790222168,4,next_close
2022-10-18,180372.44799103987,149715.8893667723,0.8300374643371782,30656.558624267578,4,next_close
2022-10-19,180800.35295930158,149715.8893667723,0.8280729927583358,31084.463592529297,4,next_close
2022-10-20,180917.07468476545,149715.8893667723,0.8275387473937498,31201.185317993164,4,next_close
2022-10-21,181046.43945374739,149715.8893667723,0.8269474385604847,31330.550086975098,4,next_close
2022-10-24,180924.33598389875,149715.8893667723,0.8275055345793623,31208.446617126465,4,next_close
2022-10-25,181118.63982453596,149715.8893667723,0.8266177877208772,31402.750457763672,4,next_close
2022-10-26,181229.67334809553,149715.8893667723,0.8261113459008814,31513.783981323242,4,next_close
2022-10-27,181410.06214967024,149715.8893667723,0.8252898852063176,31694.17278289795,4,next_close
2022-10-28,182226.97327485334,149715.8893667723,0.8215901667913645,32511.083908081055,4,next_close
2022-10-31,182688.4027258421,149715.8893667723,0.8195150164591936,32972.513359069824,4,next_close
2022-11-01,182771.70726934684,81158.4642922045,0.4440428198911715,101613.24297714233,15,next_close
2022-11-02,180692.44304052604,81158.4642922045,0.4491525097925768,99533.97874832153,15,next_close
2022-11-03,179729.01054540885,81158.4642922045,0.4515601796611442,98570.54625320435,15,next_close
2022-11-04,180871.09816137564,81158.4642922045,0.4487088601618033,99712.63386917114,15,next_close
2022-11-07,180871.9651505114,81158.4642922045,0.44870670932705925,99713.50085830688,15,next_close
2022-11-08,181895.33667150748,81158.4642922045,0.4461822154284913,100736.87237930298,15,next_close
2022-11-09,179137.5040527941,81158.4642922045,0.45305121739491283,97979.0397605896,15,next_close
2022-11-10,182813.5696312548,81158.4642922045,0.4439411388110066,101655.1053390503,15,next_close
2022-11-11,183553.8380295397,81158.4642922045,0.4421507344299905,102395.3737373352,15,next_close
2022-11-14,183536.91494909537,81158.4642922045,0.44219150308107824,102378.45065689087,15,next_close
2022-11-15,184136.1999146105,81158.4642922045,0.4407523579276651,102977.735622406,15,next_close
2022-11-16,183000.58475271476,81158.4642922045,0.443487458807153,101842.12046051025,15,next_close
2022-11-17,182658.59867254508,81158.4642922045,0.4443177867454165,101500.13438034058,15,next_close
2022-11-18,183729.60177770865,81158.4642922045,0.4417277537584649,102571.13748550415,15,next_close
2022-11-21,182962.74857107413,81158.4642922045,0.4435791707658868,101804.28427886963,15,next_close
2022-11-22,184911.95722738517,81158.4642922045,0.4389032786690176,103753.49293518066,15,next_close
2022-11-23,184629.13206259024,81158.4642922045,0.4395756151022329,103470.66777038574,15,next_close
2022-11-25,184782.7622772814,81158.4642922045,0.43921014759168764,103624.2979850769,15,next_close
2022-11-28,182857.53370443595,81158.4642922045,0.4438344029258647,101699.06941223145,15,next_close
2022-11-29,183201.75970999015,81158.4642922045,0.44300046255384773,102043.29541778564,15,next_close
2022-11-30,185609.43240515006,81158.4642922045,0.4372539867211652,104450.96811294556,15,next_close
2022-12-01,184991.7685730101,123431.11855622544,0.6672249230781924,61560.65001678467,5,next_close
2022-12-02,184145.42394562974,123431.11855622544,0.6702915332431468,60714.3053894043,5,next_close
2022-12-05,183400.91105195298,123431.11855622544,0.6730125703751844,59969.79249572754,5,next_close
2022-12-06,182732.79376527085,123431.11855622544,0.6754732744620471,59301.67520904541,5,next_close
2022-12-07,182677.3644210936,123431.11855622544,0.6756782316592966,59246.245864868164,5,next_close
2022-12-08,183343.9230339171,123431.11855622544,0.6732217600328739,59912.80447769165,5,next_close
2022-12-09,182591.29809113755,123431.11855622544,0.6759967197046639,59160.17953491211,5,next_close
2022-12-12,183647.1557304503,123431.11855622544,0.6721101563772245,60216.03717422485,5,next_close
2022-12-13,184351.07268449082,123431.11855622544,0.6695438044316273,60919.95412826538,5,next_close
2022-12-14,184101.8232833983,123431.11855622544,0.6704502777586345,60670.70472717285,5,next_close
2022-12-15,181838.8206054808,123431.11855622544,0.6787940998804801,58407.70204925537,5,next_close
2022-12-16,181864.3949958922,123431.11855622544,0.6786986455430895,58433.27643966675,5,next_close
2022-12-19,181250.0340530516,123431.11855622544,0.6809991468475937,57818.91549682617,5,next_close
2022-12-20,181692.00132294907,123431.11855622544,0.6793426108881501,58260.88276672363,5,next_close
2022-12-21,182599.52732011094,123431.11855622544,0.6759662545009837,59168.4087638855,5,next_close
2022-12-22,180936.70367738022,123431.11855622544,0.6821784416737783,57505.585121154785,5,next_close
2022-12-23,180910.58523484482,123431.11855622544,0.6822769292133803,57479.466678619385,5,next_close
2022-12-27,180851.88859101548,123431.11855622544,0.6824983665797193,57420.77003479004,5,next_close
2022-12-28,179912.4195129515,123431.11855622544,0.68606224567693,56481.300956726074,5,next_close
2022-12-29,181136.68328782334,123431.11855622544,0.6814252989279667,57705.5647315979,5,next_close
2022-12-30,180973.77117081895,123431.11855622544,0.6820387162055672,57542.652614593506,5,next_close
2023-01-03,180226.67364288104,108845.47520423665,0.6039365483708246,71381.19843864441,15,next_close
2023-01-04,180936.0981748177,108845.47520423665,0.6015685996448968,72090.62297058105,15,next_close
2023-01-05,180208.10300994647,108845.47520423665,0.6039987846619138,71362.62780570984,15,next_close
2023-01-06,183090.72808624041,108845.47520423665,0.5944892804892209,74245.25288200378,15,next_close
2023-01-09,182830.68140578998,108845.47520423665,0.59533484406075,73985.20620155334,15,next_close
2023-01-10,183233.912170179,108845.47520423665,0.5940247300027416,74388.43696594238,15,next_close
2023-01-11,184107.39462066424,108845.47520423665,0.5912064283376688,75261.91941642761,15,next_close
2023-01-12,184441.18868423236,108845.47520423665,0.5901364873037261,75595.71347999573,15,next_close
2023-01-13,184726.6558587624,108845.47520423665,0.5892245204041224,75881.18065452576,15,next_close
2023-01-17,184418.1657464577,108845.47520423665,0.5902101604994807,75572.69054222107,15,next_close
2023-01-18,183819.4022309853,108845.47520423665,0.592132679593108,74973.92702674866,15,next_close
2023-01-19,182736.122440107,108845.47520423665,0.5956429071100132,73890.64723587036,15,next_close
2023-01-20,183990.205220945,108845.47520423665,0.5915829871135224,75144.73001670837,15,next_close
2023-01-23,185113.95791793597,108845.47520423665,0.587991723738572,76268.48271369934,15,next_close
2023-01-24,185211.65824104083,108845.47520423665,0.58768155437916,76366.1830368042,15,next_close
2023-01-25,185487.63962150348,108845.47520423665,0.5868071609857192,76642.16441726685,15,next_close
2023-01-26,185714.28013587726,108845.47520423665,0.5860910379352638,76868.80493164062,15,next_close
2023-01-27,184879.9896676613,108845.47520423665,0.5887358356082578,76034.51446342468,15,next_close
2023-01-30,184275.52890945208,108845.47520423665,0.5906670074338536,75430.05370521545,15,next_close
2023-01-31,185257.4730260445,108845.47520423665,0.5875362187895901,76411.99782180786,15,next_close
2023-02-01,186258.85264383565,60347.56188570273,0.32399835513375247,125911.29075813293,14,next_close
2023-02-02,187865.94736276875,60347.56188570273,0.32122671901348737,127518.38547706604,14,next_close
2023-02-03,186687.44775377522,60347.56188570273,0.3232545230641109,126339.88586807251,14,next_close
2023-02-06,185325.45023714314,60347.56188570273,0.32563019168970997,124977.88835144043,14,next_close
2023-02-07,187380.47469125997,60347.56188570273,0.3220589657761046,127032.91280555725,14,next_close
2023-02-08,185427.9240206362,60347.56188570273,0.32545023736007894,125080.36213493347,14,next_close
2023-02-09,184592.71420847188,60347.56188570273,0.3269227723557308,124245.15232276917,14,next_close
2023-02-10,183881.45676790486,60347.56188570273,0.32818731668997714,123533.89488220215,14,next_close
2023-02-13,185453.40247713338,60347.56188570273,0.3254055254831124,125105.84059143066,14,next_close
2023-02-14,185630.50468622457,60347.56188570273,0.3250950698416167,125282.94280052185,14,next_close
2023-02-15,186457.07072244893,60347.56188570273,0.3236539201859136,126109.50883674622,14,next_close
2023-02-16,184784.73165117513,60347.56188570273,0.32658305340737254,124437.16976547241,14,next_close
2023-02-17,184087.3876455904,60347.56188570273,0.3278201872356695,123739.8257598877,14,next_close
2023-02-21,181629.87114321004,60347.56188570273,0.3322557105054618,121282.30925750732,14,next_close
2023-02-22,181455.91984545003,60347.56188570273,0.3325742248426068,121108.35795974731,14,next_close
2023-02-23,182227.93744837056,60347.56188570273,0.3311652578123517,121880.37556266785,14,next_close
2023-02-24,181019.95529161702,60347.56188570273,0.3333751894286177,120672.3934059143,14,next_close
2023-02-27,181818.23580919515,60347.56188570273,0.33191149181005725,121470.67392349243,14,next_close
2023-02-28,182203.7897890688,60347.56188570273,0.3312091474911969,121856.22790336609,14,next_close
2023-03-01,181604.01583618415,49842.38951057685,0.27445642807556175,131761.6263256073,14,next_close
2023-03-02,182968.425559466,49842.38951057685,0.27240978523028136,133126.03604888916,14,next_close
2023-03-03,185039.19509643805,49842.38951057685,0.2693612533528379,135196.8055858612,14,next_close
2023-03-06,184110.80813354743,49842.38951057685,0.2707195194886275,134268.41862297058,14,next_close
2023-03-07,182357.5398134638,49842.38951057685,0.27332234006645056,132515.15030288696,14,next_close
2023-03-08,183170.7942327906,49842.38951057685,0.2721088245500125,133328.40472221375,14,next_close
2023-03-09,180804.45369667304,49842.38951057685,0.27567014247444943,130962.06418609619,14,next_close
2023-03-10,177821.99555534613,49842.38951057685,0.28029372494058913,127979.60604476929,14,next_close
2023-03-13,176847.47667068732,49842.38951057685,0.2818382848820047,127005.08716011047,14,next_close
2023-03-14,179939.57579750312,49842.38951057685,0.2769951484528757,130097.18628692627,14,next_close
2023-03-15,176965.88960212958,49842.38951057685,0.28164969883539104,127123.50009155273,14,next_close
2023-03-16,178336.59641594184,49842.38951057685,0.2794849207188377,128494.20690536499,14,next_close
2023-03-17,176712.7468599726,49842.38951057685,0.282053164789929,126870.35734939575,14,next_close
2023-03-20,179269.0991053034,49842.38951057685,0.27803112616357395,129426.70959472656,14,next_close
2023-03-21,180466.25997680915,49842.38951057685,0.2761867482430337,130623.8704662323,14,next_close
2023-03-22,178388.21613067877,49842.38951057685,0.279404046924628,128545.82662010193,14,next_close
2023-03-23,180434.4616445948,49842.38951057685,0.27623542119549405,130592.07213401794,14,next_close
2023-03-24,180154.9750818659,49842.38951057685,0.27666396383406844,130312.58557128906,14,next_close
2023-03-27,180450.09291023505,49842.38951057685,0.2762114926445118,130607.7033996582,14,next_close
2023-03-28,180545.63600487006,49842.38951057685,0.2760653240559766,130703.24649429321,14,next_close
2023-03-29,181683.09532493842,49842.38951057685,0.2743369680125398,131840.70581436157,14,next_close
2023-03-30,182495.35630745185,49842.38951057685,0.27311593302465653,132652.966796875,14,next_close
2023-03-31,184329.27297920478,49842.38951057685,0.27039866595795586,134486.88346862793,14,next_close
2023-04-03,183984.95822698844,36708.519513914725,0.19951913388825074,147276.43871307373,15,next_close
2023-04-04,180306.77655203117,36708.519513914725,0.20358923949439992,143598.25703811646,15,next_close
2023-04-05,178784.7050874926,36708.519513914725,0.20532248268077813,142076.18557357788,15,next_close
2023-04-06,177937.26531011832,36708.519513914725,0.2063003466414818,141228.7457962036,15,next_close
2023-04-10,179407.4204576708,36708.519513914725,0.20460981725432975,142698.9009437561,15,next_close
2023-04-11,179781.19703466666,36708.519513914725,0.20418442039206322,143072.67752075195,15,next_close
2023-04-12,178762.02111608756,36708.519513914725,0.20534853703671382,142053.50160217285,15,next_close
2023-04-13,179563.74698049796,36708.519513914725,0.20443168585639707,142855.22746658325,15,next_close
2023-04-14,180003.61736852897,36708.519513914725,0.20393212120154136,143295.09785461426,15,next_close
2023-04-17,179920.5842722155,36708.519513914725,0.2040262355883395,143212.06475830078,15,next_close
2023-04-18,181473.86139089835,36708.519513914725,0.2022799274372844,144765.34187698364,15,next_close
2023-04-19,181223.11359960807,36708.519513914725,0.20255981030663692,144514.59408569336,15,next_close
2023-04-20,184145.8461092211,36708.519513914725,0.19934481439316348,147437.3265953064,15,next_close
2023-04-21,182911.82416326774,36708.519513914725,0.20068970216571988,146203.30464935303,15,next_close
2023-04-24,182331.58093817008,36708.519513914725,0.2013283673899742,145623.06142425537,15,next_close
2023-04-25,179275.1788385607,36708.519513914725,0.20476074686820508,142566.659324646,15,next_close
2023-04-26,178882.41441137565,36708.519513914725,0.20521033123745855,142173.89489746094,15,next_close
2023-04-27,181904.72064001334,36708.519513914725,0.2018008075038378,145196.20112609863,15,next_close
2023-04-28,183267.96487219108,36708.519513914725,0.20029970616804096,146559.44535827637,15,next_close
2023-05-01,183494.7043551661,79560.36777679695,0.43358399936601233,103934.33657836914,9,next_close
2023-05-02,182689.07052032722,79560.36777679695,0.43549604554994176,103128.70274353027,9,next_close
2023-05-03,182726.9565905787,79560.36777679695,0.4354057510795265,103166.58881378174,9,next_close
2023-05-04,181292.59592239631,79560.36777679695,0.4388506180961377,101732.22814559937,9,next_close
2023-05-05,183052.46226684822,79560.36777679695,0.43463150832036507,103492.09449005127,9,next_close
2023-05-08,183126.4539126612,79560.36777679695,0.43445589687845865,103566.08613586426,9,next_close
2023-05-09,181658.50821869148,79560.36777679695,0.43796664718295153,102098.14044189453,9,next_close
2023-05-10,182846.93953125252,79560.36777679695,0.43512004073329513,103286.57175445557,9,next_close
2023-05-11,182518.3871020533,79560.36777679695,0.4359033028946918,102958.01932525635,9,next_close
2023-05-12,182696.2951525904,79560.36777679695,0.4354788240798592,103135.92737579346,9,next_close
2023-05-15,184672.00543396248,79560.36777679695,0.4308198613527659,105111.63765716553,9,next_close
2023-05-16,184616.80378906502,79560.36777679695,0.4309486793396071,105056.43601226807,9,next_close
2023-05-17,186642.8241748072,79560.36777679695,0.4262707024958096,107082.45639801025,9,next_close
2023-05-18,188834.48751251472,79560.36777679695,0.42132329123155643,109274.11973571777,9,next_close
2023-05-19,187186.75939361824,79560.36777679695,0.4250320270222564,107626.39161682129,9,next_close
2023-05-22,186803.66921417488,79560.36777679695,0.42590366726458184,107243.30143737793,9,next_close
2023-05-23,185756.95486633552,79560.36777679695,0.4283035746039545,106196.58708953857,9,next_close
2023-05-24,185187.78081695808,79560.36777679695,0.42961996426446414,105627.41304016113,9,next_close
2023-05-25,188685.9173907496,79560.36777679695,0.421655038579458,109125.54961395264,9,next_close
2023-05-26,192503.65527527107,79560.36777679695,0.4132927640414381,112943.28749847412,9,next_close
2023-05-30,192017.521707461,79560.36777679695,0.41433910337623925,112457.15393066406,9,next_close
2023-05-31,190824.52585022224,79560.36777679695,0.41692946659929714,111264.1580734253,9,next_close
2023-06-01,191350.41215662257,38574.11038355127,0.20158885444144173,152776.3017730713,15,next_close
2023-06-02,194262.90436701075,38574.11038355127,0.19856652771274963,155688.79398345947,15,next_close
2023-06-05,192132.99703363673,38574.11038355127,0.20076775451953263,153558.88665008545,15,next_close
2023-06-06,193150.80603555933,38574.11038355127,0.1997098079748615,154576.69565200806,15,next_close
2023-06-07,194046.76316599146,38574.11038355127,0.198787703305075,155472.6527824402,15,next_close
2023-06-08,194447.1803832461,38574.11038355127,0.19837834782445055,155873.06999969482,15,next_close
2023-06-09,193341.02492288843,38574.11038355127,0.19951332314978704,154766.91453933716,15,next_close
2023-06-12,196738.93034891383,38574.11038355127,0.1960675007998702,158164.81996536255,15,next_close
2023-06-13,197908.04778055445,38574.11038355127,0.19490925617296392,159333.93739700317,15,next_close
2023-06-14,198612.13123087183,38574.11038355127,0.19421829947895647,160038.02084732056,15,next_close
2023-06-15,198556.7605834414,38574.11038355127,0.19427246027888787,159982.65019989014,15,next_close
2023-06-16,197398.83500818507,38574.11038355127,0.19541204679324378,158824.7246246338,15,next_close
2023-06-20,196582.53853754298,38574.11038355127,0.19622348287146804,158008.4281539917,15,next_close
2023-06-21,195851.83769373194,38574.11038355127,0.19695557028100227,157277.72731018066,15,next_close
2023-06-22,196515.0838485171,38574.11038355127,0.1962908374671431,157940.97346496582,15,next_close
2023-06-23,193891.6055999209,38574.11038355127,0.1989467788674963,155317.49521636963,15,next_close
2023-06-26,195206.8801551272,38574.11038355127,0.19760630543809293,156632.76977157593,15,next_close
2023-06-27,198801.8715110232,38574.11038355127,0.19403293384696535,160227.76112747192,15,next_close
2023-06-28,197910.10419229761,38574.11038355127,0.19490723094193854,159335.99380874634,15,next_close
2023-06-29,199439.25094370142,38574.11038355127,0.19341283223351122,160865.14056015015,15,next_close
2023-06-30,200791.74759058253,38574.11038355127,0.19211003861674872,162217.63720703125,15,next_close
2023-07-03,200468.07975988637,42690.32237844718,0.21295321644014423,157777.7573814392,15,next_close
2023-07-05,198332.42080335866,42690.32237844718,0.21524631326299143,155642.0984249115,15,next_close
2023-07-06,195207.54725485097,42690.32237844718,0.21869196646743028,152517.2248764038,15,next_close
2023-07-07,196518.12552480947,42690.32237844718,0.21723351097737664,153827.8031463623,15,next_close
2023-07-10,199021.01286916982,42690.32237844718,0.21450158334040065,156330.69049072266,15,next_close
2023-07-11,198734.0715563799,42690.32237844718,0.21481129050554443,156043.74917793274,15,next_close
2023-07-12,200010.53984289418,42690.32237844718,0.21344036375272973,157320.21746444702,15,next_close
2023-07-13,202914.84413175832,42690.32237844718,0.21038540852500248,160224.52175331116,15,next_close
2023-07-14,201310.97308759938,42690.32237844718,0.2120615767917962,158620.65070915222,15,next_close
2023-07-17,205265.5513117815,42690.32237844718,0.20797606858836282,162575.22893333435,15,next_close
2023-07-18,206868.53224592458,42690.32237844718,0.2063645055870415,164178.20986747742,15,next_close
2023-07-19,205821.68626432668,42690.32237844718,0.20741411244499325,163131.36388587952,15,next_close
2023-07-20,201315.94833975087,42690.32237844718,0.21205633597593,158625.6259613037,15,next_close
2023-07-21,200501.9118903185,42690.32237844718,0.21291728331149412,157811.58951187134,15,next_close
2023-07-24,200259.14797811757,42690.32237844718,0.2131753920330869,157568.8255996704,15,next_close
2023-07-25,202293.83395605336,42690.32237844718,0.2110312585588807,159603.5115776062,15,next_close
2023-07-26,203784.30469351064,42690.32237844718,0.2094877838735076,161093.98231506348,15,next_close
2023-07-27,205269.16980772268,42690.32237844718,0.20797240237506467,162578.8474292755,15,next_close
2023-07-28,208306.05912618886,42690.32237844718,0.20494037743081675,165615.7367477417,15,next_close
2023-07-31,209490.13362722646,42690.32237844718,0.20378201893942996,166799.8112487793,15,next_close
2023-08-01,208442.0312030293,68643.12023424878,0.32931515701546854,139798.91096878052,15,next_close
2023-08-02,204942.89738344922,68643.12023424878,0.3349377856497127,136299.77714920044,15,next_close
2023-08-03,203307.9169490315,68643.12023424878,0.33763131935219887,134664.79671478271,15,next_close
2023-08-04,202989.67678713574,68643.12023424878,0.33816064600285606,134346.55655288696,15,next_close
2023-08-07,204182.38776278272,68643.12023424878,0.3361853144454249,135539.26752853394,15,next_close
2023-08-08,203018.08735537305,68643.12023424878,0.33811332344045003,134374.96712112427,15,next_close
2023-08-09,200097.9544703938,68643.12023424878,0.34304758594823676,131454.83423614502,15,next_close
2023-08-10,198823.08694720044,68643.12023424878,0.34524723103448085,130179.96671295166,15,next_close
2023-08-11,196640.7057177998,68643.12023424878,0.3490788948487548,127997.58548355103,15,next_close
2023-08-14,199103.94869112744,68643.12023424878,0.34476021538244705,130460.82845687866,15,next_close
2023-08-15,197325.30047869458,68643.12023424878,0.34786781050238536,128682.1802444458,15,next_close
2023-08-16,195622.40028261914,68643.12023424878,0.35089601259916475,126979.28004837036,15,next_close
2023-08-17,193767.10539507642,68643.12023424878,0.35425579638138616,125123.98516082764,15,next_close
2023-08-18,194462.35117602124,68643.12023424878,0.3529892538022189,125819.23094177246,15,next_close
2023-08-21,196772.78557848706,68643.12023424878,0.34884458250894146,128129.66534423828,15,next_close
2023-08-22,196524.6289966084,68643.12023424878,0.3492850773194103,127881.50876235962,15,next_close
2023-08-23,199627.33397173657,68643.12023424878,0.34385631901474645,130984.2137374878,15,next_close
2023-08-24,195696.5284144856,68643.12023424878,0.35076309626128127,127053.40818023682,15,next_close
2023-08-25,195894.3051936604,68643.12023424878,0.3504089624575275,127251.18495941162,15,next_close
2023-08-28,197337.45371889844,68643.12023424878,0.3478463866875922,128694.33348464966,15,next_close
2023-08-29,200926.2817561604,68643.12023424878,0.3416333574397824,132283.16152191162,15,next_close
2023-08-30,202879.05145907178,68643.12023424878,0.3383450373046359,134235.931224823,15,next_close
2023-08-31,204621.93486284986,68643.12023424878,0.33546315687151335,135978.81462860107,15,next_close
2023-09-01,204544.4325028397,6138.465858552616,0.030010427482387695,198405.9666442871,15,next_close
2023-09-05,201356.61998758093,6138.465858552616,0.030485542809226825,195218.15412902832,15,next_close
2023-09-06,202035.7563172318,6138.465858552616,0.030383066692977558,195897.2904586792,15,next_close
2023-09-07,201136.19308480993,6138.465858552616,0.0305189521806466,194997.72722625732,15,next_close
2023-09-08,200206.7607804276,6138.465858552616,0.03066063221154077,194068.294921875,15,next_close
2023-09-11,200982.9732743241,6138.465858552616,0.030542218370777856,194844.50741577148,15,next_close
2023-09-12,198974.31918344274,6138.465858552616,0.030850543345210833,192835.85332489014,15,next_close
2023-09-13,197775.91191110387,6138.465858552616,0.031037479737733315,191637.44605255127,15,next_close
2023-09-14,198776.96583566442,6138.465858552616,0.030881172940467817,192638.49997711182,15,next_close
2023-09-15,193929.13275155798,6138.465858552616,0.031653139327016876,187790.66689300537,15,next_close
2023-09-18,193784.95906076208,6138.465858552616,0.031676688883928675,187646.49320220947,15,next_close
2023-09-19,192478.24304208532,6138.465858552616,0.03189173883518067,186339.77718353271,15,next_close
2023-09-20,188686.65705880895,6138.465858552616,0.03253259109169234,182548.19120025635,15,next_close
2023-09-21,183568.82419976965,6138.465858552616,0.0334395880417712,177430.35834121704,15,next_close
2023-09-22,184319.86816797033,6138.465858552616,0.03330333251409796,178181.40230941772,15,next_close
2023-09-25,186444.40076074377,6138.465858552616,0.032923841281937184,180305.93490219116,15,next_close
2023-09-26,183279.37346277013,6138.465858552616,0.033492398749385366,177140.90760421753,15,next_close
2023-09-27,186756.02565393224,6138.465858552616,0.032868903892437094,180617.55979537964,15,next_close
2023-09-28,189818.41415033117,6138.465858552616,0.03233862155065268,183679.94829177856,15,next_close
2023-09-29,188590.69798669592,6138.465858552616,0.03254914438561361,182452.2321281433,15,next_close
2023-10-02,187890.67945119634,59344.15908071294,0.3158440815374628,128546.5203704834,15,next_close
2023-10-03,185767.7692148377,59344.15908071294,0.3194534731807125,126423.61013412476,15,next_close
2023-10-04,185263.48520299688,59344.15908071294,0.32032302002571295,125919.32612228394,15,next_close
2023-10-05,184258.85052129522,59344.15908071294,0.32206951749031126,124914.69144058228,15,next_close
2023-10-06,187123.09304448857,59344.15908071294,0.3171396865837604,127778.93396377563,15,next_close
2023-10-09,188958.23122426763,59344.15908071294,0.31405966649994477,129614.07214355469,15,next_close
2023-10-10,190825.3932420899,59344.15908071294,0.3109866987431081,131481.23416137695,15,next_close
2023-10-11,192226.38536855474,59344.15908071294,0.308720152891252,132882.2262878418,15,next_close
2023-10-12,190484.641136377,59344.15908071294,0.3115430132670153,131140.48205566406,15,next_close
2023-10-13,188000.19119664922,59344.15908071294,0.3156600996146787,128656.03211593628,15,next_close
2023-10-16,189068.94593068853,59344.15908071294,0.3138757599170629,129724.78684997559,15,next_close
2023-10-17,190175.8435480286,59344.15908071294,0.31204888051791746,130831.68446731567,15,next_close
2023-10-18,186788.09641668096,59344.15908071294,0.31770846332910785,127443.93733596802,15,next_close
2023-10-19,184776.06387349858,59344.15908071294,0.3211680010747558,125431.90479278564,15,next_close
2023-10-20,183300.95007344976,59344.15908071294,0.32375259951971547,123956.79099273682,15,next_close
2023-10-23,182695.2770311524,59344.15908071294,0.3248259070791077,123351.11795043945,15,next_close
2023-10-24,183110.78266164556,59344.15908071294,0.32408882873036393,123766.62358093262,15,next_close
2023-10-25,180559.9018900086,59344.15908071294,0.3286674309164364,121215.74280929565,15,next_close
2023-10-26,179983.43553563848,59344.15908071294,0.3297201150989376,120639.27645492554,15,next_close
2023-10-27,177221.20953771367,59344.15908071294,0.33485923742149026,117877.05045700073,15,next_close
2023-10-30,180488.57554647222,59344.15908071294,0.3287973152928618,121144.41646575928,15,next_close
2023-10-31,180486.68468877568,59344.15908071294,0.3288007599177952,121142.52560806274,15,next_close
2023-11-01,182768.4351908089,80687.49719489824,0.4414739181339551,102080.93799591064,15,next_close
2023-11-02,186004.083223951,80687.49719489824,0.4337942253544488,105316.58602905273,15,next_close
2023-11-03,187102.7910944344,80687.49719489824,0.431246892272033,106415.29389953613,15,next_close
2023-11-06,186775.21981300128,80687.49719489824,0.43200322438748723,106087.72261810303,15,next_close
2023-11-07,185850.0709482552,80687.49719489824,0.4341537067121349,105162.57375335693,15,next_close
2023-11-08,185513.80234016193,80687.49719489824,0.4349406684411976,104826.30514526367,15,next_close
2023-11-09,185169.2058206917,80687.49719489824,0.43575008510341534,104481.70862579346,15,next_close
2023-11-10,186761.8878885628,80687.49719489824,0.43203406276896766,106074.39069366455,15,next_close
2023-11-13,187359.99718726886,80687.49719489824,0.4306548804772344,106672.4999923706,15,next_close
2023-11-14,190485.57325996173,80687.49719489824,0.42358849446714497,109798.07606506348,15,next_close
2023-11-15,190091.67325843585,80687.49719489824,0.42446623679934126,109404.1760635376,15,next_close
2023-11-16,190602.47443641437,80687.49719489824,0.42332869724530187,109914.97724151611,15,next_close
2023-11-17,192159.87307990802,80687.49719489824,0.41989774400686164,111472.37588500977,15,next_close
2023-11-20,193442.1299616219,80687.49719489824,0.41711439597416705,112754.63276672363,15,next_close
2023-11-21,193188.82364906085,80687.49719489824,0.4176613101670516,112501.3264541626,15,next_close
2023-11-22,193806.200663221,80687.49719489824,0.4163308341981778,113118.70346832275,15,next_close
2023-11-24,194272.4661661507,80687.49719489824,0.4153316153710151,113584.96897125244,15,next_close
2023-11-27,194708.54696906818,80687.49719489824,0.41440141406692554,114021.04977416992,15,next_close
2023-11-28,193835.84383643878,80687.49719489824,0.41626716502951544,113148.34664154053,15,next_close
2023-11-29,193955.92607368244,80687.49719489824,0.4160094451780022,113268.42887878418,15,next_close
2023-11-30,194716.5217081429,80687.49719489824,0.4143844419932649,114029.02451324463,15,next_close
2023-12-01,196549.42077833664,28873.092259469166,0.14689991018610782,167676.3285188675,14,next_close
2023-12-04,196136.8050928737,28873.092259469166,0.14720894554082967,167263.71283340454,14,next_close
2023-12-05,195481.3961892749,28873.092259469166,0.14770250684885014,166608.30392980576,14,next_close
2023-12-06,194186.28462702286,28873.092259469166,0.14868759817371366,165313.1923675537,14,next_close
2023-12-07,195630.27029139054,28873.092259469166,0.14759010564399264,166757.1780319214,14,next_close
2023-12-08,197510.49887758744,28873.092259469166,0.1461851011644908,168637.4066181183,14,next_close
2023-12-11,199328.5720821048,28873.092259469166,0.14485174883797464,170455.47982263565,14,next_close
2023-12-12,199266.81746918213,28873.092259469166,0.14489663972243935,170393.72520971298,14,next_close
2023-12-13,199614.4321909572,28873.092259469166,0.14464431225016983,170741.33993148804,14,next_close
2023-12-14,201819.6151433612,28873.092259469166,0.14306385550759948,172946.52288389206,14,next_close
2023-12-15,201302.17668253434,28873.092259469166,0.14343159490522436,172429.0844230652,14,next_close
2023-12-18,202307.34199911606,28873.092259469166,0.14271895411287308,173434.2497396469,14,next_close
2023-12-19,202888.73334509385,28873.092259469166,0.14230998332647118,174015.6410856247,14,next_close
2023-12-20,200387.56093651307,28873.092259469166,0.14408625028684668,171514.46867704391,14,next_close
2023-12-21,203184.947377267,28873.092259469166,0.14210251611729177,174311.85511779785,14,next_close
2023-12-22,203855.7332611705,28873.092259469166,0.14163492876836728,174982.64100170135,14,next_close
2023-12-26,205800.61257082474,28873.092259469166,0.14029643497554073,176927.5203113556,14,next_close
2023-12-27,206234.8240094806,28873.092259469166,0.14000105170473962,177361.73175001144,14,next_close
2023-12-28,205488.80566746247,28873.092259469166,0.14050931954996024,176615.71340799332,14,next_close
2023-12-29,204447.13471848023,28873.092259469166,0.14122522332840154,175574.04245901108,14,next_close
2024-01-02,199856.8334244622,15105.927292717832,0.0755837417909819,184750.90613174438,15,next_close
2024-01-03,196246.91181839837,15105.927292717832,0.07697408918565023,181140.98452568054,15,next_close
2024-01-04,195812.93378342522,15105.927292717832,0.07714468600641787,180707.0064907074,15,next_close
2024-01-05,197678.54043663872,15105.927292717832,0.07641662701146706,182572.6131439209,15,next_close
2024-01-08,201222.10488213433,15105.927292717832,0.07507091381220823,186116.1775894165,15,next_close
2024-01-09,201347.06972969903,15105.927292717832,0.07502432150116205,186241.1424369812,15,next_close
2024-01-10,201917.89378823174,15105.927292717832,0.07481222693695828,186811.96649551392,15,next_close
2024-01-11,201852.15509880913,15105.927292717832,0.07483659159013335,186746.2278060913,15,next_close
2024-01-12,200441.36666382683,15105.927292717832,0.07536332217317675,185335.439371109,15,next_close
2024-01-16,202390.19041146172,15105.927292717832,0.0746376455400694,187284.2631187439,15,next_close
2024-01-17,201541.4865597619,15105.927292717832,0.07495194935082788,186435.55926704407,15,next_close
2024-01-18,202841.64791382683,15105.927292717832,0.07447152716455586,187735.720621109,15,next_close
2024-01-19,208227.7411526574,15105.927292717832,0.07254522000333888,193121.81385993958,15,next_close
2024-01-22,208517.48902214898,15105.927292717832,0.07244441396046766,193411.56172943115,15,next_close
2024-01-23,207426.95566071404,15105.927292717832,0.07282528562693862,192321.02836799622,15,next_close
2024-01-24,208805.050444497,15105.927292717832,0.07234464521121906,193699.12315177917,15,next_close
2024-01-25,212171.7391327752,15105.927292717832,0.07119669827122771,197065.81184005737,15,next_close
2024-01-26,208729.22595681084,15105.927292717832,0.0723709256500739,193623.29866409302,15,next_close
2024-01-29,210762.34483040703,15105.927292717832,0.07167279954525574,195656.4175376892,15,next_close
2024-01-30,209304.07126320733,15105.927292717832,0.07217216178141891,194198.1439704895,15,next_close
2024-01-31,205828.04129303826,15105.927292717832,0.07339100735653147,190722.11400032043,15,next_close
2024-02-01,207163.22966637983,26571.87908044233,0.12826542202124508,180591.3505859375,14,next_close
2024-02-02,210089.57399621382,26571.87908044233,0.1264788088956818,183517.69491577148,14,next_close
2024-02-05,213061.23927178755,26571.87908044233,0.12471474948358116,186489.36019134521,14,next_close
2024-02-06,212823.56554284468,26571.87908044233,0.12485402644517296,186251.68646240234,14,next_close
2024-02-07,215030.81418862715,26571.87908044233,0.12357242463460709,188458.9351081848,14,next_close
2024-02-08,216715.29175439253,26571.87908044233,0.12261192491463285,190143.4126739502,14,next_close
2024-02-09,220541.2516237773,26571.87908044233,0.12048484755029623,193969.37254333496,14,next_close
2024-02-12,221318.4338327922,26571.87908044233,0.12006175274363994,194746.55475234985,14,next_close
2024-02-13,220963.79223504438,26571.87908044233,0.12025444898310397,194391.91315460205,14,next_close
2024-02-14,230128.48094811811,26571.87908044233,0.11546540858813947,203556.60186767578,14,next_close
2024-02-15,235199.12009683027,26571.87908044233,0.11297609901560356,208627.24101638794,14,next_close
2024-02-16,225470.65778222456,26571.87908044233,0.11785071876672894,198898.77870178223,14,next_close
2024-02-20,222206.0384432353,26571.87908044233,0.11958216467294779,195634.15936279297,14,next_close
2024-02-21,217210.33878198042,26571.87908044233,0.12233247841445155,190638.4597015381,14,next_close
2024-02-22,236746.59866204634,26571.87908044233,0.112237638177744,210174.719581604,14,next_close
2024-02-23,232414.1479631938,26571.87908044233,0.11432986895724773,205842.26888275146,14,next_close
2024-02-26,234984.98540749922,26571.87908044233,0.11307905070769822,208413.10632705688,14,next_close
2024-02-27,234083.79869714155,26571.87908044233,0.11351438770361515,207511.91961669922,14,next_close
2024-02-28,231716.6109835185,26571.87908044233,0.11467403639151416,205144.73190307617,14,next_close
2024-02-29,238109.05372872725,26571.87908044233,0.11159541674007543,211537.1746482849,14,next_close
2024-03-01,244467.01456479443,46159.51081113232,0.18881692850590293,198307.5037536621,14,next_close
2024-03-04,254543.19300870312,46159.51081113232,0.18134254648700848,208383.6821975708,14,next_close
2024-03-05,253898.80461911572,46159.51081113232,0.1818027890299765,207739.2938079834,14,next_close
2024-03-06,259182.20105008496,46159.51081113232,0.17809676213920397,213022.69023895264,14,next_close
2024-03-07,258054.71809415234,46159.51081113232,0.1788748958052022,211895.20728302002,14,next_close
2024-03-08,252893.1259310664,46159.51081113232,0.18252576317046465,206733.61511993408,14,next_close
2024-03-11,244228.4447291316,46159.51081113232,0.1890013706729649,198068.93391799927,14,next_close
2024-03-12,253080.5931399287,46159.51081113232,0.1823905588272849,206921.0823287964,14,next_close
2024-03-13,254970.04733304394,46159.51081113232,0.1810389545515454,208810.53652191162,14,next_close
2024-03-14,250952.64400510205,46159.51081113232,0.18393713680176993,204793.13319396973,14,next_close
2024-03-15,248425.48875836743,46159.51081113232,0.1858082720973517,202265.9779472351,14,next_close
2024-03-18,247569.23540524853,46159.51081113232,0.1864509163894026,201409.7245941162,14,next_close
2024-03-19,244384.94031552685,46159.51081113232,0.1888803407916032,198225.42950439453,14,next_close
2024-03-20,249119.52415494336,46159.51081113232,0.18529061890156298,202960.01334381104,14,next_close
2024-03-21,253835.86805753125,46159.51081113232,0.18184786556906288,207676.35724639893,14,next_close
2024-03-22,255251.55071286572,46159.51081113232,0.1808392963028753,209092.0399017334,14,next_close
2024-03-25,257614.77123288525,46159.51081113232,0.17918037304391934,211455.26042175293,14,next_close
2024-03-26,257950.5077898921,46159.51081113232,0.17894716008363332,211790.99697875977,14,next_close
2024-03-27,256182.74694089306,46159.51081113232,0.18018196526631172,210023.23612976074,14,next_close
2024-03-28,256234.57552365673,46159.51081113232,0.18014551984952815,210075.0647125244,14,next_close
2024-04-01,256234.1894411124,8925.87249699009,0.034834822458544044,247308.3169441223,15,next_close
2024-04-02,252905.67121448886,8925.87249699009,0.035293287232851626,243979.79871749878,15,next_close
2024-04-03,258228.34070530307,8925.87249699009,0.034565812848468595,249302.468208313,15,next_close
2024-04-04,249631.8568262137,8925.87249699009,0.035756143508574784,240705.98432922363,15,next_close
2024-04-05,255327.110061077,8925.87249699009,0.034958577233944826,246401.2375640869,15,next_close
2024-04-08,253006.34157505404,8925.87249699009,0.035279244154211215,244080.46907806396,15,next_close
2024-04-09,247913.67636433017,8925.87249699009,0.03600395358533091,238987.8038673401,15,next_close
2024-04-10,248141.70443668735,8925.87249699009,0.03597086800565401,239215.83193969727,15,next_close
2024-04-11,252731.61226215732,8925.87249699009,0.035317594095555106,243805.73976516724,15,next_close
2024-04-12,246103.3321527518,8925.87249699009,0.036268799852941305,237177.45965576172,15,next_close
2024-04-15,241731.19259968173,8925.87249699009,0.036924785754777444,232805.32010269165,15,next_close
2024-04-16,246105.61139240634,8925.87249699009,0.0362684639593939,237179.73889541626,15,next_close
2024-04-17,241430.34201755893,8925.87249699009,0.03697079837769903,232504.46952056885,15,next_close
2024-04-18,237293.46512546908,8925.87249699009,0.037615332104786486,228367.592628479,15,next_close
2024-04-19,223824.52822819125,8925.87249699009,0.0398788844442021,214898.65573120117,15,next_close
2024-04-22,227887.37054005038,8925.87249699009,0.03916791209551211,218961.4980430603,15,next_close
2024-04-23,234906.96015491855,8925.87249699009,0.03799747990056819,225981.08765792847,15,next_close
2024-04-24,235408.37355747592,8925.87249699009,0.03791654630675575,226482.50106048584,15,next_close
2024-04-25,241030.53552189242,8925.87249699009,0.037032123243900636,232104.66302490234,15,next_close
2024-04-26,248460.88707294833,8925.87249699009,0.03592465841261142,239535.01457595825,15,next_close
2024-04-29,252041.07367649447,8925.87249699009,0.0354143567426904,243115.2011795044,15,next_close
2024-04-30,249116.172850994,8925.87249699009,0.03583016066294901,240190.3003540039,15,next_close
2024-05-01,241768.16156138794,30048.09427775755,0.12428474487170209,211720.06728363037,14,next_close
2024-05-02,245620.45894755737,30048.09427775755,0.12233546996251295,215572.3646697998,14,next_close
2024-05-03,247705.10822429077,30048.09427775755,0.12130591287826714,217657.0139465332,14,next_close
2024-05-06,253603.83053340332,30048.09427775755,0.11848438651166107,223555.73625564575,14,next_close
2024-05-07,253022.23896159546,30048.09427775755,0.11875673221877682,222974.1446838379,14,next_close
2024-05-08,255625.76548900024,30048.09427775755,0.11754720507252835,225577.67121124268,14,next_close
2024-05-09,257100.52423610108,30048.09427775755,0.11687294052408748,227052.4299583435,14,next_close
2024-05-10,253169.25364817993,30048.09427775755,0.11868777051226881,223121.15937042236,14,next_close
2024-05-13,249891.41401042358,30048.09427775755,0.12024460462856948,219843.31973266602,14,next_close
2024-05-14,253948.35448207275,30048.09427775755,0.11832364237618546,223900.2602043152,14,next_close
2024-05-15,266113.5281232776,30048.09427775755,0.11291456879199961,236065.43384552002,14,next_close
2024-05-16,255991.6547864856,30048.09427775755,0.11737919465702779,225943.56050872803,14,next_close
2024-05-17,253939.8698858203,30048.09427775755,0.11832759578583764,223891.77560806274,14,next_close
2024-05-20,256159.6180776538,30048.09427775755,0.11730222938046615,226111.52379989624,14,next_close
2024-05-21,255794.9119047107,30048.09427775755,0.1174694760502161,225746.81762695312,14,next_close
2024-05-22,253676.53329600708,30048.09427775755,0.11845042932171966,223628.4390182495,14,next_close
2024-05-23,256169.23214091675,30048.09427775755,0.11729782701315325,226121.13786315918,14,next_close
2024-05-24,263104.62444438355,30048.09427775755,0.11420587662118147,233056.53016662598,14,next_close
2024-05-28,266988.1302427234,30048.09427775755,0.11254468223152964,236940.03596496582,14,next_close
2024-05-29,263005.33368815796,30048.09427775755,0.11424899205042431,232957.2394104004,14,next_close
2024-05-30,261439.23634471314,30048.09427775755,0.11493337686367208,231391.14206695557,14,next_close
2024-05-31,257575.57146205322,30048.09427775755,0.11665739148785824,227527.47718429565,14,next_close
2024-06-03,255011.05072164908,23635.42941809075,0.09268394193587089,231375.62130355835,15,next_close
2024-06-04,250994.6225485839,23635.42941809075,0.09416707488829067,227359.19313049316,15,next_close
2024-06-05,257687.22931433097,23635.42941809075,0.09172138441234073,234051.79989624023,15,next_close
2024-06-06,252936.776982788,23635.42941809075,0.09344402067596168,229301.34756469727,15,next_close
2024-06-07,251676.54798269644,23635.42941809075,0.0939119262702052,228041.1185646057,15,next_close
2024-06-10,256829.75991583243,23635.42941809075,0.09202761169825681,233194.3304977417,15,next_close
2024-06-11,259699.86425924674,23635.42941809075,0.09101055745834569,236064.434841156,15,next_close
2024-06-12,263138.6668944396,23635.42941809075,0.08982119464629008,239503.23747634888,15,next_close
2024-06-13,262044.11971044913,23635.42941809075,0.09019637397018176,238408.6902923584,15,next_close
2024-06-14,258104.97818899527,23635.42941809075,0.09157293123104313,234469.54877090454,15,next_close
2024-06-17,258069.74997854605,23635.42941809075,0.09158543153568219,234434.32056045532,15,next_close
2024-06-18,263047.205132965,23635.42941809075,0.08985242556043704,239411.77571487427,15,next_close
2024-06-20,259741.4393782653,23635.42941809075,0.09099598999168602,236106.00996017456,15,next_close
2024-06-21,258596.18966818228,23635.42941809075,0.09139898560925647,234960.76025009155,15,next_close
2024-06-24,256884.9379859008,23635.42941809075,0.09200784445909392,233249.50856781006,15,next_close
2024-06-25,260749.05702734366,23635.42941809075,0.09064435241893205,237113.62760925293,15,next_close
2024-06-26,258404.28894949332,23635.42941809075,0.09146686192468902,234768.8595314026,15,next_close
2024-06-27,256881.36094046012,23635.42941809075,0.09200912565847455,233245.93152236938,15,next_close
2024-06-28,251779.276277069,23635.42941809075,0.09387360932788322,228143.84685897827,15,next_close
2024-07-01,249677.88332071205,18992.460465334847,0.0760678527578631,230685.4228553772,14,next_close
2024-07-02,249477.91859140297,18992.460465334847,0.0761288236352527,230485.45812606812,14,next_close
2024-07-03,253588.52522745033,18992.460465334847,0.07489479442455056,234596.06476211548,14,next_close
2024-07-05,252618.11011972328,18992.460465334847,0.0751824976298562,233625.64965438843,14,next_close
2024-07-08,255870.24102487465,18992.460465334847,0.07422692216672622,236877.7805595398,14,next_close
2024-07-09,255721.456204318,18992.460465334847,0.07427010915407946,236728.99573898315,14,next_close
2024-07-10,255944.89656915565,18992.460465334847,0.07420527121236478,236952.4361038208,14,next_close
2024-07-11,254773.66915216346,18992.460465334847,0.07454640241488852,235781.2086868286,14,next_close
2024-07-12,255715.07792749305,18992.460465334847,0.07427196166633585,236722.6174621582,14,next_close
2024-07-15,255030.50582590004,18992.460465334847,0.07447132806261343,236038.0453605652,14,next_close
2024-07-16,257237.15847101112,18992.460465334847,0.07383249207938661,238244.69800567627,14,next_close
2024-07-17,245868.87955560585,18992.460465334847,0.07724629688662774,226876.419090271,14,next_close
2024-07-18,246438.7397126188,18992.460465334847,0.07706767404947229,227446.27924728394,14,next_close
2024-07-19,245344.08068933387,18992.460465334847,0.07741152919594578,226351.62022399902,14,next_close
2024-07-22,250041.98488321205,18992.460465334847,0.07595708566385649,231049.5244178772,14,next_close
2024-07-23,252665.7041176786,18992.460465334847,0.07516833569343127,233673.24365234375,14,next_close
2024-07-24,245207.376000308,18992.460465334847,0.07745468662129883,226214.91553497314,14,next_close
2024-07-25,244597.65756311317,18992.460465334847,0.07764776103971581,225605.19709777832,14,next_close
2024-07-26,249058.3660782804,18992.460465334847,0.07625706682491208,230065.90561294556,14,next_close
2024-07-29,248601.01167383094,18992.460465334847,0.07639735790879766,229608.5512084961,14,next_close
2024-07-30,242864.64487161537,18992.460465334847,0.07820183326961716,223872.18440628052,14,next_close
2024-07-31,253228.0611237516,18992.460465334847,0.07500140537763429,234235.60065841675,14,next_close
2024-08-01,250366.60743400475,36939.599167555774,0.14754203664038085,213427.00826644897,14,next_close
2024-08-02,242064.13702842614,36939.599167555774,0.1526025276648803,205124.53786087036,14,next_close
2024-08-05,236586.82954093834,36939.599167555774,0.15613548412323539,199647.23037338257,14,next_close
2024-08-06,241045.72479316613,36939.599167555774,0.15324726957614576,204106.12562561035,14,next_close
2024-08-07,238311.3158003988,36939.599167555774,0.1550056447948745,201371.71663284302,14,next_close
2024-08-08,247463.02664253136,36939.599167555774,0.14927320524902601,210523.4274749756,14,next_close
2024-08-09,248520.32537147423,36939.599167555774,0.14863814101458517,211580.72620391846,14,next_close
2024-08-12,249672.07517310997,36939.599167555774,0.14795246581718732,212732.4760055542,14,next_close
2024-08-13,254777.4081504049,36939.599167555774,0.14498773433533366,217837.80898284912,14,next_close
2024-08-14,255605.72295448204,36939.599167555774,0.14451788770838253,218666.12378692627,14,next_close
2024-08-15,261142.66854545494,36939.599167555774,0.14145370947347122,224203.06937789917,14,next_close
2024-08-16,261495.65356513878,36939.599167555774,0.1412627654186003,224556.054397583,14,next_close
2024-08-19,266247.05950233364,36939.599167555774,0.13874181084517104,229307.46033477783,14,next_close
2024-08-20,263634.93210288906,36939.599167555774,0.14011648180651312,226695.33293533325,14,next_close
2024-08-21,266774.46794196987,36939.599167555774,0.13846752072087748,229834.86877441406,14,next_close
2024-08-22,264938.99250862026,36939.599167555774,0.1394268122551039,227999.39334106445,14,next_close
2024-08-23,269854.8158499899,36939.599167555774,0.13688693696721055,232915.21668243408,14,next_close
2024-08-26,265745.37840339565,36939.599167555774,0.13900373127649382,228805.77923583984,14,next_close
2024-08-27,268004.4445616903,36939.599167555774,0.13783203941997638,231064.84539413452,14,next_close
2024-08-28,265756.3622786703,36939.599167555774,0.13899798616607026,228816.7631111145,14,next_close
2024-08-29,265568.07344123744,36939.599167555774,0.13909653630005883,228628.47427368164,14,next_close
2024-08-30,267703.71476432704,36939.599167555774,0.1379868755279528,230764.11559677124,14,next_close
2024-09-03,251483.78816434764,20897.471052378656,0.08309669265329306,230586.317111969,14,next_close
2024-09-04,252559.95164319896,20897.471052378656,0.08274261582810764,231662.4805908203,14,next_close
2024-09-05,251038.0252668562,20897.471052378656,0.08324424568813595,230140.55421447754,14,next_close
2024-09-06,246769.3476545515,20897.471052378656,0.0846842253748334,225871.87660217285,14,next_close
2024-09-09,253498.96882459545,20897.471052378656,0.08243611857387209,232601.4977722168,14,next_close
2024-09-10,255241.66213437938,20897.471052378656,0.08187327600686355,234344.19108200073,14,next_close
2024-09-11,259450.61191770458,20897.471052378656,0.08054508292702407,238553.14086532593,14,next_close
2024-09-12,262857.9457342329,20897.471052378656,0.07950100573907477,241960.47468185425,14,next_close
2024-09-13,266538.518011302,20897.471052378656,0.07840319368584672,245641.04695892334,14,next_close
2024-09-16,268036.80729123973,20897.471052378656,0.07796493050177311,247139.33623886108,14,next_close
2024-09-17,267642.7345373335,20897.471052378656,0.07807972478125935,246745.26348495483,14,next_close
2024-09-18,267535.0823042097,20897.471052378656,0.07811114292897291,246637.61125183105,14,next_close
2024-09-19,270624.91566297435,20897.471052378656,0.07721931663677097,249727.4446105957,14,next_close
2024-09-20,271795.21743223094,20897.471052378656,0.07688682402069567,250897.7463798523,14,next_close
2024-09-23,272836.9637548628,20897.471052378656,0.07659325468507454,251939.49270248413,14,next_close
2024-09-24,273915.46254560375,20897.471052378656,0.07629168086449106,253017.9914932251,14,next_close
2024-09-25,275056.74786207103,20897.471052378656,0.07597512591422707,254159.27680969238,14,next_close
2024-09-26,273384.7720129194,20897.471052378656,0.07643977716283004,252487.30096054077,14,next_close
2024-09-27,272367.7333776655,20897.471052378656,0.07672520820739875,251470.26232528687,14,next_close
2024-09-30,273254.44033643627,20897.471052378656,0.0764762359456969,252356.96928405762,14,next_close
2024-10-01,270969.0071526661,80229.99988376047,0.29608552183445186,190739.00726890564,12,next_close
2024-10-02,272625.83005534555,80229.99988376047,0.2942861278679025,192395.83017158508,12,next_close
2024-10-03,277909.5592938557,80229.99988376047,0.2886910406666759,197679.55941009521,12,next_close
2024-10-04,283015.45012866403,80229.99988376047,0.28348275632049924,202785.45024490356,12,next_close
2024-10-07,277573.28106700326,80229.99988376047,0.28904078798706057,197343.2811832428,12,next_close
2024-10-08,278470.44090854074,80229.99988376047,0.28810957321718306,198240.44102478027,12,next_close
2024-10-09,276795.8389397755,80229.99988376047,0.2898526227528178,196565.83905601501,12,next_close
2024-10-10,275470.8570176258,80229.99988376047,0.29124677925050707,195240.85713386536,12,next_close
2024-10-11,274811.7493916645,80229.99988376047,0.2919453045998257,194581.74950790405,12,next_close
2024-10-14,278434.44376384164,80229.99988376047,0.28814682120222435,198204.44388008118,12,next_close
2024-10-15,274687.3402691975,80229.99988376047,0.29207753005702386,194457.340385437,12,next_close
2024-10-16,278102.5045052662,80229.99988376047,0.28849074921668394,197872.50462150574,12,next_close
2024-10-17,275250.87545596506,80229.99988376047,0.2914795448001972,195020.8755722046,12,next_close
2024-10-18,278912.92458163644,80229.99988376047,0.2876524994462117,198682.92469787598,12,next_close
2024-10-21,279655.3681946888,80229.99988376047,0.2868888246332766,199425.36831092834,12,next_close
2024-10-22,278261.0603810444,80229.99988376047,0.2883263643640807,198031.06049728394,12,next_close
2024-10-23,278831.7978345051,80229.99988376047,0.28773619259658234,198601.79795074463,12,next_close
2024-10-24,278470.52312480356,80229.99988376047,0.28810948815506543,198240.5232410431,12,next_close
2024-10-25,280819.35508548166,80229.99988376047,0.2856996799929919,200589.3552017212,12,next_close
2024-10-28,284187.80329524423,80229.99988376047,0.2823133116673874,203957.80341148376,12,next_close
2024-10-29,282307.80691920663,80229.99988376047,0.28419334470166246,202077.80703544617,12,next_close
2024-10-30,279455.5187226429,80229.99988376047,0.28709398995046514,199225.51883888245,12,next_close
2024-10-31,271657.20657359506,80229.99988376047,0.29533543724349987,191427.2066898346,12,next_close
2024-11-01,267831.01096315286,75151.48308534524,0.28059291123567576,192679.52787780762,11,next_close
2024-11-04,261819.31663484476,75151.48308534524,0.28703567044351364,186667.8335494995,11,next_close
2024-11-05,274397.2467839231,75151.48308534524,0.27387841520335676,199245.76369857788,11,next_close
2024-11-06,284633.400729846,75151.48308534524,0.26402903837934943,209481.91764450073,11,next_close
2024-11-07,287765.3676030149,75151.48308534524,0.2611554118250256,212613.88451766968,11,next_close
2024-11-08,292963.7886921873,75151.48308534524,0.2565214063513692,217812.30560684204,11,next_close
2024-11-11,297088.9635045042,75151.48308534524,0.25295952498149893,221937.48041915894,11,next_close
2024-11-12,294016.32434434793,75151.48308534524,0.25560309704888645,218864.8412590027,11,next_close
2024-11-13,293304.4470211973,75151.48308534524,0.25622346966977283,218152.96393585205,11,next_close
2024-11-14,291165.63581437967,75151.48308534524,0.2581056067112772,216014.15272903442,11,next_close
2024-11-15,296472.65158052347,75151.48308534524,0.2534853811463069,221321.16849517822,11,next_close
2024-11-18,295160.5484082212,75151.48308534524,0.25461222202842343,220009.06532287598,11,next_close
2024-11-19,301142.88805742166,75151.48308534524,0.24955423510123018,225991.40497207642,11,next_close
2024-11-20,300412.28904313943,75151.48308534524,0.2501611479500875,225260.8059577942,11,next_close
2024-11-21,306016.0250050535,75151.48308534524,0.24558022111457792,230864.54191970825,11,next_close
2024-11-22,308044.3097531309,75151.48308534524,0.24396322446459806,232892.82666778564,11,next_close
2024-11-25,307352.20432252786,75151.48308534524,0.24451258858219582,232200.72123718262,11,next_close
2024-11-26,312697.3521420469,75151.48308534524,0.2403329691490534,237545.86905670166,11,next_close
2024-11-27,308126.670386981,75151.48308534524,0.24389801438142744,232975.18730163574,11,next_close
2024-11-29,311509.61114473245,75151.48308534524,0.24124932392672996,236358.1280593872,11,next_close
2024-12-02,306942.0990569916,90989.91859701539,0.29644000896768746,215952.1804599762,12,next_close
2024-12-03,311523.84945085907,90989.91859701539,0.29208010480548613,220533.9308538437,12,next_close
2024-12-04,311546.2417648163,90989.91859701539,0.29205911161561354,220556.3231678009,12,next_close
2024-12-05,311709.34625414276,90989.91859701539,0.2919062892738209,220719.42765712738,12,next_close
2024-12-06,313286.9976861801,90989.91859701539,0.29043630686569405,222297.07908916473,12,next_close
2024-12-09,305152.6653030243,90989.91859701539,0.2981783511759929,214162.7467060089,12,next_close
2024-12-10,302824.7854602661,90989.91859701539,0.30047051287007104,211834.86686325073,12,next_close
2024-12-11,303876.88785723114,90989.91859701539,0.2994302042469406,212886.96926021576,12,next_close
2024-12-12,303456.78642443084,90989.91859701539,0.29984473133433914,212466.86782741547,12,next_close
2024-12-13,305051.9955785599,90989.91859701539,0.29827675253998726,214062.0769815445,12,next_close
2024-12-16,305448.03561094665,90989.91859701539,0.2978900107018874,214458.11701393127,12,next_close
2024-12-17,301426.20496538543,90989.91859701539,0.3018646590712453,210436.28636837006,12,next_close
2024-12-18,292039.6432950821,90989.91859701539,0.3115670104591846,201049.7246980667,12,next_close
2024-12-19,294621.8633001175,90989.91859701539,0.3088362743274359,203631.9447031021,12,next_close
2024-12-20,299704.8117311325,90989.91859701539,0.3035984576672167,208714.89313411713,12,next_close
2024-12-23,299249.2640359726,90989.91859701539,0.3040606261476972,208259.3454389572,12,next_close
2024-12-24,302775.6844919052,90989.91859701539,0.30051924001000163,211785.76589488983,12,next_close
2024-12-26,303430.0588462677,90989.91859701539,0.29987114309962043,212440.14024925232,12,next_close
2024-12-27,298562.6009281006,90989.91859701539,0.3047599341450253,207572.6823310852,12,next_close
2024-12-30,295774.35452726745,90989.91859701539,0.307632887044732,204784.43593025208,12,next_close
2024-12-31,294283.6127717819,90989.91859701539,0.30919125173163625,203293.69417476654,12,next_close
2025-01-02,298590.6486846056,52854.68183813957,0.1770138551591706,245735.96684646606,15,next_close
2025-01-03,305196.3711005297,52854.68183813957,0.17318253702541433,252341.68926239014,15,next_close
2025-01-06,307226.8182250109,52854.68183813957,0.17203798204696163,254372.13638687134,15,next_close
2025-01-07,300298.6090613451,52854.68183813957,0.17600708176221488,247443.92722320557,15,next_close
2025-01-08,301315.40989981557,52854.68183813957,0.17541313886240745,248460.72806167603,15,next_close
2025-01-10,299493.01748572255,52854.68183813957,0.17648051457713623,246638.335647583,15,next_close
2025-01-13,298146.36848746205,52854.68183813957,0.17727763080355033,245291.6866493225,15,next_close
2025-01-14,301954.927157506,52854.68183813957,0.17504162735708387,249100.24531936646,15,next_close
2025-01-15,305335.74838171864,52854.68183813957,0.17310348401151754,252481.0665435791,15,next_close
2025-01-16,307811.36764059926,52854.68183813957,0.17171127318420784,254956.68580245972,15,next_close
2025-01-17,313829.91160498525,52854.68183813957,0.1684182414857487,260975.2297668457,15,next_close
2025-01-21,319055.5814696398,52854.68183813957,0.16565979380357287,266200.89963150024,15,next_close
2025-01-22,321834.2136794176,52854.68183813957,0.16422953058306183,268979.5318412781,15,next_close
2025-01-23,322505.9686919298,52854.68183813957,0.16388745316099376,269651.2868537903,15,next_close
2025-01-24,322533.3359480944,52854.68183813957,0.1638735471568295,269678.65410995483,15,next_close
2025-01-27,300812.7321539965,52854.68183813957,0.1757062656878547,247958.05031585693,15,next_close
2025-01-28,307432.8275710192,52854.68183813957,0.17192270017400715,254578.14573287964,15,next_close
2025-01-29,309326.29066763783,52854.68183813957,0.17087031860130636,256471.6088294983,15,next_close
2025-01-30,315768.6162901964,52854.68183813957,0.16738421461607594,262913.9344520569,15,next_close
2025-01-31,315094.5090399828,52854.68183813957,0.16774231324809524,262239.82720184326,15,next_close
2025-02-03,314451.40496354963,49705.96983247664,0.15807202336474988,264745.435131073,14,next_close
2025-02-04,324844.6038275328,49705.96983247664,0.15301460835983793,275138.63399505615,14,next_close
2025-02-05,324873.43352037336,49705.96983247664,0.15300102964362428,275167.4636878967,14,next_close
2025-02-06,328926.56325822737,49705.96983247664,0.15111570601081079,279220.59342575073,14,next_close
2025-02-07,326799.63222032454,49705.96983247664,0.15209922206694973,277093.6623878479,14,next_close
2025-02-10,330979.28903108503,49705.96983247664,0.15017848995321378,281273.3191986084,14,next_close
2025-02-11,325538.5822134581,49705.96983247664,0.1526884140568139,275832.61238098145,14,next_close
2025-02-12,329503.0549650755,49705.96983247664,0.15085131710765184,279797.0851325989,14,next_close
2025-02-13,334980.2681723204,49705.96983247664,0.14838476935873407,285274.29833984375,14,next_close
2025-02-14,340008.73739534285,49705.96983247664,0.14619027208904153,290302.7675628662,14,next_close
2025-02-18,342938.24658876326,49705.96983247664,0.14494145907289804,293232.2767562866,14,next_close
2025-02-19,332741.60487275984,49705.96983247664,0.1493830921789422,283035.6350402832,14,next_close
2025-02-20,322509.74130922224,49705.96983247664,0.15412238287964944,272803.7714767456,14,next_close
2025-02-21,309480.23853593733,49705.96983247664,0.16061112679640355,259774.2687034607,14,next_close
2025-02-24,302267.26739030745,49705.96983247664,0.16444377276317193,252561.2975578308,14,next_close
2025-02-25,294101.6171713438,49705.96983247664,0.16900950872200715,244395.6473388672,14,next_close
2025-02-26,298199.39725023176,49705.96983247664,0.16668702314903158,248493.42741775513,14,next_close
2025-02-27,288111.06807619,49705.96983247664,0.1725236387632705,238405.09824371338,14,next_close
2025-02-28,292231.83463197615,49705.96983247664,0.17009087971224676,242525.8647994995,14,next_close
2025-03-03,284205.7893211236,82572.36593836456,0.2905372411153321,201633.4233827591,13,next_close
2025-03-04,281122.1578466287,82572.36593836456,0.29372414672276886,198549.79190826416,13,next_close
2025-03-05,285003.08747213986,82572.36593836456,0.289724461130395,202430.72153377533,13,next_close
2025-03-06,275245.5791484704,82572.36593836456,0.299995248584262,192673.2132101059,13,next_close
2025-03-07,276810.98763960507,82572.36593836456,0.29829872954996245,194238.62170124054,13,next_close
2025-03-10,266150.42874258664,82572.36593836456,0.3102469769764161,183578.0628042221,13,next_close
2025-03-11,267610.05600279476,82572.36593836456,0.30855479488223053,185037.69006443024,13,next_close
2025-03-12,271169.635922133,82572.36593836456,0.30450446878969667,188597.26998376846,13,next_close
2025-03-13,266492.9810578218,82572.36593836456,0.3098481829074837,183920.61511945724,13,next_close
2025-03-14,273118.4916645875,82572.36593836456,0.30233165625332453,190546.125726223,13,next_close
2025-03-17,275142.3024436822,82572.36593836456,0.3001078540267939,192569.9365053177,13,next_close
2025-03-18,273886.2011391511,82572.36593836456,0.3014842134978998,191313.8352007866,13,next_close
2025-03-19,276127.2966210237,82572.36593836456,0.29903731702299835,193554.93068265915,13,next_close
2025-03-20,275867.506579577,82572.36593836456,0.29931892654615944,193295.14064121246,13,next_close
2025-03-21,277407.0989734521,82572.36593836456,0.2976577248524802,194834.7330350876,13,next_close
2025-03-24,283196.8722555032,82572.36593836456,0.29157230897616304,200624.50631713867,13,next_close
2025-03-25,283212.736532866,82572.36593836456,0.29155597643392805,200640.3705945015,13,next_close
2025-03-26,279987.4829608789,82572.36593836456,0.29491449069493564,197415.11702251434,13,next_close
2025-03-27,277812.9837695947,82572.36593836456,0.29722284688769723,195240.61783123016,13,next_close
2025-03-28,273394.3330380311,82572.36593836456,0.30202661855056867,190821.9670996666,13,next_close
2025-03-31,273531.67002695706,82572.36593836456,0.3018749745878673,190959.30408859253,13,next_close
2025-04-01,274198.8236597159,164239.7418726065,0.5989804758478106,109959.08178710938,15,next_close
2025-04-02,276228.2376688101,164239.7418726065,0.5945798418680328,111988.49579620361,15,next_close
2025-04-03,269646.86404591583,164239.7418726065,0.60909197833148,105407.12217330933,15,next_close
2025-04-04,261487.6581857779,164239.7418726065,0.6280974903829682,97247.91631317139,15,next_close
2025-04-07,262613.29704457306,164239.7418726065,0.6254052773448493,98373.55517196655,15,next_close
2025-04-08,261525.1258028128,164239.7418726065,0.6280075054679126,97285.3839302063,15,next_close
2025-04-09,271506.01913624787,164239.7418726065,0.6049211814718085,107266.27726364136,15,next_close
2025-04-10,268097.4948099234,164239.7418726065,0.6126119976952776,103857.7529373169,15,next_close
2025-04-11,268842.8251474478,164239.7418726065,0.6109136138653826,104603.08327484131,15,next_close
2025-04-14,270766.0581148245,164239.7418726065,0.606574335853266,106526.31624221802,15,next_close
2025-04-15,272222.00020390534,164239.7418726065,0.6033301560843145,107982.25833129883,15,next_close
2025-04-16,270073.1531961539,164239.7418726065,0.6081305747310594,105833.41132354736,15,next_close
2025-04-17,270717.21319371246,164239.7418726065,0.6066837787484326,106477.47132110596,15,next_close
2025-04-21,267654.2050226309,164239.7418726065,0.6136266077296247,103414.46315002441,15,next_close
2025-04-22,271260.8567216971,164239.7418726065,0.6054679022160208,107021.11484909058,15,next_close
2025-04-23,274108.43461781525,164239.7418726065,0.5991779935615743,109868.69274520874,15,next_close
2025-04-24,277097.13257008576,164239.7418726065,0.5927154148051879,112857.39069747925,15,next_close
2025-04-25,279120.970407305,164239.7418726065,0.5884177804087632,114881.22853469849,15,next_close
2025-04-28,280018.30712681793,164239.7418726065,0.586532157692903,115778.56525421143,15,next_close
2025-04-29,280542.85439091705,164239.7418726065,0.5854354844616708,116303.11251831055,15,next_close
2025-04-30,281329.58808690094,164239.7418726065,0.5837983234876591,117089.84621429443,15,next_close
2025-05-01,281752.60284314177,169231.02168164277,0.6006369416784327,112521.58116149902,15,next_close
2025-05-02,285092.35716519377,169231.02168164277,0.5936006961546978,115861.33548355103,15,next_close
2025-05-05,285390.3098248007,169231.02168164277,0.5929809662617228,116159.28814315796,15,next_close
2025-05-06,282939.9654873373,169231.02168164277,0.5981163579707036,113708.94380569458,15,next_close
2025-05-07,284533.93336377165,169231.02168164277,0.5947656916733509,115302.9116821289,15,next_close
2025-05-08,284445.2218998434,169231.02168164277,0.594951184454176,115214.20021820068,15,next_close
2025-05-09,283753.85912213346,169231.02168164277,0.5964007756765073,114522.83744049072,15,next_close
2025-05-12,288017.17596325895,169231.02168164277,0.5875726720660257,118786.15428161621,15,next_close
2025-05-13,289330.46448025724,169231.02168164277,0.5849056440898585,120099.4427986145,15,next_close
2025-05-14,289190.4214581015,169231.02168164277,0.5851888898269105,119959.39977645874,15,next_close
2025-05-15,289809.0326565268,169231.02168164277,0.5839397762395158,120578.01097488403,15,next_close
2025-05-16,291491.3462170126,169231.02168164277,0.5805696254037396,122260.32453536987,15,next_close
2025-05-19,292078.1030605795,169231.02168164277,0.5794033168126362,122847.08137893677,15,next_close
2025-05-20,292060.5177258017,169231.02168164277,0.5794382034223597,122829.49604415894,15,next_close
2025-05-21,289558.4507053854,169231.02168164277,0.5844451138254944,120327.42902374268,15,next_close
2025-05-22,289513.3776539328,169231.02168164277,0.5845361034885633,120282.35597229004,15,next_close
2025-05-23,290082.005423403,169231.02168164277,0.5833902776376411,120850.98374176025,15,next_close
2025-05-27,290852.26317486784,169231.02168164277,0.581845297796073,121621.2414932251,15,next_close
2025-05-28,290689.026907778,169231.02168164277,0.5821720327108593,121458.00522613525,15,next_close
2025-05-29,289640.98961148283,169231.02168164277,0.5842785646763775,120409.96792984009,15,next_close
2025-05-30,291705.7070072653,169231.02168164277,0.5801429921198897,122474.68532562256,15,next_close
2025-06-02,291610.1813698675,28366.79265221615,0.09727641373480292,263243.38871765137,14,next_close
2025-06-03,293324.5740891363,28366.79265221615,0.09670786275000597,264957.78143692017,14,next_close
2025-06-04,292438.4332905676,28366.79265221615,0.09700090488458755,264071.64063835144,14,next_close
2025-06-05,290358.43925866147,28366.79265221615,0.09769577465921704,261991.6466064453,14,next_close
2025-06-06,294760.3217202093,28366.79265221615,0.0962368085591327,266393.52906799316,14,next_close
2025-06-09,294282.888584223,28366.79265221615,0.09639293942195232,265916.09593200684,14,next_close
2025-06-10,288772.9121743109,28366.79265221615,0.09823217987666798,260406.11952209473,14,next_close
2025-06-11,295220.39255150815,28366.79265221615,0.09608683332153925,266853.599899292,14,next_close
2025-06-12,294612.48505410214,28366.79265221615,0.09628510022922797,266245.692401886,14,next_close
2025-06-13,295015.1416359808,28366.79265221615,0.09615368382419481,266648.34898376465,14,next_close
2025-06-16,299482.1076355841,28366.79265221615,0.09471949051037613,271115.3149833679,14,next_close
2025-06-17,296191.0833512213,28366.79265221615,0.095771933210356,267824.2906990051,14,next_close
2025-06-18,294855.0526200201,28366.79265221615,0.09620588964019705,266488.25996780396,14,next_close
2025-06-20,292627.1569710638,28366.79265221615,0.09693834620763232,264260.36431884766,14,next_close
2025-06-23,296683.1876984503,28366.79265221615,0.09561307761411895,268316.39504623413,14,next_close
2025-06-24,301357.78582390805,28366.79265221615,0.09412994781157463,272990.9931716919,14,next_close
2025-06-25,298669.51854332944,28366.79265221615,0.09497719348987012,270302.7258911133,14,next_close
2025-06-26,302535.9891739752,28366.79265221615,0.09376336590455574,274169.19652175903,14,next_close
2025-06-27,299687.6398087408,28366.79265221615,0.09465452986422697,271320.84715652466,14,next_close
2025-06-30,301791.7949334051,28366.79265221615,0.09399457880713989,273425.00228118896,14,next_close
2025-07-01,292634.7750462153,8706.106654033858,0.029750758954259344,283928.6683921814,15,next_close
2025-07-02,293969.24828611396,8706.106654033858,0.029615705400451924,285263.1416320801,15,next_close
2025-07-03,299646.44236646674,8706.106654033858,0.02905459709542059,290940.33571243286,15,next_close
2025-07-07,303573.8640431025,8706.106654033858,0.02867870948467993,294867.7573890686,15,next_close
2025-07-08,297914.4008587458,8706.106654033858,0.029223517322218347,289208.2942047119,15,next_close
2025-07-09,300811.62708555243,8706.106654033858,0.028942054994296463,292105.52043151855,15,next_close
2025-07-10,296232.46758161567,8706.106654033858,0.029389441086957218,287526.3609275818,15,next_close
2025-07-11,298626.4812077143,8706.106654033858,0.02915383330649163,289920.3745536804,15,next_close
2025-07-14,303852.72737775824,8706.106654033858,0.02865238936364781,295146.62072372437,15,next_close
2025-07-15,302200.3607090571,8706.106654033858,0.028809054475006562,293494.2540550232,15,next_close
2025-07-16,302256.64645277045,8706.106654033858,0.02880368969948935,293550.5397987366,15,next_close
2025-07-17,305968.0394161799,8706.106654033858,0.02845430088268713,297261.932762146,15,next_close
2025-07-18,310797.2717007258,8706.106654033858,0.02801217207085775,302091.1650466919,15,next_close
2025-07-21,305825.83061109565,8706.106654033858,0.028467532113417213,297119.72395706177,15,next_close
2025-07-22,301980.30480848334,8706.106654033858,0.028830047905128425,293274.19815444946,15,next_close
2025-07-23,313019.63978086493,8706.106654033858,0.02781329203537748,304313.53312683105,15,next_close
2025-07-24,312561.67420469306,8706.106654033858,0.027854044089654858,303855.5675506592,15,next_close
2025-07-25,316988.97722898505,8706.106654033858,0.027465013863068117,308282.8705749512,15,next_close
2025-07-28,317538.4275120356,8706.106654033858,0.02741748997829207,308832.3208580017,15,next_close
2025-07-29,315731.3983181574,8706.106654033858,0.027574408818412336,307025.29166412354,15,next_close
2025-07-30,317946.93693433783,8706.106654033858,0.027382263021555185,309240.83028030396,15,next_close
2025-07-31,309512.7665279963,8706.106654033858,0.028128425045906357,300806.6598739624,15,next_close
2025-08-01,305165.2742322161,78963.31400424981,0.25875589613830874,226201.9602279663,15,next_close
2025-08-04,311055.87170917535,78963.31400424981,0.2538557255658473,232092.55770492554,15,next_close
2025-08-05,308622.28451282525,78963.31400424981,0.2558574606136984,229658.97050857544,15,next_close
2025-08-06,314147.93814212823,78963.31400424981,0.2513570977776874,235184.62413787842,15,next_close
2025-08-07,314345.9508832171,78963.31400424981,0.2511987629628655,235382.63687896729,15,next_close
2025-08-08,315386.86612827325,78963.31400424981,0.25036969666369707,236423.55212402344,15,next_close
2025-08-11,314796.62996036554,78963.31400424981,0.2508391338693546,235833.31595611572,15,next_close
2025-08-12,320103.01468784356,78963.31400424981,0.2466809445117312,241139.70068359375,15,next_close
2025-08-13,320350.2195790484,78963.31400424981,0.24649058804457952,241386.90557479858,15,next_close
2025-08-14,317916.366471596,78963.31400424981,0.24837763113810854,238953.0524673462,15,next_close
2025-08-15,316237.4587186053,78963.31400424981,0.2496962704045539,237274.14471435547,15,next_close
2025-08-18,316747.50175220513,78963.31400424981,0.24929419669432354,237784.18774795532,15,next_close
2025-08-19,307397.7459500506,78963.31400424981,0.256876685156568,228434.43194580078,15,next_close
2025-08-20,306537.1505521014,78963.31400424981,0.2575978600376159,227573.83654785156,15,next_close
2025-08-21,306972.0603764727,78963.31400424981,0.2572329022628595,228008.7463722229,15,next_close
2025-08-22,308387.69019443536,78963.31400424981,0.2560520945387419,229424.37619018555,15,next_close
2025-08-25,306139.79232151055,78963.31400424981,0.2579322126191354,227176.47831726074,15,next_close
2025-08-26,311304.48512012506,78963.31400424981,0.25365299177678,232341.17111587524,15,next_close
2025-08-27,311771.9666493609,78963.31400424981,0.253272655822379,232808.65264511108,15,next_close
2025-08-28,316233.41887409234,78963.31400424981,0.24969946024486706,237270.10486984253,15,next_close
2025-08-29,308479.00254947686,78963.31400424981,0.25597630098529933,229515.68854522705,15,next_close
2025-09-02,303988.0166561367,8121.2582237484385,0.026715718313774825,295866.7584323883,15,next_close
2025-09-03,307812.40967485926,8121.2582237484385,0.026383790804038354,299691.15145111084,15,next_close
2025-09-04,313896.62790510675,8121.2582237484385,0.02587239715809739,305775.36968135834,15,next_close
2025-09-05,318908.50645182154,8121.2582237484385,0.02546579366635785,310787.2482280731,15,next_close
2025-09-08,324630.4521953823,8121.2582237484385,0.025016932850343232,316509.1939716339,15,next_close
2025-09-09,327494.6926758053,8121.2582237484385,0.02479813690229131,319373.4344520569,15,next_close
2025-09-10,339057.90439150354,8121.2582237484385,0.023952422635075868,330936.6461677551,15,next_close
2025-09-11,340588.0399896862,8121.2582237484385,0.0238448132940733,332466.7817659378,15,next_close
2025-09-12,337164.76042768976,8121.2582237484385,0.024086912918914516,329043.50220394135,15,next_close
2025-09-15,345845.51383326075,8121.2582237484385,0.02348232924502778,337724.2556095123,15,next_close
2025-09-16,345659.61401102564,8121.2582237484385,0.023494958318993526,337538.3557872772,15,next_close
2025-09-17,343282.2122852566,8121.2582237484385,0.023657672705161698,335160.9540615082,15,next_close
2025-09-18,349048.91514513514,8121.2582237484385,0.023266819839195332,340927.6569213867,15,next_close
2025-09-19,351697.587664819,8121.2582237484385,0.023091594905928964,343576.32944107056,15,next_close
2025-09-22,354493.92691919825,8121.2582237484385,0.022909442467259986,346372.6686954498,15,next_close
2025-09-23,353625.4804756405,8121.2582237484385,0.022965704317531133,345504.2222518921,15,next_close
2025-09-24,341170.50735781214,8121.2582237484385,0.02380410395565359,333049.2491340637,15,next_close
2025-09-25,339752.5157282116,8121.2582237484385,0.02390345280105334,331631.2575044632,15,next_close
2025-09-26,340548.9234192135,8121.2582237484385,0.023847552187828303,332427.6651954651,15,next_close
2025-09-29,346545.06393835566,8121.2582237484385,0.023434926850359264,338423.80571460724,15,next_close
2025-09-30,348473.7351314785,8121.2582237484385,0.023305223335366443,340352.4769077301,15,next_close
2025-10-01,356459.19519588014,9956.176353183022,0.027930760343303645,346503.01884269714,15,next_close
2025-10-02,361555.92866488954,9956.176353183022,0.027537029720264852,351599.75231170654,15,next_close
2025-10-03,359526.84611007234,9956.176353183022,0.027692442055175067,349570.66975688934,15,next_close
2025-10-06,364005.7966754105,9956.176353183022,0.027351697264483665,354049.6203222275,15,next_close
2025-10-07,357109.3513991501,9956.176353183022,0.027879909372786917,347153.1750459671,15,next_close
2025-10-08,367502.0584942963,9956.176353183022,0.027091484586439517,357545.8821411133,15,next_close
2025-10-09,366273.3725573685,9956.176353183022,0.027182364591965012,356317.1962041855,15,next_close
2025-10-10,350041.9601838257,9956.176353183022,0.028442808250629448,340085.7838306427,15,next_close
2025-10-13,363044.8927075531,9956.176353183022,0.027424091491635754,353088.7163543701,15,next_close
2025-10-14,355253.97215625306,9956.176353183022,0.028025517329906022,345297.79580307007,15,next_close
2025-10-15,363963.3453347351,9956.176353183022,0.027354887465457216,354007.1689815521,15,next_close
2025-10-16,370274.65171023866,9956.176353183022,0.02688862526018742,360318.47535705566,15,next_close
2025-10-17,363056.07111236115,9956.176353183022,0.02742324711077952,353099.89475917816,15,next_close
2025-10-20,364456.511625972,9956.176353183022,0.027317872052182376,354500.335272789,15,next_close
2025-10-21,354745.9359223511,9956.176353183022,0.028065653035028115,344789.7595691681,15,next_close
2025-10-22,349351.32222243806,9956.176353183022,0.028499037272410127,339395.14586925507,15,next_close
2025-10-23,361489.51874515077,9956.176353183022,0.02754208859981388,351533.3423919678,15,next_close
2025-10-24,369300.617923465,9956.176353183022,0.026959544257373465,359344.441570282,15,next_close
2025-10-27,371628.4923474457,9956.176353183022,0.02679067014020744,361672.3159942627,15,next_close
2025-10-28,373220.61249133607,9956.176353183022,0.02667638394011302,363264.4361381531,15,next_close
2025-10-29,389064.60215159913,9956.176353183022,0.025590033886720938,379108.42579841614,15,next_close
2025-10-30,389424.9178568985,9956.176353183022,0.025566356688150105,379468.7415037155,15,next_close
2025-10-31,395543.5750205185,9956.176353183022,0.025170871130106343,385587.3986673355,15,next_close
2025-11-03,399430.4710372307,11754.933218322032,0.029429235050088008,387675.5378189087,15,next_close
2025-11-04,387322.1274398186,11754.933218322032,0.030349242621436578,375567.1942214966,15,next_close
2025-11-05,408642.0571273186,11754.933218322032,0.028765842901626756,396887.1239089966,15,next_close
2025-11-06,406304.68841107865,11754.933218322032,0.028931325563314646,394549.75519275665,15,next_close
2025-11-07,399811.868346534,11754.933218322032,0.02940116126851325,388056.935128212,15,next_close
2025-11-10,413417.89408620377,11754.933218322032,0.028433537557208285,401662.9608678818,15,next_close
2025-11-11,404303.70329316636,11754.933218322032,0.029074512854012528,392548.77007484436,15,next_close
2025-11-12,405131.525556884,11754.933218322032,0.029015103680623187,393376.592338562,15,next_close
2025-11-13,385558.9057563164,11754.933218322032,0.030488034494400882,373803.9725379944,15,next_close
2025-11-14,386382.318361602,11754.933218322032,0.030423061976974298,374627.38514328003,15,next_close
2025-11-17,389187.5231812813,11754.933218322032,0.03020377714638774,377432.5899629593,15,next_close
2025-11-18,384275.61725553055,11754.933218322032,0.03058984929170094,372520.68403720856,15,next_close
2025-11-19,390569.5760520317,11754.933218322032,0.030096899346701903,378814.6428337097,15,next_close
2025-11-20,369642.5592244484,11754.933218322032,0.03180081114843811,357887.6260061264,15,next_close
2025-11-21,376515.4921878197,11754.933218322032,0.031220317522706986,364760.5589694977,15,next_close
2025-11-24,400170.9195273735,11754.933218322032,0.02937478123649098,388415.9863090515,15,next_close
2025-11-25,403273.19440110703,11754.933218322032,0.029148808751791818,391518.26118278503,15,next_close
2025-11-26,412365.2416308739,11754.933218322032,0.02850612037967154,400610.3084125519,15,next_close
2025-11-28,420096.4402945854,11754.933218322032,0.0279815111265382,408341.5070762634,15,next_close
2025-12-01,415296.87892456073,243941.64189071677,0.5873909828612729,171355.237033844,15,next_close
2025-12-02,414357.00388641376,243941.64189071677,0.5887233462996746,170415.36199569702,15,next_close
2025-12-03,415665.7136909487,243941.64189071677,0.5868697702406354,171724.07180023193,15,next_close
2025-12-04,419889.4017021181,243941.64189071677,0.580966418542224,175947.75981140137,15,next_close
2025-12-05,422671.14061279316,243941.64189071677,0.5771428859255627,178729.49872207642,15,next_close
2025-12-08,423324.55524749774,243941.64189071677,0.576252047907062,179382.913356781,15,next_close
2025-12-09,425157.10879440326,243941.64189071677,0.5737682302489305,181215.46690368652,15,next_close
2025-12-10,428405.0339462282,243941.64189071677,0.5694182433937865,184463.39205551147,15,next_close
2025-12-11,430821.83368606586,243941.64189071677,0.5662239534231076,186880.19179534912,15,next_close
2025-12-12,421170.13640899677,243941.64189071677,0.5791997599132384,177228.49451828003,15,next_close
2025-12-15,420547.6137420656,243941.64189071677,0.5800571300835711,176605.97185134888,15,next_close
2025-12-16,419799.86844177265,243941.64189071677,0.5810903247687704,175858.2265510559,15,next_close
2025-12-17,415273.19849319477,243941.64189071677,0.5874244780926172,171331.55660247803,15,next_close
2025-12-18,418658.55511398334,243941.64189071677,0.582674446541052,174716.9132232666,15,next_close
2025-12-19,426536.01644058246,243941.64189071677,0.5719133496073677,182594.37454986572,15,next_close
2025-12-22,429631.7174369814,243941.64189071677,0.5677924417358647,185690.07554626465,15,next_close
2025-12-23,430038.3350440981,243941.64189071677,0.5672555723798481,186096.69315338135,15,next_close
2025-12-24,431165.98197860736,243941.64189071677,0.5657720044871725,187224.34008789062,15,next_close
2025-12-26,430635.6234962465,243941.64189071677,0.5664687930603656,186693.98160552979,15,next_close
2025-12-29,427953.75810928363,243941.64189071677,0.5700186930673549,184012.1162185669,15,next_close
2025-12-30,426700.5308944704,243941.64189071677,0.5716928483293762,182758.88900375366,15,next_close
2025-12-31,425200.21428604145,243941.64189071677,0.5737100633881899,181258.5723953247,15,next_close
2026-01-02,431891.52764865896,49150.2120511248,0.11380221399274168,382741.3155975342,14,next_close
2026-01-05,432892.0353009417,49150.2120511248,0.1135391923229914,383741.8232498169,14,next_close
2026-01-06,458331.18753788015,49150.2120511248,0.10723732835017392,409180.9754867554,14,next_close
2026-01-07,464932.22701999685,49150.2120511248,0.10571478851047862,415782.01496887207,14,next_close
2026-01-08,454897.60495349905,49150.2120511248,0.10804675934961029,405747.39290237427,14,next_close
2026-01-09,473417.9568631365,49150.2120511248,0.1038199150213771,424267.7448120117,14,next_close
2026-01-12,476832.2381436541,49150.2120511248,0.10307652905866956,427682.0260925293,14,next_close
2026-01-13,482031.6414143755,49150.2120511248,0.10196470071323206,432881.42936325073,14,next_close
2026-01-14,481286.70985767385,49150.2120511248,0.10212252082684665,432136.4978065491,14,next_close
2026-01-15,490129.60829898855,49150.2120511248,0.10028003046317133,440979.39624786377,14,next_close
2026-01-16,499167.8760869219,49150.2120511248,0.09846429308797527,450017.6640357971,14,next_close
2026-01-20,494490.0897748186,49150.2120511248,0.09939574739203949,445339.87772369385,14,next_close
2026-01-21,497998.0888058855,49150.2120511248,0.09869558368984634,448847.87675476074,14,next_close
2026-01-22,504838.23750659963,49150.2120511248,0.09735833857173362,455688.02545547485,14,next_close
2026-01-23,500034.3567921831,49150.2120511248,0.09829366999186394,450884.14474105835,14,next_close
2026-01-26,480646.93695041677,49150.2120511248,0.10225845266583922,431496.724899292,14,next_close
2026-01-27,499109.0144459917,49150.2120511248,0.09847590532036626,449958.80239486694,14,next_close
2026-01-28,510791.78588840505,49150.2120511248,0.09622357565057411,461641.5738372803,14,next_close
2026-01-29,510141.4687497332,49150.2120511248,0.09634623935118097,460991.2566986084,14,next_close
2026-01-30,494351.08302661916,49150.2120511248,0.099423696515859,445200.8709754944,14,next_close
2026-02-02,501384.0397967818,51395.98213381791,0.10250821337402252,449988.05766296387,14,next_close
2026-02-03,509718.7512454512,51395.98213381791,0.10083204121534968,458322.7691116333,14,next_close
2026-02-04,486018.4743518355,51395.98213381791,0.10574902981282898,434622.4922180176,14,next_close
2026-02-05,485994.3419284346,51395.98213381791,0.10575428086236086,434598.3597946167,14,next_close
2026-02-06,516497.8922824385,51395.98213381791,0.09950859994160992,465101.9101486206,14,next_close
2026-02-09,522207.4637546065,51395.98213381791,0.09842061958342613,470811.4816207886,14,next_close
2026-02-10,510880.7854709151,51395.98213381791,0.10060269165621992,459484.80333709717,14,next_close
2026-02-11,524594.8052691938,51395.98213381791,0.09797272412456363,473198.823135376,14,next_close
2026-02-12,517983.7381915572,51395.98213381791,0.0992231576868751,466587.75605773926,14,next_close
2026-02-13,518738.0573367598,51395.98213381791,0.09907887305914809,467342.0752029419,14,next_close
2026-02-17,525497.8631000044,51395.98213381791,0.09780435990857121,474101.8809661865,14,next_close
2026-02-18,533002.7379245283,51395.98213381791,0.09642723850528406,481606.75579071045,14,next_close
2026-02-19,538839.8114108564,51395.98213381791,0.09538267411839271,487443.8292770386,14,next_close
2026-02-20,544602.5233020307,51395.98213381791,0.09437338230126827,493206.5411682129,14,next_close
2026-02-23,545170.2166842939,51395.98213381791,0.09427510997648857,493774.2345504761,14,next_close
2026-02-24,551346.5556735517,51395.98213381791,0.0932190137127638,499950.5735397339,14,next_close
2026-02-25,563018.1126880171,51395.98213381791,0.09128655184544258,511622.1305541992,14,next_close
2026-02-26,548376.3407077314,51395.98213381791,0.09372392336891584,496980.3585739136,14,next_close
2026-02-27,545842.82182498,51395.98213381791,0.09415894114349573,494446.8396911621,14,next_close
2026-03-02,559241.1948581603,105744.34289893176,0.18908539619609313,453496.8519592285,14,next_close
2026-03-03,529814.1496921447,105744.34289893176,0.19958761569576022,424069.8067932129,14,next_close
2026-03-04,536568.0063510803,105744.34289893176,0.1970753784185606,430823.66345214844,14,next_close
2026-03-05,514958.20171698596,105744.34289893176,0.2053454873548114,409213.8588180542,14,next_close
2026-03-06,490794.20715674426,105744.34289893176,0.2154555643831394,385049.8642578125,14,next_close
2026-03-09,518518.9477268126,105744.34289893176,0.20393534963864873,412774.60482788086,14,next_close
2026-03-10,528428.5381580261,105744.34289893176,0.20011096158343555,422684.19525909424,14,next_close
2026-03-11,531364.5662494567,105744.34289893176,0.1990052585653379,425620.2233505249,14,next_close
2026-03-12,516521.251880255,105744.34289893176,0.20472408930706776,410776.90898132324,14,next_close
2026-03-13,520945.446361151,105744.34289893176,0.2029854443254378,415201.10346221924,14,next_close
2026-03-16,535363.8378253845,105744.34289893176,0.19751865073378674,429619.49492645264,14,next_close
2026-03-17,545579.6753497985,105744.34289893176,0.19382016537022526,439835.3324508667,14,next_close
2026-03-18,554200.3231388,105744.34289893176,0.19080527109770015,448455.98023986816,14,next_close
2026-03-19,569404.8917652038,105744.34289893176,0.18571028178404872,463660.548866272,14,next_close
2026-03-20,542277.8697467712,105744.34289893176,0.19500029191364837,436533.52684783936,14,next_close
2026-03-23,552643.8675037292,105744.34289893176,0.19134265141957485,446899.52460479736,14,next_close
2026-03-24,569576.0402713683,105744.34289893176,0.185654478809451,463831.6973724365,14,next_close
2026-03-25,564422.2213092712,105744.34289893176,0.18734971605767076,458677.87841033936,14,next_close
2026-03-26,528005.8931919006,105744.34289893176,0.2002711414065593,422261.55029296875,14,next_close
2026-03-27,531599.4647403625,105744.34289893176,0.19891732387386463,425855.12184143066,14,next_close
2026-03-30,501762.23746069934,105744.34289893176,0.21074591709826354,396017.8945617676,14,next_close
2026-03-31,527358.1876941589,105744.34289893176,0.20051711600666025,421613.84479522705,14,next_close
2026-04-01,548422.5330790618,326433.905568991,0.5952233649778419,221988.6275100708,15,next_close
2026-04-02,552928.9737528899,326433.905568991,0.5903722196964811,226495.06818389893,15,next_close
2026-04-06,552573.9285029509,326433.905568991,0.5907515514772386,226140.02293395996,15,next_close
2026-04-07,555757.1328715422,326433.905568991,0.5873679099399755,229323.22730255127,15,next_close
2026-04-08,573430.519140158,326433.905568991,0.5692649670241984,246996.613571167,15,next_close
2026-04-09,572711.3593958953,326433.905568991,0.5699797990969107,246277.4538269043,15,next_close
2026-04-10,576779.5360316375,326433.905568991,0.5659595827808382,250345.63046264648,15,next_close
2026-04-13,580869.1536006072,326433.905568991,0.5619749362580884,254435.2480316162,15,next_close
2026-04-14,580581.3767909148,326433.905568991,0.562253490412163,254147.47122192383,15,next_close
2026-04-15,577135.2131556609,326433.905568991,0.56561079297885,250701.30758666992,15,next_close
2026-04-16,581867.2244166472,326433.905568991,0.5610109864776424,255433.31884765625,15,next_close
2026-04-17,585992.4781703093,326433.905568991,0.5570615967430869,259558.57260131836,15,next_close
2026-04-20,585486.1501826384,326433.905568991,0.5575433431980622,259052.24461364746,15,next_close
2026-04-21,582980.0917414763,326433.905568991,0.5599400566044521,256546.18617248535,15,next_close
2026-04-22,588590.8297480681,326433.905568991,0.5546024318943484,262156.92417907715,15,next_close
2026-04-23,588701.4280757048,326433.905568991,0.5544982396866426,262267.52250671387,15,next_close
2026-04-24,594882.0999812224,326433.905568991,0.5487371456954159,268448.19441223145,15,next_close
2026-04-27,594325.3719386199,326433.905568991,0.5492511694464629,267891.4663696289,15,next_close
2026-04-28,581082.4562434294,326433.905568991,0.5617686475673599,254648.55067443848,15,next_close
2026-04-29,584048.4949854949,326433.905568991,0.5589157550643087,257614.5894165039,15,next_close
2026-04-30,596886.4854640105,326433.905568991,0.5468944489758822,270452.57989501953,15,next_close
2026-05-01,601355.4273076536,119131.38923697485,0.19810478766333176,482224.0380706787,13,next_close
2026-05-04,609014.354885626,119131.38923697485,0.1956134338727499,489882.9656486511,13,next_close
2026-05-05,631634.797325659,119131.38923697485,0.1886080211878399,512503.4080886841,13,next_close
2026-05-06,642193.5579114439,119131.38923697485,0.18550698269913607,523062.168674469,13,next_close
2026-05-07,616193.2707906248,119131.38923697485,0.19333445346477063,497061.8815536499,13,next_close
2026-05-08,645526.9073338987,119131.38923697485,0.1845490681852463,526395.5180969238,13,next_close
2026-05-11,668566.332859564,119131.38923697485,0.17818933347635238,549434.9436225891,13,next_close
2026-05-12,647925.9319386961,119131.38923697485,0.18386575280374262,528794.5427017212,13,next_close
2026-05-13,667578.4777150633,119131.38923697485,0.17845301071527753,548447.0884780884,13,next_close
2026-05-14,665997.5893102171,119131.38923697485,0.17887660728676344,546866.2000732422,13,next_close
2026-05-15,649896.1784406187,119131.38923697485,0.1833083393763331,530764.7892036438,13,next_close
2026-05-18,624570.0155492307,119131.38923697485,0.19074144815007454,505438.62631225586,13,next_close
2026-05-19,630172.7186627866,119131.38923697485,0.18904561512876847,511041.32942581177,13,next_close
2026-05-20,642524.362244177,119131.38923697485,0.18541147423714593,523392.97300720215,13,next_close
2026-05-21,666978.0604863645,119131.38923697485,0.1786136550730072,547846.6712493896,13,next_close
2026-05-22,667160.2681890012,119131.38923697485,0.17856487401498836,548028.8789520264,13,next_close
2026-05-26,699827.86535697,119131.38923697485,0.17022955948775775,580696.4761199951,13,next_close
2026-05-27,691331.5410924436,119131.38923697485,0.17232164620859503,572200.1518554688,13,next_close
2026-05-28,694532.84658103,119131.38923697485,0.1715273652260246,575401.4573440552,13,next_close
2026-05-29,697072.479546118,119131.38923697485,0.17090244233217242,577941.0903091431,13,next_close
2026-06-01,709004.8462453367,119131.38923697485,0.1680261987881418,589873.4570083618,13,next_close
2026-06-02,763170.3247151853,119131.38923697485,0.15610065719134797,644038.9354782104,13,next_close
2026-06-03,776564.0428853513,119131.38923697485,0.15340832520951903,657432.6536483765,13,next_close
2026-06-04,761190.439362097,119131.38923697485,0.15650668095202422,642059.0501251221,13,next_close
2026-06-05,691299.3148885252,119131.38923697485,0.17232967930278548,572167.9256515503,13,next_close
2026-06-08,716198.4064336302,119131.38923697485,0.16633852877472818,597067.0171966553,13,next_close
2026-06-09,696287.0997243406,119131.38923697485,0.1710952124262231,577155.7104873657,13,next_close
2026-06-10,677594.991692114,119131.38923697485,0.1758150380354432,558463.6024551392,13,next_close
2026-06-11,727574.7964635374,119131.38923697485,0.16373765256304498,608443.4072265625,13,next_close
2026-06-12,741654.3846974851,119131.38923697485,0.16062925224337155,622522.9954605103,13,next_close
2026-06-15,787878.0775533201,119131.38923697485,0.1512053611225305,668746.6883163452,13,next_close
2026-06-16,756441.1395574094,119131.38923697485,0.1574893048607564,637309.7503204346,13,next_close
2026-06-17,760601.332657385,119131.38923697485,0.15662789969188487,641469.9434204102,13,next_close
2026-06-18,797444.5733724119,119131.38923697485,0.14939143511023645,678313.184135437,13,next_close
