date,equity_usd,cash_usd,cash_weight,stock_value_usd,position_count,fill_mode
2019-07-01,99823.50483335495,29225.43817533493,0.292771108609378,70598.06665802002,18,next_close
2019-07-02,100024.47335065842,29225.43817533493,0.29218287481383226,70799.03517532349,18,next_close
2019-07-03,100501.61318983078,29225.43817533493,0.29079571210596344,71276.17501449585,18,next_close
2019-07-05,100335.02993024826,29225.43817533493,0.29127851155924417,71109.59175491333,18,next_close
2019-07-08,100065.3519936943,29225.43817533493,0.29206351242512585,70839.91381835938,18,next_close
2019-07-09,100291.26721967697,29225.43817533493,0.2914056127271762,71065.82904434204,18,next_close
2019-07-10,100258.02948011398,29225.43817533493,0.2915022200903295,71032.59130477905,18,next_close
2019-07-11,99903.27445234299,29225.43817533493,0.29253734009766,70677.83627700806,18,next_close
2019-07-12,100625.24439252853,29225.43817533493,0.29043843174511513,71399.8062171936,18,next_close
2019-07-15,100908.61117948532,29225.43817533493,0.2896228362845256,71683.17300415039,18,next_close
2019-07-16,100850.71131147385,29225.43817533493,0.289789112989726,71625.27313613892,18,next_close
2019-07-17,100507.2907639885,29225.43817533493,0.2907792852954537,71281.85258865356,18,next_close
2019-07-18,100942.81330503464,29225.43817533493,0.2895247043196613,71717.3751296997,18,next_close
2019-07-19,100264.43714536667,29225.43817533493,0.2914835908664498,71038.99897003174,18,next_close
2019-07-22,100881.21826566696,29225.43817533493,0.28970147940096064,71655.78009033203,18,next_close
2019-07-23,101436.9507638359,29225.43817533493,0.28811432081961125,72211.51258850098,18,next_close
2019-07-24,104469.92087949753,29225.43817533493,0.27974978758762026,75244.4827041626,18,next_close
2019-07-25,103876.23617948532,29225.43817533493,0.2813486438306927,74650.79800415039,18,next_close
2019-07-26,104292.70318998337,29225.43817533493,0.28022514789070924,75067.26501464844,18,next_close
2019-07-29,103904.75669874191,29225.43817533493,0.28127141724676014,74679.31852340698,18,next_close
2019-07-30,104359.67239011764,29225.43817533493,0.28004532312140945,75134.23421478271,18,next_close
2019-07-31,103488.06371702194,29225.43817533493,0.28240395196927304,74262.62554168701,18,next_close
2019-08-01,103397.16693836689,28591.37689358234,0.2765199254504248,74805.79004478455,18,next_close
2019-08-02,102462.41399532795,28591.37689358234,0.27904258526337317,73871.0371017456,18,next_close
2019-08-05,99789.36990887165,28591.37689358234,0.2865172605027187,71197.9930152893,18,next_close
2019-08-06,101515.74662739277,28591.37689358234,0.28164474816429425,72924.36973381042,18,next_close
2019-08-07,101719.8051124239,28591.37689358234,0.2810797451094431,73128.42821884155,18,next_close
2019-08-08,104583.88385540486,28591.37689358234,0.2733822443724894,75992.50696182251,18,next_close
2019-08-09,104038.36382061482,28591.37689358234,0.27481571070148897,75446.98692703247,18,next_close
2019-08-12,102953.19868237019,28591.37689358234,0.2777123708588411,74361.82178878784,18,next_close
2019-08-13,104501.57767635823,28591.37689358234,0.27359756215480246,75910.20078277588,18,next_close
2019-08-14,101982.94979626179,28591.37689358234,0.28035448033912785,73391.57290267944,18,next_close
2019-08-15,102733.21675831318,28591.37689358234,0.27830703443118576,74141.83986473083,18,next_close
2019-08-16,104809.8877006197,28591.37689358234,0.272792744280493,76218.51080703735,18,next_close
2019-08-19,104900.47059017658,28591.37689358234,0.27255718427882614,76309.09369659424,18,next_close
2019-08-20,104989.5756831789,28591.37689358234,0.27232586385395935,76398.19878959656,18,next_close
2019-08-21,106383.6998553896,28591.37689358234,0.2687571209917254,77792.32296180725,18,next_close
2019-08-22,106236.77532726765,28591.37689358234,0.26912880973189546,77645.3984336853,18,next_close
2019-08-23,104037.14988476277,28591.37689358234,0.2748189173314697,75445.77299118042,18,next_close
2019-08-26,105053.81684643269,28591.37689358234,0.2721593346330016,76462.43995285034,18,next_close
2019-08-27,104892.23461681843,28591.37689358234,0.2725785850404411,76300.85772323608,18,next_close
2019-08-28,104922.55911022663,28591.37689358234,0.27249980496134873,76331.18221664429,18,next_close
2019-08-29,105832.09864956379,28591.37689358234,0.2701578940455055,77240.72175598145,18,next_close
2019-08-30,105506.17531544209,28591.37689358234,0.27099244957084184,76914.79842185974,18,next_close
2019-09-03,103839.47013994216,21883.440345249175,0.21074298930606392,81956.029794693,18,next_close
2019-09-04,105666.34384294509,21883.440345249175,0.2070994372415796,83782.90349769592,18,next_close
2019-09-05,107430.81539293288,21883.440345249175,0.20369798241975115,85547.37504768372,18,next_close
2019-09-06,107239.84057756423,21883.440345249175,0.2040607317895196,85356.40023231506,18,next_close
2019-09-09,105497.23683687209,21883.440345249175,0.20743140769731275,83613.79649162292,18,next_close
2019-09-10,102898.72202630996,21883.440345249175,0.21266970001487331,81015.28168106079,18,next_close
2019-09-11,103451.7735781288,21883.440345249175,0.21153277114889066,81568.33323287964,18,next_close
2019-09-12,104514.35498758315,21883.440345249175,0.20938214992427634,82630.91464233398,18,next_close
2019-09-13,104103.6740431404,21883.440345249175,0.210208146315573,82220.23369789124,18,next_close
2019-09-16,103935.36846490859,21883.440345249175,0.21054854250733349,82051.92811965942,18,next_close
2019-09-17,104533.22746225356,21883.440345249175,0.209344347979222,82649.7871170044,18,next_close
2019-09-18,104394.65583559035,21883.440345249175,0.20962222797796365,82511.21549034119,18,next_close
2019-09-19,104484.90109392165,21883.440345249175,0.20944117395084783,82601.46074867249,18,next_close
2019-09-20,103610.56454416274,21883.440345249175,0.21120858130178052,81727.12419891357,18,next_close
2019-09-23,103946.0952238655,21883.440345249175,0.21052681486610425,82062.65487861633,18,next_close
2019-09-24,102967.73202463149,21883.440345249175,0.2125271666662942,81084.29167938232,18,next_close
2019-09-25,104203.29095026015,21883.440345249175,0.21000719023063197,82319.85060501099,18,next_close
2019-09-26,104050.2245573616,21883.440345249175,0.21031612798860522,82166.78421211243,18,next_close
2019-09-27,102086.24356599807,21883.440345249175,0.21436228409268168,80202.8032207489,18,next_close
2019-09-30,102707.62640901565,21883.440345249175,0.21306538871906255,80824.18606376648,18,next_close
2019-10-01,101698.21450856685,13508.09692433833,0.13282531054859803,88190.11758422852,18,next_close
2019-10-02,100423.33460668086,13508.09692433833,0.13451153536420885,86915.23768234253,18,next_close
2019-10-03,101528.92505315303,13508.09692433833,0.13304678363595882,88020.8281288147,18,next_close
2019-10-04,103127.52208951472,13508.09692433833,0.1309844031025326,89619.42516517639,18,next_close
2019-10-07,102546.50016072749,13508.09692433833,0.13172655237542238,89038.40323638916,18,next_close
2019-10-08,101282.82990315913,13508.09692433833,0.1333700582542372,87774.7329788208,18,next_close
2019-10-09,102564.52037290095,13508.09692433833,0.13170340850058093,89056.42344856262,18,next_close
2019-10-10,103037.26638463496,13508.09692433833,0.13109913915915644,89529.16946029663,18,next_close
2019-10-11,104147.66597989558,13508.09692433833,0.12970138886209798,90639.56905555725,18,next_close
2019-10-14,104180.19043973445,13508.09692433833,0.12966089683002083,90672.09351539612,18,next_close
2019-10-15,105091.85863545894,13508.09692433833,0.1285360930878101,91583.7617111206,18,next_close
2019-10-16,103974.66620877742,13508.09692433833,0.12991719441748006,90466.56928443909,18,next_close
2019-10-17,104934.1209531164,13508.09692433833,0.12872930941474817,91426.02402877808,18,next_close
2019-10-18,104375.22570851802,13508.09692433833,0.1294186128235212,90867.12878417969,18,next_close
2019-10-21,105388.96879628657,13508.09692433833,0.12817372708569755,91880.87187194824,18,next_close
2019-10-22,103846.33501103877,13508.09692433833,0.13007774345529316,90338.23808670044,18,next_close
2019-10-23,104422.53331998347,13508.09692433833,0.1293599809817415,90914.43639564514,18,next_close
2019-10-24,106859.86172917842,13508.09692433833,0.12640945539095622,93351.76480484009,18,next_close
2019-10-25,107262.05349210261,13508.09692433833,0.12593546817871515,93753.95656776428,18,next_close
2019-10-28,108415.50774434565,13508.09692433833,0.12459561556628726,94907.41082000732,18,next_close
2019-10-29,107049.44107488154,13508.09692433833,0.1261855904029369,93541.34415054321,18,next_close
2019-10-30,106979.12488988398,13508.09692433833,0.12626853078338898,93471.02796554565,18,next_close
2019-10-31,107076.97899678706,13508.09692433833,0.12615313815254026,93568.88207244873,18,next_close
2019-11-01,108486.39323353289,10804.369366879442,0.09959193079284562,97682.02386665344,18,next_close
2019-11-04,107900.43773006914,10804.369366879442,0.10013276678180273,97096.0683631897,18,next_close
2019-11-05,107517.19686054705,10804.369366879442,0.10048968613730719,96712.8274936676,18,next_close
2019-11-06,107630.62803387163,10804.369366879442,0.10038378075318188,96826.25866699219,18,next_close
2019-11-07,106449.68673443315,10804.369366879442,0.1014974275484135,95645.31736755371,18,next_close
2019-11-08,106811.9340813112,10804.369366879442,0.10115320408536516,96007.56471443176,18,next_close
2019-11-11,107179.2393410158,10804.369366879442,0.10080655016129399,96374.86997413635,18,next_close
2019-11-12,108087.43616795061,10804.369366879442,0.09995953044987743,97283.06680107117,18,next_close
2019-11-13,108636.65112614153,10804.369366879442,0.09945418286443808,97832.28175926208,18,next_close
2019-11-14,109344.36728786943,10804.369366879442,0.09881047954152888,98539.99792098999,18,next_close
2019-11-15,110970.04472469805,10804.369366879442,0.09736293603993446,100165.6753578186,18,next_close
2019-11-18,110848.38619350908,10804.369366879442,0.09746979399427748,100044.01682662964,18,next_close
2019-11-19,109816.42841839312,10804.369366879442,0.09838572900691625,99012.05905151367,18,next_close
2019-11-20,109550.63179325579,10804.369366879442,0.09862443684733352,98746.26242637634,18,next_close
2019-11-21,108358.81965755938,10804.369366879442,0.09970918288907094,97554.45029067993,18,next_close
2019-11-22,108305.74756741045,10804.369366879442,0.09975804248204563,97501.378200531,18,next_close
2019-11-25,110096.35273289202,10804.369366879442,0.09813557941462638,99291.98336601257,18,next_close
2019-11-26,110216.48511814592,10804.369366879442,0.09802861482379664,99412.11575126648,18,next_close
2019-11-27,110745.15727924822,10804.369366879442,0.0975606485404667,99940.78791236877,18,next_close
2019-11-29,109537.92073559282,10804.369366879442,0.09863588147669405,98733.55136871338,18,next_close
2019-12-02,107210.42037933109,23153.775158574554,0.21596571561469532,84056.64522075653,18,next_close
2019-12-03,106786.93730418918,23153.775158574554,0.21682216704670157,83633.16214561462,18,next_close
2019-12-04,107692.93188445804,23153.775158574554,0.214998094614193,84539.15672588348,18,next_close
2019-12-05,109159.0186850333,23153.775158574554,0.21211051031323672,86005.24352645874,18,next_close
2019-12-06,110405.02961318729,23153.775158574554,0.20971666997142818,87251.25445461273,18,next_close
2019-12-09,109971.98155372379,23153.775158574554,0.21054249301912792,86818.20639514923,18,next_close
2019-12-10,110244.86713855503,23153.775158574554,0.21002134393681152,87091.09197998047,18,next_close
2019-12-11,111534.6446949744,23153.775158574554,0.20759267420356817,88380.86953639984,18,next_close
2019-12-12,112058.32397144077,23153.775158574554,0.20662253671111067,88904.54881286621,18,next_close
2019-12-13,111809.04653613803,23153.775158574554,0.2070832001155736,88655.27137756348,18,next_close
2019-12-16,113115.882303884,23153.775158574554,0.20469075329644965,89962.10714530945,18,next_close
2019-12-17,113610.38155143497,23153.775158574554,0.20379981866438954,90456.60639286041,18,next_close
2019-12-18,113721.46877734897,23153.775158574554,0.20360073966250355,90567.69361877441,18,next_close
2019-12-19,114625.90132777927,23153.775158574554,0.2019942690994858,91472.12616920471,18,next_close
2019-12-20,115073.51793925998,23153.775158574554,0.20120854539961108,91919.74278068542,18,next_close
2019-12-23,115639.16637771366,23153.775158574554,0.20022433474612822,92485.3912191391,18,next_close
2019-12-24,116337.94311301944,23153.775158574554,0.19902169953341217,93184.16795444489,18,next_close
2019-12-26,116558.10558479068,23153.775158574554,0.198645774503698,93404.33042621613,18,next_close
2019-12-27,115974.03398101566,23153.775158574554,0.19964619978955553,92820.2588224411,18,next_close
2019-12-30,115307.14867656467,23153.775158574554,0.20080086468464023,92153.37351799011,18,next_close
2019-12-31,115456.14941947696,23153.775158574554,0.2005417231996186,92302.3742609024,18,next_close
2020-01-02,116683.21679091212,26277.21469855067,0.22520132218875605,90406.00209236145,18,next_close
2020-01-03,115971.43886065242,26277.21469855067,0.22658350156476487,89694.22416210175,18,next_close
2020-01-06,115960.08092617747,26277.21469855067,0.22660569472419803,89682.8662276268,18,next_close
2020-01-07,116961.06635021922,26277.21469855067,0.22466633999273056,90683.85165166855,18,next_close
2020-01-08,118275.99489092585,26277.21469855067,0.2221686211372267,91998.78019237518,18,next_close
2020-01-09,118830.6815330958,26277.21469855067,0.2211315660192704,92553.46683454514,18,next_close
2020-01-10,118211.48144697901,26277.21469855067,0.2222898687750284,91934.26674842834,18,next_close
2020-01-13,120594.32129597422,26277.21469855067,0.2178976125588749,94317.10659742355,18,next_close
2020-01-14,120888.4624083018,26277.21469855067,0.21736743254951127,94611.24770975113,18,next_close
2020-01-15,119485.91741442439,26277.21469855067,0.21991892657450923,93208.70271587372,18,next_close
2020-01-16,120476.85085081813,26277.21469855067,0.21811007270673716,94199.63615226746,18,next_close
2020-01-17,120440.08401036021,26277.21469855067,0.2181766553425047,94162.86931180954,18,next_close
2020-01-21,121344.99519657847,26277.21469855067,0.21654963730462615,95067.7804980278,18,next_close
2020-01-22,122626.38857340571,26277.21469855067,0.21428678610086274,96349.17387485504,18,next_close
2020-01-23,123718.7833111262,26277.21469855067,0.2123947067315487,97441.56861257553,18,next_close
2020-01-24,121506.64270567652,26277.21469855067,0.21626154845049517,95229.42800712585,18,next_close
2020-01-27,119024.9173324084,26277.21469855067,0.2207707032063264,92747.70263385773,18,next_close
2020-01-28,120993.54780602214,26277.21469855067,0.21717864444043347,94716.33310747147,18,next_close
2020-01-29,120598.18319630381,26277.21469855067,0.21789063485125565,94320.96849775314,18,next_close
2020-01-30,122191.21753573176,26277.21469855067,0.2150499457202524,95914.00283718109,18,next_close
2020-01-31,119255.41069483515,26277.21469855067,0.22034400406193655,92978.19599628448,18,next_close
2020-02-03,123214.44393945453,9566.812077767827,0.0776435925196302,113647.6318616867,18,next_close
2020-02-04,128128.37346292255,9566.812077767827,0.0746658356709433,118561.56138515472,18,next_close
2020-02-05,125968.39243245838,9566.812077767827,0.07594613135114311,116401.58035469055,18,next_close
2020-02-06,126055.76130414722,9566.812077767827,0.07589349331432009,116488.9492263794,18,next_close
2020-02-07,124760.91932273624,9566.812077767827,0.07668116049241379,115194.10724496841,18,next_close
2020-02-10,127268.79479718921,9566.812077767827,0.07517013179085369,117701.98271942139,18,next_close
2020-02-11,128736.44607234714,9566.812077767827,0.07431315971229688,119169.63399457932,18,next_close
2020-02-12,130878.28354383228,9566.812077767827,0.07309701669921288,121311.47146606445,18,next_close
2020-02-13,132184.9163181853,9566.812077767827,0.07237446105226815,122618.10424041748,18,next_close
2020-02-14,133561.189487226,9566.812077767827,0.07162868281195424,123994.37740945816,18,next_close
2020-02-18,134846.02096486805,9566.812077767827,0.07094619484738304,125279.20888710022,18,next_close
2020-02-19,137925.16495633838,9566.812077767827,0.06936233921341547,128358.35287857056,18,next_close
2020-02-20,136524.04338718174,9566.812077767827,0.07007419235772544,126957.23130941391,18,next_close
2020-02-21,132870.68924594639,9566.812077767827,0.07200092158820265,123303.87716817856,18,next_close
2020-02-24,126985.4010961127,9566.812077767827,0.07533788919977422,117418.58901834488,18,next_close
2020-02-25,122799.80346132038,9566.812077767827,0.07790576049888542,113232.99138355255,18,next_close
2020-02-26,122361.43519473789,9566.812077767827,0.07818486324994695,112794.62311697006,18,next_close
2020-02-27,115905.42304731128,9566.812077767827,0.0825398141540173,106338.61096954346,18,next_close
2020-02-28,117033.295102365,9566.812077767827,0.08174436231501528,107466.48302459717,18,next_close
2020-03-02,122098.43605479477,36804.64557513474,0.30143420967831003,85293.79047966003,18,next_close
2020-03-03,119844.1531625676,36804.64557513474,0.30710422330916337,83039.50758743286,18,next_close
2020-03-04,123029.90011843918,36804.64557513474,0.2991520397862911,86225.25454330444,18,next_close
2020-03-05,120915.5011011052,36804.64557513474,0.3043831869361399,84110.85552597046,18,next_close
2020-03-06,118731.20720347641,36804.64557513474,0.3099829138607218,81926.56162834167,18,next_close
2020-03-09,110793.17877063034,36804.64557513474,0.3321923423763261,73988.5331954956,18,next_close
2020-03-10,113844.34662493943,36804.64557513474,0.3232891809409541,77039.70104980469,18,next_close
2020-03-11,109283.00243243454,36804.64557513474,0.33678289172087517,72478.3568572998,18,next_close
2020-03-12,100655.88244494675,36804.64557513474,0.365648233179664,63851.23686981201,18,next_close
2020-03-13,104255.38920649765,36804.64557513474,0.3530239142097118,67450.74363136292,18,next_close
2020-03-16,93752.90688952683,36804.64557513474,0.3925707137646758,56948.26131439209,18,next_close
2020-03-17,97270.10763034104,36804.64557513474,0.378375705257824,60465.4620552063,18,next_close
2020-03-18,93004.53383692978,36804.64557513474,0.3957295849648195,56199.888261795044,18,next_close
2020-03-19,94766.08691748856,36804.64557513474,0.3883735919916162,57961.44134235382,18,next_close
2020-03-20,94111.52039965866,36804.64557513474,0.3910748165457141,57306.874824523926,18,next_close
2020-03-23,96339.24766024826,36804.64557513474,0.3820316897733172,59534.602085113525,18,next_close
2020-03-24,103818.32097872971,36804.64557513474,0.3545101214136884,67013.67540359497,18,next_close
2020-03-25,104964.60281047104,36804.64557513474,0.3506386399764777,68159.9572353363,18,next_close
2020-03-26,107934.70695552109,36804.64557513474,0.34098990596510903,71130.06138038635,18,next_close
2020-03-27,106117.11012896775,36804.64557513474,0.34683045486637165,69312.46455383301,18,next_close
2020-03-30,107130.91792544602,36804.64557513474,0.34354830788202184,70326.27235031128,18,next_close
2020-03-31,105733.12378939865,36804.64557513474,0.3480900237889781,68928.47821426392,18,next_close
2020-04-01,101206.06774286627,65783.98531822562,0.650000407933669,35422.082424640656,18,next_close
2020-04-02,102009.34935430884,65783.98531822562,0.6448819224376998,36225.36403608322,18,next_close
2020-04-03,101982.06144194007,65783.98531822562,0.6450544771119129,36198.07612371445,18,next_close
2020-04-06,104080.58397297263,65783.98531822562,0.6320485801204596,38296.59865474701,18,next_close
2020-04-07,103072.1055250585,65783.98531822562,0.6382326720029258,37288.120206832886,18,next_close
2020-04-08,104091.45687488913,65783.98531822562,0.6319825593112172,38307.47155666351,18,next_close
2020-04-09,104199.88859419226,65783.98531822562,0.6313249102829865,38415.903275966644,18,next_close
2020-04-13,105286.26678518653,65783.98531822562,0.6248106930454983,39502.28146696091,18,next_close
2020-04-14,107489.54559378028,65783.98531822562,0.6120035669964923,41705.56027555466,18,next_close
2020-04-15,107652.37285045981,65783.98531822562,0.6110778943034197,41868.38753223419,18,next_close
2020-04-16,109104.79925493598,65783.98531822562,0.6029430947809521,43320.81393671036,18,next_close
2020-04-17,110586.0888977468,65783.98531822562,0.5948667320991219,44802.10357952118,18,next_close
2020-04-20,111263.4340863645,65783.98531822562,0.5912453256400751,45479.448768138885,18,next_close
2020-04-21,108975.38055137992,65783.98531822562,0.6036591474641344,43191.3952331543,18,next_close
2020-04-22,111071.60012058615,65783.98531822562,0.5922664771805437,45287.614802360535,18,next_close
2020-04-23,110349.52222732901,65783.98531822562,0.5961420039744735,44565.53690910339,18,next_close
2020-04-24,111309.91381697058,65783.98531822562,0.590998439064428,45525.928498744965,18,next_close
2020-04-27,111506.32212690711,65783.98531822562,0.5899574487207625,45722.33680868149,18,next_close
2020-04-28,110495.00774053931,65783.98531822562,0.595357081404957,44711.02242231369,18,next_close
2020-04-29,111584.36440376639,65783.98531822562,0.5895448315696564,45800.37908554077,18,next_close
2020-04-30,110989.21791366934,65783.98531822562,0.5927060894274823,45205.232595443726,18,next_close
2020-05-01,109674.82938454031,18149.80640671133,0.16548743689470205,91525.02297782898,18,next_close
2020-05-04,112580.541447376,18149.80640671133,0.16121619396541248,94430.73504066467,18,next_close
2020-05-05,114203.97548744558,18149.80640671133,0.15892447114248254,96054.16908073425,18,next_close
2020-05-06,116757.06916687368,18149.80640671133,0.155449314857081,98607.26276016235,18,next_close
2020-05-07,118579.55601570486,18149.80640671133,0.1530601649774059,100429.74960899353,18,next_close
2020-05-08,121329.27951118826,18149.80640671133,0.14959131447770332,103179.47310447693,18,next_close
2020-05-11,125068.85086510061,18149.80640671133,0.1451185189691055,106919.04445838928,18,next_close
2020-05-12,122914.12743828176,18149.80640671133,0.14766249238375628,104764.32103157043,18,next_close
2020-05-13,123102.99015686392,18149.80640671133,0.14743595085370348,104953.18375015259,18,next_close
2020-05-14,123385.59549782156,18149.80640671133,0.14709825999933496,105235.78909111023,18,next_close
2020-05-15,126357.53205368399,18149.80640671133,0.14363850030720957,108207.72564697266,18,next_close
2020-05-18,128364.62814209341,18149.80640671133,0.14139258352869902,110214.82173538208,18,next_close
2020-05-19,126660.4262873876,18149.80640671133,0.1432950049096639,108510.61988067627,18,next_close
2020-05-20,127753.815174793,18149.80640671133,0.14206860579371922,109604.00876808167,18,next_close
2020-05-21,125814.8335921514,18149.80640671133,0.14425808061350529,107665.02718544006,18,next_close
2020-05-22,126879.31961319326,18149.80640671133,0.1430477910982119,108729.51320648193,18,next_close
2020-05-26,122558.24099800467,18149.80640671133,0.1480912769220213,104408.43459129333,18,next_close
2020-05-27,121361.64792511343,18149.80640671133,0.149551416918059,103211.8415184021,18,next_close
2020-05-28,122192.12398407339,18149.80640671133,0.14853499403183293,104042.31757736206,18,next_close
2020-05-29,126589.99767181753,18149.80640671133,0.14337472739168858,108440.1912651062,18,next_close
2020-06-01,126852.9356313145,990.6622119343092,0.007809533196879029,125862.27341938019,18,next_close
2020-06-02,127003.84369424937,990.6622119343092,0.007800253780659125,126013.18148231506,18,next_close
2020-06-03,125550.77310518382,990.6622119343092,0.007890530559332781,124560.11089324951,18,next_close
2020-06-04,123496.01629785655,990.6622119343092,0.008021815129201892,122505.35408592224,18,next_close
2020-06-05,124115.07066587565,990.6622119343092,0.007981804357999556,123124.40845394135,18,next_close
2020-06-08,125117.23037675975,990.6622119343092,0.007917871974556772,124126.56816482544,18,next_close
2020-06-09,125500.49876932261,990.6622119343092,0.007893691432694664,124509.8365573883,18,next_close
2020-06-10,128588.00312952159,990.6622119343092,0.00770415736945891,127597.34091758728,18,next_close
2020-06-11,123151.00668958781,990.6622119343092,0.008044288378667943,122160.3444776535,18,next_close
2020-06-12,125027.89702848552,990.6622119343092,0.007923529352082147,124037.23481655121,18,next_close
2020-06-15,129259.04932550548,990.6622119343092,0.007664161365132608,128268.38711357117,18,next_close
2020-06-16,130030.45927957652,990.6622119343092,0.007618693477074486,129039.79706764221,18,next_close
2020-06-17,129905.07089380382,990.6622119343092,0.007626047275276624,128914.4086818695,18,next_close
2020-06-18,131250.05430559276,990.6622119343092,0.007547899444123092,130259.39209365845,18,next_close
2020-06-19,132844.1491790211,990.6622119343092,0.007457326634681445,131853.4869670868,18,next_close
2020-06-22,134488.03913358806,990.6622119343092,0.007366173366170329,133497.37692165375,18,next_close
2020-06-23,134865.554088155,990.6622119343092,0.0073455540121591155,133874.8918762207,18,next_close
2020-06-24,133058.2700200474,990.6622119343092,0.007445326110019691,132067.6078081131,18,next_close
2020-06-25,134219.36757806895,990.6622119343092,0.00738091849045622,133228.70536613464,18,next_close
2020-06-26,132210.93696169017,990.6622119343092,0.007493042820060843,131220.27474975586,18,next_close
2020-06-29,133164.0837788975,990.6622119343092,0.007439409965671985,132173.4215669632,18,next_close
2020-06-30,136464.9878602421,990.6622119343092,0.00725946066802773,135474.3256483078,18,next_close
2020-07-01,138152.08868145104,6965.9932138836175,0.05042264131051755,131186.09546756744,18,next_close
2020-07-02,140572.20177196618,6965.9932138836175,0.049554557203164054,133606.20855808258,18,next_close
2020-07-06,142594.65926002618,6965.9932138836175,0.04885171190865496,135628.66604614258,18,next_close
2020-07-07,143608.77786277886,6965.9932138836175,0.04850673696659244,136642.78464889526,18,next_close
2020-07-08,146685.8568556225,6965.9932138836175,0.047489194685892515,139719.8636417389,18,next_close
2020-07-09,149024.14243244287,6965.9932138836175,0.04674405837994681,142058.14921855927,18,next_close
2020-07-10,149065.955447427,6965.9932138836175,0.046730946667030246,142099.9622335434,18,next_close
2020-07-13,144345.36485885736,6965.9932138836175,0.04825920957486269,137379.37164497375,18,next_close
2020-07-14,146205.35569976922,6965.9932138836175,0.047645267032407436,139239.36248588562,18,next_close
2020-07-15,146990.55117439386,6965.9932138836175,0.0473907551079182,140024.55796051025,18,next_close
2020-07-16,145426.1484205639,6965.9932138836175,0.04790055495204599,138460.1552066803,18,next_close
2020-07-17,148328.2740223324,6965.9932138836175,0.046963353816379026,141362.2808084488,18,next_close
2020-07-20,152612.80083393212,6965.9932138836175,0.04564488152906496,145646.80762004852,18,next_close
2020-07-21,149327.36983036157,6965.9932138836175,0.046649138880548856,142361.37661647797,18,next_close
2020-07-22,150077.85900043603,6965.9932138836175,0.04641586214168593,143111.86578655243,18,next_close
2020-07-23,145102.98314499017,6965.9932138836175,0.04800723639791086,138136.98993110657,18,next_close
2020-07-24,142799.28351425286,6965.9932138836175,0.048781709840920444,135833.29030036926,18,next_close
2020-07-27,148731.60848259088,6965.9932138836175,0.04683599730382121,141765.61526870728,18,next_close
2020-07-28,146876.12228130456,6965.9932138836175,0.047427676505116305,139910.12906742096,18,next_close
2020-07-29,150230.3981754696,6965.9932138836175,0.04636873294942156,143264.404961586,18,next_close
2020-07-30,151272.3450062191,6965.9932138836175,0.046049350352817174,144306.3517923355,18,next_close
2020-07-31,151056.5375711834,6965.9932138836175,0.046115138913474595,144090.5443572998,18,next_close
2020-08-03,156783.64851341603,11432.695357898448,0.07292020224239232,145350.95315551758,18,next_close
2020-08-04,159786.69130668996,11432.695357898448,0.07154973461434821,148353.9959487915,18,next_close
2020-08-05,162083.7990947759,11432.695357898448,0.07053570697225182,150651.10373687744,18,next_close
2020-08-06,159021.56736908315,11432.695357898448,0.0718939924127624,147588.8720111847,18,next_close
2020-08-07,155620.58098945973,11432.695357898448,0.07346518876364297,144187.88563156128,18,next_close
2020-08-10,152582.76940689443,11432.695357898448,0.07492782705634823,141150.07404899597,18,next_close
2020-08-11,148143.29792938588,11432.695357898448,0.07717322023806955,136710.60257148743,18,next_close
2020-08-12,153115.14952621816,11432.695357898448,0.07466730361609848,141682.4541683197,18,next_close
2020-08-13,155080.68184624074,11432.695357898448,0.07372095106748194,143647.98648834229,18,next_close
2020-08-14,154316.40773735402,11432.695357898448,0.0740860646351803,142883.71237945557,18,next_close
2020-08-17,160224.45928726552,11432.695357898448,0.0713542452179591,148791.76392936707,18,next_close
2020-08-18,162599.58782921193,11432.695357898448,0.07031195780094407,151166.89247131348,18,next_close
2020-08-19,163252.09871254323,11432.695357898448,0.07003092424575387,151819.40335464478,18,next_close
2020-08-20,165558.31922302602,11432.695357898448,0.0690553963796727,154125.62386512756,18,next_close
2020-08-21,164289.1722866094,11432.695357898448,0.06958885481481171,152856.47692871094,18,next_close
2020-08-24,163127.1251884496,11432.695357898448,0.07008457572393946,151694.42983055115,18,next_close
2020-08-25,165744.62182197926,11432.695357898448,0.06897777576263031,154311.9264640808,18,next_close
2020-08-26,170312.22442970632,11432.695357898448,0.0671278611748572,158879.52907180786,18,next_close
2020-08-27,168123.15678558705,11432.695357898448,0.06800190750926083,156690.4614276886,18,next_close
2020-08-28,169084.8546997106,11432.695357898448,0.06761513547858888,157652.15934181213,18,next_close
2020-08-31,173039.24515114186,11432.695357898448,0.06606995625710521,161606.5497932434,18,next_close
2020-09-01,177931.0402788007,3776.1265748822407,0.02122241610550591,174154.91370391846,18,next_close
2020-09-02,175218.5571779096,3776.1265748822407,0.021550951198896814,171442.43060302734,18,next_close
2020-09-03,162736.27766741154,3776.1265748822407,0.02320396305610241,158960.1510925293,18,next_close
2020-09-04,159070.23687685368,3776.1265748822407,0.02373873735918039,155294.11030197144,18,next_close
2020-09-08,150521.2436040723,3776.1265748822407,0.025087000907425924,146745.11702919006,18,next_close
2020-09-09,157285.45990503667,3776.1265748822407,0.024008109695340757,153509.33333015442,18,next_close
2020-09-10,154932.08057916997,3776.1265748822407,0.02437278684160346,151155.95400428772,18,next_close
2020-09-11,153528.19223154424,3776.1265748822407,0.024595655820575667,149752.065656662,18,next_close
2020-09-14,160049.96255052922,3776.1265748822407,0.023593423670374702,156273.83597564697,18,next_close
2020-09-15,163115.2525686109,3776.1265748822407,0.023150051975022356,159339.12599372864,18,next_close
2020-09-16,160186.10086191533,3776.1265748822407,0.02357337218749935,156409.97428703308,18,next_close
2020-09-17,157384.8904374921,3776.1265748822407,0.023992942171167243,153608.76386260986,18,next_close
2020-09-18,158743.47133386967,3776.1265748822407,0.02378760236973955,154967.34475898743,18,next_close
2020-09-21,161946.61572969792,3776.1265748822407,0.02331710704708336,158170.48915481567,18,next_close
2020-09-22,163524.70545709966,3776.1265748822407,0.023092086081591502,159748.5788822174,18,next_close
2020-09-23,158538.50222910283,3776.1265748822407,0.023818356561899314,154762.37565422058,18,next_close
2020-09-24,157591.09375322697,3776.1265748822407,0.02396154811131208,153814.96717834473,18,next_close
2020-09-25,163890.7107843244,3776.1265748822407,0.023040516187958437,160114.58420944214,18,next_close
2020-09-28,167830.32191980717,3776.1265748822407,0.022499668305984377,164054.19534492493,18,next_close
2020-09-29,168211.64603174565,3776.1265748822407,0.02244866312151534,164435.5194568634,18,next_close
2020-09-30,170280.34182299016,3776.1265748822407,0.022175939597347063,166504.2152481079,18,next_close
2020-10-01,175141.52754696246,34.064396938054415,0.00019449640193939946,175107.4631500244,18,next_close
2020-10-02,171722.03086574908,34.064396938054415,0.00019836940412547118,171687.96646881104,18,next_close
2020-10-05,176922.97227581378,34.064396938054415,0.00019253800962008358,176888.90787887573,18,next_close
2020-10-06,176067.45625789996,34.064396938054415,0.00019347355645416716,176033.3918609619,18,next_close
2020-10-07,180255.52139957782,34.064396938054415,0.0001889783828731817,180221.45700263977,18,next_close
2020-10-08,177933.15263660785,34.064396938054415,0.000191444913065886,177899.0882396698,18,next_close
2020-10-09,181721.06708057757,34.064396938054415,0.00018745430832711214,181687.00268363953,18,next_close
2020-10-12,181223.4197035634,34.064396938054415,0.00018796906599475566,181189.35530662537,18,next_close
2020-10-13,184720.7703791463,34.064396938054415,0.00018441021476976285,184686.70598220825,18,next_close
2020-10-14,182736.88196476336,34.064396938054415,0.00018641226977169807,182702.81756782532,18,next_close
2020-10-15,183805.07946499225,34.064396938054415,0.00018532892038243353,183771.0150680542,18,next_close
2020-10-16,183270.9238444173,34.064396938054415,0.00018586907417443056,183236.85944747925,18,next_close
2020-10-19,182733.744576534,34.064396938054415,0.00018641547031718214,182699.68017959595,18,next_close
2020-10-20,181939.01407726642,34.064396938054415,0.00018722975449118266,181904.94968032837,18,next_close
2020-10-21,175024.88275249835,34.064396938054415,0.00019462602346790128,174990.8183555603,18,next_close
2020-10-22,174249.80243786212,34.064396938054415,0.00019549173922422011,174215.73804092407,18,next_close
2020-10-23,175156.07150753375,34.064396938054415,0.00019448025206816337,175122.0071105957,18,next_close
2020-10-26,174171.40703686114,34.064396938054415,0.0001955797310108721,174137.3426399231,18,next_close
2020-10-27,174943.90081699725,34.064396938054415,0.0001947161163034086,174909.8364200592,18,next_close
2020-10-28,170569.35544880267,34.064396938054415,0.00019970994700908647,170535.29105186462,18,next_close
2020-10-29,170286.58070476886,34.064396938054415,0.00020004158165059946,170252.5163078308,18,next_close
2020-10-30,162528.23078831073,34.064396938054415,0.00020959064633160564,162494.16639137268,18,next_close
2020-11-02,164356.57039253114,905.267488402118,0.005507948275143956,163451.30290412903,18,next_close
2020-11-03,167874.26708881257,905.267488402118,0.005392532781234383,166968.99960041046,18,next_close
2020-11-04,174279.42425624726,905.267488402118,0.00519434518598754,173374.15676784515,18,next_close
2020-11-05,180884.02291862367,905.267488402118,0.005004684624962045,179978.75543022156,18,next_close
2020-11-06,181043.73929588197,905.267488402118,0.005000269503507263,180138.47180747986,18,next_close
2020-11-09,170953.6629857242,905.267488402118,0.005295396849599614,170048.39549732208,18,next_close
2020-11-10,165337.22028056977,905.267488402118,0.005475279473465927,164431.95279216766,18,next_close
2020-11-11,172020.03790084718,905.267488402118,0.005262569985735713,171114.77041244507,18,next_close
2020-11-12,173165.0337742984,905.267488402118,0.0052277730016906,172259.7662858963,18,next_close
2020-11-13,173742.7178925693,905.267488402118,0.005210390969950603,172837.45040416718,18,next_close
2020-11-16,173114.02633087037,905.267488402118,0.005229313346752695,172208.75884246826,18,next_close
2020-11-17,173723.03746311067,905.267488402118,0.005210981235544812,172817.76997470856,18,next_close
2020-11-18,172089.0652550876,905.267488402118,0.00526045909459872,171183.7977666855,18,next_close
2020-11-19,175437.62435619233,905.267488402118,0.005160053276622958,174532.35686779022,18,next_close
2020-11-20,177223.48342983125,905.267488402118,0.005108056059402218,176318.21594142914,18,next_close
2020-11-23,179027.29018966554,905.267488402118,0.005056589347037858,178122.02270126343,18,next_close
2020-11-24,179906.3939627826,905.267488402118,0.005031880571122956,179001.1264743805,18,next_close
2020-11-25,181884.5808943927,905.267488402118,0.0049771535550214765,180979.3134059906,18,next_close
2020-11-27,185736.7245682895,905.267488402118,0.004873928354805675,184831.4570798874,18,next_close
2020-11-30,183712.16365520356,905.267488402118,0.004927640447919121,182806.89616680145,18,next_close
2020-12-01,181203.77528547883,50.308034654852236,0.0002776323759016283,181153.46725082397,18,next_close
2020-12-02,183096.87861418366,50.308034654852236,0.00027476183666057924,183046.5705795288,18,next_close
2020-12-03,183920.97319578766,50.308034654852236,0.000273530711482797,183870.6651611328,18,next_close
2020-12-04,187479.93221068024,50.308034654852236,0.000268338237920412,187429.6241760254,18,next_close
2020-12-07,188293.65134596467,50.308034654852236,0.0002671786026519709,188243.3433113098,18,next_close
2020-12-08,192830.6144692862,50.308034654852236,0.0002608923629337147,192780.30643463135,18,next_close
2020-12-09,186036.18413710236,50.308034654852236,0.00027042069739388396,185985.8761024475,18,next_close
2020-12-10,188996.79965376496,50.308034654852236,0.00026618458485548255,188946.4916191101,18,next_close
2020-12-11,188943.87526106476,50.308034654852236,0.0002662591448669154,188893.5672264099,18,next_close
2020-12-14,188581.02022337556,50.308034654852236,0.0002667714629778862,188530.7121887207,18,next_close
2020-12-15,192737.68466353058,50.308034654852236,0.0002610181539882917,192687.37662887573,18,next_close
2020-12-16,193802.91223692536,50.308034654852236,0.00025958348135321274,193752.6042022705,18,next_close
2020-12-17,196389.27438139557,50.308034654852236,0.00025616487872526114,196338.96634674072,18,next_close
2020-12-18,197686.56934141755,50.308034654852236,0.0002544838267083637,197636.2613067627,18,next_close
2020-12-21,197086.53827070832,50.308034654852236,0.00025525860414551304,197036.23023605347,18,next_close
2020-12-22,197731.86246275544,50.308034654852236,0.0002544255337924013,197681.5544281006,18,next_close
2020-12-23,196512.4763658011,50.308034654852236,0.0002560042781263699,196462.16833114624,18,next_close
2020-12-24,198702.6829621756,50.308034654852236,0.0002531824628881771,198652.37492752075,18,next_close
2020-12-28,193651.11093306183,50.308034654852236,0.00025978696642872293,193600.80289840698,18,next_close
2020-12-29,196067.6715257132,50.308034654852236,0.00025658505690090075,196017.36349105835,18,next_close
2020-12-30,201852.36564039826,50.308034654852236,0.00024923183087423626,201802.0576057434,18,next_close
2020-12-31,201882.53897261262,50.308034654852236,0.0002491945807243737,201832.23093795776,18,next_close
2021-01-04,199324.56565392137,471.95095360399137,0.0023677510699981626,198852.61470031738,18,next_close
2021-01-05,207521.80279648423,471.95095360399137,0.0022742234658920716,207049.85184288025,18,next_close
2021-01-06,209532.04570496202,471.95095360399137,0.0022524046477765806,209060.09475135803,18,next_close
2021-01-07,216875.22849953294,471.95095360399137,0.0021761404327696548,216403.27754592896,18,next_close
2021-01-08,218102.40142738938,471.95095360399137,0.002163896181405014,217630.4504737854,18,next_close
2021-01-11,215090.7101508391,471.95095360399137,0.0021941949667329706,214618.7591972351,18,next_close
2021-01-12,217933.8895598662,471.95095360399137,0.002165569359392115,217461.9386062622,18,next_close
2021-01-13,216903.24628174424,471.95095360399137,0.0021758593367982863,216431.29532814026,18,next_close
2021-01-14,220622.8029986632,471.95095360399137,0.002139175766010239,220150.8520450592,18,next_close
2021-01-15,215159.4131938231,471.95095360399137,0.0021934943333334037,214687.46224021912,18,next_close
2021-01-19,222889.47657883287,471.95095360399137,0.0021174214271936207,222417.52562522888,18,next_close
2021-01-20,223895.5794135344,471.95095360399137,0.0021079065287497234,223423.62845993042,18,next_close
2021-01-21,225659.14293205857,471.95095360399137,0.002091432890649976,225187.1919784546,18,next_close
2021-01-22,224316.50153076768,471.95095360399137,0.002103951115425441,223844.5505771637,18,next_close
2021-01-25,224457.95228302598,471.95095360399137,0.0021026252302653718,223986.001329422,18,next_close
2021-01-26,218886.36677277207,471.95095360399137,0.002156145951720821,218414.4158191681,18,next_close
2021-01-27,208668.40555298448,471.95095360399137,0.0022617269363480854,208196.4545993805,18,next_close
2021-01-28,213734.85253441453,471.95095360399137,0.0022081141564312735,213262.90158081055,18,next_close
2021-01-29,207474.35215103746,471.95095360399137,0.0022747435946223363,207002.40119743347,18,next_close
2021-02-01,215081.39625797392,499.1108652126877,0.0023205673475080193,214582.28539276123,18,next_close
2021-02-02,219598.33590183378,499.1108652126877,0.002272835370828144,219099.2250366211,18,next_close
2021-02-03,222179.3289018643,499.1108652126877,0.002246432499727024,221680.2180366516,18,next_close
2021-02-04,226292.37765369535,499.1108652126877,0.002205601754631337,225793.26678848267,18,next_close
2021-02-05,228250.09734592558,499.1108652126877,0.002186684128577863,227750.9864807129,18,next_close
2021-02-08,232766.23354206205,499.1108652126877,0.002144258029257907,232267.12267684937,18,next_close
2021-02-09,232853.97141895414,499.1108652126877,0.002143450086641127,232354.86055374146,18,next_close
2021-02-10,232963.09052143217,499.1108652126877,0.0021424461020651273,232463.97965621948,18,next_close
2021-02-11,237290.452910043,499.1108652126877,0.0021033752478946174,236791.34204483032,18,next_close
2021-02-12,239814.88272342802,499.1108652126877,0.002081233906522385,239315.77185821533,18,next_close
2021-02-16,239242.5634294522,499.1108652126877,0.0020862126624047205,238743.4525642395,18,next_close
2021-02-17,235842.72056827665,499.1108652126877,0.002116286922106611,235343.60970306396,18,next_close
2021-02-18,232997.86491260648,499.1108652126877,0.0021421263469512722,232498.7540473938,18,next_close
2021-02-19,236775.97708377958,499.1108652126877,0.0021079455414350795,236276.8662185669,18,next_close
2021-02-22,226160.1238046658,499.1108652126877,0.0022068915457606007,225661.01293945312,18,next_close
2021-02-23,225229.13031253935,499.1108652126877,0.0022160138189944445,224730.01944732666,18,next_close
2021-02-24,229035.81052646757,499.1108652126877,0.002179182652989586,228536.69966125488,18,next_close
2021-02-25,218409.04616413236,499.1108652126877,0.0022852115055601247,217909.93529891968,18,next_close
2021-02-26,222898.66641101957,499.1108652126877,0.0022391828235182876,222399.55554580688,18,next_close
2021-03-01,233306.1830721772,1337.1599627411597,0.005731352444814918,231969.02310943604,18,next_close
2021-03-02,227492.86587628486,1337.1599627411597,0.005877810530851257,226155.7059135437,18,next_close
2021-03-03,218626.10846814277,1337.1599627411597,0.006116195234458947,217288.9485054016,18,next_close
2021-03-04,209246.5050593293,1337.1599627411597,0.006390357451189085,207909.34509658813,18,next_close
2021-03-05,213884.49675473335,1337.1599627411597,0.006251785346903914,212547.3367919922,18,next_close
2021-03-08,203802.41124829414,1337.1599627411597,0.006561060561310468,202465.25128555298,18,next_close
2021-03-09,216610.29723462227,1337.1599627411597,0.006173113558367956,215273.1372718811,18,next_close
2021-03-10,213136.02156933906,1337.1599627411597,0.006273739900442612,211798.8616065979,18,next_close
2021-03-11,222559.08739575508,1337.1599627411597,0.006008112175457562,221221.92743301392,18,next_close
2021-03-12,220096.7709475434,1337.1599627411597,0.006075327488833767,218759.61098480225,18,next_close
2021-03-15,223060.78164776924,1337.1599627411597,0.005994599108204695,221723.62168502808,18,next_close
2021-03-16,223071.96940716865,1337.1599627411597,0.005994298460244771,221734.8094444275,18,next_close
2021-03-17,223491.9292956269,1337.1599627411597,0.005983034675817817,222154.76933288574,18,next_close
2021-03-18,214643.16413220527,1337.1599627411597,0.0062296880878888,213306.0041694641,18,next_close
2021-03-19,217042.03668316963,1337.1599627411597,0.006160834017113003,215704.87672042847,18,next_close
2021-03-22,219778.83586987617,1337.1599627411597,0.006084116140886505,218441.675907135,18,next_close
2021-03-23,215428.38631161812,1337.1599627411597,0.0062069812880042275,214091.22634887695,18,next_close
2021-03-24,209861.2261973298,1337.1599627411597,0.006371638949082693,208524.06623458862,18,next_close
2021-03-25,210878.00066861275,1337.1599627411597,0.006340917300531784,209540.84070587158,18,next_close
2021-03-26,218999.6431895173,1337.1599627411597,0.00610576320247249,217662.48322677612,18,next_close
2021-03-29,214728.89756878975,1337.1599627411597,0.006227200800082309,213391.73760604858,18,next_close
2021-03-30,216869.40060528877,1337.1599627411597,0.006165738269249177,215532.2406425476,18,next_close
2021-03-31,221067.4594393647,1337.1599627411597,0.006048651240360056,219730.29947662354,18,next_close
2021-04-01,228061.42344792964,8986.287093483232,0.03940292469293894,219075.1363544464,18,next_close
2021-04-05,230124.75671132686,8986.287093483232,0.03904963212956619,221138.46961784363,18,next_close
2021-04-06,229865.56145413997,8986.287093483232,0.03909366429940863,220879.27436065674,18,next_close
2021-04-07,228444.16462644222,8986.287093483232,0.03933690802817327,219457.87753295898,18,next_close
2021-04-08,233150.00405057552,8986.287093483232,0.03854294204315734,224163.71695709229,18,next_close
2021-04-09,233683.89815839412,8986.287093483232,0.03845488355980866,224697.6110649109,18,next_close
2021-04-12,230373.4972337115,8986.287093483232,0.039007469181086996,221387.21014022827,18,next_close
2021-04-13,229271.8214372027,8986.287093483232,0.03919490427193455,220285.53434371948,18,next_close
2021-04-14,230618.508555733,8986.287093483232,0.03896602727058023,221632.22146224976,18,next_close
2021-04-15,231290.43065198543,8986.287093483232,0.03885282701991498,222304.1435585022,18,next_close
2021-04-16,233793.1621316302,8986.287093483232,0.03843691154843858,224806.87503814697,18,next_close
2021-04-19,234044.56693967464,8986.287093483232,0.03839562358138167,225058.2798461914,18,next_close
2021-04-20,225421.86748250606,8986.287093483232,0.039864309500410894,216435.58038902283,18,next_close
2021-04-21,229130.95454915645,8986.287093483232,0.03921900081621388,220144.66745567322,18,next_close
2021-04-22,227033.95415433528,8986.287093483232,0.03958124733789576,218047.66706085205,18,next_close
2021-04-23,233593.3582833636,8986.287093483232,0.03846978852276396,224607.07118988037,18,next_close
2021-04-26,236144.57660421016,8986.287093483232,0.03805417521209766,227158.28951072693,18,next_close
2021-04-27,236651.77852376582,8986.287093483232,0.03797261592344543,227665.4914302826,18,next_close
2021-04-28,236493.8475564349,8986.287093483232,0.03799797409672072,227507.56046295166,18,next_close
2021-04-29,236381.45440801265,8986.287093483232,0.038016041131434135,227395.16731452942,18,next_close
2021-04-30,232011.69808133724,8986.287093483232,0.038732043115915965,223025.410987854,18,next_close
2021-05-03,232413.7490207398,20049.37874714972,0.08626588931001919,212364.3702735901,18,next_close
2021-05-04,232909.84323994757,20049.37874714972,0.08608214435357513,212860.46449279785,18,next_close
2021-05-05,233058.0919353211,20049.37874714972,0.08602738733789117,213008.7131881714,18,next_close
2021-05-06,233737.0141078675,20049.37874714972,0.08577750864010403,213687.63536071777,18,next_close
2021-05-07,236892.34094349982,20049.37874714972,0.08463498088328492,216842.9621963501,18,next_close
2021-05-10,231562.9172908509,20049.37874714972,0.08658285610544031,211513.53854370117,18,next_close
2021-05-11,228375.02336995245,20049.37874714972,0.0877914688362004,208325.64462280273,18,next_close
2021-05-12,216939.67087285162,20049.37874714972,0.09241914430164626,196890.2921257019,18,next_close
2021-05-13,220975.1142703736,20049.37874714972,0.0907313876195957,200925.73552322388,18,next_close
2021-05-14,226053.8251849854,20049.37874714972,0.08869294173961807,206004.4464378357,18,next_close
2021-05-17,225190.2112323487,20049.37874714972,0.08903308290990944,205140.83248519897,18,next_close
2021-05-18,222992.92153660895,20049.37874714972,0.08991038194841622,202943.54278945923,18,next_close
2021-05-19,221962.59967534186,20049.37874714972,0.09032773438622252,201913.22092819214,18,next_close
2021-05-20,224623.39251057745,20049.37874714972,0.08925775059783946,204574.01376342773,18,next_close
2021-05-21,223706.50756566168,20049.37874714972,0.08962358299418216,203657.12881851196,18,next_close
2021-05-24,227167.88441197516,20049.37874714972,0.08825798065183203,207118.50566482544,18,next_close
2021-05-25,228391.76043049933,20049.37874714972,0.08778503528042483,208342.3816833496,18,next_close
2021-05-26,231046.55447880866,20049.37874714972,0.08677635895664754,210997.17573165894,18,next_close
2021-05-27,231608.55962102057,20049.37874714972,0.08656579350934342,211559.18087387085,18,next_close
2021-05-28,230582.3521281922,20049.37874714972,0.08695105484917282,210532.97338104248,18,next_close
2021-06-01,232877.69793573025,14886.752426773335,0.06392519575181387,217990.9455089569,18,next_close
2021-06-02,231751.56195512417,14886.752426773335,0.06423582348780878,216864.80952835083,18,next_close
2021-06-03,229914.80162110928,14886.752426773335,0.0647489953748438,215028.04919433594,18,next_close
2021-06-04,232761.82708421352,14886.752426773335,0.06395701826737805,217875.0746574402,18,next_close
2021-06-07,232672.99183717373,14886.752426773335,0.06398143724902629,217786.2394104004,18,next_close
2021-06-08,233372.85331979397,14886.752426773335,0.06378956341753177,218486.10089302063,18,next_close
2021-06-09,231562.19529977444,14886.752426773335,0.06428835418277724,216675.4428730011,18,next_close
2021-06-10,232120.13756433132,14886.752426773335,0.06413382562573883,217233.38513755798,18,next_close
2021-06-11,233980.6560789645,14886.752426773335,0.06362385966534477,219093.90365219116,18,next_close
2021-06-14,233055.60991922024,14886.752426773335,0.06387639598949477,218168.8574924469,18,next_close
2021-06-15,231577.8894621432,14886.752426773335,0.06428399732525812,216691.13703536987,18,next_close
2021-06-16,229932.47886911037,14886.752426773335,0.06474401746108976,215045.72644233704,18,next_close
2021-06-17,227881.01212945583,14886.752426773335,0.0653268663661911,212994.2597026825,18,next_close
2021-06-18,223659.92676225308,14886.752426773335,0.06655976616945652,208773.17433547974,18,next_close
2021-06-21,228251.98130288723,14886.752426773335,0.06522069312081379,213365.2288761139,18,next_close
2021-06-22,229707.40390458706,14886.752426773335,0.06480745580563352,214820.65147781372,18,next_close
2021-06-23,230701.25063577297,14886.752426773335,0.0645282692909033,215814.49820899963,18,next_close
2021-06-24,232609.5419737399,14886.752426773335,0.06399888972935579,217722.78954696655,18,next_close
2021-06-25,232966.0801149905,14886.752426773335,0.06390094394611152,218079.32768821716,18,next_close
2021-06-28,233739.37069574,14886.752426773335,0.06368953754971605,218852.61826896667,18,next_close
2021-06-29,234362.8404299319,14886.752426773335,0.06352010583019055,219476.08800315857,18,next_close
2021-06-30,234911.52886071804,14886.752426773335,0.0633717404121101,220024.7764339447,18,next_close
2021-07-01,235423.69602974533,9776.794967733633,0.04152850852574481,225646.90106201172,18,next_close
2021-07-02,236342.63605698227,9776.794967733633,0.041367038680978595,226565.84108924866,18,next_close
2021-07-06,233458.1853295195,9776.794967733633,0.04187814170633584,223681.3903617859,18,next_close
2021-07-07,231804.79478462815,9776.794967733633,0.042176845292684034,222027.99981689453,18,next_close
2021-07-08,227787.03047379135,9776.794967733633,0.042920770982431015,218010.23550605774,18,next_close
2021-07-09,231095.9120255339,9776.794967733633,0.04230622204452232,221319.1170578003,18,next_close
2021-07-12,233802.97239502548,9776.794967733633,0.04181638440085824,224026.17742729187,18,next_close
2021-07-13,231461.61802300095,9776.794967733633,0.04223937882764687,221684.82305526733,18,next_close
2021-07-14,229081.55420883774,9776.794967733633,0.0426782287273152,219304.75924110413,18,next_close
2021-07-15,226885.76431473374,9776.794967733633,0.043091266643646084,217108.96934700012,18,next_close
2021-07-16,222014.80938538193,9776.794967733633,0.04403667933143456,212238.01441764832,18,next_close
2021-07-19,221481.70043572068,9776.794967733633,0.04414267611500072,211704.90546798706,18,next_close
2021-07-20,225745.763517462,9776.794967733633,0.04330887461804958,215968.9685497284,18,next_close
2021-07-21,232756.6233197081,9776.794967733633,0.04200436846131977,222979.8283519745,18,next_close
2021-07-22,233272.62376221298,9776.794967733633,0.0419114545464179,223495.82879447937,18,next_close
2021-07-23,234169.22801025986,9776.794967733633,0.041750980907300395,224392.43304252625,18,next_close
2021-07-26,233513.77166756272,9776.794967733633,0.04186817290438945,223736.9766998291,18,next_close
2021-07-27,227739.53656777024,9776.794967733633,0.042929721887900105,217962.74160003662,18,next_close
2021-07-28,231621.8362027037,9776.794967733633,0.04221016087264534,221845.0412349701,18,next_close
2021-07-29,233761.70222672104,9776.794967733633,0.04182376700119725,223984.90725898743,18,next_close
2021-07-30,233949.05367859482,9776.794967733633,0.04179027362583498,224172.2587108612,18,next_close
2021-08-02,235499.80914613843,14858.424685689231,0.06309314958497014,220641.38446044922,18,next_close
2021-08-03,237832.94474336744,14858.424685689231,0.06247420727066281,222974.52005767822,18,next_close
2021-08-04,239407.08911058545,14858.424685689231,0.06206342820043194,224548.66442489624,18,next_close
2021-08-05,240784.79055711866,14858.424685689231,0.06170831908157644,225926.36587142944,18,next_close
2021-08-06,239929.1685592854,14858.424685689231,0.06192837984189397,225070.7438735962,18,next_close
2021-08-09,240695.94252321363,14858.424685689231,0.06173109745818099,225837.5178375244,18,next_close
2021-08-10,240828.13768312574,14858.424685689231,0.06169721208092175,225969.71299743652,18,next_close
2021-08-11,241233.60515520215,14858.424685689231,0.061593510888044746,226375.18046951294,18,next_close
2021-08-12,241566.3490936482,14858.424685689231,0.06150866932185598,226707.92440795898,18,next_close
2021-08-13,242665.73242113233,14858.424685689231,0.06123000778660951,227807.30773544312,18,next_close
2021-08-16,242516.30126497388,14858.424685689231,0.061267735851928906,227657.87657928467,18,next_close
2021-08-17,237006.20057603956,14858.424685689231,0.06269213484531663,222147.77589035034,18,next_close
2021-08-18,234655.26808855176,14858.424685689231,0.06332022633338925,219796.84340286255,18,next_close
2021-08-19,233884.32115862012,14858.424685689231,0.06352894718245035,219025.8964729309,18,next_close
2021-08-20,237029.9056045735,14858.424685689231,0.06268586509280767,222171.48091888428,18,next_close
2021-08-23,241364.56507799268,14858.424685689231,0.06156009139489053,226506.14039230347,18,next_close
2021-08-24,243352.92229005933,14858.424685689231,0.061057104002963436,228494.49760437012,18,next_close
2021-08-25,245195.39105150342,14858.424685689231,0.06059830334481373,230336.9663658142,18,next_close
2021-08-26,243501.6371681416,14858.424685689231,0.061019814316193945,228643.2124824524,18,next_close
2021-08-27,248141.00259325147,14858.424685689231,0.0598789580537196,233282.57790756226,18,next_close
2021-08-30,247876.10012743116,14858.424685689231,0.05994295003855003,233017.67544174194,18,next_close
2021-08-31,245918.87036821485,14858.424685689231,0.06042002658617324,231060.44568252563,18,next_close
2021-09-01,245761.86367782718,4657.906032410934,0.018952924439558497,241103.95764541626,18,next_close
2021-09-02,246033.20748504763,4657.906032410934,0.018932021738138793,241375.30145263672,18,next_close
2021-09-03,248235.1659029401,4657.906032410934,0.018764086125622404,243577.25987052917,18,next_close
2021-09-07,246282.51559814578,4657.906032410934,0.018912857135222484,241624.60956573486,18,next_close
2021-09-08,244187.61426910525,4657.906032410934,0.019075111759262783,239529.70823669434,18,next_close
2021-09-09,244928.36188873416,4657.906032410934,0.01901742205962625,240270.45585632324,18,next_close
2021-09-10,242206.06929954654,4657.906032410934,0.019231169746825393,237548.16326713562,18,next_close
2021-09-13,240943.94459518557,4657.906032410934,0.019331907428662583,236286.03856277466,18,next_close
2021-09-14,243949.42646965152,4657.906032410934,0.019093736352728832,239291.5204372406,18,next_close
2021-09-15,246801.6248606122,4657.906032410934,0.018873076848831976,242143.7188282013,18,next_close
2021-09-16,248516.0798128522,4657.906032410934,0.018742875857041614,243858.17378044128,18,next_close
2021-09-17,246598.76726707583,4657.906032410934,0.0188886022587706,241940.86123466492,18,next_close
2021-09-20,242360.63525566226,4657.906032410934,0.019218905031740757,237702.72922325134,18,next_close
2021-09-21,243843.79460701114,4657.906032410934,0.01910200765993578,239185.88857460022,18,next_close
2021-09-22,247486.79579719668,4657.906032410934,0.018820826450183063,242828.88976478577,18,next_close
2021-09-23,250819.88180145388,4657.906032410934,0.018570720945072762,246161.97576904297,18,next_close
2021-09-24,248584.82516273623,4657.906032410934,0.018737692573799036,243926.91913032532,18,next_close
2021-09-27,244702.58365425235,4657.906032410934,0.019034968747989312,240044.67762184143,18,next_close
2021-09-28,236077.74161705142,4657.906032410934,0.01973039050825325,231419.8355846405,18,next_close
2021-09-29,235556.69671234256,4657.906032410934,0.019774033586907876,230898.79067993164,18,next_close
2021-09-30,234481.09175666934,4657.906032410934,0.019864740468048633,229823.18572425842,18,next_close
2021-10-01,237049.32696591504,7881.921026812875,0.03325013037453679,229167.40593910217,18,next_close
2021-10-04,230963.37575017102,7881.921026812875,0.03412628084956036,223081.45472335815,18,next_close
2021-10-05,232712.13510571606,7881.921026812875,0.033869832457307354,224830.2140789032,18,next_close
2021-10-06,233281.57617055066,7881.921026812875,0.03378715608921664,225399.6551437378,18,next_close
2021-10-07,236083.15213833936,7881.921026812875,0.03338620717074402,228201.2311115265,18,next_close
2021-10-08,233006.89004193433,7881.921026812875,0.0338269869418641,225124.96901512146,18,next_close
2021-10-11,231733.6381078828,7881.921026812875,0.03401284807492417,223851.71708106995,18,next_close
2021-10-12,232993.95972310193,7881.921026812875,0.03382886421682357,225112.03869628906,18,next_close
2021-10-13,237482.594790088,7881.921026812875,0.03318946819567869,229600.67376327515,18,next_close
2021-10-14,240669.72968541272,7881.921026812875,0.032749947561397076,232787.80865859985,18,next_close
2021-10-15,239752.43540059216,7881.921026812875,0.03287524906115472,231870.5143737793,18,next_close
2021-10-18,241950.56700001843,7881.921026812875,0.032576575969802436,234068.64597320557,18,next_close
2021-10-19,242660.6200624574,7881.921026812875,0.03248125313775338,234778.69903564453,18,next_close
2021-10-20,242494.66986142285,7881.921026812875,0.032503481545871155,234612.74883460999,18,next_close
2021-10-21,245900.2613893617,7881.921026812875,0.03205332512572054,238018.34036254883,18,next_close
2021-10-22,246823.0426241029,7881.921026812875,0.03193348944659345,238941.12159729004,18,next_close
2021-10-25,247842.32576237805,7881.921026812875,0.03180215890311555,239960.4047355652,18,next_close
2021-10-26,246955.05217991956,7881.921026812875,0.031916419434377424,239073.1311531067,18,next_close
2021-10-27,244753.34747754224,7881.921026812875,0.032203526971315864,236871.42645072937,18,next_close
2021-10-28,248977.67523060925,7881.921026812875,0.031657139619094145,241095.7542037964,18,next_close
2021-10-29,253052.70797406323,7881.921026812875,0.031147349063819295,245170.78694725037,18,next_close
2021-11-01,254989.58699824463,5299.077482482291,0.02078154463036473,249690.50951576233,18,next_close
2021-11-02,256137.3649599756,5299.077482482291,0.020688420384547695,250838.2874774933,18,next_close
2021-11-03,258011.34056307923,5299.077482482291,0.020538157241141733,252712.26308059692,18,next_close
2021-11-04,262222.9461806024,5299.077482482291,0.02020829053927502,256923.86869812012,18,next_close
2021-11-05,265877.28808047425,5299.077482482291,0.019930538334956976,260578.21059799194,18,next_close
2021-11-08,268404.46546198975,5299.077482482291,0.01974288122726007,263105.38797950745,18,next_close
2021-11-09,266118.999651214,5299.077482482291,0.01991243575027514,260819.9221687317,18,next_close
2021-11-10,259420.22300364624,5299.077482482291,0.020426616788498445,254121.14552116394,18,next_close
2021-11-11,262024.32736994873,5299.077482482291,0.020223608760573566,256725.24988746643,18,next_close
2021-11-12,264016.7745211328,5299.077482482291,0.02007098788360561,258717.6970386505,18,next_close
2021-11-15,262707.1162188257,5299.077482482291,0.020171046596500826,257408.03873634338,18,next_close
2021-11-16,266798.41006114136,5299.077482482291,0.01986172811625046,261499.33257865906,18,next_close
2021-11-17,265527.13580729614,5299.077482482291,0.019956820858897252,260228.05832481384,18,next_close
2021-11-18,267393.56798960816,5299.077482482291,0.019817520377633884,262094.49050712585,18,next_close
2021-11-19,269715.7246840204,5299.077482482291,0.019646898558437074,264416.6472015381,18,next_close
2021-11-22,263825.01200701843,5299.077482482291,0.020085576580363508,258525.93452453613,18,next_close
2021-11-23,258777.06167246948,5299.077482482291,0.02047738485101612,253477.98418998718,18,next_close
2021-11-24,261594.46246173035,5299.077482482291,0.020256841190808898,256295.38497924805,18,next_close
2021-11-26,256760.819175979,5299.077482482291,0.020638185761708464,251461.7416934967,18,next_close
2021-11-29,260931.76529528748,5299.077482482291,0.020308288170608542,255632.68781280518,18,next_close
2021-11-30,253501.8382284845,5299.077482482291,0.020903507128442057,248202.7607460022,18,next_close
2021-12-01,243840.63648392804,1924.1754110062902,0.00789111871897987,241916.46107292175,18,next_close
2021-12-02,246877.65245797284,1924.1754110062902,0.0077940445068589255,244953.47704696655,18,next_close
2021-12-03,240180.0794694627,1924.1754110062902,0.008011386353342165,238255.90405845642,18,next_close
2021-12-06,237475.10081841596,1924.1754110062902,0.008102640674222096,235550.92540740967,18,next_close
2021-12-07,247872.787700435,1924.1754110062902,0.007762753745004633,245948.6122894287,18,next_close
2021-12-08,248741.40597893842,1924.1754110062902,0.007735645794207721,246817.23056793213,18,next_close
2021-12-09,242524.5160043443,1924.1754110062902,0.007933941865785736,240600.340593338,18,next_close
2021-12-10,242799.81059815534,1924.1754110062902,0.00792494609557537,240875.63518714905,18,next_close
2021-12-13,237722.3556287492,1924.1754110062902,0.008094213124874437,235798.18021774292,18,next_close
2021-12-14,233882.17749573835,1924.1754110062902,0.00822711431717088,231958.00208473206,18,next_close
2021-12-15,242032.59300973066,1924.1754110062902,0.007950067332166832,240108.41759872437,18,next_close
2021-12-16,232023.51115967878,1924.1754110062902,0.008293019105646027,230099.33574867249,18,next_close
2021-12-17,232794.48134781964,1924.1754110062902,0.00826555423421472,230870.30593681335,18,next_close
2021-12-20,229347.6468637193,1924.1754110062902,0.008389776120745004,227423.471452713,18,next_close
2021-12-21,239318.52949883588,1924.1754110062902,0.008040227453493734,237394.3540878296,18,next_close
2021-12-22,241513.58227898725,1924.1754110062902,0.007967151962424856,239589.40686798096,18,next_close
2021-12-23,244100.94009377607,1924.1754110062902,0.007882703812066768,242176.76468276978,18,next_close
2021-12-27,250496.71300866254,1924.1754110062902,0.007681439759809341,248572.53759765625,18,next_close
2021-12-28,246076.93184449323,1924.1754110062902,0.007819405893041045,244152.75643348694,18,next_close
2021-12-29,246464.93047692426,1924.1754110062902,0.007807096154746627,244540.75506591797,18,next_close
2021-12-30,244025.21468712934,1924.1754110062902,0.00788514995662773,242101.03927612305,18,next_close
2021-12-31,244233.18271615155,1924.1754110062902,0.007878435639282366,242309.00730514526,18,next_close
2022-01-03,244260.45874672063,4677.278509904216,0.019148733830694206,239583.1802368164,18,next_close
2022-01-04,241705.97541313298,4677.278509904216,0.019351108312111998,237028.69690322876,18,next_close
2022-01-05,231262.2722843183,4677.278509904216,0.020224995904882744,226584.99377441406,18,next_close
2022-01-06,231423.70213585027,4677.278509904216,0.02021088793730627,226746.42362594604,18,next_close
2022-01-07,225640.74662284978,4677.278509904216,0.020728873574071775,220963.46811294556,18,next_close
2022-01-10,226685.041365434,4677.278509904216,0.020633379607806045,222007.76285552979,18,next_close
2022-01-11,229292.2892787946,4677.278509904216,0.02039876057156528,224615.01076889038,18,next_close
2022-01-12,231111.7520282758,4677.278509904216,0.020238168197227655,226434.47351837158,18,next_close
2022-01-13,224491.61790351995,4677.278509904216,0.02083498062682401,219814.33939361572,18,next_close
2022-01-14,226868.01232795842,4677.278509904216,0.020616738613387166,222190.7338180542,18,next_close
2022-01-18,219552.50012474187,4677.278509904216,0.021303690494286123,214875.22161483765,18,next_close
2022-01-19,213406.10839729436,4677.278509904216,0.021917266309906227,208728.82988739014,18,next_close
2022-01-20,208377.26092033513,4677.278509904216,0.022446204011158346,203699.9824104309,18,next_close
2022-01-21,202565.0915496839,4677.278509904216,0.02309024952977647,197887.81303977966,18,next_close
2022-01-24,206718.08108978398,4677.278509904216,0.022626363815135893,202040.80257987976,18,next_close
2022-01-25,199532.83808784612,4677.278509904216,0.023441146603873805,194855.5595779419,18,next_close
2022-01-26,200513.3858440412,4677.278509904216,0.023326515036468393,195836.10733413696,18,next_close
2022-01-27,193957.39531021245,4677.278509904216,0.024114978974756025,189280.11680030823,18,next_close
2022-01-28,198284.38645057805,4677.278509904216,0.023588738345114314,193607.10794067383,18,next_close
2022-01-31,208293.71808509954,4677.278509904216,0.022455206776775132,203616.4395751953,18,next_close
2022-02-01,210453.4750415767,105312.98222655899,0.5004098041420015,105140.4928150177,18,next_close
2022-02-02,212066.53679580337,105312.98222655899,0.4966034897243771,106753.55456924438,18,next_close
2022-02-03,209297.1690990413,105312.98222655899,0.50317442266371,103984.1868724823,18,next_close
2022-02-04,209738.14112205154,105312.98222655899,0.5021165042426637,104425.15889549255,18,next_close
2022-02-07,210508.8594352687,105312.98222655899,0.5002781474807365,105195.87720870972,18,next_close
2022-02-08,212109.91412467606,105312.98222655899,0.4965019323173036,106796.93189811707,18,next_close
2022-02-09,214440.4465763057,105312.98222655899,0.4911059639538887,109127.4643497467,18,next_close
2022-02-10,212429.84439963943,105312.98222655899,0.4957541748627188,107116.86217308044,18,next_close
2022-02-11,211052.5426952327,105312.98222655899,0.49898940274145215,105739.5604686737,18,next_close
2022-02-14,210473.50983924515,105312.98222655899,0.5003621705505583,105160.52761268616,18,next_close
2022-02-15,212308.56744498856,105312.98222655899,0.49603736436046897,106995.58521842957,18,next_close
2022-02-16,213093.79586333878,105312.98222655899,0.49420951839488686,107780.81363677979,18,next_close
2022-02-17,211072.17454452164,105312.98222655899,0.4989429916748464,105759.19231796265,18,next_close
2022-02-18,210744.28662223465,105312.98222655899,0.4997192754996752,105431.30439567566,18,next_close
2022-02-22,209027.5514690364,105312.98222655899,0.503823450480207,103714.56924247742,18,next_close
2022-02-23,207703.69450301773,105312.98222655899,0.5070347086437064,102390.71227645874,18,next_close
2022-02-24,209837.18812675125,105312.98222655899,0.5018794960354936,104524.20590019226,18,next_close
2022-02-25,212873.8683540309,105312.98222655899,0.4947201036973349,107560.88612747192,18,next_close
2022-02-28,213128.12253493912,105312.98222655899,0.49412992041580306,107815.14030838013,18,next_close
2022-03-01,210157.99374556186,105413.51212668065,0.5015917322388637,104744.48161888123,18,next_close
2022-03-02,213704.0918939078,105413.51212668065,0.4932685714741138,108290.57976722717,18,next_close
2022-03-03,213953.24859594944,105413.51212668065,0.4926941414465456,108539.7364692688,18,next_close
2022-03-04,215540.79044317844,105413.51212668065,0.48906525725333694,110127.2783164978,18,next_close
2022-03-07,212823.29710745456,105413.51212668065,0.49531002272489616,107409.78498077393,18,next_close
2022-03-08,211865.45203947666,105413.51212668065,0.4975493225154947,106451.93991279602,18,next_close
2022-03-09,212677.95286154392,105413.51212668065,0.4956485179039983,107264.44073486328,18,next_close
2022-03-10,214786.80371832493,105413.51212668065,0.49078206994933327,109373.29159164429,18,next_close
2022-03-11,213795.43988012912,105413.51212668065,0.4930578135145629,108381.92775344849,18,next_close
2022-03-14,210460.6865613425,105413.51212668065,0.5008703233321251,105047.17443466187,18,next_close
2022-03-15,211212.22736715915,105413.51212668065,0.49908811360355515,105798.71524047852,18,next_close
2022-03-16,212785.8863561118,105413.51212668065,0.49539710519270014,107372.37422943115,18,next_close
2022-03-17,216221.67913031223,105413.51212668065,0.48752517578568133,110808.16700363159,18,next_close
2022-03-18,217538.98174643161,105413.51212668065,0.48457297758961215,112125.46961975098,18,next_close
2022-03-21,220613.97956061008,105413.51212668065,0.47781882334306025,115200.46743392944,18,next_close
2022-03-22,220687.49231314304,105413.51212668065,0.47765965810651767,115273.9801864624,18,next_close
2022-03-23,221626.36785864475,105413.51212668065,0.4756361490069373,116212.85573196411,18,next_close
2022-03-24,223965.50610708835,105413.51212668065,0.47066851480369276,118551.99398040771,18,next_close
2022-03-25,225855.8796651328,105413.51212668065,0.4667291030145991,120442.36753845215,18,next_close
2022-03-28,223166.44182181003,105413.51212668065,0.47235377893800606,117752.9296951294,18,next_close
2022-03-29,222148.69714712742,105413.51212668065,0.47451780487763145,116735.18502044678,18,next_close
2022-03-30,221919.9533231223,105413.51212668065,0.4750069137460359,116506.44119644165,18,next_close
2022-03-31,220726.37441229465,105413.51212668065,0.4775755158727829,115312.86228561401,18,next_close
2022-04-01,220572.85471823337,33758.60588934543,0.15304968479675218,186814.24882888794,18,next_close
2022-04-04,220280.43257620456,33758.60588934543,0.15325285816145684,186521.82668685913,18,next_close
2022-04-05,217671.01376440647,33758.60588934543,0.15509003842782504,183912.40787506104,18,next_close
2022-04-06,217486.25690558078,33758.60588934543,0.1552217890438997,183727.65101623535,18,next_close
2022-04-07,219360.84061911228,33758.60588934543,0.1538953160193358,185602.23472976685,18,next_close
2022-04-08,221424.51256659153,33758.60588934543,0.15246101480834387,187665.9066772461,18,next_close
2022-04-11,218290.5032701743,33758.60588934543,0.15464990635695683,184531.89738082886,18,next_close
2022-04-12,219740.09035971286,33758.60588934543,0.15362970787025185,185981.48447036743,18,next_close
2022-04-13,221967.62041952732,33758.60588934543,0.15208797492868723,188209.01453018188,18,next_close
2022-04-14,221993.46519568088,33758.60588934543,0.15207026864321518,188234.85930633545,18,next_close
2022-04-18,223820.43150045993,33758.60588934543,0.15082897331147385,190061.8256111145,18,next_close
2022-04-19,223829.84933951023,33758.60588934543,0.15082262704890448,190071.2434501648,18,next_close
2022-04-20,223823.69072821262,33758.60588934543,0.15082677700252137,190065.0848388672,18,next_close
2022-04-21,215955.3219042075,33758.60588934543,0.1563221762338412,182196.71601486206,18,next_close
2022-04-22,210587.23299505832,33758.60588934543,0.16030699206792662,176828.6271057129,18,next_close
2022-04-25,206798.64302160862,33758.60588934543,0.16324384626555774,173040.03713226318,18,next_close
2022-04-26,204341.082482363,33758.60588934543,0.16520714033243505,170582.47659301758,18,next_close
2022-04-27,206140.53321936252,33758.60588934543,0.16376500711493516,172381.9273300171,18,next_close
2022-04-28,208780.1777925742,33758.60588934543,0.16169449727591018,175021.57190322876,18,next_close
2022-04-29,203369.34566595676,33758.60588934543,0.16599653098552744,169610.73977661133,18,next_close
2022-05-02,202969.09993390206,131485.3069899476,0.6478094795353897,71483.79294395447,18,next_close
2022-05-03,204863.7118285096,131485.3069899476,0.6418184353704052,73378.40483856201,18,next_close
2022-05-04,207239.10931805734,131485.3069899476,0.6344618417952779,75753.80232810974,18,next_close
2022-05-05,204944.28870038156,131485.3069899476,0.6415660949799515,73458.98171043396,18,next_close
2022-05-06,205061.28776959542,131485.3069899476,0.6412000452161551,73575.98077964783,18,next_close
2022-05-09,200406.51334790353,131485.3069899476,0.6560929821761359,68921.20635795593,18,next_close
2022-05-10,200680.28685597543,131485.3069899476,0.6551979222768014,69194.97986602783,18,next_close
2022-05-11,200967.2997191346,131485.3069899476,0.6542621967539356,69481.99272918701,18,next_close
2022-05-12,200406.10851506356,131485.3069899476,0.6560943075248851,68920.80152511597,18,next_close
2022-05-13,202532.00422696237,131485.3069899476,0.6492075536002789,71046.69723701477,18,next_close
2022-05-16,203009.61006001596,131485.3069899476,0.6476802105628223,71524.30307006836,18,next_close
2022-05-17,204642.3971827424,131485.3069899476,0.6425125428555908,73157.0901927948,18,next_close
2022-05-18,202444.14316205148,131485.3069899476,0.6494893106623336,70958.83617210388,18,next_close
2022-05-19,202773.8857424653,131485.3069899476,0.6484331377707169,71288.5787525177,18,next_close
2022-05-20,202246.973970691,131485.3069899476,0.6501224933481676,70761.66698074341,18,next_close
2022-05-23,204177.88060216073,131485.3069899476,0.6439742963447929,72692.57361221313,18,next_close
2022-05-24,203994.61719731454,131485.3069899476,0.6445528259344606,72509.31020736694,18,next_close
2022-05-25,205297.29811314706,131485.3069899476,0.6404629198650296,73811.99112319946,18,next_close
2022-05-26,206449.35903958444,131485.3069899476,0.6368889087455908,74964.05204963684,18,next_close
2022-05-27,208142.34993390206,131485.3069899476,0.6317085736357941,76657.04294395447,18,next_close
2022-05-31,207193.99711445931,131485.3069899476,0.6345999827268727,75708.69012451172,18,next_close
2022-06-01,206744.7495622504,108183.98724650028,0.523273202707991,98560.76231575012,18,next_close
2022-06-02,207763.92438791873,108183.98724650028,0.5207063139821548,99579.93714141846,18,next_close
2022-06-03,207781.6882276404,108183.98724650028,0.5206617973378704,99597.70098114014,18,next_close
2022-06-06,208299.3282174933,108183.98724650028,0.5193679123801169,100115.34097099304,18,next_close
2022-06-07,209697.6064081061,108183.98724650028,0.5159047311010142,101513.61916160583,18,next_close
2022-06-08,208196.48268412234,108183.98724650028,0.5196244713251859,100012.49543762207,18,next_close
2022-06-09,205606.56551073672,108183.98724650028,0.5261699059938383,97422.57826423645,18,next_close
2022-06-10,204001.22415827395,108183.98724650028,0.5303104806987136,95817.23691177368,18,next_close
2022-06-13,199507.76045893313,108183.98724650028,0.542254531841978,91323.77321243286,18,next_close
2022-06-14,199618.82339380862,108183.98724650028,0.5419528349442005,91434.83614730835,18,next_close
2022-06-15,199190.16803263308,108183.98724650028,0.5431191123287603,91006.18078613281,18,next_close
2022-06-16,194906.98769377352,108183.98724650028,0.5550544314833527,86723.00044727325,18,next_close
2022-06-17,193244.0632867682,108183.98724650028,0.5598308450281269,85060.07604026794,18,next_close
2022-06-21,196012.673256861,108183.98724650028,0.5519234315259437,87828.68601036072,18,next_close
2022-06-22,194180.9727678168,108183.98724650028,0.5571297007346669,85996.98552131653,18,next_close
2022-06-23,191488.79391001345,108183.98724650028,0.5649624974782561,83304.80666351318,18,next_close
2022-06-24,193333.01700495364,108183.98724650028,0.5595732633900208,85149.02975845337,18,next_close
2022-06-27,195727.41844843508,108183.98724650028,0.552727809440769,87543.43120193481,18,next_close
2022-06-28,196016.07736681582,108183.98724650028,0.5519138465568288,87832.09012031555,18,next_close
2022-06-29,194025.37683580996,108183.98724650028,0.5575764830909143,85841.38958930969,18,next_close
2022-06-30,193122.42149447085,108183.98724650028,0.5601834650234935,84938.43424797058,18,next_close
2022-07-01,193843.36840560555,131187.8773415339,0.6767725840743294,62655.491064071655,18,next_close
2022-07-05,192234.47855689644,131187.8773415339,0.6824367737065735,61046.60121536255,18,next_close
2022-07-06,191610.86598518013,131187.8773415339,0.684657817640052,60422.98864364624,18,next_close
2022-07-07,193179.0019772303,131187.8773415339,0.6791000885127091,61991.12463569641,18,next_close
2022-07-08,192999.72882392525,131187.8773415339,0.6797308894729969,61811.85148239136,18,next_close
2022-07-11,192376.1941044581,131187.8773415339,0.6819340508956132,61188.316762924194,18,next_close
2022-07-12,191706.26187064766,131187.8773415339,0.6843171217331018,60518.38452911377,18,next_close
2022-07-13,191640.95528533577,131187.8773415339,0.6845503203958005,60453.07794380188,18,next_close
2022-07-14,190834.63155486702,131187.8773415339,0.687442715573436,59646.75421333313,18,next_close
2022-07-15,191818.22590186715,131187.8773415339,0.6839176867825307,60630.34856033325,18,next_close
2022-07-18,192205.73592307686,131187.8773415339,0.6825388259694649,61017.85858154297,18,next_close
2022-07-19,193295.6848652613,131187.8773415339,0.6786901499274529,62107.80752372742,18,next_close
2022-07-20,193389.8647129786,131187.8773415339,0.678359631391426,62201.9873714447,18,next_close
2022-07-21,192982.988889004,131187.8773415339,0.6797898514101046,61795.11154747009,18,next_close
2022-07-22,192426.63873603463,131187.8773415339,0.6817552819258755,61238.76139450073,18,next_close
2022-07-25,194203.65796973824,131187.8773415339,0.6755170253382984,63015.780628204346,18,next_close
2022-07-26,194208.90926482796,131187.8773415339,0.6754987597538222,63021.03192329407,18,next_close
2022-07-27,195221.21324660897,131187.8773415339,0.6719960149812902,64033.33590507507,18,next_close
2022-07-28,195448.75879409432,131187.8773415339,0.671213663115357,64260.881452560425,18,next_close
2022-07-29,196727.68946197152,131187.8773415339,0.666850089584838,65539.81212043762,18,next_close
2022-08-01,195939.4279188788,30592.295979944465,0.15613139379283086,165347.13193893433,18,next_close
2022-08-02,197340.22764345765,30592.295979944465,0.15502311082369263,166747.93166351318,18,next_close
2022-08-03,196344.555562464,30592.295979944465,0.15580923999806043,165752.25958251953,18,next_close
2022-08-04,195643.24636599183,30592.295979944465,0.15636775890906626,165050.95038604736,18,next_close
2022-08-05,196594.45067736268,30592.295979944465,0.15561118777533778,166002.1546974182,18,next_close
2022-08-08,197123.29080340028,30592.295979944465,0.1551937158478929,166530.9948234558,18,next_close
2022-08-09,197057.0022520697,30592.295979944465,0.1552459218922435,166464.70627212524,18,next_close
2022-08-10,201494.86894747376,30592.295979944465,0.15182667499051478,170902.5729675293,18,next_close
2022-08-11,202938.422378031,30592.295979944465,0.15074669262461074,172346.12639808655,18,next_close
2022-08-12,205861.2672800696,30592.295979944465,0.14860637158287937,175268.97130012512,18,next_close
2022-08-15,205160.3891386664,30592.295979944465,0.1491140473479379,174568.09315872192,18,next_close
2022-08-16,204094.4218516028,30592.295979944465,0.14989285695514082,173502.12587165833,18,next_close
2022-08-17,204098.47411295533,30592.295979944465,0.14988988091607977,173506.17813301086,18,next_close
2022-08-18,206427.59689089417,30592.295979944465,0.14819867324286978,175835.3009109497,18,next_close
2022-08-19,203063.30290934205,30592.295979944465,0.1506539859326648,172471.00692939758,18,next_close
2022-08-22,203719.7376703894,30592.295979944465,0.1501685419870391,173127.44169044495,18,next_close
2022-08-23,207584.43492075562,30592.295979944465,0.1473727834730139,176992.13894081116,18,next_close
2022-08-24,209956.0881495154,30592.295979944465,0.14570806805163405,179363.79216957092,18,next_close
2022-08-25,212101.05411860108,30592.295979944465,0.14423453059709027,181508.75813865662,18,next_close
2022-08-26,208391.23097750306,30592.295979944465,0.14680222308992966,177798.9349975586,18,next_close
2022-08-29,208100.41663118958,30592.295979944465,0.14700737497398825,177508.12065124512,18,next_close
2022-08-30,205249.01324602723,30592.295979944465,0.14904966165793054,174656.71726608276,18,next_close
2022-08-31,205915.67143007874,30592.295979944465,0.14856710889211006,175323.37545013428,18,next_close
2022-09-01,203086.9760761273,101425.77420807004,0.49942037725772487,101661.20186805725,18,next_close
2022-09-02,202893.37084388852,101425.77420807004,0.4998969349575728,101467.59663581848,18,next_close
2022-09-06,202562.76135635495,101425.77420807004,0.5007128335382363,101136.98714828491,18,next_close
2022-09-07,205480.59217071653,101425.77420807004,0.49360269569305065,104054.81796264648,18,next_close
2022-09-08,206824.2638874066,101425.77420807004,0.4903959153616782,105398.48967933655,18,next_close
2022-09-09,207271.32179451108,101425.77420807004,0.48933819367748144,105845.54758644104,18,next_close
2022-09-12,207589.08503341794,101425.77420807004,0.48858914808426657,106163.3108253479,18,next_close
2022-09-13,205367.79047203183,101425.77420807004,0.4938738152411626,103942.01626396179,18,next_close
2022-09-14,207041.7149925244,101425.77420807004,0.48988086392025976,105615.94078445435,18,next_close
2022-09-15,205206.53028297544,101425.77420807004,0.49426192269907815,103780.7560749054,18,next_close
2022-09-16,204679.64482116819,101425.77420807004,0.49553424961572184,103253.87061309814,18,next_close
2022-09-19,205758.50429153562,101425.77420807004,0.4929360006639708,104332.73008346558,18,next_close
2022-09-20,203868.1037311566,101425.77420807004,0.49750683089602615,102442.32952308655,18,next_close
2022-09-21,203447.27656173825,101425.77420807004,0.4985359151627243,102021.50235366821,18,next_close
2022-09-22,201758.7805557263,101425.77420807004,0.5027081048403541,100333.00634765625,18,next_close
2022-09-23,199308.7384109509,101425.77420807004,0.5088877437924582,97882.96420288086,18,next_close
2022-09-26,197918.64507866025,101425.77420807004,0.512461947017471,96492.87087059021,18,next_close
2022-09-27,199133.6563873303,101425.77420807004,0.5093351673852113,97707.88217926025,18,next_close
2022-09-28,201962.63985824704,101425.77420807004,0.5022006757252652,100536.865650177,18,next_close
2022-09-29,199897.75843429685,101425.77420807004,0.5073882518868117,98471.9842262268,18,next_close
2022-09-30,199031.08525657773,101425.77420807004,0.5095976544433681,97605.31104850769,18,next_close
2022-10-03,201674.1653273928,130604.71491845726,0.647602605452398,71069.45040893555,18,next_close
2022-10-04,203292.97000726342,130604.71491845726,0.6424458008252372,72688.25508880615,18,next_close
2022-10-05,202358.2694743502,130604.71491845726,0.6454132823813854,71753.55455589294,18,next_close
2022-10-06,202419.5383113253,130604.71491845726,0.6452179271231446,71814.82339286804,18,next_close
2022-10-07,201337.60553964257,130604.71491845726,0.6486851503393971,70732.8906211853,18,next_close
2022-10-10,200527.76952394127,130604.71491845726,0.6513048802593109,69923.05460548401,18,next_close
2022-10-11,200297.02644570946,130604.71491845726,0.6520551864201424,69692.3115272522,18,next_close
2022-10-12,199929.60088761925,130604.71491845726,0.653253516931044,69324.88596916199,18,next_close
2022-10-13,201539.19848092675,130604.71491845726,0.6480362922095149,70934.48356246948,18,next_close
2022-10-14,199408.10896714806,130604.71491845726,0.6549619049843858,68803.3940486908,18,next_close
2022-10-17,200237.7269957888,130604.71491845726,0.6522482894604772,69633.01207733154,18,next_close
2022-10-18,201001.17252572655,130604.71491845726,0.6497709106733738,70396.45760726929,18,next_close
2022-10-19,200754.75857766747,130604.71491845726,0.6505684639496565,70150.0436592102,18,next_close
2022-10-20,200331.7388518679,130604.71491845726,0.6519422018047316,69727.02393341064,18,next_close
2022-10-21,202215.48232301354,130604.71491845726,0.6458690176345292,71610.76740455627,18,next_close
2022-10-24,202878.12700685143,130604.71491845726,0.6437594670520917,72273.41208839417,18,next_close
2022-10-25,203640.82635911583,130604.71491845726,0.6413483840815835,73036.11144065857,18,next_close
2022-10-26,204779.7850211489,130604.71491845726,0.6377812873715484,74175.07010269165,18,next_close
2022-10-27,205394.25389512657,130604.71491845726,0.6358732653988629,74789.53897666931,18,next_close
2022-10-28,206687.26110681175,130604.71491845726,0.6318953292963876,76082.54618835449,18,next_close
2022-10-31,207330.20460733055,130604.71491845726,0.6299357836732655,76725.48968887329,18,next_close
2022-11-01,207694.45788128494,63625.4169629347,0.3063414287120846,144069.04091835022,18,next_close
2022-11-02,205418.07827694534,63625.4169629347,0.30973620966872595,141792.66131401062,18,next_close
2022-11-03,207118.93314678787,63625.4169629347,0.3071926646022387,143493.51618385315,18,next_close
2022-11-04,207197.19986851333,63625.4169629347,0.3070766255688358,143571.7829055786,18,next_close
2022-11-07,207616.7737649214,63625.4169629347,0.3064560527030247,143991.3568019867,18,next_close
2022-11-08,207410.44226582168,63625.4169629347,0.3067609145801396,143785.02530288696,18,next_close
2022-11-09,203728.04006703018,63625.4169629347,0.3123056450255978,140102.62310409546,18,next_close
2022-11-10,208619.67595989822,63625.4169629347,0.3049828194305366,144994.2589969635,18,next_close
2022-11-11,206762.2964337599,63625.4169629347,0.3077225299793392,143136.8794708252,18,next_close
2022-11-14,207172.64147694228,63625.4169629347,0.30711302664939966,143547.22451400757,18,next_close
2022-11-15,209469.04234058975,63625.4169629347,0.3037461586303616,145843.62537765503,18,next_close
2022-11-16,208348.8399861586,63625.4169629347,0.3053792714524428,144723.42302322388,18,next_close
2022-11-17,208827.26937801956,63625.4169629347,0.3046796385952825,145201.85241508484,18,next_close
2022-11-18,209501.08450825332,63625.4169629347,0.3036997021389079,145875.6675453186,18,next_close
2022-11-21,208933.05954105972,63625.4169629347,0.3045253685687352,145307.642578125,18,next_close
2022-11-22,212467.228917433,63625.4169629347,0.29945990865094874,148841.8119544983,18,next_close
2022-11-23,212914.09606297134,63625.4169629347,0.2988313979179513,149288.67910003662,18,next_close
2022-11-25,213657.66231663345,63625.4169629347,0.2977914120797783,150032.24535369873,18,next_close
2022-11-28,210734.39944775222,63625.4169629347,0.3019223113533938,147108.9824848175,18,next_close
2022-11-29,210830.8312409651,63625.4169629347,0.30178421528023686,147205.4142780304,18,next_close
2022-11-30,214701.60700161575,63625.4169629347,0.296343459424856,151076.19003868103,18,next_close
2022-12-01,212866.15756931895,3260.720992475708,0.015318174714615536,209605.43657684326,18,next_close
2022-12-02,214275.3570875227,3260.720992475708,0.015217433478100971,211014.636095047,18,next_close
2022-12-05,209968.2014345228,3260.720992475708,0.015529594339514988,206707.48044204712,18,next_close
2022-12-06,205032.63682880992,3260.720992475708,0.01590342417143187,201771.91583633423,18,next_close
2022-12-07,204901.37066784495,3260.720992475708,0.015913612397261582,201640.64967536926,18,next_close
2022-12-08,206878.57015362376,3260.720992475708,0.015761521312015855,203617.84916114807,18,next_close
2022-12-09,203681.21930065745,3260.720992475708,0.01600894281599179,200420.49830818176,18,next_close
2022-12-12,206486.99024716014,3260.720992475708,0.015791411306701215,203226.26925468445,18,next_close
2022-12-13,207568.99172154063,3260.720992475708,0.015709094915535616,204308.27072906494,18,next_close
2022-12-14,208322.02083912486,3260.720992475708,0.01565231068391841,205061.29984664917,18,next_close
2022-12-15,204006.46573582286,3260.720992475708,0.015983419842673822,200745.74474334717,18,next_close
2022-12-16,202154.17663708323,3260.720992475708,0.01612987199532122,198893.45564460754,18,next_close
2022-12-19,200794.13089123362,3260.720992475708,0.016239125008300062,197533.40989875793,18,next_close
2022-12-20,201169.5812105238,3260.720992475708,0.01620881732145859,197908.8602180481,18,next_close
2022-12-21,204766.80949345225,3260.720992475708,0.015924069923939382,201506.08850097656,18,next_close
2022-12-22,200385.71191540355,3260.720992475708,0.016272223010851593,197124.99092292786,18,next_close
2022-12-23,202196.94612064952,3260.720992475708,0.016126460142133196,198936.22512817383,18,next_close
2022-12-27,201942.99697628611,3260.720992475708,0.016146739630979182,198682.27598381042,18,next_close
2022-12-28,197964.98179951304,3260.720992475708,0.0164712009307685,194704.26080703735,18,next_close
2022-12-29,200112.8552488386,3260.720992475708,0.016294410413668976,196852.13425636292,18,next_close
2022-12-30,201325.14787808055,3260.720992475708,0.016196292548859077,198064.42688560486,18,next_close
2023-01-03,197313.5917046034,112639.38684391613,0.5708648140800541,84674.20486068726,18,next_close
2023-01-04,197986.54278492567,112639.38684391613,0.5689244595087313,85347.15594100952,18,next_close
2023-01-05,198265.37150501844,112639.38684391613,0.5681243577175302,85625.9846611023,18,next_close
2023-01-06,200196.3254005873,112639.38684391613,0.5626446270606008,87556.93855667114,18,next_close
2023-01-09,200461.7283012831,112639.38684391613,0.5618997092284131,87822.34145736694,18,next_close
2023-01-10,202020.04299473402,112639.38684391613,0.5575654037795262,89380.65615081787,18,next_close
2023-01-11,202436.12493824598,112639.38684391613,0.5564193983572708,89796.73809432983,18,next_close
2023-01-12,203692.11800312635,112639.38684391613,0.552988441320971,91052.7311592102,18,next_close
2023-01-13,204280.9663002455,112639.38684391613,0.551394429368238,91641.57945632935,18,next_close
2023-01-17,203904.5092689955,112639.38684391613,0.552412436820216,91265.12242507935,18,next_close
2023-01-18,202284.77745365736,112639.38684391613,0.5568357058885529,89645.39060974121,18,next_close
2023-01-19,201049.98505329725,112639.38684391613,0.5602556340108956,88410.5982093811,18,next_close
2023-01-20,202350.2694504225,112639.38684391613,0.556655482346732,89710.88260650635,18,next_close
2023-01-23,203396.0470612013,112639.38684391613,0.5537933921106306,90756.66021728516,18,next_close
2023-01-24,203377.36468815443,112639.38684391613,0.5538442639210613,90737.97784423828,18,next_close
2023-01-25,203673.37274860975,112639.38684391613,0.5530393360890863,91033.9859046936,18,next_close
2023-01-26,205172.3413002455,112639.38684391613,0.5489988861563055,92532.95445632935,18,next_close
2023-01-27,204718.26405644056,112639.38684391613,0.5502165982262412,92078.87721252441,18,next_close
2023-01-30,203662.3567573988,112639.38684391613,0.5530692496998422,91022.96991348267,18,next_close
2023-01-31,205618.7130653822,112639.38684391613,0.5478070802247424,92979.32622146606,18,next_close
2023-02-01,205530.97824542638,28998.401238132687,0.1410901728084291,176532.5770072937,18,next_close
2023-02-02,203822.7378470194,28998.401238132687,0.14227265095368136,174824.33660888672,18,next_close
2023-02-03,203582.74684589024,28998.401238132687,0.14244036730717724,174584.34560775757,18,next_close
2023-02-06,202342.99254672643,28998.401238132687,0.14331309858153934,173344.59130859375,18,next_close
2023-02-07,203381.19170062657,28998.401238132687,0.14258152878176567,174382.7904624939,18,next_close
2023-02-08,203665.19616000768,28998.401238132687,0.1423827035000637,174666.794921875,18,next_close
2023-02-09,204185.00326602574,28998.401238132687,0.14202023054725352,175186.60202789307,18,next_close
2023-02-10,204839.1214949381,28998.401238132687,0.14156671355793374,175840.72025680542,18,next_close
2023-02-13,208135.02129428502,28998.401238132687,0.13932494905377524,179136.62005615234,18,next_close
2023-02-14,207046.21361987706,28998.401238132687,0.1400576264165439,178047.81238174438,18,next_close
2023-02-15,208754.68323581334,28998.401238132687,0.1389113805191883,179756.28199768066,18,next_close
2023-02-16,206066.53621738072,28998.401238132687,0.1407234855810946,177068.13497924805,18,next_close
2023-02-17,203624.41103427525,28998.401238132687,0.1424112221655561,174626.00979614258,18,next_close
2023-02-21,200729.25868289586,28998.401238132687,0.14446524352457862,171730.85744476318,18,next_close
2023-02-22,200974.8580786478,28998.401238132687,0.1442887011607427,171976.45684051514,18,next_close
2023-02-23,202180.06481998082,28998.401238132687,0.14342858809523373,173181.66358184814,18,next_close
2023-02-24,201401.92330615636,28998.401238132687,0.14398274237953257,172403.52206802368,18,next_close
2023-02-27,203532.8375860941,28998.401238132687,0.1424752957903729,174534.43634796143,18,next_close
2023-02-28,204815.86294620152,28998.401238132687,0.1415827896384648,175817.46170806885,18,next_close
2023-03-01,209564.89891291258,29031.8326096594,0.1385338516147399,180533.06630325317,18,next_close
2023-03-02,209723.56105280516,29031.8326096594,0.13842904661698754,180691.72844314575,18,next_close
2023-03-03,212908.7243008673,29031.8326096594,0.13635811639467485,183876.8916912079,18,next_close
2023-03-06,211196.45134020445,29031.8326096594,0.13746363835864675,182164.61873054504,18,next_close
2023-03-07,210623.7183480322,29031.8326096594,0.13783743273246907,181591.8857383728,18,next_close
2023-03-08,211532.97606325743,29031.8326096594,0.13724494946347104,182501.14345359802,18,next_close
2023-03-09,206943.79068232176,29031.8326096594,0.1402884933823697,177911.95807266235,18,next_close
2023-03-10,201584.4646172583,29031.8326096594,0.14401820430349715,172552.63200759888,18,next_close
2023-03-13,197949.26294184325,29031.8326096594,0.14666299928678614,168917.43033218384,18,next_close
2023-03-14,201600.19028330443,29031.8326096594,0.14400697027548232,172568.35767364502,18,next_close
2023-03-15,195012.1557927191,29031.8326096594,0.14887191258229923,165980.3231830597,18,next_close
2023-03-16,198751.9392781317,29031.8326096594,0.14607068849291835,169720.1066684723,18,next_close
2023-03-17,194903.04999590514,29031.8326096594,0.1489552503681669,165871.21738624573,18,next_close
2023-03-20,198144.34700060484,29031.8326096594,0.1465186014596257,169112.51439094543,18,next_close
2023-03-21,202193.62986612914,29031.8326096594,0.14358430890667107,173161.79725646973,18,next_close
2023-03-22,198286.37588167784,29031.8326096594,0.1464136528824521,169254.54327201843,18,next_close
2023-03-23,198204.13119364379,29031.8326096594,0.14647440714187507,169172.29858398438,18,next_close
2023-03-24,197211.91696406004,29031.8326096594,0.14721135039192468,168180.08435440063,18,next_close
2023-03-27,198855.45833254454,29031.8326096594,0.14599464783666977,169823.62572288513,18,next_close
2023-03-28,198903.63396883605,29031.8326096594,0.1459592870696775,169871.80135917664,18,next_close
2023-03-29,202001.4892907202,29031.8326096594,0.14372088399742852,172969.6566810608,18,next_close
2023-03-30,202578.52297449706,29031.8326096594,0.14331150303289686,173546.69036483765,18,next_close
2023-03-31,206377.8298840582,29031.8326096594,0.14067321391047335,177345.9972743988,18,next_close
2023-04-03,206666.1458066475,25181.48567328569,0.12184620550694819,181484.66013336182,18,next_close
2023-04-04,201886.4210294258,25181.48567328569,0.12473095290354065,176704.93535614014,18,next_close
2023-04-05,198519.3024381172,25181.48567328569,0.12684653514302624,173337.81676483154,18,next_close
2023-04-06,198398.71111044998,25181.48567328569,0.12692363540238413,173217.2254371643,18,next_close
2023-04-10,201826.4441884529,25181.48567328569,0.12476801924812585,176644.95851516724,18,next_close
2023-04-11,202539.6431439888,25181.48567328569,0.12432867601817464,177358.15747070312,18,next_close
2023-04-12,201362.14644370193,25181.48567328569,0.1250557074307215,176180.66077041626,18,next_close
2023-04-13,203190.17140708084,25181.48567328569,0.12393062862689311,178008.68573379517,18,next_close
2023-04-14,203711.67585120315,25181.48567328569,0.12361336466388391,178530.19017791748,18,next_close
2023-04-17,204703.29733023758,25181.48567328569,0.12301455815175102,179521.8116569519,18,next_close
2023-04-18,207074.8826840889,25181.48567328569,0.12160569812661577,181893.39701080322,18,next_close
2023-04-19,205883.97411475296,25181.48567328569,0.12230911017508511,180702.48844146729,18,next_close
2023-04-20,206592.7950681221,25181.48567328569,0.12188946698253597,181411.30939483643,18,next_close
2023-04-21,206602.33754096145,25181.48567328569,0.12188383719662974,181420.85186767578,18,next_close
2023-04-24,205610.1830266487,25181.48567328569,0.12247197732430387,180428.69735336304,18,next_close
2023-04-25,200861.9900945198,25181.48567328569,0.12536710236434487,175680.50442123413,18,next_close
2023-04-26,198983.28873572464,25181.48567328569,0.1265507562634063,173801.80306243896,18,next_close
2023-04-27,199181.519830085,25181.48567328569,0.12642480936367573,174000.03415679932,18,next_close
2023-04-28,198880.79776511306,25181.48567328569,0.12661597276488265,173699.3120918274,18,next_close
2023-05-01,198992.7193484652,43461.66497567773,0.21840831723883342,155531.05437278748,18,next_close
2023-05-02,198423.12512544275,43461.66497567773,0.2190352810349164,154961.46014976501,18,next_close
2023-05-03,199598.0077834475,43461.66497567773,0.21774598583584645,156136.34280776978,18,next_close
2023-05-04,196113.4821849215,43461.66497567773,0.22161487569067984,152651.81720924377,18,next_close
2023-05-05,199684.9908404696,43461.66497567773,0.21765113538453026,156223.32586479187,18,next_close
2023-05-08,200277.63149026514,43461.66497567773,0.21700708487652684,156815.9665145874,18,next_close
2023-05-09,199312.99083474756,43461.66497567773,0.21805736190930097,155851.32585906982,18,next_close
2023-05-10,201047.40313295007,43461.66497567773,0.2161762066975672,157585.73815727234,18,next_close
2023-05-11,200819.64092019678,43461.66497567773,0.2164213857595177,157357.97594451904,18,next_close
2023-05-12,200174.38988450647,43461.66497567773,0.21711900808466844,156712.72490882874,18,next_close
2023-05-15,202920.58768991113,43461.66497567773,0.2141806579137883,159458.9227142334,18,next_close
2023-05-16,201954.6547770846,43461.66497567773,0.21520506681883741,158492.98980140686,18,next_close
2023-05-17,204834.70334962488,43461.66497567773,0.2121792072581305,161373.03837394714,18,next_close
2023-05-18,208235.53768113733,43461.66497567773,0.208713966211804,164773.8727054596,18,next_close
2023-05-19,205690.336469208,43461.66497567773,0.21129658165629953,162228.67149353027,18,next_close
2023-05-22,204468.17642930627,43461.66497567773,0.21255955686925374,161006.51145362854,18,next_close
2023-05-23,200966.13154557825,43461.66497567773,0.21626362930621879,157504.4665699005,18,next_close
2023-05-24,200468.3923526156,43461.66497567773,0.21680058619530637,157006.72737693787,18,next_close
2023-05-25,206960.92715028406,43461.66497567773,0.2099993731866024,163499.26217460632,18,next_close
2023-05-26,208731.61551240564,43461.66497567773,0.20821793032639396,165269.9505367279,18,next_close
2023-05-30,209688.3799243319,43461.66497567773,0.20726787526977555,166226.71494865417,18,next_close
2023-05-31,207337.0551677096,43461.66497567773,0.20961841548546503,163875.39019203186,18,next_close
2023-06-01,209076.37407027843,886.2962580836211,0.0042391028734107645,208190.07781219482,18,next_close
2023-06-02,211502.93431197765,886.2962580836211,0.0041904679051699995,210616.63805389404,18,next_close
2023-06-05,210323.20089065196,886.2962580836211,0.004213972849074367,209436.90463256836,18,next_close
2023-06-06,212584.8220873988,886.2962580836211,0.004169141754246421,211698.5258293152,18,next_close
2023-06-07,211732.79101668956,886.2962580836211,0.004185918741390226,210846.49475860596,18,next_close
2023-06-08,213484.98442565562,886.2962580836211,0.00415156251137778,212598.68816757202,18,next_close
2023-06-09,212588.0843440211,886.2962580836211,0.0041690777769527775,211701.7880859375,18,next_close
2023-06-12,216822.2411509669,886.2962580836211,0.004087663024691822,215935.9448928833,18,next_close
2023-06-13,217534.5126544154,886.2962580836211,0.004074278822559201,216648.2163963318,18,next_close
2023-06-14,216597.1499186671,886.2962580836211,0.004091910989671046,215710.8536605835,18,next_close
2023-06-15,217540.60511123302,886.2962580836211,0.004074164718032477,216654.3088531494,18,next_close
2023-06-16,214941.3922625697,886.2962580836211,0.0041234322005364735,214055.09600448608,18,next_close
2023-06-20,216044.4108058131,886.2962580836211,0.004102379944835738,215158.1145477295,18,next_close
2023-06-21,215929.5864344752,886.2962580836211,0.004104561457827696,215043.2901763916,18,next_close
2023-06-22,217192.7784091151,886.2962580836211,0.00408068935153152,216306.4821510315,18,next_close
2023-06-23,214403.7256747401,886.2962580836211,0.004133772653877161,213517.4294166565,18,next_close
2023-06-26,214369.0980197108,886.2962580836211,0.004134440394026046,213482.8017616272,18,next_close
2023-06-27,220065.58858596446,886.2962580836211,0.00402741866085713,219179.29232788086,18,next_close
2023-06-28,221305.30321609142,886.2962580836211,0.004004857747209997,220419.0069580078,18,next_close
2023-06-29,223401.34222900035,886.2962580836211,0.003967282601082638,222515.04597091675,18,next_close
2023-06-30,225850.65502654674,886.2962580836211,0.003924258080984732,224964.35876846313,18,next_close
2023-07-03,224974.51014780643,6204.34644770267,0.027577997363463374,218770.16370010376,18,next_close
2023-07-05,222814.40161203983,6204.34644770267,0.027845356506647892,216610.05516433716,18,next_close
2023-07-06,218760.0955588782,6204.34644770267,0.02836141770669871,212555.74911117554,18,next_close
2023-07-07,219840.54571985843,6204.34644770267,0.028222029868907046,213636.19927215576,18,next_close
2023-07-10,223265.18822931888,6204.34644770267,0.027789134960574762,217060.8417816162,18,next_close
2023-07-11,223042.67419886234,6204.34644770267,0.027816858231223252,216838.32775115967,18,next_close
2023-07-12,225399.588883158,6204.34644770267,0.02752598830567904,219195.24243545532,18,next_close
2023-07-13,229040.7646453345,6204.34644770267,0.027088393881805225,222836.41819763184,18,next_close
2023-07-14,228741.3921477759,6204.34644770267,0.027123846670017725,222537.04570007324,18,next_close
2023-07-17,233374.1551482642,6204.34644770267,0.02658540507093001,227169.80870056152,18,next_close
2023-07-18,234551.06880640629,6204.34644770267,0.026452006717665448,228346.7223587036,18,next_close
2023-07-19,233377.7186019385,6204.34644770267,0.026584999137321822,227173.37215423584,18,next_close
2023-07-20,227711.03553461673,6204.34644770267,0.027246577809179048,221506.68908691406,18,next_close
2023-07-21,226852.86346506717,6204.34644770267,0.027349650134163152,220648.5170173645,18,next_close
2023-07-24,226816.9133765662,6204.34644770267,0.02735398500640948,220612.56692886353,18,next_close
2023-07-25,230773.2007720435,6204.34644770267,0.026885038760767067,224568.85432434082,18,next_close
2023-07-26,231558.7038352454,6204.34644770267,0.026793838214421335,225354.35738754272,18,next_close
2023-07-27,231608.70177530887,6204.34644770267,0.026788054162670053,225404.3553276062,18,next_close
2023-07-28,235012.65287851932,6204.34644770267,0.026400052812942654,228808.30643081665,18,next_close
2023-07-31,236585.47353052738,6204.34644770267,0.02622454521453154,230381.1270828247,18,next_close
2023-08-01,236897.97471380833,4127.7898268759545,0.017424335652774806,232770.18488693237,18,next_close
2023-08-02,231840.98768759373,4127.7898268759545,0.01780440062840899,227713.19786071777,18,next_close
2023-08-03,230114.9825568259,4127.7898268759545,0.017937944678837303,225987.19272994995,18,next_close
2023-08-04,228927.7036910117,4127.7898268759545,0.01803097554521979,224799.91386413574,18,next_close
2023-08-07,232431.6396689475,4127.7898268759545,0.01775915633841919,228303.84984207153,18,next_close
2023-08-08,230690.17807531956,4127.7898268759545,0.017893218780767706,226562.3882484436,18,next_close
2023-08-09,227684.20586538914,4127.7898268759545,0.018129451760551082,223556.41603851318,18,next_close
2023-08-10,226782.94012976292,4127.7898268759545,0.01820150062660831,222655.15030288696,18,next_close
2023-08-11,223439.59160757664,4127.7898268759545,0.018473851465525076,219311.80178070068,18,next_close
2023-08-14,227134.58710623387,4127.7898268759545,0.01817332128701884,223006.7972793579,18,next_close
2023-08-15,224455.77698660496,4127.7898268759545,0.01839021424305908,220327.987159729,18,next_close
2023-08-16,221279.98835898045,4127.7898268759545,0.01865414878899704,217152.1985321045,18,next_close
2023-08-17,214483.77187872533,4127.7898268759545,0.019245231425759863,210355.98205184937,18,next_close
2023-08-18,215294.67096472386,4127.7898268759545,0.019172745002835185,211166.8811378479,18,next_close
2023-08-21,218848.5008368552,4127.7898268759545,0.018861403258837464,214720.71100997925,18,next_close
2023-08-22,218622.40590811375,4127.7898268759545,0.018880909345636104,214494.6160812378,18,next_close
2023-08-23,223844.2448477805,4127.7898268759545,0.018440455459031127,219716.45502090454,18,next_close
2023-08-24,217902.2376112998,4127.7898268759545,0.018943310872462097,213774.44778442383,18,next_close
2023-08-25,218066.67743063573,4127.7898268759545,0.018929026091980296,213938.88760375977,18,next_close
2023-08-28,221032.33185339574,4127.7898268759545,0.018675049900001944,216904.54202651978,18,next_close
2023-08-29,230271.08500433568,4127.7898268759545,0.017925784415347826,226143.29517745972,18,next_close
2023-08-30,233073.8427901328,4127.7898268759545,0.017710223410152246,228946.05296325684,18,next_close
2023-08-31,236199.12936163548,4127.7898268759545,0.017475889255104123,232071.33953475952,18,next_close
2023-09-01,236568.42108461977,7908.075843073149,0.033428281791864585,228660.34524154663,18,next_close
2023-09-05,231602.5012390387,7908.075843073149,0.03414503643426184,223694.42539596558,18,next_close
2023-09-06,231737.95581362367,7908.075843073149,0.0341250781094887,223829.87997055054,18,next_close
2023-09-07,229322.2158386481,7908.075843073149,0.03448456057409326,221414.13999557495,18,next_close
2023-09-08,228127.88609240175,7908.075843073149,0.034665099381449724,220219.8102493286,18,next_close
2023-09-11,228203.86485216737,7908.075843073149,0.03465355789743559,220295.78900909424,18,next_close
2023-09-12,224958.8505699408,7908.075843073149,0.03515343283021661,217050.77472686768,18,next_close
2023-09-13,224014.1774666083,7908.075843073149,0.03530167569082512,216106.10162353516,18,next_close
2023-09-14,226282.79127428652,7908.075843073149,0.03494775629441238,218374.71543121338,18,next_close
2023-09-15,219834.0505134833,7908.075843073149,0.03597293424108617,211925.97467041016,18,next_close
2023-09-18,220495.83069155336,7908.075843073149,0.035864967687917776,212587.75484848022,18,next_close
2023-09-19,218593.9324753058,7908.075843073149,0.03617701440073828,210685.85663223267,18,next_close
2023-09-20,215218.0543968451,7908.075843073149,0.03674448161533549,207309.97855377197,18,next_close
2023-09-21,209703.24188540102,7908.075843073149,0.03771079441582867,201795.16604232788,18,next_close
2023-09-22,211259.12815783144,7908.075843073149,0.03743306105649094,203351.0523147583,18,next_close
2023-09-25,213119.17204210878,7908.075843073149,0.037106355882006926,205211.09619903564,18,next_close
2023-09-26,209442.33684847475,7908.075843073149,0.03775777124180201,201534.2610054016,18,next_close
2023-09-27,212339.25276873232,7908.075843073149,0.037242647037503566,204431.17692565918,18,next_close
2023-09-28,216432.68547747255,7908.075843073149,0.03653826974251661,208524.6096343994,18,next_close
2023-09-29,215144.90032885195,7908.075843073149,0.03675697555919544,207236.8244857788,18,next_close
2023-10-02,214809.67231249213,35645.42717909217,0.16593958174861584,179164.24513339996,18,next_close
2023-10-03,211969.71521257758,35645.42717909217,0.16816282997476562,176324.2880334854,18,next_close
2023-10-04,211824.07336592078,35645.42717909217,0.16827845207903064,176178.6461868286,18,next_close
2023-10-05,211253.50441431403,35645.42717909217,0.16873295085881151,175608.07723522186,18,next_close
2023-10-06,215151.591678375,35645.42717909217,0.1656758702133037,179506.16449928284,18,next_close
2023-10-09,217625.5457055509,35645.42717909217,0.16379247695176705,181980.11852645874,18,next_close
2023-10-10,218962.69254087805,35645.42717909217,0.16279223992661462,183317.2653617859,18,next_close
2023-10-11,220356.57589315771,35645.42717909217,0.16176248443965313,184711.14871406555,18,next_close
2023-10-12,219436.97662138342,35645.42717909217,0.16244038597284718,183791.54944229126,18,next_close
2023-10-13,217051.0537593305,35645.42717909217,0.16422600379824168,181405.62658023834,18,next_close
2023-10-16,218896.18151735663,35645.42717909217,0.1628417039164559,183250.75433826447,18,next_close
2023-10-17,219881.90307306647,35645.42717909217,0.16211169123475905,184236.4758939743,18,next_close
2023-10-18,217889.57583975195,35645.42717909217,0.16359399958310897,182244.1486606598,18,next_close
2023-10-19,214441.6159217298,35645.42717909217,0.16622439178084997,178796.18874263763,18,next_close
2023-10-20,211810.26156210303,35645.42717909217,0.1682894252441159,176164.83438301086,18,next_close
2023-10-23,210804.25381063818,35645.42717909217,0.16909254217949435,175158.82663154602,18,next_close
2023-10-24,210991.0278117597,35645.42717909217,0.168942857659777,175345.60063266754,18,next_close
2023-10-25,206157.43726515173,35645.42717909217,0.17290391097191607,170512.01008605957,18,next_close
2023-10-26,204088.6873261869,35645.42717909217,0.17465655566749513,168443.26014709473,18,next_close
2023-10-27,204219.5567452848,35645.42717909217,0.17454463101960085,168574.12956619263,18,next_close
2023-10-30,204469.9526050031,35645.42717909217,0.17433088199493216,168824.52542591095,18,next_close
2023-10-31,207484.86553739905,35645.42717909217,0.1717977216640271,171839.43835830688,18,next_close
2023-11-01,210457.81243318436,62947.4447917354,0.2990976864387954,147510.36764144897,18,next_close
2023-11-02,212803.11405366776,62947.4447917354,0.29580133294412414,149855.66926193237,18,next_close
2023-11-03,213834.0073203456,62947.4447917354,0.29437527538561054,150886.56252861023,18,next_close
2023-11-06,212476.9809569728,62947.4447917354,0.29625536144304704,149529.53616523743,18,next_close
2023-11-07,211991.7508372676,62947.4447917354,0.29693346341601795,149044.30604553223,18,next_close
2023-11-08,210776.25667756912,62947.4447917354,0.29864580472186686,147828.81188583374,18,next_close
2023-11-09,210050.60702508804,62947.4447917354,0.2996775190667127,147103.16223335266,18,next_close
2023-11-10,211724.3187026393,62947.4447917354,0.29730852448812584,148776.87391090393,18,next_close
2023-11-13,213217.59576410172,62947.4447917354,0.2952263135983335,150270.15097236633,18,next_close
2023-11-14,216274.58526224014,62947.4447917354,0.2910533603169763,153327.14047050476,18,next_close
2023-11-15,215621.815298022,62947.4447917354,0.29193449050937864,152674.37050628662,18,next_close
2023-11-16,215135.63237184403,62947.4447917354,0.2925942304291833,152188.18758010864,18,next_close
2023-11-17,216615.45046609757,62947.4447917354,0.2905953599168001,153668.00567436218,18,next_close
2023-11-20,218247.0201911342,62947.4447917354,0.2884229289206694,155299.5753993988,18,next_close
2023-11-21,217208.85728830216,62947.4447917354,0.2898014637965938,154261.41249656677,18,next_close
2023-11-22,218200.81180566666,62947.4447917354,0.28848400824373405,155253.36701393127,18,next_close
2023-11-24,218444.06420511124,62947.4447917354,0.28816276157831405,155496.61941337585,18,next_close
2023-11-27,218891.39086908218,62947.4447917354,0.28757387187230193,155943.9460773468,18,next_close
2023-11-28,217804.97620576737,62947.4447917354,0.28900829488976837,154857.53141403198,18,next_close
2023-11-29,216095.3003634822,62947.4447917354,0.29129483466718115,153147.85557174683,18,next_close
2023-11-30,217510.1191024196,62947.4447917354,0.28940007504706095,154562.6743106842,18,next_close
2023-12-01,219225.49501134513,12568.426265732029,0.05733104292948044,206657.0687456131,18,next_close
2023-12-04,219342.32019139885,12568.426265732029,0.057300507511568115,206773.8939256668,18,next_close
2023-12-05,217979.92380239128,12568.426265732029,0.05765864143124428,205411.49753665924,18,next_close
2023-12-06,215005.01935674308,12568.426265732029,0.058456431869983935,202436.59309101105,18,next_close
2023-12-07,216519.6912574923,12568.426265732029,0.05804749763283768,203951.26499176025,18,next_close
2023-12-08,219637.83105947135,12568.426265732029,0.057223412765940465,207069.40479373932,18,next_close
2023-12-11,221068.28163339256,12568.426265732029,0.0568531413591698,208499.85536766052,18,next_close
2023-12-12,222492.7878513491,12568.426265732029,0.05648914010700064,209924.36158561707,18,next_close
2023-12-13,222405.0366258776,12568.426265732029,0.05651142823206032,209836.61036014557,18,next_close
2023-12-14,224094.3764066851,12568.426265732029,0.056085415739852956,211525.95014095306,18,next_close
2023-12-15,223367.26334191917,12568.426265732029,0.05626798698112232,210798.83707618713,18,next_close
2023-12-18,225446.1528892672,12568.426265732029,0.055749127251265566,212877.72662353516,18,next_close
2023-12-19,226865.7649631655,12568.426265732029,0.055400277198160194,214297.33869743347,18,next_close
2023-12-20,223936.7543211138,12568.426265732029,0.05612489251188106,211368.32805538177,18,next_close
2023-12-21,227273.9708357012,12568.426265732029,0.0553007729812486,214705.54456996918,18,next_close
2023-12-22,227595.86429597496,12568.426265732029,0.05522255997317919,215027.43803024292,18,next_close
2023-12-26,228668.70985795616,12568.426265732029,0.05496347214946571,216100.28359222412,18,next_close
2023-12-27,228826.29200841545,12568.426265732029,0.05492562133231528,216257.8657426834,18,next_close
2023-12-28,227736.34874917625,12568.426265732029,0.05518849465517081,215167.9224834442,18,next_close
2023-12-29,225763.69264032005,12568.426265732029,0.05567071533400045,213195.266374588,18,next_close
2024-01-02,221693.85479973315,14414.410413727732,0.06501944055575637,207279.4443860054,18,next_close
2024-01-03,218255.24127958773,14414.410413727732,0.06604382249525312,203840.83086585999,18,next_close
2024-01-04,217862.5695695734,14414.410413727732,0.06616285873340237,203448.15915584564,18,next_close
2024-01-05,218904.93776129244,14414.410413727732,0.0658478084649059,204490.5273475647,18,next_close
2024-01-08,223601.09261988162,14414.410413727732,0.06446484784505059,209186.68220615387,18,next_close
2024-01-09,224978.49175451754,14414.410413727732,0.06407017089196168,210564.0813407898,18,next_close
2024-01-10,226658.9360604143,14414.410413727732,0.06359515607134798,212244.52564668655,18,next_close
2024-01-11,227919.0076126909,14414.410413727732,0.06324356430255497,213504.59719896317,18,next_close
2024-01-12,228992.6770005083,14414.410413727732,0.06294703657137357,214578.26658678055,18,next_close
2024-01-16,230919.25007627963,14414.410413727732,0.06242186569099897,216504.83966255188,18,next_close
2024-01-17,229340.23829458712,14414.410413727732,0.06285164139060695,214925.82788085938,18,next_close
2024-01-18,232677.26376532076,14414.410413727732,0.06195023175219288,218262.85335159302,18,next_close
2024-01-19,239411.0679244852,14414.410413727732,0.060207786292797084,224996.65751075745,18,next_close
2024-01-22,240433.4345807886,14414.410413727732,0.059951771844295274,226019.02416706085,18,next_close
2024-01-23,240566.92042540072,14414.410413727732,0.059918505787239396,226152.51001167297,18,next_close
2024-01-24,241320.28203581332,14414.410413727732,0.05973145022094973,226905.87162208557,18,next_close
2024-01-25,241098.62043903826,14414.410413727732,0.05978636620765075,226684.21002531052,18,next_close
2024-01-26,240163.5902943468,14414.410413727732,0.060019132775543924,225749.17988061905,18,next_close
2024-01-29,242467.10281799792,14414.410413727732,0.05944893243743487,228052.69240427017,18,next_close
2024-01-30,242040.07785509585,14414.410413727732,0.059553816630142246,227625.6674413681,18,next_close
2024-01-31,237670.99884365557,14414.410413727732,0.06064858768574369,223256.58842992783,18,next_close
2024-02-01,242729.85191964387,4327.410448544004,0.017828093307520332,238402.44147109985,18,next_close
2024-02-02,247484.06493996858,4327.410448544004,0.01748561245587141,243156.65449142456,18,next_close
2024-02-05,250108.03544282197,4327.410448544004,0.017302164806029623,245780.62499427795,18,next_close
2024-02-06,250089.80408334016,4327.410448544004,0.01730342612089029,245762.39363479614,18,next_close
2024-02-07,252084.1601929593,4327.410448544004,0.01716653059530421,247756.74974441528,18,next_close
2024-02-08,255611.69860505342,4327.410448544004,0.016929625960626714,251284.2881565094,18,next_close
2024-02-09,257844.41119240999,4327.410448544004,0.01678302984552487,253517.00074386597,18,next_close
2024-02-12,258531.72546815156,4327.410448544004,0.016738411661887494,254204.31501960754,18,next_close
2024-02-13,255373.70272111177,4327.410448544004,0.016945403549518477,251046.29227256775,18,next_close
2024-02-14,264573.7757916379,4327.410448544004,0.016356157882979328,260246.36534309387,18,next_close
2024-02-15,271771.6557621884,4327.410448544004,0.01592296457998059,267444.2453136444,18,next_close
2024-02-16,260422.01189469575,4327.410448544004,0.01661691504900068,256094.60144615173,18,next_close
2024-02-20,256609.29170083284,4327.410448544004,0.016863810425029747,252281.88125228882,18,next_close
2024-02-21,252920.289310925,4327.410448544004,0.017109779766320547,248592.87886238098,18,next_close
2024-02-22,270553.5910363126,4327.410448544004,0.015994651676839864,266226.18058776855,18,next_close
2024-02-23,264626.47035264253,4327.410448544004,0.016352900912661065,260299.0599040985,18,next_close
2024-02-26,267784.29692124604,4327.410448544004,0.016160060534903854,263456.886472702,18,next_close
2024-02-27,267490.9883522916,4327.410448544004,0.01617778032523738,263163.57790374756,18,next_close
2024-02-28,264977.65028428315,4327.410448544004,0.016331228101318398,260650.23983573914,18,next_close
2024-02-29,271229.68780946016,4327.410448544004,0.015954781659388354,266902.27736091614,18,next_close
2024-03-01,278784.5823417639,183.96326598877567,0.0006598760392109987,278600.61907577515,18,next_close
2024-03-04,286297.13681182615,183.96326598877567,0.0006425606208897883,286113.1735458374,18,next_close
2024-03-05,281689.3337074255,183.96326598877567,0.0006530714655310581,281505.37044143677,18,next_close
2024-03-06,287146.6595970129,183.96326598877567,0.0006406596066517132,286962.69633102417,18,next_close
2024-03-07,285756.3379112219,183.96326598877567,0.0006437766781779271,285572.37464523315,18,next_close
2024-03-08,277743.10399780027,183.96326598877567,0.0006623504358554036,277559.1407318115,18,next_close
2024-03-11,268762.91262206784,183.96326598877567,0.0006844815908341612,268578.9493560791,18,next_close
2024-03-12,278810.7014480566,183.96326598877567,0.0006598142217401531,278626.7381820679,18,next_close
2024-03-13,279957.53091964475,183.96326598877567,0.0006571113317954573,279773.567653656,18,next_close
2024-03-14,276381.3826652502,183.96326598877567,0.0006656138131112462,276197.4193992615,18,next_close
2024-03-15,271964.0612731909,183.96326598877567,0.0006764249111722984,271780.09800720215,18,next_close
2024-03-18,272065.0163475012,183.96326598877567,0.0006761739104075197,271881.05308151245,18,next_close
2024-03-19,269385.33112106076,183.96326598877567,0.0006829000867389593,269201.367855072,18,next_close
2024-03-20,276050.0031219458,183.96326598877567,0.000666412837921648,275866.03985595703,18,next_close
2024-03-21,284287.8898139929,183.96326598877567,0.0006471020137690046,284103.92654800415,18,next_close
2024-03-22,283461.3694740271,183.96326598877567,0.0006489888422190517,283277.40620803833,18,next_close
2024-03-25,284507.26180419675,183.96326598877567,0.0006466030596975857,284323.298538208,18,next_close
2024-03-26,286127.9477287268,183.96326598877567,0.0006429405706400559,285943.98446273804,18,next_close
2024-03-27,285896.17027816526,183.96326598877567,0.0006434618057660127,285712.2070121765,18,next_close
2024-03-28,285662.8101707434,183.96326598877567,0.0006439874545756204,285478.84690475464,18,next_close
2024-04-01,284734.71741686575,1136.1237813067019,0.003990113294275107,283598.5936355591,18,next_close
2024-04-02,280642.35066805594,1136.1237813067019,0.004048297694921,279506.22688674927,18,next_close
2024-04-03,283556.0435048174,1136.1237813067019,0.004006699230472935,282419.91972351074,18,next_close
2024-04-04,274795.55573092215,1136.1237813067019,0.004134432881509867,273659.4319496155,18,next_close
2024-04-05,280461.09855089895,1136.1237813067019,0.004050913966952585,279324.9747695923,18,next_close
2024-04-08,278582.3662243914,1136.1237813067019,0.004078232935933861,277446.2424430847,18,next_close
2024-04-09,275475.5594006609,1136.1237813067019,0.0041242271502361675,274339.43561935425,18,next_close
2024-04-10,272753.8703862261,1136.1237813067019,0.004165380970388882,271617.74660491943,18,next_close
2024-04-11,278271.3564320635,1136.1237813067019,0.004082790970202039,277135.23265075684,18,next_close
2024-04-12,270640.0245419573,1136.1237813067019,0.004197914862110754,269503.90076065063,18,next_close
2024-04-15,265715.54232226126,1136.1237813067019,0.004275714440252067,264579.4185409546,18,next_close
2024-04-16,269423.9162999224,1136.1237813067019,0.004216863138615987,268287.7925186157,18,next_close
2024-04-17,264978.7536145281,1136.1237813067019,0.0042876033108656415,263842.62983322144,18,next_close
2024-04-18,263021.43870745413,1136.1237813067019,0.004319510177154634,261885.31492614746,18,next_close
2024-04-19,248635.58909807916,1136.1237813067019,0.004569433464565427,247499.46531677246,18,next_close
2024-04-22,252778.17473803277,1136.1237813067019,0.004494548560152103,251642.05095672607,18,next_close
2024-04-23,260378.6208401751,1136.1237813067019,0.004363352788492087,259242.4970588684,18,next_close
2024-04-24,260644.90313540216,1136.1237813067019,0.004358895062361906,259508.77935409546,18,next_close
2024-04-25,265051.9361210894,1136.1237813067019,0.004286419476625373,263915.8123397827,18,next_close
2024-04-26,272910.40852938406,1136.1237813067019,0.004162991757730545,271774.2847480774,18,next_close
2024-04-29,274697.4111424517,1136.1237813067019,0.004135910042186508,273561.287361145,18,next_close
2024-04-30,269547.68591128103,1136.1237813067019,0.004214926859660171,268411.56212997437,18,next_close
2024-05-01,261986.70560609573,1068.6797882246428,0.004079137472843498,260918.0258178711,18,next_close
2024-05-02,266160.2097030806,1068.6797882246428,0.004015174880636088,265091.52991485596,18,next_close
2024-05-03,268822.6055961775,1068.6797882246428,0.0039754089350283375,267753.9258079529,18,next_close
2024-05-06,275890.7907196211,1068.6797882246428,0.00387356093125525,274822.1109313965,18,next_close
2024-05-07,273506.20624696487,1068.6797882246428,0.0039073328641751875,272437.52645874023,18,next_close
2024-05-08,274980.3431717085,1068.6797882246428,0.003886386117269907,273911.6633834839,18,next_close
2024-05-09,275726.36599122756,1068.6797882246428,0.0038758708634293016,274657.68620300293,18,next_close
2024-05-10,273647.6126075911,1068.6797882246428,0.003905313764813007,272578.93281936646,18,next_close
2024-05-13,270810.96826707595,1068.6797882246428,0.003946220476456855,269742.2884788513,18,next_close
2024-05-14,276266.46172105544,1068.6797882246428,0.003868293608884318,275197.7819328308,18,next_close
2024-05-15,288454.64473115676,1068.6797882246428,0.0037048451385508644,287385.9649429321,18,next_close
2024-05-16,278906.80925523513,1068.6797882246428,0.0038316733502431815,277838.1294670105,18,next_close
2024-05-17,276532.0686355757,1068.6797882246428,0.0038645781427722545,275463.3888473511,18,next_close
2024-05-20,279574.47009813064,1068.6797882246428,0.0038225228070701027,278505.790309906,18,next_close
2024-05-21,279770.02925645583,1068.6797882246428,0.0038198508648866736,278701.3494682312,18,next_close
2024-05-22,275676.52493058913,1068.6797882246428,0.0038765716032357817,274607.8451423645,18,next_close
2024-05-23,277026.6096588301,1068.6797882246428,0.003857679193853496,275957.92987060547,18,next_close
2024-05-24,284378.01558458083,1068.6797882246428,0.0037579550093835993,283309.3357963562,18,next_close
2024-05-28,285914.0221763777,1068.6797882246428,0.003737766270048078,284845.3423881531,18,next_close
2024-05-29,280777.7189270186,1068.6797882246428,0.0038061417134826873,279709.03913879395,18,next_close
2024-05-30,279677.3047310042,1068.6797882246428,0.0038211173025015648,278608.62494277954,18,next_close
2024-05-31,277241.4475189375,1068.6797882246428,0.003854689830068228,276172.7677307129,18,next_close
2024-06-03,275435.4664568591,11200.482356517292,0.04066463371837265,264234.9841003418,18,next_close
2024-06-04,268456.90958735225,11200.482356517292,0.04172171382637781,257256.42723083496,18,next_close
2024-06-05,276890.2820315051,11200.482356517292,0.040450976734686846,265689.7996749878,18,next_close
2024-06-06,271253.06487986323,11200.482356517292,0.041291634295368924,260052.58252334595,18,next_close
2024-06-07,269621.80353876826,11200.482356517292,0.041541456252839,258421.32118225098,18,next_close
2024-06-10,275076.7480959582,11200.482356517292,0.0407176631032809,263876.2657394409,18,next_close
2024-06-11,276329.7731051135,11200.482356517292,0.040533027732254985,265129.2907485962,18,next_close
2024-06-12,280879.79659220454,11200.482356517292,0.03987642576079873,269679.31423568726,18,next_close
2024-06-13,280744.8251223254,11200.482356517292,0.03989559683473078,269544.3427658081,18,next_close
2024-06-14,275484.66444346186,11200.482356517292,0.04065737154242204,264284.1820869446,18,next_close
2024-06-17,276784.8602823901,11200.482356517292,0.04046638369269904,265584.3779258728,18,next_close
2024-06-18,282373.60114619014,11200.482356517292,0.03966547266123008,271173.11878967285,18,next_close
2024-06-20,277484.8693117785,11200.482356517292,0.04036429944557651,266284.38695526123,18,next_close
2024-06-21,275850.46650263545,11200.482356517292,0.04060345628021725,264649.98414611816,18,next_close
2024-06-24,272817.6740107226,11200.482356517292,0.04105482680743432,261617.19165420532,18,next_close
2024-06-25,276143.9646143603,11200.482356517292,0.040560301117422405,264943.482257843,18,next_close
2024-06-26,274570.47569605586,11200.482356517292,0.04079274120104598,263369.9933395386,18,next_close
2024-06-27,274645.023173778,11200.482356517292,0.04078166874129131,263444.54081726074,18,next_close
2024-06-28,270244.895011394,11200.482356517292,0.041445675989716886,259044.4126548767,18,next_close
2024-07-01,267665.59195708984,9928.984176633316,0.03709473490423475,257736.60778045654,18,next_close
2024-07-02,267590.3859977698,9928.984176633316,0.03710516033530468,257661.40182113647,18,next_close
2024-07-03,271175.7878608679,9928.984176633316,0.03661456745440554,261246.80368423462,18,next_close
2024-07-05,271969.79410552734,9928.984176633316,0.03650767251300252,262040.80992889404,18,next_close
2024-07-08,275452.6946563696,9928.984176633316,0.03604605933886338,265523.7104797363,18,next_close
2024-07-09,275606.1035995459,9928.984176633316,0.0360259952408749,265677.1194229126,18,next_close
2024-07-10,278100.660339353,9928.984176633316,0.03570284286458525,268171.6761627197,18,next_close
2024-07-11,277038.0013732886,9928.984176633316,0.035839791391126634,267109.0171966553,18,next_close
2024-07-12,278090.6348571753,9928.984176633316,0.03570412999248518,268161.650680542,18,next_close
2024-07-15,278760.16770171875,9928.984176633316,0.03561837495828173,268831.18352508545,18,next_close
2024-07-16,281014.41351699585,9928.984176633316,0.03533265092124112,271085.42934036255,18,next_close
2024-07-17,270329.6291313147,9928.984176633316,0.036729174706225914,260400.6449546814,18,next_close
2024-07-18,270760.2123718237,9928.984176633316,0.036670765211981204,260831.22819519043,18,next_close
2024-07-19,270034.7346038794,9928.984176633316,0.03676928522250438,260105.7504272461,18,next_close
2024-07-22,274409.0017280554,9928.984176633316,0.03618315767378918,264480.0175514221,18,next_close
2024-07-23,276934.0105094885,9928.984176633316,0.03585324951011433,267005.0263328552,18,next_close
2024-07-24,268681.08541106933,9928.984176633316,0.036954533518585575,258752.10123443604,18,next_close
2024-07-25,268581.00768279785,9928.984176633316,0.036968303389343676,258652.02350616455,18,next_close
2024-07-26,273316.14035415405,9928.984176633316,0.036327836928209456,263387.15617752075,18,next_close
2024-07-29,272548.64437484497,9928.984176633316,0.03643013598327667,262619.66019821167,18,next_close
2024-07-30,268081.21747588867,9928.984176633316,0.03703722427896812,258152.23329925537,18,next_close
2024-07-31,277621.00612640136,9928.984176633316,0.035764527746551825,267692.02194976807,18,next_close
2024-08-01,274612.97757583373,15899.523329312757,0.05789793137114993,258713.454246521,18,next_close
2024-08-02,265222.1091981482,15899.523329312757,0.059947955988217325,249322.58586883545,18,next_close
2024-08-05,258047.41794448608,15899.523329312757,0.061614735214026564,242147.89461517334,18,next_close
2024-08-06,262198.2098794531,15899.523329312757,0.0606393283028997,246298.68655014038,18,next_close
2024-08-07,259027.53374343627,15899.523329312757,0.06138159561470036,243128.01041412354,18,next_close
2024-08-08,268291.41685729736,15899.523329312757,0.05926213933921569,252391.89352798462,18,next_close
2024-08-09,269907.57060104125,15899.523329312757,0.05890728923944981,254008.04727172852,18,next_close
2024-08-12,272274.38560729736,15899.523329312757,0.05839522250265846,256374.86227798462,18,next_close
2024-08-13,276374.0301919531,15899.523329312757,0.05752900631897246,260474.50686264038,18,next_close
2024-08-14,277770.4406152319,15899.523329312757,0.05723979590519786,261870.9172859192,18,next_close
2024-08-15,282771.8183045935,15899.523329312757,0.056227397145306245,266872.29497528076,18,next_close
2024-08-16,283571.08566146606,15899.523329312757,0.05606891581426601,267671.5623321533,18,next_close
2024-08-19,288187.9058824133,15899.523329312757,0.055170682061169124,272288.3825531006,18,next_close
2024-08-20,284507.397280271,15899.523329312757,0.055884393450937174,268607.87395095825,18,next_close
2024-08-21,286652.6416879248,15899.523329312757,0.05546616712021225,270753.11835861206,18,next_close
2024-08-22,284445.4775186133,15899.523329312757,0.055896558693826794,268545.95418930054,18,next_close
2024-08-23,289842.8140969824,15899.523329312757,0.05485567540754252,273943.2907676697,18,next_close
2024-08-26,286962.84892898315,15899.523329312757,0.05540620811597647,271063.3255996704,18,next_close
2024-08-27,288623.72655730956,15899.523329312757,0.055087374551501825,272724.2032279968,18,next_close
2024-08-28,286691.82184081787,15899.523329312757,0.05545858694965067,270792.2985115051,18,next_close
2024-08-29,285413.3389573645,15899.523329312757,0.05570700860511587,269513.81562805176,18,next_close
2024-08-30,287761.3513475012,15899.523329312757,0.05525246269125439,271861.8280181885,18,next_close
2024-09-03,272942.4695900893,39123.51942147964,0.14333980153486617,233818.95016860962,18,next_close
2024-09-04,274196.13538446184,39123.51942147964,0.14268443049579427,235072.61596298218,18,next_close
2024-09-05,273346.17581739184,39123.51942147964,0.14312810232112413,234222.65639591217,18,next_close
2024-09-06,265972.928789041,39123.51942147964,0.14709587024366244,226849.40936756134,18,next_close
2024-09-09,268959.8773201918,39123.51942147964,0.14546228906441613,229836.35789871216,18,next_close
2024-09-10,270160.2640131926,39123.51942147964,0.1448159653100174,231036.74459171295,18,next_close
2024-09-11,275162.3116530394,39123.51942147964,0.14218342325460503,236038.79223155975,18,next_close
2024-09-12,279445.77079190966,39123.51942147964,0.1400039775538887,240322.25137043,18,next_close
2024-09-13,283944.66993512865,39123.51942147964,0.13778571519027982,244821.150513649,18,next_close
2024-09-16,285704.7327345824,39123.51942147964,0.13693689651905455,246581.21331310272,18,next_close
2024-09-17,286098.72115506884,39123.51942147964,0.1367483198230524,246975.20173358917,18,next_close
2024-09-18,286612.3119591689,39123.51942147964,0.1365032756410451,247488.7925376892,18,next_close
2024-09-19,291508.50094499346,39123.51942147964,0.13421056090869235,252384.9815235138,18,next_close
2024-09-20,294160.34313192125,39123.51942147964,0.1330006587731441,255036.8237104416,18,next_close
2024-09-23,294725.9763211226,39123.51942147964,0.1327454061220993,255602.45689964294,18,next_close
2024-09-24,294370.3630656218,39123.51942147964,0.13290576882142896,255246.84364414215,18,next_close
2024-09-25,294881.3384598708,39123.51942147964,0.13267546744672623,255757.8190383911,18,next_close
2024-09-26,292238.9613503432,39123.51942147964,0.13387509742267875,253115.44192886353,18,next_close
2024-09-27,292712.3963021254,39123.51942147964,0.1336585669610589,253588.87688064575,18,next_close
2024-09-30,294102.0958174681,39123.51942147964,0.13302699973196147,254978.57639598846,18,next_close
2024-10-01,293176.1995869731,41700.91159258835,0.14223839333253052,251475.28799438477,18,next_close
2024-10-02,294143.9819966411,41700.91159258835,0.14177040546443867,252443.07040405273,18,next_close
2024-10-03,296318.0403157329,41700.91159258835,0.14073024898570194,254617.12872314453,18,next_close
2024-10-04,301872.21727190964,41700.91159258835,0.13814093913460906,260171.3056793213,18,next_close
2024-10-07,296494.47966204636,41700.91159258835,0.14064650255923938,254793.568069458,18,next_close
2024-10-08,299189.6668416118,41700.91159258835,0.13937951812575272,257488.75524902344,18,next_close
2024-10-09,298861.3139058208,41700.91159258835,0.1395326516088644,257160.40231323242,18,next_close
2024-10-10,298333.66619311325,41700.91159258835,0.13977943597419906,256632.7546005249,18,next_close
2024-10-11,298731.7089863872,41700.91159258835,0.13959318792799666,257030.79739379883,18,next_close
2024-10-14,301316.19339190476,41700.91159258835,0.138395852951555,259615.2817993164,18,next_close
2024-10-15,297967.4056340312,41700.91159258835,0.13995125239908335,256266.49404144287,18,next_close
2024-10-16,304010.88355456345,41700.91159258835,0.1371691404761959,262309.9719619751,18,next_close
2024-10-17,302678.411546812,41700.91159258835,0.13777299603060367,260977.49995422363,18,next_close
2024-10-18,304943.96766100876,41700.91159258835,0.13674942289379932,263243.0560684204,18,next_close
2024-10-21,305241.0283223247,41700.91159258835,0.13661633831397507,263540.1167297363,18,next_close
2024-10-22,302606.5395756816,41700.91159258835,0.13780571844568149,260905.62798309326,18,next_close
2024-10-23,301126.794649229,41700.91159258835,0.13848289934200023,259425.88305664062,18,next_close
2024-10-24,299356.11265002243,41700.91159258835,0.13930202133985128,257655.20105743408,18,next_close
2024-10-25,299500.8638173198,41700.91159258835,0.13923469555675064,257799.95222473145,18,next_close
2024-10-28,303113.35914050095,41700.91159258835,0.13757530090667794,261412.4475479126,18,next_close
2024-10-29,302937.37949572556,41700.91159258835,0.13765521990717805,261236.4679031372,18,next_close
2024-10-30,300635.38845263474,41700.91159258835,0.138709257773086,258934.4768600464,18,next_close
2024-10-31,295777.5381947612,41700.91159258835,0.14098741860894615,254076.62660217285,18,next_close
2024-11-01,294040.2406513118,40846.799229803015,0.13891567745736294,253193.4414215088,18,next_close
2024-11-04,292449.3442670726,40846.799229803015,0.13967136541944378,251602.5450372696,18,next_close
2024-11-05,300764.1201450252,40846.799229803015,0.1358100800391587,259917.32091522217,18,next_close
2024-11-06,311503.75581854815,40846.799229803015,0.1311277904899368,270656.9565887451,18,next_close
2024-11-07,316485.4234725856,40846.799229803015,0.12906376155216898,275638.6242427826,18,next_close
2024-11-08,321500.0708677196,40846.799229803015,0.12705066944327154,280653.27163791656,18,next_close
2024-11-11,323892.7012063884,40846.799229803015,0.12611213243664585,283045.9019765854,18,next_close
2024-11-12,320678.03840083117,40846.799229803015,0.12737635365832756,279831.23917102814,18,next_close
2024-11-13,319151.962124052,40846.799229803015,0.12798542411569497,278305.16289424896,18,next_close
2024-11-14,314143.06757182116,40846.799229803015,0.1300261041745395,273296.2683420181,18,next_close
2024-11-15,310520.35309618944,40846.799229803015,0.13154306576854227,269673.5538663864,18,next_close
2024-11-18,313153.646218481,40846.799229803015,0.13043692680271404,272306.846988678,18,next_close
2024-11-19,319297.5309030437,40846.799229803015,0.12792707514611615,278450.73167324066,18,next_close
2024-11-20,320235.79298705095,40846.799229803015,0.12755226031668077,279388.9937572479,18,next_close
2024-11-21,329573.1026737117,40846.799229803015,0.12393850984327048,288726.3034439087,18,next_close
2024-11-22,333266.5012609386,40846.799229803015,0.1225649715025546,292419.70203113556,18,next_close
2024-11-25,329193.066389265,40846.799229803015,0.12408159041084539,288346.267159462,18,next_close
2024-11-26,333170.8516466045,40846.799229803015,0.1226001585310631,292324.05241680145,18,next_close
2024-11-27,329632.7619687938,40846.799229803015,0.12391607856524274,288785.9627389908,18,next_close
2024-11-29,331503.0254156017,40846.799229803015,0.1232169726915579,290656.22618579865,18,next_close
2024-12-02,327150.58946771617,26768.595567417084,0.08182346732423863,300381.9939002991,18,next_close
2024-12-03,330706.4225632667,26768.595567417084,0.08094368219382266,303937.8269958496,18,next_close
2024-12-04,332724.597257328,26768.595567417084,0.08045271010340828,305956.0016899109,18,next_close
2024-12-05,333614.59147424693,26768.595567417084,0.08023808385936099,306845.99590682983,18,next_close
2024-12-06,334877.3766762733,26768.595567417084,0.07993551500283742,308108.7811088562,18,next_close
2024-12-09,323622.7939126014,26768.595567417084,0.08271542076435535,296854.1983451843,18,next_close
2024-12-10,320339.82988901134,26768.595567417084,0.08356311975532872,293571.23432159424,18,next_close
2024-12-11,325568.2784935951,26768.595567417084,0.08222114172570932,298799.682926178,18,next_close
2024-12-12,322309.2467858314,26768.595567417084,0.08305252124896163,295540.6512184143,18,next_close
2024-12-13,323389.0648743629,26768.595567417084,0.08277520323025368,296620.4693069458,18,next_close
2024-12-16,326460.35551233287,26768.595567417084,0.08199646638688364,299691.7599449158,18,next_close
2024-12-17,320321.4410988807,26768.595567417084,0.08356791688869128,293552.8455314636,18,next_close
2024-12-18,306695.1611611366,26768.595567417084,0.0872807887352124,279926.5655937195,18,next_close
2024-12-19,309795.47495050426,26768.595567417084,0.08640731621949571,283026.87938308716,18,next_close
2024-12-20,317094.764192295,26768.595567417084,0.08441828308203748,290326.16862487793,18,next_close
2024-12-23,318719.5523240089,26768.595567417084,0.08398793036771163,291950.9567565918,18,next_close
2024-12-24,324084.84955759044,26768.595567417084,0.08259749137906015,297316.25399017334,18,next_close
2024-12-26,324832.12869424815,26768.595567417084,0.08240747513191135,298063.53312683105,18,next_close
2024-12-27,318960.28187341685,26768.595567417084,0.08392454198432305,292191.68630599976,18,next_close
2024-12-30,315613.49168558116,26768.595567417084,0.08481448440133338,288844.89611816406,18,next_close
2024-12-31,314036.85556192393,26768.595567417084,0.08524029932575436,287268.25999450684,18,next_close
2025-01-02,317817.9848619317,25831.56613977901,0.08127786144953661,291986.4187221527,18,next_close
2025-01-03,325386.2762304162,25831.56613977901,0.07938738670553785,299554.7100906372,18,next_close
2025-01-06,326643.6863866662,25831.56613977901,0.07908178610622449,300812.1202468872,18,next_close
2025-01-07,321401.68138750544,25831.56613977901,0.08037159615426709,295570.11524772644,18,next_close
2025-01-08,323411.32002123346,25831.56613977901,0.0798721768244941,297579.75388145447,18,next_close
2025-01-10,321533.36235865107,25831.56613977901,0.08033868072130398,295701.79621887207,18,next_close
2025-01-13,317897.959511361,25831.56613977901,0.08125741410698122,292066.39337158203,18,next_close
2025-01-14,322760.0280843591,25831.56613977901,0.08003334952315555,296928.4619445801,18,next_close
2025-01-15,326530.292040429,25831.56613977901,0.07910924887967423,300698.72590065,18,next_close
2025-01-16,330654.14299257746,25831.56613977901,0.07812261448167876,304822.57685279846,18,next_close
2025-01-17,332980.56786783686,25831.56613977901,0.07757679766475684,307149.00172805786,18,next_close
2025-01-21,338770.9420705651,25831.56613977901,0.07625083185085679,312939.37593078613,18,next_close
2025-01-22,342766.7020517205,25831.56613977901,0.07536194731039321,316935.1359119415,18,next_close
2025-01-23,345900.380800805,25831.56613977901,0.07467920700166773,320068.814661026,18,next_close
2025-01-24,346509.4506498193,25831.56613977901,0.0745479411639028,320677.8845100403,18,next_close
2025-01-27,322658.08097895136,25831.56613977901,0.08005863687469254,296826.51483917236,18,next_close
2025-01-28,331797.2033964013,25831.56613977901,0.077853477592208,305965.6372566223,18,next_close
2025-01-29,333558.9414525842,25831.56613977901,0.07744228359547962,307727.3753128052,18,next_close
2025-01-30,343227.64588602533,25831.56613977901,0.07526073860715994,317396.07974624634,18,next_close
2025-01-31,340474.68017633905,25831.56613977901,0.07586927205982041,314643.11403656006,18,next_close
2025-02-03,340218.447500472,19731.619508986405,0.05799691243655748,320486.8279914856,18,next_close
2025-02-04,348574.1445448446,19731.619508986405,0.056606664085057816,328842.52503585815,18,next_close
2025-02-05,352671.004141097,19731.619508986405,0.05594908364253319,332939.3846321106,18,next_close
2025-02-06,353251.8480436849,19731.619508986405,0.05585708784896801,333520.2285346985,18,next_close
2025-02-07,351660.772966628,19731.619508986405,0.05610981100487685,331929.1534576416,18,next_close
2025-02-10,354063.0832274007,19731.619508986405,0.05572910716679707,334331.4637184143,18,next_close
2025-02-11,348956.4006006765,19731.619508986405,0.05654465565045192,329224.78109169006,18,next_close
2025-02-12,351435.5798800039,19731.619508986405,0.05614576508082556,331703.96037101746,18,next_close
2025-02-13,357288.3242094564,19731.619508986405,0.05522604062879748,337556.70470046997,18,next_close
2025-02-14,360845.72016358847,19731.619508986405,0.05468159494878068,341114.10065460205,18,next_close
2025-02-18,365163.9446165609,19731.619508986405,0.05403496100828225,345432.32510757446,18,next_close
2025-02-19,356406.1464636373,19731.619508986405,0.05536273631857677,336674.5269546509,18,next_close
2025-02-20,344627.9574930715,19731.619508986405,0.05725484273684643,324896.3379840851,18,next_close
2025-02-21,328262.5651228475,19731.619508986405,0.060109258884278,308530.9456138611,18,next_close
2025-02-24,320507.47010446066,19731.619508986405,0.061563680567430834,300775.85059547424,18,next_close
2025-02-25,314576.233696227,19731.619508986405,0.06272444449201588,294844.6141872406,18,next_close
2025-02-26,321210.2304251241,19731.619508986405,0.061428988369615314,301478.6109161377,18,next_close
2025-02-27,311898.2709410238,19731.619508986405,0.06326299741724896,292166.65143203735,18,next_close
2025-02-28,317110.542082076,19731.619508986405,0.06222315845898108,297378.9225730896,18,next_close
2025-03-03,306179.9245508717,66879.87021241654,0.2184332310830669,239300.0543384552,18,next_close
2025-03-04,300828.8633612202,66879.87021241654,0.22231866139822676,233948.9931488037,18,next_close
2025-03-05,304153.34121118055,66879.87021241654,0.21988865861572218,237273.47099876404,18,next_close
2025-03-06,294974.18620572553,66879.87021241654,0.2267312644292614,228094.31599330902,18,next_close
2025-03-07,296554.53027425276,66879.87021241654,0.22552300971617678,229674.66006183624,18,next_close
2025-03-10,288598.62191567884,66879.87021241654,0.23174008859944292,221718.75170326233,18,next_close
2025-03-11,288947.5501535939,66879.87021241654,0.2314602431370872,222067.67994117737,18,next_close
2025-03-12,291980.44997678266,66879.87021241654,0.229055987199604,225100.57976436615,18,next_close
2025-03-13,286607.07717118727,66879.87021241654,0.23335037945511,219727.20695877075,18,next_close
2025-03-14,294201.3897436665,66879.87021241654,0.2273268330604693,227321.51953125,18,next_close
2025-03-17,297288.46688256727,66879.87021241654,0.22496624545759772,230408.59667015076,18,next_close
2025-03-18,295510.92716680036,66879.87021241654,0.2263194490086195,228631.05695438385,18,next_close
2025-03-19,299192.4901436375,66879.87021241654,0.22353458865330672,232312.619931221,18,next_close
2025-03-20,298633.60239491926,66879.87021241654,0.223952929864782,231753.73218250275,18,next_close
2025-03-21,299519.8046635197,66879.87021241654,0.22329031059415028,232639.9344511032,18,next_close
2025-03-24,305014.68198667036,66879.87021241654,0.2192677079568888,238134.81177425385,18,next_close
2025-03-25,305356.1891106175,66879.87021241654,0.2190224812773938,238476.318898201,18,next_close
2025-03-26,302612.2456997441,66879.87021241654,0.2210084726008598,235732.37548732758,18,next_close
2025-03-27,300802.1567019032,66879.87021241654,0.22233839991611132,233922.2864894867,18,next_close
2025-03-28,294895.41398892866,66879.87021241654,0.22679182869533343,228015.54377651215,18,next_close
2025-03-31,302631.6000755833,66879.87021241654,0.2209943383166631,235751.7298631668,18,next_close
2025-04-01,300017.8055908822,184070.49795080652,0.6135319121752838,115947.30764007568,18,next_close
2025-04-02,299771.79014517297,184070.49795080652,0.61403542295179,115701.29219436646,18,next_close
2025-04-03,296711.51047827234,184070.49795080652,0.6203685784016312,112641.01252746582,18,next_close
2025-04-04,288228.1921646737,184070.49795080652,0.6386276670869216,104157.69421386719,18,next_close
2025-04-07,288433.3562271737,184070.49795080652,0.6381734080916436,104362.85827636719,18,next_close
2025-04-08,287210.39297415246,184070.49795080652,0.6408907980129116,103139.89502334595,18,next_close
2025-04-09,293886.59250189294,184070.49795080652,0.62633173015411,109816.09455108643,18,next_close
2025-04-10,291535.27258993615,184070.49795080652,0.6313832844841178,107464.77463912964,18,next_close
2025-04-11,293266.2817032479,184070.49795080652,0.6276565341291601,109195.7837524414,18,next_close
2025-04-14,294568.3058502816,184070.49795080652,0.6248822235626492,110497.8078994751,18,next_close
2025-04-15,296057.61941076745,184070.49795080652,0.6217387626001831,111987.12145996094,18,next_close
2025-04-16,293584.96359564294,184070.49795080652,0.626975222764911,109514.46564483643,18,next_close
2025-04-17,293996.9703591012,184070.49795080652,0.6260965809476693,109926.47240829468,18,next_close
2025-04-21,291453.1770889901,184070.49795080652,0.6315611302964244,107382.6791381836,18,next_close
2025-04-22,294912.7617485665,184070.49795080652,0.6241523658028041,110842.26379776001,18,next_close
2025-04-23,296673.94377066125,184070.49795080652,0.6204471333454854,112603.44581985474,18,next_close
2025-04-24,299085.6260750436,184070.49795080652,0.615444146769599,115015.12812423706,18,next_close
2025-04-25,299872.3004181527,184070.49795080652,0.6138296124521405,115801.80246734619,18,next_close
2025-04-28,300788.6493218087,184070.49795080652,0.6119595881221986,116718.1513710022,18,next_close
2025-04-29,301649.4190361642,184070.49795080652,0.6102133348671845,117578.92108535767,18,next_close
2025-04-30,302450.40888144006,184070.49795080652,0.6085972858544284,118379.91093063354,18,next_close
2025-05-01,301353.7321595239,178053.221951394,0.5908445887676619,123300.51020812988,18,next_close
2025-05-02,304542.49129190913,178053.221951394,0.584658059360022,126489.26934051514,18,next_close
2025-05-05,305044.38119974604,178053.221951394,0.5836961207123595,126991.15924835205,18,next_close
2025-05-06,302182.97491541377,178053.221951394,0.5892232082275124,124129.75296401978,18,next_close
2025-05-07,302198.5917672204,178053.221951394,0.5891927586762087,124145.36981582642,18,next_close
2025-05-08,302216.7672776269,178053.221951394,0.5891573242454415,124163.54532623291,18,next_close
2025-05-09,301706.01412287226,178053.221951394,0.590154699000731,123652.79217147827,18,next_close
2025-05-12,306481.1799210595,178053.221951394,0.5809597248263506,128427.95796966553,18,next_close
2025-05-13,308955.4106568383,178053.221951394,0.5763071815860202,130902.18870544434,18,next_close
2025-05-14,308194.87519922724,178053.221951394,0.5777293403606876,130141.65324783325,18,next_close
2025-05-15,309339.38982859126,178053.221951394,0.5755918185849382,131286.16787719727,18,next_close
2025-05-16,311544.8470543908,178053.221951394,0.571517146359056,133491.62510299683,18,next_close
2025-05-19,311966.524685769,178053.221951394,0.5707446404089017,133913.302734375,18,next_close
2025-05-20,312065.4484871911,178053.221951394,0.5705637160875959,134012.22653579712,18,next_close
2025-05-21,309645.2824524926,178053.221951394,0.5750232024888409,131592.06050109863,18,next_close
2025-05-22,309360.02459421626,178053.221951394,0.5755534257696812,131306.80264282227,18,next_close
2025-05-23,310457.8896340417,178053.221951394,0.573518109529372,132404.6676826477,18,next_close
2025-05-27,310595.1895646142,178053.221951394,0.5732645833986845,132541.96761322021,18,next_close
2025-05-28,310185.97942438594,178053.221951394,0.5740208576861161,132132.75747299194,18,next_close
2025-05-29,309365.4169434594,178053.221951394,0.5755433936687744,131312.19499206543,18,next_close
2025-05-30,311736.09450235835,178053.221951394,0.5711665254407907,133682.87255096436,18,next_close
2025-06-02,311670.1110320233,34474.57492972839,0.11061238697407919,277195.5361022949,18,next_close
2025-06-03,313297.87481833925,34474.57492972839,0.11003769160489174,278823.29988861084,18,next_close
2025-06-04,312494.7102599286,34474.57492972839,0.11032050718891509,278020.1353302002,18,next_close
2025-06-05,310253.9099288129,34474.57492972839,0.11111729401778857,275779.3349990845,18,next_close
2025-06-06,313671.8642592572,34474.57492972839,0.10990649419941069,279197.2893295288,18,next_close
2025-06-09,312336.12115622987,34474.57492972839,0.11037652258121078,277861.54622650146,18,next_close
2025-06-10,307412.2525572919,34474.57492972839,0.11214444005709702,272937.6776275635,18,next_close
2025-06-11,310704.4897246503,34474.57492972839,0.11095615309672588,276229.9147949219,18,next_close
2025-06-12,311125.26125480165,34474.57492972839,0.11080609395292662,276650.68632507324,18,next_close
2025-06-13,311352.88610984315,34474.57492972839,0.11072508548247727,276878.31118011475,18,next_close
2025-06-16,313597.0231642865,34474.57492972839,0.10993272379268705,279122.4482345581,18,next_close
2025-06-17,311521.22734214296,34474.57492972839,0.11066525136620964,277046.65241241455,18,next_close
2025-06-18,309350.1886763715,34474.57492972839,0.11144190691215053,274875.61374664307,18,next_close
2025-06-20,308257.9319090985,34474.57492972839,0.11183678134807742,273783.3569793701,18,next_close
2025-06-23,311961.4238524579,34474.57492972839,0.11050909597730627,277486.8489227295,18,next_close
2025-06-24,316351.98853446473,34474.57492972839,0.10897536977540631,281877.4136047363,18,next_close
2025-06-25,314488.59372855653,34474.57492972839,0.10962106612834523,280014.0187988281,18,next_close
2025-06-26,320097.88181449403,34474.57492972839,0.10770010327562056,285623.3068847656,18,next_close
2025-06-27,317107.9146361493,34474.57492972839,0.10871559282676573,282633.3397064209,18,next_close
2025-06-30,318183.6230788373,34474.57492972839,0.10834804945692168,283709.0481491089,18,next_close
2025-07-01,312669.15739746555,5120.514739231934,0.016376782353120706,307548.64265823364,18,next_close
2025-07-02,314909.56460495456,5120.514739231934,0.016260270613423507,309789.04986572266,18,next_close
2025-07-03,320393.6681968735,5120.514739231934,0.015981947358852024,315273.1534576416,18,next_close
2025-07-07,323359.9803154038,5120.514739231934,0.01583533848015889,318239.4655761719,18,next_close
2025-07-08,319588.713931279,5120.514739231934,0.016022201398304056,314468.1991920471,18,next_close
2025-07-09,322604.57019730075,5120.514739231934,0.01587241847225008,317484.05545806885,18,next_close
2025-07-10,319313.84292145236,5120.514739231934,0.016035993592960276,314193.32818222046,18,next_close
2025-07-11,320341.8385803269,5120.514739231934,0.015984533153473635,315221.32384109497,18,next_close
2025-07-14,324229.2690841721,5120.514739231934,0.015792882467691755,319108.7543449402,18,next_close
2025-07-15,323253.30064316257,5120.514739231934,0.01584056443984911,318132.78590393066,18,next_close
2025-07-16,323002.03422470554,5120.514739231934,0.015852886968723244,317881.51948547363,18,next_close
2025-07-17,326530.09350891574,5120.514739231934,0.015681601301143537,321409.57876968384,18,next_close
2025-07-18,328713.1503517197,5120.514739231934,0.015577456313363295,323592.6356124878,18,next_close
2025-07-21,326958.7694618271,5120.514739231934,0.015661041138796437,321838.2547225952,18,next_close
2025-07-22,322718.8252784775,5120.514739231934,0.01586679901556219,317598.3105392456,18,next_close
2025-07-23,329428.16071625217,5120.514739231934,0.015543646080829168,324307.64597702026,18,next_close
2025-07-24,328115.5454666184,5120.514739231934,0.015605827916351747,322995.0307273865,18,next_close
2025-07-25,333811.25018234714,5120.514739231934,0.015339551127874843,328690.73544311523,18,next_close
2025-07-28,335249.52668686374,5120.514739231934,0.015273741889618525,330129.01194763184,18,next_close
2025-07-29,331338.20675583347,5120.514739231934,0.015454042530643905,326217.69201660156,18,next_close
2025-07-30,334334.79896851047,5120.514739231934,0.015315530285898276,329214.28422927856,18,next_close
2025-07-31,329036.9311401413,5120.514739231934,0.015562127696392345,323916.4164009094,18,next_close
2025-08-01,321794.4723510216,776.170906014293,0.0024120081999656788,321018.3014450073,18,next_close
2025-08-04,328323.0775298546,776.170906014293,0.002364046145808058,327546.90662384033,18,next_close
2025-08-05,326386.52933878405,776.170906014293,0.002378072733536867,325610.3584327698,18,next_close
2025-08-06,328421.15138620837,776.170906014293,0.0023633401890779905,327644.9804801941,18,next_close
2025-08-07,330725.6207808922,776.170906014293,0.0023468726256576024,329949.44987487793,18,next_close
2025-08-08,332102.679641671,776.170906014293,0.002337141352944693,331326.50873565674,18,next_close
2025-08-11,330776.39985270007,776.170906014293,0.0023465123459833715,330000.2289466858,18,next_close
2025-08-12,337328.3416518639,776.170906014293,0.0023009359433407224,336552.1707458496,18,next_close
2025-08-13,334128.76802057726,776.170906014293,0.0023229694067123624,333352.597114563,18,next_close
2025-08-14,329898.9745444725,776.170906014293,0.0023527533151202935,329122.80363845825,18,next_close
2025-08-15,328984.1062392662,776.170906014293,0.0023592960610984443,328207.93533325195,18,next_close
2025-08-18,333307.2488936852,776.170906014293,0.0023286949461512247,332531.0779876709,18,next_close
2025-08-19,321565.82215113146,776.170906014293,0.0024137232645623126,320789.6512451172,18,next_close
2025-08-20,319522.5737838219,776.170906014293,0.002429158280815001,318746.4028778076,18,next_close
2025-08-21,318829.31532282336,776.170906014293,0.0024344402120877713,318053.1444168091,18,next_close
2025-08-22,324033.8022765587,776.170906014293,0.0023953393150997287,323257.63137054443,18,next_close
2025-08-25,321645.50073236926,776.170906014293,0.0024131253328493456,320869.329826355,18,next_close
2025-08-26,327658.33097834093,776.170906014293,0.0023688422745020937,326882.16007232666,18,next_close
2025-08-27,327252.6177443932,776.170906014293,0.002371779059749297,326476.4468383789,18,next_close
2025-08-28,332115.88314051135,776.170906014293,0.0023370484382582543,331339.71223449707,18,next_close
2025-08-29,323939.46054834826,776.170906014293,0.0023960369159732203,323163.289642334,18,next_close
2025-09-02,319098.40402358514,181.1582235668575,0.0005677189897617531,318917.2458000183,18,next_close
2025-09-03,321739.3137182568,181.1582235668575,0.0005630590227636761,321558.15549468994,18,next_close
2025-09-04,328002.32559340936,181.1582235668575,0.0005523077412305322,327821.16736984253,18,next_close
2025-09-05,327210.1645712231,181.1582235668575,0.0005536448533139171,327029.00634765625,18,next_close
2025-09-08,332881.7231306408,181.1582235668575,0.0005442119857561575,332700.564907074,18,next_close
2025-09-09,334189.3224691723,181.1582235668575,0.0005420826201997182,334008.16424560547,18,next_close
2025-09-10,345379.6201834057,181.1582235668575,0.0005245191464124539,345198.46195983887,18,next_close
2025-09-11,345870.2515920971,181.1582235668575,0.0005237750940792296,345689.0933685303,18,next_close
2025-09-12,344950.33497374994,181.1582235668575,0.0005251719021540979,344769.1767501831,18,next_close
2025-09-15,351185.07381194574,181.1582235668575,0.0005158483007277951,351003.9155883789,18,next_close
2025-09-16,350488.3023466442,181.1582235668575,0.000516873808209685,350307.1441230774,18,next_close
2025-09-17,350159.499501643,181.1582235668575,0.0005173591572545856,349978.3412780762,18,next_close
2025-09-18,357988.9719099377,181.1582235668575,0.0005060441459979751,357807.81368637085,18,next_close
2025-09-19,361591.70118087274,181.1582235668575,0.0005010021606558936,361410.5429573059,18,next_close
2025-09-22,368309.09260314447,181.1582235668575,0.0004918646517425425,368127.93437957764,18,next_close
2025-09-23,363654.6625646923,181.1582235668575,0.00049816004637265,363473.5043411255,18,next_close
2025-09-24,355526.09952682,181.1582235668575,0.0005095497174693116,355344.9413032532,18,next_close
2025-09-25,351540.5815405224,181.1582235668575,0.0005153266310620108,351359.42331695557,18,next_close
2025-09-26,350891.14421981317,181.1582235668575,0.0005162804093265239,350709.98599624634,18,next_close
2025-09-29,358241.7321066235,181.1582235668575,0.0005056871026766344,358060.57388305664,18,next_close
2025-09-30,362788.03891890985,181.1582235668575,0.0004993500450199513,362606.880695343,18,next_close
2025-10-01,368721.4027291535,5092.129413723804,0.013810235522086732,363629.2733154297,18,next_close
2025-10-02,373820.40170681465,5092.129413723804,0.013621860632736503,368728.2722930908,18,next_close
2025-10-03,371133.5233193635,5092.129413723804,0.013720478193887067,366041.39390563965,18,next_close
2025-10-06,376932.1446954011,5092.129413723804,0.013509406097054297,371840.01528167725,18,next_close
2025-10-07,371158.9477807282,5092.129413723804,0.013719538338415894,366066.8183670044,18,next_close
2025-10-08,381797.3465691804,5092.129413723804,0.0133372572111397,376705.21715545654,18,next_close
2025-10-09,383030.92597591865,5092.129413723804,0.013294303588540913,377938.7965621948,18,next_close
2025-10-10,366669.5383416413,5092.129413723804,0.0138875169089701,361577.4089279175,18,next_close
2025-10-13,380344.17976009834,5092.129413723804,0.0133882143718767,375252.0503463745,18,next_close
2025-10-14,371258.34088528145,5092.129413723804,0.01371586535020709,366166.2114715576,18,next_close
2025-10-15,380349.61391079414,5092.129413723804,0.013388023091087175,375257.4844970703,18,next_close
2025-10-16,381596.9593697785,5092.129413723804,0.013344260976643115,376504.8299560547,18,next_close
2025-10-17,376979.82775509346,5092.129413723804,0.013507697332367416,371887.6983413696,18,next_close
2025-10-20,378684.62269985664,5092.129413723804,0.013446887220872969,373592.4932861328,18,next_close
2025-10-21,373826.1941872834,5092.129413723804,0.013621649560417629,368734.06477355957,18,next_close
2025-10-22,367771.68460476387,5092.129413723804,0.01384589849323556,362679.55519104004,18,next_close
2025-10-23,380375.48250210274,5092.129413723804,0.013387112597867436,375283.3530883789,18,next_close
2025-10-24,389797.37255489815,5092.129413723804,0.013063529341790626,384705.2431411743,18,next_close
2025-10-27,393228.6925317048,5092.129413723804,0.012949536771946624,388136.56311798096,18,next_close
2025-10-28,393909.9489403962,5092.129413723804,0.012927140904720613,388817.81952667236,18,next_close
2025-10-29,414285.2869988679,5092.129413723804,0.012291359537800141,409193.15758514404,18,next_close
2025-10-30,407247.85927212227,5092.129413723804,0.012503759805699193,402155.72985839844,18,next_close
2025-10-31,414949.5778008698,5092.129413723804,0.012271682358880398,409857.448387146,18,next_close
2025-11-03,420335.8650512551,20862.37358091816,0.049632627894777036,399473.4914703369,18,next_close
2025-11-04,405307.60232351767,20862.37358091816,0.05147293922275298,384445.2287425995,18,next_close
2025-11-05,424170.8648948525,20862.37358091816,0.049183890991875936,403308.4913139343,18,next_close
2025-11-06,415116.4736938332,20862.37358091816,0.05025667469970147,394254.10011291504,18,next_close
2025-11-07,411910.2573547219,20862.37358091816,0.05064786129604016,391047.8837738037,18,next_close
2025-11-10,427900.8196697091,20862.37358091816,0.0487551615279016,407038.4460887909,18,next_close
2025-11-11,417148.339605317,20862.37358091816,0.05001188210567253,396285.9660243988,18,next_close
2025-11-12,415383.8626308297,20862.37358091816,0.050224323710571034,394521.4890499115,18,next_close
2025-11-13,395250.9423560952,20862.37358091816,0.05278260301305627,374388.568775177,18,next_close
2025-11-14,398500.9921932076,20862.37358091816,0.052352124560842574,377638.6186122894,18,next_close
2025-11-17,394669.5943832253,20862.37358091816,0.05286035174186926,373807.2208023071,18,next_close
2025-11-18,386520.2080631112,20862.37358091816,0.05397485861207998,365657.834482193,18,next_close
2025-11-19,389721.91577146994,20862.37358091816,0.05353143545858915,368859.54219055176,18,next_close
2025-11-20,368459.71881674277,20862.37358091816,0.056620500194471124,347597.3452358246,18,next_close
2025-11-21,371309.7911510323,20862.37358091816,0.05618589673126145,350447.41757011414,18,next_close
2025-11-24,389978.7626113747,20862.37358091816,0.05349617871809119,369116.38903045654,18,next_close
2025-11-25,393001.2784309243,20862.37358091816,0.05308474736828376,372138.9048500061,18,next_close
2025-11-26,403211.22722433554,20862.37358091816,0.051740557237288716,382348.85364341736,18,next_close
2025-11-28,409562.4783515786,20862.37358091816,0.05093819547358384,388700.1047706604,18,next_close
2025-12-01,406141.4493294762,15781.754627327751,0.038857778868379024,390359.69470214844,18,next_close
2025-12-02,406340.829082589,15781.754627327751,0.038838712474350195,390559.07445526123,18,next_close
2025-12-03,399192.3171196984,15781.754627327751,0.03953421433858801,383410.5624923706,18,next_close
2025-12-04,403345.6886483239,15781.754627327751,0.03912711867632686,387563.9340209961,18,next_close
2025-12-05,409257.44285974966,15781.754627327751,0.03856192453593587,393475.6882324219,18,next_close
2025-12-08,412927.93518457876,15781.754627327751,0.038219149838514335,397146.180557251,18,next_close
2025-12-09,414315.97707758413,15781.754627327751,0.03809110799599332,398534.22245025635,18,next_close
2025-12-10,424304.7325326012,15781.754627327751,0.0371943874703664,408522.97790527344,18,next_close
2025-12-11,431415.4927102135,15781.754627327751,0.0365813349172616,415633.73808288574,18,next_close
2025-12-12,408469.6685067223,15781.754627327751,0.03863629504002701,392687.91387939453,18,next_close
2025-12-15,406571.6476250695,15781.754627327751,0.03881666299043386,390789.8929977417,18,next_close
2025-12-16,403145.7902871178,15781.754627327751,0.03914651971458784,387364.03565979004,18,next_close
2025-12-17,391805.8521004723,15781.754627327751,0.040279527584189255,376024.09747314453,18,next_close
2025-12-18,404383.97186670767,15781.754627327751,0.03902665715081731,388602.2172393799,18,next_close
2025-12-19,419850.8071938561,15781.754627327751,0.03758895864177987,404069.0525665283,18,next_close
2025-12-22,427444.27058802114,15781.754627327751,0.036921198184776946,411662.51596069336,18,next_close
2025-12-23,427127.6477776574,15781.754627327751,0.036948567271259836,411345.8931503296,18,next_close
2025-12-24,430623.38163385855,15781.754627327751,0.03664862452997578,414841.62700653076,18,next_close
2025-12-26,431277.31648645864,15781.754627327751,0.0365930551504516,415495.56185913086,18,next_close
2025-12-29,428160.605922799,15781.754627327751,0.036859427067826356,412378.8512954712,18,next_close
2025-12-30,425446.0691872643,15781.754627327751,0.037094606744107105,409664.3145599365,18,next_close
2025-12-31,420240.52461634146,15781.754627327751,0.03755409986158689,404458.7699890137,18,next_close
2026-01-02,440102.8223459099,13582.300472435782,0.030861652738414912,426520.5218734741,18,next_close
2026-01-05,441091.783798394,13582.300472435782,0.03079245855697853,427509.48332595825,18,next_close
2026-01-06,464078.58248156053,13582.300472435782,0.029267242629055078,450496.28200912476,18,next_close
2026-01-07,464614.69895952684,13582.300472435782,0.02923347131042652,451032.39848709106,18,next_close
2026-01-08,456214.9845964287,13582.300472435782,0.029771710555388246,442632.6841239929,18,next_close
2026-01-09,472620.8540078972,13582.300472435782,0.028738258917810743,459038.5535354614,18,next_close
2026-01-12,479165.3250238274,13582.300472435782,0.028345749917860555,465583.0245513916,18,next_close
2026-01-13,484092.7990152214,13582.300472435782,0.0280572247719155,470510.49854278564,18,next_close
2026-01-14,480137.912616906,13582.300472435782,0.02828833157208494,466555.6121444702,18,next_close
2026-01-15,488584.6790887688,13582.300472435782,0.027799276264182802,475002.378616333,18,next_close
2026-01-16,495643.3752328728,13582.300472435782,0.02740337337516976,482061.074760437,18,next_close
2026-01-20,493128.69851320726,13582.300472435782,0.027543115039515415,479546.3980407715,18,next_close
2026-01-21,502966.1310541008,13582.300472435782,0.02700440374378771,489383.83058166504,18,next_close
2026-01-22,508885.8238717888,13582.300472435782,0.026690270853089774,495303.523399353,18,next_close
2026-01-23,505743.9945031975,13582.300472435782,0.02685607860905585,492161.6940307617,18,next_close
2026-01-26,493986.14661806566,13582.300472435782,0.0274953064279699,480403.8461456299,18,next_close
2026-01-27,510107.8758737419,13582.300472435782,0.026626329674230655,496525.57540130615,18,next_close
2026-01-28,528601.3014489983,13582.300472435782,0.025694791963629435,515019.0009765625,18,next_close
2026-01-29,528416.9315988396,13582.300472435782,0.02570375712856058,514834.6311264038,18,next_close
2026-01-30,506168.6160051201,13582.300472435782,0.026833549222455923,492586.3155326843,18,next_close
2026-02-02,518259.3590532731,3793.430273671016,0.007319559613164806,514465.92877960205,18,next_close
2026-02-03,528477.368101735,3793.430273671016,0.007178037325035948,524683.937828064,18,next_close
2026-02-04,501014.64300407877,3793.430273671016,0.007571495816820136,497221.2127304077,18,next_close
2026-02-05,496937.2806307267,3793.430273671016,0.007633619817889872,493143.85035705566,18,next_close
2026-02-06,525635.9543138932,3793.430273671016,0.007216839416212573,521842.52404022217,18,next_close
2026-02-09,531412.1801287126,3793.430273671016,0.007138395421708654,527618.7498550415,18,next_close
2026-02-10,519205.9674364518,3793.430273671016,0.007306214703965845,515412.53716278076,18,next_close
2026-02-11,535406.6548983048,3793.430273671016,0.00708513844377138,531613.2246246338,18,next_close
2026-02-12,526115.8658052873,3793.430273671016,0.007210256371692362,522322.4355316162,18,next_close
2026-02-13,527190.0527330827,3793.430273671016,0.0071955649656228185,523396.6224594116,18,next_close
2026-02-17,526013.4242159318,3793.430273671016,0.0072116605756316005,522219.99394226074,18,next_close
2026-02-18,537438.656950612,3793.430273671016,0.007058350240741269,533645.2266769409,18,next_close
2026-02-19,536151.1101519059,3793.430273671016,0.007075300604331931,532357.6798782349,18,next_close
2026-02-20,542519.0652986955,3793.430273671016,0.006992252468735752,538725.6350250244,18,next_close
2026-02-23,540087.8000475358,3793.430273671016,0.007023728870263571,536294.3697738647,18,next_close
2026-02-24,542755.5005175065,3793.430273671016,0.006989206502843465,538962.0702438354,18,next_close
2026-02-25,553792.4623323869,3793.430273671016,0.006849913156445591,549999.0320587158,18,next_close
2026-02-26,538527.5871874284,3793.430273671016,0.007044077896701615,534734.1569137573,18,next_close
2026-02-27,533271.4026247453,3793.430273671016,0.007113507784216199,529477.9723510742,18,next_close
2026-03-02,536603.631144738,5450.399356102789,0.01015721668613281,531153.2317886353,18,next_close
2026-03-03,507714.22822878347,5450.399356102789,0.010735171584844298,502263.82887268066,18,next_close
2026-03-04,519876.6515877007,5450.399356102789,0.010484024122755458,514426.2522315979,18,next_close
2026-03-05,501049.5687362908,5450.399356102789,0.010877964369572002,495599.169380188,18,next_close
2026-03-06,475709.3969871758,5450.399356102789,0.011457413687057608,470258.997631073,18,next_close
2026-03-09,501867.0831329583,5450.399356102789,0.010860244752610783,496416.68377685547,18,next_close
2026-03-10,512491.33526537404,5450.399356102789,0.010635105378475342,507040.93590927124,18,next_close
2026-03-11,517826.1662590264,5450.399356102789,0.010525538706316352,512375.7669029236,18,next_close
2026-03-12,502605.47128984914,5450.399356102789,0.01084428974104737,497155.07193374634,18,next_close
2026-03-13,508273.44980547414,5450.399356102789,0.010723360345083458,502823.05044937134,18,next_close
2026-03-16,522981.5900947808,5450.399356102789,0.010421780535553852,517531.190738678,18,next_close
2026-03-17,536433.1146118401,5450.399356102789,0.010160445370802037,530982.7152557373,18,next_close
2026-03-18,536842.7368385552,5450.399356102789,0.010152692738659309,531392.3374824524,18,next_close
2026-03-19,549438.0280678032,5450.399356102789,0.009919952893086214,543987.6287117004,18,next_close
2026-03-20,524096.6922905205,5450.399356102789,0.01039960647773272,518646.2929344177,18,next_close
2026-03-23,533462.8548042534,5450.399356102789,0.010217017561799565,528012.4554481506,18,next_close
2026-03-24,548935.0239021538,5450.399356102789,0.009929042817049889,543484.624546051,18,next_close
2026-03-25,549606.710013604,5450.399356102789,0.00991690832153028,544156.3106575012,18,next_close
2026-03-26,510950.88993761525,5450.399356102789,0.010667168730772262,505500.49058151245,18,next_close
2026-03-27,511948.7221901177,5450.399356102789,0.01064637749809389,506498.3228340149,18,next_close
2026-03-30,482779.4654762505,5450.399356102789,0.011289625482985486,477329.0661201477,18,next_close
2026-03-31,513850.0903618096,5450.399356102789,0.01060698335630355,508399.6910057068,18,next_close
2026-04-01,535907.181366229,266693.5968706845,0.49764885813021237,269213.58449554443,18,next_close
2026-04-02,538537.105987811,266693.5968706845,0.4952186096471516,271843.50911712646,18,next_close
2026-04-06,537256.4144594907,266693.5968706845,0.496399093045716,270562.81758880615,18,next_close
2026-04-07,540015.3504259824,266693.5968706845,0.4938629923395836,273321.75355529785,18,next_close
2026-04-08,557259.2227022885,266693.5968706845,0.4785808578948607,290565.625831604,18,next_close
2026-04-09,558226.5649874448,266693.5968706845,0.47775153243859464,291532.96811676025,18,next_close
2026-04-10,562147.3003313779,266693.5968706845,0.4744194212326064,295453.70346069336,18,next_close
2026-04-13,571077.6545794248,266693.5968706845,0.4670005816758727,304384.05770874023,18,next_close
2026-04-14,573253.702446246,266693.5968706845,0.46522786635763996,306560.1055755615,18,next_close
2026-04-15,569358.2398226499,266693.5968706845,0.46841088477749476,302664.64295196533,18,next_close
2026-04-16,572929.6514590024,266693.5968706845,0.46549100084370215,306236.0545883179,18,next_close
2026-04-17,576439.0189821958,266693.5968706845,0.4626570861590508,309745.42211151123,18,next_close
2026-04-20,575452.5630419492,266693.5968706845,0.46345018512193703,308758.96617126465,18,next_close
2026-04-21,574355.0796663999,266693.5968706845,0.46433575032641294,307661.48279571533,18,next_close
2026-04-22,582436.1379397153,266693.5968706845,0.45789328562969156,315742.54106903076,18,next_close
2026-04-23,582470.3608706235,266693.5968706845,0.4578663822002123,315776.76399993896,18,next_close
2026-04-24,587772.5432970761,266693.5968706845,0.4537360581266388,321078.9464263916,18,next_close
2026-04-27,587591.3070910214,266693.5968706845,0.45387600812374174,320897.7102203369,18,next_close
2026-04-28,576864.6404803037,266693.5968706845,0.4623157291260434,310171.04360961914,18,next_close
2026-04-29,578729.9890063046,266693.5968706845,0.46082560423143915,312036.3921356201,18,next_close
2026-04-30,591837.3294527768,266693.5968706845,0.4506197625575157,325143.7325820923,18,next_close
2026-05-01,594407.9783838033,9170.136686110338,0.015427344550529019,585237.8416976929,18,next_close
2026-05-04,604933.5104100942,9170.136686110338,0.015158916688040236,595763.3737239838,18,next_close
2026-05-05,629462.0055577992,9170.136686110338,0.014568213180689436,620291.8688716888,18,next_close
2026-05-06,636833.7414205312,9170.136686110338,0.01439957729886499,627663.6047344208,18,next_close
2026-05-07,603400.2350671529,9170.136686110338,0.015197436383314942,594230.0983810425,18,next_close
2026-05-08,631776.8651674031,9170.136686110338,0.014514834574831272,622606.7284812927,18,next_close
2026-05-11,649269.5150716542,9170.136686110338,0.014123775216981056,640099.3783855438,18,next_close
2026-05-12,628525.0659044026,9170.136686110338,0.01458992995436891,619354.9292182922,18,next_close
2026-05-13,644604.2267129659,9170.136686110338,0.014225995279105863,635434.0900268555,18,next_close
2026-05-14,641042.1798417806,9170.136686110338,0.014305044152279766,631872.0431556702,18,next_close
2026-05-15,623602.881273055,9170.136686110338,0.01470509030906007,614432.7445869446,18,next_close
2026-05-18,598851.9921052693,9170.136686110338,0.015312859950373786,589681.8554191589,18,next_close
2026-05-19,604700.1846444844,9170.136686110338,0.015164765811179053,595530.047958374,18,next_close
2026-05-20,622133.0976579427,9170.136686110338,0.014739830947158843,612962.9609718323,18,next_close
2026-05-21,643653.5942991017,9170.136686110338,0.014247006102865067,634483.4576129913,18,next_close
2026-05-22,643871.0459001302,9170.136686110338,0.014242194527151798,634700.9092140198,18,next_close
2026-05-26,680617.661697173,9170.136686110338,0.013473257016639694,671447.5250110626,18,next_close
2026-05-27,674403.705951476,9170.136686110338,0.013597399606772234,665233.5692653656,18,next_close
2026-05-28,675654.6268708943,9170.136686110338,0.013572225100535852,666484.4901847839,18,next_close
2026-05-29,681357.2905118703,9170.136686110338,0.013458631490126516,672187.1538257599,18,next_close
2026-06-01,697184.2748201131,9170.136686110338,0.013153103156947149,688014.1381340027,18,next_close
2026-06-02,741331.7996614217,9170.136686110338,0.01236981428598974,732161.6629753113,18,next_close
2026-06-03,758444.6712835073,9170.136686110338,0.012090712788042694,749274.5345973969,18,next_close
2026-06-04,738831.0229928731,9170.136686110338,0.012411683322343105,729660.8863067627,18,next_close
2026-06-05,666540.5247152089,9170.136686110338,0.013757808184323735,657370.3880290985,18,next_close
2026-06-08,695103.7925203084,9170.136686110338,0.013192471088182733,685933.655834198,18,next_close
2026-06-09,680118.5337331533,9170.136686110338,0.013483144821499999,670948.3970470428,18,next_close
2026-06-10,663536.8798043965,9170.136686110338,0.01382008591415988,654366.7431182861,18,next_close
2026-06-11,718386.2238843678,9170.136686110338,0.01276491166064784,709216.0871982574,18,next_close
2026-06-12,734912.3824174642,9170.136686110338,0.012477863899837351,725742.2457313538,18,next_close
2026-06-15,780399.038234496,9170.136686110338,0.01175057404844581,771228.9015483856,18,next_close
2026-06-16,746506.5343892812,9170.136686110338,0.012284067538152829,737336.3977031708,18,next_close
2026-06-17,752832.8673360585,9170.136686110338,0.012180839976553339,743662.7306499481,18,next_close
2026-06-18,793297.6041085958,9170.136686110338,0.01155951642689573,784127.4674224854,18,next_close
2026-06-22,811784.7736184835,9170.136686110338,0.011296265936641046,802614.636932373,18,next_close
